replica_id,seed,init_type,sequence,forcefield,skip_stage2,energy,rmsd_to_reference,rmsd_stage1,rmsd_stage2,rmsd_stage3,pred_e2e_A,pred_rg_A,ref_e2e_A,ref_rg_A,runtime_s,hw_backend,hw_shots,pdb_path,ca_pdb_path
378,313297145,random,YYDPETGTWY,amber,False,66.03060634955428,2.595562258062068,4.12699988859278,2.281032701658147,3.506361155266856,7.48279959478456,5.217927839515693,5.508595556037851,4.848916770784997,322.3,aer,4096,outputs/no_skip/slurm_YYDPETGTWY_amber/replica_378/replica_378.pdb,outputs/no_skip/slurm_YYDPETGTWY_amber/replica_378/replica_378_ca.pdb
64,313296831,random,YYDPETGTWY,amber,False,20.00191342013389,2.6833812864731796,3.4987114617851636,3.29995180967295,3.7358949319798227,10.770048627573107,5.251534314296353,5.508595556037851,4.848916770784997,264.33,aer,4096,outputs/no_skip/slurm_YYDPETGTWY_amber/replica_64/replica_64.pdb,outputs/no_skip/slurm_YYDPETGTWY_amber/replica_64/replica_64_ca.pdb
223,313296990,random,YYDPETGTWY,amber,False,-37.9038719966276,2.903974633888288,2.7248072307350464,3.3604822127985714,3.880580068886244,10.605638507584041,5.336238982275888,5.508595556037851,4.848916770784997,264.04,aer,4096,outputs/no_skip/slurm_YYDPETGTWY_amber/replica_223/replica_223.pdb,outputs/no_skip/slurm_YYDPETGTWY_amber/replica_223/replica_223_ca.pdb
159,313296926,random,YYDPETGTWY,amber,False,37.424208610631325,2.923719771899692,3.332806714701457,2.0184919503151515,4.7571722857600305,10.845818092843288,5.730491524937079,5.508595556037851,4.848916770784997,583.04,aer,4096,outputs/no_skip/slurm_YYDPETGTWY_amber/replica_159/replica_159.pdb,outputs/no_skip/slurm_YYDPETGTWY_amber/replica_159/replica_159_ca.pdb
127,313296894,random,YYDPETGTWY,amber,False,4.1479065401825705,3.024856190884395,2.397984163610211,3.7100448691123313,4.724538300240996,10.226913525091431,5.59320768609329,5.508595556037851,4.848916770784997,218.43,aer,4096,outputs/no_skip/slurm_YYDPETGTWY_amber/replica_127/replica_127.pdb,outputs/no_skip/slurm_YYDPETGTWY_amber/replica_127/replica_127_ca.pdb
396,313297163,random,YYDPETGTWY,amber,False,-61.58560122892854,3.132639522939775,2.8888412025933716,2.2158249581219307,2.942463210531573,11.448999738826732,5.236341417668651,5.508595556037851,4.848916770784997,476.99,aer,4096,outputs/no_skip/slurm_YYDPETGTWY_amber/replica_396/replica_396.pdb,outputs/no_skip/slurm_YYDPETGTWY_amber/replica_396/replica_396_ca.pdb
90,313296857,random,YYDPETGTWY,amber,False,15.925274318682712,3.1704685651079165,2.564905511704475,3.694815647825984,3.6456278492523357,13.696707020414769,5.619058040411097,5.508595556037851,4.848916770784997,286.13,aer,4096,outputs/no_skip/slurm_YYDPETGTWY_amber/replica_90/replica_90.pdb,outputs/no_skip/slurm_YYDPETGTWY_amber/replica_90/replica_90_ca.pdb
238,313297005,random,YYDPETGTWY,amber,False,38.15669778239362,3.172069682562984,3.376428989734089,3.356893322243872,2.8403344577540657,11.738463295109096,5.520701292538382,5.508595556037851,4.848916770784997,250.04,aer,4096,outputs/no_skip/slurm_YYDPETGTWY_amber/replica_238/replica_238.pdb,outputs/no_skip/slurm_YYDPETGTWY_amber/replica_238/replica_238_ca.pdb
145,313296912,random,YYDPETGTWY,amber,False,-62.23222438012645,3.4160681480466657,3.5804404470262527,3.0464222695143537,3.767998088097631,15.106358670026884,5.807532294406733,5.508595556037851,4.848916770784997,327.89,aer,4096,outputs/no_skip/slurm_YYDPETGTWY_amber/replica_145/replica_145.pdb,outputs/no_skip/slurm_YYDPETGTWY_amber/replica_145/replica_145_ca.pdb
310,313297077,random,YYDPETGTWY,amber,False,43.14627406188478,3.476233942083223,2.9212784042126425,3.5604393249644843,2.275943539738845,12.26440191312041,5.866486255607407,5.508595556037851,4.848916770784997,414.45,aer,4096,outputs/no_skip/slurm_YYDPETGTWY_amber/replica_310/replica_310.pdb,outputs/no_skip/slurm_YYDPETGTWY_amber/replica_310/replica_310_ca.pdb
210,313296977,random,YYDPETGTWY,amber,False,1.5878297142686586,3.6168995821959045,3.036324217266347,2.9624357817466787,2.8365866493445497,15.5499932947452,6.037699500819731,5.508595556037851,4.848916770784997,228.25,aer,4096,outputs/no_skip/slurm_YYDPETGTWY_amber/replica_210/replica_210.pdb,outputs/no_skip/slurm_YYDPETGTWY_amber/replica_210/replica_210_ca.pdb
228,313296995,random,YYDPETGTWY,amber,False,45.662088655949624,3.617024245116547,3.531414984773493,2.8305631385708168,3.0140962101772266,15.041239155567775,5.992634564635197,5.508595556037851,4.848916770784997,278.15,aer,4096,outputs/no_skip/slurm_YYDPETGTWY_amber/replica_228/replica_228.pdb,outputs/no_skip/slurm_YYDPETGTWY_amber/replica_228/replica_228_ca.pdb
158,313296925,random,YYDPETGTWY,amber,False,56.34825079481012,3.619633754089502,2.5208057918966857,2.19224353446577,3.5479404305182065,12.612390619796143,5.928713623661561,5.508595556037851,4.848916770784997,327.07,aer,4096,outputs/no_skip/slurm_YYDPETGTWY_amber/replica_158/replica_158.pdb,outputs/no_skip/slurm_YYDPETGTWY_amber/replica_158/replica_158_ca.pdb
365,313297132,random,YYDPETGTWY,amber,False,-49.48102274974009,3.621598310135932,4.037495247387587,2.9361775350244144,3.0371830934921897,13.924618697194152,5.717086994213382,5.508595556037851,4.848916770784997,284.99,aer,4096,outputs/no_skip/slurm_YYDPETGTWY_amber/replica_365/replica_365.pdb,outputs/no_skip/slurm_YYDPETGTWY_amber/replica_365/replica_365_ca.pdb
345,313297112,random,YYDPETGTWY,amber,False,29.206529058873645,3.7770431143218857,3.2961983827268555,3.190773948590587,1.9315663014531064,13.206381517132792,6.035548194647931,5.508595556037851,4.848916770784997,323.4,aer,4096,outputs/no_skip/slurm_YYDPETGTWY_amber/replica_345/replica_345.pdb,outputs/no_skip/slurm_YYDPETGTWY_amber/replica_345/replica_345_ca.pdb
165,313296932,random,YYDPETGTWY,amber,False,-9.914880199807353,3.8939140750130674,3.7870615648061356,2.8321267705727458,3.5465555976475267,12.44459354734775,6.0604987138310795,5.508595556037851,4.848916770784997,234.07,aer,4096,outputs/no_skip/slurm_YYDPETGTWY_amber/replica_165/replica_165.pdb,outputs/no_skip/slurm_YYDPETGTWY_amber/replica_165/replica_165_ca.pdb
188,313296955,random,YYDPETGTWY,amber,False,-75.8850788628068,3.9590729198600347,2.978592733255406,3.6753508499456964,3.391363688930288,14.616724874753178,6.165197508481663,5.508595556037851,4.848916770784997,280.33,aer,4096,outputs/no_skip/slurm_YYDPETGTWY_amber/replica_188/replica_188.pdb,outputs/no_skip/slurm_YYDPETGTWY_amber/replica_188/replica_188_ca.pdb
83,313296850,random,YYDPETGTWY,amber,False,-26.25796869162179,3.9681891113718497,2.1911883923246593,2.631620087932889,3.584796241670863,16.2588575819199,6.226979053745417,5.508595556037851,4.848916770784997,265.88,aer,4096,outputs/no_skip/slurm_YYDPETGTWY_amber/replica_83/replica_83.pdb,outputs/no_skip/slurm_YYDPETGTWY_amber/replica_83/replica_83_ca.pdb
61,313296828,random,YYDPETGTWY,amber,False,-19.905190229866196,3.973291943495044,2.2550115567036846,3.003385342394195,3.680769068548628,16.79520010198697,6.11468221898729,5.508595556037851,4.848916770784997,312.15,aer,4096,outputs/no_skip/slurm_YYDPETGTWY_amber/replica_61/replica_61.pdb,outputs/no_skip/slurm_YYDPETGTWY_amber/replica_61/replica_61_ca.pdb
124,313296891,random,YYDPETGTWY,amber,False,-82.74996366938245,4.018405182560651,3.1756664704688955,3.2284573876534055,3.8306945156470675,16.128402643024568,6.138902340731543,5.508595556037851,4.848916770784997,229.18,aer,4096,outputs/no_skip/slurm_YYDPETGTWY_amber/replica_124/replica_124.pdb,outputs/no_skip/slurm_YYDPETGTWY_amber/replica_124/replica_124_ca.pdb
302,313297069,random,YYDPETGTWY,amber,False,-3.4049574892983823,4.063282038591618,2.6959618725617926,3.311963290935038,2.9562046597365406,16.22952300374732,6.135457461485876,5.508595556037851,4.848916770784997,266.58,aer,4096,outputs/no_skip/slurm_YYDPETGTWY_amber/replica_302/replica_302.pdb,outputs/no_skip/slurm_YYDPETGTWY_amber/replica_302/replica_302_ca.pdb
281,313297048,random,YYDPETGTWY,amber,False,-31.602614756747116,4.0836188249055025,4.189593919467027,3.6562210153953902,2.4084706033838206,14.556244074932678,6.196107224690861,5.508595556037851,4.848916770784997,227.09,aer,4096,outputs/no_skip/slurm_YYDPETGTWY_amber/replica_281/replica_281.pdb,outputs/no_skip/slurm_YYDPETGTWY_amber/replica_281/replica_281_ca.pdb
122,313296889,random,YYDPETGTWY,amber,False,-8.94598652612296,4.0885530460964485,3.476204574683523,2.297914217807335,2.735563692724283,17.615610287739504,6.1482893582913425,5.508595556037851,4.848916770784997,379.74,aer,4096,outputs/no_skip/slurm_YYDPETGTWY_amber/replica_122/replica_122.pdb,outputs/no_skip/slurm_YYDPETGTWY_amber/replica_122/replica_122_ca.pdb
157,313296924,random,YYDPETGTWY,amber,False,11.868794217358534,4.212104395123852,3.569314283921408,4.020021403539278,3.268335032283568,15.416879757726416,5.954199383722718,5.508595556037851,4.848916770784997,258.47,aer,4096,outputs/no_skip/slurm_YYDPETGTWY_amber/replica_157/replica_157.pdb,outputs/no_skip/slurm_YYDPETGTWY_amber/replica_157/replica_157_ca.pdb
237,313297004,random,YYDPETGTWY,amber,False,-58.074950401801715,4.220696735521227,3.5709478749398915,2.3949663491538087,2.9141041525137186,14.416962390093602,6.563413492061468,5.508595556037851,4.848916770784997,305.55,aer,4096,outputs/no_skip/slurm_YYDPETGTWY_amber/replica_237/replica_237.pdb,outputs/no_skip/slurm_YYDPETGTWY_amber/replica_237/replica_237_ca.pdb
276,313297043,random,YYDPETGTWY,amber,False,-52.41737655149134,4.228863099421167,3.2145595164298655,4.140080113749213,2.443845555945522,15.352701550106909,5.922111307186077,5.508595556037851,4.848916770784997,237.91,aer,4096,outputs/no_skip/slurm_YYDPETGTWY_amber/replica_276/replica_276.pdb,outputs/no_skip/slurm_YYDPETGTWY_amber/replica_276/replica_276_ca.pdb
218,313296985,random,YYDPETGTWY,amber,False,-20.824289739252706,4.25925139579927,3.8421329089302754,3.835501571398684,2.988707781975562,15.960179757088452,6.24343981087213,5.508595556037851,4.848916770784997,396.17,aer,4096,outputs/no_skip/slurm_YYDPETGTWY_amber/replica_218/replica_218.pdb,outputs/no_skip/slurm_YYDPETGTWY_amber/replica_218/replica_218_ca.pdb
178,313296945,random,YYDPETGTWY,amber,False,-44.51949220173963,4.305329034612013,3.2191419405635973,2.960787187085704,3.9787758793805534,16.42137491828799,6.208103220758945,5.508595556037851,4.848916770784997,353.62,aer,4096,outputs/no_skip/slurm_YYDPETGTWY_amber/replica_178/replica_178.pdb,outputs/no_skip/slurm_YYDPETGTWY_amber/replica_178/replica_178_ca.pdb
275,313297042,random,YYDPETGTWY,amber,False,8.337961112905923,4.335231618618426,2.969612568268721,3.884078406245794,4.0510620385066245,16.28039895951984,6.56372450337499,5.508595556037851,4.848916770784997,245.73,aer,4096,outputs/no_skip/slurm_YYDPETGTWY_amber/replica_275/replica_275.pdb,outputs/no_skip/slurm_YYDPETGTWY_amber/replica_275/replica_275_ca.pdb
129,313296896,random,YYDPETGTWY,amber,False,47.79599835435553,4.343383669055158,2.557496597409734,3.261990339028229,3.1330236324375362,16.59886450325015,6.135703983702622,5.508595556037851,4.848916770784997,278.22,aer,4096,outputs/no_skip/slurm_YYDPETGTWY_amber/replica_129/replica_129.pdb,outputs/no_skip/slurm_YYDPETGTWY_amber/replica_129/replica_129_ca.pdb
48,313296815,random,YYDPETGTWY,amber,False,-24.024283654046744,4.345342912841301,4.131621110495066,3.1403104960174617,3.3927329990902932,16.92304698994084,6.3415925755366835,5.508595556037851,4.848916770784997,314.04,aer,4096,outputs/no_skip/slurm_YYDPETGTWY_amber/replica_48/replica_48.pdb,outputs/no_skip/slurm_YYDPETGTWY_amber/replica_48/replica_48_ca.pdb
74,313296841,random,YYDPETGTWY,amber,False,-67.57073163231134,4.3928247894805,3.709898482917908,2.715710874799918,3.7540058970171204,17.03831867272799,6.0554623402402985,5.508595556037851,4.848916770784997,263.34,aer,4096,outputs/no_skip/slurm_YYDPETGTWY_amber/replica_74/replica_74.pdb,outputs/no_skip/slurm_YYDPETGTWY_amber/replica_74/replica_74_ca.pdb
222,313296989,random,YYDPETGTWY,amber,False,17.528103477024754,4.394536022471626,2.295663976938154,2.487605215771867,3.2917730854999694,16.708358653144465,6.679364544540751,5.508595556037851,4.848916770784997,329.02,aer,4096,outputs/no_skip/slurm_YYDPETGTWY_amber/replica_222/replica_222.pdb,outputs/no_skip/slurm_YYDPETGTWY_amber/replica_222/replica_222_ca.pdb
9,313296776,random,YYDPETGTWY,amber,False,-8.826757579306872,4.470272924858443,2.8488975737556257,2.8278885179443307,4.172028513072729,17.821588653794716,6.489098576478088,5.508595556037851,4.848916770784997,218.97,aer,4096,outputs/no_skip/slurm_YYDPETGTWY_amber/replica_9/replica_9.pdb,outputs/no_skip/slurm_YYDPETGTWY_amber/replica_9/replica_9_ca.pdb
224,313296991,random,YYDPETGTWY,amber,False,-19.804016629567286,4.4960837573457155,2.3330892764627422,3.8050786685427234,3.603411701704224,16.25157724576321,6.440473790566984,5.508595556037851,4.848916770784997,216.88,aer,4096,outputs/no_skip/slurm_YYDPETGTWY_amber/replica_224/replica_224.pdb,outputs/no_skip/slurm_YYDPETGTWY_amber/replica_224/replica_224_ca.pdb
348,313297115,random,YYDPETGTWY,amber,False,109.19856097211138,4.512565989059812,3.3435437884739696,3.3278787056143253,2.6202148432498125,15.653978173097643,6.3532397853878235,5.508595556037851,4.848916770784997,266.55,aer,4096,outputs/no_skip/slurm_YYDPETGTWY_amber/replica_348/replica_348.pdb,outputs/no_skip/slurm_YYDPETGTWY_amber/replica_348/replica_348_ca.pdb
118,313296885,random,YYDPETGTWY,amber,False,83.99811854430826,4.526625465026812,2.986034975972395,3.8400885971171537,2.386187987066118,17.702376980839936,6.651274471513437,5.508595556037851,4.848916770784997,511.28,aer,4096,outputs/no_skip/slurm_YYDPETGTWY_amber/replica_118/replica_118.pdb,outputs/no_skip/slurm_YYDPETGTWY_amber/replica_118/replica_118_ca.pdb
326,313297093,random,YYDPETGTWY,amber,False,418.59739823021266,4.544459313739048,4.057647490907697,3.2101829813467204,2.029330976493474,17.28913400214352,6.178791253115987,5.508595556037851,4.848916770784997,210.66,aer,4096,outputs/no_skip/slurm_YYDPETGTWY_amber/replica_326/replica_326.pdb,outputs/no_skip/slurm_YYDPETGTWY_amber/replica_326/replica_326_ca.pdb
123,313296890,random,YYDPETGTWY,amber,False,19.88018345358843,4.545039401736336,2.4035007535485087,3.376045694953254,3.778311093449868,18.686046417540126,6.774349569251316,5.508595556037851,4.848916770784997,255.43,aer,4096,outputs/no_skip/slurm_YYDPETGTWY_amber/replica_123/replica_123.pdb,outputs/no_skip/slurm_YYDPETGTWY_amber/replica_123/replica_123_ca.pdb
11,313296778,random,YYDPETGTWY,amber,False,-18.175937649839128,4.566322061436809,2.6125015731164805,3.234260430647894,2.30776240866697,17.59860115802349,6.320623141779759,5.508595556037851,4.848916770784997,252.67,aer,4096,outputs/no_skip/slurm_YYDPETGTWY_amber/replica_11/replica_11.pdb,outputs/no_skip/slurm_YYDPETGTWY_amber/replica_11/replica_11_ca.pdb
0,313296767,random,YYDPETGTWY,amber,False,71.36820573675217,4.579057870840227,2.8287582767177373,2.5806398848343686,3.7668128234847904,16.782136231711664,6.596576987311331,5.508595556037851,4.848916770784997,274.68,aer,4096,outputs/no_skip/slurm_YYDPETGTWY_amber/replica_0/replica_0.pdb,outputs/no_skip/slurm_YYDPETGTWY_amber/replica_0/replica_0_ca.pdb
70,313296837,random,YYDPETGTWY,amber,False,-45.17587410152108,4.61927344751155,2.7764104424971103,2.451443019415277,3.3247187572184442,17.38137825658251,6.327530429736219,5.508595556037851,4.848916770784997,251.36,aer,4096,outputs/no_skip/slurm_YYDPETGTWY_amber/replica_70/replica_70.pdb,outputs/no_skip/slurm_YYDPETGTWY_amber/replica_70/replica_70_ca.pdb
109,313296876,random,YYDPETGTWY,amber,False,-35.342038003986104,4.620515201594083,2.848399734135829,2.668196482000087,3.45192225094556,16.290230358050987,6.252026532652687,5.508595556037851,4.848916770784997,423.55,aer,4096,outputs/no_skip/slurm_YYDPETGTWY_amber/replica_109/replica_109.pdb,outputs/no_skip/slurm_YYDPETGTWY_amber/replica_109/replica_109_ca.pdb
174,313296941,random,YYDPETGTWY,amber,False,-10.691545819189558,4.620883696324374,3.6365104772579775,3.151922794850392,2.958782854224128,17.89522995456065,6.384184578514437,5.508595556037851,4.848916770784997,382.43,aer,4096,outputs/no_skip/slurm_YYDPETGTWY_amber/replica_174/replica_174.pdb,outputs/no_skip/slurm_YYDPETGTWY_amber/replica_174/replica_174_ca.pdb
358,313297125,random,YYDPETGTWY,amber,False,19.656016820930535,4.64143008024389,2.3052619231917317,3.529695129172135,3.019570234761083,17.334999813927976,6.395882211934693,5.508595556037851,4.848916770784997,297.66,aer,4096,outputs/no_skip/slurm_YYDPETGTWY_amber/replica_358/replica_358.pdb,outputs/no_skip/slurm_YYDPETGTWY_amber/replica_358/replica_358_ca.pdb
96,313296863,random,YYDPETGTWY,amber,False,-43.75095148648872,4.668658216680531,3.4642264305490973,2.852603800738002,2.5085715897290295,17.812151741604346,6.574047566330655,5.508595556037851,4.848916770784997,251.43,aer,4096,outputs/no_skip/slurm_YYDPETGTWY_amber/replica_96/replica_96.pdb,outputs/no_skip/slurm_YYDPETGTWY_amber/replica_96/replica_96_ca.pdb
213,313296980,random,YYDPETGTWY,amber,False,55.233821398639485,4.70193034106514,3.167615509021719,2.694289781519171,3.1756941333606408,17.34134354018164,6.040206334360078,5.508595556037851,4.848916770784997,280.31,aer,4096,outputs/no_skip/slurm_YYDPETGTWY_amber/replica_213/replica_213.pdb,outputs/no_skip/slurm_YYDPETGTWY_amber/replica_213/replica_213_ca.pdb
44,313296811,random,YYDPETGTWY,amber,False,-15.370112239654429,4.708267045462135,3.8071605591158275,2.9011114862018834,2.888640572514086,17.17877800116517,6.484412571611843,5.508595556037851,4.848916770784997,273.37,aer,4096,outputs/no_skip/slurm_YYDPETGTWY_amber/replica_44/replica_44.pdb,outputs/no_skip/slurm_YYDPETGTWY_amber/replica_44/replica_44_ca.pdb
314,313297081,random,YYDPETGTWY,amber,False,-14.598830071261567,4.726272924867308,3.1979227066069584,2.4771427868126485,3.805722554106233,15.522027092100574,6.665520102871262,5.508595556037851,4.848916770784997,254.48,aer,4096,outputs/no_skip/slurm_YYDPETGTWY_amber/replica_314/replica_314.pdb,outputs/no_skip/slurm_YYDPETGTWY_amber/replica_314/replica_314_ca.pdb
189,313296956,random,YYDPETGTWY,amber,False,-12.204463709320619,4.764442179397595,2.9051048554650265,1.8820167729766397,2.6864970059809705,18.91615086410125,6.626823062936045,5.508595556037851,4.848916770784997,240.11,aer,4096,outputs/no_skip/slurm_YYDPETGTWY_amber/replica_189/replica_189.pdb,outputs/no_skip/slurm_YYDPETGTWY_amber/replica_189/replica_189_ca.pdb
244,313297011,random,YYDPETGTWY,amber,False,62.91277013515172,4.775992953483187,2.9779140947229523,3.133870925195671,2.616422909825232,16.06708212877795,6.389358336005413,5.508595556037851,4.848916770784997,348.44,aer,4096,outputs/no_skip/slurm_YYDPETGTWY_amber/replica_244/replica_244.pdb,outputs/no_skip/slurm_YYDPETGTWY_amber/replica_244/replica_244_ca.pdb
85,313296852,random,YYDPETGTWY,amber,False,102.09410811219053,4.785052243841981,2.994958847888525,3.679325911012687,3.5682028518510043,18.72050337537869,6.737335445249109,5.508595556037851,4.848916770784997,228.26,aer,4096,outputs/no_skip/slurm_YYDPETGTWY_amber/replica_85/replica_85.pdb,outputs/no_skip/slurm_YYDPETGTWY_amber/replica_85/replica_85_ca.pdb
257,313297024,random,YYDPETGTWY,amber,False,63.61344091306617,4.801392642901273,3.3913159913354063,3.6616302127619136,2.853375951306035,17.856229012193335,6.510790137591548,5.508595556037851,4.848916770784997,170.93,aer,4096,outputs/no_skip/slurm_YYDPETGTWY_amber/replica_257/replica_257.pdb,outputs/no_skip/slurm_YYDPETGTWY_amber/replica_257/replica_257_ca.pdb
163,313296930,random,YYDPETGTWY,amber,False,-20.712759331140553,4.817778589423615,3.2064948621039817,2.572155222093901,3.1929233131526873,18.043866202373483,6.801404957327033,5.508595556037851,4.848916770784997,238.51,aer,4096,outputs/no_skip/slurm_YYDPETGTWY_amber/replica_163/replica_163.pdb,outputs/no_skip/slurm_YYDPETGTWY_amber/replica_163/replica_163_ca.pdb
279,313297046,random,YYDPETGTWY,amber,False,-41.1512292625565,4.82467951306949,3.174954267820377,2.1872824765473893,4.155753355760306,19.0183303203532,6.48670811977912,5.508595556037851,4.848916770784997,414.82,aer,4096,outputs/no_skip/slurm_YYDPETGTWY_amber/replica_279/replica_279.pdb,outputs/no_skip/slurm_YYDPETGTWY_amber/replica_279/replica_279_ca.pdb
3,313296770,random,YYDPETGTWY,amber,False,-8.744782831709509,4.825273815613475,2.438013544365148,2.1276035907422273,3.6569091333831576,19.27073938528517,6.648478219142737,5.508595556037851,4.848916770784997,244.62,aer,4096,outputs/no_skip/slurm_YYDPETGTWY_amber/replica_3/replica_3.pdb,outputs/no_skip/slurm_YYDPETGTWY_amber/replica_3/replica_3_ca.pdb
318,313297085,random,YYDPETGTWY,amber,False,-16.37220450139138,4.830006976545606,2.2603985583147974,3.4712499364933156,2.5206554378237227,18.055571319476893,6.508346575089122,5.508595556037851,4.848916770784997,256.98,aer,4096,outputs/no_skip/slurm_YYDPETGTWY_amber/replica_318/replica_318.pdb,outputs/no_skip/slurm_YYDPETGTWY_amber/replica_318/replica_318_ca.pdb
195,313296962,random,YYDPETGTWY,amber,False,-56.76036940795798,4.838702166635997,2.4543852699672497,3.244712127634285,2.749484984416062,19.19945870078932,6.6539801848721,5.508595556037851,4.848916770784997,252.62,aer,4096,outputs/no_skip/slurm_YYDPETGTWY_amber/replica_195/replica_195.pdb,outputs/no_skip/slurm_YYDPETGTWY_amber/replica_195/replica_195_ca.pdb
45,313296812,random,YYDPETGTWY,amber,False,823.166065347087,4.8678472428871595,3.726324324427088,4.4968157943291045,3.7064317165941008,17.98131683542773,6.694812164313959,5.508595556037851,4.848916770784997,227.46,aer,4096,outputs/no_skip/slurm_YYDPETGTWY_amber/replica_45/replica_45.pdb,outputs/no_skip/slurm_YYDPETGTWY_amber/replica_45/replica_45_ca.pdb
140,313296907,random,YYDPETGTWY,amber,False,-101.44029765078137,4.876378679836904,2.320799901798183,3.2839388859417893,4.139209681871806,18.46002157030185,6.971150815408975,5.508595556037851,4.848916770784997,219.51,aer,4096,outputs/no_skip/slurm_YYDPETGTWY_amber/replica_140/replica_140.pdb,outputs/no_skip/slurm_YYDPETGTWY_amber/replica_140/replica_140_ca.pdb
268,313297035,random,YYDPETGTWY,amber,False,-48.054017670667875,4.881551902585052,2.5738531260035566,2.3237768026331924,3.1348988762223544,15.449116728682814,6.499632191224544,5.508595556037851,4.848916770784997,333.05,aer,4096,outputs/no_skip/slurm_YYDPETGTWY_amber/replica_268/replica_268.pdb,outputs/no_skip/slurm_YYDPETGTWY_amber/replica_268/replica_268_ca.pdb
359,313297126,random,YYDPETGTWY,amber,False,28.808648713860197,4.900528398011562,3.2061232723198936,2.837380153914944,3.228263842323942,17.549213528830155,6.442587989261337,5.508595556037851,4.848916770784997,190.07,aer,4096,outputs/no_skip/slurm_YYDPETGTWY_amber/replica_359/replica_359.pdb,outputs/no_skip/slurm_YYDPETGTWY_amber/replica_359/replica_359_ca.pdb
181,313296948,random,YYDPETGTWY,amber,False,65.77524632737472,4.9088498938207845,3.827799880476205,3.4061374460964946,3.980161057258949,17.516868715824085,6.6746767134847405,5.508595556037851,4.848916770784997,216.45,aer,4096,outputs/no_skip/slurm_YYDPETGTWY_amber/replica_181/replica_181.pdb,outputs/no_skip/slurm_YYDPETGTWY_amber/replica_181/replica_181_ca.pdb
185,313296952,random,YYDPETGTWY,amber,False,-7.952262982503688,4.911551138731693,3.6774455627543334,3.7030477459921514,3.0087974297624074,18.260704113644923,6.6652557141172,5.508595556037851,4.848916770784997,309.85,aer,4096,outputs/no_skip/slurm_YYDPETGTWY_amber/replica_185/replica_185.pdb,outputs/no_skip/slurm_YYDPETGTWY_amber/replica_185/replica_185_ca.pdb
32,313296799,random,YYDPETGTWY,amber,False,-16.582500473374132,4.913449182154549,2.253846845942387,3.077246794501488,3.395176958200281,17.22793541066239,6.648552407842762,5.508595556037851,4.848916770784997,252.58,aer,4096,outputs/no_skip/slurm_YYDPETGTWY_amber/replica_32/replica_32.pdb,outputs/no_skip/slurm_YYDPETGTWY_amber/replica_32/replica_32_ca.pdb
307,313297074,random,YYDPETGTWY,amber,False,-14.750978679713384,4.915313327513481,3.6323294218943403,3.6940382802614136,3.7842820813332247,18.648893359463163,6.660483642014585,5.508595556037851,4.848916770784997,231.59,aer,4096,outputs/no_skip/slurm_YYDPETGTWY_amber/replica_307/replica_307.pdb,outputs/no_skip/slurm_YYDPETGTWY_amber/replica_307/replica_307_ca.pdb
67,313296834,random,YYDPETGTWY,amber,False,-62.642643656333384,4.915537531495332,4.376208174926396,3.932394357361251,3.147326276439993,16.346086376432183,6.682982910260622,5.508595556037851,4.848916770784997,302.55,aer,4096,outputs/no_skip/slurm_YYDPETGTWY_amber/replica_67/replica_67.pdb,outputs/no_skip/slurm_YYDPETGTWY_amber/replica_67/replica_67_ca.pdb
360,313297127,random,YYDPETGTWY,amber,False,54.807984047765295,4.932186491238596,3.6321892621318206,2.4679345886683244,2.502421910586751,19.413131937204394,6.656556355182135,5.508595556037851,4.848916770784997,194.48,aer,4096,outputs/no_skip/slurm_YYDPETGTWY_amber/replica_360/replica_360.pdb,outputs/no_skip/slurm_YYDPETGTWY_amber/replica_360/replica_360_ca.pdb
383,313297150,random,YYDPETGTWY,amber,False,372.6075913136857,4.945039618797224,2.7209127275093166,4.034416977687642,2.5708355459303314,18.626879080191372,6.855819697136079,5.508595556037851,4.848916770784997,146.09,aer,4096,outputs/no_skip/slurm_YYDPETGTWY_amber/replica_383/replica_383.pdb,outputs/no_skip/slurm_YYDPETGTWY_amber/replica_383/replica_383_ca.pdb
130,313296897,random,YYDPETGTWY,amber,False,-2.1718118300641014,4.949866804793043,2.8730011980020587,3.2699210749642336,2.9328677464426645,15.326416256578268,6.510291564436497,5.508595556037851,4.848916770784997,250.69,aer,4096,outputs/no_skip/slurm_YYDPETGTWY_amber/replica_130/replica_130.pdb,outputs/no_skip/slurm_YYDPETGTWY_amber/replica_130/replica_130_ca.pdb
164,313296931,random,YYDPETGTWY,amber,False,82.4165645823852,4.955579864950844,2.646877403700202,2.9392899164431103,2.7346807760400385,18.409806892175123,6.846669029287154,5.508595556037851,4.848916770784997,266.26,aer,4096,outputs/no_skip/slurm_YYDPETGTWY_amber/replica_164/replica_164.pdb,outputs/no_skip/slurm_YYDPETGTWY_amber/replica_164/replica_164_ca.pdb
105,313296872,random,YYDPETGTWY,amber,False,163.4893412830661,4.968701694089945,3.015845194080257,3.050106716085592,3.370933115059101,18.476102259773093,6.576527804374625,5.508595556037851,4.848916770784997,358.4,aer,4096,outputs/no_skip/slurm_YYDPETGTWY_amber/replica_105/replica_105.pdb,outputs/no_skip/slurm_YYDPETGTWY_amber/replica_105/replica_105_ca.pdb
84,313296851,random,YYDPETGTWY,amber,False,-26.486864775217278,4.975222683460289,3.0977335549305756,3.748063398330836,3.5467455497923006,17.429839677868802,6.985033250745835,5.508595556037851,4.848916770784997,244.6,aer,4096,outputs/no_skip/slurm_YYDPETGTWY_amber/replica_84/replica_84.pdb,outputs/no_skip/slurm_YYDPETGTWY_amber/replica_84/replica_84_ca.pdb
35,313296802,random,YYDPETGTWY,amber,False,-13.53246063767146,4.986501755129277,3.2799701493309334,4.359519671684147,2.6685960762266827,18.87341790479475,6.772630888718549,5.508595556037851,4.848916770784997,331.07,aer,4096,outputs/no_skip/slurm_YYDPETGTWY_amber/replica_35/replica_35.pdb,outputs/no_skip/slurm_YYDPETGTWY_amber/replica_35/replica_35_ca.pdb
91,313296858,random,YYDPETGTWY,amber,False,51.379267038739144,4.98850910444407,3.8115711520572786,3.006520315050538,2.799285894661501,18.43811987517924,6.977869341672108,5.508595556037851,4.848916770784997,323.51,aer,4096,outputs/no_skip/slurm_YYDPETGTWY_amber/replica_91/replica_91.pdb,outputs/no_skip/slurm_YYDPETGTWY_amber/replica_91/replica_91_ca.pdb
152,313296919,random,YYDPETGTWY,amber,False,26.887282144354764,5.025515734839884,3.324686984515193,3.7644858359551656,2.5025721755210943,17.01729452533224,6.630110281055743,5.508595556037851,4.848916770784997,275.87,aer,4096,outputs/no_skip/slurm_YYDPETGTWY_amber/replica_152/replica_152.pdb,outputs/no_skip/slurm_YYDPETGTWY_amber/replica_152/replica_152_ca.pdb
399,313297166,random,YYDPETGTWY,amber,False,-7.333203377025625,5.040538506025501,4.21608578511063,3.558807708531458,2.8198992099035225,17.979768071229135,6.824676310425364,5.508595556037851,4.848916770784997,272.96,aer,4096,outputs/no_skip/slurm_YYDPETGTWY_amber/replica_399/replica_399.pdb,outputs/no_skip/slurm_YYDPETGTWY_amber/replica_399/replica_399_ca.pdb
17,313296784,random,YYDPETGTWY,amber,False,-12.64739310886446,5.0508002552500395,3.489425873043718,4.323894219299783,4.349945654687232,18.081777292098018,6.82496699451465,5.508595556037851,4.848916770784997,316.89,aer,4096,outputs/no_skip/slurm_YYDPETGTWY_amber/replica_17/replica_17.pdb,outputs/no_skip/slurm_YYDPETGTWY_amber/replica_17/replica_17_ca.pdb
390,313297157,random,YYDPETGTWY,amber,False,55.612604633697366,5.051945781615606,2.4993753051074745,2.860131428590258,3.0936858022135247,19.841152953406333,7.098247009795282,5.508595556037851,4.848916770784997,318.29,aer,4096,outputs/no_skip/slurm_YYDPETGTWY_amber/replica_390/replica_390.pdb,outputs/no_skip/slurm_YYDPETGTWY_amber/replica_390/replica_390_ca.pdb
51,313296818,random,YYDPETGTWY,amber,False,-42.20765865244376,5.0521740851787715,2.947971668144317,3.3920051381884746,3.621062167400145,17.5443592853481,6.343194031413776,5.508595556037851,4.848916770784997,298.65,aer,4096,outputs/no_skip/slurm_YYDPETGTWY_amber/replica_51/replica_51.pdb,outputs/no_skip/slurm_YYDPETGTWY_amber/replica_51/replica_51_ca.pdb
133,313296900,random,YYDPETGTWY,amber,False,-32.64870389591976,5.063056436025886,2.0257781221852444,2.610455057626701,3.506109216142213,19.662123569772135,6.730905695879411,5.508595556037851,4.848916770784997,257.8,aer,4096,outputs/no_skip/slurm_YYDPETGTWY_amber/replica_133/replica_133.pdb,outputs/no_skip/slurm_YYDPETGTWY_amber/replica_133/replica_133_ca.pdb
251,313297018,random,YYDPETGTWY,amber,False,42.71605566712652,5.065799897071648,3.32155384596317,4.215608175639758,3.263804993062746,17.956625232693888,6.798546289280923,5.508595556037851,4.848916770784997,376.21,aer,4096,outputs/no_skip/slurm_YYDPETGTWY_amber/replica_251/replica_251.pdb,outputs/no_skip/slurm_YYDPETGTWY_amber/replica_251/replica_251_ca.pdb
292,313297059,random,YYDPETGTWY,amber,False,-94.46275965771665,5.069674455717591,3.3893537971783867,3.066313037744219,3.3153275525815866,19.35692892119524,6.955270621922765,5.508595556037851,4.848916770784997,375.84,aer,4096,outputs/no_skip/slurm_YYDPETGTWY_amber/replica_292/replica_292.pdb,outputs/no_skip/slurm_YYDPETGTWY_amber/replica_292/replica_292_ca.pdb
179,313296946,random,YYDPETGTWY,amber,False,-16.204370959789955,5.084606577642131,2.915132095119255,3.3225215489431252,2.812582079174098,19.50528571503708,6.613122804606747,5.508595556037851,4.848916770784997,226.79,aer,4096,outputs/no_skip/slurm_YYDPETGTWY_amber/replica_179/replica_179.pdb,outputs/no_skip/slurm_YYDPETGTWY_amber/replica_179/replica_179_ca.pdb
88,313296855,random,YYDPETGTWY,amber,False,77.39153851004617,5.084919583193687,2.739559784703399,3.920590623805024,2.3143564499174114,17.362703648028283,6.885229306130534,5.508595556037851,4.848916770784997,305.78,aer,4096,outputs/no_skip/slurm_YYDPETGTWY_amber/replica_88/replica_88.pdb,outputs/no_skip/slurm_YYDPETGTWY_amber/replica_88/replica_88_ca.pdb
161,313296928,random,YYDPETGTWY,amber,False,-36.14144322471899,5.087943477832653,3.7295002040827105,2.349859783721723,3.556258651058294,15.15688077409602,6.33858237137369,5.508595556037851,4.848916770784997,232.49,aer,4096,outputs/no_skip/slurm_YYDPETGTWY_amber/replica_161/replica_161.pdb,outputs/no_skip/slurm_YYDPETGTWY_amber/replica_161/replica_161_ca.pdb
186,313296953,random,YYDPETGTWY,amber,False,-14.866070969312878,5.094408393652281,3.8531912674785365,3.189490780051067,3.1529594555230727,17.964567401328576,6.76892512241787,5.508595556037851,4.848916770784997,426.06,aer,4096,outputs/no_skip/slurm_YYDPETGTWY_amber/replica_186/replica_186.pdb,outputs/no_skip/slurm_YYDPETGTWY_amber/replica_186/replica_186_ca.pdb
265,313297032,random,YYDPETGTWY,amber,False,-132.56123862735922,5.100097690327953,2.860686777335706,2.564664393526394,2.3699350444495355,16.760894841205168,6.951196678473979,5.508595556037851,4.848916770784997,500.76,aer,4096,outputs/no_skip/slurm_YYDPETGTWY_amber/replica_265/replica_265.pdb,outputs/no_skip/slurm_YYDPETGTWY_amber/replica_265/replica_265_ca.pdb
254,313297021,random,YYDPETGTWY,amber,False,-12.027222299651518,5.107130672882262,3.8059736820345904,3.7985539171275957,3.9154443075989662,18.384535063051086,6.853938822179274,5.508595556037851,4.848916770784997,195.68,aer,4096,outputs/no_skip/slurm_YYDPETGTWY_amber/replica_254/replica_254.pdb,outputs/no_skip/slurm_YYDPETGTWY_amber/replica_254/replica_254_ca.pdb
225,313296992,random,YYDPETGTWY,amber,False,69.92377989922907,5.130284312114612,3.808715867951278,2.575238937206539,3.4336343745024074,18.881002796063324,7.0947641473103875,5.508595556037851,4.848916770784997,422.46,aer,4096,outputs/no_skip/slurm_YYDPETGTWY_amber/replica_225/replica_225.pdb,outputs/no_skip/slurm_YYDPETGTWY_amber/replica_225/replica_225_ca.pdb
197,313296964,random,YYDPETGTWY,amber,False,168.7038703256479,5.13298973622295,3.4685165865432896,3.0359845114829467,4.91901093283092,19.688557512232506,6.877600682015387,5.508595556037851,4.848916770784997,304.45,aer,4096,outputs/no_skip/slurm_YYDPETGTWY_amber/replica_197/replica_197.pdb,outputs/no_skip/slurm_YYDPETGTWY_amber/replica_197/replica_197_ca.pdb
28,313296795,random,YYDPETGTWY,amber,False,10.08837918213779,5.15349286774212,3.8145961770550723,3.7223406741122966,2.3586860955103113,18.847740427247025,7.172253513253332,5.508595556037851,4.848916770784997,272.8,aer,4096,outputs/no_skip/slurm_YYDPETGTWY_amber/replica_28/replica_28.pdb,outputs/no_skip/slurm_YYDPETGTWY_amber/replica_28/replica_28_ca.pdb
284,313297051,random,YYDPETGTWY,amber,False,72.17567345703601,5.168349246276855,3.148957379427306,3.006393054083618,2.8628691780628186,18.90536305605024,6.869611722616404,5.508595556037851,4.848916770784997,396.36,aer,4096,outputs/no_skip/slurm_YYDPETGTWY_amber/replica_284/replica_284.pdb,outputs/no_skip/slurm_YYDPETGTWY_amber/replica_284/replica_284_ca.pdb
271,313297038,random,YYDPETGTWY,amber,False,-13.289775342310497,5.170283482528439,3.029517923389093,2.728373788673941,3.2386309850596664,19.26967629296329,6.618200064907946,5.508595556037851,4.848916770784997,221.3,aer,4096,outputs/no_skip/slurm_YYDPETGTWY_amber/replica_271/replica_271.pdb,outputs/no_skip/slurm_YYDPETGTWY_amber/replica_271/replica_271_ca.pdb
110,313296877,random,YYDPETGTWY,amber,False,33.84473210107994,5.170491568378808,4.035203673389379,3.5024453180398094,2.7466905459601216,17.02305100714341,6.915401452146969,5.508595556037851,4.848916770784997,302.65,aer,4096,outputs/no_skip/slurm_YYDPETGTWY_amber/replica_110/replica_110.pdb,outputs/no_skip/slurm_YYDPETGTWY_amber/replica_110/replica_110_ca.pdb
41,313296808,random,YYDPETGTWY,amber,False,-57.60168691048621,5.180708095253559,4.278727591017944,3.396367435617014,2.7723639506847806,19.102945728856476,6.596382142285845,5.508595556037851,4.848916770784997,307.46,aer,4096,outputs/no_skip/slurm_YYDPETGTWY_amber/replica_41/replica_41.pdb,outputs/no_skip/slurm_YYDPETGTWY_amber/replica_41/replica_41_ca.pdb
49,313296816,random,YYDPETGTWY,amber,False,82.48472688386826,5.206941200786602,2.564731400498392,3.0366874077697616,2.667666690600761,16.652452333562394,6.401212416723104,5.508595556037851,4.848916770784997,280.0,aer,4096,outputs/no_skip/slurm_YYDPETGTWY_amber/replica_49/replica_49.pdb,outputs/no_skip/slurm_YYDPETGTWY_amber/replica_49/replica_49_ca.pdb
56,313296823,random,YYDPETGTWY,amber,False,10.459122835504298,5.24194106056612,2.799704356923517,3.600617197826213,3.3140284269868965,18.539155255408946,6.577650299977254,5.508595556037851,4.848916770784997,278.61,aer,4096,outputs/no_skip/slurm_YYDPETGTWY_amber/replica_56/replica_56.pdb,outputs/no_skip/slurm_YYDPETGTWY_amber/replica_56/replica_56_ca.pdb
65,313296832,random,YYDPETGTWY,amber,False,-36.57013938563722,5.245391344097128,3.298510751486396,3.241463812300906,2.2065599106424116,20.089836250749954,6.865731842038961,5.508595556037851,4.848916770784997,305.68,aer,4096,outputs/no_skip/slurm_YYDPETGTWY_amber/replica_65/replica_65.pdb,outputs/no_skip/slurm_YYDPETGTWY_amber/replica_65/replica_65_ca.pdb
156,313296923,random,YYDPETGTWY,amber,False,105.63529870793941,5.256532009665865,3.5100146808368513,3.8018552415981395,3.3252135148070354,20.83179805743934,7.118021770969058,5.508595556037851,4.848916770784997,218.32,aer,4096,outputs/no_skip/slurm_YYDPETGTWY_amber/replica_156/replica_156.pdb,outputs/no_skip/slurm_YYDPETGTWY_amber/replica_156/replica_156_ca.pdb
393,313297160,random,YYDPETGTWY,amber,False,64.60171382110819,5.260504942952081,3.6773919068388854,2.7025815135588007,3.789569094855194,19.876584484418693,7.026956443316879,5.508595556037851,4.848916770784997,288.58,aer,4096,outputs/no_skip/slurm_YYDPETGTWY_amber/replica_393/replica_393.pdb,outputs/no_skip/slurm_YYDPETGTWY_amber/replica_393/replica_393_ca.pdb
241,313297008,random,YYDPETGTWY,amber,False,-25.991261641385076,5.264822384102895,2.5074598870257314,3.084484811645801,2.949047728587017,19.692451095095915,6.851111381396095,5.508595556037851,4.848916770784997,373.5,aer,4096,outputs/no_skip/slurm_YYDPETGTWY_amber/replica_241/replica_241.pdb,outputs/no_skip/slurm_YYDPETGTWY_amber/replica_241/replica_241_ca.pdb
128,313296895,random,YYDPETGTWY,amber,False,188.42747262557796,5.287603030173955,2.3024217360084194,3.2631829387117253,3.3476422581838743,20.88475420581648,7.062621934586716,5.508595556037851,4.848916770784997,267.14,aer,4096,outputs/no_skip/slurm_YYDPETGTWY_amber/replica_128/replica_128.pdb,outputs/no_skip/slurm_YYDPETGTWY_amber/replica_128/replica_128_ca.pdb
353,313297120,random,YYDPETGTWY,amber,False,-18.25119353276116,5.299727419311461,1.891524442813345,3.1656719387514705,2.853006624156796,19.25361629335192,6.894967825774045,5.508595556037851,4.848916770784997,245.33,aer,4096,outputs/no_skip/slurm_YYDPETGTWY_amber/replica_353/replica_353.pdb,outputs/no_skip/slurm_YYDPETGTWY_amber/replica_353/replica_353_ca.pdb
13,313296780,random,YYDPETGTWY,amber,False,58.392460891301724,5.317026894186394,3.6143660851162864,2.567343582348242,2.6477179643875712,19.04430521358842,6.842735959245011,5.508595556037851,4.848916770784997,303.66,aer,4096,outputs/no_skip/slurm_YYDPETGTWY_amber/replica_13/replica_13.pdb,outputs/no_skip/slurm_YYDPETGTWY_amber/replica_13/replica_13_ca.pdb
72,313296839,random,YYDPETGTWY,amber,False,191.00929429128675,5.327832048347472,3.209118469262977,3.292731103578335,5.131337753849318,20.182666550614037,6.925713449420855,5.508595556037851,4.848916770784997,546.84,aer,4096,outputs/no_skip/slurm_YYDPETGTWY_amber/replica_72/replica_72.pdb,outputs/no_skip/slurm_YYDPETGTWY_amber/replica_72/replica_72_ca.pdb
334,313297101,random,YYDPETGTWY,amber,False,-69.58476199280815,5.3314373810717655,2.617361182353332,3.3191128372200343,3.432178183801763,18.551826444887777,6.358198947938158,5.508595556037851,4.848916770784997,396.29,aer,4096,outputs/no_skip/slurm_YYDPETGTWY_amber/replica_334/replica_334.pdb,outputs/no_skip/slurm_YYDPETGTWY_amber/replica_334/replica_334_ca.pdb
106,313296873,random,YYDPETGTWY,amber,False,6.589244025110399,5.3372419545638055,3.8901656932523774,2.686767267745165,2.8583480399616583,19.204327904288323,6.904692980885041,5.508595556037851,4.848916770784997,236.6,aer,4096,outputs/no_skip/slurm_YYDPETGTWY_amber/replica_106/replica_106.pdb,outputs/no_skip/slurm_YYDPETGTWY_amber/replica_106/replica_106_ca.pdb
341,313297108,random,YYDPETGTWY,amber,False,57.3918835141716,5.354829787548606,2.8425757628835115,3.7956519239406297,3.2908847747484025,18.914595226877847,6.831159871519938,5.508595556037851,4.848916770784997,284.34,aer,4096,outputs/no_skip/slurm_YYDPETGTWY_amber/replica_341/replica_341.pdb,outputs/no_skip/slurm_YYDPETGTWY_amber/replica_341/replica_341_ca.pdb
227,313296994,random,YYDPETGTWY,amber,False,5.7590649230540185,5.363139634429773,3.2390738395684195,2.564148794133088,3.070652658874987,20.539325310992464,6.734172124814278,5.508595556037851,4.848916770784997,267.71,aer,4096,outputs/no_skip/slurm_YYDPETGTWY_amber/replica_227/replica_227.pdb,outputs/no_skip/slurm_YYDPETGTWY_amber/replica_227/replica_227_ca.pdb
387,313297154,random,YYDPETGTWY,amber,False,14.88535137924166,5.3645120199769405,3.117731944492187,2.1889070015653918,3.031401513278076,19.200482562024423,6.58094776724511,5.508595556037851,4.848916770784997,228.93,aer,4096,outputs/no_skip/slurm_YYDPETGTWY_amber/replica_387/replica_387.pdb,outputs/no_skip/slurm_YYDPETGTWY_amber/replica_387/replica_387_ca.pdb
193,313296960,random,YYDPETGTWY,amber,False,20.84130650974597,5.373995003579078,2.5710129765949046,2.0609715765915997,3.3340735997319473,20.01896235515704,7.397283284145153,5.508595556037851,4.848916770784997,324.42,aer,4096,outputs/no_skip/slurm_YYDPETGTWY_amber/replica_193/replica_193.pdb,outputs/no_skip/slurm_YYDPETGTWY_amber/replica_193/replica_193_ca.pdb
46,313296813,random,YYDPETGTWY,amber,False,35.323175499535765,5.374638277490028,1.8710761901077129,3.510473766081657,2.7362952609965467,18.39321794865778,7.128178954788775,5.508595556037851,4.848916770784997,197.75,aer,4096,outputs/no_skip/slurm_YYDPETGTWY_amber/replica_46/replica_46.pdb,outputs/no_skip/slurm_YYDPETGTWY_amber/replica_46/replica_46_ca.pdb
79,313296846,random,YYDPETGTWY,amber,False,2.7121226625987926,5.391208630918082,1.8865911635593673,2.4564876644730425,2.451518871477001,17.854903929016935,7.021931660595199,5.508595556037851,4.848916770784997,267.8,aer,4096,outputs/no_skip/slurm_YYDPETGTWY_amber/replica_79/replica_79.pdb,outputs/no_skip/slurm_YYDPETGTWY_amber/replica_79/replica_79_ca.pdb
369,313297136,random,YYDPETGTWY,amber,False,29.31272802602983,5.393162303554102,2.9249050455011325,3.2698983297777837,3.1209123450305145,19.27667992078853,6.892091401691147,5.508595556037851,4.848916770784997,253.59,aer,4096,outputs/no_skip/slurm_YYDPETGTWY_amber/replica_369/replica_369.pdb,outputs/no_skip/slurm_YYDPETGTWY_amber/replica_369/replica_369_ca.pdb
332,313297099,random,YYDPETGTWY,amber,False,-34.858357692919945,5.393524529180774,3.365857375761431,2.888526662922487,2.8283690295701978,21.125110005529432,7.11613168774794,5.508595556037851,4.848916770784997,226.72,aer,4096,outputs/no_skip/slurm_YYDPETGTWY_amber/replica_332/replica_332.pdb,outputs/no_skip/slurm_YYDPETGTWY_amber/replica_332/replica_332_ca.pdb
333,313297100,random,YYDPETGTWY,amber,False,-9.590369113204995,5.394872186623051,3.3919373637027466,4.1244626239452735,2.5074339614218433,21.060476700005555,7.12505056109039,5.508595556037851,4.848916770784997,315.26,aer,4096,outputs/no_skip/slurm_YYDPETGTWY_amber/replica_333/replica_333.pdb,outputs/no_skip/slurm_YYDPETGTWY_amber/replica_333/replica_333_ca.pdb
331,313297098,random,YYDPETGTWY,amber,False,33.34156681907453,5.417300552873364,3.323353858336912,2.90124874678599,2.902573033189626,20.57693570845781,6.912771936584725,5.508595556037851,4.848916770784997,286.87,aer,4096,outputs/no_skip/slurm_YYDPETGTWY_amber/replica_331/replica_331.pdb,outputs/no_skip/slurm_YYDPETGTWY_amber/replica_331/replica_331_ca.pdb
112,313296879,random,YYDPETGTWY,amber,False,463.43790427397965,5.419174340847344,3.0860777221428273,3.245863506747831,3.606514789224866,19.69040163824322,6.895535609925752,5.508595556037851,4.848916770784997,199.93,aer,4096,outputs/no_skip/slurm_YYDPETGTWY_amber/replica_112/replica_112.pdb,outputs/no_skip/slurm_YYDPETGTWY_amber/replica_112/replica_112_ca.pdb
92,313296859,random,YYDPETGTWY,amber,False,97.53124972108881,5.428414986488055,3.1099207405230445,3.423761167395983,2.99765334807812,21.034101319932756,7.060623928739741,5.508595556037851,4.848916770784997,286.57,aer,4096,outputs/no_skip/slurm_YYDPETGTWY_amber/replica_92/replica_92.pdb,outputs/no_skip/slurm_YYDPETGTWY_amber/replica_92/replica_92_ca.pdb
66,313296833,random,YYDPETGTWY,amber,False,-19.26004195788539,5.428527325040304,2.762851153772993,3.41861384050881,3.236724459544606,20.577430102660685,6.691708739511622,5.508595556037851,4.848916770784997,267.77,aer,4096,outputs/no_skip/slurm_YYDPETGTWY_amber/replica_66/replica_66.pdb,outputs/no_skip/slurm_YYDPETGTWY_amber/replica_66/replica_66_ca.pdb
196,313296963,random,YYDPETGTWY,amber,False,-55.323504748824654,5.4290155021283955,2.590651552952984,2.9003808111993,3.8073812474181645,19.18229229544184,6.827674095454804,5.508595556037851,4.848916770784997,245.42,aer,4096,outputs/no_skip/slurm_YYDPETGTWY_amber/replica_196/replica_196.pdb,outputs/no_skip/slurm_YYDPETGTWY_amber/replica_196/replica_196_ca.pdb
289,313297056,random,YYDPETGTWY,amber,False,-50.98940400577749,5.440931745432934,3.725815827039469,4.540332325123943,3.219545019161476,19.71742690867849,7.031989162728723,5.508595556037851,4.848916770784997,257.13,aer,4096,outputs/no_skip/slurm_YYDPETGTWY_amber/replica_289/replica_289.pdb,outputs/no_skip/slurm_YYDPETGTWY_amber/replica_289/replica_289_ca.pdb
167,313296934,random,YYDPETGTWY,amber,False,-40.826439382053955,5.447235109172451,2.883153977285377,2.3262415114125,3.074335269755696,19.769480195632116,6.932028886710391,5.508595556037851,4.848916770784997,467.44,aer,4096,outputs/no_skip/slurm_YYDPETGTWY_amber/replica_167/replica_167.pdb,outputs/no_skip/slurm_YYDPETGTWY_amber/replica_167/replica_167_ca.pdb
24,313296791,random,YYDPETGTWY,amber,False,18.12019660185697,5.44750576546875,2.883646511000625,2.0765468868629036,3.431694266097127,20.635375243391376,6.789156198335689,5.508595556037851,4.848916770784997,252.41,aer,4096,outputs/no_skip/slurm_YYDPETGTWY_amber/replica_24/replica_24.pdb,outputs/no_skip/slurm_YYDPETGTWY_amber/replica_24/replica_24_ca.pdb
153,313296920,random,YYDPETGTWY,amber,False,-40.06135537273339,5.457620827585269,3.2208108861053253,3.3696219000475307,4.266039475034724,21.852392141878646,7.210879726584138,5.508595556037851,4.848916770784997,434.65,aer,4096,outputs/no_skip/slurm_YYDPETGTWY_amber/replica_153/replica_153.pdb,outputs/no_skip/slurm_YYDPETGTWY_amber/replica_153/replica_153_ca.pdb
162,313296929,random,YYDPETGTWY,amber,False,-7.266256648418266,5.465239715487492,3.9145890089989632,4.455355115576408,3.712992611600858,21.54521306446805,6.974588953713386,5.508595556037851,4.848916770784997,319.59,aer,4096,outputs/no_skip/slurm_YYDPETGTWY_amber/replica_162/replica_162.pdb,outputs/no_skip/slurm_YYDPETGTWY_amber/replica_162/replica_162_ca.pdb
23,313296790,random,YYDPETGTWY,amber,False,-21.889490716277045,5.46872101548417,2.4499030207402726,2.413583457641179,3.5493450278601104,19.07588192759522,6.49103296087375,5.508595556037851,4.848916770784997,334.8,aer,4096,outputs/no_skip/slurm_YYDPETGTWY_amber/replica_23/replica_23.pdb,outputs/no_skip/slurm_YYDPETGTWY_amber/replica_23/replica_23_ca.pdb
243,313297010,random,YYDPETGTWY,amber,False,-21.59137374102474,5.470057935777261,2.420792456173383,4.214549128592837,2.6254284230879184,18.714846286964775,7.081249223123622,5.508595556037851,4.848916770784997,403.79,aer,4096,outputs/no_skip/slurm_YYDPETGTWY_amber/replica_243/replica_243.pdb,outputs/no_skip/slurm_YYDPETGTWY_amber/replica_243/replica_243_ca.pdb
20,313296787,random,YYDPETGTWY,amber,False,147.15516710752303,5.473821863290861,2.5645477875808167,3.858352245423894,3.830251185977633,19.137073544098715,6.755473929798541,5.508595556037851,4.848916770784997,243.85,aer,4096,outputs/no_skip/slurm_YYDPETGTWY_amber/replica_20/replica_20.pdb,outputs/no_skip/slurm_YYDPETGTWY_amber/replica_20/replica_20_ca.pdb
76,313296843,random,YYDPETGTWY,amber,False,12.595515108199068,5.473981970312068,3.105340513026745,3.767789636242547,3.43998598551689,20.475814321081266,7.120695647425518,5.508595556037851,4.848916770784997,221.4,aer,4096,outputs/no_skip/slurm_YYDPETGTWY_amber/replica_76/replica_76.pdb,outputs/no_skip/slurm_YYDPETGTWY_amber/replica_76/replica_76_ca.pdb
31,313296798,random,YYDPETGTWY,amber,False,-15.782487345350608,5.494692327981124,3.8637092464597504,2.5508351220362036,2.9157303491072035,18.97306082338634,7.05350774601084,5.508595556037851,4.848916770784997,194.79,aer,4096,outputs/no_skip/slurm_YYDPETGTWY_amber/replica_31/replica_31.pdb,outputs/no_skip/slurm_YYDPETGTWY_amber/replica_31/replica_31_ca.pdb
71,313296838,random,YYDPETGTWY,amber,False,464.43349717720866,5.499142675100112,2.887726685118096,4.289488770620206,3.5765931480276265,18.90461461727366,6.967590894036694,5.508595556037851,4.848916770784997,242.82,aer,4096,outputs/no_skip/slurm_YYDPETGTWY_amber/replica_71/replica_71.pdb,outputs/no_skip/slurm_YYDPETGTWY_amber/replica_71/replica_71_ca.pdb
211,313296978,random,YYDPETGTWY,amber,False,42.81813613508475,5.502277730018782,3.284836615254808,3.0863235692208066,2.521741549455447,21.21832123942904,7.112632808604954,5.508595556037851,4.848916770784997,264.86,aer,4096,outputs/no_skip/slurm_YYDPETGTWY_amber/replica_211/replica_211.pdb,outputs/no_skip/slurm_YYDPETGTWY_amber/replica_211/replica_211_ca.pdb
293,313297060,random,YYDPETGTWY,amber,False,-58.90160205026713,5.515274459563532,3.610116570905865,3.8497299206696436,3.120242063149345,18.756938660436944,6.933252737391918,5.508595556037851,4.848916770784997,221.91,aer,4096,outputs/no_skip/slurm_YYDPETGTWY_amber/replica_293/replica_293.pdb,outputs/no_skip/slurm_YYDPETGTWY_amber/replica_293/replica_293_ca.pdb
206,313296973,random,YYDPETGTWY,amber,False,-29.07846761248747,5.518111717793104,2.706188755423742,3.7546358470664742,3.4900251935337905,19.71891103688557,6.925217129549106,5.508595556037851,4.848916770784997,366.0,aer,4096,outputs/no_skip/slurm_YYDPETGTWY_amber/replica_206/replica_206.pdb,outputs/no_skip/slurm_YYDPETGTWY_amber/replica_206/replica_206_ca.pdb
363,313297130,random,YYDPETGTWY,amber,False,-5.2895796049342305,5.519128310484271,3.868998350968933,5.007851046469263,3.726942071699085,20.31229397172376,6.757067759936421,5.508595556037851,4.848916770784997,314.69,aer,4096,outputs/no_skip/slurm_YYDPETGTWY_amber/replica_363/replica_363.pdb,outputs/no_skip/slurm_YYDPETGTWY_amber/replica_363/replica_363_ca.pdb
357,313297124,random,YYDPETGTWY,amber,False,-20.696317204360014,5.521370144832126,3.286193745761755,3.5021388985885507,3.7032450903052188,20.4896072774934,6.940817873840668,5.508595556037851,4.848916770784997,237.64,aer,4096,outputs/no_skip/slurm_YYDPETGTWY_amber/replica_357/replica_357.pdb,outputs/no_skip/slurm_YYDPETGTWY_amber/replica_357/replica_357_ca.pdb
202,313296969,random,YYDPETGTWY,amber,False,0.7176086770121177,5.527478094851405,3.676959636893414,4.472400251645611,2.854790702549002,18.314505435280036,6.978422514946417,5.508595556037851,4.848916770784997,198.55,aer,4096,outputs/no_skip/slurm_YYDPETGTWY_amber/replica_202/replica_202.pdb,outputs/no_skip/slurm_YYDPETGTWY_amber/replica_202/replica_202_ca.pdb
42,313296809,random,YYDPETGTWY,amber,False,108.38558616601283,5.528678394070797,3.3529197823455092,3.0794524076143652,4.42804966504294,21.51954726372108,6.97362862207581,5.508595556037851,4.848916770784997,303.76,aer,4096,outputs/no_skip/slurm_YYDPETGTWY_amber/replica_42/replica_42.pdb,outputs/no_skip/slurm_YYDPETGTWY_amber/replica_42/replica_42_ca.pdb
320,313297087,random,YYDPETGTWY,amber,False,-109.47095018765317,5.5303007491678,2.938741969564095,2.1749354534484517,3.7215049820345834,21.511364783648894,7.060276435330994,5.508595556037851,4.848916770784997,301.67,aer,4096,outputs/no_skip/slurm_YYDPETGTWY_amber/replica_320/replica_320.pdb,outputs/no_skip/slurm_YYDPETGTWY_amber/replica_320/replica_320_ca.pdb
111,313296878,random,YYDPETGTWY,amber,False,-12.340620488521386,5.531656495747815,4.11922025215684,3.1463976036169425,2.8827704736877244,20.71570956384727,7.112965405551918,5.508595556037851,4.848916770784997,370.28,aer,4096,outputs/no_skip/slurm_YYDPETGTWY_amber/replica_111/replica_111.pdb,outputs/no_skip/slurm_YYDPETGTWY_amber/replica_111/replica_111_ca.pdb
113,313296880,random,YYDPETGTWY,amber,False,-5.78186589105393,5.532146778398534,3.3515003790776183,4.077251233764553,3.348586883664818,19.970858636526167,6.847691304281873,5.508595556037851,4.848916770784997,232.61,aer,4096,outputs/no_skip/slurm_YYDPETGTWY_amber/replica_113/replica_113.pdb,outputs/no_skip/slurm_YYDPETGTWY_amber/replica_113/replica_113_ca.pdb
299,313297066,random,YYDPETGTWY,amber,False,100.49604653907748,5.534841618729122,2.830947278718177,3.3721001658447363,2.9557312800074294,20.30618863120452,7.026054638813301,5.508595556037851,4.848916770784997,272.94,aer,4096,outputs/no_skip/slurm_YYDPETGTWY_amber/replica_299/replica_299.pdb,outputs/no_skip/slurm_YYDPETGTWY_amber/replica_299/replica_299_ca.pdb
47,313296814,random,YYDPETGTWY,amber,False,-11.488188516089137,5.538554742338248,3.251235466386174,2.4393880512883923,3.5479984342746356,20.362496397805906,6.911292617865985,5.508595556037851,4.848916770784997,265.0,aer,4096,outputs/no_skip/slurm_YYDPETGTWY_amber/replica_47/replica_47.pdb,outputs/no_skip/slurm_YYDPETGTWY_amber/replica_47/replica_47_ca.pdb
232,313296999,random,YYDPETGTWY,amber,False,7.569681278988008,5.541308713990996,3.4706301873747227,4.083235394569716,3.5739601407500365,20.05302485257787,6.754430734243303,5.508595556037851,4.848916770784997,232.01,aer,4096,outputs/no_skip/slurm_YYDPETGTWY_amber/replica_232/replica_232.pdb,outputs/no_skip/slurm_YYDPETGTWY_amber/replica_232/replica_232_ca.pdb
327,313297094,random,YYDPETGTWY,amber,False,1.619635932858055,5.545838635765376,3.3216639420649594,3.12054673981835,2.1806496319434587,19.31439327235536,7.151844564013645,5.508595556037851,4.848916770784997,182.94,aer,4096,outputs/no_skip/slurm_YYDPETGTWY_amber/replica_327/replica_327.pdb,outputs/no_skip/slurm_YYDPETGTWY_amber/replica_327/replica_327_ca.pdb
221,313296988,random,YYDPETGTWY,amber,False,22.873072818898425,5.54943427489438,3.311696510527112,2.4800615382950513,4.027110246174502,19.229819384784076,7.110097715822693,5.508595556037851,4.848916770784997,323.25,aer,4096,outputs/no_skip/slurm_YYDPETGTWY_amber/replica_221/replica_221.pdb,outputs/no_skip/slurm_YYDPETGTWY_amber/replica_221/replica_221_ca.pdb
55,313296822,random,YYDPETGTWY,amber,False,381.52109577949403,5.5612637633950435,4.094730539314284,4.47428181059992,3.20304875169914,20.2034803922675,7.145404330947171,5.508595556037851,4.848916770784997,122.77,aer,4096,outputs/no_skip/slurm_YYDPETGTWY_amber/replica_55/replica_55.pdb,outputs/no_skip/slurm_YYDPETGTWY_amber/replica_55/replica_55_ca.pdb
305,313297072,random,YYDPETGTWY,amber,False,-24.738852557159188,5.571906182057443,2.1792760383386107,3.029178817990675,3.0126431460801424,21.031315342987025,7.2759955640340435,5.508595556037851,4.848916770784997,219.19,aer,4096,outputs/no_skip/slurm_YYDPETGTWY_amber/replica_305/replica_305.pdb,outputs/no_skip/slurm_YYDPETGTWY_amber/replica_305/replica_305_ca.pdb
18,313296785,random,YYDPETGTWY,amber,False,119.14126942752627,5.571931783723857,2.476999307148694,3.3823702350724174,2.9119871773970973,19.904142380985558,6.956527522671282,5.508595556037851,4.848916770784997,222.26,aer,4096,outputs/no_skip/slurm_YYDPETGTWY_amber/replica_18/replica_18.pdb,outputs/no_skip/slurm_YYDPETGTWY_amber/replica_18/replica_18_ca.pdb
217,313296984,random,YYDPETGTWY,amber,False,36.39820806129264,5.578337142371757,2.8860279426938136,3.4664042574443634,4.020928723904739,19.971459799196953,7.102843844823183,5.508595556037851,4.848916770784997,298.43,aer,4096,outputs/no_skip/slurm_YYDPETGTWY_amber/replica_217/replica_217.pdb,outputs/no_skip/slurm_YYDPETGTWY_amber/replica_217/replica_217_ca.pdb
298,313297065,random,YYDPETGTWY,amber,False,-40.30308037164523,5.5831474102886345,2.682282040264455,3.0600885926547168,3.249017467087449,20.394643775736267,7.058133033416931,5.508595556037851,4.848916770784997,319.95,aer,4096,outputs/no_skip/slurm_YYDPETGTWY_amber/replica_298/replica_298.pdb,outputs/no_skip/slurm_YYDPETGTWY_amber/replica_298/replica_298_ca.pdb
139,313296906,random,YYDPETGTWY,amber,False,313.46652272544117,5.583774552523555,3.6788444154194626,3.1166664745031065,2.8593015885836026,21.93057506983719,7.169940684117996,5.508595556037851,4.848916770784997,203.87,aer,4096,outputs/no_skip/slurm_YYDPETGTWY_amber/replica_139/replica_139.pdb,outputs/no_skip/slurm_YYDPETGTWY_amber/replica_139/replica_139_ca.pdb
101,313296868,random,YYDPETGTWY,amber,False,-25.08226191702117,5.6029955832232075,3.1714143507032015,2.9209326104487343,3.159791126165845,19.799822332345993,7.0900877182201,5.508595556037851,4.848916770784997,250.18,aer,4096,outputs/no_skip/slurm_YYDPETGTWY_amber/replica_101/replica_101.pdb,outputs/no_skip/slurm_YYDPETGTWY_amber/replica_101/replica_101_ca.pdb
120,313296887,random,YYDPETGTWY,amber,False,-15.090286943943575,5.603915291340063,2.5855209819764413,2.8583347513980764,3.0254804114986404,19.784929896937633,7.052662948202846,5.508595556037851,4.848916770784997,254.56,aer,4096,outputs/no_skip/slurm_YYDPETGTWY_amber/replica_120/replica_120.pdb,outputs/no_skip/slurm_YYDPETGTWY_amber/replica_120/replica_120_ca.pdb
372,313297139,random,YYDPETGTWY,amber,False,18.956836510596524,5.611965262463236,3.534256035481033,4.147317308764879,2.6862811930986283,19.1377401445933,6.614675428884017,5.508595556037851,4.848916770784997,214.72,aer,4096,outputs/no_skip/slurm_YYDPETGTWY_amber/replica_372/replica_372.pdb,outputs/no_skip/slurm_YYDPETGTWY_amber/replica_372/replica_372_ca.pdb
285,313297052,random,YYDPETGTWY,amber,False,-30.571465117750204,5.612274233417018,3.3574212189997015,3.2054463054234947,2.321853844469889,21.65948226655954,7.347292421129704,5.508595556037851,4.848916770784997,286.95,aer,4096,outputs/no_skip/slurm_YYDPETGTWY_amber/replica_285/replica_285.pdb,outputs/no_skip/slurm_YYDPETGTWY_amber/replica_285/replica_285_ca.pdb
108,313296875,random,YYDPETGTWY,amber,False,-10.150769422457248,5.625891622467813,3.279462973262506,2.924606776454336,4.105206927886478,20.093513044961586,6.807911990129786,5.508595556037851,4.848916770784997,242.9,aer,4096,outputs/no_skip/slurm_YYDPETGTWY_amber/replica_108/replica_108.pdb,outputs/no_skip/slurm_YYDPETGTWY_amber/replica_108/replica_108_ca.pdb
104,313296871,random,YYDPETGTWY,amber,False,27.275546202386263,5.629491146091477,2.8830847269923847,3.1636924013822467,3.3939404925835475,19.948302173871543,6.79739129484517,5.508595556037851,4.848916770784997,409.41,aer,4096,outputs/no_skip/slurm_YYDPETGTWY_amber/replica_104/replica_104.pdb,outputs/no_skip/slurm_YYDPETGTWY_amber/replica_104/replica_104_ca.pdb
192,313296959,random,YYDPETGTWY,amber,False,92.39532563245389,5.646162904047127,3.8857034120772433,3.8280395637612803,3.401750152099785,21.404866960354898,7.053311017917991,5.508595556037851,4.848916770784997,378.7,aer,4096,outputs/no_skip/slurm_YYDPETGTWY_amber/replica_192/replica_192.pdb,outputs/no_skip/slurm_YYDPETGTWY_amber/replica_192/replica_192_ca.pdb
371,313297138,random,YYDPETGTWY,amber,False,92.95768700093002,5.646307193261779,3.6365555743765925,2.59519516612185,3.405064361333992,20.139335218285808,7.146096435420182,5.508595556037851,4.848916770784997,326.07,aer,4096,outputs/no_skip/slurm_YYDPETGTWY_amber/replica_371/replica_371.pdb,outputs/no_skip/slurm_YYDPETGTWY_amber/replica_371/replica_371_ca.pdb
295,313297062,random,YYDPETGTWY,amber,False,-12.170029941136727,5.663385371776651,3.1725468298132466,3.4158337154543545,2.9321588157415803,20.306292553100548,7.188413912664544,5.508595556037851,4.848916770784997,280.47,aer,4096,outputs/no_skip/slurm_YYDPETGTWY_amber/replica_295/replica_295.pdb,outputs/no_skip/slurm_YYDPETGTWY_amber/replica_295/replica_295_ca.pdb
346,313297113,random,YYDPETGTWY,amber,False,50.50729387617495,5.666107998421701,3.378679952567414,3.2585532879330223,4.029599560873335,20.390772350320926,6.8359341533062326,5.508595556037851,4.848916770784997,294.49,aer,4096,outputs/no_skip/slurm_YYDPETGTWY_amber/replica_346/replica_346.pdb,outputs/no_skip/slurm_YYDPETGTWY_amber/replica_346/replica_346_ca.pdb
177,313296944,random,YYDPETGTWY,amber,False,25.56959964812775,5.66893371944796,2.7282377908326163,2.554661501247363,3.7217157166066026,20.516216174490587,7.423090619391616,5.508595556037851,4.848916770784997,227.75,aer,4096,outputs/no_skip/slurm_YYDPETGTWY_amber/replica_177/replica_177.pdb,outputs/no_skip/slurm_YYDPETGTWY_amber/replica_177/replica_177_ca.pdb
231,313296998,random,YYDPETGTWY,amber,False,-22.79257812724563,5.685846650655329,3.266024102923759,3.031191249853589,3.9916614666524644,19.144956308484304,7.145942696737465,5.508595556037851,4.848916770784997,227.29,aer,4096,outputs/no_skip/slurm_YYDPETGTWY_amber/replica_231/replica_231.pdb,outputs/no_skip/slurm_YYDPETGTWY_amber/replica_231/replica_231_ca.pdb
63,313296830,random,YYDPETGTWY,amber,False,111.02421593645442,5.708360096315515,2.4308126937143713,3.4070220143473224,2.7318684878426587,20.231840123723774,7.190673613678474,5.508595556037851,4.848916770784997,170.44,aer,4096,outputs/no_skip/slurm_YYDPETGTWY_amber/replica_63/replica_63.pdb,outputs/no_skip/slurm_YYDPETGTWY_amber/replica_63/replica_63_ca.pdb
204,313296971,random,YYDPETGTWY,amber,False,-39.723109416072646,5.709165616887182,3.0293154242263967,2.666134305810728,2.971720880567479,21.284277746779924,7.0987881813438785,5.508595556037851,4.848916770784997,214.12,aer,4096,outputs/no_skip/slurm_YYDPETGTWY_amber/replica_204/replica_204.pdb,outputs/no_skip/slurm_YYDPETGTWY_amber/replica_204/replica_204_ca.pdb
40,313296807,random,YYDPETGTWY,amber,False,-26.499772391878196,5.712535348915718,3.215273383234537,2.9844487265124324,3.5765811809751176,20.06380813878911,6.910575948664428,5.508595556037851,4.848916770784997,239.47,aer,4096,outputs/no_skip/slurm_YYDPETGTWY_amber/replica_40/replica_40.pdb,outputs/no_skip/slurm_YYDPETGTWY_amber/replica_40/replica_40_ca.pdb
209,313296976,random,YYDPETGTWY,amber,False,-83.76172871730766,5.715762872822038,3.338574332933437,2.3274639039674745,3.0843379082304736,20.09626617580598,6.911942048454671,5.508595556037851,4.848916770784997,350.61,aer,4096,outputs/no_skip/slurm_YYDPETGTWY_amber/replica_209/replica_209.pdb,outputs/no_skip/slurm_YYDPETGTWY_amber/replica_209/replica_209_ca.pdb
212,313296979,random,YYDPETGTWY,amber,False,-47.65061680903545,5.723839068385611,3.8998769894118372,2.8231010484873638,3.669083443781163,20.430496755179075,6.940451615810394,5.508595556037851,4.848916770784997,217.74,aer,4096,outputs/no_skip/slurm_YYDPETGTWY_amber/replica_212/replica_212.pdb,outputs/no_skip/slurm_YYDPETGTWY_amber/replica_212/replica_212_ca.pdb
304,313297071,random,YYDPETGTWY,amber,False,30.89206983484169,5.724746413494155,4.165983008508821,3.1628520028310714,3.696809458105188,21.406118397635034,7.232648926339685,5.508595556037851,4.848916770784997,362.75,aer,4096,outputs/no_skip/slurm_YYDPETGTWY_amber/replica_304/replica_304.pdb,outputs/no_skip/slurm_YYDPETGTWY_amber/replica_304/replica_304_ca.pdb
384,313297151,random,YYDPETGTWY,amber,False,-29.531549605987454,5.729209602574965,3.810497785732086,3.481918081963715,3.488670388503423,21.225723888510334,7.144229537764675,5.508595556037851,4.848916770784997,303.58,aer,4096,outputs/no_skip/slurm_YYDPETGTWY_amber/replica_384/replica_384.pdb,outputs/no_skip/slurm_YYDPETGTWY_amber/replica_384/replica_384_ca.pdb
343,313297110,random,YYDPETGTWY,amber,False,18.890767875377577,5.735240998194505,3.2419006355041633,3.1546472772810263,2.6491892085114492,19.986220386320117,7.386070057041537,5.508595556037851,4.848916770784997,208.68,aer,4096,outputs/no_skip/slurm_YYDPETGTWY_amber/replica_343/replica_343.pdb,outputs/no_skip/slurm_YYDPETGTWY_amber/replica_343/replica_343_ca.pdb
50,313296817,random,YYDPETGTWY,amber,False,-56.84008385358794,5.738222910346137,3.2629393549695913,3.0869473905077403,3.6815285034266143,20.503932874476742,7.157866692711321,5.508595556037851,4.848916770784997,280.05,aer,4096,outputs/no_skip/slurm_YYDPETGTWY_amber/replica_50/replica_50.pdb,outputs/no_skip/slurm_YYDPETGTWY_amber/replica_50/replica_50_ca.pdb
282,313297049,random,YYDPETGTWY,amber,False,-57.69851771106548,5.7404057369918915,3.736848077907706,3.112439407359509,2.951606575826185,19.664327972828723,6.93356449065868,5.508595556037851,4.848916770784997,317.47,aer,4096,outputs/no_skip/slurm_YYDPETGTWY_amber/replica_282/replica_282.pdb,outputs/no_skip/slurm_YYDPETGTWY_amber/replica_282/replica_282_ca.pdb
69,313296836,random,YYDPETGTWY,amber,False,-3.194180253485743,5.741481009373064,3.452091087492382,3.664343587854008,3.160547026535644,22.1548129832244,7.478475749745134,5.508595556037851,4.848916770784997,248.33,aer,4096,outputs/no_skip/slurm_YYDPETGTWY_amber/replica_69/replica_69.pdb,outputs/no_skip/slurm_YYDPETGTWY_amber/replica_69/replica_69_ca.pdb
368,313297135,random,YYDPETGTWY,amber,False,0.1429988128902122,5.742588000638757,3.017222119970011,2.7101654591287194,3.7512169337211767,21.138933217782295,7.221110069398624,5.508595556037851,4.848916770784997,412.89,aer,4096,outputs/no_skip/slurm_YYDPETGTWY_amber/replica_368/replica_368.pdb,outputs/no_skip/slurm_YYDPETGTWY_amber/replica_368/replica_368_ca.pdb
377,313297144,random,YYDPETGTWY,amber,False,9.873906031393599,5.746382144286974,2.800040351431284,2.634467681679226,3.247491389434437,19.507787679370132,6.956034649344444,5.508595556037851,4.848916770784997,287.75,aer,4096,outputs/no_skip/slurm_YYDPETGTWY_amber/replica_377/replica_377.pdb,outputs/no_skip/slurm_YYDPETGTWY_amber/replica_377/replica_377_ca.pdb
303,313297070,random,YYDPETGTWY,amber,False,-11.802426632756218,5.747156637641948,3.21707240001658,1.7841165049574792,2.628721182534011,21.05222066317988,7.241151402001358,5.508595556037851,4.848916770784997,269.21,aer,4096,outputs/no_skip/slurm_YYDPETGTWY_amber/replica_303/replica_303.pdb,outputs/no_skip/slurm_YYDPETGTWY_amber/replica_303/replica_303_ca.pdb
138,313296905,random,YYDPETGTWY,amber,False,29.05136414901903,5.747441627216705,3.8278373260449454,3.7319529231372193,3.9085962859685344,20.602062163843755,6.91234920935999,5.508595556037851,4.848916770784997,254.06,aer,4096,outputs/no_skip/slurm_YYDPETGTWY_amber/replica_138/replica_138.pdb,outputs/no_skip/slurm_YYDPETGTWY_amber/replica_138/replica_138_ca.pdb
273,313297040,random,YYDPETGTWY,amber,False,72.66538036660926,5.7483435815865755,4.003383217789984,2.5014816750393067,3.21757176727459,20.787437065761328,7.070651550818329,5.508595556037851,4.848916770784997,382.16,aer,4096,outputs/no_skip/slurm_YYDPETGTWY_amber/replica_273/replica_273.pdb,outputs/no_skip/slurm_YYDPETGTWY_amber/replica_273/replica_273_ca.pdb
94,313296861,random,YYDPETGTWY,amber,False,-2.706245041680201,5.750500099101105,3.3022678531345857,3.199452486394085,3.1422012444454706,20.666141650832948,6.82419796784208,5.508595556037851,4.848916770784997,296.93,aer,4096,outputs/no_skip/slurm_YYDPETGTWY_amber/replica_94/replica_94.pdb,outputs/no_skip/slurm_YYDPETGTWY_amber/replica_94/replica_94_ca.pdb
250,313297017,random,YYDPETGTWY,amber,False,-52.9441765615008,5.751628797714463,2.958714789445808,2.627786484443854,3.079055677137955,21.656694649578906,7.096750380450429,5.508595556037851,4.848916770784997,350.22,aer,4096,outputs/no_skip/slurm_YYDPETGTWY_amber/replica_250/replica_250.pdb,outputs/no_skip/slurm_YYDPETGTWY_amber/replica_250/replica_250_ca.pdb
43,313296810,random,YYDPETGTWY,amber,False,-64.60031893348452,5.756579107636368,3.143411714073828,3.6261020138947315,3.5003128788628692,19.450931512410907,7.298163390897313,5.508595556037851,4.848916770784997,400.51,aer,4096,outputs/no_skip/slurm_YYDPETGTWY_amber/replica_43/replica_43.pdb,outputs/no_skip/slurm_YYDPETGTWY_amber/replica_43/replica_43_ca.pdb
277,313297044,random,YYDPETGTWY,amber,False,89.22556330074924,5.7636511503428896,2.7775905214856405,2.8622998485674676,3.799424647030847,19.725951963858783,7.477415162417326,5.508595556037851,4.848916770784997,317.9,aer,4096,outputs/no_skip/slurm_YYDPETGTWY_amber/replica_277/replica_277.pdb,outputs/no_skip/slurm_YYDPETGTWY_amber/replica_277/replica_277_ca.pdb
184,313296951,random,YYDPETGTWY,amber,False,19.511865343521865,5.766547541280444,3.252101309026549,3.9633522432346826,3.259590343208702,21.355269381213667,7.123671848413945,5.508595556037851,4.848916770784997,171.92,aer,4096,outputs/no_skip/slurm_YYDPETGTWY_amber/replica_184/replica_184.pdb,outputs/no_skip/slurm_YYDPETGTWY_amber/replica_184/replica_184_ca.pdb
306,313297073,random,YYDPETGTWY,amber,False,30.678761535759264,5.774059337095181,4.220753334695037,2.3985233271677013,2.672404009945081,20.48161629934775,7.141759632832863,5.508595556037851,4.848916770784997,190.21,aer,4096,outputs/no_skip/slurm_YYDPETGTWY_amber/replica_306/replica_306.pdb,outputs/no_skip/slurm_YYDPETGTWY_amber/replica_306/replica_306_ca.pdb
53,313296820,random,YYDPETGTWY,amber,False,-27.240234400710836,5.7762243890761455,3.6543924469626923,2.58670974050347,3.3638449455155146,20.376050841426142,7.150195278654574,5.508595556037851,4.848916770784997,312.55,aer,4096,outputs/no_skip/slurm_YYDPETGTWY_amber/replica_53/replica_53.pdb,outputs/no_skip/slurm_YYDPETGTWY_amber/replica_53/replica_53_ca.pdb
352,313297119,random,YYDPETGTWY,amber,False,9.982256004120124,5.786456911048252,2.98677521785645,2.7938997055752,2.7205663349045315,21.25167381787225,7.259695315198061,5.508595556037851,4.848916770784997,242.29,aer,4096,outputs/no_skip/slurm_YYDPETGTWY_amber/replica_352/replica_352.pdb,outputs/no_skip/slurm_YYDPETGTWY_amber/replica_352/replica_352_ca.pdb
141,313296908,random,YYDPETGTWY,amber,False,87.82632745648837,5.788497080488611,3.280747833883051,3.5955588197312967,4.032009520450725,21.079760484455637,7.143756593119365,5.508595556037851,4.848916770784997,381.4,aer,4096,outputs/no_skip/slurm_YYDPETGTWY_amber/replica_141/replica_141.pdb,outputs/no_skip/slurm_YYDPETGTWY_amber/replica_141/replica_141_ca.pdb
324,313297091,random,YYDPETGTWY,amber,False,76.12416599623288,5.789278620752797,3.168034846941452,3.2712563844274065,3.0136793869900362,19.05688907850987,7.0196127751478485,5.508595556037851,4.848916770784997,409.7,aer,4096,outputs/no_skip/slurm_YYDPETGTWY_amber/replica_324/replica_324.pdb,outputs/no_skip/slurm_YYDPETGTWY_amber/replica_324/replica_324_ca.pdb
160,313296927,random,YYDPETGTWY,amber,False,42.50374244645423,5.799561122896463,3.184365214221183,3.426511965744518,3.4488920545186135,21.535964539475493,7.3216858981909425,5.508595556037851,4.848916770784997,460.15,aer,4096,outputs/no_skip/slurm_YYDPETGTWY_amber/replica_160/replica_160.pdb,outputs/no_skip/slurm_YYDPETGTWY_amber/replica_160/replica_160_ca.pdb
274,313297041,random,YYDPETGTWY,amber,False,1.2043943205886545,5.802540121563773,3.7084815595119007,3.8057901361030297,2.323734488699911,22.581185234538488,7.421400862007971,5.508595556037851,4.848916770784997,247.0,aer,4096,outputs/no_skip/slurm_YYDPETGTWY_amber/replica_274/replica_274.pdb,outputs/no_skip/slurm_YYDPETGTWY_amber/replica_274/replica_274_ca.pdb
239,313297006,random,YYDPETGTWY,amber,False,-74.80654945254368,5.811061699567025,3.1732872670709003,3.2192889030822442,3.946434940890513,21.44365442372662,7.210959281475917,5.508595556037851,4.848916770784997,480.17,aer,4096,outputs/no_skip/slurm_YYDPETGTWY_amber/replica_239/replica_239.pdb,outputs/no_skip/slurm_YYDPETGTWY_amber/replica_239/replica_239_ca.pdb
73,313296840,random,YYDPETGTWY,amber,False,-58.40733367621301,5.814007900097689,3.057064451384538,3.0805137508250002,2.7637446375496078,20.80538437692943,7.350163452108037,5.508595556037851,4.848916770784997,285.92,aer,4096,outputs/no_skip/slurm_YYDPETGTWY_amber/replica_73/replica_73.pdb,outputs/no_skip/slurm_YYDPETGTWY_amber/replica_73/replica_73_ca.pdb
201,313296968,random,YYDPETGTWY,amber,False,5.346935506263653,5.8224335480725955,2.7942195277696693,2.0661046626200466,2.4526968902005426,22.033125170291022,7.33326900939741,5.508595556037851,4.848916770784997,237.75,aer,4096,outputs/no_skip/slurm_YYDPETGTWY_amber/replica_201/replica_201.pdb,outputs/no_skip/slurm_YYDPETGTWY_amber/replica_201/replica_201_ca.pdb
255,313297022,random,YYDPETGTWY,amber,False,-7.38283478432442,5.822660499266653,3.7636751299820026,3.023507703932634,3.2996617473871424,20.439414953745082,6.941946325114128,5.508595556037851,4.848916770784997,368.05,aer,4096,outputs/no_skip/slurm_YYDPETGTWY_amber/replica_255/replica_255.pdb,outputs/no_skip/slurm_YYDPETGTWY_amber/replica_255/replica_255_ca.pdb
147,313296914,random,YYDPETGTWY,amber,False,-35.91076887477289,5.8323009516768325,3.140503338608075,3.394269847925401,3.1897247179063974,21.149780808578296,7.110368432904156,5.508595556037851,4.848916770784997,197.94,aer,4096,outputs/no_skip/slurm_YYDPETGTWY_amber/replica_147/replica_147.pdb,outputs/no_skip/slurm_YYDPETGTWY_amber/replica_147/replica_147_ca.pdb
261,313297028,random,YYDPETGTWY,amber,False,24.547310333104654,5.841075345801745,3.4142348147205897,4.8132802733614755,2.508429842743606,20.49338808638751,7.124937717201723,5.508595556037851,4.848916770784997,267.61,aer,4096,outputs/no_skip/slurm_YYDPETGTWY_amber/replica_261/replica_261.pdb,outputs/no_skip/slurm_YYDPETGTWY_amber/replica_261/replica_261_ca.pdb
170,313296937,random,YYDPETGTWY,amber,False,-26.32404762222883,5.842405287784699,3.8126694488448103,3.5317285587388594,3.2498285579466177,21.236897175926234,7.578321933961076,5.508595556037851,4.848916770784997,557.36,aer,4096,outputs/no_skip/slurm_YYDPETGTWY_amber/replica_170/replica_170.pdb,outputs/no_skip/slurm_YYDPETGTWY_amber/replica_170/replica_170_ca.pdb
321,313297088,random,YYDPETGTWY,amber,False,11.92894029381974,5.844953974358363,3.3746838046904353,2.959256405750579,2.562105463518579,21.3404342191031,7.306515490386052,5.508595556037851,4.848916770784997,270.96,aer,4096,outputs/no_skip/slurm_YYDPETGTWY_amber/replica_321/replica_321.pdb,outputs/no_skip/slurm_YYDPETGTWY_amber/replica_321/replica_321_ca.pdb
356,313297123,random,YYDPETGTWY,amber,False,825.4670147006598,5.847661215609031,3.7606350249948295,4.338356979133141,4.679019524553389,19.25474521026655,7.0536720060880045,5.508595556037851,4.848916770784997,137.53,aer,4096,outputs/no_skip/slurm_YYDPETGTWY_amber/replica_356/replica_356.pdb,outputs/no_skip/slurm_YYDPETGTWY_amber/replica_356/replica_356_ca.pdb
269,313297036,random,YYDPETGTWY,amber,False,17.784452650476233,5.84818077125293,3.166291201704481,3.3534248825883197,3.2046013799655517,19.625394809595463,6.688924216503675,5.508595556037851,4.848916770784997,261.28,aer,4096,outputs/no_skip/slurm_YYDPETGTWY_amber/replica_269/replica_269.pdb,outputs/no_skip/slurm_YYDPETGTWY_amber/replica_269/replica_269_ca.pdb
116,313296883,random,YYDPETGTWY,amber,False,101.4527327356944,5.852105580130787,3.117066727462074,2.9251870681138046,4.518686921133696,20.412457183316516,7.152936520476872,5.508595556037851,4.848916770784997,272.36,aer,4096,outputs/no_skip/slurm_YYDPETGTWY_amber/replica_116/replica_116.pdb,outputs/no_skip/slurm_YYDPETGTWY_amber/replica_116/replica_116_ca.pdb
392,313297159,random,YYDPETGTWY,amber,False,-12.215164216969706,5.8565458905422085,3.6084967317623673,3.2816223965886318,3.9579674805025324,20.56291932161954,7.147445102486229,5.508595556037851,4.848916770784997,330.91,aer,4096,outputs/no_skip/slurm_YYDPETGTWY_amber/replica_392/replica_392.pdb,outputs/no_skip/slurm_YYDPETGTWY_amber/replica_392/replica_392_ca.pdb
183,313296950,random,YYDPETGTWY,amber,False,27.434051291064097,5.8579075679122194,3.507869613591304,3.785221106426117,3.793021412866716,19.776417599540167,6.850488854744224,5.508595556037851,4.848916770784997,196.73,aer,4096,outputs/no_skip/slurm_YYDPETGTWY_amber/replica_183/replica_183.pdb,outputs/no_skip/slurm_YYDPETGTWY_amber/replica_183/replica_183_ca.pdb
58,313296825,random,YYDPETGTWY,amber,False,-43.3004760303169,5.876285994958714,2.925908179540578,3.362570089155053,2.9080346376393753,20.086427400107304,7.160230888312661,5.508595556037851,4.848916770784997,282.42,aer,4096,outputs/no_skip/slurm_YYDPETGTWY_amber/replica_58/replica_58.pdb,outputs/no_skip/slurm_YYDPETGTWY_amber/replica_58/replica_58_ca.pdb
29,313296796,random,YYDPETGTWY,amber,False,29.109060371078716,5.877679178404071,3.7767091482110113,2.260029354552667,3.6830945508821182,21.203786365693162,7.112449846605911,5.508595556037851,4.848916770784997,302.66,aer,4096,outputs/no_skip/slurm_YYDPETGTWY_amber/replica_29/replica_29.pdb,outputs/no_skip/slurm_YYDPETGTWY_amber/replica_29/replica_29_ca.pdb
266,313297033,random,YYDPETGTWY,amber,False,-20.036685991079338,5.881323555955544,3.5192241768751935,3.5550271975377483,3.0524132061319738,21.253978648356476,7.0214727245584365,5.508595556037851,4.848916770784997,447.48,aer,4096,outputs/no_skip/slurm_YYDPETGTWY_amber/replica_266/replica_266.pdb,outputs/no_skip/slurm_YYDPETGTWY_amber/replica_266/replica_266_ca.pdb
149,313296916,random,YYDPETGTWY,amber,False,-43.94191132223105,5.8826132508878155,2.948510328669063,3.7754728817901846,2.644221874403699,21.5559183367145,7.352958159905899,5.508595556037851,4.848916770784997,221.0,aer,4096,outputs/no_skip/slurm_YYDPETGTWY_amber/replica_149/replica_149.pdb,outputs/no_skip/slurm_YYDPETGTWY_amber/replica_149/replica_149_ca.pdb
1,313296768,random,YYDPETGTWY,amber,False,30.630821964895606,5.883427172659589,2.862689033220549,3.571215138936321,2.641009670957498,19.220472901274196,7.258112412271067,5.508595556037851,4.848916770784997,336.55,aer,4096,outputs/no_skip/slurm_YYDPETGTWY_amber/replica_1/replica_1.pdb,outputs/no_skip/slurm_YYDPETGTWY_amber/replica_1/replica_1_ca.pdb
323,313297090,random,YYDPETGTWY,amber,False,38.844802677045244,5.895367143449365,3.819389303938302,2.9642800625380863,3.465077235218117,21.633814331611273,7.001305216692172,5.508595556037851,4.848916770784997,338.45,aer,4096,outputs/no_skip/slurm_YYDPETGTWY_amber/replica_323/replica_323.pdb,outputs/no_skip/slurm_YYDPETGTWY_amber/replica_323/replica_323_ca.pdb
294,313297061,random,YYDPETGTWY,amber,False,-28.716818550698708,5.897491599461195,2.635650403838121,3.0919463851735043,3.2165267111963316,21.751084987305244,7.173223264553827,5.508595556037851,4.848916770784997,265.98,aer,4096,outputs/no_skip/slurm_YYDPETGTWY_amber/replica_294/replica_294.pdb,outputs/no_skip/slurm_YYDPETGTWY_amber/replica_294/replica_294_ca.pdb
80,313296847,random,YYDPETGTWY,amber,False,-58.39440207431459,5.90088885009289,3.3537408697671625,2.1851222803969,3.626544464853684,21.680059290528042,7.362992137951499,5.508595556037851,4.848916770784997,292.58,aer,4096,outputs/no_skip/slurm_YYDPETGTWY_amber/replica_80/replica_80.pdb,outputs/no_skip/slurm_YYDPETGTWY_amber/replica_80/replica_80_ca.pdb
350,313297117,random,YYDPETGTWY,amber,False,-25.353829769106504,5.909240244786285,3.125389799341473,2.9950586171214657,2.123588406447765,21.46617123048565,7.295949682633302,5.508595556037851,4.848916770784997,219.07,aer,4096,outputs/no_skip/slurm_YYDPETGTWY_amber/replica_350/replica_350.pdb,outputs/no_skip/slurm_YYDPETGTWY_amber/replica_350/replica_350_ca.pdb
191,313296958,random,YYDPETGTWY,amber,False,12.166385505438328,5.911347692190335,2.5124799908309554,2.746923804862225,2.508203562999875,17.206464955009665,6.6148543756038185,5.508595556037851,4.848916770784997,253.93,aer,4096,outputs/no_skip/slurm_YYDPETGTWY_amber/replica_191/replica_191.pdb,outputs/no_skip/slurm_YYDPETGTWY_amber/replica_191/replica_191_ca.pdb
252,313297019,random,YYDPETGTWY,amber,False,-19.598316969936096,5.915064911100981,3.1142967437882194,3.8641227972788865,4.5121658520766665,21.344278702977864,7.379215533210005,5.508595556037851,4.848916770784997,234.91,aer,4096,outputs/no_skip/slurm_YYDPETGTWY_amber/replica_252/replica_252.pdb,outputs/no_skip/slurm_YYDPETGTWY_amber/replica_252/replica_252_ca.pdb
194,313296961,random,YYDPETGTWY,amber,False,34.58060205057692,5.919069758468566,4.046370054836418,3.1726919936095057,1.8664160955575957,19.590433334835485,7.495775073200084,5.508595556037851,4.848916770784997,205.53,aer,4096,outputs/no_skip/slurm_YYDPETGTWY_amber/replica_194/replica_194.pdb,outputs/no_skip/slurm_YYDPETGTWY_amber/replica_194/replica_194_ca.pdb
5,313296772,random,YYDPETGTWY,amber,False,-20.43276786141765,5.9191580323744715,2.5679499273776147,4.278640603549148,3.3241905710079194,21.325726943562653,7.224982083549912,5.508595556037851,4.848916770784997,250.59,aer,4096,outputs/no_skip/slurm_YYDPETGTWY_amber/replica_5/replica_5.pdb,outputs/no_skip/slurm_YYDPETGTWY_amber/replica_5/replica_5_ca.pdb
297,313297064,random,YYDPETGTWY,amber,False,107.411017091806,5.922367394424051,2.6976337015413363,3.303925842406419,2.4125301924238136,22.708654179827125,7.497522951844457,5.508595556037851,4.848916770784997,410.18,aer,4096,outputs/no_skip/slurm_YYDPETGTWY_amber/replica_297/replica_297.pdb,outputs/no_skip/slurm_YYDPETGTWY_amber/replica_297/replica_297_ca.pdb
313,313297080,random,YYDPETGTWY,amber,False,13.54361506637336,5.929272575612355,3.2420268080158725,3.680469819705464,3.4624601489780837,20.93813333304648,7.217591949470754,5.508595556037851,4.848916770784997,212.4,aer,4096,outputs/no_skip/slurm_YYDPETGTWY_amber/replica_313/replica_313.pdb,outputs/no_skip/slurm_YYDPETGTWY_amber/replica_313/replica_313_ca.pdb
325,313297092,random,YYDPETGTWY,amber,False,2.8457245590216367,5.930354533203551,3.061006275367557,3.8740685478696304,3.590333874863947,20.784785082800934,7.313231379063694,5.508595556037851,4.848916770784997,435.05,aer,4096,outputs/no_skip/slurm_YYDPETGTWY_amber/replica_325/replica_325.pdb,outputs/no_skip/slurm_YYDPETGTWY_amber/replica_325/replica_325_ca.pdb
219,313296986,random,YYDPETGTWY,amber,False,32.403967538457806,5.935180678565696,4.113763614069881,2.800459059047112,2.8626317427382397,21.750146250667836,7.1036596338050675,5.508595556037851,4.848916770784997,327.46,aer,4096,outputs/no_skip/slurm_YYDPETGTWY_amber/replica_219/replica_219.pdb,outputs/no_skip/slurm_YYDPETGTWY_amber/replica_219/replica_219_ca.pdb
308,313297075,random,YYDPETGTWY,amber,False,-26.904305714207062,5.937172776866912,3.2785833322202858,4.454395904536409,2.6960930194355397,21.050941311846724,7.2310011991339085,5.508595556037851,4.848916770784997,369.81,aer,4096,outputs/no_skip/slurm_YYDPETGTWY_amber/replica_308/replica_308.pdb,outputs/no_skip/slurm_YYDPETGTWY_amber/replica_308/replica_308_ca.pdb
117,313296884,random,YYDPETGTWY,amber,False,133.06659315249408,5.959414512760991,2.6994718818046803,4.418981705651426,2.152134815464144,21.916150994580427,7.31666501676256,5.508595556037851,4.848916770784997,330.93,aer,4096,outputs/no_skip/slurm_YYDPETGTWY_amber/replica_117/replica_117.pdb,outputs/no_skip/slurm_YYDPETGTWY_amber/replica_117/replica_117_ca.pdb
34,313296801,random,YYDPETGTWY,amber,False,-51.0158544356621,5.989571739573687,3.3391562161389854,2.540551198155842,2.858629950638629,20.600691422219853,7.188617482411482,5.508595556037851,4.848916770784997,306.83,aer,4096,outputs/no_skip/slurm_YYDPETGTWY_amber/replica_34/replica_34.pdb,outputs/no_skip/slurm_YYDPETGTWY_amber/replica_34/replica_34_ca.pdb
187,313296954,random,YYDPETGTWY,amber,False,-4.0942779414770305,6.002412908669864,2.4325306573376237,3.85026043100606,2.1683004934928047,21.754291126915106,7.229682192640139,5.508595556037851,4.848916770784997,244.51,aer,4096,outputs/no_skip/slurm_YYDPETGTWY_amber/replica_187/replica_187.pdb,outputs/no_skip/slurm_YYDPETGTWY_amber/replica_187/replica_187_ca.pdb
26,313296793,random,YYDPETGTWY,amber,False,48.460856289979446,6.008415814071042,2.8523743020269974,3.5114522526035525,2.235308651727953,23.310888320521943,7.438970438075038,5.508595556037851,4.848916770784997,329.95,aer,4096,outputs/no_skip/slurm_YYDPETGTWY_amber/replica_26/replica_26.pdb,outputs/no_skip/slurm_YYDPETGTWY_amber/replica_26/replica_26_ca.pdb
388,313297155,random,YYDPETGTWY,amber,False,5.442818691289654,6.011492466144388,2.881753116389848,3.69612204020516,2.923899350006926,20.2414839745606,7.040610780774444,5.508595556037851,4.848916770784997,287.88,aer,4096,outputs/no_skip/slurm_YYDPETGTWY_amber/replica_388/replica_388.pdb,outputs/no_skip/slurm_YYDPETGTWY_amber/replica_388/replica_388_ca.pdb
339,313297106,random,YYDPETGTWY,amber,False,9.032607346039015,6.013865188445823,2.6274632344594857,2.394352457296097,4.466725060730639,22.110973156311672,7.254389952669454,5.508595556037851,4.848916770784997,373.59,aer,4096,outputs/no_skip/slurm_YYDPETGTWY_amber/replica_339/replica_339.pdb,outputs/no_skip/slurm_YYDPETGTWY_amber/replica_339/replica_339_ca.pdb
166,313296933,random,YYDPETGTWY,amber,False,-2.059311622759874,6.016246535122791,3.6786748394941973,3.039699376788385,3.769464839975902,23.18089884404298,7.444961458200162,5.508595556037851,4.848916770784997,271.63,aer,4096,outputs/no_skip/slurm_YYDPETGTWY_amber/replica_166/replica_166.pdb,outputs/no_skip/slurm_YYDPETGTWY_amber/replica_166/replica_166_ca.pdb
230,313296997,random,YYDPETGTWY,amber,False,-44.46898069193166,6.022122189079282,2.088811387806177,2.8600971740937893,3.723197667795921,20.768077247413515,7.408345398162488,5.508595556037851,4.848916770784997,198.41,aer,4096,outputs/no_skip/slurm_YYDPETGTWY_amber/replica_230/replica_230.pdb,outputs/no_skip/slurm_YYDPETGTWY_amber/replica_230/replica_230_ca.pdb
143,313296910,random,YYDPETGTWY,amber,False,-36.55712989322394,6.022546473435798,2.612875692191234,3.4967826570304004,3.5440604547844647,21.943709921374133,7.131882993309093,5.508595556037851,4.848916770784997,315.11,aer,4096,outputs/no_skip/slurm_YYDPETGTWY_amber/replica_143/replica_143.pdb,outputs/no_skip/slurm_YYDPETGTWY_amber/replica_143/replica_143_ca.pdb
249,313297016,random,YYDPETGTWY,amber,False,-33.25563988018929,6.035258057014765,4.174452095269975,3.505572999254359,3.4111297148611595,21.753030180743966,7.1948397089579315,5.508595556037851,4.848916770784997,232.66,aer,4096,outputs/no_skip/slurm_YYDPETGTWY_amber/replica_249/replica_249.pdb,outputs/no_skip/slurm_YYDPETGTWY_amber/replica_249/replica_249_ca.pdb
386,313297153,random,YYDPETGTWY,amber,False,50.70881375213336,6.0382996691897635,2.5214314349978695,3.268403545199112,2.991010009957371,22.43198728594694,7.415791270130677,5.508595556037851,4.848916770784997,340.53,aer,4096,outputs/no_skip/slurm_YYDPETGTWY_amber/replica_386/replica_386.pdb,outputs/no_skip/slurm_YYDPETGTWY_amber/replica_386/replica_386_ca.pdb
137,313296904,random,YYDPETGTWY,amber,False,-36.429324587280945,6.048833492713227,3.5866933678034063,2.8603895938446073,3.0141919274943625,21.908484316811112,7.36625637301887,5.508595556037851,4.848916770784997,398.89,aer,4096,outputs/no_skip/slurm_YYDPETGTWY_amber/replica_137/replica_137.pdb,outputs/no_skip/slurm_YYDPETGTWY_amber/replica_137/replica_137_ca.pdb
8,313296775,random,YYDPETGTWY,amber,False,97.81047095145394,6.059164316679053,3.840334915554801,2.490296025889124,3.1783168243504147,20.311008631612633,7.196197841699815,5.508595556037851,4.848916770784997,280.0,aer,4096,outputs/no_skip/slurm_YYDPETGTWY_amber/replica_8/replica_8.pdb,outputs/no_skip/slurm_YYDPETGTWY_amber/replica_8/replica_8_ca.pdb
180,313296947,random,YYDPETGTWY,amber,False,-47.81883188685526,6.063550702909326,2.4671556407249007,3.2267028987436417,3.184028256873112,23.337371274235437,7.861365593429294,5.508595556037851,4.848916770784997,250.27,aer,4096,outputs/no_skip/slurm_YYDPETGTWY_amber/replica_180/replica_180.pdb,outputs/no_skip/slurm_YYDPETGTWY_amber/replica_180/replica_180_ca.pdb
296,313297063,random,YYDPETGTWY,amber,False,19.65899780624487,6.064428280855081,3.310562266804885,3.578337773269333,2.486758611715233,21.593804410113826,7.107269218346029,5.508595556037851,4.848916770784997,197.24,aer,4096,outputs/no_skip/slurm_YYDPETGTWY_amber/replica_296/replica_296.pdb,outputs/no_skip/slurm_YYDPETGTWY_amber/replica_296/replica_296_ca.pdb
256,313297023,random,YYDPETGTWY,amber,False,-45.53723727635701,6.069585690029737,3.296818474814464,2.394897385325438,2.6791060599482837,22.916491189237153,7.707922008384545,5.508595556037851,4.848916770784997,221.77,aer,4096,outputs/no_skip/slurm_YYDPETGTWY_amber/replica_256/replica_256.pdb,outputs/no_skip/slurm_YYDPETGTWY_amber/replica_256/replica_256_ca.pdb
114,313296881,random,YYDPETGTWY,amber,False,-82.0771077374836,6.073907899534393,4.447085585684168,4.150402037734696,2.952862691227548,21.36086572480556,7.346418714240006,5.508595556037851,4.848916770784997,501.68,aer,4096,outputs/no_skip/slurm_YYDPETGTWY_amber/replica_114/replica_114.pdb,outputs/no_skip/slurm_YYDPETGTWY_amber/replica_114/replica_114_ca.pdb
351,313297118,random,YYDPETGTWY,amber,False,9.155207442074792,6.093070231790503,3.3019741666158553,2.8492437011979987,2.9742312055371953,22.44004299326311,7.1813847921642155,5.508595556037851,4.848916770784997,238.38,aer,4096,outputs/no_skip/slurm_YYDPETGTWY_amber/replica_351/replica_351.pdb,outputs/no_skip/slurm_YYDPETGTWY_amber/replica_351/replica_351_ca.pdb
199,313296966,random,YYDPETGTWY,amber,False,65.78234946672221,6.093888779709682,3.697064488854802,2.2554182229359117,3.7486873675544414,20.862502856409787,7.094544684746015,5.508595556037851,4.848916770784997,237.18,aer,4096,outputs/no_skip/slurm_YYDPETGTWY_amber/replica_199/replica_199.pdb,outputs/no_skip/slurm_YYDPETGTWY_amber/replica_199/replica_199_ca.pdb
354,313297121,random,YYDPETGTWY,amber,False,18.5977319013982,6.103216000260024,3.7161221485336715,2.9735068432295044,2.8163481760165228,20.194567598941003,7.330512438843786,5.508595556037851,4.848916770784997,327.78,aer,4096,outputs/no_skip/slurm_YYDPETGTWY_amber/replica_354/replica_354.pdb,outputs/no_skip/slurm_YYDPETGTWY_amber/replica_354/replica_354_ca.pdb
146,313296913,random,YYDPETGTWY,amber,False,158.40323728972135,6.106080280941408,3.689661579471914,3.552781772285722,3.9558184386375927,21.020269825580584,7.027584517674838,5.508595556037851,4.848916770784997,351.46,aer,4096,outputs/no_skip/slurm_YYDPETGTWY_amber/replica_146/replica_146.pdb,outputs/no_skip/slurm_YYDPETGTWY_amber/replica_146/replica_146_ca.pdb
398,313297165,random,YYDPETGTWY,amber,False,-34.91801753482052,6.106544420728664,2.4086385626357614,4.3193547092093425,2.972106481448717,21.504714873824206,7.466369039103906,5.508595556037851,4.848916770784997,279.29,aer,4096,outputs/no_skip/slurm_YYDPETGTWY_amber/replica_398/replica_398.pdb,outputs/no_skip/slurm_YYDPETGTWY_amber/replica_398/replica_398_ca.pdb
107,313296874,random,YYDPETGTWY,amber,False,0.3787034153032708,6.107664320469095,2.445457990445382,4.1860400130305,3.1996169700714208,21.92674868444406,7.1882625547827335,5.508595556037851,4.848916770784997,349.04,aer,4096,outputs/no_skip/slurm_YYDPETGTWY_amber/replica_107/replica_107.pdb,outputs/no_skip/slurm_YYDPETGTWY_amber/replica_107/replica_107_ca.pdb
272,313297039,random,YYDPETGTWY,amber,False,-19.845673147425536,6.137512467551134,2.426086391654948,3.968389170258886,3.2475048630573173,22.45803524543063,7.6312596006079545,5.508595556037851,4.848916770784997,230.04,aer,4096,outputs/no_skip/slurm_YYDPETGTWY_amber/replica_272/replica_272.pdb,outputs/no_skip/slurm_YYDPETGTWY_amber/replica_272/replica_272_ca.pdb
394,313297161,random,YYDPETGTWY,amber,False,-10.496739677326547,6.1595477347381,3.6056736644737697,3.9452660906769506,3.687210521460126,23.187048259033016,7.464405521597007,5.508595556037851,4.848916770784997,382.23,aer,4096,outputs/no_skip/slurm_YYDPETGTWY_amber/replica_394/replica_394.pdb,outputs/no_skip/slurm_YYDPETGTWY_amber/replica_394/replica_394_ca.pdb
81,313296848,random,YYDPETGTWY,amber,False,-16.989242235902136,6.160226976882685,3.559930677548592,3.6301333731055605,4.711665882448656,17.758843937102647,6.705911987423367,5.508595556037851,4.848916770784997,218.41,aer,4096,outputs/no_skip/slurm_YYDPETGTWY_amber/replica_81/replica_81.pdb,outputs/no_skip/slurm_YYDPETGTWY_amber/replica_81/replica_81_ca.pdb
322,313297089,random,YYDPETGTWY,amber,False,75.31877244551971,6.164021429192022,3.1007544179658604,2.9866638752418515,3.547282286644652,22.205140302528104,7.271201684414756,5.508595556037851,4.848916770784997,305.13,aer,4096,outputs/no_skip/slurm_YYDPETGTWY_amber/replica_322/replica_322.pdb,outputs/no_skip/slurm_YYDPETGTWY_amber/replica_322/replica_322_ca.pdb
6,313296773,random,YYDPETGTWY,amber,False,27.8827286039528,6.167815468143799,3.807978849005491,3.927404905865809,2.7680304027413705,20.602662009710425,6.9735798840134375,5.508595556037851,4.848916770784997,329.18,aer,4096,outputs/no_skip/slurm_YYDPETGTWY_amber/replica_6/replica_6.pdb,outputs/no_skip/slurm_YYDPETGTWY_amber/replica_6/replica_6_ca.pdb
216,313296983,random,YYDPETGTWY,amber,False,-41.92150203959293,6.175792421594806,3.8356220885806085,3.4117425434131277,3.1165185808977527,23.60278113779441,7.575176359430472,5.508595556037851,4.848916770784997,320.04,aer,4096,outputs/no_skip/slurm_YYDPETGTWY_amber/replica_216/replica_216.pdb,outputs/no_skip/slurm_YYDPETGTWY_amber/replica_216/replica_216_ca.pdb
198,313296965,random,YYDPETGTWY,amber,False,10.657575144287488,6.179628788484841,2.9892149094438936,4.226967353813241,3.5502894061537353,22.438316260853416,7.640639878912486,5.508595556037851,4.848916770784997,185.65,aer,4096,outputs/no_skip/slurm_YYDPETGTWY_amber/replica_198/replica_198.pdb,outputs/no_skip/slurm_YYDPETGTWY_amber/replica_198/replica_198_ca.pdb
397,313297164,random,YYDPETGTWY,amber,False,-1.0352900414335728,6.183286434752987,2.342354547945079,3.003324061870646,4.501500189102992,21.688669425353474,7.046308004249712,5.508595556037851,4.848916770784997,226.93,aer,4096,outputs/no_skip/slurm_YYDPETGTWY_amber/replica_397/replica_397.pdb,outputs/no_skip/slurm_YYDPETGTWY_amber/replica_397/replica_397_ca.pdb
154,313296921,random,YYDPETGTWY,amber,False,19.49957814903667,6.194596057290068,2.6756959810158087,2.997278643444427,3.9733427106583967,21.166145076831768,7.490008960308795,5.508595556037851,4.848916770784997,364.75,aer,4096,outputs/no_skip/slurm_YYDPETGTWY_amber/replica_154/replica_154.pdb,outputs/no_skip/slurm_YYDPETGTWY_amber/replica_154/replica_154_ca.pdb
315,313297082,random,YYDPETGTWY,amber,False,20.777079783734198,6.204620114974772,2.6558271543612806,4.430031700735028,3.4363837063964944,21.77787609633691,7.39979766588738,5.508595556037851,4.848916770784997,321.97,aer,4096,outputs/no_skip/slurm_YYDPETGTWY_amber/replica_315/replica_315.pdb,outputs/no_skip/slurm_YYDPETGTWY_amber/replica_315/replica_315_ca.pdb
205,313296972,random,YYDPETGTWY,amber,False,69.73933540299245,6.207725558605632,3.9208854454836892,2.1795249259678227,2.9510054017469596,23.07244327333505,7.616952611145331,5.508595556037851,4.848916770784997,254.96,aer,4096,outputs/no_skip/slurm_YYDPETGTWY_amber/replica_205/replica_205.pdb,outputs/no_skip/slurm_YYDPETGTWY_amber/replica_205/replica_205_ca.pdb
355,313297122,random,YYDPETGTWY,amber,False,46.799419666508875,6.207896287261884,2.5598209495693522,2.8180032058706748,2.645890924121275,21.394263056296833,7.431452567786227,5.508595556037851,4.848916770784997,268.53,aer,4096,outputs/no_skip/slurm_YYDPETGTWY_amber/replica_355/replica_355.pdb,outputs/no_skip/slurm_YYDPETGTWY_amber/replica_355/replica_355_ca.pdb
301,313297068,random,YYDPETGTWY,amber,False,17.341511726281816,6.209985893218566,3.946511572262866,3.6916033090999734,3.706679178639219,21.21476455177045,7.017005009798197,5.508595556037851,4.848916770784997,542.68,aer,4096,outputs/no_skip/slurm_YYDPETGTWY_amber/replica_301/replica_301.pdb,outputs/no_skip/slurm_YYDPETGTWY_amber/replica_301/replica_301_ca.pdb
93,313296860,random,YYDPETGTWY,amber,False,65.9525811115119,6.210635323660975,4.3854773329272705,3.0249933642161713,2.969363182031195,20.869099098925428,7.216682463635958,5.508595556037851,4.848916770784997,235.78,aer,4096,outputs/no_skip/slurm_YYDPETGTWY_amber/replica_93/replica_93.pdb,outputs/no_skip/slurm_YYDPETGTWY_amber/replica_93/replica_93_ca.pdb
126,313296893,random,YYDPETGTWY,amber,False,66.80301182325063,6.214400540861078,3.0170184398334268,2.173890027720559,2.77507845673872,22.475817794311723,7.4315905586676285,5.508595556037851,4.848916770784997,226.49,aer,4096,outputs/no_skip/slurm_YYDPETGTWY_amber/replica_126/replica_126.pdb,outputs/no_skip/slurm_YYDPETGTWY_amber/replica_126/replica_126_ca.pdb
385,313297152,random,YYDPETGTWY,amber,False,51.17350728753854,6.222033555792988,4.311287178152018,4.362646204174273,2.573239216727798,21.477312671623142,7.120600295610608,5.508595556037851,4.848916770784997,202.76,aer,4096,outputs/no_skip/slurm_YYDPETGTWY_amber/replica_385/replica_385.pdb,outputs/no_skip/slurm_YYDPETGTWY_amber/replica_385/replica_385_ca.pdb
262,313297029,random,YYDPETGTWY,amber,False,96.15564334944268,6.229440951178241,3.244773295260293,3.7624210822514494,2.371375412977091,19.949268653519166,6.745159661652845,5.508595556037851,4.848916770784997,308.11,aer,4096,outputs/no_skip/slurm_YYDPETGTWY_amber/replica_262/replica_262.pdb,outputs/no_skip/slurm_YYDPETGTWY_amber/replica_262/replica_262_ca.pdb
253,313297020,random,YYDPETGTWY,amber,False,15.051925014586757,6.240150957900487,3.020643937849592,2.3581599785934455,4.2661024513351835,23.46659243734215,7.705793543453539,5.508595556037851,4.848916770784997,396.77,aer,4096,outputs/no_skip/slurm_YYDPETGTWY_amber/replica_253/replica_253.pdb,outputs/no_skip/slurm_YYDPETGTWY_amber/replica_253/replica_253_ca.pdb
391,313297158,random,YYDPETGTWY,amber,False,25.92817648798405,6.246257816557418,2.449040914763573,1.9755354517994759,2.424600385955843,21.972033146082538,7.261732558739217,5.508595556037851,4.848916770784997,274.24,aer,4096,outputs/no_skip/slurm_YYDPETGTWY_amber/replica_391/replica_391.pdb,outputs/no_skip/slurm_YYDPETGTWY_amber/replica_391/replica_391_ca.pdb
389,313297156,random,YYDPETGTWY,amber,False,-67.13277654961038,6.248796782761614,3.2804192537722945,3.9422719362777667,2.6756533664000237,22.690531170611425,7.52851039904663,5.508595556037851,4.848916770784997,429.01,aer,4096,outputs/no_skip/slurm_YYDPETGTWY_amber/replica_389/replica_389.pdb,outputs/no_skip/slurm_YYDPETGTWY_amber/replica_389/replica_389_ca.pdb
78,313296845,random,YYDPETGTWY,amber,False,-20.36944298878121,6.2497484566457695,2.698427419910627,2.6539204240492276,3.0835596097092166,20.268178887961902,6.704762638192322,5.508595556037851,4.848916770784997,264.22,aer,4096,outputs/no_skip/slurm_YYDPETGTWY_amber/replica_78/replica_78.pdb,outputs/no_skip/slurm_YYDPETGTWY_amber/replica_78/replica_78_ca.pdb
19,313296786,random,YYDPETGTWY,amber,False,-28.953253319611537,6.253480292078436,3.360914068226866,2.3302038477650813,2.8737634133208547,23.768182917974197,7.7840271045998115,5.508595556037851,4.848916770784997,271.31,aer,4096,outputs/no_skip/slurm_YYDPETGTWY_amber/replica_19/replica_19.pdb,outputs/no_skip/slurm_YYDPETGTWY_amber/replica_19/replica_19_ca.pdb
121,313296888,random,YYDPETGTWY,amber,False,36.211991508009724,6.263507737591346,3.0463950167520304,3.946642850655431,3.5011577186752207,22.153026313499556,7.375659376150154,5.508595556037851,4.848916770784997,338.88,aer,4096,outputs/no_skip/slurm_YYDPETGTWY_amber/replica_121/replica_121.pdb,outputs/no_skip/slurm_YYDPETGTWY_amber/replica_121/replica_121_ca.pdb
344,313297111,random,YYDPETGTWY,amber,False,117.29988325587075,6.265650191137317,2.353900180173484,2.6825739983607333,2.586717124102468,21.551886128527983,7.419114218260481,5.508595556037851,4.848916770784997,216.5,aer,4096,outputs/no_skip/slurm_YYDPETGTWY_amber/replica_344/replica_344.pdb,outputs/no_skip/slurm_YYDPETGTWY_amber/replica_344/replica_344_ca.pdb
229,313296996,random,YYDPETGTWY,amber,False,50.10124229328944,6.272477549685726,3.2994613376627036,2.3382639211780907,4.057156344971451,22.465276555079747,7.688233441654743,5.508595556037851,4.848916770784997,338.56,aer,4096,outputs/no_skip/slurm_YYDPETGTWY_amber/replica_229/replica_229.pdb,outputs/no_skip/slurm_YYDPETGTWY_amber/replica_229/replica_229_ca.pdb
240,313297007,random,YYDPETGTWY,amber,False,-12.325228374180874,6.275984180624179,2.479182499651997,3.848709739622184,3.5161320052164013,23.16022076481491,7.473368777344305,5.508595556037851,4.848916770784997,348.28,aer,4096,outputs/no_skip/slurm_YYDPETGTWY_amber/replica_240/replica_240.pdb,outputs/no_skip/slurm_YYDPETGTWY_amber/replica_240/replica_240_ca.pdb
68,313296835,random,YYDPETGTWY,amber,False,95.07155795696053,6.2766185297807064,2.8473075272059623,3.5291296706884863,3.4487357364936,22.114634955554088,7.300278970855551,5.508595556037851,4.848916770784997,281.52,aer,4096,outputs/no_skip/slurm_YYDPETGTWY_amber/replica_68/replica_68.pdb,outputs/no_skip/slurm_YYDPETGTWY_amber/replica_68/replica_68_ca.pdb
2,313296769,random,YYDPETGTWY,amber,False,153.64824871548467,6.285860471734281,2.9388145533523486,4.021073727668477,2.246806326104895,21.761570844986103,7.5220922866055115,5.508595556037851,4.848916770784997,422.8,aer,4096,outputs/no_skip/slurm_YYDPETGTWY_amber/replica_2/replica_2.pdb,outputs/no_skip/slurm_YYDPETGTWY_amber/replica_2/replica_2_ca.pdb
148,313296915,random,YYDPETGTWY,amber,False,-12.593374283158758,6.288492414381519,2.7181012428442943,3.271570274882684,1.972987788362529,23.28584144123703,7.833915713349471,5.508595556037851,4.848916770784997,335.26,aer,4096,outputs/no_skip/slurm_YYDPETGTWY_amber/replica_148/replica_148.pdb,outputs/no_skip/slurm_YYDPETGTWY_amber/replica_148/replica_148_ca.pdb
54,313296821,random,YYDPETGTWY,amber,False,86.63634954991349,6.288890111968472,4.181913735437944,3.345740956976764,3.3852539681534326,22.56481289168975,7.429820217923245,5.508595556037851,4.848916770784997,217.26,aer,4096,outputs/no_skip/slurm_YYDPETGTWY_amber/replica_54/replica_54.pdb,outputs/no_skip/slurm_YYDPETGTWY_amber/replica_54/replica_54_ca.pdb
52,313296819,random,YYDPETGTWY,amber,False,2.9716309593652266,6.28968494047048,2.166688424225477,3.2954922716982256,3.645175214562999,22.405059774751873,7.547129914766203,5.508595556037851,4.848916770784997,240.46,aer,4096,outputs/no_skip/slurm_YYDPETGTWY_amber/replica_52/replica_52.pdb,outputs/no_skip/slurm_YYDPETGTWY_amber/replica_52/replica_52_ca.pdb
21,313296788,random,YYDPETGTWY,amber,False,-82.64581400044585,6.295211854161085,2.376769794036706,3.3875561760615516,1.8942921533811672,21.698382384091193,7.196880165614856,5.508595556037851,4.848916770784997,509.04,aer,4096,outputs/no_skip/slurm_YYDPETGTWY_amber/replica_21/replica_21.pdb,outputs/no_skip/slurm_YYDPETGTWY_amber/replica_21/replica_21_ca.pdb
103,313296870,random,YYDPETGTWY,amber,False,10.285019994896013,6.29792886309775,2.7196747178868113,4.352760328532644,2.2811407816272053,22.635334385333312,7.3819963492992375,5.508595556037851,4.848916770784997,246.07,aer,4096,outputs/no_skip/slurm_YYDPETGTWY_amber/replica_103/replica_103.pdb,outputs/no_skip/slurm_YYDPETGTWY_amber/replica_103/replica_103_ca.pdb
245,313297012,random,YYDPETGTWY,amber,False,9.748020708719581,6.303257198400478,3.404578424796334,2.2199808766665714,2.762488734668082,20.298465002730357,6.804813548889584,5.508595556037851,4.848916770784997,366.92,aer,4096,outputs/no_skip/slurm_YYDPETGTWY_amber/replica_245/replica_245.pdb,outputs/no_skip/slurm_YYDPETGTWY_amber/replica_245/replica_245_ca.pdb
82,313296849,random,YYDPETGTWY,amber,False,85.37130675274821,6.305537987003725,3.844415200501752,3.6006106780966576,3.058207225849176,19.51197523428694,6.828399898373709,5.508595556037851,4.848916770784997,197.38,aer,4096,outputs/no_skip/slurm_YYDPETGTWY_amber/replica_82/replica_82.pdb,outputs/no_skip/slurm_YYDPETGTWY_amber/replica_82/replica_82_ca.pdb
278,313297045,random,YYDPETGTWY,amber,False,-84.31499600227403,6.306645332276696,3.0373419101114125,3.1292980311719902,3.953597767992894,22.952266352888795,7.4646539782081245,5.508595556037851,4.848916770784997,318.73,aer,4096,outputs/no_skip/slurm_YYDPETGTWY_amber/replica_278/replica_278.pdb,outputs/no_skip/slurm_YYDPETGTWY_amber/replica_278/replica_278_ca.pdb
22,313296789,random,YYDPETGTWY,amber,False,-48.560078496775105,6.307256833854903,2.8375164298694737,3.1993583854283547,3.257246774388046,22.927355229410118,7.469861642047029,5.508595556037851,4.848916770784997,273.41,aer,4096,outputs/no_skip/slurm_YYDPETGTWY_amber/replica_22/replica_22.pdb,outputs/no_skip/slurm_YYDPETGTWY_amber/replica_22/replica_22_ca.pdb
59,313296826,random,YYDPETGTWY,amber,False,110.59036352891309,6.313963795372995,2.452125740369325,3.3970531731956353,3.51335007758685,22.156419542272296,7.396562887896264,5.508595556037851,4.848916770784997,468.93,aer,4096,outputs/no_skip/slurm_YYDPETGTWY_amber/replica_59/replica_59.pdb,outputs/no_skip/slurm_YYDPETGTWY_amber/replica_59/replica_59_ca.pdb
176,313296943,random,YYDPETGTWY,amber,False,3.6730732950323324,6.316612640628795,3.570011424746586,3.0253226471811026,2.8064290793958637,22.087287931911646,7.171019447698104,5.508595556037851,4.848916770784997,347.92,aer,4096,outputs/no_skip/slurm_YYDPETGTWY_amber/replica_176/replica_176.pdb,outputs/no_skip/slurm_YYDPETGTWY_amber/replica_176/replica_176_ca.pdb
77,313296844,random,YYDPETGTWY,amber,False,-2.78324934191947,6.318227120934256,2.101761579511841,2.3834572974366237,3.5731019133606505,22.46896218709597,7.39527802523581,5.508595556037851,4.848916770784997,376.31,aer,4096,outputs/no_skip/slurm_YYDPETGTWY_amber/replica_77/replica_77.pdb,outputs/no_skip/slurm_YYDPETGTWY_amber/replica_77/replica_77_ca.pdb
248,313297015,random,YYDPETGTWY,amber,False,-31.111351657167962,6.320926821031061,3.392481467763402,3.1435864051849967,3.068699787517704,23.069945162425583,7.500992885272853,5.508595556037851,4.848916770784997,404.66,aer,4096,outputs/no_skip/slurm_YYDPETGTWY_amber/replica_248/replica_248.pdb,outputs/no_skip/slurm_YYDPETGTWY_amber/replica_248/replica_248_ca.pdb
14,313296781,random,YYDPETGTWY,amber,False,7.779079278365296,6.332703781362828,2.9402082406776047,3.7134749503647604,4.155375632437148,22.2818063370712,7.465118108726082,5.508595556037851,4.848916770784997,274.59,aer,4096,outputs/no_skip/slurm_YYDPETGTWY_amber/replica_14/replica_14.pdb,outputs/no_skip/slurm_YYDPETGTWY_amber/replica_14/replica_14_ca.pdb
25,313296792,random,YYDPETGTWY,amber,False,11.402754314090856,6.350525215518196,3.2034411139947823,3.6319644305696417,3.9017975687542434,21.9651947141333,7.202964316949386,5.508595556037851,4.848916770784997,382.45,aer,4096,outputs/no_skip/slurm_YYDPETGTWY_amber/replica_25/replica_25.pdb,outputs/no_skip/slurm_YYDPETGTWY_amber/replica_25/replica_25_ca.pdb
226,313296993,random,YYDPETGTWY,amber,False,-7.256827425022012,6.3593279360227335,3.607594399527817,3.9352016909613665,2.931673216856707,20.6717568275831,6.926224907153906,5.508595556037851,4.848916770784997,336.04,aer,4096,outputs/no_skip/slurm_YYDPETGTWY_amber/replica_226/replica_226.pdb,outputs/no_skip/slurm_YYDPETGTWY_amber/replica_226/replica_226_ca.pdb
131,313296898,random,YYDPETGTWY,amber,False,25.615311989801803,6.361043065687479,3.340775804881481,2.1455360115191175,2.6558198678856586,21.41896409566748,7.343833820055484,5.508595556037851,4.848916770784997,232.76,aer,4096,outputs/no_skip/slurm_YYDPETGTWY_amber/replica_131/replica_131.pdb,outputs/no_skip/slurm_YYDPETGTWY_amber/replica_131/replica_131_ca.pdb
60,313296827,random,YYDPETGTWY,amber,False,48.66824128208885,6.3830605111844205,3.2365942727682357,3.443496479907878,3.736989447947668,22.380165220045566,7.669674283193684,5.508595556037851,4.848916770784997,187.94,aer,4096,outputs/no_skip/slurm_YYDPETGTWY_amber/replica_60/replica_60.pdb,outputs/no_skip/slurm_YYDPETGTWY_amber/replica_60/replica_60_ca.pdb
264,313297031,random,YYDPETGTWY,amber,False,8.370353776659545,6.4087631107412735,2.6762231608812863,3.533612833926552,2.9655811257359264,23.032490255826332,7.724686650364797,5.508595556037851,4.848916770784997,355.35,aer,4096,outputs/no_skip/slurm_YYDPETGTWY_amber/replica_264/replica_264.pdb,outputs/no_skip/slurm_YYDPETGTWY_amber/replica_264/replica_264_ca.pdb
102,313296869,random,YYDPETGTWY,amber,False,-52.60777935534052,6.414403681916929,3.1136908214832766,2.87290347657391,3.646470201740611,22.344146298006418,7.346329436117203,5.508595556037851,4.848916770784997,253.45,aer,4096,outputs/no_skip/slurm_YYDPETGTWY_amber/replica_102/replica_102.pdb,outputs/no_skip/slurm_YYDPETGTWY_amber/replica_102/replica_102_ca.pdb
215,313296982,random,YYDPETGTWY,amber,False,-35.061722379715185,6.417328970343126,3.473982908920185,3.498975318280723,2.855212165440738,21.985553796641412,7.120349929927937,5.508595556037851,4.848916770784997,263.48,aer,4096,outputs/no_skip/slurm_YYDPETGTWY_amber/replica_215/replica_215.pdb,outputs/no_skip/slurm_YYDPETGTWY_amber/replica_215/replica_215_ca.pdb
135,313296902,random,YYDPETGTWY,amber,False,-50.232530689852474,6.42037607181926,2.9700947776482547,3.492301354759269,3.4377751701749,23.239515287664023,7.573771132109472,5.508595556037851,4.848916770784997,380.98,aer,4096,outputs/no_skip/slurm_YYDPETGTWY_amber/replica_135/replica_135.pdb,outputs/no_skip/slurm_YYDPETGTWY_amber/replica_135/replica_135_ca.pdb
57,313296824,random,YYDPETGTWY,amber,False,50.59618954779191,6.421480565014763,2.5956556313255623,2.010667235175569,2.7658041310097157,22.822865068257062,7.549191302507073,5.508595556037851,4.848916770784997,246.97,aer,4096,outputs/no_skip/slurm_YYDPETGTWY_amber/replica_57/replica_57.pdb,outputs/no_skip/slurm_YYDPETGTWY_amber/replica_57/replica_57_ca.pdb
235,313297002,random,YYDPETGTWY,amber,False,-29.071778238255842,6.421772455616379,3.6806693682920506,3.028559541054427,2.4026580276069502,22.569994321479395,7.622342381164328,5.508595556037851,4.848916770784997,249.9,aer,4096,outputs/no_skip/slurm_YYDPETGTWY_amber/replica_235/replica_235.pdb,outputs/no_skip/slurm_YYDPETGTWY_amber/replica_235/replica_235_ca.pdb
376,313297143,random,YYDPETGTWY,amber,False,-46.59736747931703,6.42663002442614,2.791999355400642,2.5046129628651497,3.146536124070864,23.069752011175904,7.712521127827009,5.508595556037851,4.848916770784997,289.85,aer,4096,outputs/no_skip/slurm_YYDPETGTWY_amber/replica_376/replica_376.pdb,outputs/no_skip/slurm_YYDPETGTWY_amber/replica_376/replica_376_ca.pdb
283,313297050,random,YYDPETGTWY,amber,False,164.99493669612986,6.427137545356891,2.8040087670948384,3.217109216857996,3.0215588721791096,22.62659113870452,7.487094279741985,5.508595556037851,4.848916770784997,284.05,aer,4096,outputs/no_skip/slurm_YYDPETGTWY_amber/replica_283/replica_283.pdb,outputs/no_skip/slurm_YYDPETGTWY_amber/replica_283/replica_283_ca.pdb
336,313297103,random,YYDPETGTWY,amber,False,28.013591186745575,6.4277088297856615,2.667939798340651,3.827037861455739,2.76903775499493,23.505538794902908,7.6873322305298695,5.508595556037851,4.848916770784997,268.34,aer,4096,outputs/no_skip/slurm_YYDPETGTWY_amber/replica_336/replica_336.pdb,outputs/no_skip/slurm_YYDPETGTWY_amber/replica_336/replica_336_ca.pdb
214,313296981,random,YYDPETGTWY,amber,False,-31.913210282361064,6.427779706203628,3.968868130022727,2.4724231519772064,2.736597470253058,21.19161357927674,7.182823363808582,5.508595556037851,4.848916770784997,338.02,aer,4096,outputs/no_skip/slurm_YYDPETGTWY_amber/replica_214/replica_214.pdb,outputs/no_skip/slurm_YYDPETGTWY_amber/replica_214/replica_214_ca.pdb
317,313297084,random,YYDPETGTWY,amber,False,24.81468880585468,6.429267788461489,1.761096307191544,2.99658830647334,3.3713587851408957,23.005846024560725,7.598859874627622,5.508595556037851,4.848916770784997,259.15,aer,4096,outputs/no_skip/slurm_YYDPETGTWY_amber/replica_317/replica_317.pdb,outputs/no_skip/slurm_YYDPETGTWY_amber/replica_317/replica_317_ca.pdb
370,313297137,random,YYDPETGTWY,amber,False,-16.38211927278172,6.430492940378537,2.522906019234266,2.6991515914957356,3.904919371701854,22.39163898411025,7.744443094664533,5.508595556037851,4.848916770784997,227.56,aer,4096,outputs/no_skip/slurm_YYDPETGTWY_amber/replica_370/replica_370.pdb,outputs/no_skip/slurm_YYDPETGTWY_amber/replica_370/replica_370_ca.pdb
155,313296922,random,YYDPETGTWY,amber,False,-62.15886850526161,6.431166911081755,3.250292994854883,3.8418108254845875,3.435965718978231,22.2214123471474,7.417565187561004,5.508595556037851,4.848916770784997,296.84,aer,4096,outputs/no_skip/slurm_YYDPETGTWY_amber/replica_155/replica_155.pdb,outputs/no_skip/slurm_YYDPETGTWY_amber/replica_155/replica_155_ca.pdb
270,313297037,random,YYDPETGTWY,amber,False,33.60780938855403,6.43644209686409,3.7871474768095283,3.2824984047098305,3.161016889757863,23.758935242329308,7.7547234902009325,5.508595556037851,4.848916770784997,258.82,aer,4096,outputs/no_skip/slurm_YYDPETGTWY_amber/replica_270/replica_270.pdb,outputs/no_skip/slurm_YYDPETGTWY_amber/replica_270/replica_270_ca.pdb
375,313297142,random,YYDPETGTWY,amber,False,28.02913565300601,6.441057675024736,3.1754553432967634,3.5340510582013533,3.4984280921757445,22.682807776409167,7.579205159611405,5.508595556037851,4.848916770784997,236.03,aer,4096,outputs/no_skip/slurm_YYDPETGTWY_amber/replica_375/replica_375.pdb,outputs/no_skip/slurm_YYDPETGTWY_amber/replica_375/replica_375_ca.pdb
329,313297096,random,YYDPETGTWY,amber,False,-13.396587720549872,6.453511447519961,3.412309268130375,4.222453910566351,3.7877214838797815,23.005313021855066,7.683878646885072,5.508595556037851,4.848916770784997,282.59,aer,4096,outputs/no_skip/slurm_YYDPETGTWY_amber/replica_329/replica_329.pdb,outputs/no_skip/slurm_YYDPETGTWY_amber/replica_329/replica_329_ca.pdb
62,313296829,random,YYDPETGTWY,amber,False,-13.018627487688002,6.4588166741423665,3.850356440271435,2.9402024505877997,3.512094379198004,24.23134475306209,7.780346262093982,5.508595556037851,4.848916770784997,241.67,aer,4096,outputs/no_skip/slurm_YYDPETGTWY_amber/replica_62/replica_62.pdb,outputs/no_skip/slurm_YYDPETGTWY_amber/replica_62/replica_62_ca.pdb
395,313297162,random,YYDPETGTWY,amber,False,5.815444404729756,6.467596116034195,3.0140317205752005,3.365706951679282,3.2202671893237853,23.023014458952883,7.344550251122214,5.508595556037851,4.848916770784997,341.73,aer,4096,outputs/no_skip/slurm_YYDPETGTWY_amber/replica_395/replica_395.pdb,outputs/no_skip/slurm_YYDPETGTWY_amber/replica_395/replica_395_ca.pdb
291,313297058,random,YYDPETGTWY,amber,False,3.5932359602788826,6.46800492339474,2.3290063362126157,3.1374154205648166,2.660009898752936,22.571703599773013,7.4343403306120255,5.508595556037851,4.848916770784997,271.07,aer,4096,outputs/no_skip/slurm_YYDPETGTWY_amber/replica_291/replica_291.pdb,outputs/no_skip/slurm_YYDPETGTWY_amber/replica_291/replica_291_ca.pdb
203,313296970,random,YYDPETGTWY,amber,False,-7.346305093985549,6.476095440589066,3.0431603303370047,3.1530302371928807,3.041617077306048,21.780207064349113,7.55058476033746,5.508595556037851,4.848916770784997,183.27,aer,4096,outputs/no_skip/slurm_YYDPETGTWY_amber/replica_203/replica_203.pdb,outputs/no_skip/slurm_YYDPETGTWY_amber/replica_203/replica_203_ca.pdb
136,313296903,random,YYDPETGTWY,amber,False,-11.560050528396681,6.484895414438504,3.236191050769777,3.424779652650545,2.9890098454294227,22.78525165648042,7.5147294801344655,5.508595556037851,4.848916770784997,238.75,aer,4096,outputs/no_skip/slurm_YYDPETGTWY_amber/replica_136/replica_136.pdb,outputs/no_skip/slurm_YYDPETGTWY_amber/replica_136/replica_136_ca.pdb
316,313297083,random,YYDPETGTWY,amber,False,6.260457214732793,6.485727446571853,3.887529331294992,3.846619990508888,2.4961231552231307,23.48173456616436,7.521555998256403,5.508595556037851,4.848916770784997,208.8,aer,4096,outputs/no_skip/slurm_YYDPETGTWY_amber/replica_316/replica_316.pdb,outputs/no_skip/slurm_YYDPETGTWY_amber/replica_316/replica_316_ca.pdb
87,313296854,random,YYDPETGTWY,amber,False,-18.975260166749514,6.4950605764532545,4.175636261510878,4.123437684944101,3.021078510108932,22.581729228474305,7.618254070520298,5.508595556037851,4.848916770784997,247.55,aer,4096,outputs/no_skip/slurm_YYDPETGTWY_amber/replica_87/replica_87.pdb,outputs/no_skip/slurm_YYDPETGTWY_amber/replica_87/replica_87_ca.pdb
36,313296803,random,YYDPETGTWY,amber,False,-36.29861994567373,6.4963653044922145,3.7315612081803105,3.7623229898819903,3.35616664530431,19.684823140112393,6.913650733924409,5.508595556037851,4.848916770784997,387.0,aer,4096,outputs/no_skip/slurm_YYDPETGTWY_amber/replica_36/replica_36.pdb,outputs/no_skip/slurm_YYDPETGTWY_amber/replica_36/replica_36_ca.pdb
319,313297086,random,YYDPETGTWY,amber,False,29.928264293756623,6.4976160210483,2.9265425364803903,3.354010819813518,2.6255646622980606,23.952728164610885,7.865002129790762,5.508595556037851,4.848916770784997,346.5,aer,4096,outputs/no_skip/slurm_YYDPETGTWY_amber/replica_319/replica_319.pdb,outputs/no_skip/slurm_YYDPETGTWY_amber/replica_319/replica_319_ca.pdb
172,313296939,random,YYDPETGTWY,amber,False,53.53841106034884,6.504178069437632,3.889154720014266,3.739141165740516,2.5681414563050877,22.94728882739576,7.651201173881829,5.508595556037851,4.848916770784997,311.52,aer,4096,outputs/no_skip/slurm_YYDPETGTWY_amber/replica_172/replica_172.pdb,outputs/no_skip/slurm_YYDPETGTWY_amber/replica_172/replica_172_ca.pdb
86,313296853,random,YYDPETGTWY,amber,False,40.49794113260305,6.510991665261611,2.285275027956454,3.799093610503615,3.6094448347980324,21.981949238127925,7.502700834524895,5.508595556037851,4.848916770784997,253.64,aer,4096,outputs/no_skip/slurm_YYDPETGTWY_amber/replica_86/replica_86.pdb,outputs/no_skip/slurm_YYDPETGTWY_amber/replica_86/replica_86_ca.pdb
263,313297030,random,YYDPETGTWY,amber,False,71.3819273468546,6.513476653798476,2.451961443389763,3.7994084087306237,3.887037937026299,23.563076052365943,7.731489063956741,5.508595556037851,4.848916770784997,376.55,aer,4096,outputs/no_skip/slurm_YYDPETGTWY_amber/replica_263/replica_263.pdb,outputs/no_skip/slurm_YYDPETGTWY_amber/replica_263/replica_263_ca.pdb
150,313296917,random,YYDPETGTWY,amber,False,13.72201167002894,6.515550020122073,3.306933584303576,3.6480028999064693,2.5132790573224386,21.575451644658724,7.224926505377275,5.508595556037851,4.848916770784997,247.71,aer,4096,outputs/no_skip/slurm_YYDPETGTWY_amber/replica_150/replica_150.pdb,outputs/no_skip/slurm_YYDPETGTWY_amber/replica_150/replica_150_ca.pdb
373,313297140,random,YYDPETGTWY,amber,False,62.38381401841315,6.5171518775440225,3.290739703008725,3.686553582251491,3.7941214716960503,22.62520343131987,7.4231118502916225,5.508595556037851,4.848916770784997,229.34,aer,4096,outputs/no_skip/slurm_YYDPETGTWY_amber/replica_373/replica_373.pdb,outputs/no_skip/slurm_YYDPETGTWY_amber/replica_373/replica_373_ca.pdb
366,313297133,random,YYDPETGTWY,amber,False,28.695539925495215,6.517410410530346,3.5444950311511962,2.676341689415166,3.3683177957302393,22.646110131431946,7.57418061543336,5.508595556037851,4.848916770784997,271.45,aer,4096,outputs/no_skip/slurm_YYDPETGTWY_amber/replica_366/replica_366.pdb,outputs/no_skip/slurm_YYDPETGTWY_amber/replica_366/replica_366_ca.pdb
169,313296936,random,YYDPETGTWY,amber,False,-17.790237561754754,6.526360782995007,2.458352694541746,3.4716441512492735,2.2683932255252475,22.411547654098673,7.314386884769919,5.508595556037851,4.848916770784997,389.25,aer,4096,outputs/no_skip/slurm_YYDPETGTWY_amber/replica_169/replica_169.pdb,outputs/no_skip/slurm_YYDPETGTWY_amber/replica_169/replica_169_ca.pdb
340,313297107,random,YYDPETGTWY,amber,False,-86.19900820213147,6.530230092147766,3.49507190471393,3.559375882653388,3.0859251125098885,22.633679850292943,7.677338131515254,5.508595556037851,4.848916770784997,210.45,aer,4096,outputs/no_skip/slurm_YYDPETGTWY_amber/replica_340/replica_340.pdb,outputs/no_skip/slurm_YYDPETGTWY_amber/replica_340/replica_340_ca.pdb
37,313296804,random,YYDPETGTWY,amber,False,38.107499743297765,6.532514158085491,3.6861617062501755,3.1815450243165406,2.5913363169507844,23.75160857632262,7.667890060228435,5.508595556037851,4.848916770784997,290.94,aer,4096,outputs/no_skip/slurm_YYDPETGTWY_amber/replica_37/replica_37.pdb,outputs/no_skip/slurm_YYDPETGTWY_amber/replica_37/replica_37_ca.pdb
115,313296882,random,YYDPETGTWY,amber,False,-24.844000932144162,6.54791274458904,3.69388301589471,3.1343664225539523,2.625990705549108,23.35087205945922,7.5160696067838035,5.508595556037851,4.848916770784997,251.79,aer,4096,outputs/no_skip/slurm_YYDPETGTWY_amber/replica_115/replica_115.pdb,outputs/no_skip/slurm_YYDPETGTWY_amber/replica_115/replica_115_ca.pdb
4,313296771,random,YYDPETGTWY,amber,False,16.088967240284333,6.548523073388314,4.101875434315759,3.391551196753377,3.174686780838172,23.270922726045765,7.488777681513726,5.508595556037851,4.848916770784997,282.31,aer,4096,outputs/no_skip/slurm_YYDPETGTWY_amber/replica_4/replica_4.pdb,outputs/no_skip/slurm_YYDPETGTWY_amber/replica_4/replica_4_ca.pdb
75,313296842,random,YYDPETGTWY,amber,False,-3.584938379308399,6.556645907120665,2.921550682396637,2.4709879162171755,4.010574215100326,20.74363093183523,6.976026806792886,5.508595556037851,4.848916770784997,334.48,aer,4096,outputs/no_skip/slurm_YYDPETGTWY_amber/replica_75/replica_75.pdb,outputs/no_skip/slurm_YYDPETGTWY_amber/replica_75/replica_75_ca.pdb
280,313297047,random,YYDPETGTWY,amber,False,-15.156086500259585,6.561517170821031,3.2815606753232327,4.2075227908562445,2.7222023279794048,22.406747634607047,7.4958049702451435,5.508595556037851,4.848916770784997,453.32,aer,4096,outputs/no_skip/slurm_YYDPETGTWY_amber/replica_280/replica_280.pdb,outputs/no_skip/slurm_YYDPETGTWY_amber/replica_280/replica_280_ca.pdb
119,313296886,random,YYDPETGTWY,amber,False,-44.547265155133715,6.561640682006997,2.689032377222978,3.6587767175742942,3.782540972022972,22.975417437341168,7.683222951736671,5.508595556037851,4.848916770784997,310.14,aer,4096,outputs/no_skip/slurm_YYDPETGTWY_amber/replica_119/replica_119.pdb,outputs/no_skip/slurm_YYDPETGTWY_amber/replica_119/replica_119_ca.pdb
328,313297095,random,YYDPETGTWY,amber,False,-16.028562207006733,6.567590922548938,3.7741691635103645,2.9987194212441137,3.5994475696264545,23.77930309396535,7.77947751893381,5.508595556037851,4.848916770784997,223.95,aer,4096,outputs/no_skip/slurm_YYDPETGTWY_amber/replica_328/replica_328.pdb,outputs/no_skip/slurm_YYDPETGTWY_amber/replica_328/replica_328_ca.pdb
200,313296967,random,YYDPETGTWY,amber,False,-49.531903111779236,6.571709808383309,2.887297582626696,2.545179065506943,2.1989031115647752,23.560435738909952,7.534288584201478,5.508595556037851,4.848916770784997,268.28,aer,4096,outputs/no_skip/slurm_YYDPETGTWY_amber/replica_200/replica_200.pdb,outputs/no_skip/slurm_YYDPETGTWY_amber/replica_200/replica_200_ca.pdb
132,313296899,random,YYDPETGTWY,amber,False,64.57224058744285,6.572863073554879,3.408674130565385,1.7267353824400788,2.185697510607078,24.07030859816849,7.94940524366935,5.508595556037851,4.848916770784997,291.58,aer,4096,outputs/no_skip/slurm_YYDPETGTWY_amber/replica_132/replica_132.pdb,outputs/no_skip/slurm_YYDPETGTWY_amber/replica_132/replica_132_ca.pdb
38,313296805,random,YYDPETGTWY,amber,False,-13.865805064119208,6.597378169745037,3.9597027014127373,3.752110598791233,3.3300414651727945,22.34676027784776,7.489493978624337,5.508595556037851,4.848916770784997,645.15,aer,4096,outputs/no_skip/slurm_YYDPETGTWY_amber/replica_38/replica_38.pdb,outputs/no_skip/slurm_YYDPETGTWY_amber/replica_38/replica_38_ca.pdb
89,313296856,random,YYDPETGTWY,amber,False,-24.414949784767725,6.60991609544743,3.5129763321887384,3.010024946648482,4.051563528820097,23.56531653510897,7.630716346546366,5.508595556037851,4.848916770784997,264.31,aer,4096,outputs/no_skip/slurm_YYDPETGTWY_amber/replica_89/replica_89.pdb,outputs/no_skip/slurm_YYDPETGTWY_amber/replica_89/replica_89_ca.pdb
381,313297148,random,YYDPETGTWY,amber,False,-54.075014574504905,6.6117784804773745,3.1855153587061498,3.19480353915897,3.0688955375418168,22.122800631998974,7.345822066190183,5.508595556037851,4.848916770784997,402.94,aer,4096,outputs/no_skip/slurm_YYDPETGTWY_amber/replica_381/replica_381.pdb,outputs/no_skip/slurm_YYDPETGTWY_amber/replica_381/replica_381_ca.pdb
260,313297027,random,YYDPETGTWY,amber,False,42.240485827976585,6.625177440966369,3.858172681018849,2.819303274067263,1.9029770404086226,24.44699614841973,7.910047256971637,5.508595556037851,4.848916770784997,304.86,aer,4096,outputs/no_skip/slurm_YYDPETGTWY_amber/replica_260/replica_260.pdb,outputs/no_skip/slurm_YYDPETGTWY_amber/replica_260/replica_260_ca.pdb
10,313296777,random,YYDPETGTWY,amber,False,-56.13435361559076,6.646999932374991,2.367421587559225,3.9331576175523013,2.8904112880559474,22.605850145939023,7.4164873621865475,5.508595556037851,4.848916770784997,388.12,aer,4096,outputs/no_skip/slurm_YYDPETGTWY_amber/replica_10/replica_10.pdb,outputs/no_skip/slurm_YYDPETGTWY_amber/replica_10/replica_10_ca.pdb
142,313296909,random,YYDPETGTWY,amber,False,-13.212629072027694,6.651737652939957,3.061464540186453,3.12540620471198,3.263850147944205,23.246345890363163,7.523123280859171,5.508595556037851,4.848916770784997,416.54,aer,4096,outputs/no_skip/slurm_YYDPETGTWY_amber/replica_142/replica_142.pdb,outputs/no_skip/slurm_YYDPETGTWY_amber/replica_142/replica_142_ca.pdb
175,313296942,random,YYDPETGTWY,amber,False,-63.65905534388317,6.664046112459592,3.687589347980821,2.4240222474580606,3.4193479739498525,23.76016169836549,7.869966172518366,5.508595556037851,4.848916770784997,276.93,aer,4096,outputs/no_skip/slurm_YYDPETGTWY_amber/replica_175/replica_175.pdb,outputs/no_skip/slurm_YYDPETGTWY_amber/replica_175/replica_175_ca.pdb
347,313297114,random,YYDPETGTWY,amber,False,164.20172850876457,6.6691749758778744,3.0456458700670566,3.101053447076455,3.0781193186422744,23.6735840766285,7.5630469836798975,5.508595556037851,4.848916770784997,503.5,aer,4096,outputs/no_skip/slurm_YYDPETGTWY_amber/replica_347/replica_347.pdb,outputs/no_skip/slurm_YYDPETGTWY_amber/replica_347/replica_347_ca.pdb
95,313296862,random,YYDPETGTWY,amber,False,-103.05795930575128,6.674660109294922,3.302277247177738,3.148461526535926,2.686966458385217,24.362581411320978,7.8893426632013375,5.508595556037851,4.848916770784997,498.87,aer,4096,outputs/no_skip/slurm_YYDPETGTWY_amber/replica_95/replica_95.pdb,outputs/no_skip/slurm_YYDPETGTWY_amber/replica_95/replica_95_ca.pdb
99,313296866,random,YYDPETGTWY,amber,False,9.776573025415027,6.680720821705988,3.769589399042951,3.101455177996931,3.1531378363912,23.365793724793765,8.010523310823475,5.508595556037851,4.848916770784997,260.88,aer,4096,outputs/no_skip/slurm_YYDPETGTWY_amber/replica_99/replica_99.pdb,outputs/no_skip/slurm_YYDPETGTWY_amber/replica_99/replica_99_ca.pdb
173,313296940,random,YYDPETGTWY,amber,False,-26.477307005414914,6.698009874499003,4.05117213948462,3.4864151959451823,3.1924018802729535,22.666721518743394,7.538130812570088,5.508595556037851,4.848916770784997,320.65,aer,4096,outputs/no_skip/slurm_YYDPETGTWY_amber/replica_173/replica_173.pdb,outputs/no_skip/slurm_YYDPETGTWY_amber/replica_173/replica_173_ca.pdb
379,313297146,random,YYDPETGTWY,amber,False,7.658804158467495,6.701875446047482,2.922515432366832,2.068315303786757,3.2529487540133797,23.620955881931636,7.776803686787629,5.508595556037851,4.848916770784997,204.03,aer,4096,outputs/no_skip/slurm_YYDPETGTWY_amber/replica_379/replica_379.pdb,outputs/no_skip/slurm_YYDPETGTWY_amber/replica_379/replica_379_ca.pdb
30,313296797,random,YYDPETGTWY,amber,False,-36.40511368143801,6.7060445030773295,3.712846157998117,3.847606265618966,2.644654965163777,23.83423994409272,7.851280844153512,5.508595556037851,4.848916770784997,319.57,aer,4096,outputs/no_skip/slurm_YYDPETGTWY_amber/replica_30/replica_30.pdb,outputs/no_skip/slurm_YYDPETGTWY_amber/replica_30/replica_30_ca.pdb
258,313297025,random,YYDPETGTWY,amber,False,-27.521202761398786,6.715699382603379,3.35527332293965,3.1115411935848782,3.8032956958811375,22.743377575177565,7.349134604681307,5.508595556037851,4.848916770784997,333.6,aer,4096,outputs/no_skip/slurm_YYDPETGTWY_amber/replica_258/replica_258.pdb,outputs/no_skip/slurm_YYDPETGTWY_amber/replica_258/replica_258_ca.pdb
380,313297147,random,YYDPETGTWY,amber,False,34.042300494986215,6.716774547234459,3.15862875547979,1.715838775703084,4.031912220846544,24.033516745456637,7.664390547641856,5.508595556037851,4.848916770784997,390.0,aer,4096,outputs/no_skip/slurm_YYDPETGTWY_amber/replica_380/replica_380.pdb,outputs/no_skip/slurm_YYDPETGTWY_amber/replica_380/replica_380_ca.pdb
98,313296865,random,YYDPETGTWY,amber,False,419.8644093570458,6.7316212136807385,3.356164717199673,2.976119848102338,1.7082845259309989,24.34765756433573,7.8938260364828245,5.508595556037851,4.848916770784997,173.9,aer,4096,outputs/no_skip/slurm_YYDPETGTWY_amber/replica_98/replica_98.pdb,outputs/no_skip/slurm_YYDPETGTWY_amber/replica_98/replica_98_ca.pdb
12,313296779,random,YYDPETGTWY,amber,False,-14.778332241945886,6.740479587577433,2.6772981895353856,2.7036482756140536,4.113764983943671,23.479037695480557,7.50210224037981,5.508595556037851,4.848916770784997,235.47,aer,4096,outputs/no_skip/slurm_YYDPETGTWY_amber/replica_12/replica_12.pdb,outputs/no_skip/slurm_YYDPETGTWY_amber/replica_12/replica_12_ca.pdb
144,313296911,random,YYDPETGTWY,amber,False,0.8407470160406134,6.741986052809152,4.190502080515887,2.687639382383739,2.721504506305951,24.761859116386848,8.01712616156448,5.508595556037851,4.848916770784997,247.08,aer,4096,outputs/no_skip/slurm_YYDPETGTWY_amber/replica_144/replica_144.pdb,outputs/no_skip/slurm_YYDPETGTWY_amber/replica_144/replica_144_ca.pdb
234,313297001,random,YYDPETGTWY,amber,False,20.56207701091243,6.747277669289371,3.0142338686180263,3.7057177759463804,4.262295617040841,23.97492585145215,7.769282086942597,5.508595556037851,4.848916770784997,270.86,aer,4096,outputs/no_skip/slurm_YYDPETGTWY_amber/replica_234/replica_234.pdb,outputs/no_skip/slurm_YYDPETGTWY_amber/replica_234/replica_234_ca.pdb
338,313297105,random,YYDPETGTWY,amber,False,-53.92131722985682,6.780387702492596,2.3456763865565007,2.770755953054419,3.655269006987882,22.889746532800213,7.28382940700824,5.508595556037851,4.848916770784997,257.58,aer,4096,outputs/no_skip/slurm_YYDPETGTWY_amber/replica_338/replica_338.pdb,outputs/no_skip/slurm_YYDPETGTWY_amber/replica_338/replica_338_ca.pdb
312,313297079,random,YYDPETGTWY,amber,False,-72.66258901760644,6.786031979824486,2.9352997921232733,2.699477647479652,2.472359616228984,24.21274015968758,7.868584454552889,5.508595556037851,4.848916770784997,442.41,aer,4096,outputs/no_skip/slurm_YYDPETGTWY_amber/replica_312/replica_312.pdb,outputs/no_skip/slurm_YYDPETGTWY_amber/replica_312/replica_312_ca.pdb
190,313296957,random,YYDPETGTWY,amber,False,-91.21218003770653,6.800685236747396,3.0324188682613498,3.007634116788804,2.803329790674708,24.404484950201475,7.794917878771097,5.508595556037851,4.848916770784997,346.2,aer,4096,outputs/no_skip/slurm_YYDPETGTWY_amber/replica_190/replica_190.pdb,outputs/no_skip/slurm_YYDPETGTWY_amber/replica_190/replica_190_ca.pdb
290,313297057,random,YYDPETGTWY,amber,False,23.88803369334684,6.803223552451153,3.2402745986961046,3.6574022412154767,3.4685717220361867,24.01523004150502,7.842890178769666,5.508595556037851,4.848916770784997,295.06,aer,4096,outputs/no_skip/slurm_YYDPETGTWY_amber/replica_290/replica_290.pdb,outputs/no_skip/slurm_YYDPETGTWY_amber/replica_290/replica_290_ca.pdb
361,313297128,random,YYDPETGTWY,amber,False,-39.35525809244733,6.808776004462962,2.445825700263684,3.2374067891442544,3.2899932879386933,22.123618346230046,7.607622750987654,5.508595556037851,4.848916770784997,246.34,aer,4096,outputs/no_skip/slurm_YYDPETGTWY_amber/replica_361/replica_361.pdb,outputs/no_skip/slurm_YYDPETGTWY_amber/replica_361/replica_361_ca.pdb
349,313297116,random,YYDPETGTWY,amber,False,-71.53586890900642,6.817603393004851,2.289542459341974,2.897376170220859,2.7423665915459927,23.073297661631006,7.462647511752878,5.508595556037851,4.848916770784997,287.96,aer,4096,outputs/no_skip/slurm_YYDPETGTWY_amber/replica_349/replica_349.pdb,outputs/no_skip/slurm_YYDPETGTWY_amber/replica_349/replica_349_ca.pdb
182,313296949,random,YYDPETGTWY,amber,False,-23.527936144215694,6.830777324318738,3.1224913076628544,2.732758639620479,2.4116554044156855,23.463943700082183,7.733125604949848,5.508595556037851,4.848916770784997,263.7,aer,4096,outputs/no_skip/slurm_YYDPETGTWY_amber/replica_182/replica_182.pdb,outputs/no_skip/slurm_YYDPETGTWY_amber/replica_182/replica_182_ca.pdb
220,313296987,random,YYDPETGTWY,amber,False,0.33882763691610257,6.833730695103326,3.057927211639763,3.602932746865142,2.643610660135958,21.03759993101799,7.392798020426673,5.508595556037851,4.848916770784997,381.97,aer,4096,outputs/no_skip/slurm_YYDPETGTWY_amber/replica_220/replica_220.pdb,outputs/no_skip/slurm_YYDPETGTWY_amber/replica_220/replica_220_ca.pdb
259,313297026,random,YYDPETGTWY,amber,False,9.784106264625994,6.846665189567724,2.440897444994395,2.228924925385842,3.392698092948605,23.891322662572332,7.790601819820494,5.508595556037851,4.848916770784997,405.28,aer,4096,outputs/no_skip/slurm_YYDPETGTWY_amber/replica_259/replica_259.pdb,outputs/no_skip/slurm_YYDPETGTWY_amber/replica_259/replica_259_ca.pdb
288,313297055,random,YYDPETGTWY,amber,False,86.2802306985983,6.847013120607872,2.033831073261845,2.671447887069031,2.575014848765517,24.421647044139068,7.715451071436841,5.508595556037851,4.848916770784997,299.89,aer,4096,outputs/no_skip/slurm_YYDPETGTWY_amber/replica_288/replica_288.pdb,outputs/no_skip/slurm_YYDPETGTWY_amber/replica_288/replica_288_ca.pdb
33,313296800,random,YYDPETGTWY,amber,False,644.8707883115835,6.848196954739963,3.81011142577688,3.3874523030952957,4.2741722690131,24.00455399289612,7.668352611929191,5.508595556037851,4.848916770784997,175.0,aer,4096,outputs/no_skip/slurm_YYDPETGTWY_amber/replica_33/replica_33.pdb,outputs/no_skip/slurm_YYDPETGTWY_amber/replica_33/replica_33_ca.pdb
27,313296794,random,YYDPETGTWY,amber,False,30.953633175160856,6.861747586364668,3.097728594471509,2.2298865466364015,3.615009495059688,23.837722238750015,7.730022545993946,5.508595556037851,4.848916770784997,306.24,aer,4096,outputs/no_skip/slurm_YYDPETGTWY_amber/replica_27/replica_27.pdb,outputs/no_skip/slurm_YYDPETGTWY_amber/replica_27/replica_27_ca.pdb
168,313296935,random,YYDPETGTWY,amber,False,-1.2403901447708465,6.862552257991537,2.444605287493893,2.7639817487252687,3.304071513800689,25.292754289294855,8.066651845206287,5.508595556037851,4.848916770784997,261.09,aer,4096,outputs/no_skip/slurm_YYDPETGTWY_amber/replica_168/replica_168.pdb,outputs/no_skip/slurm_YYDPETGTWY_amber/replica_168/replica_168_ca.pdb
207,313296974,random,YYDPETGTWY,amber,False,134.85678932065986,6.89927248208427,4.041386855339992,4.385432773458359,3.1491985470391635,24.13332121688281,7.993146706210858,5.508595556037851,4.848916770784997,303.26,aer,4096,outputs/no_skip/slurm_YYDPETGTWY_amber/replica_207/replica_207.pdb,outputs/no_skip/slurm_YYDPETGTWY_amber/replica_207/replica_207_ca.pdb
15,313296782,random,YYDPETGTWY,amber,False,52.99794240751359,6.900746661927439,2.799065741196041,2.0987463232598245,3.6166240150611615,24.1310560747802,7.8127144161105475,5.508595556037851,4.848916770784997,245.95,aer,4096,outputs/no_skip/slurm_YYDPETGTWY_amber/replica_15/replica_15.pdb,outputs/no_skip/slurm_YYDPETGTWY_amber/replica_15/replica_15_ca.pdb
7,313296774,random,YYDPETGTWY,amber,False,-0.4877388134193099,6.906713964165308,3.858573286661791,2.529038164666294,3.8435825256267253,24.4861015136092,7.883944728455072,5.508595556037851,4.848916770784997,389.95,aer,4096,outputs/no_skip/slurm_YYDPETGTWY_amber/replica_7/replica_7.pdb,outputs/no_skip/slurm_YYDPETGTWY_amber/replica_7/replica_7_ca.pdb
97,313296864,random,YYDPETGTWY,amber,False,-44.75339274625044,6.9081184061841885,4.059489354842887,3.3656694126237574,3.386351068690301,23.783026527390614,7.844323410235578,5.508595556037851,4.848916770784997,380.13,aer,4096,outputs/no_skip/slurm_YYDPETGTWY_amber/replica_97/replica_97.pdb,outputs/no_skip/slurm_YYDPETGTWY_amber/replica_97/replica_97_ca.pdb
342,313297109,random,YYDPETGTWY,amber,False,50.90213381830357,6.909598317480864,3.964493148544434,2.7998663265629524,3.179497636962374,23.887816471455256,7.642531930630899,5.508595556037851,4.848916770784997,527.03,aer,4096,outputs/no_skip/slurm_YYDPETGTWY_amber/replica_342/replica_342.pdb,outputs/no_skip/slurm_YYDPETGTWY_amber/replica_342/replica_342_ca.pdb
330,313297097,random,YYDPETGTWY,amber,False,39.24160143168842,6.918731891358405,3.1413912036763127,2.6032812107036207,2.393258885605782,24.52954615714651,7.9091009755615564,5.508595556037851,4.848916770784997,250.85,aer,4096,outputs/no_skip/slurm_YYDPETGTWY_amber/replica_330/replica_330.pdb,outputs/no_skip/slurm_YYDPETGTWY_amber/replica_330/replica_330_ca.pdb
236,313297003,random,YYDPETGTWY,amber,False,39.84650656169108,6.956571108109693,2.44871323750396,4.023027270184079,3.148644928999792,25.14086482129904,8.105346609747142,5.508595556037851,4.848916770784997,234.14,aer,4096,outputs/no_skip/slurm_YYDPETGTWY_amber/replica_236/replica_236.pdb,outputs/no_skip/slurm_YYDPETGTWY_amber/replica_236/replica_236_ca.pdb
287,313297054,random,YYDPETGTWY,amber,False,-26.95429864817674,6.9605125754457475,3.4528408164083557,3.3000924623104586,2.1734903806702026,24.28955032947639,7.857411551417111,5.508595556037851,4.848916770784997,247.72,aer,4096,outputs/no_skip/slurm_YYDPETGTWY_amber/replica_287/replica_287.pdb,outputs/no_skip/slurm_YYDPETGTWY_amber/replica_287/replica_287_ca.pdb
335,313297102,random,YYDPETGTWY,amber,False,6.011460979541696,6.976613456277037,2.8921270670979777,2.629246501618763,3.6756719896620647,23.16256872064353,7.992268391090003,5.508595556037851,4.848916770784997,300.63,aer,4096,outputs/no_skip/slurm_YYDPETGTWY_amber/replica_335/replica_335.pdb,outputs/no_skip/slurm_YYDPETGTWY_amber/replica_335/replica_335_ca.pdb
16,313296783,random,YYDPETGTWY,amber,False,13.126836379672348,6.986131045905149,2.7297121618367064,2.4227608686128996,3.72607870249014,24.023057486962145,7.831076978144962,5.508595556037851,4.848916770784997,268.41,aer,4096,outputs/no_skip/slurm_YYDPETGTWY_amber/replica_16/replica_16.pdb,outputs/no_skip/slurm_YYDPETGTWY_amber/replica_16/replica_16_ca.pdb
246,313297013,random,YYDPETGTWY,amber,False,-47.875879383311364,6.99593630653167,2.8212051789421815,2.6669186572723333,2.868286443731327,23.783156203869904,7.622642706355414,5.508595556037851,4.848916770784997,469.72,aer,4096,outputs/no_skip/slurm_YYDPETGTWY_amber/replica_246/replica_246.pdb,outputs/no_skip/slurm_YYDPETGTWY_amber/replica_246/replica_246_ca.pdb
337,313297104,random,YYDPETGTWY,amber,False,-16.07371751649336,7.010113446975543,2.849142022758817,3.1929471120517365,3.6002897878512474,24.68508367382134,8.016072015304363,5.508595556037851,4.848916770784997,199.88,aer,4096,outputs/no_skip/slurm_YYDPETGTWY_amber/replica_337/replica_337.pdb,outputs/no_skip/slurm_YYDPETGTWY_amber/replica_337/replica_337_ca.pdb
286,313297053,random,YYDPETGTWY,amber,False,-23.61631633378242,7.011471597029231,2.9454006243408855,2.7087131515752927,4.366085222747914,24.497751602329142,7.894708351840442,5.508595556037851,4.848916770784997,398.45,aer,4096,outputs/no_skip/slurm_YYDPETGTWY_amber/replica_286/replica_286.pdb,outputs/no_skip/slurm_YYDPETGTWY_amber/replica_286/replica_286_ca.pdb
247,313297014,random,YYDPETGTWY,amber,False,69.01126319372956,7.021350650019001,2.7228250558789546,3.6258330334823357,2.9778458764517572,24.860742778962578,8.021831002944722,5.508595556037851,4.848916770784997,250.27,aer,4096,outputs/no_skip/slurm_YYDPETGTWY_amber/replica_247/replica_247.pdb,outputs/no_skip/slurm_YYDPETGTWY_amber/replica_247/replica_247_ca.pdb
309,313297076,random,YYDPETGTWY,amber,False,-47.7879567083982,7.025559731678616,3.9048050417663394,4.081806747713921,3.1845367045377024,23.84782042900083,7.838688063138118,5.508595556037851,4.848916770784997,268.32,aer,4096,outputs/no_skip/slurm_YYDPETGTWY_amber/replica_309/replica_309.pdb,outputs/no_skip/slurm_YYDPETGTWY_amber/replica_309/replica_309_ca.pdb
39,313296806,random,YYDPETGTWY,amber,False,21.44617615298024,7.026570104674911,3.118387192934557,2.5433145861892688,3.571341739111231,25.11049087981854,7.824846115131452,5.508595556037851,4.848916770784997,286.17,aer,4096,outputs/no_skip/slurm_YYDPETGTWY_amber/replica_39/replica_39.pdb,outputs/no_skip/slurm_YYDPETGTWY_amber/replica_39/replica_39_ca.pdb
362,313297129,random,YYDPETGTWY,amber,False,-4.265439550745178,7.050355108857411,3.190051494897368,4.520804736276295,2.5783285092374,24.708548039440682,8.005999630433706,5.508595556037851,4.848916770784997,291.9,aer,4096,outputs/no_skip/slurm_YYDPETGTWY_amber/replica_362/replica_362.pdb,outputs/no_skip/slurm_YYDPETGTWY_amber/replica_362/replica_362_ca.pdb
242,313297009,random,YYDPETGTWY,amber,False,-89.32941251675429,7.10541364179162,2.7914240666937897,2.6482049440087088,3.78478120135891,24.517074484785176,7.784686375707939,5.508595556037851,4.848916770784997,246.57,aer,4096,outputs/no_skip/slurm_YYDPETGTWY_amber/replica_242/replica_242.pdb,outputs/no_skip/slurm_YYDPETGTWY_amber/replica_242/replica_242_ca.pdb
300,313297067,random,YYDPETGTWY,amber,False,25.279847189120538,7.120300903964232,2.9903011643139283,3.218444266015002,3.9389445407472246,24.37661121098001,8.085811824032449,5.508595556037851,4.848916770784997,415.39,aer,4096,outputs/no_skip/slurm_YYDPETGTWY_amber/replica_300/replica_300.pdb,outputs/no_skip/slurm_YYDPETGTWY_amber/replica_300/replica_300_ca.pdb
151,313296918,random,YYDPETGTWY,amber,False,-22.408380635694634,7.129150576412636,3.3911395545568674,2.932865100881951,2.6426811872645977,24.849828014275232,7.912557008466613,5.508595556037851,4.848916770784997,207.34,aer,4096,outputs/no_skip/slurm_YYDPETGTWY_amber/replica_151/replica_151.pdb,outputs/no_skip/slurm_YYDPETGTWY_amber/replica_151/replica_151_ca.pdb
125,313296892,random,YYDPETGTWY,amber,False,33.67560320197305,7.138676409883735,4.219417248774271,2.671635443022714,4.008125881957965,25.38510677175819,8.164371550690214,5.508595556037851,4.848916770784997,428.82,aer,4096,outputs/no_skip/slurm_YYDPETGTWY_amber/replica_125/replica_125.pdb,outputs/no_skip/slurm_YYDPETGTWY_amber/replica_125/replica_125_ca.pdb
374,313297141,random,YYDPETGTWY,amber,False,-117.11259911439858,7.151889756025273,3.4955122931493645,3.24372515421237,3.808968913296289,24.427863826218793,7.755396570377953,5.508595556037851,4.848916770784997,189.45,aer,4096,outputs/no_skip/slurm_YYDPETGTWY_amber/replica_374/replica_374.pdb,outputs/no_skip/slurm_YYDPETGTWY_amber/replica_374/replica_374_ca.pdb
311,313297078,random,YYDPETGTWY,amber,False,-66.20487240771367,7.178061832555141,2.8680853537168454,2.205866820549006,3.704124991175289,24.25783038293743,7.875533628063334,5.508595556037851,4.848916770784997,324.88,aer,4096,outputs/no_skip/slurm_YYDPETGTWY_amber/replica_311/replica_311.pdb,outputs/no_skip/slurm_YYDPETGTWY_amber/replica_311/replica_311_ca.pdb
208,313296975,random,YYDPETGTWY,amber,False,-1.213323123301084,7.1968150977238405,2.2270888014754076,4.296796160357847,3.212026987311314,24.756425581555757,7.908791089882447,5.508595556037851,4.848916770784997,231.68,aer,4096,outputs/no_skip/slurm_YYDPETGTWY_amber/replica_208/replica_208.pdb,outputs/no_skip/slurm_YYDPETGTWY_amber/replica_208/replica_208_ca.pdb
233,313297000,random,YYDPETGTWY,amber,False,-33.12984617423353,7.211592213861107,3.7520344417461247,2.8270466613303755,2.832947430715404,25.024179043077964,7.89868849111453,5.508595556037851,4.848916770784997,283.44,aer,4096,outputs/no_skip/slurm_YYDPETGTWY_amber/replica_233/replica_233.pdb,outputs/no_skip/slurm_YYDPETGTWY_amber/replica_233/replica_233_ca.pdb
100,313296867,random,YYDPETGTWY,amber,False,16.111315013399498,7.212958984797306,3.2317475936276,3.3759831221538117,4.152177934347915,24.858202731666392,8.082025705470514,5.508595556037851,4.848916770784997,222.56,aer,4096,outputs/no_skip/slurm_YYDPETGTWY_amber/replica_100/replica_100.pdb,outputs/no_skip/slurm_YYDPETGTWY_amber/replica_100/replica_100_ca.pdb
171,313296938,random,YYDPETGTWY,amber,False,486.18651160585256,7.222455972286127,2.180173819315318,3.569585569562785,3.5093324283719287,24.9750596991998,8.01224966160093,5.508595556037851,4.848916770784997,213.6,aer,4096,outputs/no_skip/slurm_YYDPETGTWY_amber/replica_171/replica_171.pdb,outputs/no_skip/slurm_YYDPETGTWY_amber/replica_171/replica_171_ca.pdb
382,313297149,random,YYDPETGTWY,amber,False,-33.22908197177375,7.251132665056905,4.273874487223778,3.806091912030703,2.987144517288866,24.876781602617232,8.047840208486269,5.508595556037851,4.848916770784997,330.94,aer,4096,outputs/no_skip/slurm_YYDPETGTWY_amber/replica_382/replica_382.pdb,outputs/no_skip/slurm_YYDPETGTWY_amber/replica_382/replica_382_ca.pdb
134,313296901,random,YYDPETGTWY,amber,False,86.35856057674064,7.341145709755713,3.414093364517084,3.3819135243037195,2.6656385980891764,24.701488346492322,8.04425433907227,5.508595556037851,4.848916770784997,380.58,aer,4096,outputs/no_skip/slurm_YYDPETGTWY_amber/replica_134/replica_134.pdb,outputs/no_skip/slurm_YYDPETGTWY_amber/replica_134/replica_134_ca.pdb
364,313297131,random,YYDPETGTWY,amber,False,0.4248911313918661,7.450723877478868,3.408587066933869,4.147333532828228,3.0317011606158117,25.454081455504113,8.235673625558984,5.508595556037851,4.848916770784997,286.73,aer,4096,outputs/no_skip/slurm_YYDPETGTWY_amber/replica_364/replica_364.pdb,outputs/no_skip/slurm_YYDPETGTWY_amber/replica_364/replica_364_ca.pdb
267,313297034,random,YYDPETGTWY,amber,False,22.339661692967926,7.468429524516657,4.0814408471965065,2.515528719950557,3.0940424464547007,25.59616953016589,8.109756458198136,5.508595556037851,4.848916770784997,383.34,aer,4096,outputs/no_skip/slurm_YYDPETGTWY_amber/replica_267/replica_267.pdb,outputs/no_skip/slurm_YYDPETGTWY_amber/replica_267/replica_267_ca.pdb
367,313297134,random,YYDPETGTWY,amber,False,-27.96012225319471,7.4736594608438205,3.0225788938412617,4.264357171764767,3.748702028626822,25.556251930603658,8.188305111061421,5.508595556037851,4.848916770784997,362.45,aer,4096,outputs/no_skip/slurm_YYDPETGTWY_amber/replica_367/replica_367.pdb,outputs/no_skip/slurm_YYDPETGTWY_amber/replica_367/replica_367_ca.pdb
