replica_id,seed,init_type,sequence,forcefield,energy,rmsd_to_reference,pred_e2e_A,pred_rg_A,ref_e2e_A,ref_rg_A,runtime_s,hw_backend,hw_shots,pdb_path,ca_pdb_path
881,313297648,random,YYDPETGTWY,amber,-5.6341118984205245,2.425680682009295,6.707052351770356,5.309349714508345,5.508595556037851,4.848916770784997,379.23,aer,4096,outputs/Reps_qubits_d_2/slurm_YYDPETGTWY_amber/replica_881/replica_881.pdb,outputs/Reps_qubits_d_2/slurm_YYDPETGTWY_amber/replica_881/replica_881_ca.pdb
828,313297595,random,YYDPETGTWY,amber,-7.825356372801392,2.570891976727458,8.43641832465868,5.168801242141296,5.508595556037851,4.848916770784997,211.29,aer,4096,outputs/Reps_qubits_d_2/slurm_YYDPETGTWY_amber/replica_828/replica_828.pdb,outputs/Reps_qubits_d_2/slurm_YYDPETGTWY_amber/replica_828/replica_828_ca.pdb
326,313297093,random,YYDPETGTWY,amber,114.85755164533519,2.665476174792956,11.68522748772626,5.468447705938809,5.508595556037851,4.848916770784997,255.01,aer,4096,outputs/Reps_qubits_d_2/slurm_YYDPETGTWY_amber/replica_326/replica_326.pdb,outputs/Reps_qubits_d_2/slurm_YYDPETGTWY_amber/replica_326/replica_326_ca.pdb
96,313296863,random,YYDPETGTWY,amber,9.377343157713979,2.668610323828295,9.23434904725479,5.261054620950437,5.508595556037851,4.848916770784997,371.15,aer,4096,outputs/Reps_qubits_d_2/slurm_YYDPETGTWY_amber/replica_96/replica_96.pdb,outputs/Reps_qubits_d_2/slurm_YYDPETGTWY_amber/replica_96/replica_96_ca.pdb
98,313296865,random,YYDPETGTWY,amber,-10.823510049769554,2.7472683948275844,9.011629585467814,5.3161970321639975,5.508595556037851,4.848916770784997,322.79,aer,4096,outputs/Reps_qubits_d_2/slurm_YYDPETGTWY_amber/replica_98/replica_98.pdb,outputs/Reps_qubits_d_2/slurm_YYDPETGTWY_amber/replica_98/replica_98_ca.pdb
437,313297204,random,YYDPETGTWY,amber,-50.163571227209125,3.0133763979270713,11.989136459040093,5.815088914871503,5.508595556037851,4.848916770784997,189.07,aer,4096,outputs/Reps_qubits_d_2/slurm_YYDPETGTWY_amber/replica_437/replica_437.pdb,outputs/Reps_qubits_d_2/slurm_YYDPETGTWY_amber/replica_437/replica_437_ca.pdb
487,313297254,random,YYDPETGTWY,amber,-30.7815675991798,3.1089369050297906,12.164502676109127,5.720935213655331,5.508595556037851,4.848916770784997,226.48,aer,4096,outputs/Reps_qubits_d_2/slurm_YYDPETGTWY_amber/replica_487/replica_487.pdb,outputs/Reps_qubits_d_2/slurm_YYDPETGTWY_amber/replica_487/replica_487_ca.pdb
736,313297503,random,YYDPETGTWY,amber,-0.8757164116490611,3.1247948276716824,11.428846300305603,5.529203888912566,5.508595556037851,4.848916770784997,464.71,aer,4096,outputs/Reps_qubits_d_2/slurm_YYDPETGTWY_amber/replica_736/replica_736.pdb,outputs/Reps_qubits_d_2/slurm_YYDPETGTWY_amber/replica_736/replica_736_ca.pdb
197,313296964,random,YYDPETGTWY,amber,-30.1950212184266,3.129324437922355,12.712689029634205,5.765335827817295,5.508595556037851,4.848916770784997,206.27,aer,4096,outputs/Reps_qubits_d_2/slurm_YYDPETGTWY_amber/replica_197/replica_197.pdb,outputs/Reps_qubits_d_2/slurm_YYDPETGTWY_amber/replica_197/replica_197_ca.pdb
781,313297548,random,YYDPETGTWY,amber,-23.024818476735852,3.1323620288217016,9.954955297164695,5.304601493526636,5.508595556037851,4.848916770784997,458.65,aer,4096,outputs/Reps_qubits_d_2/slurm_YYDPETGTWY_amber/replica_781/replica_781.pdb,outputs/Reps_qubits_d_2/slurm_YYDPETGTWY_amber/replica_781/replica_781_ca.pdb
611,313297378,random,YYDPETGTWY,amber,24.5975018338577,3.158487891923272,12.379945297753498,5.413141602569763,5.508595556037851,4.848916770784997,238.66,aer,4096,outputs/Reps_qubits_d_2/slurm_YYDPETGTWY_amber/replica_611/replica_611.pdb,outputs/Reps_qubits_d_2/slurm_YYDPETGTWY_amber/replica_611/replica_611_ca.pdb
980,313297747,random,YYDPETGTWY,amber,-54.613244235754294,3.291649477069792,12.096409584063734,5.765962746462836,5.508595556037851,4.848916770784997,409.97,aer,4096,outputs/Reps_qubits_d_2/slurm_YYDPETGTWY_amber/replica_980/replica_980.pdb,outputs/Reps_qubits_d_2/slurm_YYDPETGTWY_amber/replica_980/replica_980_ca.pdb
803,313297570,random,YYDPETGTWY,amber,-64.57790381125723,3.3333758950689747,13.164346483779928,5.178534053724258,5.508595556037851,4.848916770784997,659.5,aer,4096,outputs/Reps_qubits_d_2/slurm_YYDPETGTWY_amber/replica_803/replica_803.pdb,outputs/Reps_qubits_d_2/slurm_YYDPETGTWY_amber/replica_803/replica_803_ca.pdb
787,313297554,random,YYDPETGTWY,amber,-37.38987830713474,3.338787980876974,10.6802485024413,5.565787543593125,5.508595556037851,4.848916770784997,422.16,aer,4096,outputs/Reps_qubits_d_2/slurm_YYDPETGTWY_amber/replica_787/replica_787.pdb,outputs/Reps_qubits_d_2/slurm_YYDPETGTWY_amber/replica_787/replica_787_ca.pdb
867,313297634,random,YYDPETGTWY,amber,77.70445140290342,3.346949563061339,12.877335110427127,5.984172842415599,5.508595556037851,4.848916770784997,367.21,aer,4096,outputs/Reps_qubits_d_2/slurm_YYDPETGTWY_amber/replica_867/replica_867.pdb,outputs/Reps_qubits_d_2/slurm_YYDPETGTWY_amber/replica_867/replica_867_ca.pdb
801,313297568,random,YYDPETGTWY,amber,-5.8549449601513945,3.3921327343098056,11.678743165384093,5.863127680975205,5.508595556037851,4.848916770784997,273.59,aer,4096,outputs/Reps_qubits_d_2/slurm_YYDPETGTWY_amber/replica_801/replica_801.pdb,outputs/Reps_qubits_d_2/slurm_YYDPETGTWY_amber/replica_801/replica_801_ca.pdb
759,313297526,random,YYDPETGTWY,amber,14.607086572993346,3.4105394723799516,9.691389407674148,5.75274190508494,5.508595556037851,4.848916770784997,338.04,aer,4096,outputs/Reps_qubits_d_2/slurm_YYDPETGTWY_amber/replica_759/replica_759.pdb,outputs/Reps_qubits_d_2/slurm_YYDPETGTWY_amber/replica_759/replica_759_ca.pdb
526,313297293,random,YYDPETGTWY,amber,26.49450079718743,3.441832553385734,13.521759636524312,5.856998827812008,5.508595556037851,4.848916770784997,233.39,aer,4096,outputs/Reps_qubits_d_2/slurm_YYDPETGTWY_amber/replica_526/replica_526.pdb,outputs/Reps_qubits_d_2/slurm_YYDPETGTWY_amber/replica_526/replica_526_ca.pdb
61,313296828,random,YYDPETGTWY,amber,7.375491341367678,3.4479647246530276,12.134250245551971,5.871316450869228,5.508595556037851,4.848916770784997,369.53,aer,4096,outputs/Reps_qubits_d_2/slurm_YYDPETGTWY_amber/replica_61/replica_61.pdb,outputs/Reps_qubits_d_2/slurm_YYDPETGTWY_amber/replica_61/replica_61_ca.pdb
89,313296856,random,YYDPETGTWY,amber,-54.65309299011238,3.4615322878981405,9.769944674282653,5.3564883487357475,5.508595556037851,4.848916770784997,324.35,aer,4096,outputs/Reps_qubits_d_2/slurm_YYDPETGTWY_amber/replica_89/replica_89.pdb,outputs/Reps_qubits_d_2/slurm_YYDPETGTWY_amber/replica_89/replica_89_ca.pdb
596,313297363,random,YYDPETGTWY,amber,0.41712537445437436,3.476464703940634,10.7937016424564,5.6657476493287176,5.508595556037851,4.848916770784997,290.67,aer,4096,outputs/Reps_qubits_d_2/slurm_YYDPETGTWY_amber/replica_596/replica_596.pdb,outputs/Reps_qubits_d_2/slurm_YYDPETGTWY_amber/replica_596/replica_596_ca.pdb
730,313297497,random,YYDPETGTWY,amber,92.43292400685384,3.4790936762713125,12.744462459654494,5.805445052794742,5.508595556037851,4.848916770784997,329.3,aer,4096,outputs/Reps_qubits_d_2/slurm_YYDPETGTWY_amber/replica_730/replica_730.pdb,outputs/Reps_qubits_d_2/slurm_YYDPETGTWY_amber/replica_730/replica_730_ca.pdb
848,313297615,random,YYDPETGTWY,amber,3.2860544488632755,3.4851865954473036,11.348886068815105,6.038217644535021,5.508595556037851,4.848916770784997,303.54,aer,4096,outputs/Reps_qubits_d_2/slurm_YYDPETGTWY_amber/replica_848/replica_848.pdb,outputs/Reps_qubits_d_2/slurm_YYDPETGTWY_amber/replica_848/replica_848_ca.pdb
755,313297522,random,YYDPETGTWY,amber,-5.981513330310008,3.5193455879705517,14.110016412522711,5.699065569796079,5.508595556037851,4.848916770784997,441.12,aer,4096,outputs/Reps_qubits_d_2/slurm_YYDPETGTWY_amber/replica_755/replica_755.pdb,outputs/Reps_qubits_d_2/slurm_YYDPETGTWY_amber/replica_755/replica_755_ca.pdb
68,313296835,random,YYDPETGTWY,amber,-4.512622838420622,3.56081582764473,11.378658746172949,5.37831895871729,5.508595556037851,4.848916770784997,263.75,aer,4096,outputs/Reps_qubits_d_2/slurm_YYDPETGTWY_amber/replica_68/replica_68.pdb,outputs/Reps_qubits_d_2/slurm_YYDPETGTWY_amber/replica_68/replica_68_ca.pdb
523,313297290,random,YYDPETGTWY,amber,72.41199093277444,3.5651915366745337,13.164450000115842,5.5488714931658905,5.508595556037851,4.848916770784997,336.54,aer,4096,outputs/Reps_qubits_d_2/slurm_YYDPETGTWY_amber/replica_523/replica_523.pdb,outputs/Reps_qubits_d_2/slurm_YYDPETGTWY_amber/replica_523/replica_523_ca.pdb
518,313297285,random,YYDPETGTWY,amber,34.53460727483677,3.5893754138813896,13.838336554997364,6.1579975945054635,5.508595556037851,4.848916770784997,369.91,aer,4096,outputs/Reps_qubits_d_2/slurm_YYDPETGTWY_amber/replica_518/replica_518.pdb,outputs/Reps_qubits_d_2/slurm_YYDPETGTWY_amber/replica_518/replica_518_ca.pdb
343,313297110,random,YYDPETGTWY,amber,-2.512253970522683,3.6034189734960287,15.87087796948395,6.058719804376187,5.508595556037851,4.848916770784997,223.68,aer,4096,outputs/Reps_qubits_d_2/slurm_YYDPETGTWY_amber/replica_343/replica_343.pdb,outputs/Reps_qubits_d_2/slurm_YYDPETGTWY_amber/replica_343/replica_343_ca.pdb
807,313297574,random,YYDPETGTWY,amber,70.87597238904543,3.620203805464588,14.874766692186046,5.998534986013753,5.508595556037851,4.848916770784997,401.39,aer,4096,outputs/Reps_qubits_d_2/slurm_YYDPETGTWY_amber/replica_807/replica_807.pdb,outputs/Reps_qubits_d_2/slurm_YYDPETGTWY_amber/replica_807/replica_807_ca.pdb
974,313297741,random,YYDPETGTWY,amber,-76.57215075456442,3.720060545271401,13.915269329509758,6.089901445420782,5.508595556037851,4.848916770784997,283.37,aer,4096,outputs/Reps_qubits_d_2/slurm_YYDPETGTWY_amber/replica_974/replica_974.pdb,outputs/Reps_qubits_d_2/slurm_YYDPETGTWY_amber/replica_974/replica_974_ca.pdb
163,313296930,random,YYDPETGTWY,amber,61.970632315708166,3.7237952378042305,14.340901407672392,5.9922943325614,5.508595556037851,4.848916770784997,345.21,aer,4096,outputs/Reps_qubits_d_2/slurm_YYDPETGTWY_amber/replica_163/replica_163.pdb,outputs/Reps_qubits_d_2/slurm_YYDPETGTWY_amber/replica_163/replica_163_ca.pdb
743,313297510,random,YYDPETGTWY,amber,32.66306072971588,3.7281947284465824,12.46880310517043,6.208430276165543,5.508595556037851,4.848916770784997,354.53,aer,4096,outputs/Reps_qubits_d_2/slurm_YYDPETGTWY_amber/replica_743/replica_743.pdb,outputs/Reps_qubits_d_2/slurm_YYDPETGTWY_amber/replica_743/replica_743_ca.pdb
222,313296989,random,YYDPETGTWY,amber,44.46486805149537,3.7651380018410676,11.853512940157248,5.968844684168803,5.508595556037851,4.848916770784997,285.77,aer,4096,outputs/Reps_qubits_d_2/slurm_YYDPETGTWY_amber/replica_222/replica_222.pdb,outputs/Reps_qubits_d_2/slurm_YYDPETGTWY_amber/replica_222/replica_222_ca.pdb
111,313296878,random,YYDPETGTWY,amber,55.052203755164165,3.8096120131695645,15.475515240097096,6.074868911410766,5.508595556037851,4.848916770784997,304.57,aer,4096,outputs/Reps_qubits_d_2/slurm_YYDPETGTWY_amber/replica_111/replica_111.pdb,outputs/Reps_qubits_d_2/slurm_YYDPETGTWY_amber/replica_111/replica_111_ca.pdb
519,313297286,random,YYDPETGTWY,amber,28.235482790809943,3.8176520831132166,14.228050237457545,6.21022032898892,5.508595556037851,4.848916770784997,337.1,aer,4096,outputs/Reps_qubits_d_2/slurm_YYDPETGTWY_amber/replica_519/replica_519.pdb,outputs/Reps_qubits_d_2/slurm_YYDPETGTWY_amber/replica_519/replica_519_ca.pdb
3,313296770,random,YYDPETGTWY,amber,-64.96638755755431,3.833299352519241,14.335372367548779,5.921880273569093,5.508595556037851,4.848916770784997,287.93,aer,4096,outputs/Reps_qubits_d_2/slurm_YYDPETGTWY_amber/replica_3/replica_3.pdb,outputs/Reps_qubits_d_2/slurm_YYDPETGTWY_amber/replica_3/replica_3_ca.pdb
804,313297571,random,YYDPETGTWY,amber,24.187287854472395,3.864418724751203,12.143305837894024,6.088730231470636,5.508595556037851,4.848916770784997,230.97,aer,4096,outputs/Reps_qubits_d_2/slurm_YYDPETGTWY_amber/replica_804/replica_804.pdb,outputs/Reps_qubits_d_2/slurm_YYDPETGTWY_amber/replica_804/replica_804_ca.pdb
909,313297676,random,YYDPETGTWY,amber,-55.726942743181404,3.874347141237323,13.555207576640246,6.067349233508468,5.508595556037851,4.848916770784997,236.56,aer,4096,outputs/Reps_qubits_d_2/slurm_YYDPETGTWY_amber/replica_909/replica_909.pdb,outputs/Reps_qubits_d_2/slurm_YYDPETGTWY_amber/replica_909/replica_909_ca.pdb
791,313297558,random,YYDPETGTWY,amber,-46.255044392591294,3.875016553498404,10.71709030303441,5.810654763821832,5.508595556037851,4.848916770784997,299.19,aer,4096,outputs/Reps_qubits_d_2/slurm_YYDPETGTWY_amber/replica_791/replica_791.pdb,outputs/Reps_qubits_d_2/slurm_YYDPETGTWY_amber/replica_791/replica_791_ca.pdb
333,313297100,random,YYDPETGTWY,amber,16.084543994549488,3.881640161628961,12.455189336512834,6.03899310699937,5.508595556037851,4.848916770784997,236.43,aer,4096,outputs/Reps_qubits_d_2/slurm_YYDPETGTWY_amber/replica_333/replica_333.pdb,outputs/Reps_qubits_d_2/slurm_YYDPETGTWY_amber/replica_333/replica_333_ca.pdb
249,313297016,random,YYDPETGTWY,amber,6.984749072736914,3.896438542592133,11.224197993347985,5.270112997149934,5.508595556037851,4.848916770784997,433.74,aer,4096,outputs/Reps_qubits_d_2/slurm_YYDPETGTWY_amber/replica_249/replica_249.pdb,outputs/Reps_qubits_d_2/slurm_YYDPETGTWY_amber/replica_249/replica_249_ca.pdb
468,313297235,random,YYDPETGTWY,amber,-11.554050502934308,3.8983368442432313,15.191323598365374,5.6817197242115265,5.508595556037851,4.848916770784997,186.54,aer,4096,outputs/Reps_qubits_d_2/slurm_YYDPETGTWY_amber/replica_468/replica_468.pdb,outputs/Reps_qubits_d_2/slurm_YYDPETGTWY_amber/replica_468/replica_468_ca.pdb
591,313297358,random,YYDPETGTWY,amber,-10.33478430988178,3.9513103490838803,14.466384232594612,6.326560128455637,5.508595556037851,4.848916770784997,242.99,aer,4096,outputs/Reps_qubits_d_2/slurm_YYDPETGTWY_amber/replica_591/replica_591.pdb,outputs/Reps_qubits_d_2/slurm_YYDPETGTWY_amber/replica_591/replica_591_ca.pdb
15,313296782,random,YYDPETGTWY,amber,-12.26647801785373,3.957521727400791,15.825297177122469,6.288532892368092,5.508595556037851,4.848916770784997,339.76,aer,4096,outputs/Reps_qubits_d_2/slurm_YYDPETGTWY_amber/replica_15/replica_15.pdb,outputs/Reps_qubits_d_2/slurm_YYDPETGTWY_amber/replica_15/replica_15_ca.pdb
627,313297394,random,YYDPETGTWY,amber,-31.237383118516355,3.9577082867185767,12.11421149884648,5.715969163361014,5.508595556037851,4.848916770784997,213.51,aer,4096,outputs/Reps_qubits_d_2/slurm_YYDPETGTWY_amber/replica_627/replica_627.pdb,outputs/Reps_qubits_d_2/slurm_YYDPETGTWY_amber/replica_627/replica_627_ca.pdb
179,313296946,random,YYDPETGTWY,amber,67.84065429906249,3.9624462456858422,16.53535642849255,6.59711937978622,5.508595556037851,4.848916770784997,316.39,aer,4096,outputs/Reps_qubits_d_2/slurm_YYDPETGTWY_amber/replica_179/replica_179.pdb,outputs/Reps_qubits_d_2/slurm_YYDPETGTWY_amber/replica_179/replica_179_ca.pdb
81,313296848,random,YYDPETGTWY,amber,-43.776038842212294,4.04733763945611,13.713730519505937,6.181426734320338,5.508595556037851,4.848916770784997,218.93,aer,4096,outputs/Reps_qubits_d_2/slurm_YYDPETGTWY_amber/replica_81/replica_81.pdb,outputs/Reps_qubits_d_2/slurm_YYDPETGTWY_amber/replica_81/replica_81_ca.pdb
25,313296792,random,YYDPETGTWY,amber,-23.800866190456606,4.066320039698543,13.772380601993415,6.522849663057184,5.508595556037851,4.848916770784997,306.78,aer,4096,outputs/Reps_qubits_d_2/slurm_YYDPETGTWY_amber/replica_25/replica_25.pdb,outputs/Reps_qubits_d_2/slurm_YYDPETGTWY_amber/replica_25/replica_25_ca.pdb
352,313297119,random,YYDPETGTWY,amber,100.03096678444125,4.075258651225643,15.231532466082575,6.2363618547090836,5.508595556037851,4.848916770784997,191.8,aer,4096,outputs/Reps_qubits_d_2/slurm_YYDPETGTWY_amber/replica_352/replica_352.pdb,outputs/Reps_qubits_d_2/slurm_YYDPETGTWY_amber/replica_352/replica_352_ca.pdb
559,313297326,random,YYDPETGTWY,amber,14.328915063290708,4.107979716859264,16.041279822382773,6.253621662010416,5.508595556037851,4.848916770784997,239.04,aer,4096,outputs/Reps_qubits_d_2/slurm_YYDPETGTWY_amber/replica_559/replica_559.pdb,outputs/Reps_qubits_d_2/slurm_YYDPETGTWY_amber/replica_559/replica_559_ca.pdb
91,313296858,random,YYDPETGTWY,amber,-19.849036855071926,4.130042303388884,16.42248663769938,6.249497564250453,5.508595556037851,4.848916770784997,263.03,aer,4096,outputs/Reps_qubits_d_2/slurm_YYDPETGTWY_amber/replica_91/replica_91.pdb,outputs/Reps_qubits_d_2/slurm_YYDPETGTWY_amber/replica_91/replica_91_ca.pdb
516,313297283,random,YYDPETGTWY,amber,155.25080526550587,4.150832689708399,14.11668792195817,5.641818670867558,5.508595556037851,4.848916770784997,629.47,aer,4096,outputs/Reps_qubits_d_2/slurm_YYDPETGTWY_amber/replica_516/replica_516.pdb,outputs/Reps_qubits_d_2/slurm_YYDPETGTWY_amber/replica_516/replica_516_ca.pdb
964,313297731,random,YYDPETGTWY,amber,40.1594644846671,4.157376213892887,16.20280768787503,6.451045255211468,5.508595556037851,4.848916770784997,323.02,aer,4096,outputs/Reps_qubits_d_2/slurm_YYDPETGTWY_amber/replica_964/replica_964.pdb,outputs/Reps_qubits_d_2/slurm_YYDPETGTWY_amber/replica_964/replica_964_ca.pdb
345,313297112,random,YYDPETGTWY,amber,22.313915162043074,4.186745318154633,16.693353318804565,5.784744174302568,5.508595556037851,4.848916770784997,209.57,aer,4096,outputs/Reps_qubits_d_2/slurm_YYDPETGTWY_amber/replica_345/replica_345.pdb,outputs/Reps_qubits_d_2/slurm_YYDPETGTWY_amber/replica_345/replica_345_ca.pdb
777,313297544,random,YYDPETGTWY,amber,-53.704922991599496,4.193752957066211,16.194934633926852,6.017712879917369,5.508595556037851,4.848916770784997,329.22,aer,4096,outputs/Reps_qubits_d_2/slurm_YYDPETGTWY_amber/replica_777/replica_777.pdb,outputs/Reps_qubits_d_2/slurm_YYDPETGTWY_amber/replica_777/replica_777_ca.pdb
612,313297379,random,YYDPETGTWY,amber,77.42790600457936,4.222726051657217,16.94718245365451,6.559626070961479,5.508595556037851,4.848916770784997,292.6,aer,4096,outputs/Reps_qubits_d_2/slurm_YYDPETGTWY_amber/replica_612/replica_612.pdb,outputs/Reps_qubits_d_2/slurm_YYDPETGTWY_amber/replica_612/replica_612_ca.pdb
666,313297433,random,YYDPETGTWY,amber,-20.6617727913347,4.225261194607018,16.936533520423474,6.425482739465878,5.508595556037851,4.848916770784997,268.18,aer,4096,outputs/Reps_qubits_d_2/slurm_YYDPETGTWY_amber/replica_666/replica_666.pdb,outputs/Reps_qubits_d_2/slurm_YYDPETGTWY_amber/replica_666/replica_666_ca.pdb
425,313297192,random,YYDPETGTWY,amber,71.56774763875744,4.227462659689753,17.451786626959624,6.0410340972555945,5.508595556037851,4.848916770784997,320.55,aer,4096,outputs/Reps_qubits_d_2/slurm_YYDPETGTWY_amber/replica_425/replica_425.pdb,outputs/Reps_qubits_d_2/slurm_YYDPETGTWY_amber/replica_425/replica_425_ca.pdb
916,313297683,random,YYDPETGTWY,amber,73.16181952650088,4.231998729250478,15.36331950793408,6.335589113002421,5.508595556037851,4.848916770784997,282.46,aer,4096,outputs/Reps_qubits_d_2/slurm_YYDPETGTWY_amber/replica_916/replica_916.pdb,outputs/Reps_qubits_d_2/slurm_YYDPETGTWY_amber/replica_916/replica_916_ca.pdb
195,313296962,random,YYDPETGTWY,amber,45.213250057004906,4.235387545053926,17.06547950755031,6.254614782676951,5.508595556037851,4.848916770784997,236.78,aer,4096,outputs/Reps_qubits_d_2/slurm_YYDPETGTWY_amber/replica_195/replica_195.pdb,outputs/Reps_qubits_d_2/slurm_YYDPETGTWY_amber/replica_195/replica_195_ca.pdb
277,313297044,random,YYDPETGTWY,amber,-46.64819746032254,4.250972567494556,17.59236606716748,6.455476360434499,5.508595556037851,4.848916770784997,262.01,aer,4096,outputs/Reps_qubits_d_2/slurm_YYDPETGTWY_amber/replica_277/replica_277.pdb,outputs/Reps_qubits_d_2/slurm_YYDPETGTWY_amber/replica_277/replica_277_ca.pdb
986,313297753,random,YYDPETGTWY,amber,34.76882531492494,4.256818182931149,15.701791341469551,6.333334227968563,5.508595556037851,4.848916770784997,374.25,aer,4096,outputs/Reps_qubits_d_2/slurm_YYDPETGTWY_amber/replica_986/replica_986.pdb,outputs/Reps_qubits_d_2/slurm_YYDPETGTWY_amber/replica_986/replica_986_ca.pdb
745,313297512,random,YYDPETGTWY,amber,-72.92627661228343,4.270965633399007,15.05294931314047,6.3918535828303265,5.508595556037851,4.848916770784997,246.36,aer,4096,outputs/Reps_qubits_d_2/slurm_YYDPETGTWY_amber/replica_745/replica_745.pdb,outputs/Reps_qubits_d_2/slurm_YYDPETGTWY_amber/replica_745/replica_745_ca.pdb
580,313297347,random,YYDPETGTWY,amber,83.33566323687047,4.2711821991114824,16.922365991463437,6.673906425461403,5.508595556037851,4.848916770784997,224.79,aer,4096,outputs/Reps_qubits_d_2/slurm_YYDPETGTWY_amber/replica_580/replica_580.pdb,outputs/Reps_qubits_d_2/slurm_YYDPETGTWY_amber/replica_580/replica_580_ca.pdb
257,313297024,random,YYDPETGTWY,amber,-13.849569932183016,4.281391149395529,14.975305133756772,6.466643563060979,5.508595556037851,4.848916770784997,335.9,aer,4096,outputs/Reps_qubits_d_2/slurm_YYDPETGTWY_amber/replica_257/replica_257.pdb,outputs/Reps_qubits_d_2/slurm_YYDPETGTWY_amber/replica_257/replica_257_ca.pdb
22,313296789,random,YYDPETGTWY,amber,14.811582003333138,4.281503090443342,16.715727829717363,6.589202950376829,5.508595556037851,4.848916770784997,423.6,aer,4096,outputs/Reps_qubits_d_2/slurm_YYDPETGTWY_amber/replica_22/replica_22.pdb,outputs/Reps_qubits_d_2/slurm_YYDPETGTWY_amber/replica_22/replica_22_ca.pdb
384,313297151,random,YYDPETGTWY,amber,14.911540608106948,4.289470391740781,16.137164490517808,6.5416848048996075,5.508595556037851,4.848916770784997,285.28,aer,4096,outputs/Reps_qubits_d_2/slurm_YYDPETGTWY_amber/replica_384/replica_384.pdb,outputs/Reps_qubits_d_2/slurm_YYDPETGTWY_amber/replica_384/replica_384_ca.pdb
984,313297751,random,YYDPETGTWY,amber,-27.79478853061228,4.292988406150269,16.437146335519316,6.536038817951692,5.508595556037851,4.848916770784997,224.38,aer,4096,outputs/Reps_qubits_d_2/slurm_YYDPETGTWY_amber/replica_984/replica_984.pdb,outputs/Reps_qubits_d_2/slurm_YYDPETGTWY_amber/replica_984/replica_984_ca.pdb
126,313296893,random,YYDPETGTWY,amber,-60.775642230640045,4.293529524120302,16.589619442974143,6.330604250669318,5.508595556037851,4.848916770784997,325.67,aer,4096,outputs/Reps_qubits_d_2/slurm_YYDPETGTWY_amber/replica_126/replica_126.pdb,outputs/Reps_qubits_d_2/slurm_YYDPETGTWY_amber/replica_126/replica_126_ca.pdb
749,313297516,random,YYDPETGTWY,amber,-84.00852386489319,4.299321849210143,14.564891840111569,6.434074546592023,5.508595556037851,4.848916770784997,350.21,aer,4096,outputs/Reps_qubits_d_2/slurm_YYDPETGTWY_amber/replica_749/replica_749.pdb,outputs/Reps_qubits_d_2/slurm_YYDPETGTWY_amber/replica_749/replica_749_ca.pdb
953,313297720,random,YYDPETGTWY,amber,-88.32217768612796,4.3019125979039625,17.805785731848353,6.510094280109852,5.508595556037851,4.848916770784997,227.55,aer,4096,outputs/Reps_qubits_d_2/slurm_YYDPETGTWY_amber/replica_953/replica_953.pdb,outputs/Reps_qubits_d_2/slurm_YYDPETGTWY_amber/replica_953/replica_953_ca.pdb
253,313297020,random,YYDPETGTWY,amber,-51.433628659728726,4.304533747969242,14.364555107805822,6.109330791132422,5.508595556037851,4.848916770784997,315.75,aer,4096,outputs/Reps_qubits_d_2/slurm_YYDPETGTWY_amber/replica_253/replica_253.pdb,outputs/Reps_qubits_d_2/slurm_YYDPETGTWY_amber/replica_253/replica_253_ca.pdb
160,313296927,random,YYDPETGTWY,amber,-23.043551432446566,4.307071601368238,14.239271568599511,6.5310409597586165,5.508595556037851,4.848916770784997,403.39,aer,4096,outputs/Reps_qubits_d_2/slurm_YYDPETGTWY_amber/replica_160/replica_160.pdb,outputs/Reps_qubits_d_2/slurm_YYDPETGTWY_amber/replica_160/replica_160_ca.pdb
190,313296957,random,YYDPETGTWY,amber,67.57945591649612,4.312223364655267,16.739773885806894,6.439902669526785,5.508595556037851,4.848916770784997,550.41,aer,4096,outputs/Reps_qubits_d_2/slurm_YYDPETGTWY_amber/replica_190/replica_190.pdb,outputs/Reps_qubits_d_2/slurm_YYDPETGTWY_amber/replica_190/replica_190_ca.pdb
750,313297517,random,YYDPETGTWY,amber,-11.5568405596458,4.324926963443059,17.469872649672,6.478606503915461,5.508595556037851,4.848916770784997,260.8,aer,4096,outputs/Reps_qubits_d_2/slurm_YYDPETGTWY_amber/replica_750/replica_750.pdb,outputs/Reps_qubits_d_2/slurm_YYDPETGTWY_amber/replica_750/replica_750_ca.pdb
309,313297076,random,YYDPETGTWY,amber,-58.064598562089216,4.329904260162998,17.69069564712072,6.252772498004203,5.508595556037851,4.848916770784997,258.98,aer,4096,outputs/Reps_qubits_d_2/slurm_YYDPETGTWY_amber/replica_309/replica_309.pdb,outputs/Reps_qubits_d_2/slurm_YYDPETGTWY_amber/replica_309/replica_309_ca.pdb
693,313297460,random,YYDPETGTWY,amber,-1.5369162414653026,4.3364907706096725,13.481379265286286,6.27258265165576,5.508595556037851,4.848916770784997,289.18,aer,4096,outputs/Reps_qubits_d_2/slurm_YYDPETGTWY_amber/replica_693/replica_693.pdb,outputs/Reps_qubits_d_2/slurm_YYDPETGTWY_amber/replica_693/replica_693_ca.pdb
814,313297581,random,YYDPETGTWY,amber,28.910469079728742,4.373035507165692,16.801780815318967,6.312178210572434,5.508595556037851,4.848916770784997,592.21,aer,4096,outputs/Reps_qubits_d_2/slurm_YYDPETGTWY_amber/replica_814/replica_814.pdb,outputs/Reps_qubits_d_2/slurm_YYDPETGTWY_amber/replica_814/replica_814_ca.pdb
675,313297442,random,YYDPETGTWY,amber,72.82483008409812,4.374901685392033,17.521142632254474,5.882125808399352,5.508595556037851,4.848916770784997,264.11,aer,4096,outputs/Reps_qubits_d_2/slurm_YYDPETGTWY_amber/replica_675/replica_675.pdb,outputs/Reps_qubits_d_2/slurm_YYDPETGTWY_amber/replica_675/replica_675_ca.pdb
325,313297092,random,YYDPETGTWY,amber,-19.858534974642243,4.3811825109241465,17.74371760595323,6.602111896328194,5.508595556037851,4.848916770784997,245.96,aer,4096,outputs/Reps_qubits_d_2/slurm_YYDPETGTWY_amber/replica_325/replica_325.pdb,outputs/Reps_qubits_d_2/slurm_YYDPETGTWY_amber/replica_325/replica_325_ca.pdb
752,313297519,random,YYDPETGTWY,amber,10.416558167054474,4.396662644126682,14.135699312556296,6.353782852226984,5.508595556037851,4.848916770784997,507.31,aer,4096,outputs/Reps_qubits_d_2/slurm_YYDPETGTWY_amber/replica_752/replica_752.pdb,outputs/Reps_qubits_d_2/slurm_YYDPETGTWY_amber/replica_752/replica_752_ca.pdb
133,313296900,random,YYDPETGTWY,amber,-8.09507185764798,4.403856602099623,17.534941354240612,6.6585494383441,5.508595556037851,4.848916770784997,246.85,aer,4096,outputs/Reps_qubits_d_2/slurm_YYDPETGTWY_amber/replica_133/replica_133.pdb,outputs/Reps_qubits_d_2/slurm_YYDPETGTWY_amber/replica_133/replica_133_ca.pdb
858,313297625,random,YYDPETGTWY,amber,-32.30981942879213,4.4056651788624706,18.486586791155574,6.356309874503665,5.508595556037851,4.848916770784997,408.24,aer,4096,outputs/Reps_qubits_d_2/slurm_YYDPETGTWY_amber/replica_858/replica_858.pdb,outputs/Reps_qubits_d_2/slurm_YYDPETGTWY_amber/replica_858/replica_858_ca.pdb
291,313297058,random,YYDPETGTWY,amber,14.69454041704317,4.416831524973162,16.797085445371543,6.604950600150131,5.508595556037851,4.848916770784997,371.6,aer,4096,outputs/Reps_qubits_d_2/slurm_YYDPETGTWY_amber/replica_291/replica_291.pdb,outputs/Reps_qubits_d_2/slurm_YYDPETGTWY_amber/replica_291/replica_291_ca.pdb
822,313297589,random,YYDPETGTWY,amber,-58.271330727553384,4.41733155389059,15.284767892126329,6.4213270807505864,5.508595556037851,4.848916770784997,359.06,aer,4096,outputs/Reps_qubits_d_2/slurm_YYDPETGTWY_amber/replica_822/replica_822.pdb,outputs/Reps_qubits_d_2/slurm_YYDPETGTWY_amber/replica_822/replica_822_ca.pdb
683,313297450,random,YYDPETGTWY,amber,-17.593998326905155,4.4310515311155045,18.361146542230525,6.498532269287929,5.508595556037851,4.848916770784997,720.51,aer,4096,outputs/Reps_qubits_d_2/slurm_YYDPETGTWY_amber/replica_683/replica_683.pdb,outputs/Reps_qubits_d_2/slurm_YYDPETGTWY_amber/replica_683/replica_683_ca.pdb
701,313297468,random,YYDPETGTWY,amber,-20.009788312252134,4.436637635053549,15.750310215181138,6.102900199413821,5.508595556037851,4.848916770784997,377.45,aer,4096,outputs/Reps_qubits_d_2/slurm_YYDPETGTWY_amber/replica_701/replica_701.pdb,outputs/Reps_qubits_d_2/slurm_YYDPETGTWY_amber/replica_701/replica_701_ca.pdb
606,313297373,random,YYDPETGTWY,amber,-29.82332564645793,4.450800349535644,17.940993687852565,6.401362767243535,5.508595556037851,4.848916770784997,280.07,aer,4096,outputs/Reps_qubits_d_2/slurm_YYDPETGTWY_amber/replica_606/replica_606.pdb,outputs/Reps_qubits_d_2/slurm_YYDPETGTWY_amber/replica_606/replica_606_ca.pdb
583,313297350,random,YYDPETGTWY,amber,66.32423675348245,4.455898404690874,17.24854984439147,6.514560436305019,5.508595556037851,4.848916770784997,300.28,aer,4096,outputs/Reps_qubits_d_2/slurm_YYDPETGTWY_amber/replica_583/replica_583.pdb,outputs/Reps_qubits_d_2/slurm_YYDPETGTWY_amber/replica_583/replica_583_ca.pdb
544,313297311,random,YYDPETGTWY,amber,58.06090070839716,4.4578143446983765,16.92527021226955,6.323701321197531,5.508595556037851,4.848916770784997,210.9,aer,4096,outputs/Reps_qubits_d_2/slurm_YYDPETGTWY_amber/replica_544/replica_544.pdb,outputs/Reps_qubits_d_2/slurm_YYDPETGTWY_amber/replica_544/replica_544_ca.pdb
211,313296978,random,YYDPETGTWY,amber,59.483317955478086,4.468662510693,17.214793999277177,6.619693055901913,5.508595556037851,4.848916770784997,261.78,aer,4096,outputs/Reps_qubits_d_2/slurm_YYDPETGTWY_amber/replica_211/replica_211.pdb,outputs/Reps_qubits_d_2/slurm_YYDPETGTWY_amber/replica_211/replica_211_ca.pdb
879,313297646,random,YYDPETGTWY,amber,-84.32421175701133,4.471894993471155,17.121866320069937,6.434958715880508,5.508595556037851,4.848916770784997,298.76,aer,4096,outputs/Reps_qubits_d_2/slurm_YYDPETGTWY_amber/replica_879/replica_879.pdb,outputs/Reps_qubits_d_2/slurm_YYDPETGTWY_amber/replica_879/replica_879_ca.pdb
673,313297440,random,YYDPETGTWY,amber,38.74874511030843,4.472293439501928,15.473496495849911,6.666242487642995,5.508595556037851,4.848916770784997,247.67,aer,4096,outputs/Reps_qubits_d_2/slurm_YYDPETGTWY_amber/replica_673/replica_673.pdb,outputs/Reps_qubits_d_2/slurm_YYDPETGTWY_amber/replica_673/replica_673_ca.pdb
246,313297013,random,YYDPETGTWY,amber,35.244640382732904,4.48243797747208,13.60412830670672,5.77872363594328,5.508595556037851,4.848916770784997,280.18,aer,4096,outputs/Reps_qubits_d_2/slurm_YYDPETGTWY_amber/replica_246/replica_246.pdb,outputs/Reps_qubits_d_2/slurm_YYDPETGTWY_amber/replica_246/replica_246_ca.pdb
252,313297019,random,YYDPETGTWY,amber,-49.16598010995391,4.486069941639267,17.669374052462807,6.1715950232943895,5.508595556037851,4.848916770784997,326.78,aer,4096,outputs/Reps_qubits_d_2/slurm_YYDPETGTWY_amber/replica_252/replica_252.pdb,outputs/Reps_qubits_d_2/slurm_YYDPETGTWY_amber/replica_252/replica_252_ca.pdb
85,313296852,random,YYDPETGTWY,amber,-10.351895712768004,4.490891562043925,18.058344466357298,6.662311875174175,5.508595556037851,4.848916770784997,266.98,aer,4096,outputs/Reps_qubits_d_2/slurm_YYDPETGTWY_amber/replica_85/replica_85.pdb,outputs/Reps_qubits_d_2/slurm_YYDPETGTWY_amber/replica_85/replica_85_ca.pdb
556,313297323,random,YYDPETGTWY,amber,-8.499248136936677,4.493595561511602,17.907650573590267,6.504691136859548,5.508595556037851,4.848916770784997,247.99,aer,4096,outputs/Reps_qubits_d_2/slurm_YYDPETGTWY_amber/replica_556/replica_556.pdb,outputs/Reps_qubits_d_2/slurm_YYDPETGTWY_amber/replica_556/replica_556_ca.pdb
689,313297456,random,YYDPETGTWY,amber,-54.89775021990293,4.493761867817762,15.648327431403136,6.541087296774823,5.508595556037851,4.848916770784997,226.69,aer,4096,outputs/Reps_qubits_d_2/slurm_YYDPETGTWY_amber/replica_689/replica_689.pdb,outputs/Reps_qubits_d_2/slurm_YYDPETGTWY_amber/replica_689/replica_689_ca.pdb
568,313297335,random,YYDPETGTWY,amber,-57.53811023853956,4.502367465318755,16.391678755213878,5.834425108051853,5.508595556037851,4.848916770784997,379.38,aer,4096,outputs/Reps_qubits_d_2/slurm_YYDPETGTWY_amber/replica_568/replica_568.pdb,outputs/Reps_qubits_d_2/slurm_YYDPETGTWY_amber/replica_568/replica_568_ca.pdb
886,313297653,random,YYDPETGTWY,amber,-18.817428363306963,4.50708783215205,16.106799964989854,6.2664521682259595,5.508595556037851,4.848916770784997,350.99,aer,4096,outputs/Reps_qubits_d_2/slurm_YYDPETGTWY_amber/replica_886/replica_886.pdb,outputs/Reps_qubits_d_2/slurm_YYDPETGTWY_amber/replica_886/replica_886_ca.pdb
973,313297740,random,YYDPETGTWY,amber,-61.56362012048307,4.507578514978423,18.15060172735339,6.6582925951026715,5.508595556037851,4.848916770784997,247.28,aer,4096,outputs/Reps_qubits_d_2/slurm_YYDPETGTWY_amber/replica_973/replica_973.pdb,outputs/Reps_qubits_d_2/slurm_YYDPETGTWY_amber/replica_973/replica_973_ca.pdb
262,313297029,random,YYDPETGTWY,amber,216.85742856114325,4.511409115102762,17.585811221620954,6.373880875264469,5.508595556037851,4.848916770784997,343.13,aer,4096,outputs/Reps_qubits_d_2/slurm_YYDPETGTWY_amber/replica_262/replica_262.pdb,outputs/Reps_qubits_d_2/slurm_YYDPETGTWY_amber/replica_262/replica_262_ca.pdb
152,313296919,random,YYDPETGTWY,amber,329.9071085097508,4.52128688615979,18.34967254127303,6.8206978380185435,5.508595556037851,4.848916770784997,178.9,aer,4096,outputs/Reps_qubits_d_2/slurm_YYDPETGTWY_amber/replica_152/replica_152.pdb,outputs/Reps_qubits_d_2/slurm_YYDPETGTWY_amber/replica_152/replica_152_ca.pdb
687,313297454,random,YYDPETGTWY,amber,4.68467521097186,4.523384674872952,18.266589016875983,6.690295291274,5.508595556037851,4.848916770784997,223.43,aer,4096,outputs/Reps_qubits_d_2/slurm_YYDPETGTWY_amber/replica_687/replica_687.pdb,outputs/Reps_qubits_d_2/slurm_YYDPETGTWY_amber/replica_687/replica_687_ca.pdb
75,313296842,random,YYDPETGTWY,amber,31.20642102398668,4.523804030758895,18.608911922495835,6.61949511190583,5.508595556037851,4.848916770784997,361.22,aer,4096,outputs/Reps_qubits_d_2/slurm_YYDPETGTWY_amber/replica_75/replica_75.pdb,outputs/Reps_qubits_d_2/slurm_YYDPETGTWY_amber/replica_75/replica_75_ca.pdb
453,313297220,random,YYDPETGTWY,amber,-55.81378920322919,4.5286638608289085,15.099358946282054,6.02534459349494,5.508595556037851,4.848916770784997,263.68,aer,4096,outputs/Reps_qubits_d_2/slurm_YYDPETGTWY_amber/replica_453/replica_453.pdb,outputs/Reps_qubits_d_2/slurm_YYDPETGTWY_amber/replica_453/replica_453_ca.pdb
682,313297449,random,YYDPETGTWY,amber,7.8145314413584614,4.531173329146604,18.877230333456072,6.223850783975412,5.508595556037851,4.848916770784997,317.15,aer,4096,outputs/Reps_qubits_d_2/slurm_YYDPETGTWY_amber/replica_682/replica_682.pdb,outputs/Reps_qubits_d_2/slurm_YYDPETGTWY_amber/replica_682/replica_682_ca.pdb
181,313296948,random,YYDPETGTWY,amber,-16.26061419545554,4.534802681295672,16.863505918941406,6.582444995092982,5.508595556037851,4.848916770784997,466.04,aer,4096,outputs/Reps_qubits_d_2/slurm_YYDPETGTWY_amber/replica_181/replica_181.pdb,outputs/Reps_qubits_d_2/slurm_YYDPETGTWY_amber/replica_181/replica_181_ca.pdb
478,313297245,random,YYDPETGTWY,amber,17.973188985117,4.553809745393259,14.906766329890939,6.676868927125896,5.508595556037851,4.848916770784997,643.46,aer,4096,outputs/Reps_qubits_d_2/slurm_YYDPETGTWY_amber/replica_478/replica_478.pdb,outputs/Reps_qubits_d_2/slurm_YYDPETGTWY_amber/replica_478/replica_478_ca.pdb
484,313297251,random,YYDPETGTWY,amber,87.01433489599196,4.555815499485341,14.831303770131614,6.293654607651569,5.508595556037851,4.848916770784997,364.9,aer,4096,outputs/Reps_qubits_d_2/slurm_YYDPETGTWY_amber/replica_484/replica_484.pdb,outputs/Reps_qubits_d_2/slurm_YYDPETGTWY_amber/replica_484/replica_484_ca.pdb
733,313297500,random,YYDPETGTWY,amber,95.75737370700978,4.5605325257892,16.919396562234443,6.439897688284309,5.508595556037851,4.848916770784997,319.89,aer,4096,outputs/Reps_qubits_d_2/slurm_YYDPETGTWY_amber/replica_733/replica_733.pdb,outputs/Reps_qubits_d_2/slurm_YYDPETGTWY_amber/replica_733/replica_733_ca.pdb
555,313297322,random,YYDPETGTWY,amber,-100.46319463427588,4.56448050721613,15.988068723120435,6.333477418392295,5.508595556037851,4.848916770784997,329.12,aer,4096,outputs/Reps_qubits_d_2/slurm_YYDPETGTWY_amber/replica_555/replica_555.pdb,outputs/Reps_qubits_d_2/slurm_YYDPETGTWY_amber/replica_555/replica_555_ca.pdb
316,313297083,random,YYDPETGTWY,amber,11.408144508938166,4.567062015860662,15.853429159455898,6.695931583035496,5.508595556037851,4.848916770784997,260.87,aer,4096,outputs/Reps_qubits_d_2/slurm_YYDPETGTWY_amber/replica_316/replica_316.pdb,outputs/Reps_qubits_d_2/slurm_YYDPETGTWY_amber/replica_316/replica_316_ca.pdb
762,313297529,random,YYDPETGTWY,amber,-20.849059207066095,4.573024754692589,18.625436819571412,6.480301937821521,5.508595556037851,4.848916770784997,287.34,aer,4096,outputs/Reps_qubits_d_2/slurm_YYDPETGTWY_amber/replica_762/replica_762.pdb,outputs/Reps_qubits_d_2/slurm_YYDPETGTWY_amber/replica_762/replica_762_ca.pdb
88,313296855,random,YYDPETGTWY,amber,0.3186311612091368,4.573321936281971,18.936383268171802,6.626456831022418,5.508595556037851,4.848916770784997,243.87,aer,4096,outputs/Reps_qubits_d_2/slurm_YYDPETGTWY_amber/replica_88/replica_88.pdb,outputs/Reps_qubits_d_2/slurm_YYDPETGTWY_amber/replica_88/replica_88_ca.pdb
310,313297077,random,YYDPETGTWY,amber,86.78481925672983,4.576234999331959,18.085484146451165,6.29398214005702,5.508595556037851,4.848916770784997,420.32,aer,4096,outputs/Reps_qubits_d_2/slurm_YYDPETGTWY_amber/replica_310/replica_310.pdb,outputs/Reps_qubits_d_2/slurm_YYDPETGTWY_amber/replica_310/replica_310_ca.pdb
931,313297698,random,YYDPETGTWY,amber,59.66315810858915,4.576842541857947,17.049616852524643,6.0692665907929575,5.508595556037851,4.848916770784997,360.79,aer,4096,outputs/Reps_qubits_d_2/slurm_YYDPETGTWY_amber/replica_931/replica_931.pdb,outputs/Reps_qubits_d_2/slurm_YYDPETGTWY_amber/replica_931/replica_931_ca.pdb
873,313297640,random,YYDPETGTWY,amber,332.2903290744255,4.601440210456649,19.422193158717906,6.4764930309211435,5.508595556037851,4.848916770784997,553.12,aer,4096,outputs/Reps_qubits_d_2/slurm_YYDPETGTWY_amber/replica_873/replica_873.pdb,outputs/Reps_qubits_d_2/slurm_YYDPETGTWY_amber/replica_873/replica_873_ca.pdb
740,313297507,random,YYDPETGTWY,amber,-39.90411758461791,4.601498709804748,15.575815206172834,6.702789133019777,5.508595556037851,4.848916770784997,248.47,aer,4096,outputs/Reps_qubits_d_2/slurm_YYDPETGTWY_amber/replica_740/replica_740.pdb,outputs/Reps_qubits_d_2/slurm_YYDPETGTWY_amber/replica_740/replica_740_ca.pdb
302,313297069,random,YYDPETGTWY,amber,-37.569201140458134,4.60610169008198,18.363804554864696,6.581129095684873,5.508595556037851,4.848916770784997,390.79,aer,4096,outputs/Reps_qubits_d_2/slurm_YYDPETGTWY_amber/replica_302/replica_302.pdb,outputs/Reps_qubits_d_2/slurm_YYDPETGTWY_amber/replica_302/replica_302_ca.pdb
119,313296886,random,YYDPETGTWY,amber,63.479521921839535,4.618244109994734,16.585469086165208,6.467250475399063,5.508595556037851,4.848916770784997,218.62,aer,4096,outputs/Reps_qubits_d_2/slurm_YYDPETGTWY_amber/replica_119/replica_119.pdb,outputs/Reps_qubits_d_2/slurm_YYDPETGTWY_amber/replica_119/replica_119_ca.pdb
167,313296934,random,YYDPETGTWY,amber,28.859911324848696,4.622299803611804,17.848452749382375,6.694046617361864,5.508595556037851,4.848916770784997,247.3,aer,4096,outputs/Reps_qubits_d_2/slurm_YYDPETGTWY_amber/replica_167/replica_167.pdb,outputs/Reps_qubits_d_2/slurm_YYDPETGTWY_amber/replica_167/replica_167_ca.pdb
307,313297074,random,YYDPETGTWY,amber,40.76321814903013,4.626810382938323,16.580343200652674,6.530653788452007,5.508595556037851,4.848916770784997,424.92,aer,4096,outputs/Reps_qubits_d_2/slurm_YYDPETGTWY_amber/replica_307/replica_307.pdb,outputs/Reps_qubits_d_2/slurm_YYDPETGTWY_amber/replica_307/replica_307_ca.pdb
498,313297265,random,YYDPETGTWY,amber,88.19179322131369,4.6345429826596325,15.22836949494089,6.449539859179244,5.508595556037851,4.848916770784997,202.34,aer,4096,outputs/Reps_qubits_d_2/slurm_YYDPETGTWY_amber/replica_498/replica_498.pdb,outputs/Reps_qubits_d_2/slurm_YYDPETGTWY_amber/replica_498/replica_498_ca.pdb
12,313296779,random,YYDPETGTWY,amber,0.7277760331917904,4.635950962469898,17.46144681991668,6.548923261844017,5.508595556037851,4.848916770784997,231.61,aer,4096,outputs/Reps_qubits_d_2/slurm_YYDPETGTWY_amber/replica_12/replica_12.pdb,outputs/Reps_qubits_d_2/slurm_YYDPETGTWY_amber/replica_12/replica_12_ca.pdb
320,313297087,random,YYDPETGTWY,amber,15.900088798706598,4.640741650043314,17.698803083727597,6.5282858952652365,5.508595556037851,4.848916770784997,254.45,aer,4096,outputs/Reps_qubits_d_2/slurm_YYDPETGTWY_amber/replica_320/replica_320.pdb,outputs/Reps_qubits_d_2/slurm_YYDPETGTWY_amber/replica_320/replica_320_ca.pdb
441,313297208,random,YYDPETGTWY,amber,58.795708270152154,4.643428279143869,17.87398921002002,6.612232140334897,5.508595556037851,4.848916770784997,274.96,aer,4096,outputs/Reps_qubits_d_2/slurm_YYDPETGTWY_amber/replica_441/replica_441.pdb,outputs/Reps_qubits_d_2/slurm_YYDPETGTWY_amber/replica_441/replica_441_ca.pdb
677,313297444,random,YYDPETGTWY,amber,10.400391973880366,4.64986065219833,18.101109659801175,6.6596739842829695,5.508595556037851,4.848916770784997,695.59,aer,4096,outputs/Reps_qubits_d_2/slurm_YYDPETGTWY_amber/replica_677/replica_677.pdb,outputs/Reps_qubits_d_2/slurm_YYDPETGTWY_amber/replica_677/replica_677_ca.pdb
80,313296847,random,YYDPETGTWY,amber,45.65239793390061,4.649977542700813,14.202089708252464,6.480040267397187,5.508595556037851,4.848916770784997,232.6,aer,4096,outputs/Reps_qubits_d_2/slurm_YYDPETGTWY_amber/replica_80/replica_80.pdb,outputs/Reps_qubits_d_2/slurm_YYDPETGTWY_amber/replica_80/replica_80_ca.pdb
844,313297611,random,YYDPETGTWY,amber,-54.7114544795123,4.650228321756159,15.912423072706025,6.571796289287128,5.508595556037851,4.848916770784997,413.89,aer,4096,outputs/Reps_qubits_d_2/slurm_YYDPETGTWY_amber/replica_844/replica_844.pdb,outputs/Reps_qubits_d_2/slurm_YYDPETGTWY_amber/replica_844/replica_844_ca.pdb
144,313296911,random,YYDPETGTWY,amber,66.03202069321333,4.655532453964096,18.74695728668688,6.873606716332748,5.508595556037851,4.848916770784997,195.76,aer,4096,outputs/Reps_qubits_d_2/slurm_YYDPETGTWY_amber/replica_144/replica_144.pdb,outputs/Reps_qubits_d_2/slurm_YYDPETGTWY_amber/replica_144/replica_144_ca.pdb
448,313297215,random,YYDPETGTWY,amber,16.10471658172875,4.66235729699225,18.82387360261853,6.641262535862242,5.508595556037851,4.848916770784997,326.56,aer,4096,outputs/Reps_qubits_d_2/slurm_YYDPETGTWY_amber/replica_448/replica_448.pdb,outputs/Reps_qubits_d_2/slurm_YYDPETGTWY_amber/replica_448/replica_448_ca.pdb
188,313296955,random,YYDPETGTWY,amber,-75.75152095247712,4.663597672279225,16.94459273448299,6.53440760985498,5.508595556037851,4.848916770784997,460.08,aer,4096,outputs/Reps_qubits_d_2/slurm_YYDPETGTWY_amber/replica_188/replica_188.pdb,outputs/Reps_qubits_d_2/slurm_YYDPETGTWY_amber/replica_188/replica_188_ca.pdb
153,313296920,random,YYDPETGTWY,amber,60.57744351300641,4.664649927039859,17.323335990035556,6.070010902210931,5.508595556037851,4.848916770784997,528.39,aer,4096,outputs/Reps_qubits_d_2/slurm_YYDPETGTWY_amber/replica_153/replica_153.pdb,outputs/Reps_qubits_d_2/slurm_YYDPETGTWY_amber/replica_153/replica_153_ca.pdb
183,313296950,random,YYDPETGTWY,amber,-51.75887972328458,4.672062062434189,16.58762539128097,6.669084603661925,5.508595556037851,4.848916770784997,255.71,aer,4096,outputs/Reps_qubits_d_2/slurm_YYDPETGTWY_amber/replica_183/replica_183.pdb,outputs/Reps_qubits_d_2/slurm_YYDPETGTWY_amber/replica_183/replica_183_ca.pdb
79,313296846,random,YYDPETGTWY,amber,2.5348763362459334,4.677046688788731,18.452728871193973,6.6185840627708314,5.508595556037851,4.848916770784997,377.81,aer,4096,outputs/Reps_qubits_d_2/slurm_YYDPETGTWY_amber/replica_79/replica_79.pdb,outputs/Reps_qubits_d_2/slurm_YYDPETGTWY_amber/replica_79/replica_79_ca.pdb
703,313297470,random,YYDPETGTWY,amber,492.44671606301307,4.681466822029361,16.835498328696822,6.554926618282182,5.508595556037851,4.848916770784997,136.75,aer,4096,outputs/Reps_qubits_d_2/slurm_YYDPETGTWY_amber/replica_703/replica_703.pdb,outputs/Reps_qubits_d_2/slurm_YYDPETGTWY_amber/replica_703/replica_703_ca.pdb
850,313297617,random,YYDPETGTWY,amber,28.7122775816262,4.684058517205023,19.080419700304457,6.886046169976869,5.508595556037851,4.848916770784997,422.27,aer,4096,outputs/Reps_qubits_d_2/slurm_YYDPETGTWY_amber/replica_850/replica_850.pdb,outputs/Reps_qubits_d_2/slurm_YYDPETGTWY_amber/replica_850/replica_850_ca.pdb
113,313296880,random,YYDPETGTWY,amber,68.83888287421996,4.690717322892575,14.394095275515927,6.128573219203608,5.508595556037851,4.848916770784997,270.98,aer,4096,outputs/Reps_qubits_d_2/slurm_YYDPETGTWY_amber/replica_113/replica_113.pdb,outputs/Reps_qubits_d_2/slurm_YYDPETGTWY_amber/replica_113/replica_113_ca.pdb
103,313296870,random,YYDPETGTWY,amber,-0.3452941656271792,4.690896979466995,18.87764588747804,6.322952976058242,5.508595556037851,4.848916770784997,231.95,aer,4096,outputs/Reps_qubits_d_2/slurm_YYDPETGTWY_amber/replica_103/replica_103.pdb,outputs/Reps_qubits_d_2/slurm_YYDPETGTWY_amber/replica_103/replica_103_ca.pdb
661,313297428,random,YYDPETGTWY,amber,29.10654034113448,4.693126923147503,16.62033865313988,6.709731577332494,5.508595556037851,4.848916770784997,359.56,aer,4096,outputs/Reps_qubits_d_2/slurm_YYDPETGTWY_amber/replica_661/replica_661.pdb,outputs/Reps_qubits_d_2/slurm_YYDPETGTWY_amber/replica_661/replica_661_ca.pdb
641,313297408,random,YYDPETGTWY,amber,-2.7386219015743998,4.708729679591323,18.630235650832677,6.875454634582504,5.508595556037851,4.848916770784997,205.65,aer,4096,outputs/Reps_qubits_d_2/slurm_YYDPETGTWY_amber/replica_641/replica_641.pdb,outputs/Reps_qubits_d_2/slurm_YYDPETGTWY_amber/replica_641/replica_641_ca.pdb
554,313297321,random,YYDPETGTWY,amber,54.129249595340866,4.70988958971066,19.14317977438528,6.443737044197069,5.508595556037851,4.848916770784997,526.7,aer,4096,outputs/Reps_qubits_d_2/slurm_YYDPETGTWY_amber/replica_554/replica_554.pdb,outputs/Reps_qubits_d_2/slurm_YYDPETGTWY_amber/replica_554/replica_554_ca.pdb
810,313297577,random,YYDPETGTWY,amber,46.201663409600066,4.710209797556731,18.53672499289597,6.8718745406463775,5.508595556037851,4.848916770784997,290.6,aer,4096,outputs/Reps_qubits_d_2/slurm_YYDPETGTWY_amber/replica_810/replica_810.pdb,outputs/Reps_qubits_d_2/slurm_YYDPETGTWY_amber/replica_810/replica_810_ca.pdb
533,313297300,random,YYDPETGTWY,amber,28.933103251922535,4.711991212709472,18.310305579932905,6.69593477121978,5.508595556037851,4.848916770784997,213.82,aer,4096,outputs/Reps_qubits_d_2/slurm_YYDPETGTWY_amber/replica_533/replica_533.pdb,outputs/Reps_qubits_d_2/slurm_YYDPETGTWY_amber/replica_533/replica_533_ca.pdb
141,313296908,random,YYDPETGTWY,amber,-103.42510498420187,4.7188509202605236,17.620136998982908,6.561490974416458,5.508595556037851,4.848916770784997,263.04,aer,4096,outputs/Reps_qubits_d_2/slurm_YYDPETGTWY_amber/replica_141/replica_141.pdb,outputs/Reps_qubits_d_2/slurm_YYDPETGTWY_amber/replica_141/replica_141_ca.pdb
328,313297095,random,YYDPETGTWY,amber,26.33136484823557,4.724288428741774,14.200519556254537,6.005357646611792,5.508595556037851,4.848916770784997,290.6,aer,4096,outputs/Reps_qubits_d_2/slurm_YYDPETGTWY_amber/replica_328/replica_328.pdb,outputs/Reps_qubits_d_2/slurm_YYDPETGTWY_amber/replica_328/replica_328_ca.pdb
840,313297607,random,YYDPETGTWY,amber,28.23184299107891,4.726605450039857,15.812847366070242,6.6412883993816205,5.508595556037851,4.848916770784997,276.55,aer,4096,outputs/Reps_qubits_d_2/slurm_YYDPETGTWY_amber/replica_840/replica_840.pdb,outputs/Reps_qubits_d_2/slurm_YYDPETGTWY_amber/replica_840/replica_840_ca.pdb
531,313297298,random,YYDPETGTWY,amber,-10.319764947769965,4.730292393235721,15.942088216439606,6.865084336245353,5.508595556037851,4.848916770784997,275.47,aer,4096,outputs/Reps_qubits_d_2/slurm_YYDPETGTWY_amber/replica_531/replica_531.pdb,outputs/Reps_qubits_d_2/slurm_YYDPETGTWY_amber/replica_531/replica_531_ca.pdb
278,313297045,random,YYDPETGTWY,amber,36.70449392469247,4.733563352935249,18.200407883835574,6.584321344588416,5.508595556037851,4.848916770784997,432.14,aer,4096,outputs/Reps_qubits_d_2/slurm_YYDPETGTWY_amber/replica_278/replica_278.pdb,outputs/Reps_qubits_d_2/slurm_YYDPETGTWY_amber/replica_278/replica_278_ca.pdb
776,313297543,random,YYDPETGTWY,amber,-2.624692578110528,4.7348194826776675,17.43192504141009,6.724606573056917,5.508595556037851,4.848916770784997,270.05,aer,4096,outputs/Reps_qubits_d_2/slurm_YYDPETGTWY_amber/replica_776/replica_776.pdb,outputs/Reps_qubits_d_2/slurm_YYDPETGTWY_amber/replica_776/replica_776_ca.pdb
615,313297382,random,YYDPETGTWY,amber,-7.434526065401819,4.735966842322596,18.66581007437913,6.610900075824196,5.508595556037851,4.848916770784997,481.31,aer,4096,outputs/Reps_qubits_d_2/slurm_YYDPETGTWY_amber/replica_615/replica_615.pdb,outputs/Reps_qubits_d_2/slurm_YYDPETGTWY_amber/replica_615/replica_615_ca.pdb
207,313296974,random,YYDPETGTWY,amber,-29.902650596042484,4.737384270049524,17.193548762943692,6.1627279834215125,5.508595556037851,4.848916770784997,333.84,aer,4096,outputs/Reps_qubits_d_2/slurm_YYDPETGTWY_amber/replica_207/replica_207.pdb,outputs/Reps_qubits_d_2/slurm_YYDPETGTWY_amber/replica_207/replica_207_ca.pdb
869,313297636,random,YYDPETGTWY,amber,105.15099660029111,4.743693284937908,18.727598919806777,6.681041382318887,5.508595556037851,4.848916770784997,290.32,aer,4096,outputs/Reps_qubits_d_2/slurm_YYDPETGTWY_amber/replica_869/replica_869.pdb,outputs/Reps_qubits_d_2/slurm_YYDPETGTWY_amber/replica_869/replica_869_ca.pdb
925,313297692,random,YYDPETGTWY,amber,10.37600031321843,4.756377255930246,15.544945082970049,6.07466120660854,5.508595556037851,4.848916770784997,330.3,aer,4096,outputs/Reps_qubits_d_2/slurm_YYDPETGTWY_amber/replica_925/replica_925.pdb,outputs/Reps_qubits_d_2/slurm_YYDPETGTWY_amber/replica_925/replica_925_ca.pdb
595,313297362,random,YYDPETGTWY,amber,247.28588028189762,4.7723495963837435,15.1329072764149,6.467939313623409,5.508595556037851,4.848916770784997,188.26,aer,4096,outputs/Reps_qubits_d_2/slurm_YYDPETGTWY_amber/replica_595/replica_595.pdb,outputs/Reps_qubits_d_2/slurm_YYDPETGTWY_amber/replica_595/replica_595_ca.pdb
44,313296811,random,YYDPETGTWY,amber,-24.61154978645683,4.775649937282882,19.346040098599282,6.6744844971348,5.508595556037851,4.848916770784997,283.58,aer,4096,outputs/Reps_qubits_d_2/slurm_YYDPETGTWY_amber/replica_44/replica_44.pdb,outputs/Reps_qubits_d_2/slurm_YYDPETGTWY_amber/replica_44/replica_44_ca.pdb
702,313297469,random,YYDPETGTWY,amber,10.57843132583539,4.7777300737638715,18.24826989621239,6.585571966065307,5.508595556037851,4.848916770784997,250.4,aer,4096,outputs/Reps_qubits_d_2/slurm_YYDPETGTWY_amber/replica_702/replica_702.pdb,outputs/Reps_qubits_d_2/slurm_YYDPETGTWY_amber/replica_702/replica_702_ca.pdb
981,313297748,random,YYDPETGTWY,amber,31.306940120886434,4.78536744353645,19.134566295925918,6.638748808129685,5.508595556037851,4.848916770784997,490.56,aer,4096,outputs/Reps_qubits_d_2/slurm_YYDPETGTWY_amber/replica_981/replica_981.pdb,outputs/Reps_qubits_d_2/slurm_YYDPETGTWY_amber/replica_981/replica_981_ca.pdb
243,313297010,random,YYDPETGTWY,amber,104.56012546977959,4.7855957456410945,17.92940257377893,6.591073282136643,5.508595556037851,4.848916770784997,256.53,aer,4096,outputs/Reps_qubits_d_2/slurm_YYDPETGTWY_amber/replica_243/replica_243.pdb,outputs/Reps_qubits_d_2/slurm_YYDPETGTWY_amber/replica_243/replica_243_ca.pdb
522,313297289,random,YYDPETGTWY,amber,-22.41001504344624,4.785677531110885,18.04525415592953,6.634883423064045,5.508595556037851,4.848916770784997,358.07,aer,4096,outputs/Reps_qubits_d_2/slurm_YYDPETGTWY_amber/replica_522/replica_522.pdb,outputs/Reps_qubits_d_2/slurm_YYDPETGTWY_amber/replica_522/replica_522_ca.pdb
512,313297279,random,YYDPETGTWY,amber,9.354644543419235,4.786537057762634,15.845408609578193,6.525489515818466,5.508595556037851,4.848916770784997,306.06,aer,4096,outputs/Reps_qubits_d_2/slurm_YYDPETGTWY_amber/replica_512/replica_512.pdb,outputs/Reps_qubits_d_2/slurm_YYDPETGTWY_amber/replica_512/replica_512_ca.pdb
567,313297334,random,YYDPETGTWY,amber,-48.872904851947055,4.788396771161134,13.97848635170239,6.289298327934399,5.508595556037851,4.848916770784997,409.29,aer,4096,outputs/Reps_qubits_d_2/slurm_YYDPETGTWY_amber/replica_567/replica_567.pdb,outputs/Reps_qubits_d_2/slurm_YYDPETGTWY_amber/replica_567/replica_567_ca.pdb
108,313296875,random,YYDPETGTWY,amber,-41.537738600825264,4.792123774492038,20.182865448066256,6.681217061254365,5.508595556037851,4.848916770784997,278.62,aer,4096,outputs/Reps_qubits_d_2/slurm_YYDPETGTWY_amber/replica_108/replica_108.pdb,outputs/Reps_qubits_d_2/slurm_YYDPETGTWY_amber/replica_108/replica_108_ca.pdb
564,313297331,random,YYDPETGTWY,amber,15.218533096015946,4.801085536866216,18.545299088078398,6.675182239819764,5.508595556037851,4.848916770784997,216.47,aer,4096,outputs/Reps_qubits_d_2/slurm_YYDPETGTWY_amber/replica_564/replica_564.pdb,outputs/Reps_qubits_d_2/slurm_YYDPETGTWY_amber/replica_564/replica_564_ca.pdb
82,313296849,random,YYDPETGTWY,amber,35.14399563561584,4.804434120502117,18.16092241849941,6.843677263774235,5.508595556037851,4.848916770784997,480.06,aer,4096,outputs/Reps_qubits_d_2/slurm_YYDPETGTWY_amber/replica_82/replica_82.pdb,outputs/Reps_qubits_d_2/slurm_YYDPETGTWY_amber/replica_82/replica_82_ca.pdb
121,313296888,random,YYDPETGTWY,amber,-25.64867184292605,4.806318486801911,18.14513240054308,6.692154056504925,5.508595556037851,4.848916770784997,310.65,aer,4096,outputs/Reps_qubits_d_2/slurm_YYDPETGTWY_amber/replica_121/replica_121.pdb,outputs/Reps_qubits_d_2/slurm_YYDPETGTWY_amber/replica_121/replica_121_ca.pdb
129,313296896,random,YYDPETGTWY,amber,52.37719158509115,4.808826792496697,17.63266209227633,6.739386595433913,5.508595556037851,4.848916770784997,360.93,aer,4096,outputs/Reps_qubits_d_2/slurm_YYDPETGTWY_amber/replica_129/replica_129.pdb,outputs/Reps_qubits_d_2/slurm_YYDPETGTWY_amber/replica_129/replica_129_ca.pdb
110,313296877,random,YYDPETGTWY,amber,5.4101335201433525,4.8095105323554606,19.024391461279645,6.747043107382437,5.508595556037851,4.848916770784997,231.18,aer,4096,outputs/Reps_qubits_d_2/slurm_YYDPETGTWY_amber/replica_110/replica_110.pdb,outputs/Reps_qubits_d_2/slurm_YYDPETGTWY_amber/replica_110/replica_110_ca.pdb
336,313297103,random,YYDPETGTWY,amber,-53.6429476106689,4.809704948249594,18.488288033360902,6.951728450475178,5.508595556037851,4.848916770784997,281.17,aer,4096,outputs/Reps_qubits_d_2/slurm_YYDPETGTWY_amber/replica_336/replica_336.pdb,outputs/Reps_qubits_d_2/slurm_YYDPETGTWY_amber/replica_336/replica_336_ca.pdb
481,313297248,random,YYDPETGTWY,amber,93.28915698469353,4.82081806112397,16.60537850398363,6.691174573668738,5.508595556037851,4.848916770784997,454.59,aer,4096,outputs/Reps_qubits_d_2/slurm_YYDPETGTWY_amber/replica_481/replica_481.pdb,outputs/Reps_qubits_d_2/slurm_YYDPETGTWY_amber/replica_481/replica_481_ca.pdb
589,313297356,random,YYDPETGTWY,amber,65.03476075573519,4.8244155154903865,15.460971098380446,6.544816327886386,5.508595556037851,4.848916770784997,281.92,aer,4096,outputs/Reps_qubits_d_2/slurm_YYDPETGTWY_amber/replica_589/replica_589.pdb,outputs/Reps_qubits_d_2/slurm_YYDPETGTWY_amber/replica_589/replica_589_ca.pdb
403,313297170,random,YYDPETGTWY,amber,99.25890105323005,4.828780062492221,15.039613435495818,6.571743658716702,5.508595556037851,4.848916770784997,425.34,aer,4096,outputs/Reps_qubits_d_2/slurm_YYDPETGTWY_amber/replica_403/replica_403.pdb,outputs/Reps_qubits_d_2/slurm_YYDPETGTWY_amber/replica_403/replica_403_ca.pdb
430,313297197,random,YYDPETGTWY,amber,112.38733292113443,4.833506656545868,19.141566037282022,6.46843434739064,5.508595556037851,4.848916770784997,395.06,aer,4096,outputs/Reps_qubits_d_2/slurm_YYDPETGTWY_amber/replica_430/replica_430.pdb,outputs/Reps_qubits_d_2/slurm_YYDPETGTWY_amber/replica_430/replica_430_ca.pdb
965,313297732,random,YYDPETGTWY,amber,-26.15801661125818,4.83619987505223,16.449181505460377,6.516008543911382,5.508595556037851,4.848916770784997,236.99,aer,4096,outputs/Reps_qubits_d_2/slurm_YYDPETGTWY_amber/replica_965/replica_965.pdb,outputs/Reps_qubits_d_2/slurm_YYDPETGTWY_amber/replica_965/replica_965_ca.pdb
604,313297371,random,YYDPETGTWY,amber,4.5012424042686385,4.837590972647806,18.246254580528667,6.761871482993135,5.508595556037851,4.848916770784997,386.03,aer,4096,outputs/Reps_qubits_d_2/slurm_YYDPETGTWY_amber/replica_604/replica_604.pdb,outputs/Reps_qubits_d_2/slurm_YYDPETGTWY_amber/replica_604/replica_604_ca.pdb
929,313297696,random,YYDPETGTWY,amber,-20.827885835578098,4.856581978246418,16.063487871932352,6.763624756261876,5.508595556037851,4.848916770784997,481.54,aer,4096,outputs/Reps_qubits_d_2/slurm_YYDPETGTWY_amber/replica_929/replica_929.pdb,outputs/Reps_qubits_d_2/slurm_YYDPETGTWY_amber/replica_929/replica_929_ca.pdb
862,313297629,random,YYDPETGTWY,amber,23.067315144610067,4.860163200514455,15.550049806327618,6.126738908852905,5.508595556037851,4.848916770784997,395.51,aer,4096,outputs/Reps_qubits_d_2/slurm_YYDPETGTWY_amber/replica_862/replica_862.pdb,outputs/Reps_qubits_d_2/slurm_YYDPETGTWY_amber/replica_862/replica_862_ca.pdb
588,313297355,random,YYDPETGTWY,amber,13.196537922950236,4.8610180269159775,19.030205935176678,6.724150082852324,5.508595556037851,4.848916770784997,297.48,aer,4096,outputs/Reps_qubits_d_2/slurm_YYDPETGTWY_amber/replica_588/replica_588.pdb,outputs/Reps_qubits_d_2/slurm_YYDPETGTWY_amber/replica_588/replica_588_ca.pdb
616,313297383,random,YYDPETGTWY,amber,-49.766895762773345,4.862908750236338,17.968572320039492,6.536485867718843,5.508595556037851,4.848916770784997,219.88,aer,4096,outputs/Reps_qubits_d_2/slurm_YYDPETGTWY_amber/replica_616/replica_616.pdb,outputs/Reps_qubits_d_2/slurm_YYDPETGTWY_amber/replica_616/replica_616_ca.pdb
885,313297652,random,YYDPETGTWY,amber,-0.7256291586382242,4.8634045661571355,16.04195842330971,6.779168000310736,5.508595556037851,4.848916770784997,338.08,aer,4096,outputs/Reps_qubits_d_2/slurm_YYDPETGTWY_amber/replica_885/replica_885.pdb,outputs/Reps_qubits_d_2/slurm_YYDPETGTWY_amber/replica_885/replica_885_ca.pdb
387,313297154,random,YYDPETGTWY,amber,29.73526628994656,4.8663353129659495,18.543461260315652,6.462417933958967,5.508595556037851,4.848916770784997,200.87,aer,4096,outputs/Reps_qubits_d_2/slurm_YYDPETGTWY_amber/replica_387/replica_387.pdb,outputs/Reps_qubits_d_2/slurm_YYDPETGTWY_amber/replica_387/replica_387_ca.pdb
436,313297203,random,YYDPETGTWY,amber,34.22816846905152,4.87182163097321,16.36752160284318,6.4842514482647164,5.508595556037851,4.848916770784997,230.04,aer,4096,outputs/Reps_qubits_d_2/slurm_YYDPETGTWY_amber/replica_436/replica_436.pdb,outputs/Reps_qubits_d_2/slurm_YYDPETGTWY_amber/replica_436/replica_436_ca.pdb
382,313297149,random,YYDPETGTWY,amber,23.56129238956831,4.876397164031567,19.551668028987446,6.979547540801495,5.508595556037851,4.848916770784997,286.08,aer,4096,outputs/Reps_qubits_d_2/slurm_YYDPETGTWY_amber/replica_382/replica_382.pdb,outputs/Reps_qubits_d_2/slurm_YYDPETGTWY_amber/replica_382/replica_382_ca.pdb
849,313297616,random,YYDPETGTWY,amber,-7.6274270154789585,4.876572860596703,17.401659509505585,6.529411572502364,5.508595556037851,4.848916770784997,345.25,aer,4096,outputs/Reps_qubits_d_2/slurm_YYDPETGTWY_amber/replica_849/replica_849.pdb,outputs/Reps_qubits_d_2/slurm_YYDPETGTWY_amber/replica_849/replica_849_ca.pdb
996,313297763,random,YYDPETGTWY,amber,53.80444393114005,4.878057812552575,19.76611250593796,6.929506435254215,5.508595556037851,4.848916770784997,344.45,aer,4096,outputs/Reps_qubits_d_2/slurm_YYDPETGTWY_amber/replica_996/replica_996.pdb,outputs/Reps_qubits_d_2/slurm_YYDPETGTWY_amber/replica_996/replica_996_ca.pdb
319,313297086,random,YYDPETGTWY,amber,-7.95071866741015,4.880150607796193,19.02778692277176,6.763050859489978,5.508595556037851,4.848916770784997,371.25,aer,4096,outputs/Reps_qubits_d_2/slurm_YYDPETGTWY_amber/replica_319/replica_319.pdb,outputs/Reps_qubits_d_2/slurm_YYDPETGTWY_amber/replica_319/replica_319_ca.pdb
296,313297063,random,YYDPETGTWY,amber,638.726630281481,4.88116499702099,17.097586646985807,6.319876253875609,5.508595556037851,4.848916770784997,148.95,aer,4096,outputs/Reps_qubits_d_2/slurm_YYDPETGTWY_amber/replica_296/replica_296.pdb,outputs/Reps_qubits_d_2/slurm_YYDPETGTWY_amber/replica_296/replica_296_ca.pdb
877,313297644,random,YYDPETGTWY,amber,70.75395403720587,4.882140498878565,17.69513363817297,6.812646793946883,5.508595556037851,4.848916770784997,292.66,aer,4096,outputs/Reps_qubits_d_2/slurm_YYDPETGTWY_amber/replica_877/replica_877.pdb,outputs/Reps_qubits_d_2/slurm_YYDPETGTWY_amber/replica_877/replica_877_ca.pdb
709,313297476,random,YYDPETGTWY,amber,90.3867704334095,4.885018838956667,18.285977659962057,6.810686017309189,5.508595556037851,4.848916770784997,315.89,aer,4096,outputs/Reps_qubits_d_2/slurm_YYDPETGTWY_amber/replica_709/replica_709.pdb,outputs/Reps_qubits_d_2/slurm_YYDPETGTWY_amber/replica_709/replica_709_ca.pdb
541,313297308,random,YYDPETGTWY,amber,40.46435920350257,4.890402743954952,18.956476047918876,6.987016425501416,5.508595556037851,4.848916770784997,285.97,aer,4096,outputs/Reps_qubits_d_2/slurm_YYDPETGTWY_amber/replica_541/replica_541.pdb,outputs/Reps_qubits_d_2/slurm_YYDPETGTWY_amber/replica_541/replica_541_ca.pdb
961,313297728,random,YYDPETGTWY,amber,-25.383990371191747,4.891495794683545,19.375448419801685,6.9387410435102375,5.508595556037851,4.848916770784997,278.29,aer,4096,outputs/Reps_qubits_d_2/slurm_YYDPETGTWY_amber/replica_961/replica_961.pdb,outputs/Reps_qubits_d_2/slurm_YYDPETGTWY_amber/replica_961/replica_961_ca.pdb
150,313296917,random,YYDPETGTWY,amber,-27.25369410987811,4.892325033014301,16.09860114238927,5.874204244520771,5.508595556037851,4.848916770784997,266.42,aer,4096,outputs/Reps_qubits_d_2/slurm_YYDPETGTWY_amber/replica_150/replica_150.pdb,outputs/Reps_qubits_d_2/slurm_YYDPETGTWY_amber/replica_150/replica_150_ca.pdb
739,313297506,random,YYDPETGTWY,amber,-102.20150196700811,4.897922556732951,17.774469040370885,6.572221161793585,5.508595556037851,4.848916770784997,325.41,aer,4096,outputs/Reps_qubits_d_2/slurm_YYDPETGTWY_amber/replica_739/replica_739.pdb,outputs/Reps_qubits_d_2/slurm_YYDPETGTWY_amber/replica_739/replica_739_ca.pdb
658,313297425,random,YYDPETGTWY,amber,-54.627335693375244,4.90737433869587,19.799945028156085,6.507188259789842,5.508595556037851,4.848916770784997,256.22,aer,4096,outputs/Reps_qubits_d_2/slurm_YYDPETGTWY_amber/replica_658/replica_658.pdb,outputs/Reps_qubits_d_2/slurm_YYDPETGTWY_amber/replica_658/replica_658_ca.pdb
603,313297370,random,YYDPETGTWY,amber,155.13961973103252,4.916347864744718,16.47717239491925,5.810813107319698,5.508595556037851,4.848916770784997,229.44,aer,4096,outputs/Reps_qubits_d_2/slurm_YYDPETGTWY_amber/replica_603/replica_603.pdb,outputs/Reps_qubits_d_2/slurm_YYDPETGTWY_amber/replica_603/replica_603_ca.pdb
29,313296796,random,YYDPETGTWY,amber,-7.848559731430531,4.91932152622322,18.58725854539611,6.6992074413664895,5.508595556037851,4.848916770784997,219.65,aer,4096,outputs/Reps_qubits_d_2/slurm_YYDPETGTWY_amber/replica_29/replica_29.pdb,outputs/Reps_qubits_d_2/slurm_YYDPETGTWY_amber/replica_29/replica_29_ca.pdb
299,313297066,random,YYDPETGTWY,amber,-11.198744581134887,4.9212555725173175,16.797352492206986,6.703412554778732,5.508595556037851,4.848916770784997,274.04,aer,4096,outputs/Reps_qubits_d_2/slurm_YYDPETGTWY_amber/replica_299/replica_299.pdb,outputs/Reps_qubits_d_2/slurm_YYDPETGTWY_amber/replica_299/replica_299_ca.pdb
722,313297489,random,YYDPETGTWY,amber,-31.186349123552088,4.931615301295745,18.00450362999255,6.608858823698692,5.508595556037851,4.848916770784997,354.65,aer,4096,outputs/Reps_qubits_d_2/slurm_YYDPETGTWY_amber/replica_722/replica_722.pdb,outputs/Reps_qubits_d_2/slurm_YYDPETGTWY_amber/replica_722/replica_722_ca.pdb
642,313297409,random,YYDPETGTWY,amber,47.508956088714946,4.933247111817628,17.17122199428161,6.7179094673590845,5.508595556037851,4.848916770784997,217.37,aer,4096,outputs/Reps_qubits_d_2/slurm_YYDPETGTWY_amber/replica_642/replica_642.pdb,outputs/Reps_qubits_d_2/slurm_YYDPETGTWY_amber/replica_642/replica_642_ca.pdb
324,313297091,random,YYDPETGTWY,amber,-33.24585532346586,4.936214678141616,17.40806137199632,6.668664931107629,5.508595556037851,4.848916770784997,250.78,aer,4096,outputs/Reps_qubits_d_2/slurm_YYDPETGTWY_amber/replica_324/replica_324.pdb,outputs/Reps_qubits_d_2/slurm_YYDPETGTWY_amber/replica_324/replica_324_ca.pdb
821,313297588,random,YYDPETGTWY,amber,63.16129810553733,4.936406736479333,19.929577641117323,6.812565329955345,5.508595556037851,4.848916770784997,291.42,aer,4096,outputs/Reps_qubits_d_2/slurm_YYDPETGTWY_amber/replica_821/replica_821.pdb,outputs/Reps_qubits_d_2/slurm_YYDPETGTWY_amber/replica_821/replica_821_ca.pdb
699,313297466,random,YYDPETGTWY,amber,-24.264621886467975,4.940225876662601,18.267570924270473,6.871372757988853,5.508595556037851,4.848916770784997,420.1,aer,4096,outputs/Reps_qubits_d_2/slurm_YYDPETGTWY_amber/replica_699/replica_699.pdb,outputs/Reps_qubits_d_2/slurm_YYDPETGTWY_amber/replica_699/replica_699_ca.pdb
978,313297745,random,YYDPETGTWY,amber,5.819199596822672,4.945061329368072,17.573035859816297,6.5641664264366355,5.508595556037851,4.848916770784997,216.94,aer,4096,outputs/Reps_qubits_d_2/slurm_YYDPETGTWY_amber/replica_978/replica_978.pdb,outputs/Reps_qubits_d_2/slurm_YYDPETGTWY_amber/replica_978/replica_978_ca.pdb
949,313297716,random,YYDPETGTWY,amber,-68.62097357668537,4.947754630621893,18.353427713727434,6.825227216087543,5.508595556037851,4.848916770784997,260.72,aer,4096,outputs/Reps_qubits_d_2/slurm_YYDPETGTWY_amber/replica_949/replica_949.pdb,outputs/Reps_qubits_d_2/slurm_YYDPETGTWY_amber/replica_949/replica_949_ca.pdb
151,313296918,random,YYDPETGTWY,amber,-23.41286184656493,4.950842949292555,17.15632408595798,6.693390358956301,5.508595556037851,4.848916770784997,358.98,aer,4096,outputs/Reps_qubits_d_2/slurm_YYDPETGTWY_amber/replica_151/replica_151.pdb,outputs/Reps_qubits_d_2/slurm_YYDPETGTWY_amber/replica_151/replica_151_ca.pdb
202,313296969,random,YYDPETGTWY,amber,-19.53824047014043,4.95968531689548,17.93718596823482,6.7307570519546625,5.508595556037851,4.848916770784997,338.02,aer,4096,outputs/Reps_qubits_d_2/slurm_YYDPETGTWY_amber/replica_202/replica_202.pdb,outputs/Reps_qubits_d_2/slurm_YYDPETGTWY_amber/replica_202/replica_202_ca.pdb
710,313297477,random,YYDPETGTWY,amber,20.360635312584005,4.961621517532893,18.944419509231494,6.413529865667486,5.508595556037851,4.848916770784997,228.78,aer,4096,outputs/Reps_qubits_d_2/slurm_YYDPETGTWY_amber/replica_710/replica_710.pdb,outputs/Reps_qubits_d_2/slurm_YYDPETGTWY_amber/replica_710/replica_710_ca.pdb
529,313297296,random,YYDPETGTWY,amber,-74.77241829310472,4.961965761313729,17.98132940312684,6.731721251345861,5.508595556037851,4.848916770784997,324.73,aer,4096,outputs/Reps_qubits_d_2/slurm_YYDPETGTWY_amber/replica_529/replica_529.pdb,outputs/Reps_qubits_d_2/slurm_YYDPETGTWY_amber/replica_529/replica_529_ca.pdb
896,313297663,random,YYDPETGTWY,amber,40.89385409217263,4.971527025479774,20.465519583583678,6.996638029469664,5.508595556037851,4.848916770784997,368.47,aer,4096,outputs/Reps_qubits_d_2/slurm_YYDPETGTWY_amber/replica_896/replica_896.pdb,outputs/Reps_qubits_d_2/slurm_YYDPETGTWY_amber/replica_896/replica_896_ca.pdb
644,313297411,random,YYDPETGTWY,amber,-46.52617475953337,4.974286471043735,21.079895356216223,7.111332563931617,5.508595556037851,4.848916770784997,246.68,aer,4096,outputs/Reps_qubits_d_2/slurm_YYDPETGTWY_amber/replica_644/replica_644.pdb,outputs/Reps_qubits_d_2/slurm_YYDPETGTWY_amber/replica_644/replica_644_ca.pdb
45,313296812,random,YYDPETGTWY,amber,4.6635280086650654,4.974804749315966,19.956359014938418,6.898986041495682,5.508595556037851,4.848916770784997,388.71,aer,4096,outputs/Reps_qubits_d_2/slurm_YYDPETGTWY_amber/replica_45/replica_45.pdb,outputs/Reps_qubits_d_2/slurm_YYDPETGTWY_amber/replica_45/replica_45_ca.pdb
950,313297717,random,YYDPETGTWY,amber,34.05194237425812,4.976787302427181,18.543216341681035,6.915589129634291,5.508595556037851,4.848916770784997,298.63,aer,4096,outputs/Reps_qubits_d_2/slurm_YYDPETGTWY_amber/replica_950/replica_950.pdb,outputs/Reps_qubits_d_2/slurm_YYDPETGTWY_amber/replica_950/replica_950_ca.pdb
256,313297023,random,YYDPETGTWY,amber,82.38156038806255,4.977651576529386,16.72544396042016,6.698861036611426,5.508595556037851,4.848916770784997,219.31,aer,4096,outputs/Reps_qubits_d_2/slurm_YYDPETGTWY_amber/replica_256/replica_256.pdb,outputs/Reps_qubits_d_2/slurm_YYDPETGTWY_amber/replica_256/replica_256_ca.pdb
274,313297041,random,YYDPETGTWY,amber,-10.61597662706894,4.978041134568232,16.361477532949188,6.676848420961815,5.508595556037851,4.848916770784997,378.38,aer,4096,outputs/Reps_qubits_d_2/slurm_YYDPETGTWY_amber/replica_274/replica_274.pdb,outputs/Reps_qubits_d_2/slurm_YYDPETGTWY_amber/replica_274/replica_274_ca.pdb
314,313297081,random,YYDPETGTWY,amber,-9.655670254559608,4.978287352898337,20.400199059910292,7.150358446415977,5.508595556037851,4.848916770784997,392.51,aer,4096,outputs/Reps_qubits_d_2/slurm_YYDPETGTWY_amber/replica_314/replica_314.pdb,outputs/Reps_qubits_d_2/slurm_YYDPETGTWY_amber/replica_314/replica_314_ca.pdb
335,313297102,random,YYDPETGTWY,amber,-25.503501585230733,4.979263871605271,20.03597334163946,7.106856524716498,5.508595556037851,4.848916770784997,243.75,aer,4096,outputs/Reps_qubits_d_2/slurm_YYDPETGTWY_amber/replica_335/replica_335.pdb,outputs/Reps_qubits_d_2/slurm_YYDPETGTWY_amber/replica_335/replica_335_ca.pdb
691,313297458,random,YYDPETGTWY,amber,-41.92646849066381,4.979372255287413,16.58419428140519,6.601446252072466,5.508595556037851,4.848916770784997,239.3,aer,4096,outputs/Reps_qubits_d_2/slurm_YYDPETGTWY_amber/replica_691/replica_691.pdb,outputs/Reps_qubits_d_2/slurm_YYDPETGTWY_amber/replica_691/replica_691_ca.pdb
823,313297590,random,YYDPETGTWY,amber,-10.138271318042598,4.980650088022015,18.79263499912982,6.531261594667146,5.508595556037851,4.848916770784997,309.6,aer,4096,outputs/Reps_qubits_d_2/slurm_YYDPETGTWY_amber/replica_823/replica_823.pdb,outputs/Reps_qubits_d_2/slurm_YYDPETGTWY_amber/replica_823/replica_823_ca.pdb
204,313296971,random,YYDPETGTWY,amber,523.6456107054165,4.9828807984180505,18.52951426668108,6.580955745893087,5.508595556037851,4.848916770784997,234.53,aer,4096,outputs/Reps_qubits_d_2/slurm_YYDPETGTWY_amber/replica_204/replica_204.pdb,outputs/Reps_qubits_d_2/slurm_YYDPETGTWY_amber/replica_204/replica_204_ca.pdb
486,313297253,random,YYDPETGTWY,amber,80.58407762820946,4.985337390768315,19.647627543199565,7.15664875904561,5.508595556037851,4.848916770784997,512.33,aer,4096,outputs/Reps_qubits_d_2/slurm_YYDPETGTWY_amber/replica_486/replica_486.pdb,outputs/Reps_qubits_d_2/slurm_YYDPETGTWY_amber/replica_486/replica_486_ca.pdb
375,313297142,random,YYDPETGTWY,amber,63.35281464265993,4.987295839815435,19.28391452886039,7.056440838160455,5.508595556037851,4.848916770784997,352.67,aer,4096,outputs/Reps_qubits_d_2/slurm_YYDPETGTWY_amber/replica_375/replica_375.pdb,outputs/Reps_qubits_d_2/slurm_YYDPETGTWY_amber/replica_375/replica_375_ca.pdb
334,313297101,random,YYDPETGTWY,amber,36.80758481874355,4.987728516226777,19.54602197610936,6.736370190616536,5.508595556037851,4.848916770784997,330.2,aer,4096,outputs/Reps_qubits_d_2/slurm_YYDPETGTWY_amber/replica_334/replica_334.pdb,outputs/Reps_qubits_d_2/slurm_YYDPETGTWY_amber/replica_334/replica_334_ca.pdb
205,313296972,random,YYDPETGTWY,amber,155.02416739217983,4.989547893057404,18.828544019977322,6.810193206221133,5.508595556037851,4.848916770784997,401.59,aer,4096,outputs/Reps_qubits_d_2/slurm_YYDPETGTWY_amber/replica_205/replica_205.pdb,outputs/Reps_qubits_d_2/slurm_YYDPETGTWY_amber/replica_205/replica_205_ca.pdb
148,313296915,random,YYDPETGTWY,amber,-81.71729765135849,4.9911041430323575,17.12792295723832,6.900619938454054,5.508595556037851,4.848916770784997,213.6,aer,4096,outputs/Reps_qubits_d_2/slurm_YYDPETGTWY_amber/replica_148/replica_148.pdb,outputs/Reps_qubits_d_2/slurm_YYDPETGTWY_amber/replica_148/replica_148_ca.pdb
418,313297185,random,YYDPETGTWY,amber,-27.101838788383862,4.996089031977043,17.17184624587184,6.604239084124796,5.508595556037851,4.848916770784997,367.73,aer,4096,outputs/Reps_qubits_d_2/slurm_YYDPETGTWY_amber/replica_418/replica_418.pdb,outputs/Reps_qubits_d_2/slurm_YYDPETGTWY_amber/replica_418/replica_418_ca.pdb
28,313296795,random,YYDPETGTWY,amber,4.007221806003042,4.99810469368421,18.50678304318148,6.32536648354834,5.508595556037851,4.848916770784997,439.2,aer,4096,outputs/Reps_qubits_d_2/slurm_YYDPETGTWY_amber/replica_28/replica_28.pdb,outputs/Reps_qubits_d_2/slurm_YYDPETGTWY_amber/replica_28/replica_28_ca.pdb
732,313297499,random,YYDPETGTWY,amber,-34.26134276551352,5.001799406002313,17.43192145602929,6.963432949923446,5.508595556037851,4.848916770784997,341.39,aer,4096,outputs/Reps_qubits_d_2/slurm_YYDPETGTWY_amber/replica_732/replica_732.pdb,outputs/Reps_qubits_d_2/slurm_YYDPETGTWY_amber/replica_732/replica_732_ca.pdb
566,313297333,random,YYDPETGTWY,amber,113.16510859156428,5.002480939511038,18.01475295379838,6.805971090548041,5.508595556037851,4.848916770784997,319.51,aer,4096,outputs/Reps_qubits_d_2/slurm_YYDPETGTWY_amber/replica_566/replica_566.pdb,outputs/Reps_qubits_d_2/slurm_YYDPETGTWY_amber/replica_566/replica_566_ca.pdb
300,313297067,random,YYDPETGTWY,amber,-4.804326774296291,5.014365880941276,20.468122747109287,7.054078901939651,5.508595556037851,4.848916770784997,226.14,aer,4096,outputs/Reps_qubits_d_2/slurm_YYDPETGTWY_amber/replica_300/replica_300.pdb,outputs/Reps_qubits_d_2/slurm_YYDPETGTWY_amber/replica_300/replica_300_ca.pdb
215,313296982,random,YYDPETGTWY,amber,-39.45033816263864,5.017180246887881,19.02517850726836,6.493976158090331,5.508595556037851,4.848916770784997,286.95,aer,4096,outputs/Reps_qubits_d_2/slurm_YYDPETGTWY_amber/replica_215/replica_215.pdb,outputs/Reps_qubits_d_2/slurm_YYDPETGTWY_amber/replica_215/replica_215_ca.pdb
760,313297527,random,YYDPETGTWY,amber,-33.09347494566802,5.018244907452622,16.484889525191683,6.81639989652555,5.508595556037851,4.848916770784997,295.69,aer,4096,outputs/Reps_qubits_d_2/slurm_YYDPETGTWY_amber/replica_760/replica_760.pdb,outputs/Reps_qubits_d_2/slurm_YYDPETGTWY_amber/replica_760/replica_760_ca.pdb
460,313297227,random,YYDPETGTWY,amber,141.04039330524273,5.020426893214392,18.59999399556902,6.849430595955572,5.508595556037851,4.848916770784997,252.31,aer,4096,outputs/Reps_qubits_d_2/slurm_YYDPETGTWY_amber/replica_460/replica_460.pdb,outputs/Reps_qubits_d_2/slurm_YYDPETGTWY_amber/replica_460/replica_460_ca.pdb
170,313296937,random,YYDPETGTWY,amber,-46.53609281852418,5.026874674321972,18.72357742821439,6.882848170315151,5.508595556037851,4.848916770784997,242.1,aer,4096,outputs/Reps_qubits_d_2/slurm_YYDPETGTWY_amber/replica_170/replica_170.pdb,outputs/Reps_qubits_d_2/slurm_YYDPETGTWY_amber/replica_170/replica_170_ca.pdb
4,313296771,random,YYDPETGTWY,amber,27.357735858309187,5.03114534782888,18.998209892661876,6.508139957106465,5.508595556037851,4.848916770784997,286.17,aer,4096,outputs/Reps_qubits_d_2/slurm_YYDPETGTWY_amber/replica_4/replica_4.pdb,outputs/Reps_qubits_d_2/slurm_YYDPETGTWY_amber/replica_4/replica_4_ca.pdb
337,313297104,random,YYDPETGTWY,amber,94.23869348812552,5.03327670326876,20.459851213205123,6.690582246306978,5.508595556037851,4.848916770784997,418.88,aer,4096,outputs/Reps_qubits_d_2/slurm_YYDPETGTWY_amber/replica_337/replica_337.pdb,outputs/Reps_qubits_d_2/slurm_YYDPETGTWY_amber/replica_337/replica_337_ca.pdb
42,313296809,random,YYDPETGTWY,amber,92.56465349278064,5.039170484918179,16.3308351929464,6.811943134915855,5.508595556037851,4.848916770784997,281.4,aer,4096,outputs/Reps_qubits_d_2/slurm_YYDPETGTWY_amber/replica_42/replica_42.pdb,outputs/Reps_qubits_d_2/slurm_YYDPETGTWY_amber/replica_42/replica_42_ca.pdb
834,313297601,random,YYDPETGTWY,amber,6.378862492429263,5.04032796306576,15.20988590472608,6.603630474640877,5.508595556037851,4.848916770784997,336.4,aer,4096,outputs/Reps_qubits_d_2/slurm_YYDPETGTWY_amber/replica_834/replica_834.pdb,outputs/Reps_qubits_d_2/slurm_YYDPETGTWY_amber/replica_834/replica_834_ca.pdb
817,313297584,random,YYDPETGTWY,amber,19.993871846495768,5.042722544598168,17.194613427832028,6.764996549674551,5.508595556037851,4.848916770784997,300.61,aer,4096,outputs/Reps_qubits_d_2/slurm_YYDPETGTWY_amber/replica_817/replica_817.pdb,outputs/Reps_qubits_d_2/slurm_YYDPETGTWY_amber/replica_817/replica_817_ca.pdb
46,313296813,random,YYDPETGTWY,amber,36.377480924692044,5.0491073558674175,19.88967933895945,7.052812680937142,5.508595556037851,4.848916770784997,317.99,aer,4096,outputs/Reps_qubits_d_2/slurm_YYDPETGTWY_amber/replica_46/replica_46.pdb,outputs/Reps_qubits_d_2/slurm_YYDPETGTWY_amber/replica_46/replica_46_ca.pdb
264,313297031,random,YYDPETGTWY,amber,50.50392394485989,5.061741964295013,17.746269646153124,7.084232234070942,5.508595556037851,4.848916770784997,429.11,aer,4096,outputs/Reps_qubits_d_2/slurm_YYDPETGTWY_amber/replica_264/replica_264.pdb,outputs/Reps_qubits_d_2/slurm_YYDPETGTWY_amber/replica_264/replica_264_ca.pdb
574,313297341,random,YYDPETGTWY,amber,303.3689301276682,5.062129748536156,18.94621846147504,6.551579350632809,5.508595556037851,4.848916770784997,257.94,aer,4096,outputs/Reps_qubits_d_2/slurm_YYDPETGTWY_amber/replica_574/replica_574.pdb,outputs/Reps_qubits_d_2/slurm_YYDPETGTWY_amber/replica_574/replica_574_ca.pdb
503,313297270,random,YYDPETGTWY,amber,25.747117068100977,5.062840656660659,17.58618415458273,6.824393145993041,5.508595556037851,4.848916770784997,289.36,aer,4096,outputs/Reps_qubits_d_2/slurm_YYDPETGTWY_amber/replica_503/replica_503.pdb,outputs/Reps_qubits_d_2/slurm_YYDPETGTWY_amber/replica_503/replica_503_ca.pdb
429,313297196,random,YYDPETGTWY,amber,23.284428559403604,5.064223712160273,17.053101959245804,6.802438600723319,5.508595556037851,4.848916770784997,255.72,aer,4096,outputs/Reps_qubits_d_2/slurm_YYDPETGTWY_amber/replica_429/replica_429.pdb,outputs/Reps_qubits_d_2/slurm_YYDPETGTWY_amber/replica_429/replica_429_ca.pdb
159,313296926,random,YYDPETGTWY,amber,36.436256416068225,5.074621590800764,16.76801299820083,6.990616855965133,5.508595556037851,4.848916770784997,381.3,aer,4096,outputs/Reps_qubits_d_2/slurm_YYDPETGTWY_amber/replica_159/replica_159.pdb,outputs/Reps_qubits_d_2/slurm_YYDPETGTWY_amber/replica_159/replica_159_ca.pdb
679,313297446,random,YYDPETGTWY,amber,15.436751055705466,5.07496226941469,17.47993772958913,6.39468342871193,5.508595556037851,4.848916770784997,305.87,aer,4096,outputs/Reps_qubits_d_2/slurm_YYDPETGTWY_amber/replica_679/replica_679.pdb,outputs/Reps_qubits_d_2/slurm_YYDPETGTWY_amber/replica_679/replica_679_ca.pdb
942,313297709,random,YYDPETGTWY,amber,21.48051526494382,5.074994949682281,15.708036668815366,6.89455683456004,5.508595556037851,4.848916770784997,357.66,aer,4096,outputs/Reps_qubits_d_2/slurm_YYDPETGTWY_amber/replica_942/replica_942.pdb,outputs/Reps_qubits_d_2/slurm_YYDPETGTWY_amber/replica_942/replica_942_ca.pdb
937,313297704,random,YYDPETGTWY,amber,-53.82719264885754,5.076506733104463,19.431053710212502,6.707831119025467,5.508595556037851,4.848916770784997,223.62,aer,4096,outputs/Reps_qubits_d_2/slurm_YYDPETGTWY_amber/replica_937/replica_937.pdb,outputs/Reps_qubits_d_2/slurm_YYDPETGTWY_amber/replica_937/replica_937_ca.pdb
778,313297545,random,YYDPETGTWY,amber,-79.43523866661337,5.080156338500097,19.412205453086262,6.880646329884591,5.508595556037851,4.848916770784997,361.28,aer,4096,outputs/Reps_qubits_d_2/slurm_YYDPETGTWY_amber/replica_778/replica_778.pdb,outputs/Reps_qubits_d_2/slurm_YYDPETGTWY_amber/replica_778/replica_778_ca.pdb
237,313297004,random,YYDPETGTWY,amber,25.939691850009734,5.081226030635414,19.304647612844686,6.905201334945185,5.508595556037851,4.848916770784997,326.96,aer,4096,outputs/Reps_qubits_d_2/slurm_YYDPETGTWY_amber/replica_237/replica_237.pdb,outputs/Reps_qubits_d_2/slurm_YYDPETGTWY_amber/replica_237/replica_237_ca.pdb
839,313297606,random,YYDPETGTWY,amber,27.29601955132991,5.083210594417174,18.871252693058267,6.852043484878069,5.508595556037851,4.848916770784997,237.15,aer,4096,outputs/Reps_qubits_d_2/slurm_YYDPETGTWY_amber/replica_839/replica_839.pdb,outputs/Reps_qubits_d_2/slurm_YYDPETGTWY_amber/replica_839/replica_839_ca.pdb
168,313296935,random,YYDPETGTWY,amber,-21.485227274733727,5.0836894358830635,20.225487110654264,6.860087173113364,5.508595556037851,4.848916770784997,357.21,aer,4096,outputs/Reps_qubits_d_2/slurm_YYDPETGTWY_amber/replica_168/replica_168.pdb,outputs/Reps_qubits_d_2/slurm_YYDPETGTWY_amber/replica_168/replica_168_ca.pdb
676,313297443,random,YYDPETGTWY,amber,-17.91395465441631,5.088905643280109,17.303662201531147,6.889209673578823,5.508595556037851,4.848916770784997,302.6,aer,4096,outputs/Reps_qubits_d_2/slurm_YYDPETGTWY_amber/replica_676/replica_676.pdb,outputs/Reps_qubits_d_2/slurm_YYDPETGTWY_amber/replica_676/replica_676_ca.pdb
370,313297137,random,YYDPETGTWY,amber,-130.80145280290827,5.089796250647251,17.657932349761037,6.746323330842147,5.508595556037851,4.848916770784997,406.99,aer,4096,outputs/Reps_qubits_d_2/slurm_YYDPETGTWY_amber/replica_370/replica_370.pdb,outputs/Reps_qubits_d_2/slurm_YYDPETGTWY_amber/replica_370/replica_370_ca.pdb
652,313297419,random,YYDPETGTWY,amber,-15.06575253580607,5.095671930108422,18.347055662214512,6.8887891296207995,5.508595556037851,4.848916770784997,232.88,aer,4096,outputs/Reps_qubits_d_2/slurm_YYDPETGTWY_amber/replica_652/replica_652.pdb,outputs/Reps_qubits_d_2/slurm_YYDPETGTWY_amber/replica_652/replica_652_ca.pdb
737,313297504,random,YYDPETGTWY,amber,49.03641305943698,5.09695293840524,19.630731018456824,7.075666174849532,5.508595556037851,4.848916770784997,213.18,aer,4096,outputs/Reps_qubits_d_2/slurm_YYDPETGTWY_amber/replica_737/replica_737.pdb,outputs/Reps_qubits_d_2/slurm_YYDPETGTWY_amber/replica_737/replica_737_ca.pdb
717,313297484,random,YYDPETGTWY,amber,14.22053964917555,5.105551213223345,16.046439983997313,7.019083559748214,5.508595556037851,4.848916770784997,306.2,aer,4096,outputs/Reps_qubits_d_2/slurm_YYDPETGTWY_amber/replica_717/replica_717.pdb,outputs/Reps_qubits_d_2/slurm_YYDPETGTWY_amber/replica_717/replica_717_ca.pdb
646,313297413,random,YYDPETGTWY,amber,55.420091982728415,5.105748557080683,19.036402650013667,6.317823225505221,5.508595556037851,4.848916770784997,197.98,aer,4096,outputs/Reps_qubits_d_2/slurm_YYDPETGTWY_amber/replica_646/replica_646.pdb,outputs/Reps_qubits_d_2/slurm_YYDPETGTWY_amber/replica_646/replica_646_ca.pdb
292,313297059,random,YYDPETGTWY,amber,56.41343277651767,5.106953662052907,18.580198104258486,6.722992409048039,5.508595556037851,4.848916770784997,330.61,aer,4096,outputs/Reps_qubits_d_2/slurm_YYDPETGTWY_amber/replica_292/replica_292.pdb,outputs/Reps_qubits_d_2/slurm_YYDPETGTWY_amber/replica_292/replica_292_ca.pdb
826,313297593,random,YYDPETGTWY,amber,17.437894389819025,5.107738157286979,17.795942083543515,6.774805376414432,5.508595556037851,4.848916770784997,270.94,aer,4096,outputs/Reps_qubits_d_2/slurm_YYDPETGTWY_amber/replica_826/replica_826.pdb,outputs/Reps_qubits_d_2/slurm_YYDPETGTWY_amber/replica_826/replica_826_ca.pdb
435,313297202,random,YYDPETGTWY,amber,-28.661419223712567,5.1083655896423235,17.504249221690625,6.943107445582163,5.508595556037851,4.848916770784997,259.69,aer,4096,outputs/Reps_qubits_d_2/slurm_YYDPETGTWY_amber/replica_435/replica_435.pdb,outputs/Reps_qubits_d_2/slurm_YYDPETGTWY_amber/replica_435/replica_435_ca.pdb
633,313297400,random,YYDPETGTWY,amber,-38.675921920410964,5.111366826917784,16.962971503804066,6.562293398551989,5.508595556037851,4.848916770784997,380.61,aer,4096,outputs/Reps_qubits_d_2/slurm_YYDPETGTWY_amber/replica_633/replica_633.pdb,outputs/Reps_qubits_d_2/slurm_YYDPETGTWY_amber/replica_633/replica_633_ca.pdb
184,313296951,random,YYDPETGTWY,amber,67.94010169886499,5.112020038045686,19.799748601559067,7.19164489816282,5.508595556037851,4.848916770784997,377.36,aer,4096,outputs/Reps_qubits_d_2/slurm_YYDPETGTWY_amber/replica_184/replica_184.pdb,outputs/Reps_qubits_d_2/slurm_YYDPETGTWY_amber/replica_184/replica_184_ca.pdb
358,313297125,random,YYDPETGTWY,amber,-5.509766199304445,5.116502523242501,15.603270786500884,6.677618493973131,5.508595556037851,4.848916770784997,549.34,aer,4096,outputs/Reps_qubits_d_2/slurm_YYDPETGTWY_amber/replica_358/replica_358.pdb,outputs/Reps_qubits_d_2/slurm_YYDPETGTWY_amber/replica_358/replica_358_ca.pdb
131,313296898,random,YYDPETGTWY,amber,88.49402523341465,5.1194534757530485,18.91847238574323,6.80446435981816,5.508595556037851,4.848916770784997,292.6,aer,4096,outputs/Reps_qubits_d_2/slurm_YYDPETGTWY_amber/replica_131/replica_131.pdb,outputs/Reps_qubits_d_2/slurm_YYDPETGTWY_amber/replica_131/replica_131_ca.pdb
410,313297177,random,YYDPETGTWY,amber,-3.796677962972737,5.122596957881681,17.709355442939895,6.99791689271575,5.508595556037851,4.848916770784997,236.43,aer,4096,outputs/Reps_qubits_d_2/slurm_YYDPETGTWY_amber/replica_410/replica_410.pdb,outputs/Reps_qubits_d_2/slurm_YYDPETGTWY_amber/replica_410/replica_410_ca.pdb
794,313297561,random,YYDPETGTWY,amber,53.613322260194494,5.123305843560489,19.68243249828892,6.875675161527614,5.508595556037851,4.848916770784997,234.44,aer,4096,outputs/Reps_qubits_d_2/slurm_YYDPETGTWY_amber/replica_794/replica_794.pdb,outputs/Reps_qubits_d_2/slurm_YYDPETGTWY_amber/replica_794/replica_794_ca.pdb
897,313297664,random,YYDPETGTWY,amber,-39.75409618144953,5.1258242099436,18.324803342257514,7.107139445593107,5.508595556037851,4.848916770784997,349.48,aer,4096,outputs/Reps_qubits_d_2/slurm_YYDPETGTWY_amber/replica_897/replica_897.pdb,outputs/Reps_qubits_d_2/slurm_YYDPETGTWY_amber/replica_897/replica_897_ca.pdb
360,313297127,random,YYDPETGTWY,amber,83.93150674945987,5.130303933078205,19.37503382073262,6.868996896292866,5.508595556037851,4.848916770784997,404.32,aer,4096,outputs/Reps_qubits_d_2/slurm_YYDPETGTWY_amber/replica_360/replica_360.pdb,outputs/Reps_qubits_d_2/slurm_YYDPETGTWY_amber/replica_360/replica_360_ca.pdb
200,313296967,random,YYDPETGTWY,amber,48.52915901198513,5.132990726799552,19.06460707073146,6.801723978700921,5.508595556037851,4.848916770784997,269.78,aer,4096,outputs/Reps_qubits_d_2/slurm_YYDPETGTWY_amber/replica_200/replica_200.pdb,outputs/Reps_qubits_d_2/slurm_YYDPETGTWY_amber/replica_200/replica_200_ca.pdb
304,313297071,random,YYDPETGTWY,amber,17.987877997125956,5.142660684220012,18.28297972195096,6.834799420323505,5.508595556037851,4.848916770784997,300.21,aer,4096,outputs/Reps_qubits_d_2/slurm_YYDPETGTWY_amber/replica_304/replica_304.pdb,outputs/Reps_qubits_d_2/slurm_YYDPETGTWY_amber/replica_304/replica_304_ca.pdb
306,313297073,random,YYDPETGTWY,amber,89.29402262046868,5.152657227865225,20.14272720564286,6.63312830287889,5.508595556037851,4.848916770784997,355.15,aer,4096,outputs/Reps_qubits_d_2/slurm_YYDPETGTWY_amber/replica_306/replica_306.pdb,outputs/Reps_qubits_d_2/slurm_YYDPETGTWY_amber/replica_306/replica_306_ca.pdb
863,313297630,random,YYDPETGTWY,amber,-19.65731731767604,5.15614921732837,18.4502798838731,6.885339436421105,5.508595556037851,4.848916770784997,290.71,aer,4096,outputs/Reps_qubits_d_2/slurm_YYDPETGTWY_amber/replica_863/replica_863.pdb,outputs/Reps_qubits_d_2/slurm_YYDPETGTWY_amber/replica_863/replica_863_ca.pdb
210,313296977,random,YYDPETGTWY,amber,-3.511373561025052,5.160078835514514,18.673877596843713,6.917904104846452,5.508595556037851,4.848916770784997,238.33,aer,4096,outputs/Reps_qubits_d_2/slurm_YYDPETGTWY_amber/replica_210/replica_210.pdb,outputs/Reps_qubits_d_2/slurm_YYDPETGTWY_amber/replica_210/replica_210_ca.pdb
145,313296912,random,YYDPETGTWY,amber,-11.818381552987642,5.163939540700236,19.228553177998435,6.564976923983541,5.508595556037851,4.848916770784997,313.19,aer,4096,outputs/Reps_qubits_d_2/slurm_YYDPETGTWY_amber/replica_145/replica_145.pdb,outputs/Reps_qubits_d_2/slurm_YYDPETGTWY_amber/replica_145/replica_145_ca.pdb
364,313297131,random,YYDPETGTWY,amber,7.243375982183764,5.167904035319525,17.41291549143837,6.851754185653777,5.508595556037851,4.848916770784997,257.37,aer,4096,outputs/Reps_qubits_d_2/slurm_YYDPETGTWY_amber/replica_364/replica_364.pdb,outputs/Reps_qubits_d_2/slurm_YYDPETGTWY_amber/replica_364/replica_364_ca.pdb
660,313297427,random,YYDPETGTWY,amber,42.76036109127704,5.169391988312669,18.305969274430275,6.752857542763806,5.508595556037851,4.848916770784997,255.94,aer,4096,outputs/Reps_qubits_d_2/slurm_YYDPETGTWY_amber/replica_660/replica_660.pdb,outputs/Reps_qubits_d_2/slurm_YYDPETGTWY_amber/replica_660/replica_660_ca.pdb
725,313297492,random,YYDPETGTWY,amber,24.759496492319077,5.169941852462321,19.622169320171825,7.217514387093707,5.508595556037851,4.848916770784997,383.45,aer,4096,outputs/Reps_qubits_d_2/slurm_YYDPETGTWY_amber/replica_725/replica_725.pdb,outputs/Reps_qubits_d_2/slurm_YYDPETGTWY_amber/replica_725/replica_725_ca.pdb
8,313296775,random,YYDPETGTWY,amber,-25.025863491047062,5.171728272335027,18.853160214657564,6.752439676316904,5.508595556037851,4.848916770784997,303.47,aer,4096,outputs/Reps_qubits_d_2/slurm_YYDPETGTWY_amber/replica_8/replica_8.pdb,outputs/Reps_qubits_d_2/slurm_YYDPETGTWY_amber/replica_8/replica_8_ca.pdb
374,313297141,random,YYDPETGTWY,amber,83.93032071336157,5.172803768339235,19.101751242843335,6.8604576451749395,5.508595556037851,4.848916770784997,309.52,aer,4096,outputs/Reps_qubits_d_2/slurm_YYDPETGTWY_amber/replica_374/replica_374.pdb,outputs/Reps_qubits_d_2/slurm_YYDPETGTWY_amber/replica_374/replica_374_ca.pdb
104,313296871,random,YYDPETGTWY,amber,35.37563144102496,5.174642680507877,19.42099318363964,7.0577700078187755,5.508595556037851,4.848916770784997,295.97,aer,4096,outputs/Reps_qubits_d_2/slurm_YYDPETGTWY_amber/replica_104/replica_104.pdb,outputs/Reps_qubits_d_2/slurm_YYDPETGTWY_amber/replica_104/replica_104_ca.pdb
232,313296999,random,YYDPETGTWY,amber,56.725817073841554,5.17668934727207,20.36042136271642,6.8541312788208595,5.508595556037851,4.848916770784997,257.43,aer,4096,outputs/Reps_qubits_d_2/slurm_YYDPETGTWY_amber/replica_232/replica_232.pdb,outputs/Reps_qubits_d_2/slurm_YYDPETGTWY_amber/replica_232/replica_232_ca.pdb
57,313296824,random,YYDPETGTWY,amber,82.739540727801,5.177187744057371,19.796064438854916,6.757830291094735,5.508595556037851,4.848916770784997,326.63,aer,4096,outputs/Reps_qubits_d_2/slurm_YYDPETGTWY_amber/replica_57/replica_57.pdb,outputs/Reps_qubits_d_2/slurm_YYDPETGTWY_amber/replica_57/replica_57_ca.pdb
707,313297474,random,YYDPETGTWY,amber,-10.13964499389122,5.180416708939478,20.030562195889217,6.9696170598687806,5.508595556037851,4.848916770784997,243.32,aer,4096,outputs/Reps_qubits_d_2/slurm_YYDPETGTWY_amber/replica_707/replica_707.pdb,outputs/Reps_qubits_d_2/slurm_YYDPETGTWY_amber/replica_707/replica_707_ca.pdb
116,313296883,random,YYDPETGTWY,amber,-29.20930075101654,5.182377566444739,18.44338367035473,6.745826830298997,5.508595556037851,4.848916770784997,348.82,aer,4096,outputs/Reps_qubits_d_2/slurm_YYDPETGTWY_amber/replica_116/replica_116.pdb,outputs/Reps_qubits_d_2/slurm_YYDPETGTWY_amber/replica_116/replica_116_ca.pdb
977,313297744,random,YYDPETGTWY,amber,114.2969332964224,5.184275643507752,19.521111694052404,6.534788332469489,5.508595556037851,4.848916770784997,481.6,aer,4096,outputs/Reps_qubits_d_2/slurm_YYDPETGTWY_amber/replica_977/replica_977.pdb,outputs/Reps_qubits_d_2/slurm_YYDPETGTWY_amber/replica_977/replica_977_ca.pdb
852,313297619,random,YYDPETGTWY,amber,-42.41111877784055,5.185042591318704,18.96162161441098,6.932203740906022,5.508595556037851,4.848916770784997,297.87,aer,4096,outputs/Reps_qubits_d_2/slurm_YYDPETGTWY_amber/replica_852/replica_852.pdb,outputs/Reps_qubits_d_2/slurm_YYDPETGTWY_amber/replica_852/replica_852_ca.pdb
951,313297718,random,YYDPETGTWY,amber,25.458516809228414,5.186493990407567,20.18011394335053,6.798557060038089,5.508595556037851,4.848916770784997,269.85,aer,4096,outputs/Reps_qubits_d_2/slurm_YYDPETGTWY_amber/replica_951/replica_951.pdb,outputs/Reps_qubits_d_2/slurm_YYDPETGTWY_amber/replica_951/replica_951_ca.pdb
618,313297385,random,YYDPETGTWY,amber,111.35111304455447,5.190344060783187,19.473461142921746,6.773578043026417,5.508595556037851,4.848916770784997,250.15,aer,4096,outputs/Reps_qubits_d_2/slurm_YYDPETGTWY_amber/replica_618/replica_618.pdb,outputs/Reps_qubits_d_2/slurm_YYDPETGTWY_amber/replica_618/replica_618_ca.pdb
41,313296808,random,YYDPETGTWY,amber,133.19889483801478,5.1905544823806,16.692725398344006,6.621437629932706,5.508595556037851,4.848916770784997,289.36,aer,4096,outputs/Reps_qubits_d_2/slurm_YYDPETGTWY_amber/replica_41/replica_41.pdb,outputs/Reps_qubits_d_2/slurm_YYDPETGTWY_amber/replica_41/replica_41_ca.pdb
636,313297403,random,YYDPETGTWY,amber,15.245885682509439,5.191342856021861,18.86462228392827,6.8807015704589505,5.508595556037851,4.848916770784997,376.3,aer,4096,outputs/Reps_qubits_d_2/slurm_YYDPETGTWY_amber/replica_636/replica_636.pdb,outputs/Reps_qubits_d_2/slurm_YYDPETGTWY_amber/replica_636/replica_636_ca.pdb
32,313296799,random,YYDPETGTWY,amber,1.8472017760503139,5.191490976482437,16.86351134613657,6.784435837598685,5.508595556037851,4.848916770784997,462.01,aer,4096,outputs/Reps_qubits_d_2/slurm_YYDPETGTWY_amber/replica_32/replica_32.pdb,outputs/Reps_qubits_d_2/slurm_YYDPETGTWY_amber/replica_32/replica_32_ca.pdb
932,313297699,random,YYDPETGTWY,amber,514.7237625077212,5.192795988371128,19.18820721040081,7.05556716611491,5.508595556037851,4.848916770784997,143.18,aer,4096,outputs/Reps_qubits_d_2/slurm_YYDPETGTWY_amber/replica_932/replica_932.pdb,outputs/Reps_qubits_d_2/slurm_YYDPETGTWY_amber/replica_932/replica_932_ca.pdb
632,313297399,random,YYDPETGTWY,amber,73.25477268343161,5.1937080010587255,18.216623559636712,6.8052984680472735,5.508595556037851,4.848916770784997,284.04,aer,4096,outputs/Reps_qubits_d_2/slurm_YYDPETGTWY_amber/replica_632/replica_632.pdb,outputs/Reps_qubits_d_2/slurm_YYDPETGTWY_amber/replica_632/replica_632_ca.pdb
779,313297546,random,YYDPETGTWY,amber,41.52512042035229,5.196564546979388,19.477837223853317,7.02821305943009,5.508595556037851,4.848916770784997,301.58,aer,4096,outputs/Reps_qubits_d_2/slurm_YYDPETGTWY_amber/replica_779/replica_779.pdb,outputs/Reps_qubits_d_2/slurm_YYDPETGTWY_amber/replica_779/replica_779_ca.pdb
866,313297633,random,YYDPETGTWY,amber,88.09816420368647,5.200042411777868,19.84176646789274,6.757225963870297,5.508595556037851,4.848916770784997,255.65,aer,4096,outputs/Reps_qubits_d_2/slurm_YYDPETGTWY_amber/replica_866/replica_866.pdb,outputs/Reps_qubits_d_2/slurm_YYDPETGTWY_amber/replica_866/replica_866_ca.pdb
347,313297114,random,YYDPETGTWY,amber,45.33221156023614,5.203340081020374,18.777521898154763,6.878906952718828,5.508595556037851,4.848916770784997,355.03,aer,4096,outputs/Reps_qubits_d_2/slurm_YYDPETGTWY_amber/replica_347/replica_347.pdb,outputs/Reps_qubits_d_2/slurm_YYDPETGTWY_amber/replica_347/replica_347_ca.pdb
945,313297712,random,YYDPETGTWY,amber,-129.8333666805668,5.203448289649623,20.04334934295237,6.935719847045535,5.508595556037851,4.848916770784997,255.85,aer,4096,outputs/Reps_qubits_d_2/slurm_YYDPETGTWY_amber/replica_945/replica_945.pdb,outputs/Reps_qubits_d_2/slurm_YYDPETGTWY_amber/replica_945/replica_945_ca.pdb
496,313297263,random,YYDPETGTWY,amber,-63.96038833876262,5.2105149142221805,19.131771553692126,6.73576773231778,5.508595556037851,4.848916770784997,301.25,aer,4096,outputs/Reps_qubits_d_2/slurm_YYDPETGTWY_amber/replica_496/replica_496.pdb,outputs/Reps_qubits_d_2/slurm_YYDPETGTWY_amber/replica_496/replica_496_ca.pdb
761,313297528,random,YYDPETGTWY,amber,-23.182833321178393,5.214834667470039,18.836448815525934,6.912200792416841,5.508595556037851,4.848916770784997,298.07,aer,4096,outputs/Reps_qubits_d_2/slurm_YYDPETGTWY_amber/replica_761/replica_761.pdb,outputs/Reps_qubits_d_2/slurm_YYDPETGTWY_amber/replica_761/replica_761_ca.pdb
605,313297372,random,YYDPETGTWY,amber,15.081574670838341,5.21498663671733,19.583940688080293,6.832491323540431,5.508595556037851,4.848916770784997,314.0,aer,4096,outputs/Reps_qubits_d_2/slurm_YYDPETGTWY_amber/replica_605/replica_605.pdb,outputs/Reps_qubits_d_2/slurm_YYDPETGTWY_amber/replica_605/replica_605_ca.pdb
182,313296949,random,YYDPETGTWY,amber,-37.171820436750295,5.216560535302892,17.956396154078792,6.9620227571157765,5.508595556037851,4.848916770784997,502.11,aer,4096,outputs/Reps_qubits_d_2/slurm_YYDPETGTWY_amber/replica_182/replica_182.pdb,outputs/Reps_qubits_d_2/slurm_YYDPETGTWY_amber/replica_182/replica_182_ca.pdb
118,313296885,random,YYDPETGTWY,amber,-99.4070139840456,5.220897825896323,16.25284062836333,6.717486701289062,5.508595556037851,4.848916770784997,235.23,aer,4096,outputs/Reps_qubits_d_2/slurm_YYDPETGTWY_amber/replica_118/replica_118.pdb,outputs/Reps_qubits_d_2/slurm_YYDPETGTWY_amber/replica_118/replica_118_ca.pdb
64,313296831,random,YYDPETGTWY,amber,-33.7508369827218,5.224428898086517,19.440104761394746,6.697519686688552,5.508595556037851,4.848916770784997,225.12,aer,4096,outputs/Reps_qubits_d_2/slurm_YYDPETGTWY_amber/replica_64/replica_64.pdb,outputs/Reps_qubits_d_2/slurm_YYDPETGTWY_amber/replica_64/replica_64_ca.pdb
582,313297349,random,YYDPETGTWY,amber,44.61454349724051,5.2253154761533525,20.078939556199952,6.487964162524434,5.508595556037851,4.848916770784997,240.3,aer,4096,outputs/Reps_qubits_d_2/slurm_YYDPETGTWY_amber/replica_582/replica_582.pdb,outputs/Reps_qubits_d_2/slurm_YYDPETGTWY_amber/replica_582/replica_582_ca.pdb
904,313297671,random,YYDPETGTWY,amber,-31.38408371418534,5.2261914400136,19.965527378644982,7.186970832853141,5.508595556037851,4.848916770784997,245.79,aer,4096,outputs/Reps_qubits_d_2/slurm_YYDPETGTWY_amber/replica_904/replica_904.pdb,outputs/Reps_qubits_d_2/slurm_YYDPETGTWY_amber/replica_904/replica_904_ca.pdb
366,313297133,random,YYDPETGTWY,amber,64.861479437372,5.229106660310869,20.805057884820318,7.2337188160148465,5.508595556037851,4.848916770784997,228.67,aer,4096,outputs/Reps_qubits_d_2/slurm_YYDPETGTWY_amber/replica_366/replica_366.pdb,outputs/Reps_qubits_d_2/slurm_YYDPETGTWY_amber/replica_366/replica_366_ca.pdb
386,313297153,random,YYDPETGTWY,amber,-25.466050437924494,5.231525522140959,14.528108213493402,6.155119399515681,5.508595556037851,4.848916770784997,339.31,aer,4096,outputs/Reps_qubits_d_2/slurm_YYDPETGTWY_amber/replica_386/replica_386.pdb,outputs/Reps_qubits_d_2/slurm_YYDPETGTWY_amber/replica_386/replica_386_ca.pdb
92,313296859,random,YYDPETGTWY,amber,-59.72561331586612,5.236481062411318,20.861982689752555,7.151947122041436,5.508595556037851,4.848916770784997,248.76,aer,4096,outputs/Reps_qubits_d_2/slurm_YYDPETGTWY_amber/replica_92/replica_92.pdb,outputs/Reps_qubits_d_2/slurm_YYDPETGTWY_amber/replica_92/replica_92_ca.pdb
135,313296902,random,YYDPETGTWY,amber,-61.31614340393022,5.2422963738760835,19.78271168209037,6.885865984444184,5.508595556037851,4.848916770784997,234.35,aer,4096,outputs/Reps_qubits_d_2/slurm_YYDPETGTWY_amber/replica_135/replica_135.pdb,outputs/Reps_qubits_d_2/slurm_YYDPETGTWY_amber/replica_135/replica_135_ca.pdb
393,313297160,random,YYDPETGTWY,amber,-4.785773020470913,5.242545939613452,19.043140247366395,6.771153680953935,5.508595556037851,4.848916770784997,273.33,aer,4096,outputs/Reps_qubits_d_2/slurm_YYDPETGTWY_amber/replica_393/replica_393.pdb,outputs/Reps_qubits_d_2/slurm_YYDPETGTWY_amber/replica_393/replica_393_ca.pdb
208,313296975,random,YYDPETGTWY,amber,71.70417598679158,5.244422897766377,19.959917466792348,7.034485798780718,5.508595556037851,4.848916770784997,234.51,aer,4096,outputs/Reps_qubits_d_2/slurm_YYDPETGTWY_amber/replica_208/replica_208.pdb,outputs/Reps_qubits_d_2/slurm_YYDPETGTWY_amber/replica_208/replica_208_ca.pdb
987,313297754,random,YYDPETGTWY,amber,71.906469952789,5.251212024844443,19.266690873075355,6.97026330156525,5.508595556037851,4.848916770784997,258.17,aer,4096,outputs/Reps_qubits_d_2/slurm_YYDPETGTWY_amber/replica_987/replica_987.pdb,outputs/Reps_qubits_d_2/slurm_YYDPETGTWY_amber/replica_987/replica_987_ca.pdb
69,313296836,random,YYDPETGTWY,amber,-86.82150684585558,5.251981995532894,19.599838447410335,6.859850136342386,5.508595556037851,4.848916770784997,300.69,aer,4096,outputs/Reps_qubits_d_2/slurm_YYDPETGTWY_amber/replica_69/replica_69.pdb,outputs/Reps_qubits_d_2/slurm_YYDPETGTWY_amber/replica_69/replica_69_ca.pdb
514,313297281,random,YYDPETGTWY,amber,-50.11674009009699,5.254652139862474,19.27574012944888,6.719805188574799,5.508595556037851,4.848916770784997,334.92,aer,4096,outputs/Reps_qubits_d_2/slurm_YYDPETGTWY_amber/replica_514/replica_514.pdb,outputs/Reps_qubits_d_2/slurm_YYDPETGTWY_amber/replica_514/replica_514_ca.pdb
161,313296928,random,YYDPETGTWY,amber,-3.0437212703246863,5.256632097800571,17.99709390365279,6.899909235809837,5.508595556037851,4.848916770784997,296.27,aer,4096,outputs/Reps_qubits_d_2/slurm_YYDPETGTWY_amber/replica_161/replica_161.pdb,outputs/Reps_qubits_d_2/slurm_YYDPETGTWY_amber/replica_161/replica_161_ca.pdb
372,313297139,random,YYDPETGTWY,amber,-26.06832304592321,5.261689374121668,19.96328369623253,6.938627576980055,5.508595556037851,4.848916770784997,361.84,aer,4096,outputs/Reps_qubits_d_2/slurm_YYDPETGTWY_amber/replica_372/replica_372.pdb,outputs/Reps_qubits_d_2/slurm_YYDPETGTWY_amber/replica_372/replica_372_ca.pdb
406,313297173,random,YYDPETGTWY,amber,24.436936564839282,5.2670406846775215,20.146751640087007,6.997755924312455,5.508595556037851,4.848916770784997,372.31,aer,4096,outputs/Reps_qubits_d_2/slurm_YYDPETGTWY_amber/replica_406/replica_406.pdb,outputs/Reps_qubits_d_2/slurm_YYDPETGTWY_amber/replica_406/replica_406_ca.pdb
273,313297040,random,YYDPETGTWY,amber,53.41347625602146,5.269153855098089,19.092382127979302,6.917582082052466,5.508595556037851,4.848916770784997,260.46,aer,4096,outputs/Reps_qubits_d_2/slurm_YYDPETGTWY_amber/replica_273/replica_273.pdb,outputs/Reps_qubits_d_2/slurm_YYDPETGTWY_amber/replica_273/replica_273_ca.pdb
575,313297342,random,YYDPETGTWY,amber,-16.206818452529955,5.269528260394946,19.687260764788146,7.118626123845259,5.508595556037851,4.848916770784997,226.54,aer,4096,outputs/Reps_qubits_d_2/slurm_YYDPETGTWY_amber/replica_575/replica_575.pdb,outputs/Reps_qubits_d_2/slurm_YYDPETGTWY_amber/replica_575/replica_575_ca.pdb
225,313296992,random,YYDPETGTWY,amber,-24.571280687610564,5.285672955536473,19.78551256352687,7.02355175516119,5.508595556037851,4.848916770784997,214.41,aer,4096,outputs/Reps_qubits_d_2/slurm_YYDPETGTWY_amber/replica_225/replica_225.pdb,outputs/Reps_qubits_d_2/slurm_YYDPETGTWY_amber/replica_225/replica_225_ca.pdb
363,313297130,random,YYDPETGTWY,amber,23.435219911268906,5.288713467090327,16.300397734048637,6.357533722661253,5.508595556037851,4.848916770784997,325.11,aer,4096,outputs/Reps_qubits_d_2/slurm_YYDPETGTWY_amber/replica_363/replica_363.pdb,outputs/Reps_qubits_d_2/slurm_YYDPETGTWY_amber/replica_363/replica_363_ca.pdb
390,313297157,random,YYDPETGTWY,amber,-85.79374051445643,5.29057031466286,20.205558495343936,7.069459057072136,5.508595556037851,4.848916770784997,330.14,aer,4096,outputs/Reps_qubits_d_2/slurm_YYDPETGTWY_amber/replica_390/replica_390.pdb,outputs/Reps_qubits_d_2/slurm_YYDPETGTWY_amber/replica_390/replica_390_ca.pdb
859,313297626,random,YYDPETGTWY,amber,-10.187037325421255,5.292925542926058,20.516775707280235,6.87908650637537,5.508595556037851,4.848916770784997,281.37,aer,4096,outputs/Reps_qubits_d_2/slurm_YYDPETGTWY_amber/replica_859/replica_859.pdb,outputs/Reps_qubits_d_2/slurm_YYDPETGTWY_amber/replica_859/replica_859_ca.pdb
287,313297054,random,YYDPETGTWY,amber,66.37265450386322,5.295944554167356,19.956635308035384,6.638553270357494,5.508595556037851,4.848916770784997,216.46,aer,4096,outputs/Reps_qubits_d_2/slurm_YYDPETGTWY_amber/replica_287/replica_287.pdb,outputs/Reps_qubits_d_2/slurm_YYDPETGTWY_amber/replica_287/replica_287_ca.pdb
919,313297686,random,YYDPETGTWY,amber,-21.12435969395407,5.299596601323405,19.543137902673106,7.1247065930620685,5.508595556037851,4.848916770784997,235.18,aer,4096,outputs/Reps_qubits_d_2/slurm_YYDPETGTWY_amber/replica_919/replica_919.pdb,outputs/Reps_qubits_d_2/slurm_YYDPETGTWY_amber/replica_919/replica_919_ca.pdb
969,313297736,random,YYDPETGTWY,amber,35.490330578338835,5.302290356638715,19.204233768750353,6.87649021242249,5.508595556037851,4.848916770784997,261.26,aer,4096,outputs/Reps_qubits_d_2/slurm_YYDPETGTWY_amber/replica_969/replica_969.pdb,outputs/Reps_qubits_d_2/slurm_YYDPETGTWY_amber/replica_969/replica_969_ca.pdb
350,313297117,random,YYDPETGTWY,amber,-36.24263403249895,5.302576124699388,18.23365019086492,7.058816859081657,5.508595556037851,4.848916770784997,243.73,aer,4096,outputs/Reps_qubits_d_2/slurm_YYDPETGTWY_amber/replica_350/replica_350.pdb,outputs/Reps_qubits_d_2/slurm_YYDPETGTWY_amber/replica_350/replica_350_ca.pdb
385,313297152,random,YYDPETGTWY,amber,448.068789539771,5.304334390559152,19.212043904940032,6.870550568541561,5.508595556037851,4.848916770784997,139.29,aer,4096,outputs/Reps_qubits_d_2/slurm_YYDPETGTWY_amber/replica_385/replica_385.pdb,outputs/Reps_qubits_d_2/slurm_YYDPETGTWY_amber/replica_385/replica_385_ca.pdb
505,313297272,random,YYDPETGTWY,amber,14.40210177311968,5.306269298694189,20.69183359965687,7.0551781525455235,5.508595556037851,4.848916770784997,225.72,aer,4096,outputs/Reps_qubits_d_2/slurm_YYDPETGTWY_amber/replica_505/replica_505.pdb,outputs/Reps_qubits_d_2/slurm_YYDPETGTWY_amber/replica_505/replica_505_ca.pdb
349,313297116,random,YYDPETGTWY,amber,80.86566754722372,5.311267350516344,19.32062636121454,6.790380682981262,5.508595556037851,4.848916770784997,244.46,aer,4096,outputs/Reps_qubits_d_2/slurm_YYDPETGTWY_amber/replica_349/replica_349.pdb,outputs/Reps_qubits_d_2/slurm_YYDPETGTWY_amber/replica_349/replica_349_ca.pdb
713,313297480,random,YYDPETGTWY,amber,-8.653870660089119,5.313840660842713,21.505818403088565,7.2828655926858765,5.508595556037851,4.848916770784997,204.14,aer,4096,outputs/Reps_qubits_d_2/slurm_YYDPETGTWY_amber/replica_713/replica_713.pdb,outputs/Reps_qubits_d_2/slurm_YYDPETGTWY_amber/replica_713/replica_713_ca.pdb
101,313296868,random,YYDPETGTWY,amber,63.09760198466187,5.321019446655126,17.17905643170452,6.8874651624103285,5.508595556037851,4.848916770784997,374.1,aer,4096,outputs/Reps_qubits_d_2/slurm_YYDPETGTWY_amber/replica_101/replica_101.pdb,outputs/Reps_qubits_d_2/slurm_YYDPETGTWY_amber/replica_101/replica_101_ca.pdb
680,313297447,random,YYDPETGTWY,amber,24.175997220279967,5.321877284515571,19.410187469779505,7.131672989467633,5.508595556037851,4.848916770784997,261.69,aer,4096,outputs/Reps_qubits_d_2/slurm_YYDPETGTWY_amber/replica_680/replica_680.pdb,outputs/Reps_qubits_d_2/slurm_YYDPETGTWY_amber/replica_680/replica_680_ca.pdb
653,313297420,random,YYDPETGTWY,amber,-61.350914294093144,5.325603999941287,20.87459070048493,7.220897922914407,5.508595556037851,4.848916770784997,390.47,aer,4096,outputs/Reps_qubits_d_2/slurm_YYDPETGTWY_amber/replica_653/replica_653.pdb,outputs/Reps_qubits_d_2/slurm_YYDPETGTWY_amber/replica_653/replica_653_ca.pdb
323,313297090,random,YYDPETGTWY,amber,76.1461070957504,5.329009189031742,18.79869504247636,6.975126240404586,5.508595556037851,4.848916770784997,426.94,aer,4096,outputs/Reps_qubits_d_2/slurm_YYDPETGTWY_amber/replica_323/replica_323.pdb,outputs/Reps_qubits_d_2/slurm_YYDPETGTWY_amber/replica_323/replica_323_ca.pdb
903,313297670,random,YYDPETGTWY,amber,32.7641544983751,5.3321511240544,20.043222444147638,6.682911064602145,5.508595556037851,4.848916770784997,299.35,aer,4096,outputs/Reps_qubits_d_2/slurm_YYDPETGTWY_amber/replica_903/replica_903.pdb,outputs/Reps_qubits_d_2/slurm_YYDPETGTWY_amber/replica_903/replica_903_ca.pdb
192,313296959,random,YYDPETGTWY,amber,64.14601949400873,5.3327582335192005,20.319602447002364,6.942564160060605,5.508595556037851,4.848916770784997,277.14,aer,4096,outputs/Reps_qubits_d_2/slurm_YYDPETGTWY_amber/replica_192/replica_192.pdb,outputs/Reps_qubits_d_2/slurm_YYDPETGTWY_amber/replica_192/replica_192_ca.pdb
825,313297592,random,YYDPETGTWY,amber,76.36625692851557,5.3352228908580415,19.79372320319996,6.9764389238416085,5.508595556037851,4.848916770784997,250.35,aer,4096,outputs/Reps_qubits_d_2/slurm_YYDPETGTWY_amber/replica_825/replica_825.pdb,outputs/Reps_qubits_d_2/slurm_YYDPETGTWY_amber/replica_825/replica_825_ca.pdb
558,313297325,random,YYDPETGTWY,amber,-57.95747798817035,5.335648244272856,19.183590151220525,6.943698309796333,5.508595556037851,4.848916770784997,260.24,aer,4096,outputs/Reps_qubits_d_2/slurm_YYDPETGTWY_amber/replica_558/replica_558.pdb,outputs/Reps_qubits_d_2/slurm_YYDPETGTWY_amber/replica_558/replica_558_ca.pdb
301,313297068,random,YYDPETGTWY,amber,16.6731880041106,5.336270482602616,20.057921268007036,7.082980604171998,5.508595556037851,4.848916770784997,258.56,aer,4096,outputs/Reps_qubits_d_2/slurm_YYDPETGTWY_amber/replica_301/replica_301.pdb,outputs/Reps_qubits_d_2/slurm_YYDPETGTWY_amber/replica_301/replica_301_ca.pdb
959,313297726,random,YYDPETGTWY,amber,-9.278407767446867,5.337635635198063,18.166811337689193,7.0517370811183815,5.508595556037851,4.848916770784997,341.87,aer,4096,outputs/Reps_qubits_d_2/slurm_YYDPETGTWY_amber/replica_959/replica_959.pdb,outputs/Reps_qubits_d_2/slurm_YYDPETGTWY_amber/replica_959/replica_959_ca.pdb
900,313297667,random,YYDPETGTWY,amber,-15.278757334909749,5.339815848538568,19.408511729530037,6.918786736052455,5.508595556037851,4.848916770784997,247.63,aer,4096,outputs/Reps_qubits_d_2/slurm_YYDPETGTWY_amber/replica_900/replica_900.pdb,outputs/Reps_qubits_d_2/slurm_YYDPETGTWY_amber/replica_900/replica_900_ca.pdb
943,313297710,random,YYDPETGTWY,amber,10.894118860709074,5.340991035160985,17.598593452414992,6.546354481630422,5.508595556037851,4.848916770784997,445.33,aer,4096,outputs/Reps_qubits_d_2/slurm_YYDPETGTWY_amber/replica_943/replica_943.pdb,outputs/Reps_qubits_d_2/slurm_YYDPETGTWY_amber/replica_943/replica_943_ca.pdb
607,313297374,random,YYDPETGTWY,amber,2.0142671862426655,5.341529293792058,19.81020392649099,6.910304592332327,5.508595556037851,4.848916770784997,308.62,aer,4096,outputs/Reps_qubits_d_2/slurm_YYDPETGTWY_amber/replica_607/replica_607.pdb,outputs/Reps_qubits_d_2/slurm_YYDPETGTWY_amber/replica_607/replica_607_ca.pdb
209,313296976,random,YYDPETGTWY,amber,85.13398238264615,5.349856674480428,18.541499512342188,6.13959118462109,5.508595556037851,4.848916770784997,239.12,aer,4096,outputs/Reps_qubits_d_2/slurm_YYDPETGTWY_amber/replica_209/replica_209.pdb,outputs/Reps_qubits_d_2/slurm_YYDPETGTWY_amber/replica_209/replica_209_ca.pdb
495,313297262,random,YYDPETGTWY,amber,0.8339342805305615,5.351746766034063,18.118898402079797,6.884673674422443,5.508595556037851,4.848916770784997,265.61,aer,4096,outputs/Reps_qubits_d_2/slurm_YYDPETGTWY_amber/replica_495/replica_495.pdb,outputs/Reps_qubits_d_2/slurm_YYDPETGTWY_amber/replica_495/replica_495_ca.pdb
972,313297739,random,YYDPETGTWY,amber,32.51291020567812,5.352017151794914,16.8167153826825,6.677376450357525,5.508595556037851,4.848916770784997,369.24,aer,4096,outputs/Reps_qubits_d_2/slurm_YYDPETGTWY_amber/replica_972/replica_972.pdb,outputs/Reps_qubits_d_2/slurm_YYDPETGTWY_amber/replica_972/replica_972_ca.pdb
35,313296802,random,YYDPETGTWY,amber,33.40526033932491,5.360933169632525,18.572788003884455,6.701232613915846,5.508595556037851,4.848916770784997,330.1,aer,4096,outputs/Reps_qubits_d_2/slurm_YYDPETGTWY_amber/replica_35/replica_35.pdb,outputs/Reps_qubits_d_2/slurm_YYDPETGTWY_amber/replica_35/replica_35_ca.pdb
281,313297048,random,YYDPETGTWY,amber,96.43697746416342,5.363957236234675,19.713636570566837,6.954843214514388,5.508595556037851,4.848916770784997,171.09,aer,4096,outputs/Reps_qubits_d_2/slurm_YYDPETGTWY_amber/replica_281/replica_281.pdb,outputs/Reps_qubits_d_2/slurm_YYDPETGTWY_amber/replica_281/replica_281_ca.pdb
431,313297198,random,YYDPETGTWY,amber,-63.04622727516004,5.371603060657208,20.750994122022178,7.097568969411019,5.508595556037851,4.848916770784997,384.56,aer,4096,outputs/Reps_qubits_d_2/slurm_YYDPETGTWY_amber/replica_431/replica_431.pdb,outputs/Reps_qubits_d_2/slurm_YYDPETGTWY_amber/replica_431/replica_431_ca.pdb
143,313296910,random,YYDPETGTWY,amber,-45.692383639484355,5.371886187036124,18.261440062418465,7.062789402885267,5.508595556037851,4.848916770784997,413.56,aer,4096,outputs/Reps_qubits_d_2/slurm_YYDPETGTWY_amber/replica_143/replica_143.pdb,outputs/Reps_qubits_d_2/slurm_YYDPETGTWY_amber/replica_143/replica_143_ca.pdb
21,313296788,random,YYDPETGTWY,amber,82.27619019348377,5.382179906975015,18.582296468606337,7.118900351252933,5.508595556037851,4.848916770784997,519.98,aer,4096,outputs/Reps_qubits_d_2/slurm_YYDPETGTWY_amber/replica_21/replica_21.pdb,outputs/Reps_qubits_d_2/slurm_YYDPETGTWY_amber/replica_21/replica_21_ca.pdb
768,313297535,random,YYDPETGTWY,amber,93.39903552151071,5.382609221305796,19.991107409110704,7.01763726451518,5.508595556037851,4.848916770784997,290.93,aer,4096,outputs/Reps_qubits_d_2/slurm_YYDPETGTWY_amber/replica_768/replica_768.pdb,outputs/Reps_qubits_d_2/slurm_YYDPETGTWY_amber/replica_768/replica_768_ca.pdb
871,313297638,random,YYDPETGTWY,amber,-87.12904144518522,5.383014590112643,19.968726550591764,6.902095502551122,5.508595556037851,4.848916770784997,312.51,aer,4096,outputs/Reps_qubits_d_2/slurm_YYDPETGTWY_amber/replica_871/replica_871.pdb,outputs/Reps_qubits_d_2/slurm_YYDPETGTWY_amber/replica_871/replica_871_ca.pdb
213,313296980,random,YYDPETGTWY,amber,21.0194949871774,5.383805448759219,20.403174478981576,7.230231317414922,5.508595556037851,4.848916770784997,270.81,aer,4096,outputs/Reps_qubits_d_2/slurm_YYDPETGTWY_amber/replica_213/replica_213.pdb,outputs/Reps_qubits_d_2/slurm_YYDPETGTWY_amber/replica_213/replica_213_ca.pdb
70,313296837,random,YYDPETGTWY,amber,-6.653916700301015,5.38807100170095,19.78931682310492,6.888046727765763,5.508595556037851,4.848916770784997,206.46,aer,4096,outputs/Reps_qubits_d_2/slurm_YYDPETGTWY_amber/replica_70/replica_70.pdb,outputs/Reps_qubits_d_2/slurm_YYDPETGTWY_amber/replica_70/replica_70_ca.pdb
16,313296783,random,YYDPETGTWY,amber,14.766124740048738,5.388442904354572,17.461632920477545,6.9070035347401255,5.508595556037851,4.848916770784997,197.41,aer,4096,outputs/Reps_qubits_d_2/slurm_YYDPETGTWY_amber/replica_16/replica_16.pdb,outputs/Reps_qubits_d_2/slurm_YYDPETGTWY_amber/replica_16/replica_16_ca.pdb
236,313297003,random,YYDPETGTWY,amber,-93.16259360232176,5.3920676063362025,20.67594536968107,6.7055258288591695,5.508595556037851,4.848916770784997,217.24,aer,4096,outputs/Reps_qubits_d_2/slurm_YYDPETGTWY_amber/replica_236/replica_236.pdb,outputs/Reps_qubits_d_2/slurm_YYDPETGTWY_amber/replica_236/replica_236_ca.pdb
647,313297414,random,YYDPETGTWY,amber,78.79998789864064,5.3965108073938435,20.85238448519165,6.930445264059641,5.508595556037851,4.848916770784997,377.57,aer,4096,outputs/Reps_qubits_d_2/slurm_YYDPETGTWY_amber/replica_647/replica_647.pdb,outputs/Reps_qubits_d_2/slurm_YYDPETGTWY_amber/replica_647/replica_647_ca.pdb
770,313297537,random,YYDPETGTWY,amber,25.998968025486537,5.402844620137616,20.539847254854628,6.726234050622667,5.508595556037851,4.848916770784997,254.4,aer,4096,outputs/Reps_qubits_d_2/slurm_YYDPETGTWY_amber/replica_770/replica_770.pdb,outputs/Reps_qubits_d_2/slurm_YYDPETGTWY_amber/replica_770/replica_770_ca.pdb
695,313297462,random,YYDPETGTWY,amber,-18.699306608726143,5.403000121767744,19.375864747008876,6.849073223735732,5.508595556037851,4.848916770784997,336.28,aer,4096,outputs/Reps_qubits_d_2/slurm_YYDPETGTWY_amber/replica_695/replica_695.pdb,outputs/Reps_qubits_d_2/slurm_YYDPETGTWY_amber/replica_695/replica_695_ca.pdb
128,313296895,random,YYDPETGTWY,amber,-92.50335262975379,5.403200887439402,19.996667646448632,6.784173043343017,5.508595556037851,4.848916770784997,258.9,aer,4096,outputs/Reps_qubits_d_2/slurm_YYDPETGTWY_amber/replica_128/replica_128.pdb,outputs/Reps_qubits_d_2/slurm_YYDPETGTWY_amber/replica_128/replica_128_ca.pdb
571,313297338,random,YYDPETGTWY,amber,27.96153591241115,5.403460798287904,21.22069880750068,6.95198473498283,5.508595556037851,4.848916770784997,310.83,aer,4096,outputs/Reps_qubits_d_2/slurm_YYDPETGTWY_amber/replica_571/replica_571.pdb,outputs/Reps_qubits_d_2/slurm_YYDPETGTWY_amber/replica_571/replica_571_ca.pdb
631,313297398,random,YYDPETGTWY,amber,-11.116411315775713,5.4051584520899025,19.637091775872936,6.695401600261582,5.508595556037851,4.848916770784997,220.22,aer,4096,outputs/Reps_qubits_d_2/slurm_YYDPETGTWY_amber/replica_631/replica_631.pdb,outputs/Reps_qubits_d_2/slurm_YYDPETGTWY_amber/replica_631/replica_631_ca.pdb
355,313297122,random,YYDPETGTWY,amber,114.11568158949237,5.413994543024809,19.694085372939636,7.020228894779475,5.508595556037851,4.848916770784997,219.55,aer,4096,outputs/Reps_qubits_d_2/slurm_YYDPETGTWY_amber/replica_355/replica_355.pdb,outputs/Reps_qubits_d_2/slurm_YYDPETGTWY_amber/replica_355/replica_355_ca.pdb
651,313297418,random,YYDPETGTWY,amber,-78.38641085494103,5.416786195410935,20.643555624390224,6.973003074038318,5.508595556037851,4.848916770784997,283.29,aer,4096,outputs/Reps_qubits_d_2/slurm_YYDPETGTWY_amber/replica_651/replica_651.pdb,outputs/Reps_qubits_d_2/slurm_YYDPETGTWY_amber/replica_651/replica_651_ca.pdb
506,313297273,random,YYDPETGTWY,amber,-3.731312354366966,5.417112460305869,21.69083091933697,7.205988969362891,5.508595556037851,4.848916770784997,238.14,aer,4096,outputs/Reps_qubits_d_2/slurm_YYDPETGTWY_amber/replica_506/replica_506.pdb,outputs/Reps_qubits_d_2/slurm_YYDPETGTWY_amber/replica_506/replica_506_ca.pdb
527,313297294,random,YYDPETGTWY,amber,51.668696369263756,5.418127970450568,19.184023553705835,6.879177320265143,5.508595556037851,4.848916770784997,512.34,aer,4096,outputs/Reps_qubits_d_2/slurm_YYDPETGTWY_amber/replica_527/replica_527.pdb,outputs/Reps_qubits_d_2/slurm_YYDPETGTWY_amber/replica_527/replica_527_ca.pdb
391,313297158,random,YYDPETGTWY,amber,-21.71875635344526,5.419312394927549,18.753504043708435,7.0974256534574405,5.508595556037851,4.848916770784997,325.96,aer,4096,outputs/Reps_qubits_d_2/slurm_YYDPETGTWY_amber/replica_391/replica_391.pdb,outputs/Reps_qubits_d_2/slurm_YYDPETGTWY_amber/replica_391/replica_391_ca.pdb
898,313297665,random,YYDPETGTWY,amber,33.65194467602649,5.419697907439926,21.217064499908236,6.995403551743171,5.508595556037851,4.848916770784997,342.09,aer,4096,outputs/Reps_qubits_d_2/slurm_YYDPETGTWY_amber/replica_898/replica_898.pdb,outputs/Reps_qubits_d_2/slurm_YYDPETGTWY_amber/replica_898/replica_898_ca.pdb
995,313297762,random,YYDPETGTWY,amber,-31.127009473711002,5.421630053369646,19.746995425864597,6.906031029615826,5.508595556037851,4.848916770784997,381.1,aer,4096,outputs/Reps_qubits_d_2/slurm_YYDPETGTWY_amber/replica_995/replica_995.pdb,outputs/Reps_qubits_d_2/slurm_YYDPETGTWY_amber/replica_995/replica_995_ca.pdb
338,313297105,random,YYDPETGTWY,amber,54.94239954249981,5.428184143424964,19.751381872509146,6.956658756738728,5.508595556037851,4.848916770784997,294.48,aer,4096,outputs/Reps_qubits_d_2/slurm_YYDPETGTWY_amber/replica_338/replica_338.pdb,outputs/Reps_qubits_d_2/slurm_YYDPETGTWY_amber/replica_338/replica_338_ca.pdb
463,313297230,random,YYDPETGTWY,amber,-11.932662589292285,5.428917825429318,18.827245410784947,7.070513613530746,5.508595556037851,4.848916770784997,306.41,aer,4096,outputs/Reps_qubits_d_2/slurm_YYDPETGTWY_amber/replica_463/replica_463.pdb,outputs/Reps_qubits_d_2/slurm_YYDPETGTWY_amber/replica_463/replica_463_ca.pdb
820,313297587,random,YYDPETGTWY,amber,-20.043944599012203,5.4378481859574155,21.22241898915939,7.168254706564816,5.508595556037851,4.848916770784997,246.73,aer,4096,outputs/Reps_qubits_d_2/slurm_YYDPETGTWY_amber/replica_820/replica_820.pdb,outputs/Reps_qubits_d_2/slurm_YYDPETGTWY_amber/replica_820/replica_820_ca.pdb
361,313297128,random,YYDPETGTWY,amber,-56.80853423660801,5.444376011285888,18.720561928003413,6.601867566771693,5.508595556037851,4.848916770784997,258.62,aer,4096,outputs/Reps_qubits_d_2/slurm_YYDPETGTWY_amber/replica_361/replica_361.pdb,outputs/Reps_qubits_d_2/slurm_YYDPETGTWY_amber/replica_361/replica_361_ca.pdb
488,313297255,random,YYDPETGTWY,amber,-54.04248559291405,5.446661805107989,19.041988461471217,7.319230759517696,5.508595556037851,4.848916770784997,288.39,aer,4096,outputs/Reps_qubits_d_2/slurm_YYDPETGTWY_amber/replica_488/replica_488.pdb,outputs/Reps_qubits_d_2/slurm_YYDPETGTWY_amber/replica_488/replica_488_ca.pdb
593,313297360,random,YYDPETGTWY,amber,28.01540026402532,5.452553795156397,18.401289508067645,7.048443615726175,5.508595556037851,4.848916770784997,251.85,aer,4096,outputs/Reps_qubits_d_2/slurm_YYDPETGTWY_amber/replica_593/replica_593.pdb,outputs/Reps_qubits_d_2/slurm_YYDPETGTWY_amber/replica_593/replica_593_ca.pdb
107,313296874,random,YYDPETGTWY,amber,-34.99151873239789,5.457905926603371,20.167582428289933,7.146215751787903,5.508595556037851,4.848916770784997,323.09,aer,4096,outputs/Reps_qubits_d_2/slurm_YYDPETGTWY_amber/replica_107/replica_107.pdb,outputs/Reps_qubits_d_2/slurm_YYDPETGTWY_amber/replica_107/replica_107_ca.pdb
835,313297602,random,YYDPETGTWY,amber,-35.1372577616629,5.4599704918271765,20.493107990060892,7.34806310905802,5.508595556037851,4.848916770784997,340.37,aer,4096,outputs/Reps_qubits_d_2/slurm_YYDPETGTWY_amber/replica_835/replica_835.pdb,outputs/Reps_qubits_d_2/slurm_YYDPETGTWY_amber/replica_835/replica_835_ca.pdb
423,313297190,random,YYDPETGTWY,amber,164.71234399209467,5.461194249694362,19.52412153082692,6.990661406167046,5.508595556037851,4.848916770784997,474.33,aer,4096,outputs/Reps_qubits_d_2/slurm_YYDPETGTWY_amber/replica_423/replica_423.pdb,outputs/Reps_qubits_d_2/slurm_YYDPETGTWY_amber/replica_423/replica_423_ca.pdb
365,313297132,random,YYDPETGTWY,amber,-61.73206060553099,5.462526991271665,19.178824285642975,6.85715313833987,5.508595556037851,4.848916770784997,224.95,aer,4096,outputs/Reps_qubits_d_2/slurm_YYDPETGTWY_amber/replica_365/replica_365.pdb,outputs/Reps_qubits_d_2/slurm_YYDPETGTWY_amber/replica_365/replica_365_ca.pdb
376,313297143,random,YYDPETGTWY,amber,63.176442627112856,5.46306155912365,20.684001465440552,7.111850427545735,5.508595556037851,4.848916770784997,292.86,aer,4096,outputs/Reps_qubits_d_2/slurm_YYDPETGTWY_amber/replica_376/replica_376.pdb,outputs/Reps_qubits_d_2/slurm_YYDPETGTWY_amber/replica_376/replica_376_ca.pdb
240,313297007,random,YYDPETGTWY,amber,-2.0489225314879143,5.465990253031835,19.77524077620365,7.037029621623256,5.508595556037851,4.848916770784997,270.79,aer,4096,outputs/Reps_qubits_d_2/slurm_YYDPETGTWY_amber/replica_240/replica_240.pdb,outputs/Reps_qubits_d_2/slurm_YYDPETGTWY_amber/replica_240/replica_240_ca.pdb
905,313297672,random,YYDPETGTWY,amber,189.06613068753313,5.468202790054488,20.77401597561495,7.208397051546216,5.508595556037851,4.848916770784997,304.53,aer,4096,outputs/Reps_qubits_d_2/slurm_YYDPETGTWY_amber/replica_905/replica_905.pdb,outputs/Reps_qubits_d_2/slurm_YYDPETGTWY_amber/replica_905/replica_905_ca.pdb
255,313297022,random,YYDPETGTWY,amber,9.343711198350208,5.47483245796219,19.701517404589804,6.849322025541799,5.508595556037851,4.848916770784997,420.29,aer,4096,outputs/Reps_qubits_d_2/slurm_YYDPETGTWY_amber/replica_255/replica_255.pdb,outputs/Reps_qubits_d_2/slurm_YYDPETGTWY_amber/replica_255/replica_255_ca.pdb
667,313297434,random,YYDPETGTWY,amber,9.333529599362267,5.475123122629488,21.168804920259422,7.190071158005301,5.508595556037851,4.848916770784997,643.18,aer,4096,outputs/Reps_qubits_d_2/slurm_YYDPETGTWY_amber/replica_667/replica_667.pdb,outputs/Reps_qubits_d_2/slurm_YYDPETGTWY_amber/replica_667/replica_667_ca.pdb
235,313297002,random,YYDPETGTWY,amber,-18.77258576696942,5.475922843590241,19.967984634638903,6.874700578777946,5.508595556037851,4.848916770784997,268.29,aer,4096,outputs/Reps_qubits_d_2/slurm_YYDPETGTWY_amber/replica_235/replica_235.pdb,outputs/Reps_qubits_d_2/slurm_YYDPETGTWY_amber/replica_235/replica_235_ca.pdb
315,313297082,random,YYDPETGTWY,amber,61.51689176399413,5.477527215188966,19.78571058741456,6.939833746068921,5.508595556037851,4.848916770784997,334.67,aer,4096,outputs/Reps_qubits_d_2/slurm_YYDPETGTWY_amber/replica_315/replica_315.pdb,outputs/Reps_qubits_d_2/slurm_YYDPETGTWY_amber/replica_315/replica_315_ca.pdb
238,313297005,random,YYDPETGTWY,amber,94.01740676814009,5.47939053888131,20.39155623424117,6.99149364081886,5.508595556037851,4.848916770784997,272.24,aer,4096,outputs/Reps_qubits_d_2/slurm_YYDPETGTWY_amber/replica_238/replica_238.pdb,outputs/Reps_qubits_d_2/slurm_YYDPETGTWY_amber/replica_238/replica_238_ca.pdb
638,313297405,random,YYDPETGTWY,amber,-41.18920643971412,5.480425213472154,19.564688731244154,6.892171951636491,5.508595556037851,4.848916770784997,218.32,aer,4096,outputs/Reps_qubits_d_2/slurm_YYDPETGTWY_amber/replica_638/replica_638.pdb,outputs/Reps_qubits_d_2/slurm_YYDPETGTWY_amber/replica_638/replica_638_ca.pdb
934,313297701,random,YYDPETGTWY,amber,-23.670767244445027,5.482310793621923,20.66236129686067,7.328016047354064,5.508595556037851,4.848916770784997,264.93,aer,4096,outputs/Reps_qubits_d_2/slurm_YYDPETGTWY_amber/replica_934/replica_934.pdb,outputs/Reps_qubits_d_2/slurm_YYDPETGTWY_amber/replica_934/replica_934_ca.pdb
115,313296882,random,YYDPETGTWY,amber,148.43525774593198,5.485848105613413,17.531204751541427,6.993118527087615,5.508595556037851,4.848916770784997,342.64,aer,4096,outputs/Reps_qubits_d_2/slurm_YYDPETGTWY_amber/replica_115/replica_115.pdb,outputs/Reps_qubits_d_2/slurm_YYDPETGTWY_amber/replica_115/replica_115_ca.pdb
162,313296929,random,YYDPETGTWY,amber,17.595112370544516,5.487126118631085,20.85659758690304,6.941993495150703,5.508595556037851,4.848916770784997,317.15,aer,4096,outputs/Reps_qubits_d_2/slurm_YYDPETGTWY_amber/replica_162/replica_162.pdb,outputs/Reps_qubits_d_2/slurm_YYDPETGTWY_amber/replica_162/replica_162_ca.pdb
988,313297755,random,YYDPETGTWY,amber,-76.03302083853058,5.48814911252753,19.790160701844865,7.297419522840281,5.508595556037851,4.848916770784997,263.89,aer,4096,outputs/Reps_qubits_d_2/slurm_YYDPETGTWY_amber/replica_988/replica_988.pdb,outputs/Reps_qubits_d_2/slurm_YYDPETGTWY_amber/replica_988/replica_988_ca.pdb
880,313297647,random,YYDPETGTWY,amber,8.41742705709979,5.489605105216082,20.58599253414523,7.2552365626302535,5.508595556037851,4.848916770784997,251.99,aer,4096,outputs/Reps_qubits_d_2/slurm_YYDPETGTWY_amber/replica_880/replica_880.pdb,outputs/Reps_qubits_d_2/slurm_YYDPETGTWY_amber/replica_880/replica_880_ca.pdb
521,313297288,random,YYDPETGTWY,amber,71.20600036002033,5.491165287501208,18.687996875160678,6.85440447078281,5.508595556037851,4.848916770784997,288.41,aer,4096,outputs/Reps_qubits_d_2/slurm_YYDPETGTWY_amber/replica_521/replica_521.pdb,outputs/Reps_qubits_d_2/slurm_YYDPETGTWY_amber/replica_521/replica_521_ca.pdb
419,313297186,random,YYDPETGTWY,amber,5.081253434088141,5.4923016461370535,20.279447227703272,7.308197457054312,5.508595556037851,4.848916770784997,348.78,aer,4096,outputs/Reps_qubits_d_2/slurm_YYDPETGTWY_amber/replica_419/replica_419.pdb,outputs/Reps_qubits_d_2/slurm_YYDPETGTWY_amber/replica_419/replica_419_ca.pdb
342,313297109,random,YYDPETGTWY,amber,-32.38954759870361,5.493427782305954,20.633207880043074,7.548076154684747,5.508595556037851,4.848916770784997,415.09,aer,4096,outputs/Reps_qubits_d_2/slurm_YYDPETGTWY_amber/replica_342/replica_342.pdb,outputs/Reps_qubits_d_2/slurm_YYDPETGTWY_amber/replica_342/replica_342_ca.pdb
120,313296887,random,YYDPETGTWY,amber,568.870841945766,5.495474658584195,21.34143657656021,7.331696659291079,5.508595556037851,4.848916770784997,134.2,aer,4096,outputs/Reps_qubits_d_2/slurm_YYDPETGTWY_amber/replica_120/replica_120.pdb,outputs/Reps_qubits_d_2/slurm_YYDPETGTWY_amber/replica_120/replica_120_ca.pdb
14,313296781,random,YYDPETGTWY,amber,12.865699649243346,5.499876967850946,20.94277370826481,7.163618742707062,5.508595556037851,4.848916770784997,504.39,aer,4096,outputs/Reps_qubits_d_2/slurm_YYDPETGTWY_amber/replica_14/replica_14.pdb,outputs/Reps_qubits_d_2/slurm_YYDPETGTWY_amber/replica_14/replica_14_ca.pdb
142,313296909,random,YYDPETGTWY,amber,22.919794254125673,5.500994966702245,19.331257397279696,6.8359547557850355,5.508595556037851,4.848916770784997,364.87,aer,4096,outputs/Reps_qubits_d_2/slurm_YYDPETGTWY_amber/replica_142/replica_142.pdb,outputs/Reps_qubits_d_2/slurm_YYDPETGTWY_amber/replica_142/replica_142_ca.pdb
477,313297244,random,YYDPETGTWY,amber,-30.988870572087,5.505695530130146,19.93031057876133,6.906792388678638,5.508595556037851,4.848916770784997,300.0,aer,4096,outputs/Reps_qubits_d_2/slurm_YYDPETGTWY_amber/replica_477/replica_477.pdb,outputs/Reps_qubits_d_2/slurm_YYDPETGTWY_amber/replica_477/replica_477_ca.pdb
870,313297637,random,YYDPETGTWY,amber,9.388876937030986,5.508933925135761,18.76597298742493,7.016495828141295,5.508595556037851,4.848916770784997,275.09,aer,4096,outputs/Reps_qubits_d_2/slurm_YYDPETGTWY_amber/replica_870/replica_870.pdb,outputs/Reps_qubits_d_2/slurm_YYDPETGTWY_amber/replica_870/replica_870_ca.pdb
466,313297233,random,YYDPETGTWY,amber,-3.8037405578220733,5.510804485979597,20.43829086301831,6.8978412648238026,5.508595556037851,4.848916770784997,331.48,aer,4096,outputs/Reps_qubits_d_2/slurm_YYDPETGTWY_amber/replica_466/replica_466.pdb,outputs/Reps_qubits_d_2/slurm_YYDPETGTWY_amber/replica_466/replica_466_ca.pdb
537,313297304,random,YYDPETGTWY,amber,-50.38316367245941,5.5114461740765215,21.040325964142127,6.894118893333395,5.508595556037851,4.848916770784997,360.91,aer,4096,outputs/Reps_qubits_d_2/slurm_YYDPETGTWY_amber/replica_537/replica_537.pdb,outputs/Reps_qubits_d_2/slurm_YYDPETGTWY_amber/replica_537/replica_537_ca.pdb
217,313296984,random,YYDPETGTWY,amber,-59.35850703094502,5.512092153714639,20.539590975728306,7.306695040887712,5.508595556037851,4.848916770784997,289.16,aer,4096,outputs/Reps_qubits_d_2/slurm_YYDPETGTWY_amber/replica_217/replica_217.pdb,outputs/Reps_qubits_d_2/slurm_YYDPETGTWY_amber/replica_217/replica_217_ca.pdb
87,313296854,random,YYDPETGTWY,amber,-54.54489875195351,5.5161204784343045,21.735480408969888,7.499179774515937,5.508595556037851,4.848916770784997,276.12,aer,4096,outputs/Reps_qubits_d_2/slurm_YYDPETGTWY_amber/replica_87/replica_87.pdb,outputs/Reps_qubits_d_2/slurm_YYDPETGTWY_amber/replica_87/replica_87_ca.pdb
38,313296805,random,YYDPETGTWY,amber,56.67783243870387,5.517527309545369,19.824938163243512,7.000411568307553,5.508595556037851,4.848916770784997,313.96,aer,4096,outputs/Reps_qubits_d_2/slurm_YYDPETGTWY_amber/replica_38/replica_38.pdb,outputs/Reps_qubits_d_2/slurm_YYDPETGTWY_amber/replica_38/replica_38_ca.pdb
878,313297645,random,YYDPETGTWY,amber,-60.207241603002565,5.522877172513481,19.93960777697386,6.775137192665614,5.508595556037851,4.848916770784997,295.3,aer,4096,outputs/Reps_qubits_d_2/slurm_YYDPETGTWY_amber/replica_878/replica_878.pdb,outputs/Reps_qubits_d_2/slurm_YYDPETGTWY_amber/replica_878/replica_878_ca.pdb
482,313297249,random,YYDPETGTWY,amber,31.098485684182847,5.523469201061016,21.247411322511905,6.937569090734175,5.508595556037851,4.848916770784997,330.4,aer,4096,outputs/Reps_qubits_d_2/slurm_YYDPETGTWY_amber/replica_482/replica_482.pdb,outputs/Reps_qubits_d_2/slurm_YYDPETGTWY_amber/replica_482/replica_482_ca.pdb
690,313297457,random,YYDPETGTWY,amber,-10.492845285217612,5.528760940543247,19.743922238598227,6.917121744531655,5.508595556037851,4.848916770784997,265.96,aer,4096,outputs/Reps_qubits_d_2/slurm_YYDPETGTWY_amber/replica_690/replica_690.pdb,outputs/Reps_qubits_d_2/slurm_YYDPETGTWY_amber/replica_690/replica_690_ca.pdb
206,313296973,random,YYDPETGTWY,amber,30.114060671454286,5.537952671606957,20.985278509248698,7.115062040666291,5.508595556037851,4.848916770784997,322.01,aer,4096,outputs/Reps_qubits_d_2/slurm_YYDPETGTWY_amber/replica_206/replica_206.pdb,outputs/Reps_qubits_d_2/slurm_YYDPETGTWY_amber/replica_206/replica_206_ca.pdb
47,313296814,random,YYDPETGTWY,amber,-53.95317489301061,5.538748503665486,19.736462504835828,7.191514196782835,5.508595556037851,4.848916770784997,293.99,aer,4096,outputs/Reps_qubits_d_2/slurm_YYDPETGTWY_amber/replica_47/replica_47.pdb,outputs/Reps_qubits_d_2/slurm_YYDPETGTWY_amber/replica_47/replica_47_ca.pdb
474,313297241,random,YYDPETGTWY,amber,-5.57108003758605,5.539122351132487,19.919390873722083,7.119971059041729,5.508595556037851,4.848916770784997,356.13,aer,4096,outputs/Reps_qubits_d_2/slurm_YYDPETGTWY_amber/replica_474/replica_474.pdb,outputs/Reps_qubits_d_2/slurm_YYDPETGTWY_amber/replica_474/replica_474_ca.pdb
655,313297422,random,YYDPETGTWY,amber,8.194071595029177,5.548410657131544,21.191461996959884,7.039579200258037,5.508595556037851,4.848916770784997,319.59,aer,4096,outputs/Reps_qubits_d_2/slurm_YYDPETGTWY_amber/replica_655/replica_655.pdb,outputs/Reps_qubits_d_2/slurm_YYDPETGTWY_amber/replica_655/replica_655_ca.pdb
853,313297620,random,YYDPETGTWY,amber,39.04199625998542,5.548941140183694,21.09076388255566,7.20918246905672,5.508595556037851,4.848916770784997,318.88,aer,4096,outputs/Reps_qubits_d_2/slurm_YYDPETGTWY_amber/replica_853/replica_853.pdb,outputs/Reps_qubits_d_2/slurm_YYDPETGTWY_amber/replica_853/replica_853_ca.pdb
392,313297159,random,YYDPETGTWY,amber,75.99460838481833,5.555739197318715,20.06888232414488,6.848723779506701,5.508595556037851,4.848916770784997,337.94,aer,4096,outputs/Reps_qubits_d_2/slurm_YYDPETGTWY_amber/replica_392/replica_392.pdb,outputs/Reps_qubits_d_2/slurm_YYDPETGTWY_amber/replica_392/replica_392_ca.pdb
790,313297557,random,YYDPETGTWY,amber,-15.30195449036085,5.561076589389115,20.346709422066823,6.973782180333062,5.508595556037851,4.848916770784997,250.01,aer,4096,outputs/Reps_qubits_d_2/slurm_YYDPETGTWY_amber/replica_790/replica_790.pdb,outputs/Reps_qubits_d_2/slurm_YYDPETGTWY_amber/replica_790/replica_790_ca.pdb
219,313296986,random,YYDPETGTWY,amber,47.11958886608596,5.564606235927556,19.510720816108662,7.079460971328076,5.508595556037851,4.848916770784997,425.47,aer,4096,outputs/Reps_qubits_d_2/slurm_YYDPETGTWY_amber/replica_219/replica_219.pdb,outputs/Reps_qubits_d_2/slurm_YYDPETGTWY_amber/replica_219/replica_219_ca.pdb
272,313297039,random,YYDPETGTWY,amber,101.31931730859394,5.568781671880602,21.336164331096505,7.1079731601239065,5.508595556037851,4.848916770784997,411.9,aer,4096,outputs/Reps_qubits_d_2/slurm_YYDPETGTWY_amber/replica_272/replica_272.pdb,outputs/Reps_qubits_d_2/slurm_YYDPETGTWY_amber/replica_272/replica_272_ca.pdb
402,313297169,random,YYDPETGTWY,amber,27.500061082015037,5.571968703682508,19.449923103901952,7.078973835968417,5.508595556037851,4.848916770784997,190.82,aer,4096,outputs/Reps_qubits_d_2/slurm_YYDPETGTWY_amber/replica_402/replica_402.pdb,outputs/Reps_qubits_d_2/slurm_YYDPETGTWY_amber/replica_402/replica_402_ca.pdb
369,313297136,random,YYDPETGTWY,amber,73.72154460126492,5.5745647849807884,19.922197331630972,7.102876770505382,5.508595556037851,4.848916770784997,221.71,aer,4096,outputs/Reps_qubits_d_2/slurm_YYDPETGTWY_amber/replica_369/replica_369.pdb,outputs/Reps_qubits_d_2/slurm_YYDPETGTWY_amber/replica_369/replica_369_ca.pdb
130,313296897,random,YYDPETGTWY,amber,-32.55781881629075,5.574643084308633,20.643024943769888,7.174703839008422,5.508595556037851,4.848916770784997,345.19,aer,4096,outputs/Reps_qubits_d_2/slurm_YYDPETGTWY_amber/replica_130/replica_130.pdb,outputs/Reps_qubits_d_2/slurm_YYDPETGTWY_amber/replica_130/replica_130_ca.pdb
146,313296913,random,YYDPETGTWY,amber,49.43834212561296,5.578282999572222,18.654539509409805,7.162280525998641,5.508595556037851,4.848916770784997,224.69,aer,4096,outputs/Reps_qubits_d_2/slurm_YYDPETGTWY_amber/replica_146/replica_146.pdb,outputs/Reps_qubits_d_2/slurm_YYDPETGTWY_amber/replica_146/replica_146_ca.pdb
412,313297179,random,YYDPETGTWY,amber,-83.08991212822997,5.579176866787675,21.264869325746957,7.268431853832379,5.508595556037851,4.848916770784997,320.26,aer,4096,outputs/Reps_qubits_d_2/slurm_YYDPETGTWY_amber/replica_412/replica_412.pdb,outputs/Reps_qubits_d_2/slurm_YYDPETGTWY_amber/replica_412/replica_412_ca.pdb
927,313297694,random,YYDPETGTWY,amber,-58.341646758664915,5.5863145953050815,20.284188426601236,7.257680032884665,5.508595556037851,4.848916770784997,252.26,aer,4096,outputs/Reps_qubits_d_2/slurm_YYDPETGTWY_amber/replica_927/replica_927.pdb,outputs/Reps_qubits_d_2/slurm_YYDPETGTWY_amber/replica_927/replica_927_ca.pdb
763,313297530,random,YYDPETGTWY,amber,-38.62414928383636,5.58903820263132,20.619704280500578,7.122590023095538,5.508595556037851,4.848916770784997,456.19,aer,4096,outputs/Reps_qubits_d_2/slurm_YYDPETGTWY_amber/replica_763/replica_763.pdb,outputs/Reps_qubits_d_2/slurm_YYDPETGTWY_amber/replica_763/replica_763_ca.pdb
610,313297377,random,YYDPETGTWY,amber,25.553574229352307,5.591639980354267,20.56153695814374,7.033140972057402,5.508595556037851,4.848916770784997,278.06,aer,4096,outputs/Reps_qubits_d_2/slurm_YYDPETGTWY_amber/replica_610/replica_610.pdb,outputs/Reps_qubits_d_2/slurm_YYDPETGTWY_amber/replica_610/replica_610_ca.pdb
454,313297221,random,YYDPETGTWY,amber,17.072562622598884,5.591762192932173,19.16649235937324,7.04009657590887,5.508595556037851,4.848916770784997,321.02,aer,4096,outputs/Reps_qubits_d_2/slurm_YYDPETGTWY_amber/replica_454/replica_454.pdb,outputs/Reps_qubits_d_2/slurm_YYDPETGTWY_amber/replica_454/replica_454_ca.pdb
490,313297257,random,YYDPETGTWY,amber,5.892879815945475,5.593594033170443,18.374884267610724,6.9213575909579355,5.508595556037851,4.848916770784997,295.01,aer,4096,outputs/Reps_qubits_d_2/slurm_YYDPETGTWY_amber/replica_490/replica_490.pdb,outputs/Reps_qubits_d_2/slurm_YYDPETGTWY_amber/replica_490/replica_490_ca.pdb
268,313297035,random,YYDPETGTWY,amber,124.7850480638271,5.596948472369875,20.210847867760418,6.61931430939784,5.508595556037851,4.848916770784997,396.88,aer,4096,outputs/Reps_qubits_d_2/slurm_YYDPETGTWY_amber/replica_268/replica_268.pdb,outputs/Reps_qubits_d_2/slurm_YYDPETGTWY_amber/replica_268/replica_268_ca.pdb
177,313296944,random,YYDPETGTWY,amber,142.28826540566322,5.601249975020057,18.34934522270545,6.952166146123773,5.508595556037851,4.848916770784997,448.71,aer,4096,outputs/Reps_qubits_d_2/slurm_YYDPETGTWY_amber/replica_177/replica_177.pdb,outputs/Reps_qubits_d_2/slurm_YYDPETGTWY_amber/replica_177/replica_177_ca.pdb
912,313297679,random,YYDPETGTWY,amber,14.606337725577747,5.6063658588369645,20.27768611716765,6.870535755341148,5.508595556037851,4.848916770784997,378.35,aer,4096,outputs/Reps_qubits_d_2/slurm_YYDPETGTWY_amber/replica_912/replica_912.pdb,outputs/Reps_qubits_d_2/slurm_YYDPETGTWY_amber/replica_912/replica_912_ca.pdb
226,313296993,random,YYDPETGTWY,amber,-61.68007013710657,5.608785560148281,20.322209880745856,6.951329512102265,5.508595556037851,4.848916770784997,311.83,aer,4096,outputs/Reps_qubits_d_2/slurm_YYDPETGTWY_amber/replica_226/replica_226.pdb,outputs/Reps_qubits_d_2/slurm_YYDPETGTWY_amber/replica_226/replica_226_ca.pdb
569,313297336,random,YYDPETGTWY,amber,558.2564754763476,5.610339129276102,20.089840335215104,6.760312307963974,5.508595556037851,4.848916770784997,143.55,aer,4096,outputs/Reps_qubits_d_2/slurm_YYDPETGTWY_amber/replica_569/replica_569.pdb,outputs/Reps_qubits_d_2/slurm_YYDPETGTWY_amber/replica_569/replica_569_ca.pdb
407,313297174,random,YYDPETGTWY,amber,33.146226647708886,5.615089865394588,20.546293333774614,7.126834948459819,5.508595556037851,4.848916770784997,273.35,aer,4096,outputs/Reps_qubits_d_2/slurm_YYDPETGTWY_amber/replica_407/replica_407.pdb,outputs/Reps_qubits_d_2/slurm_YYDPETGTWY_amber/replica_407/replica_407_ca.pdb
769,313297536,random,YYDPETGTWY,amber,8.209271351665285,5.615477035416506,20.27632066148908,6.968396137679022,5.508595556037851,4.848916770784997,187.57,aer,4096,outputs/Reps_qubits_d_2/slurm_YYDPETGTWY_amber/replica_769/replica_769.pdb,outputs/Reps_qubits_d_2/slurm_YYDPETGTWY_amber/replica_769/replica_769_ca.pdb
449,313297216,random,YYDPETGTWY,amber,36.91209969801869,5.6158567962753265,19.212321107787695,6.982039714133353,5.508595556037851,4.848916770784997,309.58,aer,4096,outputs/Reps_qubits_d_2/slurm_YYDPETGTWY_amber/replica_449/replica_449.pdb,outputs/Reps_qubits_d_2/slurm_YYDPETGTWY_amber/replica_449/replica_449_ca.pdb
944,313297711,random,YYDPETGTWY,amber,46.74468657153507,5.620087219425341,20.726225762546903,7.2174491987173175,5.508595556037851,4.848916770784997,385.68,aer,4096,outputs/Reps_qubits_d_2/slurm_YYDPETGTWY_amber/replica_944/replica_944.pdb,outputs/Reps_qubits_d_2/slurm_YYDPETGTWY_amber/replica_944/replica_944_ca.pdb
890,313297657,random,YYDPETGTWY,amber,13.353502378737339,5.624310957520752,20.65411958565651,7.023359109936705,5.508595556037851,4.848916770784997,206.97,aer,4096,outputs/Reps_qubits_d_2/slurm_YYDPETGTWY_amber/replica_890/replica_890.pdb,outputs/Reps_qubits_d_2/slurm_YYDPETGTWY_amber/replica_890/replica_890_ca.pdb
793,313297560,random,YYDPETGTWY,amber,-18.65300741816303,5.627840386788312,20.406017024612893,6.971094022260678,5.508595556037851,4.848916770784997,406.97,aer,4096,outputs/Reps_qubits_d_2/slurm_YYDPETGTWY_amber/replica_793/replica_793.pdb,outputs/Reps_qubits_d_2/slurm_YYDPETGTWY_amber/replica_793/replica_793_ca.pdb
43,313296810,random,YYDPETGTWY,amber,-11.245006200615794,5.636475565809135,19.78020760542283,7.382248083083047,5.508595556037851,4.848916770784997,353.22,aer,4096,outputs/Reps_qubits_d_2/slurm_YYDPETGTWY_amber/replica_43/replica_43.pdb,outputs/Reps_qubits_d_2/slurm_YYDPETGTWY_amber/replica_43/replica_43_ca.pdb
265,313297032,random,YYDPETGTWY,amber,-37.73210083261825,5.640525180697023,19.486305827743077,6.814115372019511,5.508595556037851,4.848916770784997,239.27,aer,4096,outputs/Reps_qubits_d_2/slurm_YYDPETGTWY_amber/replica_265/replica_265.pdb,outputs/Reps_qubits_d_2/slurm_YYDPETGTWY_amber/replica_265/replica_265_ca.pdb
805,313297572,random,YYDPETGTWY,amber,440.1697653645524,5.641009936149894,19.620755855586406,6.629343199143168,5.508595556037851,4.848916770784997,278.8,aer,4096,outputs/Reps_qubits_d_2/slurm_YYDPETGTWY_amber/replica_805/replica_805.pdb,outputs/Reps_qubits_d_2/slurm_YYDPETGTWY_amber/replica_805/replica_805_ca.pdb
664,313297431,random,YYDPETGTWY,amber,-8.155920297115852,5.641417378088154,20.22272631243179,6.800662290367699,5.508595556037851,4.848916770784997,249.5,aer,4096,outputs/Reps_qubits_d_2/slurm_YYDPETGTWY_amber/replica_664/replica_664.pdb,outputs/Reps_qubits_d_2/slurm_YYDPETGTWY_amber/replica_664/replica_664_ca.pdb
280,313297047,random,YYDPETGTWY,amber,-23.6322386575135,5.645886222768177,16.562305670899654,6.580742441265492,5.508595556037851,4.848916770784997,258.98,aer,4096,outputs/Reps_qubits_d_2/slurm_YYDPETGTWY_amber/replica_280/replica_280.pdb,outputs/Reps_qubits_d_2/slurm_YYDPETGTWY_amber/replica_280/replica_280_ca.pdb
719,313297486,random,YYDPETGTWY,amber,-99.1475028269737,5.6463925174036405,17.76644569030193,7.024615204664468,5.508595556037851,4.848916770784997,272.7,aer,4096,outputs/Reps_qubits_d_2/slurm_YYDPETGTWY_amber/replica_719/replica_719.pdb,outputs/Reps_qubits_d_2/slurm_YYDPETGTWY_amber/replica_719/replica_719_ca.pdb
551,313297318,random,YYDPETGTWY,amber,74.81004156051156,5.646599448789375,19.811145259513662,6.687679595921067,5.508595556037851,4.848916770784997,264.68,aer,4096,outputs/Reps_qubits_d_2/slurm_YYDPETGTWY_amber/replica_551/replica_551.pdb,outputs/Reps_qubits_d_2/slurm_YYDPETGTWY_amber/replica_551/replica_551_ca.pdb
979,313297746,random,YYDPETGTWY,amber,54.20645284150501,5.647413080901106,19.87160865439069,6.869398598536405,5.508595556037851,4.848916770784997,386.53,aer,4096,outputs/Reps_qubits_d_2/slurm_YYDPETGTWY_amber/replica_979/replica_979.pdb,outputs/Reps_qubits_d_2/slurm_YYDPETGTWY_amber/replica_979/replica_979_ca.pdb
234,313297001,random,YYDPETGTWY,amber,-18.9774326403406,5.659448561682941,20.0900879629045,7.310851915617935,5.508595556037851,4.848916770784997,269.35,aer,4096,outputs/Reps_qubits_d_2/slurm_YYDPETGTWY_amber/replica_234/replica_234.pdb,outputs/Reps_qubits_d_2/slurm_YYDPETGTWY_amber/replica_234/replica_234_ca.pdb
775,313297542,random,YYDPETGTWY,amber,-7.997099926368419,5.662412871231186,20.733321434936673,6.83083382134738,5.508595556037851,4.848916770784997,235.65,aer,4096,outputs/Reps_qubits_d_2/slurm_YYDPETGTWY_amber/replica_775/replica_775.pdb,outputs/Reps_qubits_d_2/slurm_YYDPETGTWY_amber/replica_775/replica_775_ca.pdb
424,313297191,random,YYDPETGTWY,amber,-9.443501371460915,5.666484336778756,21.205781786733084,6.932776425639886,5.508595556037851,4.848916770784997,282.72,aer,4096,outputs/Reps_qubits_d_2/slurm_YYDPETGTWY_amber/replica_424/replica_424.pdb,outputs/Reps_qubits_d_2/slurm_YYDPETGTWY_amber/replica_424/replica_424_ca.pdb
908,313297675,random,YYDPETGTWY,amber,333.0526491267979,5.666531472389645,21.80886453759906,7.40579314222099,5.508595556037851,4.848916770784997,194.75,aer,4096,outputs/Reps_qubits_d_2/slurm_YYDPETGTWY_amber/replica_908/replica_908.pdb,outputs/Reps_qubits_d_2/slurm_YYDPETGTWY_amber/replica_908/replica_908_ca.pdb
11,313296778,random,YYDPETGTWY,amber,-12.136301249269549,5.667590779269495,21.227003319369572,6.83189108678487,5.508595556037851,4.848916770784997,386.95,aer,4096,outputs/Reps_qubits_d_2/slurm_YYDPETGTWY_amber/replica_11/replica_11.pdb,outputs/Reps_qubits_d_2/slurm_YYDPETGTWY_amber/replica_11/replica_11_ca.pdb
552,313297319,random,YYDPETGTWY,amber,65.58567398896335,5.6676076062469996,18.909676499055923,6.848905759353457,5.508595556037851,4.848916770784997,344.09,aer,4096,outputs/Reps_qubits_d_2/slurm_YYDPETGTWY_amber/replica_552/replica_552.pdb,outputs/Reps_qubits_d_2/slurm_YYDPETGTWY_amber/replica_552/replica_552_ca.pdb
656,313297423,random,YYDPETGTWY,amber,279.1822891752542,5.673841884774389,21.128659681008045,7.023459114675767,5.508595556037851,4.848916770784997,168.87,aer,4096,outputs/Reps_qubits_d_2/slurm_YYDPETGTWY_amber/replica_656/replica_656.pdb,outputs/Reps_qubits_d_2/slurm_YYDPETGTWY_amber/replica_656/replica_656_ca.pdb
947,313297714,random,YYDPETGTWY,amber,108.49511198969373,5.674548304631212,21.093899656655054,7.138194405617257,5.508595556037851,4.848916770784997,364.78,aer,4096,outputs/Reps_qubits_d_2/slurm_YYDPETGTWY_amber/replica_947/replica_947.pdb,outputs/Reps_qubits_d_2/slurm_YYDPETGTWY_amber/replica_947/replica_947_ca.pdb
223,313296990,random,YYDPETGTWY,amber,-35.29258853117607,5.675910903953852,20.748122484860502,7.1893472211053675,5.508595556037851,4.848916770784997,208.61,aer,4096,outputs/Reps_qubits_d_2/slurm_YYDPETGTWY_amber/replica_223/replica_223.pdb,outputs/Reps_qubits_d_2/slurm_YYDPETGTWY_amber/replica_223/replica_223_ca.pdb
716,313297483,random,YYDPETGTWY,amber,-40.56562449673707,5.676666843834967,21.1761746051421,7.446878704432575,5.508595556037851,4.848916770784997,278.39,aer,4096,outputs/Reps_qubits_d_2/slurm_YYDPETGTWY_amber/replica_716/replica_716.pdb,outputs/Reps_qubits_d_2/slurm_YYDPETGTWY_amber/replica_716/replica_716_ca.pdb
439,313297206,random,YYDPETGTWY,amber,-72.6858024367974,5.679028704149323,19.5976210506628,6.46884536513411,5.508595556037851,4.848916770784997,243.68,aer,4096,outputs/Reps_qubits_d_2/slurm_YYDPETGTWY_amber/replica_439/replica_439.pdb,outputs/Reps_qubits_d_2/slurm_YYDPETGTWY_amber/replica_439/replica_439_ca.pdb
560,313297327,random,YYDPETGTWY,amber,14.148775756437377,5.684637407995055,21.906405679696665,7.41735279189687,5.508595556037851,4.848916770784997,210.55,aer,4096,outputs/Reps_qubits_d_2/slurm_YYDPETGTWY_amber/replica_560/replica_560.pdb,outputs/Reps_qubits_d_2/slurm_YYDPETGTWY_amber/replica_560/replica_560_ca.pdb
811,313297578,random,YYDPETGTWY,amber,109.94449856712652,5.685243592268791,21.215023997371762,7.309269085164288,5.508595556037851,4.848916770784997,298.03,aer,4096,outputs/Reps_qubits_d_2/slurm_YYDPETGTWY_amber/replica_811/replica_811.pdb,outputs/Reps_qubits_d_2/slurm_YYDPETGTWY_amber/replica_811/replica_811_ca.pdb
62,313296829,random,YYDPETGTWY,amber,32.643444870071164,5.685732817980714,21.766947307162923,7.222546691123844,5.508595556037851,4.848916770784997,279.41,aer,4096,outputs/Reps_qubits_d_2/slurm_YYDPETGTWY_amber/replica_62/replica_62.pdb,outputs/Reps_qubits_d_2/slurm_YYDPETGTWY_amber/replica_62/replica_62_ca.pdb
420,313297187,random,YYDPETGTWY,amber,71.37672678999749,5.688112378515936,16.617950727611788,6.54446552863286,5.508595556037851,4.848916770784997,333.75,aer,4096,outputs/Reps_qubits_d_2/slurm_YYDPETGTWY_amber/replica_420/replica_420.pdb,outputs/Reps_qubits_d_2/slurm_YYDPETGTWY_amber/replica_420/replica_420_ca.pdb
30,313296797,random,YYDPETGTWY,amber,-5.303401866994135,5.689578925515017,20.435023204346557,7.138187875439665,5.508595556037851,4.848916770784997,267.71,aer,4096,outputs/Reps_qubits_d_2/slurm_YYDPETGTWY_amber/replica_30/replica_30.pdb,outputs/Reps_qubits_d_2/slurm_YYDPETGTWY_amber/replica_30/replica_30_ca.pdb
954,313297721,random,YYDPETGTWY,amber,-13.759848227663973,5.690607372616255,20.17505736347968,7.3220784212191194,5.508595556037851,4.848916770784997,312.38,aer,4096,outputs/Reps_qubits_d_2/slurm_YYDPETGTWY_amber/replica_954/replica_954.pdb,outputs/Reps_qubits_d_2/slurm_YYDPETGTWY_amber/replica_954/replica_954_ca.pdb
470,313297237,random,YYDPETGTWY,amber,-27.624577102804814,5.691071875817589,21.189213174368206,7.524066180280878,5.508595556037851,4.848916770784997,272.78,aer,4096,outputs/Reps_qubits_d_2/slurm_YYDPETGTWY_amber/replica_470/replica_470.pdb,outputs/Reps_qubits_d_2/slurm_YYDPETGTWY_amber/replica_470/replica_470_ca.pdb
203,313296970,random,YYDPETGTWY,amber,-47.83126412675873,5.693045247235412,20.453060989263676,6.96033885704635,5.508595556037851,4.848916770784997,246.28,aer,4096,outputs/Reps_qubits_d_2/slurm_YYDPETGTWY_amber/replica_203/replica_203.pdb,outputs/Reps_qubits_d_2/slurm_YYDPETGTWY_amber/replica_203/replica_203_ca.pdb
78,313296845,random,YYDPETGTWY,amber,34.76166996896055,5.696084383407716,20.274045234556745,7.09942688009111,5.508595556037851,4.848916770784997,345.16,aer,4096,outputs/Reps_qubits_d_2/slurm_YYDPETGTWY_amber/replica_78/replica_78.pdb,outputs/Reps_qubits_d_2/slurm_YYDPETGTWY_amber/replica_78/replica_78_ca.pdb
789,313297556,random,YYDPETGTWY,amber,-14.039730451782216,5.6964245273182375,19.483773922797422,6.691712757972104,5.508595556037851,4.848916770784997,304.65,aer,4096,outputs/Reps_qubits_d_2/slurm_YYDPETGTWY_amber/replica_789/replica_789.pdb,outputs/Reps_qubits_d_2/slurm_YYDPETGTWY_amber/replica_789/replica_789_ca.pdb
293,313297060,random,YYDPETGTWY,amber,-119.06192354155456,5.698541886789901,20.44030297001025,7.207915585669343,5.508595556037851,4.848916770784997,371.81,aer,4096,outputs/Reps_qubits_d_2/slurm_YYDPETGTWY_amber/replica_293/replica_293.pdb,outputs/Reps_qubits_d_2/slurm_YYDPETGTWY_amber/replica_293/replica_293_ca.pdb
199,313296966,random,YYDPETGTWY,amber,-9.17978551953902,5.698977887521377,18.683474984085148,6.886239714207053,5.508595556037851,4.848916770784997,277.52,aer,4096,outputs/Reps_qubits_d_2/slurm_YYDPETGTWY_amber/replica_199/replica_199.pdb,outputs/Reps_qubits_d_2/slurm_YYDPETGTWY_amber/replica_199/replica_199_ca.pdb
536,313297303,random,YYDPETGTWY,amber,-32.53223650735626,5.700333276785612,21.963541432163755,7.321348311263096,5.508595556037851,4.848916770784997,263.86,aer,4096,outputs/Reps_qubits_d_2/slurm_YYDPETGTWY_amber/replica_536/replica_536.pdb,outputs/Reps_qubits_d_2/slurm_YYDPETGTWY_amber/replica_536/replica_536_ca.pdb
212,313296979,random,YYDPETGTWY,amber,6.763665700074417,5.702094094841251,21.612023725383004,7.074739911152086,5.508595556037851,4.848916770784997,313.58,aer,4096,outputs/Reps_qubits_d_2/slurm_YYDPETGTWY_amber/replica_212/replica_212.pdb,outputs/Reps_qubits_d_2/slurm_YYDPETGTWY_amber/replica_212/replica_212_ca.pdb
250,313297017,random,YYDPETGTWY,amber,51.23793176871557,5.703548125995195,18.49963309834286,7.080687531333085,5.508595556037851,4.848916770784997,263.48,aer,4096,outputs/Reps_qubits_d_2/slurm_YYDPETGTWY_amber/replica_250/replica_250.pdb,outputs/Reps_qubits_d_2/slurm_YYDPETGTWY_amber/replica_250/replica_250_ca.pdb
405,313297172,random,YYDPETGTWY,amber,483.28742616320284,5.704447573694485,20.17397538447897,7.294328957136156,5.508595556037851,4.848916770784997,110.14,aer,4096,outputs/Reps_qubits_d_2/slurm_YYDPETGTWY_amber/replica_405/replica_405.pdb,outputs/Reps_qubits_d_2/slurm_YYDPETGTWY_amber/replica_405/replica_405_ca.pdb
396,313297163,random,YYDPETGTWY,amber,-51.985045912410996,5.7063093614713605,19.601919149661814,6.795063452452917,5.508595556037851,4.848916770784997,211.97,aer,4096,outputs/Reps_qubits_d_2/slurm_YYDPETGTWY_amber/replica_396/replica_396.pdb,outputs/Reps_qubits_d_2/slurm_YYDPETGTWY_amber/replica_396/replica_396_ca.pdb
438,313297205,random,YYDPETGTWY,amber,28.916330528921744,5.707030820099365,21.523201291798255,7.196743318998991,5.508595556037851,4.848916770784997,319.48,aer,4096,outputs/Reps_qubits_d_2/slurm_YYDPETGTWY_amber/replica_438/replica_438.pdb,outputs/Reps_qubits_d_2/slurm_YYDPETGTWY_amber/replica_438/replica_438_ca.pdb
795,313297562,random,YYDPETGTWY,amber,31.95219598445165,5.709602093768938,21.426102412539393,7.080780915403695,5.508595556037851,4.848916770784997,445.61,aer,4096,outputs/Reps_qubits_d_2/slurm_YYDPETGTWY_amber/replica_795/replica_795.pdb,outputs/Reps_qubits_d_2/slurm_YYDPETGTWY_amber/replica_795/replica_795_ca.pdb
476,313297243,random,YYDPETGTWY,amber,-62.43152699582484,5.711870163275872,22.213888801242874,7.355695523552471,5.508595556037851,4.848916770784997,328.32,aer,4096,outputs/Reps_qubits_d_2/slurm_YYDPETGTWY_amber/replica_476/replica_476.pdb,outputs/Reps_qubits_d_2/slurm_YYDPETGTWY_amber/replica_476/replica_476_ca.pdb
855,313297622,random,YYDPETGTWY,amber,232.51654590319578,5.712660606098819,21.276766965723795,7.0929865329173625,5.508595556037851,4.848916770784997,288.54,aer,4096,outputs/Reps_qubits_d_2/slurm_YYDPETGTWY_amber/replica_855/replica_855.pdb,outputs/Reps_qubits_d_2/slurm_YYDPETGTWY_amber/replica_855/replica_855_ca.pdb
913,313297680,random,YYDPETGTWY,amber,35.5564888118232,5.714778231521591,21.091721838899304,7.093098318799139,5.508595556037851,4.848916770784997,285.64,aer,4096,outputs/Reps_qubits_d_2/slurm_YYDPETGTWY_amber/replica_913/replica_913.pdb,outputs/Reps_qubits_d_2/slurm_YYDPETGTWY_amber/replica_913/replica_913_ca.pdb
279,313297046,random,YYDPETGTWY,amber,3.81743240905278,5.715549721640803,20.229092423362243,7.097639578762331,5.508595556037851,4.848916770784997,203.79,aer,4096,outputs/Reps_qubits_d_2/slurm_YYDPETGTWY_amber/replica_279/replica_279.pdb,outputs/Reps_qubits_d_2/slurm_YYDPETGTWY_amber/replica_279/replica_279_ca.pdb
58,313296825,random,YYDPETGTWY,amber,-69.006491889718,5.720900901064286,21.66567224005367,7.388792248660911,5.508595556037851,4.848916770784997,321.9,aer,4096,outputs/Reps_qubits_d_2/slurm_YYDPETGTWY_amber/replica_58/replica_58.pdb,outputs/Reps_qubits_d_2/slurm_YYDPETGTWY_amber/replica_58/replica_58_ca.pdb
433,313297200,random,YYDPETGTWY,amber,-20.47876226284258,5.722826914942586,19.43925953177509,6.952239806767232,5.508595556037851,4.848916770784997,329.48,aer,4096,outputs/Reps_qubits_d_2/slurm_YYDPETGTWY_amber/replica_433/replica_433.pdb,outputs/Reps_qubits_d_2/slurm_YYDPETGTWY_amber/replica_433/replica_433_ca.pdb
74,313296841,random,YYDPETGTWY,amber,31.637163861042264,5.725738385075529,20.918475048054617,7.216907444250998,5.508595556037851,4.848916770784997,265.72,aer,4096,outputs/Reps_qubits_d_2/slurm_YYDPETGTWY_amber/replica_74/replica_74.pdb,outputs/Reps_qubits_d_2/slurm_YYDPETGTWY_amber/replica_74/replica_74_ca.pdb
171,313296938,random,YYDPETGTWY,amber,-26.52049466046541,5.726413089400293,20.815113920323405,7.258757489340827,5.508595556037851,4.848916770784997,270.75,aer,4096,outputs/Reps_qubits_d_2/slurm_YYDPETGTWY_amber/replica_171/replica_171.pdb,outputs/Reps_qubits_d_2/slurm_YYDPETGTWY_amber/replica_171/replica_171_ca.pdb
194,313296961,random,YYDPETGTWY,amber,-28.55171016316486,5.72994867194627,20.937011101188038,7.246016419466285,5.508595556037851,4.848916770784997,250.63,aer,4096,outputs/Reps_qubits_d_2/slurm_YYDPETGTWY_amber/replica_194/replica_194.pdb,outputs/Reps_qubits_d_2/slurm_YYDPETGTWY_amber/replica_194/replica_194_ca.pdb
830,313297597,random,YYDPETGTWY,amber,82.8069239876611,5.7334518813400495,21.10775493060571,7.0320494537886225,5.508595556037851,4.848916770784997,249.6,aer,4096,outputs/Reps_qubits_d_2/slurm_YYDPETGTWY_amber/replica_830/replica_830.pdb,outputs/Reps_qubits_d_2/slurm_YYDPETGTWY_amber/replica_830/replica_830_ca.pdb
663,313297430,random,YYDPETGTWY,amber,-9.987003604179666,5.733719713728258,20.76896253194288,7.005125000300425,5.508595556037851,4.848916770784997,321.02,aer,4096,outputs/Reps_qubits_d_2/slurm_YYDPETGTWY_amber/replica_663/replica_663.pdb,outputs/Reps_qubits_d_2/slurm_YYDPETGTWY_amber/replica_663/replica_663_ca.pdb
547,313297314,random,YYDPETGTWY,amber,-52.78348407113196,5.733886396454384,19.835889431426338,7.246407295468865,5.508595556037851,4.848916770784997,248.37,aer,4096,outputs/Reps_qubits_d_2/slurm_YYDPETGTWY_amber/replica_547/replica_547.pdb,outputs/Reps_qubits_d_2/slurm_YYDPETGTWY_amber/replica_547/replica_547_ca.pdb
630,313297397,random,YYDPETGTWY,amber,25.34122721465353,5.736597961091115,20.762639891944776,7.514671640304536,5.508595556037851,4.848916770784997,277.71,aer,4096,outputs/Reps_qubits_d_2/slurm_YYDPETGTWY_amber/replica_630/replica_630.pdb,outputs/Reps_qubits_d_2/slurm_YYDPETGTWY_amber/replica_630/replica_630_ca.pdb
579,313297346,random,YYDPETGTWY,amber,-10.826637247405163,5.7368134700960365,18.49503100975359,7.199163642346551,5.508595556037851,4.848916770784997,346.86,aer,4096,outputs/Reps_qubits_d_2/slurm_YYDPETGTWY_amber/replica_579/replica_579.pdb,outputs/Reps_qubits_d_2/slurm_YYDPETGTWY_amber/replica_579/replica_579_ca.pdb
686,313297453,random,YYDPETGTWY,amber,-28.062834454408957,5.737258799058265,21.538417641731805,7.104995586599885,5.508595556037851,4.848916770784997,282.47,aer,4096,outputs/Reps_qubits_d_2/slurm_YYDPETGTWY_amber/replica_686/replica_686.pdb,outputs/Reps_qubits_d_2/slurm_YYDPETGTWY_amber/replica_686/replica_686_ca.pdb
619,313297386,random,YYDPETGTWY,amber,-24.623762544375907,5.7413633029611235,21.159328520227113,6.9419090928533915,5.508595556037851,4.848916770784997,298.58,aer,4096,outputs/Reps_qubits_d_2/slurm_YYDPETGTWY_amber/replica_619/replica_619.pdb,outputs/Reps_qubits_d_2/slurm_YYDPETGTWY_amber/replica_619/replica_619_ca.pdb
670,313297437,random,YYDPETGTWY,amber,23.402872430327236,5.743857105389593,20.213097916170994,6.813804811477929,5.508595556037851,4.848916770784997,284.49,aer,4096,outputs/Reps_qubits_d_2/slurm_YYDPETGTWY_amber/replica_670/replica_670.pdb,outputs/Reps_qubits_d_2/slurm_YYDPETGTWY_amber/replica_670/replica_670_ca.pdb
815,313297582,random,YYDPETGTWY,amber,51.700708570907324,5.744944075676585,17.355929394088584,7.0519199254044365,5.508595556037851,4.848916770784997,199.78,aer,4096,outputs/Reps_qubits_d_2/slurm_YYDPETGTWY_amber/replica_815/replica_815.pdb,outputs/Reps_qubits_d_2/slurm_YYDPETGTWY_amber/replica_815/replica_815_ca.pdb
657,313297424,random,YYDPETGTWY,amber,58.047058158538206,5.745958182488023,21.32086903153584,6.913960442087595,5.508595556037851,4.848916770784997,237.77,aer,4096,outputs/Reps_qubits_d_2/slurm_YYDPETGTWY_amber/replica_657/replica_657.pdb,outputs/Reps_qubits_d_2/slurm_YYDPETGTWY_amber/replica_657/replica_657_ca.pdb
600,313297367,random,YYDPETGTWY,amber,14.04923370761568,5.7473786955214345,20.809399663943346,7.192477938923388,5.508595556037851,4.848916770784997,216.7,aer,4096,outputs/Reps_qubits_d_2/slurm_YYDPETGTWY_amber/replica_600/replica_600.pdb,outputs/Reps_qubits_d_2/slurm_YYDPETGTWY_amber/replica_600/replica_600_ca.pdb
598,313297365,random,YYDPETGTWY,amber,-78.52775592450104,5.747646601610883,20.71070342254271,7.149623323820651,5.508595556037851,4.848916770784997,369.41,aer,4096,outputs/Reps_qubits_d_2/slurm_YYDPETGTWY_amber/replica_598/replica_598.pdb,outputs/Reps_qubits_d_2/slurm_YYDPETGTWY_amber/replica_598/replica_598_ca.pdb
841,313297608,random,YYDPETGTWY,amber,-23.596822081477693,5.747832210220422,21.15074840460606,7.365252934515478,5.508595556037851,4.848916770784997,404.66,aer,4096,outputs/Reps_qubits_d_2/slurm_YYDPETGTWY_amber/replica_841/replica_841.pdb,outputs/Reps_qubits_d_2/slurm_YYDPETGTWY_amber/replica_841/replica_841_ca.pdb
765,313297532,random,YYDPETGTWY,amber,6.626642556480036,5.756074540737525,20.875941365150606,7.1549184280235885,5.508595556037851,4.848916770784997,327.94,aer,4096,outputs/Reps_qubits_d_2/slurm_YYDPETGTWY_amber/replica_765/replica_765.pdb,outputs/Reps_qubits_d_2/slurm_YYDPETGTWY_amber/replica_765/replica_765_ca.pdb
797,313297564,random,YYDPETGTWY,amber,32.43858149182238,5.757392035083311,20.348073642923804,7.058339361698316,5.508595556037851,4.848916770784997,248.36,aer,4096,outputs/Reps_qubits_d_2/slurm_YYDPETGTWY_amber/replica_797/replica_797.pdb,outputs/Reps_qubits_d_2/slurm_YYDPETGTWY_amber/replica_797/replica_797_ca.pdb
860,313297627,random,YYDPETGTWY,amber,23.365374485733955,5.75794012244925,19.227684028959708,6.993748245504213,5.508595556037851,4.848916770784997,473.79,aer,4096,outputs/Reps_qubits_d_2/slurm_YYDPETGTWY_amber/replica_860/replica_860.pdb,outputs/Reps_qubits_d_2/slurm_YYDPETGTWY_amber/replica_860/replica_860_ca.pdb
409,313297176,random,YYDPETGTWY,amber,174.10305676355574,5.759372298809874,21.366176355789857,7.000935918135267,5.508595556037851,4.848916770784997,554.45,aer,4096,outputs/Reps_qubits_d_2/slurm_YYDPETGTWY_amber/replica_409/replica_409.pdb,outputs/Reps_qubits_d_2/slurm_YYDPETGTWY_amber/replica_409/replica_409_ca.pdb
9,313296776,random,YYDPETGTWY,amber,-57.25568789143317,5.759768017562758,21.695615871386003,7.387437129631071,5.508595556037851,4.848916770784997,291.73,aer,4096,outputs/Reps_qubits_d_2/slurm_YYDPETGTWY_amber/replica_9/replica_9.pdb,outputs/Reps_qubits_d_2/slurm_YYDPETGTWY_amber/replica_9/replica_9_ca.pdb
756,313297523,random,YYDPETGTWY,amber,-50.047113368669095,5.760621510202024,21.12556665797207,6.963076656394517,5.508595556037851,4.848916770784997,228.77,aer,4096,outputs/Reps_qubits_d_2/slurm_YYDPETGTWY_amber/replica_756/replica_756.pdb,outputs/Reps_qubits_d_2/slurm_YYDPETGTWY_amber/replica_756/replica_756_ca.pdb
994,313297761,random,YYDPETGTWY,amber,35.82027636326848,5.762522450291278,19.956276815156894,7.155526923712739,5.508595556037851,4.848916770784997,313.08,aer,4096,outputs/Reps_qubits_d_2/slurm_YYDPETGTWY_amber/replica_994/replica_994.pdb,outputs/Reps_qubits_d_2/slurm_YYDPETGTWY_amber/replica_994/replica_994_ca.pdb
308,313297075,random,YYDPETGTWY,amber,-62.74960490791203,5.7651915104504035,21.359941004706442,7.015035738755999,5.508595556037851,4.848916770784997,401.7,aer,4096,outputs/Reps_qubits_d_2/slurm_YYDPETGTWY_amber/replica_308/replica_308.pdb,outputs/Reps_qubits_d_2/slurm_YYDPETGTWY_amber/replica_308/replica_308_ca.pdb
608,313297375,random,YYDPETGTWY,amber,-25.02313755431858,5.7672375124295305,19.955022113867802,7.23358264122442,5.508595556037851,4.848916770784997,288.13,aer,4096,outputs/Reps_qubits_d_2/slurm_YYDPETGTWY_amber/replica_608/replica_608.pdb,outputs/Reps_qubits_d_2/slurm_YYDPETGTWY_amber/replica_608/replica_608_ca.pdb
773,313297540,random,YYDPETGTWY,amber,-36.242138874438055,5.768091961189896,19.98717772872615,7.212439497639643,5.508595556037851,4.848916770784997,259.99,aer,4096,outputs/Reps_qubits_d_2/slurm_YYDPETGTWY_amber/replica_773/replica_773.pdb,outputs/Reps_qubits_d_2/slurm_YYDPETGTWY_amber/replica_773/replica_773_ca.pdb
724,313297491,random,YYDPETGTWY,amber,14.318001395363355,5.77129067731262,20.741949714885713,7.235958425255292,5.508595556037851,4.848916770784997,381.79,aer,4096,outputs/Reps_qubits_d_2/slurm_YYDPETGTWY_amber/replica_724/replica_724.pdb,outputs/Reps_qubits_d_2/slurm_YYDPETGTWY_amber/replica_724/replica_724_ca.pdb
941,313297708,random,YYDPETGTWY,amber,165.55906068535248,5.776140729557551,21.541231310914828,7.292926332081004,5.508595556037851,4.848916770784997,353.22,aer,4096,outputs/Reps_qubits_d_2/slurm_YYDPETGTWY_amber/replica_941/replica_941.pdb,outputs/Reps_qubits_d_2/slurm_YYDPETGTWY_amber/replica_941/replica_941_ca.pdb
2,313296769,random,YYDPETGTWY,amber,-81.56166641495925,5.7784907749181205,20.69607669964058,7.308439169089011,5.508595556037851,4.848916770784997,239.95,aer,4096,outputs/Reps_qubits_d_2/slurm_YYDPETGTWY_amber/replica_2/replica_2.pdb,outputs/Reps_qubits_d_2/slurm_YYDPETGTWY_amber/replica_2/replica_2_ca.pdb
427,313297194,random,YYDPETGTWY,amber,1.508499555974835,5.779226607683579,20.739477326111988,7.095248335534293,5.508595556037851,4.848916770784997,325.32,aer,4096,outputs/Reps_qubits_d_2/slurm_YYDPETGTWY_amber/replica_427/replica_427.pdb,outputs/Reps_qubits_d_2/slurm_YYDPETGTWY_amber/replica_427/replica_427_ca.pdb
549,313297316,random,YYDPETGTWY,amber,-3.3702693495613945,5.779680561747631,19.624253379390577,7.264676971265418,5.508595556037851,4.848916770784997,270.9,aer,4096,outputs/Reps_qubits_d_2/slurm_YYDPETGTWY_amber/replica_549/replica_549.pdb,outputs/Reps_qubits_d_2/slurm_YYDPETGTWY_amber/replica_549/replica_549_ca.pdb
24,313296791,random,YYDPETGTWY,amber,-38.6057995533706,5.780598486641335,20.15610861689236,7.175836373761545,5.508595556037851,4.848916770784997,219.57,aer,4096,outputs/Reps_qubits_d_2/slurm_YYDPETGTWY_amber/replica_24/replica_24.pdb,outputs/Reps_qubits_d_2/slurm_YYDPETGTWY_amber/replica_24/replica_24_ca.pdb
625,313297392,random,YYDPETGTWY,amber,-53.1978372932222,5.780639652171364,21.23940065070833,7.30647291039827,5.508595556037851,4.848916770784997,242.84,aer,4096,outputs/Reps_qubits_d_2/slurm_YYDPETGTWY_amber/replica_625/replica_625.pdb,outputs/Reps_qubits_d_2/slurm_YYDPETGTWY_amber/replica_625/replica_625_ca.pdb
267,313297034,random,YYDPETGTWY,amber,-50.19519693333246,5.780878562507897,20.672892648794456,7.499207264962525,5.508595556037851,4.848916770784997,230.09,aer,4096,outputs/Reps_qubits_d_2/slurm_YYDPETGTWY_amber/replica_267/replica_267.pdb,outputs/Reps_qubits_d_2/slurm_YYDPETGTWY_amber/replica_267/replica_267_ca.pdb
524,313297291,random,YYDPETGTWY,amber,17.132668289380135,5.781144613753378,19.45887622157921,7.382784901281473,5.508595556037851,4.848916770784997,255.13,aer,4096,outputs/Reps_qubits_d_2/slurm_YYDPETGTWY_amber/replica_524/replica_524.pdb,outputs/Reps_qubits_d_2/slurm_YYDPETGTWY_amber/replica_524/replica_524_ca.pdb
509,313297276,random,YYDPETGTWY,amber,12.262407122589384,5.783974508419625,21.874471329993682,7.247245027561984,5.508595556037851,4.848916770784997,402.1,aer,4096,outputs/Reps_qubits_d_2/slurm_YYDPETGTWY_amber/replica_509/replica_509.pdb,outputs/Reps_qubits_d_2/slurm_YYDPETGTWY_amber/replica_509/replica_509_ca.pdb
368,313297135,random,YYDPETGTWY,amber,-18.905782631669734,5.784382899257651,19.8024009643527,7.272516780050717,5.508595556037851,4.848916770784997,411.5,aer,4096,outputs/Reps_qubits_d_2/slurm_YYDPETGTWY_amber/replica_368/replica_368.pdb,outputs/Reps_qubits_d_2/slurm_YYDPETGTWY_amber/replica_368/replica_368_ca.pdb
220,313296987,random,YYDPETGTWY,amber,18.525740187543178,5.785149075749358,20.445688021167218,6.8870348274712345,5.508595556037851,4.848916770784997,471.3,aer,4096,outputs/Reps_qubits_d_2/slurm_YYDPETGTWY_amber/replica_220/replica_220.pdb,outputs/Reps_qubits_d_2/slurm_YYDPETGTWY_amber/replica_220/replica_220_ca.pdb
377,313297144,random,YYDPETGTWY,amber,51.96872725090687,5.786380132505178,19.808101177434324,7.299293450145883,5.508595556037851,4.848916770784997,257.28,aer,4096,outputs/Reps_qubits_d_2/slurm_YYDPETGTWY_amber/replica_377/replica_377.pdb,outputs/Reps_qubits_d_2/slurm_YYDPETGTWY_amber/replica_377/replica_377_ca.pdb
56,313296823,random,YYDPETGTWY,amber,28.721681684333372,5.786609147504177,20.787179942087448,7.226727462556448,5.508595556037851,4.848916770784997,335.18,aer,4096,outputs/Reps_qubits_d_2/slurm_YYDPETGTWY_amber/replica_56/replica_56.pdb,outputs/Reps_qubits_d_2/slurm_YYDPETGTWY_amber/replica_56/replica_56_ca.pdb
434,313297201,random,YYDPETGTWY,amber,51.59010270524293,5.79238259350217,20.110935707156962,7.191351012522052,5.508595556037851,4.848916770784997,237.35,aer,4096,outputs/Reps_qubits_d_2/slurm_YYDPETGTWY_amber/replica_434/replica_434.pdb,outputs/Reps_qubits_d_2/slurm_YYDPETGTWY_amber/replica_434/replica_434_ca.pdb
875,313297642,random,YYDPETGTWY,amber,13.808190915787288,5.794458596135097,22.97205195231613,7.370548329213118,5.508595556037851,4.848916770784997,301.2,aer,4096,outputs/Reps_qubits_d_2/slurm_YYDPETGTWY_amber/replica_875/replica_875.pdb,outputs/Reps_qubits_d_2/slurm_YYDPETGTWY_amber/replica_875/replica_875_ca.pdb
697,313297464,random,YYDPETGTWY,amber,82.63643978477705,5.7947271031923435,21.064475817965455,7.221601594138706,5.508595556037851,4.848916770784997,223.04,aer,4096,outputs/Reps_qubits_d_2/slurm_YYDPETGTWY_amber/replica_697/replica_697.pdb,outputs/Reps_qubits_d_2/slurm_YYDPETGTWY_amber/replica_697/replica_697_ca.pdb
123,313296890,random,YYDPETGTWY,amber,73.71673620401751,5.798569266797279,22.31620481158865,7.3841460262825365,5.508595556037851,4.848916770784997,382.83,aer,4096,outputs/Reps_qubits_d_2/slurm_YYDPETGTWY_amber/replica_123/replica_123.pdb,outputs/Reps_qubits_d_2/slurm_YYDPETGTWY_amber/replica_123/replica_123_ca.pdb
428,313297195,random,YYDPETGTWY,amber,8.049806483747922,5.800236367486522,20.67243533841573,7.048630711468537,5.508595556037851,4.848916770784997,340.79,aer,4096,outputs/Reps_qubits_d_2/slurm_YYDPETGTWY_amber/replica_428/replica_428.pdb,outputs/Reps_qubits_d_2/slurm_YYDPETGTWY_amber/replica_428/replica_428_ca.pdb
599,313297366,random,YYDPETGTWY,amber,-62.0135062652252,5.801543855108317,19.472772404505744,6.986184737167457,5.508595556037851,4.848916770784997,228.49,aer,4096,outputs/Reps_qubits_d_2/slurm_YYDPETGTWY_amber/replica_599/replica_599.pdb,outputs/Reps_qubits_d_2/slurm_YYDPETGTWY_amber/replica_599/replica_599_ca.pdb
872,313297639,random,YYDPETGTWY,amber,-55.23890028448779,5.8034225871984555,21.630185920825674,7.158022023291392,5.508595556037851,4.848916770784997,330.48,aer,4096,outputs/Reps_qubits_d_2/slurm_YYDPETGTWY_amber/replica_872/replica_872.pdb,outputs/Reps_qubits_d_2/slurm_YYDPETGTWY_amber/replica_872/replica_872_ca.pdb
802,313297569,random,YYDPETGTWY,amber,50.53708285914712,5.807233795925275,17.80486198131249,6.283178042566221,5.508595556037851,4.848916770784997,333.5,aer,4096,outputs/Reps_qubits_d_2/slurm_YYDPETGTWY_amber/replica_802/replica_802.pdb,outputs/Reps_qubits_d_2/slurm_YYDPETGTWY_amber/replica_802/replica_802_ca.pdb
813,313297580,random,YYDPETGTWY,amber,2.8876101428432017,5.807245741095465,19.540787390651328,7.061715435321247,5.508595556037851,4.848916770784997,225.19,aer,4096,outputs/Reps_qubits_d_2/slurm_YYDPETGTWY_amber/replica_813/replica_813.pdb,outputs/Reps_qubits_d_2/slurm_YYDPETGTWY_amber/replica_813/replica_813_ca.pdb
157,313296924,random,YYDPETGTWY,amber,-12.383215911819356,5.807399911761077,21.003304011794732,7.004534797886875,5.508595556037851,4.848916770784997,342.58,aer,4096,outputs/Reps_qubits_d_2/slurm_YYDPETGTWY_amber/replica_157/replica_157.pdb,outputs/Reps_qubits_d_2/slurm_YYDPETGTWY_amber/replica_157/replica_157_ca.pdb
231,313296998,random,YYDPETGTWY,amber,42.04371237909473,5.80793257929688,19.85588988824371,7.429638314447765,5.508595556037851,4.848916770784997,274.37,aer,4096,outputs/Reps_qubits_d_2/slurm_YYDPETGTWY_amber/replica_231/replica_231.pdb,outputs/Reps_qubits_d_2/slurm_YYDPETGTWY_amber/replica_231/replica_231_ca.pdb
963,313297730,random,YYDPETGTWY,amber,-43.91892253530335,5.81762835082631,22.03169092830019,7.215858170676703,5.508595556037851,4.848916770784997,234.69,aer,4096,outputs/Reps_qubits_d_2/slurm_YYDPETGTWY_amber/replica_963/replica_963.pdb,outputs/Reps_qubits_d_2/slurm_YYDPETGTWY_amber/replica_963/replica_963_ca.pdb
876,313297643,random,YYDPETGTWY,amber,7.359247183119661,5.818192626090093,22.41618473868199,7.1932588160438256,5.508595556037851,4.848916770784997,242.36,aer,4096,outputs/Reps_qubits_d_2/slurm_YYDPETGTWY_amber/replica_876/replica_876.pdb,outputs/Reps_qubits_d_2/slurm_YYDPETGTWY_amber/replica_876/replica_876_ca.pdb
7,313296774,random,YYDPETGTWY,amber,0.4160473992149263,5.818304975060564,20.87435490734718,6.976177055092594,5.508595556037851,4.848916770784997,330.11,aer,4096,outputs/Reps_qubits_d_2/slurm_YYDPETGTWY_amber/replica_7/replica_7.pdb,outputs/Reps_qubits_d_2/slurm_YYDPETGTWY_amber/replica_7/replica_7_ca.pdb
654,313297421,random,YYDPETGTWY,amber,-14.186010722247332,5.819220614766017,21.272690572723008,7.165290573932759,5.508595556037851,4.848916770784997,277.87,aer,4096,outputs/Reps_qubits_d_2/slurm_YYDPETGTWY_amber/replica_654/replica_654.pdb,outputs/Reps_qubits_d_2/slurm_YYDPETGTWY_amber/replica_654/replica_654_ca.pdb
140,313296907,random,YYDPETGTWY,amber,-23.591451326676687,5.820096664358094,20.02620525360429,7.289444965615879,5.508595556037851,4.848916770784997,516.52,aer,4096,outputs/Reps_qubits_d_2/slurm_YYDPETGTWY_amber/replica_140/replica_140.pdb,outputs/Reps_qubits_d_2/slurm_YYDPETGTWY_amber/replica_140/replica_140_ca.pdb
1,313296768,random,YYDPETGTWY,amber,-28.61862515752913,5.826730005562829,19.16251567868052,7.044290554102479,5.508595556037851,4.848916770784997,344.4,aer,4096,outputs/Reps_qubits_d_2/slurm_YYDPETGTWY_amber/replica_1/replica_1.pdb,outputs/Reps_qubits_d_2/slurm_YYDPETGTWY_amber/replica_1/replica_1_ca.pdb
842,313297609,random,YYDPETGTWY,amber,50.21243673217374,5.829657285099127,21.072154540844856,7.392286710577102,5.508595556037851,4.848916770784997,234.07,aer,4096,outputs/Reps_qubits_d_2/slurm_YYDPETGTWY_amber/replica_842/replica_842.pdb,outputs/Reps_qubits_d_2/slurm_YYDPETGTWY_amber/replica_842/replica_842_ca.pdb
621,313297388,random,YYDPETGTWY,amber,51.67525268996663,5.8297730087061606,19.379023460353515,7.159320610679124,5.508595556037851,4.848916770784997,184.54,aer,4096,outputs/Reps_qubits_d_2/slurm_YYDPETGTWY_amber/replica_621/replica_621.pdb,outputs/Reps_qubits_d_2/slurm_YYDPETGTWY_amber/replica_621/replica_621_ca.pdb
0,313296767,random,YYDPETGTWY,amber,-54.37434187125824,5.831728923544343,20.935922877800483,7.121315731720705,5.508595556037851,4.848916770784997,455.18,aer,4096,outputs/Reps_qubits_d_2/slurm_YYDPETGTWY_amber/replica_0/replica_0.pdb,outputs/Reps_qubits_d_2/slurm_YYDPETGTWY_amber/replica_0/replica_0_ca.pdb
946,313297713,random,YYDPETGTWY,amber,113.08343360224167,5.83363693563283,20.96588389227296,7.240104786403206,5.508595556037851,4.848916770784997,406.41,aer,4096,outputs/Reps_qubits_d_2/slurm_YYDPETGTWY_amber/replica_946/replica_946.pdb,outputs/Reps_qubits_d_2/slurm_YYDPETGTWY_amber/replica_946/replica_946_ca.pdb
105,313296872,random,YYDPETGTWY,amber,-37.80889600135008,5.834737079449526,20.442159850738676,7.369941269316577,5.508595556037851,4.848916770784997,240.1,aer,4096,outputs/Reps_qubits_d_2/slurm_YYDPETGTWY_amber/replica_105/replica_105.pdb,outputs/Reps_qubits_d_2/slurm_YYDPETGTWY_amber/replica_105/replica_105_ca.pdb
117,313296884,random,YYDPETGTWY,amber,-39.19544182080646,5.842444607894213,19.898857947538776,6.866617776990222,5.508595556037851,4.848916770784997,251.16,aer,4096,outputs/Reps_qubits_d_2/slurm_YYDPETGTWY_amber/replica_117/replica_117.pdb,outputs/Reps_qubits_d_2/slurm_YYDPETGTWY_amber/replica_117/replica_117_ca.pdb
967,313297734,random,YYDPETGTWY,amber,-33.79412197275443,5.844298616607873,21.268731727787625,7.031429160223578,5.508595556037851,4.848916770784997,270.99,aer,4096,outputs/Reps_qubits_d_2/slurm_YYDPETGTWY_amber/replica_967/replica_967.pdb,outputs/Reps_qubits_d_2/slurm_YYDPETGTWY_amber/replica_967/replica_967_ca.pdb
601,313297368,random,YYDPETGTWY,amber,26.62106821525098,5.84699251955708,20.327525393122464,6.99120819249421,5.508595556037851,4.848916770784997,208.08,aer,4096,outputs/Reps_qubits_d_2/slurm_YYDPETGTWY_amber/replica_601/replica_601.pdb,outputs/Reps_qubits_d_2/slurm_YYDPETGTWY_amber/replica_601/replica_601_ca.pdb
275,313297042,random,YYDPETGTWY,amber,-9.829552034635539,5.85029944403433,19.735524135038247,6.971072686502642,5.508595556037851,4.848916770784997,319.36,aer,4096,outputs/Reps_qubits_d_2/slurm_YYDPETGTWY_amber/replica_275/replica_275.pdb,outputs/Reps_qubits_d_2/slurm_YYDPETGTWY_amber/replica_275/replica_275_ca.pdb
66,313296833,random,YYDPETGTWY,amber,-28.514670423102928,5.850352881188121,20.919714435963797,7.25889207652671,5.508595556037851,4.848916770784997,222.25,aer,4096,outputs/Reps_qubits_d_2/slurm_YYDPETGTWY_amber/replica_66/replica_66.pdb,outputs/Reps_qubits_d_2/slurm_YYDPETGTWY_amber/replica_66/replica_66_ca.pdb
221,313296988,random,YYDPETGTWY,amber,-23.34270592822052,5.853374262434269,19.741155062888673,7.335190331387438,5.508595556037851,4.848916770784997,221.1,aer,4096,outputs/Reps_qubits_d_2/slurm_YYDPETGTWY_amber/replica_221/replica_221.pdb,outputs/Reps_qubits_d_2/slurm_YYDPETGTWY_amber/replica_221/replica_221_ca.pdb
459,313297226,random,YYDPETGTWY,amber,-6.8983315913916305,5.854267598730168,21.48888877233023,7.1963897261216365,5.508595556037851,4.848916770784997,271.75,aer,4096,outputs/Reps_qubits_d_2/slurm_YYDPETGTWY_amber/replica_459/replica_459.pdb,outputs/Reps_qubits_d_2/slurm_YYDPETGTWY_amber/replica_459/replica_459_ca.pdb
889,313297656,random,YYDPETGTWY,amber,35.15843466440756,5.856234453358916,21.709052660015132,7.148921927817797,5.508595556037851,4.848916770784997,263.62,aer,4096,outputs/Reps_qubits_d_2/slurm_YYDPETGTWY_amber/replica_889/replica_889.pdb,outputs/Reps_qubits_d_2/slurm_YYDPETGTWY_amber/replica_889/replica_889_ca.pdb
312,313297079,random,YYDPETGTWY,amber,-46.293307581501786,5.856585451390096,21.466868747085872,7.191503744966284,5.508595556037851,4.848916770784997,395.38,aer,4096,outputs/Reps_qubits_d_2/slurm_YYDPETGTWY_amber/replica_312/replica_312.pdb,outputs/Reps_qubits_d_2/slurm_YYDPETGTWY_amber/replica_312/replica_312_ca.pdb
952,313297719,random,YYDPETGTWY,amber,25.89188373297595,5.858769864504998,20.823272852469696,7.300746302327955,5.508595556037851,4.848916770784997,231.13,aer,4096,outputs/Reps_qubits_d_2/slurm_YYDPETGTWY_amber/replica_952/replica_952.pdb,outputs/Reps_qubits_d_2/slurm_YYDPETGTWY_amber/replica_952/replica_952_ca.pdb
247,313297014,random,YYDPETGTWY,amber,6.723034345481896,5.8601297451763665,20.819275285304894,7.35690353139187,5.508595556037851,4.848916770784997,220.87,aer,4096,outputs/Reps_qubits_d_2/slurm_YYDPETGTWY_amber/replica_247/replica_247.pdb,outputs/Reps_qubits_d_2/slurm_YYDPETGTWY_amber/replica_247/replica_247_ca.pdb
109,313296876,random,YYDPETGTWY,amber,-22.719387989889544,5.860616073768291,20.487269031178595,7.2018402037304945,5.508595556037851,4.848916770784997,241.38,aer,4096,outputs/Reps_qubits_d_2/slurm_YYDPETGTWY_amber/replica_109/replica_109.pdb,outputs/Reps_qubits_d_2/slurm_YYDPETGTWY_amber/replica_109/replica_109_ca.pdb
10,313296777,random,YYDPETGTWY,amber,-33.051945250231924,5.869149716076007,19.89343179292937,7.47299945287067,5.508595556037851,4.848916770784997,385.93,aer,4096,outputs/Reps_qubits_d_2/slurm_YYDPETGTWY_amber/replica_10/replica_10.pdb,outputs/Reps_qubits_d_2/slurm_YYDPETGTWY_amber/replica_10/replica_10_ca.pdb
36,313296803,random,YYDPETGTWY,amber,27.410384954647643,5.871104592848737,22.131248118119764,7.371057465323052,5.508595556037851,4.848916770784997,311.58,aer,4096,outputs/Reps_qubits_d_2/slurm_YYDPETGTWY_amber/replica_36/replica_36.pdb,outputs/Reps_qubits_d_2/slurm_YYDPETGTWY_amber/replica_36/replica_36_ca.pdb
764,313297531,random,YYDPETGTWY,amber,-129.9141219217826,5.871446912081453,19.641380746508133,6.836010719599627,5.508595556037851,4.848916770784997,306.63,aer,4096,outputs/Reps_qubits_d_2/slurm_YYDPETGTWY_amber/replica_764/replica_764.pdb,outputs/Reps_qubits_d_2/slurm_YYDPETGTWY_amber/replica_764/replica_764_ca.pdb
298,313297065,random,YYDPETGTWY,amber,72.87138527366831,5.87268022989082,20.642187569347414,7.235934713238257,5.508595556037851,4.848916770784997,484.48,aer,4096,outputs/Reps_qubits_d_2/slurm_YYDPETGTWY_amber/replica_298/replica_298.pdb,outputs/Reps_qubits_d_2/slurm_YYDPETGTWY_amber/replica_298/replica_298_ca.pdb
455,313297222,random,YYDPETGTWY,amber,27.974295912083033,5.879448743283213,21.169814401453472,7.201907806914249,5.508595556037851,4.848916770784997,374.43,aer,4096,outputs/Reps_qubits_d_2/slurm_YYDPETGTWY_amber/replica_455/replica_455.pdb,outputs/Reps_qubits_d_2/slurm_YYDPETGTWY_amber/replica_455/replica_455_ca.pdb
467,313297234,random,YYDPETGTWY,amber,-91.42236773828954,5.883003666664407,22.293576777013282,7.350186140988429,5.508595556037851,4.848916770784997,294.07,aer,4096,outputs/Reps_qubits_d_2/slurm_YYDPETGTWY_amber/replica_467/replica_467.pdb,outputs/Reps_qubits_d_2/slurm_YYDPETGTWY_amber/replica_467/replica_467_ca.pdb
553,313297320,random,YYDPETGTWY,amber,-35.7029923440825,5.886896742397065,21.91840569314517,7.38324535844903,5.508595556037851,4.848916770784997,314.16,aer,4096,outputs/Reps_qubits_d_2/slurm_YYDPETGTWY_amber/replica_553/replica_553.pdb,outputs/Reps_qubits_d_2/slurm_YYDPETGTWY_amber/replica_553/replica_553_ca.pdb
542,313297309,random,YYDPETGTWY,amber,-55.86827937571729,5.8884580153742,20.39342674939192,7.625576227103935,5.508595556037851,4.848916770784997,500.97,aer,4096,outputs/Reps_qubits_d_2/slurm_YYDPETGTWY_amber/replica_542/replica_542.pdb,outputs/Reps_qubits_d_2/slurm_YYDPETGTWY_amber/replica_542/replica_542_ca.pdb
829,313297596,random,YYDPETGTWY,amber,-7.756024560714616,5.890167304765094,21.452581026741257,7.24927984838375,5.508595556037851,4.848916770784997,280.58,aer,4096,outputs/Reps_qubits_d_2/slurm_YYDPETGTWY_amber/replica_829/replica_829.pdb,outputs/Reps_qubits_d_2/slurm_YYDPETGTWY_amber/replica_829/replica_829_ca.pdb
313,313297080,random,YYDPETGTWY,amber,-8.31283759705871,5.890527545005127,21.73743024260146,7.41929504927212,5.508595556037851,4.848916770784997,370.71,aer,4096,outputs/Reps_qubits_d_2/slurm_YYDPETGTWY_amber/replica_313/replica_313.pdb,outputs/Reps_qubits_d_2/slurm_YYDPETGTWY_amber/replica_313/replica_313_ca.pdb
156,313296923,random,YYDPETGTWY,amber,-40.642776576599964,5.901155700921972,20.526848652539574,7.19048818290062,5.508595556037851,4.848916770784997,313.28,aer,4096,outputs/Reps_qubits_d_2/slurm_YYDPETGTWY_amber/replica_156/replica_156.pdb,outputs/Reps_qubits_d_2/slurm_YYDPETGTWY_amber/replica_156/replica_156_ca.pdb
700,313297467,random,YYDPETGTWY,amber,-42.96465692659089,5.9062203488163565,22.632129564776424,7.5891476356155145,5.508595556037851,4.848916770784997,236.03,aer,4096,outputs/Reps_qubits_d_2/slurm_YYDPETGTWY_amber/replica_700/replica_700.pdb,outputs/Reps_qubits_d_2/slurm_YYDPETGTWY_amber/replica_700/replica_700_ca.pdb
248,313297015,random,YYDPETGTWY,amber,179.72093620567347,5.908069447562462,21.046632811675323,7.208324306547074,5.508595556037851,4.848916770784997,286.54,aer,4096,outputs/Reps_qubits_d_2/slurm_YYDPETGTWY_amber/replica_248/replica_248.pdb,outputs/Reps_qubits_d_2/slurm_YYDPETGTWY_amber/replica_248/replica_248_ca.pdb
520,313297287,random,YYDPETGTWY,amber,66.75496552220082,5.910311359682635,21.653375319547788,7.353151057280171,5.508595556037851,4.848916770784997,372.82,aer,4096,outputs/Reps_qubits_d_2/slurm_YYDPETGTWY_amber/replica_520/replica_520.pdb,outputs/Reps_qubits_d_2/slurm_YYDPETGTWY_amber/replica_520/replica_520_ca.pdb
415,313297182,random,YYDPETGTWY,amber,-32.73475911915692,5.913929053367192,21.459398049732783,6.92338215461023,5.508595556037851,4.848916770784997,514.58,aer,4096,outputs/Reps_qubits_d_2/slurm_YYDPETGTWY_amber/replica_415/replica_415.pdb,outputs/Reps_qubits_d_2/slurm_YYDPETGTWY_amber/replica_415/replica_415_ca.pdb
975,313297742,random,YYDPETGTWY,amber,-37.93240974722041,5.914274926272507,21.847657977964822,7.238638089072246,5.508595556037851,4.848916770784997,516.51,aer,4096,outputs/Reps_qubits_d_2/slurm_YYDPETGTWY_amber/replica_975/replica_975.pdb,outputs/Reps_qubits_d_2/slurm_YYDPETGTWY_amber/replica_975/replica_975_ca.pdb
585,313297352,random,YYDPETGTWY,amber,-8.820455147203479,5.924157510414836,21.200761297596163,7.2580948682441955,5.508595556037851,4.848916770784997,343.02,aer,4096,outputs/Reps_qubits_d_2/slurm_YYDPETGTWY_amber/replica_585/replica_585.pdb,outputs/Reps_qubits_d_2/slurm_YYDPETGTWY_amber/replica_585/replica_585_ca.pdb
838,313297605,random,YYDPETGTWY,amber,-50.28533179482738,5.925340693463704,22.366221472968906,7.233498104094307,5.508595556037851,4.848916770784997,276.48,aer,4096,outputs/Reps_qubits_d_2/slurm_YYDPETGTWY_amber/replica_838/replica_838.pdb,outputs/Reps_qubits_d_2/slurm_YYDPETGTWY_amber/replica_838/replica_838_ca.pdb
26,313296793,random,YYDPETGTWY,amber,72.90451498606085,5.928052090797259,21.31274529266274,7.516941561232506,5.508595556037851,4.848916770784997,325.39,aer,4096,outputs/Reps_qubits_d_2/slurm_YYDPETGTWY_amber/replica_26/replica_26.pdb,outputs/Reps_qubits_d_2/slurm_YYDPETGTWY_amber/replica_26/replica_26_ca.pdb
563,313297330,random,YYDPETGTWY,amber,108.20749930862175,5.9296495240725635,21.494672273004028,7.742298727863604,5.508595556037851,4.848916770784997,283.35,aer,4096,outputs/Reps_qubits_d_2/slurm_YYDPETGTWY_amber/replica_563/replica_563.pdb,outputs/Reps_qubits_d_2/slurm_YYDPETGTWY_amber/replica_563/replica_563_ca.pdb
684,313297451,random,YYDPETGTWY,amber,-83.35381097416214,5.929742616485727,22.638771600186427,7.346604392769863,5.508595556037851,4.848916770784997,266.54,aer,4096,outputs/Reps_qubits_d_2/slurm_YYDPETGTWY_amber/replica_684/replica_684.pdb,outputs/Reps_qubits_d_2/slurm_YYDPETGTWY_amber/replica_684/replica_684_ca.pdb
818,313297585,random,YYDPETGTWY,amber,13.72179415269201,5.930372841323551,21.672822851216118,7.120887004179276,5.508595556037851,4.848916770784997,205.72,aer,4096,outputs/Reps_qubits_d_2/slurm_YYDPETGTWY_amber/replica_818/replica_818.pdb,outputs/Reps_qubits_d_2/slurm_YYDPETGTWY_amber/replica_818/replica_818_ca.pdb
525,313297292,random,YYDPETGTWY,amber,-83.5680552953922,5.931590786475586,18.694153405895126,7.495010987827795,5.508595556037851,4.848916770784997,247.25,aer,4096,outputs/Reps_qubits_d_2/slurm_YYDPETGTWY_amber/replica_525/replica_525.pdb,outputs/Reps_qubits_d_2/slurm_YYDPETGTWY_amber/replica_525/replica_525_ca.pdb
561,313297328,random,YYDPETGTWY,amber,11.30726941533956,5.93163230923112,21.06302090426147,7.17688854722047,5.508595556037851,4.848916770784997,413.21,aer,4096,outputs/Reps_qubits_d_2/slurm_YYDPETGTWY_amber/replica_561/replica_561.pdb,outputs/Reps_qubits_d_2/slurm_YYDPETGTWY_amber/replica_561/replica_561_ca.pdb
216,313296983,random,YYDPETGTWY,amber,-64.32585765074094,5.933078941953399,21.580456429511568,7.0958399849199125,5.508595556037851,4.848916770784997,283.49,aer,4096,outputs/Reps_qubits_d_2/slurm_YYDPETGTWY_amber/replica_216/replica_216.pdb,outputs/Reps_qubits_d_2/slurm_YYDPETGTWY_amber/replica_216/replica_216_ca.pdb
154,313296921,random,YYDPETGTWY,amber,14.214153921502866,5.933109712386424,19.82451285115368,7.399626017657079,5.508595556037851,4.848916770784997,372.85,aer,4096,outputs/Reps_qubits_d_2/slurm_YYDPETGTWY_amber/replica_154/replica_154.pdb,outputs/Reps_qubits_d_2/slurm_YYDPETGTWY_amber/replica_154/replica_154_ca.pdb
584,313297351,random,YYDPETGTWY,amber,15.894668935971362,5.933504180827699,22.906175374440423,7.506667835461888,5.508595556037851,4.848916770784997,253.08,aer,4096,outputs/Reps_qubits_d_2/slurm_YYDPETGTWY_amber/replica_584/replica_584.pdb,outputs/Reps_qubits_d_2/slurm_YYDPETGTWY_amber/replica_584/replica_584_ca.pdb
399,313297166,random,YYDPETGTWY,amber,519.8093239463358,5.935644655691803,20.684281455921436,7.435621860480168,5.508595556037851,4.848916770784997,219.41,aer,4096,outputs/Reps_qubits_d_2/slurm_YYDPETGTWY_amber/replica_399/replica_399.pdb,outputs/Reps_qubits_d_2/slurm_YYDPETGTWY_amber/replica_399/replica_399_ca.pdb
479,313297246,random,YYDPETGTWY,amber,9.945269496569187,5.935861412935351,19.925370671351406,6.7957373289505805,5.508595556037851,4.848916770784997,367.29,aer,4096,outputs/Reps_qubits_d_2/slurm_YYDPETGTWY_amber/replica_479/replica_479.pdb,outputs/Reps_qubits_d_2/slurm_YYDPETGTWY_amber/replica_479/replica_479_ca.pdb
629,313297396,random,YYDPETGTWY,amber,-62.81057626556482,5.9406733246061245,20.020561138733132,7.214748185073231,5.508595556037851,4.848916770784997,273.12,aer,4096,outputs/Reps_qubits_d_2/slurm_YYDPETGTWY_amber/replica_629/replica_629.pdb,outputs/Reps_qubits_d_2/slurm_YYDPETGTWY_amber/replica_629/replica_629_ca.pdb
628,313297395,random,YYDPETGTWY,amber,-12.624342376025414,5.947202679890343,19.19631882920905,7.198256359211993,5.508595556037851,4.848916770784997,292.12,aer,4096,outputs/Reps_qubits_d_2/slurm_YYDPETGTWY_amber/replica_628/replica_628.pdb,outputs/Reps_qubits_d_2/slurm_YYDPETGTWY_amber/replica_628/replica_628_ca.pdb
173,313296940,random,YYDPETGTWY,amber,-65.21135474106907,5.9535758837298545,21.821503942503167,7.071349435598984,5.508595556037851,4.848916770784997,378.81,aer,4096,outputs/Reps_qubits_d_2/slurm_YYDPETGTWY_amber/replica_173/replica_173.pdb,outputs/Reps_qubits_d_2/slurm_YYDPETGTWY_amber/replica_173/replica_173_ca.pdb
915,313297682,random,YYDPETGTWY,amber,-17.326102228991278,5.953785314230817,21.941196345911667,7.405515083997393,5.508595556037851,4.848916770784997,234.46,aer,4096,outputs/Reps_qubits_d_2/slurm_YYDPETGTWY_amber/replica_915/replica_915.pdb,outputs/Reps_qubits_d_2/slurm_YYDPETGTWY_amber/replica_915/replica_915_ca.pdb
535,313297302,random,YYDPETGTWY,amber,-13.364084343698172,5.95929946797178,21.630425117259733,7.365131792374576,5.508595556037851,4.848916770784997,198.41,aer,4096,outputs/Reps_qubits_d_2/slurm_YYDPETGTWY_amber/replica_535/replica_535.pdb,outputs/Reps_qubits_d_2/slurm_YYDPETGTWY_amber/replica_535/replica_535_ca.pdb
397,313297164,random,YYDPETGTWY,amber,25.98798224095128,5.960806863454024,21.531133544844803,7.010546023263743,5.508595556037851,4.848916770784997,276.27,aer,4096,outputs/Reps_qubits_d_2/slurm_YYDPETGTWY_amber/replica_397/replica_397.pdb,outputs/Reps_qubits_d_2/slurm_YYDPETGTWY_amber/replica_397/replica_397_ca.pdb
910,313297677,random,YYDPETGTWY,amber,90.49391822168292,5.963344963967009,22.433215391045742,7.690162671829773,5.508595556037851,4.848916770784997,540.75,aer,4096,outputs/Reps_qubits_d_2/slurm_YYDPETGTWY_amber/replica_910/replica_910.pdb,outputs/Reps_qubits_d_2/slurm_YYDPETGTWY_amber/replica_910/replica_910_ca.pdb
254,313297021,random,YYDPETGTWY,amber,-49.3909403710601,5.966488778421798,20.868063165504683,7.4487676632397575,5.508595556037851,4.848916770784997,331.08,aer,4096,outputs/Reps_qubits_d_2/slurm_YYDPETGTWY_amber/replica_254/replica_254.pdb,outputs/Reps_qubits_d_2/slurm_YYDPETGTWY_amber/replica_254/replica_254_ca.pdb
854,313297621,random,YYDPETGTWY,amber,-3.430195968480851,5.967767971651153,21.506718935349465,7.475630000169019,5.508595556037851,4.848916770784997,229.51,aer,4096,outputs/Reps_qubits_d_2/slurm_YYDPETGTWY_amber/replica_854/replica_854.pdb,outputs/Reps_qubits_d_2/slurm_YYDPETGTWY_amber/replica_854/replica_854_ca.pdb
712,313297479,random,YYDPETGTWY,amber,6.922632962507253,5.968389632037182,20.412365312202226,6.726815586697714,5.508595556037851,4.848916770784997,341.9,aer,4096,outputs/Reps_qubits_d_2/slurm_YYDPETGTWY_amber/replica_712/replica_712.pdb,outputs/Reps_qubits_d_2/slurm_YYDPETGTWY_amber/replica_712/replica_712_ca.pdb
899,313297666,random,YYDPETGTWY,amber,-22.692656602639296,5.970582716441254,22.247339358685586,7.579051575169966,5.508595556037851,4.848916770784997,220.92,aer,4096,outputs/Reps_qubits_d_2/slurm_YYDPETGTWY_amber/replica_899/replica_899.pdb,outputs/Reps_qubits_d_2/slurm_YYDPETGTWY_amber/replica_899/replica_899_ca.pdb
5,313296772,random,YYDPETGTWY,amber,-38.57306323814367,5.9707995559630165,22.410113678885097,7.3794922564591126,5.508595556037851,4.848916770784997,219.25,aer,4096,outputs/Reps_qubits_d_2/slurm_YYDPETGTWY_amber/replica_5/replica_5.pdb,outputs/Reps_qubits_d_2/slurm_YYDPETGTWY_amber/replica_5/replica_5_ca.pdb
417,313297184,random,YYDPETGTWY,amber,39.05232286315568,5.971824365165253,21.270382486873512,7.385686240580326,5.508595556037851,4.848916770784997,366.04,aer,4096,outputs/Reps_qubits_d_2/slurm_YYDPETGTWY_amber/replica_417/replica_417.pdb,outputs/Reps_qubits_d_2/slurm_YYDPETGTWY_amber/replica_417/replica_417_ca.pdb
303,313297070,random,YYDPETGTWY,amber,-34.85815381683528,5.974814876765023,21.70759426811001,7.39295511836996,5.508595556037851,4.848916770784997,291.29,aer,4096,outputs/Reps_qubits_d_2/slurm_YYDPETGTWY_amber/replica_303/replica_303.pdb,outputs/Reps_qubits_d_2/slurm_YYDPETGTWY_amber/replica_303/replica_303_ca.pdb
698,313297465,random,YYDPETGTWY,amber,-10.812961764345506,5.979928330143587,21.40069281629552,7.285536193339241,5.508595556037851,4.848916770784997,333.48,aer,4096,outputs/Reps_qubits_d_2/slurm_YYDPETGTWY_amber/replica_698/replica_698.pdb,outputs/Reps_qubits_d_2/slurm_YYDPETGTWY_amber/replica_698/replica_698_ca.pdb
378,313297145,random,YYDPETGTWY,amber,-4.549848288819099,5.982416621609247,21.887299449188404,7.522787617567733,5.508595556037851,4.848916770784997,267.09,aer,4096,outputs/Reps_qubits_d_2/slurm_YYDPETGTWY_amber/replica_378/replica_378.pdb,outputs/Reps_qubits_d_2/slurm_YYDPETGTWY_amber/replica_378/replica_378_ca.pdb
446,313297213,random,YYDPETGTWY,amber,111.72891987400519,5.983581677540966,20.3284792582458,6.651081206445229,5.508595556037851,4.848916770784997,512.17,aer,4096,outputs/Reps_qubits_d_2/slurm_YYDPETGTWY_amber/replica_446/replica_446.pdb,outputs/Reps_qubits_d_2/slurm_YYDPETGTWY_amber/replica_446/replica_446_ca.pdb
921,313297688,random,YYDPETGTWY,amber,21.839214139529346,5.984270423323938,21.45525769473059,7.384570895213204,5.508595556037851,4.848916770784997,394.88,aer,4096,outputs/Reps_qubits_d_2/slurm_YYDPETGTWY_amber/replica_921/replica_921.pdb,outputs/Reps_qubits_d_2/slurm_YYDPETGTWY_amber/replica_921/replica_921_ca.pdb
674,313297441,random,YYDPETGTWY,amber,-40.23390808850241,5.984981853423606,20.198115252150917,7.2061264780701935,5.508595556037851,4.848916770784997,333.37,aer,4096,outputs/Reps_qubits_d_2/slurm_YYDPETGTWY_amber/replica_674/replica_674.pdb,outputs/Reps_qubits_d_2/slurm_YYDPETGTWY_amber/replica_674/replica_674_ca.pdb
918,313297685,random,YYDPETGTWY,amber,-13.844114580768984,5.988306583090739,21.25540755191351,6.954953864802199,5.508595556037851,4.848916770784997,245.25,aer,4096,outputs/Reps_qubits_d_2/slurm_YYDPETGTWY_amber/replica_918/replica_918.pdb,outputs/Reps_qubits_d_2/slurm_YYDPETGTWY_amber/replica_918/replica_918_ca.pdb
339,313297106,random,YYDPETGTWY,amber,149.13376344111282,5.992198125353846,22.444550273426227,7.533885800467484,5.508595556037851,4.848916770784997,275.42,aer,4096,outputs/Reps_qubits_d_2/slurm_YYDPETGTWY_amber/replica_339/replica_339.pdb,outputs/Reps_qubits_d_2/slurm_YYDPETGTWY_amber/replica_339/replica_339_ca.pdb
404,313297171,random,YYDPETGTWY,amber,22.92375502149296,5.99548693589115,23.220490128181698,7.630546016731882,5.508595556037851,4.848916770784997,273.54,aer,4096,outputs/Reps_qubits_d_2/slurm_YYDPETGTWY_amber/replica_404/replica_404.pdb,outputs/Reps_qubits_d_2/slurm_YYDPETGTWY_amber/replica_404/replica_404_ca.pdb
465,313297232,random,YYDPETGTWY,amber,17.55301268916194,5.99612383087471,22.670595007558894,7.322771800093078,5.508595556037851,4.848916770784997,233.12,aer,4096,outputs/Reps_qubits_d_2/slurm_YYDPETGTWY_amber/replica_465/replica_465.pdb,outputs/Reps_qubits_d_2/slurm_YYDPETGTWY_amber/replica_465/replica_465_ca.pdb
548,313297315,random,YYDPETGTWY,amber,-24.24441571554499,5.999310386194683,21.72748232590617,7.303399668569376,5.508595556037851,4.848916770784997,256.7,aer,4096,outputs/Reps_qubits_d_2/slurm_YYDPETGTWY_amber/replica_548/replica_548.pdb,outputs/Reps_qubits_d_2/slurm_YYDPETGTWY_amber/replica_548/replica_548_ca.pdb
891,313297658,random,YYDPETGTWY,amber,14.843649295117178,6.003359808504741,22.2494825970665,7.593748788490513,5.508595556037851,4.848916770784997,318.16,aer,4096,outputs/Reps_qubits_d_2/slurm_YYDPETGTWY_amber/replica_891/replica_891.pdb,outputs/Reps_qubits_d_2/slurm_YYDPETGTWY_amber/replica_891/replica_891_ca.pdb
962,313297729,random,YYDPETGTWY,amber,51.382699562969854,6.006850146065512,21.151892004205454,7.4427525680722,5.508595556037851,4.848916770784997,214.55,aer,4096,outputs/Reps_qubits_d_2/slurm_YYDPETGTWY_amber/replica_962/replica_962.pdb,outputs/Reps_qubits_d_2/slurm_YYDPETGTWY_amber/replica_962/replica_962_ca.pdb
623,313297390,random,YYDPETGTWY,amber,45.588284575969304,6.006976158794704,20.0127987306325,7.382573549194061,5.508595556037851,4.848916770784997,379.52,aer,4096,outputs/Reps_qubits_d_2/slurm_YYDPETGTWY_amber/replica_623/replica_623.pdb,outputs/Reps_qubits_d_2/slurm_YYDPETGTWY_amber/replica_623/replica_623_ca.pdb
186,313296953,random,YYDPETGTWY,amber,56.50773308299277,6.008538428083795,22.734448848436596,7.276432594980628,5.508595556037851,4.848916770784997,287.6,aer,4096,outputs/Reps_qubits_d_2/slurm_YYDPETGTWY_amber/replica_186/replica_186.pdb,outputs/Reps_qubits_d_2/slurm_YYDPETGTWY_amber/replica_186/replica_186_ca.pdb
534,313297301,random,YYDPETGTWY,amber,-0.831322902687568,6.010165956076323,20.97278365750784,7.303050091462726,5.508595556037851,4.848916770784997,361.16,aer,4096,outputs/Reps_qubits_d_2/slurm_YYDPETGTWY_amber/replica_534/replica_534.pdb,outputs/Reps_qubits_d_2/slurm_YYDPETGTWY_amber/replica_534/replica_534_ca.pdb
94,313296861,random,YYDPETGTWY,amber,-5.861704563535927,6.011361032425304,19.677095152116127,6.948284214320819,5.508595556037851,4.848916770784997,250.0,aer,4096,outputs/Reps_qubits_d_2/slurm_YYDPETGTWY_amber/replica_94/replica_94.pdb,outputs/Reps_qubits_d_2/slurm_YYDPETGTWY_amber/replica_94/replica_94_ca.pdb
976,313297743,random,YYDPETGTWY,amber,-58.48888176460686,6.012765531258594,21.151461677635712,7.229931863493802,5.508595556037851,4.848916770784997,401.65,aer,4096,outputs/Reps_qubits_d_2/slurm_YYDPETGTWY_amber/replica_976/replica_976.pdb,outputs/Reps_qubits_d_2/slurm_YYDPETGTWY_amber/replica_976/replica_976_ca.pdb
99,313296866,random,YYDPETGTWY,amber,-21.10090820153643,6.014364244456654,21.483133223085858,7.156405799707714,5.508595556037851,4.848916770784997,443.99,aer,4096,outputs/Reps_qubits_d_2/slurm_YYDPETGTWY_amber/replica_99/replica_99.pdb,outputs/Reps_qubits_d_2/slurm_YYDPETGTWY_amber/replica_99/replica_99_ca.pdb
576,313297343,random,YYDPETGTWY,amber,-3.041240677808985,6.015232390489479,20.12677992881289,7.42320153952367,5.508595556037851,4.848916770784997,291.92,aer,4096,outputs/Reps_qubits_d_2/slurm_YYDPETGTWY_amber/replica_576/replica_576.pdb,outputs/Reps_qubits_d_2/slurm_YYDPETGTWY_amber/replica_576/replica_576_ca.pdb
705,313297472,random,YYDPETGTWY,amber,-7.30838945009344,6.022410283059401,21.279563789423886,7.268109999445732,5.508595556037851,4.848916770784997,317.25,aer,4096,outputs/Reps_qubits_d_2/slurm_YYDPETGTWY_amber/replica_705/replica_705.pdb,outputs/Reps_qubits_d_2/slurm_YYDPETGTWY_amber/replica_705/replica_705_ca.pdb
341,313297108,random,YYDPETGTWY,amber,-3.7922963787839463,6.0264887586525395,21.28108154279839,7.1479274725817605,5.508595556037851,4.848916770784997,224.09,aer,4096,outputs/Reps_qubits_d_2/slurm_YYDPETGTWY_amber/replica_341/replica_341.pdb,outputs/Reps_qubits_d_2/slurm_YYDPETGTWY_amber/replica_341/replica_341_ca.pdb
122,313296889,random,YYDPETGTWY,amber,261.38063518537126,6.031687472642881,21.31097666825963,6.811974319395302,5.508595556037851,4.848916770784997,435.39,aer,4096,outputs/Reps_qubits_d_2/slurm_YYDPETGTWY_amber/replica_122/replica_122.pdb,outputs/Reps_qubits_d_2/slurm_YYDPETGTWY_amber/replica_122/replica_122_ca.pdb
500,313297267,random,YYDPETGTWY,amber,6.388581445787689,6.035019889826944,22.216418938227637,7.357131011169291,5.508595556037851,4.848916770784997,335.22,aer,4096,outputs/Reps_qubits_d_2/slurm_YYDPETGTWY_amber/replica_500/replica_500.pdb,outputs/Reps_qubits_d_2/slurm_YYDPETGTWY_amber/replica_500/replica_500_ca.pdb
744,313297511,random,YYDPETGTWY,amber,69.40735630502088,6.03550381633351,21.15737895177468,7.4210053491801355,5.508595556037851,4.848916770784997,237.09,aer,4096,outputs/Reps_qubits_d_2/slurm_YYDPETGTWY_amber/replica_744/replica_744.pdb,outputs/Reps_qubits_d_2/slurm_YYDPETGTWY_amber/replica_744/replica_744_ca.pdb
137,313296904,random,YYDPETGTWY,amber,-31.661824521954866,6.040418684460754,22.887543217470856,7.393852141426677,5.508595556037851,4.848916770784997,298.85,aer,4096,outputs/Reps_qubits_d_2/slurm_YYDPETGTWY_amber/replica_137/replica_137.pdb,outputs/Reps_qubits_d_2/slurm_YYDPETGTWY_amber/replica_137/replica_137_ca.pdb
450,313297217,random,YYDPETGTWY,amber,-15.618831952097578,6.048556555413793,21.351622208372838,7.27268416824206,5.508595556037851,4.848916770784997,217.43,aer,4096,outputs/Reps_qubits_d_2/slurm_YYDPETGTWY_amber/replica_450/replica_450.pdb,outputs/Reps_qubits_d_2/slurm_YYDPETGTWY_amber/replica_450/replica_450_ca.pdb
635,313297402,random,YYDPETGTWY,amber,859.9222552750307,6.052056397451135,19.823195665241737,6.853785904956475,5.508595556037851,4.848916770784997,117.45,aer,4096,outputs/Reps_qubits_d_2/slurm_YYDPETGTWY_amber/replica_635/replica_635.pdb,outputs/Reps_qubits_d_2/slurm_YYDPETGTWY_amber/replica_635/replica_635_ca.pdb
489,313297256,random,YYDPETGTWY,amber,-25.88792693164226,6.055174948317243,22.020582826852838,7.157286126917872,5.508595556037851,4.848916770784997,294.35,aer,4096,outputs/Reps_qubits_d_2/slurm_YYDPETGTWY_amber/replica_489/replica_489.pdb,outputs/Reps_qubits_d_2/slurm_YYDPETGTWY_amber/replica_489/replica_489_ca.pdb
731,313297498,random,YYDPETGTWY,amber,-30.527478568790315,6.061719540656695,20.550742302663316,6.984554723177467,5.508595556037851,4.848916770784997,257.05,aer,4096,outputs/Reps_qubits_d_2/slurm_YYDPETGTWY_amber/replica_731/replica_731.pdb,outputs/Reps_qubits_d_2/slurm_YYDPETGTWY_amber/replica_731/replica_731_ca.pdb
622,313297389,random,YYDPETGTWY,amber,-78.62551314971405,6.064128422867611,20.161452390052183,7.319045786483834,5.508595556037851,4.848916770784997,275.91,aer,4096,outputs/Reps_qubits_d_2/slurm_YYDPETGTWY_amber/replica_622/replica_622.pdb,outputs/Reps_qubits_d_2/slurm_YYDPETGTWY_amber/replica_622/replica_622_ca.pdb
711,313297478,random,YYDPETGTWY,amber,-14.466158140755425,6.064766186209569,22.15289853768958,7.433563147198275,5.508595556037851,4.848916770784997,275.22,aer,4096,outputs/Reps_qubits_d_2/slurm_YYDPETGTWY_amber/replica_711/replica_711.pdb,outputs/Reps_qubits_d_2/slurm_YYDPETGTWY_amber/replica_711/replica_711_ca.pdb
27,313296794,random,YYDPETGTWY,amber,83.69399291243529,6.064963888335289,21.508088100280943,7.19527504931037,5.508595556037851,4.848916770784997,295.12,aer,4096,outputs/Reps_qubits_d_2/slurm_YYDPETGTWY_amber/replica_27/replica_27.pdb,outputs/Reps_qubits_d_2/slurm_YYDPETGTWY_amber/replica_27/replica_27_ca.pdb
780,313297547,random,YYDPETGTWY,amber,-0.8580253617976921,6.065651324188497,20.83811877558849,7.101291512016241,5.508595556037851,4.848916770784997,285.51,aer,4096,outputs/Reps_qubits_d_2/slurm_YYDPETGTWY_amber/replica_780/replica_780.pdb,outputs/Reps_qubits_d_2/slurm_YYDPETGTWY_amber/replica_780/replica_780_ca.pdb
432,313297199,random,YYDPETGTWY,amber,-1.445868394877623,6.06705112764648,20.705046082585923,7.102867475004366,5.508595556037851,4.848916770784997,376.35,aer,4096,outputs/Reps_qubits_d_2/slurm_YYDPETGTWY_amber/replica_432/replica_432.pdb,outputs/Reps_qubits_d_2/slurm_YYDPETGTWY_amber/replica_432/replica_432_ca.pdb
106,313296873,random,YYDPETGTWY,amber,28.973695119885118,6.07044060660216,21.577175658875916,7.026868577350327,5.508595556037851,4.848916770784997,517.01,aer,4096,outputs/Reps_qubits_d_2/slurm_YYDPETGTWY_amber/replica_106/replica_106.pdb,outputs/Reps_qubits_d_2/slurm_YYDPETGTWY_amber/replica_106/replica_106_ca.pdb
456,313297223,random,YYDPETGTWY,amber,15.430505434119771,6.077334474325864,21.439916072582363,7.277620314437113,5.508595556037851,4.848916770784997,324.51,aer,4096,outputs/Reps_qubits_d_2/slurm_YYDPETGTWY_amber/replica_456/replica_456.pdb,outputs/Reps_qubits_d_2/slurm_YYDPETGTWY_amber/replica_456/replica_456_ca.pdb
783,313297550,random,YYDPETGTWY,amber,-15.77429876152916,6.077878364112857,21.27977092751407,7.238870409603921,5.508595556037851,4.848916770784997,340.2,aer,4096,outputs/Reps_qubits_d_2/slurm_YYDPETGTWY_amber/replica_783/replica_783.pdb,outputs/Reps_qubits_d_2/slurm_YYDPETGTWY_amber/replica_783/replica_783_ca.pdb
602,313297369,random,YYDPETGTWY,amber,-84.9042695296248,6.081342593301941,22.287155220685374,7.451979595089456,5.508595556037851,4.848916770784997,275.26,aer,4096,outputs/Reps_qubits_d_2/slurm_YYDPETGTWY_amber/replica_602/replica_602.pdb,outputs/Reps_qubits_d_2/slurm_YYDPETGTWY_amber/replica_602/replica_602_ca.pdb
63,313296830,random,YYDPETGTWY,amber,3.6851360314683967,6.081666148995644,20.29876409797911,6.98691117082231,5.508595556037851,4.848916770784997,230.6,aer,4096,outputs/Reps_qubits_d_2/slurm_YYDPETGTWY_amber/replica_63/replica_63.pdb,outputs/Reps_qubits_d_2/slurm_YYDPETGTWY_amber/replica_63/replica_63_ca.pdb
845,313297612,random,YYDPETGTWY,amber,-66.28991946213023,6.0826094310332035,21.565912269675792,7.572333119356186,5.508595556037851,4.848916770784997,420.3,aer,4096,outputs/Reps_qubits_d_2/slurm_YYDPETGTWY_amber/replica_845/replica_845.pdb,outputs/Reps_qubits_d_2/slurm_YYDPETGTWY_amber/replica_845/replica_845_ca.pdb
18,313296785,random,YYDPETGTWY,amber,-50.237590890277,6.085632586680339,21.71954290564621,7.525907223251854,5.508595556037851,4.848916770784997,284.7,aer,4096,outputs/Reps_qubits_d_2/slurm_YYDPETGTWY_amber/replica_18/replica_18.pdb,outputs/Reps_qubits_d_2/slurm_YYDPETGTWY_amber/replica_18/replica_18_ca.pdb
329,313297096,random,YYDPETGTWY,amber,29.953576957679502,6.092135594038846,21.857457319300586,7.3458089574023075,5.508595556037851,4.848916770784997,270.45,aer,4096,outputs/Reps_qubits_d_2/slurm_YYDPETGTWY_amber/replica_329/replica_329.pdb,outputs/Reps_qubits_d_2/slurm_YYDPETGTWY_amber/replica_329/replica_329_ca.pdb
284,313297051,random,YYDPETGTWY,amber,-19.017663188622546,6.094553784578796,21.357062856346207,7.275160436895812,5.508595556037851,4.848916770784997,380.81,aer,4096,outputs/Reps_qubits_d_2/slurm_YYDPETGTWY_amber/replica_284/replica_284.pdb,outputs/Reps_qubits_d_2/slurm_YYDPETGTWY_amber/replica_284/replica_284_ca.pdb
578,313297345,random,YYDPETGTWY,amber,-56.33020432890192,6.095386446264358,22.444598303958884,7.208067390385152,5.508595556037851,4.848916770784997,243.55,aer,4096,outputs/Reps_qubits_d_2/slurm_YYDPETGTWY_amber/replica_578/replica_578.pdb,outputs/Reps_qubits_d_2/slurm_YYDPETGTWY_amber/replica_578/replica_578_ca.pdb
31,313296798,random,YYDPETGTWY,amber,70.91806705511668,6.095525095570444,21.572912986601136,7.178166651616369,5.508595556037851,4.848916770784997,630.57,aer,4096,outputs/Reps_qubits_d_2/slurm_YYDPETGTWY_amber/replica_31/replica_31.pdb,outputs/Reps_qubits_d_2/slurm_YYDPETGTWY_amber/replica_31/replica_31_ca.pdb
359,313297126,random,YYDPETGTWY,amber,-4.789655442225992,6.097699664522832,23.068703252653098,7.6677225883306,5.508595556037851,4.848916770784997,300.09,aer,4096,outputs/Reps_qubits_d_2/slurm_YYDPETGTWY_amber/replica_359/replica_359.pdb,outputs/Reps_qubits_d_2/slurm_YYDPETGTWY_amber/replica_359/replica_359_ca.pdb
233,313297000,random,YYDPETGTWY,amber,-31.659304735974285,6.100039105036765,21.39650616158407,7.225273014392849,5.508595556037851,4.848916770784997,261.98,aer,4096,outputs/Reps_qubits_d_2/slurm_YYDPETGTWY_amber/replica_233/replica_233.pdb,outputs/Reps_qubits_d_2/slurm_YYDPETGTWY_amber/replica_233/replica_233_ca.pdb
669,313297436,random,YYDPETGTWY,amber,106.92835019320356,6.100633474865318,21.644371230691593,7.177433943613176,5.508595556037851,4.848916770784997,369.34,aer,4096,outputs/Reps_qubits_d_2/slurm_YYDPETGTWY_amber/replica_669/replica_669.pdb,outputs/Reps_qubits_d_2/slurm_YYDPETGTWY_amber/replica_669/replica_669_ca.pdb
884,313297651,random,YYDPETGTWY,amber,49.75869358025053,6.101730157850778,22.391659218556473,7.279742131046935,5.508595556037851,4.848916770784997,303.83,aer,4096,outputs/Reps_qubits_d_2/slurm_YYDPETGTWY_amber/replica_884/replica_884.pdb,outputs/Reps_qubits_d_2/slurm_YYDPETGTWY_amber/replica_884/replica_884_ca.pdb
354,313297121,random,YYDPETGTWY,amber,28.955697625136875,6.102448597818448,21.915041183572797,7.414874055096978,5.508595556037851,4.848916770784997,255.03,aer,4096,outputs/Reps_qubits_d_2/slurm_YYDPETGTWY_amber/replica_354/replica_354.pdb,outputs/Reps_qubits_d_2/slurm_YYDPETGTWY_amber/replica_354/replica_354_ca.pdb
901,313297668,random,YYDPETGTWY,amber,97.38566763838276,6.105911077693985,22.40044795067119,7.593331187235528,5.508595556037851,4.848916770784997,244.27,aer,4096,outputs/Reps_qubits_d_2/slurm_YYDPETGTWY_amber/replica_901/replica_901.pdb,outputs/Reps_qubits_d_2/slurm_YYDPETGTWY_amber/replica_901/replica_901_ca.pdb
997,313297764,random,YYDPETGTWY,amber,3.4108527484356332,6.110264358134002,22.820904876426187,7.4002071536182195,5.508595556037851,4.848916770784997,311.35,aer,4096,outputs/Reps_qubits_d_2/slurm_YYDPETGTWY_amber/replica_997/replica_997.pdb,outputs/Reps_qubits_d_2/slurm_YYDPETGTWY_amber/replica_997/replica_997_ca.pdb
718,313297485,random,YYDPETGTWY,amber,-92.25046662548948,6.111399635886568,20.85431957064443,6.907093640514046,5.508595556037851,4.848916770784997,365.45,aer,4096,outputs/Reps_qubits_d_2/slurm_YYDPETGTWY_amber/replica_718/replica_718.pdb,outputs/Reps_qubits_d_2/slurm_YYDPETGTWY_amber/replica_718/replica_718_ca.pdb
214,313296981,random,YYDPETGTWY,amber,-18.540220862423432,6.111502813418445,21.959363086901828,7.507467546564191,5.508595556037851,4.848916770784997,249.19,aer,4096,outputs/Reps_qubits_d_2/slurm_YYDPETGTWY_amber/replica_214/replica_214.pdb,outputs/Reps_qubits_d_2/slurm_YYDPETGTWY_amber/replica_214/replica_214_ca.pdb
517,313297284,random,YYDPETGTWY,amber,-28.860393153762953,6.112098048892214,21.225424129338467,7.286996469024398,5.508595556037851,4.848916770784997,523.85,aer,4096,outputs/Reps_qubits_d_2/slurm_YYDPETGTWY_amber/replica_517/replica_517.pdb,outputs/Reps_qubits_d_2/slurm_YYDPETGTWY_amber/replica_517/replica_517_ca.pdb
276,313297043,random,YYDPETGTWY,amber,-60.00378680275711,6.118554315242511,23.08056882748453,7.6774674763800235,5.508595556037851,4.848916770784997,239.69,aer,4096,outputs/Reps_qubits_d_2/slurm_YYDPETGTWY_amber/replica_276/replica_276.pdb,outputs/Reps_qubits_d_2/slurm_YYDPETGTWY_amber/replica_276/replica_276_ca.pdb
297,313297064,random,YYDPETGTWY,amber,5.31742439458854,6.118581734212275,21.079647939830025,6.886107112689807,5.508595556037851,4.848916770784997,206.04,aer,4096,outputs/Reps_qubits_d_2/slurm_YYDPETGTWY_amber/replica_297/replica_297.pdb,outputs/Reps_qubits_d_2/slurm_YYDPETGTWY_amber/replica_297/replica_297_ca.pdb
288,313297055,random,YYDPETGTWY,amber,6.2898698225292815,6.123921724123266,21.527633052516638,7.503262827980268,5.508595556037851,4.848916770784997,243.1,aer,4096,outputs/Reps_qubits_d_2/slurm_YYDPETGTWY_amber/replica_288/replica_288.pdb,outputs/Reps_qubits_d_2/slurm_YYDPETGTWY_amber/replica_288/replica_288_ca.pdb
857,313297624,random,YYDPETGTWY,amber,-27.76464119161494,6.128166078238614,21.328125066836233,7.453681825725119,5.508595556037851,4.848916770784997,213.64,aer,4096,outputs/Reps_qubits_d_2/slurm_YYDPETGTWY_amber/replica_857/replica_857.pdb,outputs/Reps_qubits_d_2/slurm_YYDPETGTWY_amber/replica_857/replica_857_ca.pdb
786,313297553,random,YYDPETGTWY,amber,-77.29616968342837,6.130245470386081,21.201913485756876,7.287159564668618,5.508595556037851,4.848916770784997,215.21,aer,4096,outputs/Reps_qubits_d_2/slurm_YYDPETGTWY_amber/replica_786/replica_786.pdb,outputs/Reps_qubits_d_2/slurm_YYDPETGTWY_amber/replica_786/replica_786_ca.pdb
727,313297494,random,YYDPETGTWY,amber,14.649767385587504,6.130820636079829,20.71442373321179,6.915145431209311,5.508595556037851,4.848916770784997,298.73,aer,4096,outputs/Reps_qubits_d_2/slurm_YYDPETGTWY_amber/replica_727/replica_727.pdb,outputs/Reps_qubits_d_2/slurm_YYDPETGTWY_amber/replica_727/replica_727_ca.pdb
138,313296905,random,YYDPETGTWY,amber,-79.26510854089828,6.131599034844605,19.432962902661462,6.871399086993587,5.508595556037851,4.848916770784997,250.89,aer,4096,outputs/Reps_qubits_d_2/slurm_YYDPETGTWY_amber/replica_138/replica_138.pdb,outputs/Reps_qubits_d_2/slurm_YYDPETGTWY_amber/replica_138/replica_138_ca.pdb
189,313296956,random,YYDPETGTWY,amber,-20.46255100022647,6.133969405361452,19.93213580902423,6.928145578407244,5.508595556037851,4.848916770784997,391.46,aer,4096,outputs/Reps_qubits_d_2/slurm_YYDPETGTWY_amber/replica_189/replica_189.pdb,outputs/Reps_qubits_d_2/slurm_YYDPETGTWY_amber/replica_189/replica_189_ca.pdb
462,313297229,random,YYDPETGTWY,amber,-21.080010898668302,6.134135946732345,20.69139497651609,7.099278831590489,5.508595556037851,4.848916770784997,423.68,aer,4096,outputs/Reps_qubits_d_2/slurm_YYDPETGTWY_amber/replica_462/replica_462.pdb,outputs/Reps_qubits_d_2/slurm_YYDPETGTWY_amber/replica_462/replica_462_ca.pdb
452,313297219,random,YYDPETGTWY,amber,-26.242732676097752,6.1359328456857645,22.526011901578592,7.423160300240748,5.508595556037851,4.848916770784997,310.91,aer,4096,outputs/Reps_qubits_d_2/slurm_YYDPETGTWY_amber/replica_452/replica_452.pdb,outputs/Reps_qubits_d_2/slurm_YYDPETGTWY_amber/replica_452/replica_452_ca.pdb
586,313297353,random,YYDPETGTWY,amber,71.8216509396316,6.138652136707585,22.086748394077677,7.46818554187746,5.508595556037851,4.848916770784997,325.32,aer,4096,outputs/Reps_qubits_d_2/slurm_YYDPETGTWY_amber/replica_586/replica_586.pdb,outputs/Reps_qubits_d_2/slurm_YYDPETGTWY_amber/replica_586/replica_586_ca.pdb
127,313296894,random,YYDPETGTWY,amber,-47.91654784583707,6.143525564120459,19.316498355795726,6.81434568707991,5.508595556037851,4.848916770784997,311.8,aer,4096,outputs/Reps_qubits_d_2/slurm_YYDPETGTWY_amber/replica_127/replica_127.pdb,outputs/Reps_qubits_d_2/slurm_YYDPETGTWY_amber/replica_127/replica_127_ca.pdb
357,313297124,random,YYDPETGTWY,amber,-4.166628943387842,6.145672619087368,21.407761509694943,7.392423036183781,5.508595556037851,4.848916770784997,240.98,aer,4096,outputs/Reps_qubits_d_2/slurm_YYDPETGTWY_amber/replica_357/replica_357.pdb,outputs/Reps_qubits_d_2/slurm_YYDPETGTWY_amber/replica_357/replica_357_ca.pdb
388,313297155,random,YYDPETGTWY,amber,38.38133684825845,6.147785244523574,21.810852721040025,7.230457147589997,5.508595556037851,4.848916770784997,280.12,aer,4096,outputs/Reps_qubits_d_2/slurm_YYDPETGTWY_amber/replica_388/replica_388.pdb,outputs/Reps_qubits_d_2/slurm_YYDPETGTWY_amber/replica_388/replica_388_ca.pdb
991,313297758,random,YYDPETGTWY,amber,-40.08678382329442,6.149081800467811,21.52923332514161,7.3865583102562535,5.508595556037851,4.848916770784997,328.32,aer,4096,outputs/Reps_qubits_d_2/slurm_YYDPETGTWY_amber/replica_991/replica_991.pdb,outputs/Reps_qubits_d_2/slurm_YYDPETGTWY_amber/replica_991/replica_991_ca.pdb
649,313297416,random,YYDPETGTWY,amber,-26.323068379326518,6.149581404351582,22.187341047883326,7.172824860497956,5.508595556037851,4.848916770784997,274.63,aer,4096,outputs/Reps_qubits_d_2/slurm_YYDPETGTWY_amber/replica_649/replica_649.pdb,outputs/Reps_qubits_d_2/slurm_YYDPETGTWY_amber/replica_649/replica_649_ca.pdb
172,313296939,random,YYDPETGTWY,amber,114.57780461779097,6.160634885865758,21.46903853820077,7.18066401058243,5.508595556037851,4.848916770784997,339.45,aer,4096,outputs/Reps_qubits_d_2/slurm_YYDPETGTWY_amber/replica_172/replica_172.pdb,outputs/Reps_qubits_d_2/slurm_YYDPETGTWY_amber/replica_172/replica_172_ca.pdb
241,313297008,random,YYDPETGTWY,amber,19.144252794017014,6.160787115555987,20.26193962921239,6.9739516579790335,5.508595556037851,4.848916770784997,246.6,aer,4096,outputs/Reps_qubits_d_2/slurm_YYDPETGTWY_amber/replica_241/replica_241.pdb,outputs/Reps_qubits_d_2/slurm_YYDPETGTWY_amber/replica_241/replica_241_ca.pdb
864,313297631,random,YYDPETGTWY,amber,-51.22111404652538,6.161261910061336,22.387274111669797,7.511323752750398,5.508595556037851,4.848916770784997,551.32,aer,4096,outputs/Reps_qubits_d_2/slurm_YYDPETGTWY_amber/replica_864/replica_864.pdb,outputs/Reps_qubits_d_2/slurm_YYDPETGTWY_amber/replica_864/replica_864_ca.pdb
165,313296932,random,YYDPETGTWY,amber,-121.92984052450113,6.169577923423111,23.209326675584748,7.452134903412589,5.508595556037851,4.848916770784997,275.3,aer,4096,outputs/Reps_qubits_d_2/slurm_YYDPETGTWY_amber/replica_165/replica_165.pdb,outputs/Reps_qubits_d_2/slurm_YYDPETGTWY_amber/replica_165/replica_165_ca.pdb
774,313297541,random,YYDPETGTWY,amber,-16.858683126898246,6.170714584110093,21.718547068708023,7.012277420576651,5.508595556037851,4.848916770784997,396.47,aer,4096,outputs/Reps_qubits_d_2/slurm_YYDPETGTWY_amber/replica_774/replica_774.pdb,outputs/Reps_qubits_d_2/slurm_YYDPETGTWY_amber/replica_774/replica_774_ca.pdb
938,313297705,random,YYDPETGTWY,amber,-98.46056847822275,6.177818557795291,22.4935499423218,7.687180800322793,5.508595556037851,4.848916770784997,274.08,aer,4096,outputs/Reps_qubits_d_2/slurm_YYDPETGTWY_amber/replica_938/replica_938.pdb,outputs/Reps_qubits_d_2/slurm_YYDPETGTWY_amber/replica_938/replica_938_ca.pdb
609,313297376,random,YYDPETGTWY,amber,-120.83788295434573,6.17920368825441,22.15865917475999,7.529673110556988,5.508595556037851,4.848916770784997,364.23,aer,4096,outputs/Reps_qubits_d_2/slurm_YYDPETGTWY_amber/replica_609/replica_609.pdb,outputs/Reps_qubits_d_2/slurm_YYDPETGTWY_amber/replica_609/replica_609_ca.pdb
471,313297238,random,YYDPETGTWY,amber,100.34547437746176,6.179957421874453,20.82035427788212,7.303121709104702,5.508595556037851,4.848916770784997,414.47,aer,4096,outputs/Reps_qubits_d_2/slurm_YYDPETGTWY_amber/replica_471/replica_471.pdb,outputs/Reps_qubits_d_2/slurm_YYDPETGTWY_amber/replica_471/replica_471_ca.pdb
930,313297697,random,YYDPETGTWY,amber,-16.220642795174253,6.185771541466857,22.25198946225207,7.382982057430412,5.508595556037851,4.848916770784997,283.28,aer,4096,outputs/Reps_qubits_d_2/slurm_YYDPETGTWY_amber/replica_930/replica_930.pdb,outputs/Reps_qubits_d_2/slurm_YYDPETGTWY_amber/replica_930/replica_930_ca.pdb
956,313297723,random,YYDPETGTWY,amber,59.121395181221416,6.188235507471238,22.57056540451878,7.376759169060914,5.508595556037851,4.848916770784997,392.94,aer,4096,outputs/Reps_qubits_d_2/slurm_YYDPETGTWY_amber/replica_956/replica_956.pdb,outputs/Reps_qubits_d_2/slurm_YYDPETGTWY_amber/replica_956/replica_956_ca.pdb
771,313297538,random,YYDPETGTWY,amber,139.25078848161445,6.1911640205363,24.03657362183294,7.7851054755484395,5.508595556037851,4.848916770784997,470.64,aer,4096,outputs/Reps_qubits_d_2/slurm_YYDPETGTWY_amber/replica_771/replica_771.pdb,outputs/Reps_qubits_d_2/slurm_YYDPETGTWY_amber/replica_771/replica_771_ca.pdb
614,313297381,random,YYDPETGTWY,amber,45.48462201624624,6.191549243614688,21.35924473103085,7.4972418234352105,5.508595556037851,4.848916770784997,236.6,aer,4096,outputs/Reps_qubits_d_2/slurm_YYDPETGTWY_amber/replica_614/replica_614.pdb,outputs/Reps_qubits_d_2/slurm_YYDPETGTWY_amber/replica_614/replica_614_ca.pdb
704,313297471,random,YYDPETGTWY,amber,-21.722336583286378,6.19395012912611,19.468512998547016,7.190524316473182,5.508595556037851,4.848916770784997,389.47,aer,4096,outputs/Reps_qubits_d_2/slurm_YYDPETGTWY_amber/replica_704/replica_704.pdb,outputs/Reps_qubits_d_2/slurm_YYDPETGTWY_amber/replica_704/replica_704_ca.pdb
861,313297628,random,YYDPETGTWY,amber,-2.0448675240851903,6.197028695990516,22.925351273143445,7.45086965667041,5.508595556037851,4.848916770784997,232.93,aer,4096,outputs/Reps_qubits_d_2/slurm_YYDPETGTWY_amber/replica_861/replica_861.pdb,outputs/Reps_qubits_d_2/slurm_YYDPETGTWY_amber/replica_861/replica_861_ca.pdb
738,313297505,random,YYDPETGTWY,amber,-22.262073097301503,6.201501688602201,22.132178770675225,7.655862498467652,5.508595556037851,4.848916770784997,233.92,aer,4096,outputs/Reps_qubits_d_2/slurm_YYDPETGTWY_amber/replica_738/replica_738.pdb,outputs/Reps_qubits_d_2/slurm_YYDPETGTWY_amber/replica_738/replica_738_ca.pdb
311,313297078,random,YYDPETGTWY,amber,27.41161441020825,6.204542012881425,20.834688004396977,7.169076147611074,5.508595556037851,4.848916770784997,308.48,aer,4096,outputs/Reps_qubits_d_2/slurm_YYDPETGTWY_amber/replica_311/replica_311.pdb,outputs/Reps_qubits_d_2/slurm_YYDPETGTWY_amber/replica_311/replica_311_ca.pdb
894,313297661,random,YYDPETGTWY,amber,30.374473711063875,6.2049400493886715,21.697547688913847,7.1841841152067145,5.508595556037851,4.848916770784997,241.07,aer,4096,outputs/Reps_qubits_d_2/slurm_YYDPETGTWY_amber/replica_894/replica_894.pdb,outputs/Reps_qubits_d_2/slurm_YYDPETGTWY_amber/replica_894/replica_894_ca.pdb
187,313296954,random,YYDPETGTWY,amber,-52.92033971546182,6.205221558114564,22.15358463012963,7.245864297553499,5.508595556037851,4.848916770784997,242.92,aer,4096,outputs/Reps_qubits_d_2/slurm_YYDPETGTWY_amber/replica_187/replica_187.pdb,outputs/Reps_qubits_d_2/slurm_YYDPETGTWY_amber/replica_187/replica_187_ca.pdb
158,313296925,random,YYDPETGTWY,amber,7.156456627860325,6.205276974206019,22.39626985367706,7.250726388338887,5.508595556037851,4.848916770784997,264.04,aer,4096,outputs/Reps_qubits_d_2/slurm_YYDPETGTWY_amber/replica_158/replica_158.pdb,outputs/Reps_qubits_d_2/slurm_YYDPETGTWY_amber/replica_158/replica_158_ca.pdb
169,313296936,random,YYDPETGTWY,amber,60.1208721469686,6.207295813594586,21.623310506977063,7.277670265775271,5.508595556037851,4.848916770784997,216.34,aer,4096,outputs/Reps_qubits_d_2/slurm_YYDPETGTWY_amber/replica_169/replica_169.pdb,outputs/Reps_qubits_d_2/slurm_YYDPETGTWY_amber/replica_169/replica_169_ca.pdb
785,313297552,random,YYDPETGTWY,amber,-24.939228432429605,6.20804992107507,20.359123856550397,7.294605772600271,5.508595556037851,4.848916770784997,206.42,aer,4096,outputs/Reps_qubits_d_2/slurm_YYDPETGTWY_amber/replica_785/replica_785.pdb,outputs/Reps_qubits_d_2/slurm_YYDPETGTWY_amber/replica_785/replica_785_ca.pdb
492,313297259,random,YYDPETGTWY,amber,1.24057583156775,6.210996377787869,21.27595382292573,7.321924626785101,5.508595556037851,4.848916770784997,388.61,aer,4096,outputs/Reps_qubits_d_2/slurm_YYDPETGTWY_amber/replica_492/replica_492.pdb,outputs/Reps_qubits_d_2/slurm_YYDPETGTWY_amber/replica_492/replica_492_ca.pdb
263,313297030,random,YYDPETGTWY,amber,112.16866586969559,6.2123540380794005,22.33689648002331,7.59897336956411,5.508595556037851,4.848916770784997,289.74,aer,4096,outputs/Reps_qubits_d_2/slurm_YYDPETGTWY_amber/replica_263/replica_263.pdb,outputs/Reps_qubits_d_2/slurm_YYDPETGTWY_amber/replica_263/replica_263_ca.pdb
77,313296844,random,YYDPETGTWY,amber,49.81200284769371,6.2123732432630066,22.773425125016757,7.313880617281532,5.508595556037851,4.848916770784997,441.18,aer,4096,outputs/Reps_qubits_d_2/slurm_YYDPETGTWY_amber/replica_77/replica_77.pdb,outputs/Reps_qubits_d_2/slurm_YYDPETGTWY_amber/replica_77/replica_77_ca.pdb
371,313297138,random,YYDPETGTWY,amber,88.23605791586675,6.215008632755551,21.738098366220076,7.4846095050915675,5.508595556037851,4.848916770784997,362.05,aer,4096,outputs/Reps_qubits_d_2/slurm_YYDPETGTWY_amber/replica_371/replica_371.pdb,outputs/Reps_qubits_d_2/slurm_YYDPETGTWY_amber/replica_371/replica_371_ca.pdb
809,313297576,random,YYDPETGTWY,amber,21.30030754726873,6.216730109366007,22.881856960083937,7.4440542090807424,5.508595556037851,4.848916770784997,237.17,aer,4096,outputs/Reps_qubits_d_2/slurm_YYDPETGTWY_amber/replica_809/replica_809.pdb,outputs/Reps_qubits_d_2/slurm_YYDPETGTWY_amber/replica_809/replica_809_ca.pdb
856,313297623,random,YYDPETGTWY,amber,12.059543879339556,6.221208324523889,22.420877941469495,7.5841295584636255,5.508595556037851,4.848916770784997,190.91,aer,4096,outputs/Reps_qubits_d_2/slurm_YYDPETGTWY_amber/replica_856/replica_856.pdb,outputs/Reps_qubits_d_2/slurm_YYDPETGTWY_amber/replica_856/replica_856_ca.pdb
164,313296931,random,YYDPETGTWY,amber,4.790402966966982,6.222437023914189,23.00196792617237,7.541845808687169,5.508595556037851,4.848916770784997,258.01,aer,4096,outputs/Reps_qubits_d_2/slurm_YYDPETGTWY_amber/replica_164/replica_164.pdb,outputs/Reps_qubits_d_2/slurm_YYDPETGTWY_amber/replica_164/replica_164_ca.pdb
907,313297674,random,YYDPETGTWY,amber,-27.57741165810795,6.224624403788991,23.568995618665397,7.711547128734632,5.508595556037851,4.848916770784997,272.29,aer,4096,outputs/Reps_qubits_d_2/slurm_YYDPETGTWY_amber/replica_907/replica_907.pdb,outputs/Reps_qubits_d_2/slurm_YYDPETGTWY_amber/replica_907/replica_907_ca.pdb
577,313297344,random,YYDPETGTWY,amber,79.89168100524327,6.229200345080954,22.91881715183239,7.442543972659455,5.508595556037851,4.848916770784997,335.15,aer,4096,outputs/Reps_qubits_d_2/slurm_YYDPETGTWY_amber/replica_577/replica_577.pdb,outputs/Reps_qubits_d_2/slurm_YYDPETGTWY_amber/replica_577/replica_577_ca.pdb
198,313296965,random,YYDPETGTWY,amber,28.85180557821048,6.232287268494739,21.070844956154893,7.265347832153556,5.508595556037851,4.848916770784997,298.62,aer,4096,outputs/Reps_qubits_d_2/slurm_YYDPETGTWY_amber/replica_198/replica_198.pdb,outputs/Reps_qubits_d_2/slurm_YYDPETGTWY_amber/replica_198/replica_198_ca.pdb
228,313296995,random,YYDPETGTWY,amber,152.423980460137,6.233306659868201,22.52469136797885,7.329347524162114,5.508595556037851,4.848916770784997,212.47,aer,4096,outputs/Reps_qubits_d_2/slurm_YYDPETGTWY_amber/replica_228/replica_228.pdb,outputs/Reps_qubits_d_2/slurm_YYDPETGTWY_amber/replica_228/replica_228_ca.pdb
502,313297269,random,YYDPETGTWY,amber,-10.571707063929267,6.235560144953109,21.836679446445878,7.301247380167188,5.508595556037851,4.848916770784997,244.15,aer,4096,outputs/Reps_qubits_d_2/slurm_YYDPETGTWY_amber/replica_502/replica_502.pdb,outputs/Reps_qubits_d_2/slurm_YYDPETGTWY_amber/replica_502/replica_502_ca.pdb
60,313296827,random,YYDPETGTWY,amber,-65.57641631540366,6.245339942216394,22.042106151312247,7.4718068788273095,5.508595556037851,4.848916770784997,263.44,aer,4096,outputs/Reps_qubits_d_2/slurm_YYDPETGTWY_amber/replica_60/replica_60.pdb,outputs/Reps_qubits_d_2/slurm_YYDPETGTWY_amber/replica_60/replica_60_ca.pdb
911,313297678,random,YYDPETGTWY,amber,63.91080597568305,6.248602379907596,22.979318319768545,7.683549005245303,5.508595556037851,4.848916770784997,255.7,aer,4096,outputs/Reps_qubits_d_2/slurm_YYDPETGTWY_amber/replica_911/replica_911.pdb,outputs/Reps_qubits_d_2/slurm_YYDPETGTWY_amber/replica_911/replica_911_ca.pdb
421,313297188,random,YYDPETGTWY,amber,18.917551634100047,6.24935277684072,21.932531515660045,7.208028951760144,5.508595556037851,4.848916770784997,228.38,aer,4096,outputs/Reps_qubits_d_2/slurm_YYDPETGTWY_amber/replica_421/replica_421.pdb,outputs/Reps_qubits_d_2/slurm_YYDPETGTWY_amber/replica_421/replica_421_ca.pdb
20,313296787,random,YYDPETGTWY,amber,698.0065445480383,6.250011215808879,23.03683639947364,7.626561064207031,5.508595556037851,4.848916770784997,170.85,aer,4096,outputs/Reps_qubits_d_2/slurm_YYDPETGTWY_amber/replica_20/replica_20.pdb,outputs/Reps_qubits_d_2/slurm_YYDPETGTWY_amber/replica_20/replica_20_ca.pdb
318,313297085,random,YYDPETGTWY,amber,-37.9395536852674,6.2532084669471235,18.57485587256369,6.538348982695324,5.508595556037851,4.848916770784997,375.72,aer,4096,outputs/Reps_qubits_d_2/slurm_YYDPETGTWY_amber/replica_318/replica_318.pdb,outputs/Reps_qubits_d_2/slurm_YYDPETGTWY_amber/replica_318/replica_318_ca.pdb
968,313297735,random,YYDPETGTWY,amber,11.71281374461915,6.256667972202871,21.71731631683304,7.034553505941771,5.508595556037851,4.848916770784997,363.42,aer,4096,outputs/Reps_qubits_d_2/slurm_YYDPETGTWY_amber/replica_968/replica_968.pdb,outputs/Reps_qubits_d_2/slurm_YYDPETGTWY_amber/replica_968/replica_968_ca.pdb
648,313297415,random,YYDPETGTWY,amber,-40.309318967422875,6.2584760223966285,23.05665226677515,7.591812423139791,5.508595556037851,4.848916770784997,186.36,aer,4096,outputs/Reps_qubits_d_2/slurm_YYDPETGTWY_amber/replica_648/replica_648.pdb,outputs/Reps_qubits_d_2/slurm_YYDPETGTWY_amber/replica_648/replica_648_ca.pdb
332,313297099,random,YYDPETGTWY,amber,-18.896241956847035,6.263444147622182,22.612270802600253,7.483711343954454,5.508595556037851,4.848916770784997,315.15,aer,4096,outputs/Reps_qubits_d_2/slurm_YYDPETGTWY_amber/replica_332/replica_332.pdb,outputs/Reps_qubits_d_2/slurm_YYDPETGTWY_amber/replica_332/replica_332_ca.pdb
414,313297181,random,YYDPETGTWY,amber,39.2197875194883,6.264201382822859,19.266374553644848,7.040767110263461,5.508595556037851,4.848916770784997,229.81,aer,4096,outputs/Reps_qubits_d_2/slurm_YYDPETGTWY_amber/replica_414/replica_414.pdb,outputs/Reps_qubits_d_2/slurm_YYDPETGTWY_amber/replica_414/replica_414_ca.pdb
935,313297702,random,YYDPETGTWY,amber,-14.662849477060309,6.265734816271526,20.29265726270061,6.733130863713483,5.508595556037851,4.848916770784997,408.34,aer,4096,outputs/Reps_qubits_d_2/slurm_YYDPETGTWY_amber/replica_935/replica_935.pdb,outputs/Reps_qubits_d_2/slurm_YYDPETGTWY_amber/replica_935/replica_935_ca.pdb
694,313297461,random,YYDPETGTWY,amber,115.42011661405081,6.267907410729321,22.40808809541764,7.479195795571014,5.508595556037851,4.848916770784997,297.82,aer,4096,outputs/Reps_qubits_d_2/slurm_YYDPETGTWY_amber/replica_694/replica_694.pdb,outputs/Reps_qubits_d_2/slurm_YYDPETGTWY_amber/replica_694/replica_694_ca.pdb
305,313297072,random,YYDPETGTWY,amber,-71.3601650579599,6.26874319203064,22.603422734579578,7.587249497647523,5.508595556037851,4.848916770784997,296.8,aer,4096,outputs/Reps_qubits_d_2/slurm_YYDPETGTWY_amber/replica_305/replica_305.pdb,outputs/Reps_qubits_d_2/slurm_YYDPETGTWY_amber/replica_305/replica_305_ca.pdb
124,313296891,random,YYDPETGTWY,amber,-21.596888543190495,6.269859743235336,22.198246376790678,7.204538224398116,5.508595556037851,4.848916770784997,361.69,aer,4096,outputs/Reps_qubits_d_2/slurm_YYDPETGTWY_amber/replica_124/replica_124.pdb,outputs/Reps_qubits_d_2/slurm_YYDPETGTWY_amber/replica_124/replica_124_ca.pdb
685,313297452,random,YYDPETGTWY,amber,-68.63840111355748,6.271305500564156,22.323895639270795,7.2701230818731855,5.508595556037851,4.848916770784997,265.82,aer,4096,outputs/Reps_qubits_d_2/slurm_YYDPETGTWY_amber/replica_685/replica_685.pdb,outputs/Reps_qubits_d_2/slurm_YYDPETGTWY_amber/replica_685/replica_685_ca.pdb
23,313296790,random,YYDPETGTWY,amber,-38.700008416791945,6.271392262218472,21.12511408217,7.572257831979537,5.508595556037851,4.848916770784997,334.38,aer,4096,outputs/Reps_qubits_d_2/slurm_YYDPETGTWY_amber/replica_23/replica_23.pdb,outputs/Reps_qubits_d_2/slurm_YYDPETGTWY_amber/replica_23/replica_23_ca.pdb
999,313297766,random,YYDPETGTWY,amber,36.090948689906384,6.272285204704719,23.14403405798374,7.6636751128097576,5.508595556037851,4.848916770784997,332.41,aer,4096,outputs/Reps_qubits_d_2/slurm_YYDPETGTWY_amber/replica_999/replica_999.pdb,outputs/Reps_qubits_d_2/slurm_YYDPETGTWY_amber/replica_999/replica_999_ca.pdb
957,313297724,random,YYDPETGTWY,amber,-33.24151670053895,6.273085138989221,21.71841686134754,7.463605322792612,5.508595556037851,4.848916770784997,279.29,aer,4096,outputs/Reps_qubits_d_2/slurm_YYDPETGTWY_amber/replica_957/replica_957.pdb,outputs/Reps_qubits_d_2/slurm_YYDPETGTWY_amber/replica_957/replica_957_ca.pdb
696,313297463,random,YYDPETGTWY,amber,-29.63083833445092,6.273914856023237,22.689607115375598,7.675396666890422,5.508595556037851,4.848916770784997,363.73,aer,4096,outputs/Reps_qubits_d_2/slurm_YYDPETGTWY_amber/replica_696/replica_696.pdb,outputs/Reps_qubits_d_2/slurm_YYDPETGTWY_amber/replica_696/replica_696_ca.pdb
992,313297759,random,YYDPETGTWY,amber,-16.792851299761914,6.290834617251074,21.526535209958926,7.459905022352007,5.508595556037851,4.848916770784997,305.39,aer,4096,outputs/Reps_qubits_d_2/slurm_YYDPETGTWY_amber/replica_992/replica_992.pdb,outputs/Reps_qubits_d_2/slurm_YYDPETGTWY_amber/replica_992/replica_992_ca.pdb
893,313297660,random,YYDPETGTWY,amber,12.22126583178915,6.294020578244065,22.278936372636142,7.5636983708768515,5.508595556037851,4.848916770784997,493.3,aer,4096,outputs/Reps_qubits_d_2/slurm_YYDPETGTWY_amber/replica_893/replica_893.pdb,outputs/Reps_qubits_d_2/slurm_YYDPETGTWY_amber/replica_893/replica_893_ca.pdb
758,313297525,random,YYDPETGTWY,amber,-0.6669565186080734,6.2944658001627465,23.16575236876623,7.516673777518059,5.508595556037851,4.848916770784997,357.34,aer,4096,outputs/Reps_qubits_d_2/slurm_YYDPETGTWY_amber/replica_758/replica_758.pdb,outputs/Reps_qubits_d_2/slurm_YYDPETGTWY_amber/replica_758/replica_758_ca.pdb
230,313296997,random,YYDPETGTWY,amber,-12.850616017155984,6.294612373731898,23.12775930246893,7.442615898481938,5.508595556037851,4.848916770784997,222.59,aer,4096,outputs/Reps_qubits_d_2/slurm_YYDPETGTWY_amber/replica_230/replica_230.pdb,outputs/Reps_qubits_d_2/slurm_YYDPETGTWY_amber/replica_230/replica_230_ca.pdb
587,313297354,random,YYDPETGTWY,amber,43.52373592821594,6.29585717873748,21.635453584834206,7.137010598967978,5.508595556037851,4.848916770784997,270.22,aer,4096,outputs/Reps_qubits_d_2/slurm_YYDPETGTWY_amber/replica_587/replica_587.pdb,outputs/Reps_qubits_d_2/slurm_YYDPETGTWY_amber/replica_587/replica_587_ca.pdb
895,313297662,random,YYDPETGTWY,amber,-61.53173753148295,6.299991908707882,22.936966465721287,7.388795855747648,5.508595556037851,4.848916770784997,215.21,aer,4096,outputs/Reps_qubits_d_2/slurm_YYDPETGTWY_amber/replica_895/replica_895.pdb,outputs/Reps_qubits_d_2/slurm_YYDPETGTWY_amber/replica_895/replica_895_ca.pdb
258,313297025,random,YYDPETGTWY,amber,-50.14986060181183,6.300672283051427,22.40481466014835,7.598085577999755,5.508595556037851,4.848916770784997,229.87,aer,4096,outputs/Reps_qubits_d_2/slurm_YYDPETGTWY_amber/replica_258/replica_258.pdb,outputs/Reps_qubits_d_2/slurm_YYDPETGTWY_amber/replica_258/replica_258_ca.pdb
224,313296991,random,YYDPETGTWY,amber,53.93097554650781,6.302707411803645,21.811351274758838,7.388788047447365,5.508595556037851,4.848916770784997,234.85,aer,4096,outputs/Reps_qubits_d_2/slurm_YYDPETGTWY_amber/replica_224/replica_224.pdb,outputs/Reps_qubits_d_2/slurm_YYDPETGTWY_amber/replica_224/replica_224_ca.pdb
565,313297332,random,YYDPETGTWY,amber,182.64967470419973,6.303745425716086,20.90402272733509,7.035538923510263,5.508595556037851,4.848916770784997,308.55,aer,4096,outputs/Reps_qubits_d_2/slurm_YYDPETGTWY_amber/replica_565/replica_565.pdb,outputs/Reps_qubits_d_2/slurm_YYDPETGTWY_amber/replica_565/replica_565_ca.pdb
746,313297513,random,YYDPETGTWY,amber,44.585302956151736,6.308896626257361,21.81215773383117,7.455960572031325,5.508595556037851,4.848916770784997,296.52,aer,4096,outputs/Reps_qubits_d_2/slurm_YYDPETGTWY_amber/replica_746/replica_746.pdb,outputs/Reps_qubits_d_2/slurm_YYDPETGTWY_amber/replica_746/replica_746_ca.pdb
491,313297258,random,YYDPETGTWY,amber,46.863960970540056,6.309487489617639,23.246829010334245,7.572438247089267,5.508595556037851,4.848916770784997,270.63,aer,4096,outputs/Reps_qubits_d_2/slurm_YYDPETGTWY_amber/replica_491/replica_491.pdb,outputs/Reps_qubits_d_2/slurm_YYDPETGTWY_amber/replica_491/replica_491_ca.pdb
340,313297107,random,YYDPETGTWY,amber,-15.045673815609407,6.30981545564567,22.80829144546035,7.285499421403222,5.508595556037851,4.848916770784997,265.25,aer,4096,outputs/Reps_qubits_d_2/slurm_YYDPETGTWY_amber/replica_340/replica_340.pdb,outputs/Reps_qubits_d_2/slurm_YYDPETGTWY_amber/replica_340/replica_340_ca.pdb
442,313297209,random,YYDPETGTWY,amber,11.343857168969608,6.311927852654438,23.77708630155571,7.758088653284372,5.508595556037851,4.848916770784997,518.68,aer,4096,outputs/Reps_qubits_d_2/slurm_YYDPETGTWY_amber/replica_442/replica_442.pdb,outputs/Reps_qubits_d_2/slurm_YYDPETGTWY_amber/replica_442/replica_442_ca.pdb
960,313297727,random,YYDPETGTWY,amber,2.4114018386409075,6.312597441635281,21.927923794906015,7.660788158860438,5.508595556037851,4.848916770784997,283.79,aer,4096,outputs/Reps_qubits_d_2/slurm_YYDPETGTWY_amber/replica_960/replica_960.pdb,outputs/Reps_qubits_d_2/slurm_YYDPETGTWY_amber/replica_960/replica_960_ca.pdb
515,313297282,random,YYDPETGTWY,amber,-11.8168438260068,6.315122081821791,22.995492254803104,7.272580931811187,5.508595556037851,4.848916770784997,296.06,aer,4096,outputs/Reps_qubits_d_2/slurm_YYDPETGTWY_amber/replica_515/replica_515.pdb,outputs/Reps_qubits_d_2/slurm_YYDPETGTWY_amber/replica_515/replica_515_ca.pdb
176,313296943,random,YYDPETGTWY,amber,74.08804263810146,6.316803886849533,23.197469202140525,7.367368727949047,5.508595556037851,4.848916770784997,342.45,aer,4096,outputs/Reps_qubits_d_2/slurm_YYDPETGTWY_amber/replica_176/replica_176.pdb,outputs/Reps_qubits_d_2/slurm_YYDPETGTWY_amber/replica_176/replica_176_ca.pdb
557,313297324,random,YYDPETGTWY,amber,-58.37552119356451,6.3260329649305005,22.766811569074346,7.352241257596992,5.508595556037851,4.848916770784997,331.58,aer,4096,outputs/Reps_qubits_d_2/slurm_YYDPETGTWY_amber/replica_557/replica_557.pdb,outputs/Reps_qubits_d_2/slurm_YYDPETGTWY_amber/replica_557/replica_557_ca.pdb
507,313297274,random,YYDPETGTWY,amber,0.8425727152487905,6.326498665774861,21.744005750208913,7.534922941554103,5.508595556037851,4.848916770784997,243.0,aer,4096,outputs/Reps_qubits_d_2/slurm_YYDPETGTWY_amber/replica_507/replica_507.pdb,outputs/Reps_qubits_d_2/slurm_YYDPETGTWY_amber/replica_507/replica_507_ca.pdb
851,313297618,random,YYDPETGTWY,amber,12.820798154517119,6.326591927735023,22.565309518288583,7.358445055090098,5.508595556037851,4.848916770784997,252.22,aer,4096,outputs/Reps_qubits_d_2/slurm_YYDPETGTWY_amber/replica_851/replica_851.pdb,outputs/Reps_qubits_d_2/slurm_YYDPETGTWY_amber/replica_851/replica_851_ca.pdb
65,313296832,random,YYDPETGTWY,amber,560.1847110457996,6.331989386191356,22.364179783189783,7.569711784768816,5.508595556037851,4.848916770784997,250.29,aer,4096,outputs/Reps_qubits_d_2/slurm_YYDPETGTWY_amber/replica_65/replica_65.pdb,outputs/Reps_qubits_d_2/slurm_YYDPETGTWY_amber/replica_65/replica_65_ca.pdb
6,313296773,random,YYDPETGTWY,amber,-68.35324816423477,6.3326564935927365,22.264976446490447,7.558098943662382,5.508595556037851,4.848916770784997,291.67,aer,4096,outputs/Reps_qubits_d_2/slurm_YYDPETGTWY_amber/replica_6/replica_6.pdb,outputs/Reps_qubits_d_2/slurm_YYDPETGTWY_amber/replica_6/replica_6_ca.pdb
928,313297695,random,YYDPETGTWY,amber,-24.02230762140134,6.332721917953606,23.19384363986228,7.6757533559217554,5.508595556037851,4.848916770784997,329.62,aer,4096,outputs/Reps_qubits_d_2/slurm_YYDPETGTWY_amber/replica_928/replica_928.pdb,outputs/Reps_qubits_d_2/slurm_YYDPETGTWY_amber/replica_928/replica_928_ca.pdb
260,313297027,random,YYDPETGTWY,amber,-3.0002734119842533,6.333925818931293,21.65514841920912,7.2490691928783955,5.508595556037851,4.848916770784997,298.99,aer,4096,outputs/Reps_qubits_d_2/slurm_YYDPETGTWY_amber/replica_260/replica_260.pdb,outputs/Reps_qubits_d_2/slurm_YYDPETGTWY_amber/replica_260/replica_260_ca.pdb
379,313297146,random,YYDPETGTWY,amber,-23.227900136748538,6.334662034308351,21.83372573787491,7.500278598221474,5.508595556037851,4.848916770784997,231.94,aer,4096,outputs/Reps_qubits_d_2/slurm_YYDPETGTWY_amber/replica_379/replica_379.pdb,outputs/Reps_qubits_d_2/slurm_YYDPETGTWY_amber/replica_379/replica_379_ca.pdb
831,313297598,random,YYDPETGTWY,amber,-76.36730573269092,6.335830179312338,21.385224293596178,7.372736858658513,5.508595556037851,4.848916770784997,274.02,aer,4096,outputs/Reps_qubits_d_2/slurm_YYDPETGTWY_amber/replica_831/replica_831.pdb,outputs/Reps_qubits_d_2/slurm_YYDPETGTWY_amber/replica_831/replica_831_ca.pdb
640,313297407,random,YYDPETGTWY,amber,89.52998800767523,6.34185594809615,22.994064372621533,7.584762405853854,5.508595556037851,4.848916770784997,370.97,aer,4096,outputs/Reps_qubits_d_2/slurm_YYDPETGTWY_amber/replica_640/replica_640.pdb,outputs/Reps_qubits_d_2/slurm_YYDPETGTWY_amber/replica_640/replica_640_ca.pdb
285,313297052,random,YYDPETGTWY,amber,-32.09255048823772,6.343838451785973,22.82787000129156,7.649841630997012,5.508595556037851,4.848916770784997,270.63,aer,4096,outputs/Reps_qubits_d_2/slurm_YYDPETGTWY_amber/replica_285/replica_285.pdb,outputs/Reps_qubits_d_2/slurm_YYDPETGTWY_amber/replica_285/replica_285_ca.pdb
543,313297310,random,YYDPETGTWY,amber,-52.2593926470852,6.349254704196294,23.584487749603113,7.683417119954904,5.508595556037851,4.848916770784997,257.9,aer,4096,outputs/Reps_qubits_d_2/slurm_YYDPETGTWY_amber/replica_543/replica_543.pdb,outputs/Reps_qubits_d_2/slurm_YYDPETGTWY_amber/replica_543/replica_543_ca.pdb
914,313297681,random,YYDPETGTWY,amber,-22.30037432672762,6.349717092252673,22.1929751492207,7.394616699052808,5.508595556037851,4.848916770784997,418.54,aer,4096,outputs/Reps_qubits_d_2/slurm_YYDPETGTWY_amber/replica_914/replica_914.pdb,outputs/Reps_qubits_d_2/slurm_YYDPETGTWY_amber/replica_914/replica_914_ca.pdb
970,313297737,random,YYDPETGTWY,amber,62.259856117776756,6.35004665801648,21.37945707172266,7.071769533248597,5.508595556037851,4.848916770784997,220.51,aer,4096,outputs/Reps_qubits_d_2/slurm_YYDPETGTWY_amber/replica_970/replica_970.pdb,outputs/Reps_qubits_d_2/slurm_YYDPETGTWY_amber/replica_970/replica_970_ca.pdb
295,313297062,random,YYDPETGTWY,amber,7.526288481601623,6.351471006177799,22.14380189468001,7.545948879150159,5.508595556037851,4.848916770784997,217.13,aer,4096,outputs/Reps_qubits_d_2/slurm_YYDPETGTWY_amber/replica_295/replica_295.pdb,outputs/Reps_qubits_d_2/slurm_YYDPETGTWY_amber/replica_295/replica_295_ca.pdb
812,313297579,random,YYDPETGTWY,amber,487.73273115489377,6.353622714541528,22.51778129832289,7.327442866607256,5.508595556037851,4.848916770784997,190.39,aer,4096,outputs/Reps_qubits_d_2/slurm_YYDPETGTWY_amber/replica_812/replica_812.pdb,outputs/Reps_qubits_d_2/slurm_YYDPETGTWY_amber/replica_812/replica_812_ca.pdb
573,313297340,random,YYDPETGTWY,amber,-28.24929056623555,6.354402551810469,22.205137025684564,7.22830302405331,5.508595556037851,4.848916770784997,324.42,aer,4096,outputs/Reps_qubits_d_2/slurm_YYDPETGTWY_amber/replica_573/replica_573.pdb,outputs/Reps_qubits_d_2/slurm_YYDPETGTWY_amber/replica_573/replica_573_ca.pdb
13,313296780,random,YYDPETGTWY,amber,58.39390900750431,6.368749368941635,23.0015272496054,7.480124072100866,5.508595556037851,4.848916770784997,297.86,aer,4096,outputs/Reps_qubits_d_2/slurm_YYDPETGTWY_amber/replica_13/replica_13.pdb,outputs/Reps_qubits_d_2/slurm_YYDPETGTWY_amber/replica_13/replica_13_ca.pdb
351,313297118,random,YYDPETGTWY,amber,48.965568501577835,6.371257603616082,23.165747509077146,7.715642357612789,5.508595556037851,4.848916770784997,416.19,aer,4096,outputs/Reps_qubits_d_2/slurm_YYDPETGTWY_amber/replica_351/replica_351.pdb,outputs/Reps_qubits_d_2/slurm_YYDPETGTWY_amber/replica_351/replica_351_ca.pdb
271,313297038,random,YYDPETGTWY,amber,19.053142735883572,6.373135073879145,21.904453464947366,7.428295904992469,5.508595556037851,4.848916770784997,495.86,aer,4096,outputs/Reps_qubits_d_2/slurm_YYDPETGTWY_amber/replica_271/replica_271.pdb,outputs/Reps_qubits_d_2/slurm_YYDPETGTWY_amber/replica_271/replica_271_ca.pdb
473,313297240,random,YYDPETGTWY,amber,129.35511728617607,6.378361982935255,19.906465927119232,7.20802989134086,5.508595556037851,4.848916770784997,215.96,aer,4096,outputs/Reps_qubits_d_2/slurm_YYDPETGTWY_amber/replica_473/replica_473.pdb,outputs/Reps_qubits_d_2/slurm_YYDPETGTWY_amber/replica_473/replica_473_ca.pdb
832,313297599,random,YYDPETGTWY,amber,-18.489196773426134,6.381038462202346,23.166115754486768,7.697876069612046,5.508595556037851,4.848916770784997,455.31,aer,4096,outputs/Reps_qubits_d_2/slurm_YYDPETGTWY_amber/replica_832/replica_832.pdb,outputs/Reps_qubits_d_2/slurm_YYDPETGTWY_amber/replica_832/replica_832_ca.pdb
511,313297278,random,YYDPETGTWY,amber,0.034873342919700345,6.382175949990779,23.965605728209137,7.797016313378942,5.508595556037851,4.848916770784997,446.76,aer,4096,outputs/Reps_qubits_d_2/slurm_YYDPETGTWY_amber/replica_511/replica_511.pdb,outputs/Reps_qubits_d_2/slurm_YYDPETGTWY_amber/replica_511/replica_511_ca.pdb
626,313297393,random,YYDPETGTWY,amber,-46.17508567651497,6.382195985818752,22.8401631817542,7.440490569589741,5.508595556037851,4.848916770784997,260.35,aer,4096,outputs/Reps_qubits_d_2/slurm_YYDPETGTWY_amber/replica_626/replica_626.pdb,outputs/Reps_qubits_d_2/slurm_YYDPETGTWY_amber/replica_626/replica_626_ca.pdb
597,313297364,random,YYDPETGTWY,amber,36.73295652870429,6.382936091376086,23.273188568325175,7.666089834536134,5.508595556037851,4.848916770784997,298.94,aer,4096,outputs/Reps_qubits_d_2/slurm_YYDPETGTWY_amber/replica_597/replica_597.pdb,outputs/Reps_qubits_d_2/slurm_YYDPETGTWY_amber/replica_597/replica_597_ca.pdb
394,313297161,random,YYDPETGTWY,amber,-31.834900363839118,6.389580266190986,23.275702366739008,7.6141515171578975,5.508595556037851,4.848916770784997,268.95,aer,4096,outputs/Reps_qubits_d_2/slurm_YYDPETGTWY_amber/replica_394/replica_394.pdb,outputs/Reps_qubits_d_2/slurm_YYDPETGTWY_amber/replica_394/replica_394_ca.pdb
348,313297115,random,YYDPETGTWY,amber,43.98078475734238,6.391252841509603,22.5120444675175,7.27891883359171,5.508595556037851,4.848916770784997,305.57,aer,4096,outputs/Reps_qubits_d_2/slurm_YYDPETGTWY_amber/replica_348/replica_348.pdb,outputs/Reps_qubits_d_2/slurm_YYDPETGTWY_amber/replica_348/replica_348_ca.pdb
985,313297752,random,YYDPETGTWY,amber,2.9743446295359863,6.392745941892139,23.371372659796435,7.680827865448647,5.508595556037851,4.848916770784997,356.93,aer,4096,outputs/Reps_qubits_d_2/slurm_YYDPETGTWY_amber/replica_985/replica_985.pdb,outputs/Reps_qubits_d_2/slurm_YYDPETGTWY_amber/replica_985/replica_985_ca.pdb
400,313297167,random,YYDPETGTWY,amber,-39.898658521336586,6.396457309333302,23.594247946178147,7.606610074863566,5.508595556037851,4.848916770784997,290.34,aer,4096,outputs/Reps_qubits_d_2/slurm_YYDPETGTWY_amber/replica_400/replica_400.pdb,outputs/Reps_qubits_d_2/slurm_YYDPETGTWY_amber/replica_400/replica_400_ca.pdb
497,313297264,random,YYDPETGTWY,amber,-1.444817948649252,6.396473980171192,22.335709722097363,7.376373477313379,5.508595556037851,4.848916770784997,245.3,aer,4096,outputs/Reps_qubits_d_2/slurm_YYDPETGTWY_amber/replica_497/replica_497.pdb,outputs/Reps_qubits_d_2/slurm_YYDPETGTWY_amber/replica_497/replica_497_ca.pdb
102,313296869,random,YYDPETGTWY,amber,30.68644695718483,6.396863273308823,21.01650195323034,7.060398642049252,5.508595556037851,4.848916770784997,253.9,aer,4096,outputs/Reps_qubits_d_2/slurm_YYDPETGTWY_amber/replica_102/replica_102.pdb,outputs/Reps_qubits_d_2/slurm_YYDPETGTWY_amber/replica_102/replica_102_ca.pdb
469,313297236,random,YYDPETGTWY,amber,-25.855924753973834,6.4000176062398735,22.8891674705694,7.7833124352874306,5.508595556037851,4.848916770784997,452.68,aer,4096,outputs/Reps_qubits_d_2/slurm_YYDPETGTWY_amber/replica_469/replica_469.pdb,outputs/Reps_qubits_d_2/slurm_YYDPETGTWY_amber/replica_469/replica_469_ca.pdb
84,313296851,random,YYDPETGTWY,amber,-27.284605082574167,6.400594244450321,21.401871302371145,7.684892899580722,5.508595556037851,4.848916770784997,315.23,aer,4096,outputs/Reps_qubits_d_2/slurm_YYDPETGTWY_amber/replica_84/replica_84.pdb,outputs/Reps_qubits_d_2/slurm_YYDPETGTWY_amber/replica_84/replica_84_ca.pdb
757,313297524,random,YYDPETGTWY,amber,-9.40612745541397,6.401531092759612,22.41777397346366,7.279305524075814,5.508595556037851,4.848916770784997,255.12,aer,4096,outputs/Reps_qubits_d_2/slurm_YYDPETGTWY_amber/replica_757/replica_757.pdb,outputs/Reps_qubits_d_2/slurm_YYDPETGTWY_amber/replica_757/replica_757_ca.pdb
100,313296867,random,YYDPETGTWY,amber,52.67362134198258,6.401801178395384,22.82074674608735,7.42047311004632,5.508595556037851,4.848916770784997,301.55,aer,4096,outputs/Reps_qubits_d_2/slurm_YYDPETGTWY_amber/replica_100/replica_100.pdb,outputs/Reps_qubits_d_2/slurm_YYDPETGTWY_amber/replica_100/replica_100_ca.pdb
617,313297384,random,YYDPETGTWY,amber,-60.96319073052286,6.40184763048027,23.655385228286246,7.858047842707531,5.508595556037851,4.848916770784997,382.71,aer,4096,outputs/Reps_qubits_d_2/slurm_YYDPETGTWY_amber/replica_617/replica_617.pdb,outputs/Reps_qubits_d_2/slurm_YYDPETGTWY_amber/replica_617/replica_617_ca.pdb
139,313296906,random,YYDPETGTWY,amber,63.70723726194981,6.4019243439616655,22.640627172465155,7.41658962151491,5.508595556037851,4.848916770784997,525.36,aer,4096,outputs/Reps_qubits_d_2/slurm_YYDPETGTWY_amber/replica_139/replica_139.pdb,outputs/Reps_qubits_d_2/slurm_YYDPETGTWY_amber/replica_139/replica_139_ca.pdb
37,313296804,random,YYDPETGTWY,amber,13.452922146853666,6.412669967363391,23.286739881714727,7.458564376343638,5.508595556037851,4.848916770784997,242.12,aer,4096,outputs/Reps_qubits_d_2/slurm_YYDPETGTWY_amber/replica_37/replica_37.pdb,outputs/Reps_qubits_d_2/slurm_YYDPETGTWY_amber/replica_37/replica_37_ca.pdb
508,313297275,random,YYDPETGTWY,amber,6.238652597748428,6.414491589750524,21.960996494387587,7.399219271333414,5.508595556037851,4.848916770784997,210.18,aer,4096,outputs/Reps_qubits_d_2/slurm_YYDPETGTWY_amber/replica_508/replica_508.pdb,outputs/Reps_qubits_d_2/slurm_YYDPETGTWY_amber/replica_508/replica_508_ca.pdb
539,313297306,random,YYDPETGTWY,amber,183.7767702251353,6.414810578236728,21.61295169683242,7.48736867626557,5.508595556037851,4.848916770784997,379.35,aer,4096,outputs/Reps_qubits_d_2/slurm_YYDPETGTWY_amber/replica_539/replica_539.pdb,outputs/Reps_qubits_d_2/slurm_YYDPETGTWY_amber/replica_539/replica_539_ca.pdb
294,313297061,random,YYDPETGTWY,amber,-24.846675689109244,6.4153133092665815,23.45754533442684,7.429224439789587,5.508595556037851,4.848916770784997,276.28,aer,4096,outputs/Reps_qubits_d_2/slurm_YYDPETGTWY_amber/replica_294/replica_294.pdb,outputs/Reps_qubits_d_2/slurm_YYDPETGTWY_amber/replica_294/replica_294_ca.pdb
19,313296786,random,YYDPETGTWY,amber,6.671658678260361,6.416176352862309,20.28905196490178,7.053892946638011,5.508595556037851,4.848916770784997,274.68,aer,4096,outputs/Reps_qubits_d_2/slurm_YYDPETGTWY_amber/replica_19/replica_19.pdb,outputs/Reps_qubits_d_2/slurm_YYDPETGTWY_amber/replica_19/replica_19_ca.pdb
270,313297037,random,YYDPETGTWY,amber,44.70944206602599,6.419495886604229,22.723878063280623,7.63462013970075,5.508595556037851,4.848916770784997,265.06,aer,4096,outputs/Reps_qubits_d_2/slurm_YYDPETGTWY_amber/replica_270/replica_270.pdb,outputs/Reps_qubits_d_2/slurm_YYDPETGTWY_amber/replica_270/replica_270_ca.pdb
132,313296899,random,YYDPETGTWY,amber,15.675418908951958,6.420054836182692,23.162959983898276,7.5516464203631815,5.508595556037851,4.848916770784997,287.42,aer,4096,outputs/Reps_qubits_d_2/slurm_YYDPETGTWY_amber/replica_132/replica_132.pdb,outputs/Reps_qubits_d_2/slurm_YYDPETGTWY_amber/replica_132/replica_132_ca.pdb
734,313297501,random,YYDPETGTWY,amber,-69.56731648058157,6.420951922487422,22.854132703980483,7.744242316877078,5.508595556037851,4.848916770784997,366.42,aer,4096,outputs/Reps_qubits_d_2/slurm_YYDPETGTWY_amber/replica_734/replica_734.pdb,outputs/Reps_qubits_d_2/slurm_YYDPETGTWY_amber/replica_734/replica_734_ca.pdb
798,313297565,random,YYDPETGTWY,amber,-20.87384614906723,6.421335166387164,21.135516144542223,7.488449774711465,5.508595556037851,4.848916770784997,287.99,aer,4096,outputs/Reps_qubits_d_2/slurm_YYDPETGTWY_amber/replica_798/replica_798.pdb,outputs/Reps_qubits_d_2/slurm_YYDPETGTWY_amber/replica_798/replica_798_ca.pdb
416,313297183,random,YYDPETGTWY,amber,-49.484406630483086,6.4260746600706895,24.324649071490388,7.68361487572005,5.508595556037851,4.848916770784997,297.18,aer,4096,outputs/Reps_qubits_d_2/slurm_YYDPETGTWY_amber/replica_416/replica_416.pdb,outputs/Reps_qubits_d_2/slurm_YYDPETGTWY_amber/replica_416/replica_416_ca.pdb
639,313297406,random,YYDPETGTWY,amber,85.60938903408945,6.426187992183315,21.4459806652147,7.11197006243432,5.508595556037851,4.848916770784997,468.44,aer,4096,outputs/Reps_qubits_d_2/slurm_YYDPETGTWY_amber/replica_639/replica_639.pdb,outputs/Reps_qubits_d_2/slurm_YYDPETGTWY_amber/replica_639/replica_639_ca.pdb
401,313297168,random,YYDPETGTWY,amber,219.88410237422875,6.427838381888643,22.969651482614005,7.38697769906517,5.508595556037851,4.848916770784997,147.74,aer,4096,outputs/Reps_qubits_d_2/slurm_YYDPETGTWY_amber/replica_401/replica_401.pdb,outputs/Reps_qubits_d_2/slurm_YYDPETGTWY_amber/replica_401/replica_401_ca.pdb
788,313297555,random,YYDPETGTWY,amber,-48.078444689356054,6.4324218502440065,21.38831544582034,7.035588773146943,5.508595556037851,4.848916770784997,446.14,aer,4096,outputs/Reps_qubits_d_2/slurm_YYDPETGTWY_amber/replica_788/replica_788.pdb,outputs/Reps_qubits_d_2/slurm_YYDPETGTWY_amber/replica_788/replica_788_ca.pdb
227,313296994,random,YYDPETGTWY,amber,-137.34176745842606,6.435217618516229,23.519481846203217,7.653292861253411,5.508595556037851,4.848916770784997,361.6,aer,4096,outputs/Reps_qubits_d_2/slurm_YYDPETGTWY_amber/replica_227/replica_227.pdb,outputs/Reps_qubits_d_2/slurm_YYDPETGTWY_amber/replica_227/replica_227_ca.pdb
494,313297261,random,YYDPETGTWY,amber,-69.34834629247268,6.436191080118988,21.57567713211253,7.588291097578216,5.508595556037851,4.848916770784997,549.7,aer,4096,outputs/Reps_qubits_d_2/slurm_YYDPETGTWY_amber/replica_494/replica_494.pdb,outputs/Reps_qubits_d_2/slurm_YYDPETGTWY_amber/replica_494/replica_494_ca.pdb
51,313296818,random,YYDPETGTWY,amber,-68.11692210156006,6.4390787957099995,22.65548515338156,7.255933910555358,5.508595556037851,4.848916770784997,311.07,aer,4096,outputs/Reps_qubits_d_2/slurm_YYDPETGTWY_amber/replica_51/replica_51.pdb,outputs/Reps_qubits_d_2/slurm_YYDPETGTWY_amber/replica_51/replica_51_ca.pdb
447,313297214,random,YYDPETGTWY,amber,-21.349972965160262,6.442157351870333,21.25821151123108,7.092491933530537,5.508595556037851,4.848916770784997,452.0,aer,4096,outputs/Reps_qubits_d_2/slurm_YYDPETGTWY_amber/replica_447/replica_447.pdb,outputs/Reps_qubits_d_2/slurm_YYDPETGTWY_amber/replica_447/replica_447_ca.pdb
665,313297432,random,YYDPETGTWY,amber,-32.461212143210986,6.443299999615284,22.401430306820995,7.492643828024738,5.508595556037851,4.848916770784997,329.51,aer,4096,outputs/Reps_qubits_d_2/slurm_YYDPETGTWY_amber/replica_665/replica_665.pdb,outputs/Reps_qubits_d_2/slurm_YYDPETGTWY_amber/replica_665/replica_665_ca.pdb
936,313297703,random,YYDPETGTWY,amber,100.75214086491536,6.443985883492984,24.062754561625923,7.59779597912374,5.508595556037851,4.848916770784997,306.44,aer,4096,outputs/Reps_qubits_d_2/slurm_YYDPETGTWY_amber/replica_936/replica_936.pdb,outputs/Reps_qubits_d_2/slurm_YYDPETGTWY_amber/replica_936/replica_936_ca.pdb
49,313296816,random,YYDPETGTWY,amber,-38.684054691536396,6.4468840245829835,22.072824916905343,7.436570075831439,5.508595556037851,4.848916770784997,362.13,aer,4096,outputs/Reps_qubits_d_2/slurm_YYDPETGTWY_amber/replica_49/replica_49.pdb,outputs/Reps_qubits_d_2/slurm_YYDPETGTWY_amber/replica_49/replica_49_ca.pdb
836,313297603,random,YYDPETGTWY,amber,-43.448403614291685,6.44945767545715,20.523190475771983,7.024637189775159,5.508595556037851,4.848916770784997,283.44,aer,4096,outputs/Reps_qubits_d_2/slurm_YYDPETGTWY_amber/replica_836/replica_836.pdb,outputs/Reps_qubits_d_2/slurm_YYDPETGTWY_amber/replica_836/replica_836_ca.pdb
742,313297509,random,YYDPETGTWY,amber,-21.446052129920016,6.450474328850249,20.935023079552913,7.083637154059546,5.508595556037851,4.848916770784997,263.99,aer,4096,outputs/Reps_qubits_d_2/slurm_YYDPETGTWY_amber/replica_742/replica_742.pdb,outputs/Reps_qubits_d_2/slurm_YYDPETGTWY_amber/replica_742/replica_742_ca.pdb
443,313297210,random,YYDPETGTWY,amber,56.26480565511114,6.450802293772034,21.622449807897723,7.322723611085663,5.508595556037851,4.848916770784997,257.6,aer,4096,outputs/Reps_qubits_d_2/slurm_YYDPETGTWY_amber/replica_443/replica_443.pdb,outputs/Reps_qubits_d_2/slurm_YYDPETGTWY_amber/replica_443/replica_443_ca.pdb
510,313297277,random,YYDPETGTWY,amber,28.45901841552542,6.452385536485546,23.67675387704486,7.843511844572489,5.508595556037851,4.848916770784997,324.1,aer,4096,outputs/Reps_qubits_d_2/slurm_YYDPETGTWY_amber/replica_510/replica_510.pdb,outputs/Reps_qubits_d_2/slurm_YYDPETGTWY_amber/replica_510/replica_510_ca.pdb
367,313297134,random,YYDPETGTWY,amber,130.81105439404425,6.45598850868355,19.892045360524218,7.1622570885358225,5.508595556037851,4.848916770784997,245.72,aer,4096,outputs/Reps_qubits_d_2/slurm_YYDPETGTWY_amber/replica_367/replica_367.pdb,outputs/Reps_qubits_d_2/slurm_YYDPETGTWY_amber/replica_367/replica_367_ca.pdb
180,313296947,random,YYDPETGTWY,amber,-30.423184974222018,6.462350715963494,22.184970304106102,7.1976945436605275,5.508595556037851,4.848916770784997,342.66,aer,4096,outputs/Reps_qubits_d_2/slurm_YYDPETGTWY_amber/replica_180/replica_180.pdb,outputs/Reps_qubits_d_2/slurm_YYDPETGTWY_amber/replica_180/replica_180_ca.pdb
753,313297520,random,YYDPETGTWY,amber,-38.40068656253727,6.462791124778068,22.078039307628757,7.785495225640818,5.508595556037851,4.848916770784997,394.04,aer,4096,outputs/Reps_qubits_d_2/slurm_YYDPETGTWY_amber/replica_753/replica_753.pdb,outputs/Reps_qubits_d_2/slurm_YYDPETGTWY_amber/replica_753/replica_753_ca.pdb
681,313297448,random,YYDPETGTWY,amber,33.5169757082098,6.463149612808983,22.957502414635584,7.695650416264059,5.508595556037851,4.848916770784997,416.53,aer,4096,outputs/Reps_qubits_d_2/slurm_YYDPETGTWY_amber/replica_681/replica_681.pdb,outputs/Reps_qubits_d_2/slurm_YYDPETGTWY_amber/replica_681/replica_681_ca.pdb
381,313297148,random,YYDPETGTWY,amber,20.27552286335719,6.467978266905578,22.892192648861286,7.692774092718925,5.508595556037851,4.848916770784997,272.31,aer,4096,outputs/Reps_qubits_d_2/slurm_YYDPETGTWY_amber/replica_381/replica_381.pdb,outputs/Reps_qubits_d_2/slurm_YYDPETGTWY_amber/replica_381/replica_381_ca.pdb
766,313297533,random,YYDPETGTWY,amber,33.40797112304695,6.468423962974459,23.286038709940506,7.744324398547861,5.508595556037851,4.848916770784997,388.55,aer,4096,outputs/Reps_qubits_d_2/slurm_YYDPETGTWY_amber/replica_766/replica_766.pdb,outputs/Reps_qubits_d_2/slurm_YYDPETGTWY_amber/replica_766/replica_766_ca.pdb
728,313297495,random,YYDPETGTWY,amber,-38.17206258561364,6.473280256420212,23.28228451572392,7.674336536837986,5.508595556037851,4.848916770784997,324.37,aer,4096,outputs/Reps_qubits_d_2/slurm_YYDPETGTWY_amber/replica_728/replica_728.pdb,outputs/Reps_qubits_d_2/slurm_YYDPETGTWY_amber/replica_728/replica_728_ca.pdb
53,313296820,random,YYDPETGTWY,amber,-9.744100120233352,6.474454688930373,22.976578018709734,7.533945984899285,5.508595556037851,4.848916770784997,218.55,aer,4096,outputs/Reps_qubits_d_2/slurm_YYDPETGTWY_amber/replica_53/replica_53.pdb,outputs/Reps_qubits_d_2/slurm_YYDPETGTWY_amber/replica_53/replica_53_ca.pdb
346,313297113,random,YYDPETGTWY,amber,31.042226924702693,6.478932437787655,21.670210134491477,7.525676165029731,5.508595556037851,4.848916770784997,388.11,aer,4096,outputs/Reps_qubits_d_2/slurm_YYDPETGTWY_amber/replica_346/replica_346.pdb,outputs/Reps_qubits_d_2/slurm_YYDPETGTWY_amber/replica_346/replica_346_ca.pdb
643,313297410,random,YYDPETGTWY,amber,-13.485487909748713,6.4816175481305764,21.686595819446374,7.660543762015277,5.508595556037851,4.848916770784997,213.49,aer,4096,outputs/Reps_qubits_d_2/slurm_YYDPETGTWY_amber/replica_643/replica_643.pdb,outputs/Reps_qubits_d_2/slurm_YYDPETGTWY_amber/replica_643/replica_643_ca.pdb
501,313297268,random,YYDPETGTWY,amber,7.621723355050373,6.483775334434822,23.67959167522687,7.664822330782377,5.508595556037851,4.848916770784997,311.06,aer,4096,outputs/Reps_qubits_d_2/slurm_YYDPETGTWY_amber/replica_501/replica_501.pdb,outputs/Reps_qubits_d_2/slurm_YYDPETGTWY_amber/replica_501/replica_501_ca.pdb
48,313296815,random,YYDPETGTWY,amber,3.957226170309707,6.4844404318398405,22.07765983107607,7.869285491107899,5.508595556037851,4.848916770784997,246.67,aer,4096,outputs/Reps_qubits_d_2/slurm_YYDPETGTWY_amber/replica_48/replica_48.pdb,outputs/Reps_qubits_d_2/slurm_YYDPETGTWY_amber/replica_48/replica_48_ca.pdb
251,313297018,random,YYDPETGTWY,amber,29.532777736633253,6.489261715966942,21.750057254578586,7.098608931251916,5.508595556037851,4.848916770784997,314.41,aer,4096,outputs/Reps_qubits_d_2/slurm_YYDPETGTWY_amber/replica_251/replica_251.pdb,outputs/Reps_qubits_d_2/slurm_YYDPETGTWY_amber/replica_251/replica_251_ca.pdb
645,313297412,random,YYDPETGTWY,amber,-33.336865397579906,6.496071181750185,19.982564901313058,6.959507773813242,5.508595556037851,4.848916770784997,284.34,aer,4096,outputs/Reps_qubits_d_2/slurm_YYDPETGTWY_amber/replica_645/replica_645.pdb,outputs/Reps_qubits_d_2/slurm_YYDPETGTWY_amber/replica_645/replica_645_ca.pdb
806,313297573,random,YYDPETGTWY,amber,189.2025563177047,6.497306010426676,23.877362125207508,7.839476004131437,5.508595556037851,4.848916770784997,646.1,aer,4096,outputs/Reps_qubits_d_2/slurm_YYDPETGTWY_amber/replica_806/replica_806.pdb,outputs/Reps_qubits_d_2/slurm_YYDPETGTWY_amber/replica_806/replica_806_ca.pdb
570,313297337,random,YYDPETGTWY,amber,276.49639096821363,6.499569882256311,22.6463107621834,7.349234328893605,5.508595556037851,4.848916770784997,341.82,aer,4096,outputs/Reps_qubits_d_2/slurm_YYDPETGTWY_amber/replica_570/replica_570.pdb,outputs/Reps_qubits_d_2/slurm_YYDPETGTWY_amber/replica_570/replica_570_ca.pdb
747,313297514,random,YYDPETGTWY,amber,-22.576162131291646,6.501828353811761,22.061598423174683,7.276789471473328,5.508595556037851,4.848916770784997,355.0,aer,4096,outputs/Reps_qubits_d_2/slurm_YYDPETGTWY_amber/replica_747/replica_747.pdb,outputs/Reps_qubits_d_2/slurm_YYDPETGTWY_amber/replica_747/replica_747_ca.pdb
550,313297317,random,YYDPETGTWY,amber,-4.211867607178055,6.503656728233406,23.061868926699592,7.5082021243782995,5.508595556037851,4.848916770784997,257.47,aer,4096,outputs/Reps_qubits_d_2/slurm_YYDPETGTWY_amber/replica_550/replica_550.pdb,outputs/Reps_qubits_d_2/slurm_YYDPETGTWY_amber/replica_550/replica_550_ca.pdb
998,313297765,random,YYDPETGTWY,amber,37.31713692456006,6.5040016197536445,22.746086160318544,7.621071191107995,5.508595556037851,4.848916770784997,390.15,aer,4096,outputs/Reps_qubits_d_2/slurm_YYDPETGTWY_amber/replica_998/replica_998.pdb,outputs/Reps_qubits_d_2/slurm_YYDPETGTWY_amber/replica_998/replica_998_ca.pdb
245,313297012,random,YYDPETGTWY,amber,-9.591791268984593,6.505869100774108,22.893825455781574,7.367896813354609,5.508595556037851,4.848916770784997,253.88,aer,4096,outputs/Reps_qubits_d_2/slurm_YYDPETGTWY_amber/replica_245/replica_245.pdb,outputs/Reps_qubits_d_2/slurm_YYDPETGTWY_amber/replica_245/replica_245_ca.pdb
134,313296901,random,YYDPETGTWY,amber,-81.60987623130161,6.508328478579562,23.552411007426166,7.831259002517432,5.508595556037851,4.848916770784997,410.32,aer,4096,outputs/Reps_qubits_d_2/slurm_YYDPETGTWY_amber/replica_134/replica_134.pdb,outputs/Reps_qubits_d_2/slurm_YYDPETGTWY_amber/replica_134/replica_134_ca.pdb
993,313297760,random,YYDPETGTWY,amber,-61.89823899130625,6.508369713209505,22.650994638243905,7.460136396005238,5.508595556037851,4.848916770784997,243.33,aer,4096,outputs/Reps_qubits_d_2/slurm_YYDPETGTWY_amber/replica_993/replica_993.pdb,outputs/Reps_qubits_d_2/slurm_YYDPETGTWY_amber/replica_993/replica_993_ca.pdb
408,313297175,random,YYDPETGTWY,amber,6.713533708943129,6.50944568733415,23.19211412225906,7.823477911655818,5.508595556037851,4.848916770784997,254.99,aer,4096,outputs/Reps_qubits_d_2/slurm_YYDPETGTWY_amber/replica_408/replica_408.pdb,outputs/Reps_qubits_d_2/slurm_YYDPETGTWY_amber/replica_408/replica_408_ca.pdb
185,313296952,random,YYDPETGTWY,amber,26.01696131880881,6.516120703823073,21.534266087807016,7.07967326961391,5.508595556037851,4.848916770784997,304.75,aer,4096,outputs/Reps_qubits_d_2/slurm_YYDPETGTWY_amber/replica_185/replica_185.pdb,outputs/Reps_qubits_d_2/slurm_YYDPETGTWY_amber/replica_185/replica_185_ca.pdb
389,313297156,random,YYDPETGTWY,amber,5.046556943200191,6.517646264781028,22.357430734628338,7.325605298448883,5.508595556037851,4.848916770784997,238.3,aer,4096,outputs/Reps_qubits_d_2/slurm_YYDPETGTWY_amber/replica_389/replica_389.pdb,outputs/Reps_qubits_d_2/slurm_YYDPETGTWY_amber/replica_389/replica_389_ca.pdb
54,313296821,random,YYDPETGTWY,amber,-53.67281673772222,6.519551906621176,21.306280989521518,7.210025280977459,5.508595556037851,4.848916770784997,340.69,aer,4096,outputs/Reps_qubits_d_2/slurm_YYDPETGTWY_amber/replica_54/replica_54.pdb,outputs/Reps_qubits_d_2/slurm_YYDPETGTWY_amber/replica_54/replica_54_ca.pdb
269,313297036,random,YYDPETGTWY,amber,-0.8122114901626944,6.523270179141484,23.243963741091008,7.440252128272145,5.508595556037851,4.848916770784997,265.72,aer,4096,outputs/Reps_qubits_d_2/slurm_YYDPETGTWY_amber/replica_269/replica_269.pdb,outputs/Reps_qubits_d_2/slurm_YYDPETGTWY_amber/replica_269/replica_269_ca.pdb
940,313297707,random,YYDPETGTWY,amber,-49.607456639676755,6.52445542475157,23.333768187525468,7.562357040456366,5.508595556037851,4.848916770784997,260.15,aer,4096,outputs/Reps_qubits_d_2/slurm_YYDPETGTWY_amber/replica_940/replica_940.pdb,outputs/Reps_qubits_d_2/slurm_YYDPETGTWY_amber/replica_940/replica_940_ca.pdb
948,313297715,random,YYDPETGTWY,amber,-7.840811321165887,6.525806951031424,22.813596145632214,7.360200358289673,5.508595556037851,4.848916770784997,335.47,aer,4096,outputs/Reps_qubits_d_2/slurm_YYDPETGTWY_amber/replica_948/replica_948.pdb,outputs/Reps_qubits_d_2/slurm_YYDPETGTWY_amber/replica_948/replica_948_ca.pdb
444,313297211,random,YYDPETGTWY,amber,49.21168284837321,6.527307937422755,21.08990946140928,7.074641527452347,5.508595556037851,4.848916770784997,423.73,aer,4096,outputs/Reps_qubits_d_2/slurm_YYDPETGTWY_amber/replica_444/replica_444.pdb,outputs/Reps_qubits_d_2/slurm_YYDPETGTWY_amber/replica_444/replica_444_ca.pdb
562,313297329,random,YYDPETGTWY,amber,-41.704938726541194,6.528742177225399,23.964264227707833,7.919164649159777,5.508595556037851,4.848916770784997,269.02,aer,4096,outputs/Reps_qubits_d_2/slurm_YYDPETGTWY_amber/replica_562/replica_562.pdb,outputs/Reps_qubits_d_2/slurm_YYDPETGTWY_amber/replica_562/replica_562_ca.pdb
426,313297193,random,YYDPETGTWY,amber,139.99286086879567,6.531805883287233,23.445108523661993,7.6016844118573585,5.508595556037851,4.848916770784997,330.71,aer,4096,outputs/Reps_qubits_d_2/slurm_YYDPETGTWY_amber/replica_426/replica_426.pdb,outputs/Reps_qubits_d_2/slurm_YYDPETGTWY_amber/replica_426/replica_426_ca.pdb
672,313297439,random,YYDPETGTWY,amber,496.03254174259274,6.532694299664177,22.390528478548045,7.585731930970729,5.508595556037851,4.848916770784997,195.35,aer,4096,outputs/Reps_qubits_d_2/slurm_YYDPETGTWY_amber/replica_672/replica_672.pdb,outputs/Reps_qubits_d_2/slurm_YYDPETGTWY_amber/replica_672/replica_672_ca.pdb
824,313297591,random,YYDPETGTWY,amber,50.29180934965989,6.5351072693416725,23.036763405698096,7.872595594983302,5.508595556037851,4.848916770784997,309.91,aer,4096,outputs/Reps_qubits_d_2/slurm_YYDPETGTWY_amber/replica_824/replica_824.pdb,outputs/Reps_qubits_d_2/slurm_YYDPETGTWY_amber/replica_824/replica_824_ca.pdb
715,313297482,random,YYDPETGTWY,amber,-51.85435649718414,6.5401913005172005,22.070457500687443,7.537328818559053,5.508595556037851,4.848916770784997,389.14,aer,4096,outputs/Reps_qubits_d_2/slurm_YYDPETGTWY_amber/replica_715/replica_715.pdb,outputs/Reps_qubits_d_2/slurm_YYDPETGTWY_amber/replica_715/replica_715_ca.pdb
97,313296864,random,YYDPETGTWY,amber,4.89044202278385,6.5403869673378265,23.267117538741047,7.721812943442935,5.508595556037851,4.848916770784997,289.81,aer,4096,outputs/Reps_qubits_d_2/slurm_YYDPETGTWY_amber/replica_97/replica_97.pdb,outputs/Reps_qubits_d_2/slurm_YYDPETGTWY_amber/replica_97/replica_97_ca.pdb
784,313297551,random,YYDPETGTWY,amber,-58.41888122555141,6.543773763093695,24.324260540465943,7.866090358617092,5.508595556037851,4.848916770784997,329.88,aer,4096,outputs/Reps_qubits_d_2/slurm_YYDPETGTWY_amber/replica_784/replica_784.pdb,outputs/Reps_qubits_d_2/slurm_YYDPETGTWY_amber/replica_784/replica_784_ca.pdb
920,313297687,random,YYDPETGTWY,amber,-49.998056891478896,6.551580734110788,23.177417419640985,7.530452355203084,5.508595556037851,4.848916770784997,205.07,aer,4096,outputs/Reps_qubits_d_2/slurm_YYDPETGTWY_amber/replica_920/replica_920.pdb,outputs/Reps_qubits_d_2/slurm_YYDPETGTWY_amber/replica_920/replica_920_ca.pdb
545,313297312,random,YYDPETGTWY,amber,22.51988432346814,6.552391887058988,21.541147821205577,7.651180494241176,5.508595556037851,4.848916770784997,328.43,aer,4096,outputs/Reps_qubits_d_2/slurm_YYDPETGTWY_amber/replica_545/replica_545.pdb,outputs/Reps_qubits_d_2/slurm_YYDPETGTWY_amber/replica_545/replica_545_ca.pdb
83,313296850,random,YYDPETGTWY,amber,42.55090839810238,6.557227211354209,24.626756972790815,7.925690961384084,5.508595556037851,4.848916770784997,253.3,aer,4096,outputs/Reps_qubits_d_2/slurm_YYDPETGTWY_amber/replica_83/replica_83.pdb,outputs/Reps_qubits_d_2/slurm_YYDPETGTWY_amber/replica_83/replica_83_ca.pdb
892,313297659,random,YYDPETGTWY,amber,-83.58583941944626,6.557391183016174,22.46023452452665,6.999391662731251,5.508595556037851,4.848916770784997,384.45,aer,4096,outputs/Reps_qubits_d_2/slurm_YYDPETGTWY_amber/replica_892/replica_892.pdb,outputs/Reps_qubits_d_2/slurm_YYDPETGTWY_amber/replica_892/replica_892_ca.pdb
706,313297473,random,YYDPETGTWY,amber,34.85267302945916,6.56392802613079,23.9684256893423,7.865998316526567,5.508595556037851,4.848916770784997,263.6,aer,4096,outputs/Reps_qubits_d_2/slurm_YYDPETGTWY_amber/replica_706/replica_706.pdb,outputs/Reps_qubits_d_2/slurm_YYDPETGTWY_amber/replica_706/replica_706_ca.pdb
191,313296958,random,YYDPETGTWY,amber,54.387169183381154,6.564099285174178,22.991651795263518,7.617242008825668,5.508595556037851,4.848916770784997,224.25,aer,4096,outputs/Reps_qubits_d_2/slurm_YYDPETGTWY_amber/replica_191/replica_191.pdb,outputs/Reps_qubits_d_2/slurm_YYDPETGTWY_amber/replica_191/replica_191_ca.pdb
114,313296881,random,YYDPETGTWY,amber,395.1876279005934,6.56601924065953,22.98656402787779,7.644993825294819,5.508595556037851,4.848916770784997,176.3,aer,4096,outputs/Reps_qubits_d_2/slurm_YYDPETGTWY_amber/replica_114/replica_114.pdb,outputs/Reps_qubits_d_2/slurm_YYDPETGTWY_amber/replica_114/replica_114_ca.pdb
52,313296819,random,YYDPETGTWY,amber,142.93737480731534,6.571295566161128,23.779366371183915,7.638723355006106,5.508595556037851,4.848916770784997,313.84,aer,4096,outputs/Reps_qubits_d_2/slurm_YYDPETGTWY_amber/replica_52/replica_52.pdb,outputs/Reps_qubits_d_2/slurm_YYDPETGTWY_amber/replica_52/replica_52_ca.pdb
201,313296968,random,YYDPETGTWY,amber,-43.322194695355094,6.571955967197755,24.09828542442889,7.903258177087635,5.508595556037851,4.848916770784997,222.85,aer,4096,outputs/Reps_qubits_d_2/slurm_YYDPETGTWY_amber/replica_201/replica_201.pdb,outputs/Reps_qubits_d_2/slurm_YYDPETGTWY_amber/replica_201/replica_201_ca.pdb
229,313296996,random,YYDPETGTWY,amber,51.34028288974863,6.58177750219844,21.920603012768435,7.241978180369581,5.508595556037851,4.848916770784997,595.11,aer,4096,outputs/Reps_qubits_d_2/slurm_YYDPETGTWY_amber/replica_229/replica_229.pdb,outputs/Reps_qubits_d_2/slurm_YYDPETGTWY_amber/replica_229/replica_229_ca.pdb
729,313297496,random,YYDPETGTWY,amber,-31.288306910385575,6.5864363345126655,23.7472840919728,7.844759109719378,5.508595556037851,4.848916770784997,254.58,aer,4096,outputs/Reps_qubits_d_2/slurm_YYDPETGTWY_amber/replica_729/replica_729.pdb,outputs/Reps_qubits_d_2/slurm_YYDPETGTWY_amber/replica_729/replica_729_ca.pdb
741,313297508,random,YYDPETGTWY,amber,-0.5475925442453604,6.587478675496753,23.1686856493527,7.582311695092274,5.508595556037851,4.848916770784997,275.66,aer,4096,outputs/Reps_qubits_d_2/slurm_YYDPETGTWY_amber/replica_741/replica_741.pdb,outputs/Reps_qubits_d_2/slurm_YYDPETGTWY_amber/replica_741/replica_741_ca.pdb
266,313297033,random,YYDPETGTWY,amber,-4.22146537091161,6.599346794100055,23.661060758778234,7.773010296077183,5.508595556037851,4.848916770784997,356.74,aer,4096,outputs/Reps_qubits_d_2/slurm_YYDPETGTWY_amber/replica_266/replica_266.pdb,outputs/Reps_qubits_d_2/slurm_YYDPETGTWY_amber/replica_266/replica_266_ca.pdb
493,313297260,random,YYDPETGTWY,amber,-49.35514244597504,6.603790052074296,20.9841336353152,7.034154150490614,5.508595556037851,4.848916770784997,612.28,aer,4096,outputs/Reps_qubits_d_2/slurm_YYDPETGTWY_amber/replica_493/replica_493.pdb,outputs/Reps_qubits_d_2/slurm_YYDPETGTWY_amber/replica_493/replica_493_ca.pdb
692,313297459,random,YYDPETGTWY,amber,45.345205407184494,6.605868172402251,22.830942788733843,7.539423232451659,5.508595556037851,4.848916770784997,205.33,aer,4096,outputs/Reps_qubits_d_2/slurm_YYDPETGTWY_amber/replica_692/replica_692.pdb,outputs/Reps_qubits_d_2/slurm_YYDPETGTWY_amber/replica_692/replica_692_ca.pdb
721,313297488,random,YYDPETGTWY,amber,52.12446958332093,6.608287596104605,24.836983084618314,7.964240614100146,5.508595556037851,4.848916770784997,343.91,aer,4096,outputs/Reps_qubits_d_2/slurm_YYDPETGTWY_amber/replica_721/replica_721.pdb,outputs/Reps_qubits_d_2/slurm_YYDPETGTWY_amber/replica_721/replica_721_ca.pdb
196,313296963,random,YYDPETGTWY,amber,-19.66315090686338,6.610407609744213,21.833383197036127,7.425051081577004,5.508595556037851,4.848916770784997,288.61,aer,4096,outputs/Reps_qubits_d_2/slurm_YYDPETGTWY_amber/replica_196/replica_196.pdb,outputs/Reps_qubits_d_2/slurm_YYDPETGTWY_amber/replica_196/replica_196_ca.pdb
353,313297120,random,YYDPETGTWY,amber,-19.912944865935334,6.630595137593564,24.024290169129824,7.732720233383934,5.508595556037851,4.848916770784997,257.05,aer,4096,outputs/Reps_qubits_d_2/slurm_YYDPETGTWY_amber/replica_353/replica_353.pdb,outputs/Reps_qubits_d_2/slurm_YYDPETGTWY_amber/replica_353/replica_353_ca.pdb
95,313296862,random,YYDPETGTWY,amber,-13.626043954221933,6.6336276754119545,24.78699208821895,8.048968066879745,5.508595556037851,4.848916770784997,293.35,aer,4096,outputs/Reps_qubits_d_2/slurm_YYDPETGTWY_amber/replica_95/replica_95.pdb,outputs/Reps_qubits_d_2/slurm_YYDPETGTWY_amber/replica_95/replica_95_ca.pdb
472,313297239,random,YYDPETGTWY,amber,-41.684509092049815,6.635812382331506,21.935667627738663,7.271586362718923,5.508595556037851,4.848916770784997,235.15,aer,4096,outputs/Reps_qubits_d_2/slurm_YYDPETGTWY_amber/replica_472/replica_472.pdb,outputs/Reps_qubits_d_2/slurm_YYDPETGTWY_amber/replica_472/replica_472_ca.pdb
259,313297026,random,YYDPETGTWY,amber,-28.832173755587405,6.637868845201737,22.44791993208926,7.872051978400604,5.508595556037851,4.848916770784997,555.13,aer,4096,outputs/Reps_qubits_d_2/slurm_YYDPETGTWY_amber/replica_259/replica_259.pdb,outputs/Reps_qubits_d_2/slurm_YYDPETGTWY_amber/replica_259/replica_259_ca.pdb
594,313297361,random,YYDPETGTWY,amber,15.822932386822735,6.641068990175568,24.024708779569156,7.829062050578249,5.508595556037851,4.848916770784997,261.42,aer,4096,outputs/Reps_qubits_d_2/slurm_YYDPETGTWY_amber/replica_594/replica_594.pdb,outputs/Reps_qubits_d_2/slurm_YYDPETGTWY_amber/replica_594/replica_594_ca.pdb
882,313297649,random,YYDPETGTWY,amber,-13.601710783250034,6.643169035944497,23.605010202666588,7.533056003291712,5.508595556037851,4.848916770784997,269.65,aer,4096,outputs/Reps_qubits_d_2/slurm_YYDPETGTWY_amber/replica_882/replica_882.pdb,outputs/Reps_qubits_d_2/slurm_YYDPETGTWY_amber/replica_882/replica_882_ca.pdb
242,313297009,random,YYDPETGTWY,amber,-62.58669407633597,6.648936995116817,23.288566302108173,7.494488220220568,5.508595556037851,4.848916770784997,270.85,aer,4096,outputs/Reps_qubits_d_2/slurm_YYDPETGTWY_amber/replica_242/replica_242.pdb,outputs/Reps_qubits_d_2/slurm_YYDPETGTWY_amber/replica_242/replica_242_ca.pdb
175,313296942,random,YYDPETGTWY,amber,58.40558818308533,6.650173650648713,23.56497788807104,7.7882692054694065,5.508595556037851,4.848916770784997,236.82,aer,4096,outputs/Reps_qubits_d_2/slurm_YYDPETGTWY_amber/replica_175/replica_175.pdb,outputs/Reps_qubits_d_2/slurm_YYDPETGTWY_amber/replica_175/replica_175_ca.pdb
327,313297094,random,YYDPETGTWY,amber,-52.325858241118965,6.654394666620097,22.706359203680844,7.457190785124185,5.508595556037851,4.848916770784997,258.03,aer,4096,outputs/Reps_qubits_d_2/slurm_YYDPETGTWY_amber/replica_327/replica_327.pdb,outputs/Reps_qubits_d_2/slurm_YYDPETGTWY_amber/replica_327/replica_327_ca.pdb
982,313297749,random,YYDPETGTWY,amber,-0.889007895502083,6.655035773495687,23.71808626198944,7.8174088041997285,5.508595556037851,4.848916770784997,315.6,aer,4096,outputs/Reps_qubits_d_2/slurm_YYDPETGTWY_amber/replica_982/replica_982.pdb,outputs/Reps_qubits_d_2/slurm_YYDPETGTWY_amber/replica_982/replica_982_ca.pdb
865,313297632,random,YYDPETGTWY,amber,-16.387638047575606,6.656152473137574,23.79783551519885,7.66945362281502,5.508595556037851,4.848916770784997,299.42,aer,4096,outputs/Reps_qubits_d_2/slurm_YYDPETGTWY_amber/replica_865/replica_865.pdb,outputs/Reps_qubits_d_2/slurm_YYDPETGTWY_amber/replica_865/replica_865_ca.pdb
796,313297563,random,YYDPETGTWY,amber,74.63203723353165,6.657117378529655,22.537676366025064,7.514462837160357,5.508595556037851,4.848916770784997,446.91,aer,4096,outputs/Reps_qubits_d_2/slurm_YYDPETGTWY_amber/replica_796/replica_796.pdb,outputs/Reps_qubits_d_2/slurm_YYDPETGTWY_amber/replica_796/replica_796_ca.pdb
888,313297655,random,YYDPETGTWY,amber,22.80137431516951,6.658272257952165,23.12732493945244,7.701802565125223,5.508595556037851,4.848916770784997,349.17,aer,4096,outputs/Reps_qubits_d_2/slurm_YYDPETGTWY_amber/replica_888/replica_888.pdb,outputs/Reps_qubits_d_2/slurm_YYDPETGTWY_amber/replica_888/replica_888_ca.pdb
480,313297247,random,YYDPETGTWY,amber,0.7292167311101418,6.6625167836533405,21.279224158066196,7.110011181420642,5.508595556037851,4.848916770784997,283.51,aer,4096,outputs/Reps_qubits_d_2/slurm_YYDPETGTWY_amber/replica_480/replica_480.pdb,outputs/Reps_qubits_d_2/slurm_YYDPETGTWY_amber/replica_480/replica_480_ca.pdb
422,313297189,random,YYDPETGTWY,amber,-13.527694658433344,6.663198268000184,24.355807369139182,7.959523260541543,5.508595556037851,4.848916770784997,211.21,aer,4096,outputs/Reps_qubits_d_2/slurm_YYDPETGTWY_amber/replica_422/replica_422.pdb,outputs/Reps_qubits_d_2/slurm_YYDPETGTWY_amber/replica_422/replica_422_ca.pdb
50,313296817,random,YYDPETGTWY,amber,521.3942093607428,6.668187613577402,23.737364391656243,7.816448254156502,5.508595556037851,4.848916770784997,383.32,aer,4096,outputs/Reps_qubits_d_2/slurm_YYDPETGTWY_amber/replica_50/replica_50.pdb,outputs/Reps_qubits_d_2/slurm_YYDPETGTWY_amber/replica_50/replica_50_ca.pdb
917,313297684,random,YYDPETGTWY,amber,-12.46834577384198,6.670565986678418,23.82340880181642,7.817620694980305,5.508595556037851,4.848916770784997,449.55,aer,4096,outputs/Reps_qubits_d_2/slurm_YYDPETGTWY_amber/replica_917/replica_917.pdb,outputs/Reps_qubits_d_2/slurm_YYDPETGTWY_amber/replica_917/replica_917_ca.pdb
464,313297231,random,YYDPETGTWY,amber,14.048381466365958,6.670785722090027,23.54672228382078,7.655855185415728,5.508595556037851,4.848916770784997,452.15,aer,4096,outputs/Reps_qubits_d_2/slurm_YYDPETGTWY_amber/replica_464/replica_464.pdb,outputs/Reps_qubits_d_2/slurm_YYDPETGTWY_amber/replica_464/replica_464_ca.pdb
112,313296879,random,YYDPETGTWY,amber,130.6684297192323,6.673265966035496,23.211679034993114,7.879394352860937,5.508595556037851,4.848916770784997,377.55,aer,4096,outputs/Reps_qubits_d_2/slurm_YYDPETGTWY_amber/replica_112/replica_112.pdb,outputs/Reps_qubits_d_2/slurm_YYDPETGTWY_amber/replica_112/replica_112_ca.pdb
72,313296839,random,YYDPETGTWY,amber,65.06797176132883,6.67703096865516,23.6380421611482,7.8222097970245565,5.508595556037851,4.848916770784997,253.85,aer,4096,outputs/Reps_qubits_d_2/slurm_YYDPETGTWY_amber/replica_72/replica_72.pdb,outputs/Reps_qubits_d_2/slurm_YYDPETGTWY_amber/replica_72/replica_72_ca.pdb
344,313297111,random,YYDPETGTWY,amber,-33.096745390094675,6.680384244562298,24.184724964533974,7.759247231343584,5.508595556037851,4.848916770784997,237.81,aer,4096,outputs/Reps_qubits_d_2/slurm_YYDPETGTWY_amber/replica_344/replica_344.pdb,outputs/Reps_qubits_d_2/slurm_YYDPETGTWY_amber/replica_344/replica_344_ca.pdb
532,313297299,random,YYDPETGTWY,amber,-15.030980911090493,6.686594699741515,24.28397427574237,7.977053645223018,5.508595556037851,4.848916770784997,349.91,aer,4096,outputs/Reps_qubits_d_2/slurm_YYDPETGTWY_amber/replica_532/replica_532.pdb,outputs/Reps_qubits_d_2/slurm_YYDPETGTWY_amber/replica_532/replica_532_ca.pdb
504,313297271,random,YYDPETGTWY,amber,30.301326179092637,6.700483199223059,23.55105175533578,7.5867869402049575,5.508595556037851,4.848916770784997,245.59,aer,4096,outputs/Reps_qubits_d_2/slurm_YYDPETGTWY_amber/replica_504/replica_504.pdb,outputs/Reps_qubits_d_2/slurm_YYDPETGTWY_amber/replica_504/replica_504_ca.pdb
799,313297566,random,YYDPETGTWY,amber,28.837302888898886,6.707549677133784,23.546960710383622,7.748528654102622,5.508595556037851,4.848916770784997,291.83,aer,4096,outputs/Reps_qubits_d_2/slurm_YYDPETGTWY_amber/replica_799/replica_799.pdb,outputs/Reps_qubits_d_2/slurm_YYDPETGTWY_amber/replica_799/replica_799_ca.pdb
546,313297313,random,YYDPETGTWY,amber,24.26988334976276,6.708888663434465,23.993573819927395,7.688398286483501,5.508595556037851,4.848916770784997,323.13,aer,4096,outputs/Reps_qubits_d_2/slurm_YYDPETGTWY_amber/replica_546/replica_546.pdb,outputs/Reps_qubits_d_2/slurm_YYDPETGTWY_amber/replica_546/replica_546_ca.pdb
668,313297435,random,YYDPETGTWY,amber,107.97357458221,6.7099826912880545,23.06389585512357,7.463755169657284,5.508595556037851,4.848916770784997,252.59,aer,4096,outputs/Reps_qubits_d_2/slurm_YYDPETGTWY_amber/replica_668/replica_668.pdb,outputs/Reps_qubits_d_2/slurm_YYDPETGTWY_amber/replica_668/replica_668_ca.pdb
662,313297429,random,YYDPETGTWY,amber,17.060181836176074,6.710697484449185,23.60050259190435,7.594129970455606,5.508595556037851,4.848916770784997,239.86,aer,4096,outputs/Reps_qubits_d_2/slurm_YYDPETGTWY_amber/replica_662/replica_662.pdb,outputs/Reps_qubits_d_2/slurm_YYDPETGTWY_amber/replica_662/replica_662_ca.pdb
923,313297690,random,YYDPETGTWY,amber,-88.72002210975144,6.71753765078298,24.544733280474166,7.978531744555711,5.508595556037851,4.848916770784997,311.96,aer,4096,outputs/Reps_qubits_d_2/slurm_YYDPETGTWY_amber/replica_923/replica_923.pdb,outputs/Reps_qubits_d_2/slurm_YYDPETGTWY_amber/replica_923/replica_923_ca.pdb
40,313296807,random,YYDPETGTWY,amber,36.462872743520634,6.719269423877383,24.120928114363323,7.846809276345797,5.508595556037851,4.848916770784997,232.47,aer,4096,outputs/Reps_qubits_d_2/slurm_YYDPETGTWY_amber/replica_40/replica_40.pdb,outputs/Reps_qubits_d_2/slurm_YYDPETGTWY_amber/replica_40/replica_40_ca.pdb
800,313297567,random,YYDPETGTWY,amber,49.25683252443172,6.722347080888676,24.03464261218096,7.684607050208534,5.508595556037851,4.848916770784997,307.47,aer,4096,outputs/Reps_qubits_d_2/slurm_YYDPETGTWY_amber/replica_800/replica_800.pdb,outputs/Reps_qubits_d_2/slurm_YYDPETGTWY_amber/replica_800/replica_800_ca.pdb
767,313297534,random,YYDPETGTWY,amber,108.60464673374592,6.7309029653112615,23.473448765607028,7.798563317722892,5.508595556037851,4.848916770784997,324.47,aer,4096,outputs/Reps_qubits_d_2/slurm_YYDPETGTWY_amber/replica_767/replica_767.pdb,outputs/Reps_qubits_d_2/slurm_YYDPETGTWY_amber/replica_767/replica_767_ca.pdb
395,313297162,random,YYDPETGTWY,amber,-79.63815832490495,6.730970864549641,22.558849643481835,7.394695821901494,5.508595556037851,4.848916770784997,288.38,aer,4096,outputs/Reps_qubits_d_2/slurm_YYDPETGTWY_amber/replica_395/replica_395.pdb,outputs/Reps_qubits_d_2/slurm_YYDPETGTWY_amber/replica_395/replica_395_ca.pdb
590,313297357,random,YYDPETGTWY,amber,485.76909986572656,6.735521066390412,23.548806745389804,7.802089899351367,5.508595556037851,4.848916770784997,146.3,aer,4096,outputs/Reps_qubits_d_2/slurm_YYDPETGTWY_amber/replica_590/replica_590.pdb,outputs/Reps_qubits_d_2/slurm_YYDPETGTWY_amber/replica_590/replica_590_ca.pdb
380,313297147,random,YYDPETGTWY,amber,-42.023641468654525,6.74757644929003,23.739404651596825,7.5984997101564495,5.508595556037851,4.848916770784997,276.05,aer,4096,outputs/Reps_qubits_d_2/slurm_YYDPETGTWY_amber/replica_380/replica_380.pdb,outputs/Reps_qubits_d_2/slurm_YYDPETGTWY_amber/replica_380/replica_380_ca.pdb
819,313297586,random,YYDPETGTWY,amber,-3.047659011095896,6.756035492873385,23.675523466025197,7.639762394978792,5.508595556037851,4.848916770784997,618.33,aer,4096,outputs/Reps_qubits_d_2/slurm_YYDPETGTWY_amber/replica_819/replica_819.pdb,outputs/Reps_qubits_d_2/slurm_YYDPETGTWY_amber/replica_819/replica_819_ca.pdb
726,313297493,random,YYDPETGTWY,amber,-11.535965424068756,6.758233256647587,23.067150322285904,7.2846247342138675,5.508595556037851,4.848916770784997,280.03,aer,4096,outputs/Reps_qubits_d_2/slurm_YYDPETGTWY_amber/replica_726/replica_726.pdb,outputs/Reps_qubits_d_2/slurm_YYDPETGTWY_amber/replica_726/replica_726_ca.pdb
457,313297224,random,YYDPETGTWY,amber,-69.894001861492,6.7618070209415535,23.747841646535466,7.917377608611375,5.508595556037851,4.848916770784997,346.45,aer,4096,outputs/Reps_qubits_d_2/slurm_YYDPETGTWY_amber/replica_457/replica_457.pdb,outputs/Reps_qubits_d_2/slurm_YYDPETGTWY_amber/replica_457/replica_457_ca.pdb
933,313297700,random,YYDPETGTWY,amber,86.5723416651109,6.764961747523245,23.725543465611107,7.844913755448651,5.508595556037851,4.848916770784997,223.09,aer,4096,outputs/Reps_qubits_d_2/slurm_YYDPETGTWY_amber/replica_933/replica_933.pdb,outputs/Reps_qubits_d_2/slurm_YYDPETGTWY_amber/replica_933/replica_933_ca.pdb
383,313297150,random,YYDPETGTWY,amber,33.02507534443587,6.770094502273873,23.48204914862433,7.727218531501437,5.508595556037851,4.848916770784997,227.75,aer,4096,outputs/Reps_qubits_d_2/slurm_YYDPETGTWY_amber/replica_383/replica_383.pdb,outputs/Reps_qubits_d_2/slurm_YYDPETGTWY_amber/replica_383/replica_383_ca.pdb
461,313297228,random,YYDPETGTWY,amber,512.511543110248,6.773481064095543,24.26144231360037,7.935789109792075,5.508595556037851,4.848916770784997,140.91,aer,4096,outputs/Reps_qubits_d_2/slurm_YYDPETGTWY_amber/replica_461/replica_461.pdb,outputs/Reps_qubits_d_2/slurm_YYDPETGTWY_amber/replica_461/replica_461_ca.pdb
286,313297053,random,YYDPETGTWY,amber,-20.366047708482167,6.776816889702783,23.787035456996822,7.760684897890689,5.508595556037851,4.848916770784997,271.99,aer,4096,outputs/Reps_qubits_d_2/slurm_YYDPETGTWY_amber/replica_286/replica_286.pdb,outputs/Reps_qubits_d_2/slurm_YYDPETGTWY_amber/replica_286/replica_286_ca.pdb
59,313296826,random,YYDPETGTWY,amber,60.76995675078528,6.781991455715329,24.833540529715442,7.9281202931308234,5.508595556037851,4.848916770784997,333.41,aer,4096,outputs/Reps_qubits_d_2/slurm_YYDPETGTWY_amber/replica_59/replica_59.pdb,outputs/Reps_qubits_d_2/slurm_YYDPETGTWY_amber/replica_59/replica_59_ca.pdb
73,313296840,random,YYDPETGTWY,amber,-8.918178884274434,6.788988475254202,23.64333505112112,7.554362046145931,5.508595556037851,4.848916770784997,193.62,aer,4096,outputs/Reps_qubits_d_2/slurm_YYDPETGTWY_amber/replica_73/replica_73.pdb,outputs/Reps_qubits_d_2/slurm_YYDPETGTWY_amber/replica_73/replica_73_ca.pdb
613,313297380,random,YYDPETGTWY,amber,33.9089109589397,6.791248783909139,23.63244871855589,7.571266580269281,5.508595556037851,4.848916770784997,302.74,aer,4096,outputs/Reps_qubits_d_2/slurm_YYDPETGTWY_amber/replica_613/replica_613.pdb,outputs/Reps_qubits_d_2/slurm_YYDPETGTWY_amber/replica_613/replica_613_ca.pdb
261,313297028,random,YYDPETGTWY,amber,-19.867371607098846,6.798988494404784,25.02587198498511,7.906880717450527,5.508595556037851,4.848916770784997,271.87,aer,4096,outputs/Reps_qubits_d_2/slurm_YYDPETGTWY_amber/replica_261/replica_261.pdb,outputs/Reps_qubits_d_2/slurm_YYDPETGTWY_amber/replica_261/replica_261_ca.pdb
86,313296853,random,YYDPETGTWY,amber,41.41166494578138,6.801272268737566,24.123215714365134,7.817664468887433,5.508595556037851,4.848916770784997,218.95,aer,4096,outputs/Reps_qubits_d_2/slurm_YYDPETGTWY_amber/replica_86/replica_86.pdb,outputs/Reps_qubits_d_2/slurm_YYDPETGTWY_amber/replica_86/replica_86_ca.pdb
458,313297225,random,YYDPETGTWY,amber,-2.051827105219422,6.807661779853198,23.92636574682642,7.625980276877404,5.508595556037851,4.848916770784997,227.98,aer,4096,outputs/Reps_qubits_d_2/slurm_YYDPETGTWY_amber/replica_458/replica_458.pdb,outputs/Reps_qubits_d_2/slurm_YYDPETGTWY_amber/replica_458/replica_458_ca.pdb
989,313297756,random,YYDPETGTWY,amber,-41.11967711878589,6.810042370716941,23.34854105952901,7.870901742075287,5.508595556037851,4.848916770784997,269.4,aer,4096,outputs/Reps_qubits_d_2/slurm_YYDPETGTWY_amber/replica_989/replica_989.pdb,outputs/Reps_qubits_d_2/slurm_YYDPETGTWY_amber/replica_989/replica_989_ca.pdb
178,313296945,random,YYDPETGTWY,amber,0.7328349454956058,6.814044511289292,24.027021263048155,7.688691992226164,5.508595556037851,4.848916770784997,262.71,aer,4096,outputs/Reps_qubits_d_2/slurm_YYDPETGTWY_amber/replica_178/replica_178.pdb,outputs/Reps_qubits_d_2/slurm_YYDPETGTWY_amber/replica_178/replica_178_ca.pdb
659,313297426,random,YYDPETGTWY,amber,-69.59440687309456,6.814771113850992,24.183782060972586,7.91587987992501,5.508595556037851,4.848916770784997,374.09,aer,4096,outputs/Reps_qubits_d_2/slurm_YYDPETGTWY_amber/replica_659/replica_659.pdb,outputs/Reps_qubits_d_2/slurm_YYDPETGTWY_amber/replica_659/replica_659_ca.pdb
290,313297057,random,YYDPETGTWY,amber,25.641345157962785,6.8191292042148515,24.554797603149705,7.727250903082589,5.508595556037851,4.848916770784997,256.72,aer,4096,outputs/Reps_qubits_d_2/slurm_YYDPETGTWY_amber/replica_290/replica_290.pdb,outputs/Reps_qubits_d_2/slurm_YYDPETGTWY_amber/replica_290/replica_290_ca.pdb
475,313297242,random,YYDPETGTWY,amber,-51.22273337851532,6.830914769035404,23.547513469527033,7.555064341230326,5.508595556037851,4.848916770784997,322.58,aer,4096,outputs/Reps_qubits_d_2/slurm_YYDPETGTWY_amber/replica_475/replica_475.pdb,outputs/Reps_qubits_d_2/slurm_YYDPETGTWY_amber/replica_475/replica_475_ca.pdb
902,313297669,random,YYDPETGTWY,amber,-2.505017277939267,6.833269038362831,23.823750255354273,7.929808441795509,5.508595556037851,4.848916770784997,405.41,aer,4096,outputs/Reps_qubits_d_2/slurm_YYDPETGTWY_amber/replica_902/replica_902.pdb,outputs/Reps_qubits_d_2/slurm_YYDPETGTWY_amber/replica_902/replica_902_ca.pdb
155,313296922,random,YYDPETGTWY,amber,72.68876399261113,6.838954911134473,24.11421153705609,7.772928608738304,5.508595556037851,4.848916770784997,240.82,aer,4096,outputs/Reps_qubits_d_2/slurm_YYDPETGTWY_amber/replica_155/replica_155.pdb,outputs/Reps_qubits_d_2/slurm_YYDPETGTWY_amber/replica_155/replica_155_ca.pdb
166,313296933,random,YYDPETGTWY,amber,7.627619097574128,6.845267319823976,24.162528721526947,8.062687091443339,5.508595556037851,4.848916770784997,295.31,aer,4096,outputs/Reps_qubits_d_2/slurm_YYDPETGTWY_amber/replica_166/replica_166.pdb,outputs/Reps_qubits_d_2/slurm_YYDPETGTWY_amber/replica_166/replica_166_ca.pdb
958,313297725,random,YYDPETGTWY,amber,42.17390732402226,6.846436932295032,24.317077324712837,7.9772605116020605,5.508595556037851,4.848916770784997,261.71,aer,4096,outputs/Reps_qubits_d_2/slurm_YYDPETGTWY_amber/replica_958/replica_958.pdb,outputs/Reps_qubits_d_2/slurm_YYDPETGTWY_amber/replica_958/replica_958_ca.pdb
282,313297049,random,YYDPETGTWY,amber,-28.805245786679603,6.850564408032579,24.101566318696968,7.887408322821572,5.508595556037851,4.848916770784997,199.8,aer,4096,outputs/Reps_qubits_d_2/slurm_YYDPETGTWY_amber/replica_282/replica_282.pdb,outputs/Reps_qubits_d_2/slurm_YYDPETGTWY_amber/replica_282/replica_282_ca.pdb
322,313297089,random,YYDPETGTWY,amber,18.363309641353055,6.858293421084915,22.9548905731328,7.577041105821873,5.508595556037851,4.848916770784997,368.99,aer,4096,outputs/Reps_qubits_d_2/slurm_YYDPETGTWY_amber/replica_322/replica_322.pdb,outputs/Reps_qubits_d_2/slurm_YYDPETGTWY_amber/replica_322/replica_322_ca.pdb
637,313297404,random,YYDPETGTWY,amber,27.09876349615434,6.85938318630653,23.650801827204834,7.655669592550595,5.508595556037851,4.848916770784997,286.76,aer,4096,outputs/Reps_qubits_d_2/slurm_YYDPETGTWY_amber/replica_637/replica_637.pdb,outputs/Reps_qubits_d_2/slurm_YYDPETGTWY_amber/replica_637/replica_637_ca.pdb
283,313297050,random,YYDPETGTWY,amber,-16.179845669815595,6.862663962746118,24.005559771053615,7.660531370644692,5.508595556037851,4.848916770784997,250.65,aer,4096,outputs/Reps_qubits_d_2/slurm_YYDPETGTWY_amber/replica_283/replica_283.pdb,outputs/Reps_qubits_d_2/slurm_YYDPETGTWY_amber/replica_283/replica_283_ca.pdb
748,313297515,random,YYDPETGTWY,amber,3.5283923696220656,6.863129127124215,23.62703180888458,7.72702765351509,5.508595556037851,4.848916770784997,323.86,aer,4096,outputs/Reps_qubits_d_2/slurm_YYDPETGTWY_amber/replica_748/replica_748.pdb,outputs/Reps_qubits_d_2/slurm_YYDPETGTWY_amber/replica_748/replica_748_ca.pdb
772,313297539,random,YYDPETGTWY,amber,-1.2427810794161496,6.863599636750867,23.64514323544974,7.64752376700781,5.508595556037851,4.848916770784997,304.64,aer,4096,outputs/Reps_qubits_d_2/slurm_YYDPETGTWY_amber/replica_772/replica_772.pdb,outputs/Reps_qubits_d_2/slurm_YYDPETGTWY_amber/replica_772/replica_772_ca.pdb
887,313297654,random,YYDPETGTWY,amber,19.19778458032134,6.864522995426034,23.885134426471712,7.666079366181471,5.508595556037851,4.848916770784997,248.03,aer,4096,outputs/Reps_qubits_d_2/slurm_YYDPETGTWY_amber/replica_887/replica_887.pdb,outputs/Reps_qubits_d_2/slurm_YYDPETGTWY_amber/replica_887/replica_887_ca.pdb
174,313296941,random,YYDPETGTWY,amber,68.77425096785608,6.870211146925406,24.14078383226428,7.715262651918694,5.508595556037851,4.848916770784997,248.89,aer,4096,outputs/Reps_qubits_d_2/slurm_YYDPETGTWY_amber/replica_174/replica_174.pdb,outputs/Reps_qubits_d_2/slurm_YYDPETGTWY_amber/replica_174/replica_174_ca.pdb
193,313296960,random,YYDPETGTWY,amber,-14.610041740036156,6.870268376255213,23.998606061135874,7.628065716100528,5.508595556037851,4.848916770784997,315.54,aer,4096,outputs/Reps_qubits_d_2/slurm_YYDPETGTWY_amber/replica_193/replica_193.pdb,outputs/Reps_qubits_d_2/slurm_YYDPETGTWY_amber/replica_193/replica_193_ca.pdb
93,313296860,random,YYDPETGTWY,amber,24.789640179067042,6.870398524577839,22.765395715411913,7.927804781313349,5.508595556037851,4.848916770784997,401.4,aer,4096,outputs/Reps_qubits_d_2/slurm_YYDPETGTWY_amber/replica_93/replica_93.pdb,outputs/Reps_qubits_d_2/slurm_YYDPETGTWY_amber/replica_93/replica_93_ca.pdb
983,313297750,random,YYDPETGTWY,amber,-2.2596614905252936,6.8842084011895,24.12641001576201,7.954773143002927,5.508595556037851,4.848916770784997,187.42,aer,4096,outputs/Reps_qubits_d_2/slurm_YYDPETGTWY_amber/replica_983/replica_983.pdb,outputs/Reps_qubits_d_2/slurm_YYDPETGTWY_amber/replica_983/replica_983_ca.pdb
71,313296838,random,YYDPETGTWY,amber,93.70649141006916,6.894420243542504,23.929089655504843,7.697957236850276,5.508595556037851,4.848916770784997,336.06,aer,4096,outputs/Reps_qubits_d_2/slurm_YYDPETGTWY_amber/replica_71/replica_71.pdb,outputs/Reps_qubits_d_2/slurm_YYDPETGTWY_amber/replica_71/replica_71_ca.pdb
939,313297706,random,YYDPETGTWY,amber,-38.62216545044558,6.895153405820871,23.608653871470352,7.536893643266632,5.508595556037851,4.848916770784997,421.46,aer,4096,outputs/Reps_qubits_d_2/slurm_YYDPETGTWY_amber/replica_939/replica_939.pdb,outputs/Reps_qubits_d_2/slurm_YYDPETGTWY_amber/replica_939/replica_939_ca.pdb
846,313297613,random,YYDPETGTWY,amber,32.33301748547413,6.8962400894674385,25.36406309490874,8.062647158375663,5.508595556037851,4.848916770784997,276.29,aer,4096,outputs/Reps_qubits_d_2/slurm_YYDPETGTWY_amber/replica_846/replica_846.pdb,outputs/Reps_qubits_d_2/slurm_YYDPETGTWY_amber/replica_846/replica_846_ca.pdb
483,313297250,random,YYDPETGTWY,amber,12.13710549923435,6.898757470118919,23.570543845841353,7.642100446841233,5.508595556037851,4.848916770784997,264.07,aer,4096,outputs/Reps_qubits_d_2/slurm_YYDPETGTWY_amber/replica_483/replica_483.pdb,outputs/Reps_qubits_d_2/slurm_YYDPETGTWY_amber/replica_483/replica_483_ca.pdb
528,313297295,random,YYDPETGTWY,amber,-60.74263158056248,6.904276801156682,24.342022317638374,7.84120684095298,5.508595556037851,4.848916770784997,240.99,aer,4096,outputs/Reps_qubits_d_2/slurm_YYDPETGTWY_amber/replica_528/replica_528.pdb,outputs/Reps_qubits_d_2/slurm_YYDPETGTWY_amber/replica_528/replica_528_ca.pdb
530,313297297,random,YYDPETGTWY,amber,-74.10887999541558,6.906156211097026,23.90032072888475,7.832601790104704,5.508595556037851,4.848916770784997,281.58,aer,4096,outputs/Reps_qubits_d_2/slurm_YYDPETGTWY_amber/replica_530/replica_530.pdb,outputs/Reps_qubits_d_2/slurm_YYDPETGTWY_amber/replica_530/replica_530_ca.pdb
34,313296801,random,YYDPETGTWY,amber,-16.660119737524237,6.906372972026925,23.663382143480444,7.700595753896924,5.508595556037851,4.848916770784997,436.33,aer,4096,outputs/Reps_qubits_d_2/slurm_YYDPETGTWY_amber/replica_34/replica_34.pdb,outputs/Reps_qubits_d_2/slurm_YYDPETGTWY_amber/replica_34/replica_34_ca.pdb
990,313297757,random,YYDPETGTWY,amber,-39.59677689478615,6.907931864332109,24.231776854866094,7.845537041503853,5.508595556037851,4.848916770784997,393.41,aer,4096,outputs/Reps_qubits_d_2/slurm_YYDPETGTWY_amber/replica_990/replica_990.pdb,outputs/Reps_qubits_d_2/slurm_YYDPETGTWY_amber/replica_990/replica_990_ca.pdb
398,313297165,random,YYDPETGTWY,amber,58.14669726062568,6.909128896382238,24.37121314500011,7.9933383868058,5.508595556037851,4.848916770784997,243.61,aer,4096,outputs/Reps_qubits_d_2/slurm_YYDPETGTWY_amber/replica_398/replica_398.pdb,outputs/Reps_qubits_d_2/slurm_YYDPETGTWY_amber/replica_398/replica_398_ca.pdb
540,313297307,random,YYDPETGTWY,amber,8.908062829825742,6.91299963445727,24.504313884967097,8.055889253520812,5.508595556037851,4.848916770784997,339.41,aer,4096,outputs/Reps_qubits_d_2/slurm_YYDPETGTWY_amber/replica_540/replica_540.pdb,outputs/Reps_qubits_d_2/slurm_YYDPETGTWY_amber/replica_540/replica_540_ca.pdb
218,313296985,random,YYDPETGTWY,amber,45.46019621507918,6.913327817754657,24.44458841126368,7.894964824690175,5.508595556037851,4.848916770784997,243.68,aer,4096,outputs/Reps_qubits_d_2/slurm_YYDPETGTWY_amber/replica_218/replica_218.pdb,outputs/Reps_qubits_d_2/slurm_YYDPETGTWY_amber/replica_218/replica_218_ca.pdb
499,313297266,random,YYDPETGTWY,amber,50.57578057800803,6.914142141683055,24.810417108709913,7.847708960259001,5.508595556037851,4.848916770784997,287.76,aer,4096,outputs/Reps_qubits_d_2/slurm_YYDPETGTWY_amber/replica_499/replica_499.pdb,outputs/Reps_qubits_d_2/slurm_YYDPETGTWY_amber/replica_499/replica_499_ca.pdb
924,313297691,random,YYDPETGTWY,amber,-31.117369476009124,6.919285834276293,24.15943366987351,7.987435963743919,5.508595556037851,4.848916770784997,266.72,aer,4096,outputs/Reps_qubits_d_2/slurm_YYDPETGTWY_amber/replica_924/replica_924.pdb,outputs/Reps_qubits_d_2/slurm_YYDPETGTWY_amber/replica_924/replica_924_ca.pdb
244,313297011,random,YYDPETGTWY,amber,-53.60303447007662,6.92717436850716,24.8393848155182,7.8265119186730265,5.508595556037851,4.848916770784997,387.06,aer,4096,outputs/Reps_qubits_d_2/slurm_YYDPETGTWY_amber/replica_244/replica_244.pdb,outputs/Reps_qubits_d_2/slurm_YYDPETGTWY_amber/replica_244/replica_244_ca.pdb
751,313297518,random,YYDPETGTWY,amber,-57.082242068800134,6.928499580625321,23.663426134892987,7.788765605210373,5.508595556037851,4.848916770784997,324.32,aer,4096,outputs/Reps_qubits_d_2/slurm_YYDPETGTWY_amber/replica_751/replica_751.pdb,outputs/Reps_qubits_d_2/slurm_YYDPETGTWY_amber/replica_751/replica_751_ca.pdb
955,313297722,random,YYDPETGTWY,amber,136.59542183447073,6.930270701993511,22.605937656790328,7.604455527677109,5.508595556037851,4.848916770784997,227.15,aer,4096,outputs/Reps_qubits_d_2/slurm_YYDPETGTWY_amber/replica_955/replica_955.pdb,outputs/Reps_qubits_d_2/slurm_YYDPETGTWY_amber/replica_955/replica_955_ca.pdb
624,313297391,random,YYDPETGTWY,amber,22.309858878617497,6.937184306091084,24.21422382361156,7.835695384402331,5.508595556037851,4.848916770784997,234.02,aer,4096,outputs/Reps_qubits_d_2/slurm_YYDPETGTWY_amber/replica_624/replica_624.pdb,outputs/Reps_qubits_d_2/slurm_YYDPETGTWY_amber/replica_624/replica_624_ca.pdb
837,313297604,random,YYDPETGTWY,amber,68.16096311608919,6.937556846953419,24.846342849267995,7.866944111794404,5.508595556037851,4.848916770784997,866.85,aer,4096,outputs/Reps_qubits_d_2/slurm_YYDPETGTWY_amber/replica_837/replica_837.pdb,outputs/Reps_qubits_d_2/slurm_YYDPETGTWY_amber/replica_837/replica_837_ca.pdb
816,313297583,random,YYDPETGTWY,amber,11.815796413329117,6.950400571197705,24.519258350783705,7.905628618422221,5.508595556037851,4.848916770784997,236.39,aer,4096,outputs/Reps_qubits_d_2/slurm_YYDPETGTWY_amber/replica_816/replica_816.pdb,outputs/Reps_qubits_d_2/slurm_YYDPETGTWY_amber/replica_816/replica_816_ca.pdb
136,313296903,random,YYDPETGTWY,amber,-114.59342448674298,6.952745811386805,24.235721116729167,8.09029505178621,5.508595556037851,4.848916770784997,206.31,aer,4096,outputs/Reps_qubits_d_2/slurm_YYDPETGTWY_amber/replica_136/replica_136.pdb,outputs/Reps_qubits_d_2/slurm_YYDPETGTWY_amber/replica_136/replica_136_ca.pdb
754,313297521,random,YYDPETGTWY,amber,10.363718122631267,6.954945989586377,23.612111856345997,7.905000643876203,5.508595556037851,4.848916770784997,274.18,aer,4096,outputs/Reps_qubits_d_2/slurm_YYDPETGTWY_amber/replica_754/replica_754.pdb,outputs/Reps_qubits_d_2/slurm_YYDPETGTWY_amber/replica_754/replica_754_ca.pdb
17,313296784,random,YYDPETGTWY,amber,125.33102017257886,6.956514768906442,24.102660173070817,7.656143016380466,5.508595556037851,4.848916770784997,299.54,aer,4096,outputs/Reps_qubits_d_2/slurm_YYDPETGTWY_amber/replica_17/replica_17.pdb,outputs/Reps_qubits_d_2/slurm_YYDPETGTWY_amber/replica_17/replica_17_ca.pdb
847,313297614,random,YYDPETGTWY,amber,-23.243907689137348,6.9796358069994975,22.40424649814684,7.584205201847703,5.508595556037851,4.848916770784997,267.61,aer,4096,outputs/Reps_qubits_d_2/slurm_YYDPETGTWY_amber/replica_847/replica_847.pdb,outputs/Reps_qubits_d_2/slurm_YYDPETGTWY_amber/replica_847/replica_847_ca.pdb
39,313296806,random,YYDPETGTWY,amber,-55.827670723661456,6.981594502678319,25.139921527147493,7.984977651223619,5.508595556037851,4.848916770784997,280.32,aer,4096,outputs/Reps_qubits_d_2/slurm_YYDPETGTWY_amber/replica_39/replica_39.pdb,outputs/Reps_qubits_d_2/slurm_YYDPETGTWY_amber/replica_39/replica_39_ca.pdb
620,313297387,random,YYDPETGTWY,amber,13.869958080130488,6.982676994823499,24.21342927342079,7.873183558747668,5.508595556037851,4.848916770784997,334.49,aer,4096,outputs/Reps_qubits_d_2/slurm_YYDPETGTWY_amber/replica_620/replica_620.pdb,outputs/Reps_qubits_d_2/slurm_YYDPETGTWY_amber/replica_620/replica_620_ca.pdb
445,313297212,random,YYDPETGTWY,amber,-18.03060633675673,6.990147001124529,24.385503297466457,7.932102544282725,5.508595556037851,4.848916770784997,444.07,aer,4096,outputs/Reps_qubits_d_2/slurm_YYDPETGTWY_amber/replica_445/replica_445.pdb,outputs/Reps_qubits_d_2/slurm_YYDPETGTWY_amber/replica_445/replica_445_ca.pdb
782,313297549,random,YYDPETGTWY,amber,-78.24988611822548,6.991258668649964,23.80680826483414,7.608743704627107,5.508595556037851,4.848916770784997,202.07,aer,4096,outputs/Reps_qubits_d_2/slurm_YYDPETGTWY_amber/replica_782/replica_782.pdb,outputs/Reps_qubits_d_2/slurm_YYDPETGTWY_amber/replica_782/replica_782_ca.pdb
688,313297455,random,YYDPETGTWY,amber,7.6789177417991334,6.99240109029133,24.670225453892463,7.910063004641652,5.508595556037851,4.848916770784997,204.18,aer,4096,outputs/Reps_qubits_d_2/slurm_YYDPETGTWY_amber/replica_688/replica_688.pdb,outputs/Reps_qubits_d_2/slurm_YYDPETGTWY_amber/replica_688/replica_688_ca.pdb
808,313297575,random,YYDPETGTWY,amber,-50.560821215518935,7.009913817753419,25.00004176799199,8.004999871848195,5.508595556037851,4.848916770784997,298.5,aer,4096,outputs/Reps_qubits_d_2/slurm_YYDPETGTWY_amber/replica_808/replica_808.pdb,outputs/Reps_qubits_d_2/slurm_YYDPETGTWY_amber/replica_808/replica_808_ca.pdb
317,313297084,random,YYDPETGTWY,amber,35.56181881233221,7.010488784307335,25.11782894684116,8.06571196621235,5.508595556037851,4.848916770784997,235.58,aer,4096,outputs/Reps_qubits_d_2/slurm_YYDPETGTWY_amber/replica_317/replica_317.pdb,outputs/Reps_qubits_d_2/slurm_YYDPETGTWY_amber/replica_317/replica_317_ca.pdb
147,313296914,random,YYDPETGTWY,amber,48.70102423821881,7.010517734427311,24.46727202257086,7.991976002066643,5.508595556037851,4.848916770784997,224.31,aer,4096,outputs/Reps_qubits_d_2/slurm_YYDPETGTWY_amber/replica_147/replica_147.pdb,outputs/Reps_qubits_d_2/slurm_YYDPETGTWY_amber/replica_147/replica_147_ca.pdb
76,313296843,random,YYDPETGTWY,amber,35.95222100270741,7.0119007674342075,24.49329853968068,8.01438124640439,5.508595556037851,4.848916770784997,382.71,aer,4096,outputs/Reps_qubits_d_2/slurm_YYDPETGTWY_amber/replica_76/replica_76.pdb,outputs/Reps_qubits_d_2/slurm_YYDPETGTWY_amber/replica_76/replica_76_ca.pdb
513,313297280,random,YYDPETGTWY,amber,-49.682941465461425,7.013745553832682,24.069282702929907,7.991264436732527,5.508595556037851,4.848916770784997,299.81,aer,4096,outputs/Reps_qubits_d_2/slurm_YYDPETGTWY_amber/replica_513/replica_513.pdb,outputs/Reps_qubits_d_2/slurm_YYDPETGTWY_amber/replica_513/replica_513_ca.pdb
650,313297417,random,YYDPETGTWY,amber,-1.025739800678556,7.015668113644246,24.158302281528314,7.6024433175566655,5.508595556037851,4.848916770784997,273.28,aer,4096,outputs/Reps_qubits_d_2/slurm_YYDPETGTWY_amber/replica_650/replica_650.pdb,outputs/Reps_qubits_d_2/slurm_YYDPETGTWY_amber/replica_650/replica_650_ca.pdb
827,313297594,random,YYDPETGTWY,amber,5.628206689970614,7.0215281560747025,24.465644844603904,7.743333592073175,5.508595556037851,4.848916770784997,309.46,aer,4096,outputs/Reps_qubits_d_2/slurm_YYDPETGTWY_amber/replica_827/replica_827.pdb,outputs/Reps_qubits_d_2/slurm_YYDPETGTWY_amber/replica_827/replica_827_ca.pdb
906,313297673,random,YYDPETGTWY,amber,13.477771234046108,7.022310708416065,25.05407484368848,8.01774597070991,5.508595556037851,4.848916770784997,295.14,aer,4096,outputs/Reps_qubits_d_2/slurm_YYDPETGTWY_amber/replica_906/replica_906.pdb,outputs/Reps_qubits_d_2/slurm_YYDPETGTWY_amber/replica_906/replica_906_ca.pdb
289,313297056,random,YYDPETGTWY,amber,66.85936122625898,7.037438269025508,25.081409249248654,8.056002744674688,5.508595556037851,4.848916770784997,236.06,aer,4096,outputs/Reps_qubits_d_2/slurm_YYDPETGTWY_amber/replica_289/replica_289.pdb,outputs/Reps_qubits_d_2/slurm_YYDPETGTWY_amber/replica_289/replica_289_ca.pdb
440,313297207,random,YYDPETGTWY,amber,-6.69958443558853,7.039448117647872,25.430363697437233,8.104328050935315,5.508595556037851,4.848916770784997,310.47,aer,4096,outputs/Reps_qubits_d_2/slurm_YYDPETGTWY_amber/replica_440/replica_440.pdb,outputs/Reps_qubits_d_2/slurm_YYDPETGTWY_amber/replica_440/replica_440_ca.pdb
90,313296857,random,YYDPETGTWY,amber,50.80098257779201,7.050014002817584,24.642899564895565,7.936104624047509,5.508595556037851,4.848916770784997,330.74,aer,4096,outputs/Reps_qubits_d_2/slurm_YYDPETGTWY_amber/replica_90/replica_90.pdb,outputs/Reps_qubits_d_2/slurm_YYDPETGTWY_amber/replica_90/replica_90_ca.pdb
792,313297559,random,YYDPETGTWY,amber,50.590244863498434,7.067092533005573,24.015462379790403,7.908286130129043,5.508595556037851,4.848916770784997,367.81,aer,4096,outputs/Reps_qubits_d_2/slurm_YYDPETGTWY_amber/replica_792/replica_792.pdb,outputs/Reps_qubits_d_2/slurm_YYDPETGTWY_amber/replica_792/replica_792_ca.pdb
411,313297178,random,YYDPETGTWY,amber,-7.746977052633055,7.0734457026010435,25.596093138629726,8.028986940693196,5.508595556037851,4.848916770784997,252.79,aer,4096,outputs/Reps_qubits_d_2/slurm_YYDPETGTWY_amber/replica_411/replica_411.pdb,outputs/Reps_qubits_d_2/slurm_YYDPETGTWY_amber/replica_411/replica_411_ca.pdb
843,313297610,random,YYDPETGTWY,amber,-102.36466880760742,7.0785158321201544,24.942453222107904,8.01739873033168,5.508595556037851,4.848916770784997,308.31,aer,4096,outputs/Reps_qubits_d_2/slurm_YYDPETGTWY_amber/replica_843/replica_843.pdb,outputs/Reps_qubits_d_2/slurm_YYDPETGTWY_amber/replica_843/replica_843_ca.pdb
33,313296800,random,YYDPETGTWY,amber,58.583541272176674,7.079923231857735,24.535939782821956,8.082822962096856,5.508595556037851,4.848916770784997,286.31,aer,4096,outputs/Reps_qubits_d_2/slurm_YYDPETGTWY_amber/replica_33/replica_33.pdb,outputs/Reps_qubits_d_2/slurm_YYDPETGTWY_amber/replica_33/replica_33_ca.pdb
735,313297502,random,YYDPETGTWY,amber,26.564660778641347,7.083679581962999,24.486411764432063,7.916124089525945,5.508595556037851,4.848916770784997,276.17,aer,4096,outputs/Reps_qubits_d_2/slurm_YYDPETGTWY_amber/replica_735/replica_735.pdb,outputs/Reps_qubits_d_2/slurm_YYDPETGTWY_amber/replica_735/replica_735_ca.pdb
67,313296834,random,YYDPETGTWY,amber,-61.54499882270812,7.083936907884438,25.373277017861124,8.087174028410603,5.508595556037851,4.848916770784997,288.17,aer,4096,outputs/Reps_qubits_d_2/slurm_YYDPETGTWY_amber/replica_67/replica_67.pdb,outputs/Reps_qubits_d_2/slurm_YYDPETGTWY_amber/replica_67/replica_67_ca.pdb
874,313297641,random,YYDPETGTWY,amber,-3.737701311768202,7.08439322113985,24.128488993791223,7.9463517959688605,5.508595556037851,4.848916770784997,256.19,aer,4096,outputs/Reps_qubits_d_2/slurm_YYDPETGTWY_amber/replica_874/replica_874.pdb,outputs/Reps_qubits_d_2/slurm_YYDPETGTWY_amber/replica_874/replica_874_ca.pdb
678,313297445,random,YYDPETGTWY,amber,-74.5094922881683,7.1031126126122786,24.724343326892583,7.848998132684521,5.508595556037851,4.848916770784997,238.13,aer,4096,outputs/Reps_qubits_d_2/slurm_YYDPETGTWY_amber/replica_678/replica_678.pdb,outputs/Reps_qubits_d_2/slurm_YYDPETGTWY_amber/replica_678/replica_678_ca.pdb
125,313296892,random,YYDPETGTWY,amber,449.33848241807937,7.110422515049131,24.820989320339287,7.793348562759962,5.508595556037851,4.848916770784997,342.33,aer,4096,outputs/Reps_qubits_d_2/slurm_YYDPETGTWY_amber/replica_125/replica_125.pdb,outputs/Reps_qubits_d_2/slurm_YYDPETGTWY_amber/replica_125/replica_125_ca.pdb
723,313297490,random,YYDPETGTWY,amber,18.752035453020394,7.114083941180129,24.89413438977885,7.963962699057366,5.508595556037851,4.848916770784997,328.04,aer,4096,outputs/Reps_qubits_d_2/slurm_YYDPETGTWY_amber/replica_723/replica_723.pdb,outputs/Reps_qubits_d_2/slurm_YYDPETGTWY_amber/replica_723/replica_723_ca.pdb
883,313297650,random,YYDPETGTWY,amber,28.547525629652423,7.1161109090308,24.761567756184036,8.046660330488725,5.508595556037851,4.848916770784997,339.88,aer,4096,outputs/Reps_qubits_d_2/slurm_YYDPETGTWY_amber/replica_883/replica_883.pdb,outputs/Reps_qubits_d_2/slurm_YYDPETGTWY_amber/replica_883/replica_883_ca.pdb
330,313297097,random,YYDPETGTWY,amber,-42.63357283292327,7.118655890481874,25.31822049284412,8.240844622234553,5.508595556037851,4.848916770784997,270.31,aer,4096,outputs/Reps_qubits_d_2/slurm_YYDPETGTWY_amber/replica_330/replica_330.pdb,outputs/Reps_qubits_d_2/slurm_YYDPETGTWY_amber/replica_330/replica_330_ca.pdb
671,313297438,random,YYDPETGTWY,amber,-61.78750056550626,7.119983651215677,25.511415710401156,8.107906566284214,5.508595556037851,4.848916770784997,251.02,aer,4096,outputs/Reps_qubits_d_2/slurm_YYDPETGTWY_amber/replica_671/replica_671.pdb,outputs/Reps_qubits_d_2/slurm_YYDPETGTWY_amber/replica_671/replica_671_ca.pdb
321,313297088,random,YYDPETGTWY,amber,-3.7304785770195275,7.14164979718861,24.861163165658784,8.007429525200354,5.508595556037851,4.848916770784997,398.46,aer,4096,outputs/Reps_qubits_d_2/slurm_YYDPETGTWY_amber/replica_321/replica_321.pdb,outputs/Reps_qubits_d_2/slurm_YYDPETGTWY_amber/replica_321/replica_321_ca.pdb
149,313296916,random,YYDPETGTWY,amber,-38.63498094381226,7.15576318529517,25.59804710235734,8.182550455054635,5.508595556037851,4.848916770784997,424.78,aer,4096,outputs/Reps_qubits_d_2/slurm_YYDPETGTWY_amber/replica_149/replica_149.pdb,outputs/Reps_qubits_d_2/slurm_YYDPETGTWY_amber/replica_149/replica_149_ca.pdb
373,313297140,random,YYDPETGTWY,amber,34.87688973815776,7.162034465884521,23.928850562991173,7.809496815876418,5.508595556037851,4.848916770784997,318.65,aer,4096,outputs/Reps_qubits_d_2/slurm_YYDPETGTWY_amber/replica_373/replica_373.pdb,outputs/Reps_qubits_d_2/slurm_YYDPETGTWY_amber/replica_373/replica_373_ca.pdb
356,313297123,random,YYDPETGTWY,amber,-38.64815128663391,7.186516791200682,25.586047556322363,8.154986638323999,5.508595556037851,4.848916770784997,223.01,aer,4096,outputs/Reps_qubits_d_2/slurm_YYDPETGTWY_amber/replica_356/replica_356.pdb,outputs/Reps_qubits_d_2/slurm_YYDPETGTWY_amber/replica_356/replica_356_ca.pdb
572,313297339,random,YYDPETGTWY,amber,-50.27785303028514,7.195301569742641,24.642766912694764,7.863560997661353,5.508595556037851,4.848916770784997,295.26,aer,4096,outputs/Reps_qubits_d_2/slurm_YYDPETGTWY_amber/replica_572/replica_572.pdb,outputs/Reps_qubits_d_2/slurm_YYDPETGTWY_amber/replica_572/replica_572_ca.pdb
714,313297481,random,YYDPETGTWY,amber,23.731892240070568,7.199715157786396,24.461804461829534,7.97127646874772,5.508595556037851,4.848916770784997,401.65,aer,4096,outputs/Reps_qubits_d_2/slurm_YYDPETGTWY_amber/replica_714/replica_714.pdb,outputs/Reps_qubits_d_2/slurm_YYDPETGTWY_amber/replica_714/replica_714_ca.pdb
485,313297252,random,YYDPETGTWY,amber,0.7306285705240684,7.201355041043179,24.30372935553458,7.945668800800587,5.508595556037851,4.848916770784997,268.28,aer,4096,outputs/Reps_qubits_d_2/slurm_YYDPETGTWY_amber/replica_485/replica_485.pdb,outputs/Reps_qubits_d_2/slurm_YYDPETGTWY_amber/replica_485/replica_485_ca.pdb
971,313297738,random,YYDPETGTWY,amber,37.79694535993663,7.206704428292409,25.583690048409203,8.21032344300726,5.508595556037851,4.848916770784997,443.73,aer,4096,outputs/Reps_qubits_d_2/slurm_YYDPETGTWY_amber/replica_971/replica_971.pdb,outputs/Reps_qubits_d_2/slurm_YYDPETGTWY_amber/replica_971/replica_971_ca.pdb
592,313297359,random,YYDPETGTWY,amber,43.27851831662977,7.222365171553855,25.342852048635468,8.19471462841717,5.508595556037851,4.848916770784997,275.85,aer,4096,outputs/Reps_qubits_d_2/slurm_YYDPETGTWY_amber/replica_592/replica_592.pdb,outputs/Reps_qubits_d_2/slurm_YYDPETGTWY_amber/replica_592/replica_592_ca.pdb
634,313297401,random,YYDPETGTWY,amber,-46.67943756092805,7.225718333386489,25.039426787509015,8.06131939300469,5.508595556037851,4.848916770784997,284.76,aer,4096,outputs/Reps_qubits_d_2/slurm_YYDPETGTWY_amber/replica_634/replica_634.pdb,outputs/Reps_qubits_d_2/slurm_YYDPETGTWY_amber/replica_634/replica_634_ca.pdb
55,313296822,random,YYDPETGTWY,amber,-67.74681065030055,7.273941082631139,25.695385542739483,8.212949236180247,5.508595556037851,4.848916770784997,334.77,aer,4096,outputs/Reps_qubits_d_2/slurm_YYDPETGTWY_amber/replica_55/replica_55.pdb,outputs/Reps_qubits_d_2/slurm_YYDPETGTWY_amber/replica_55/replica_55_ca.pdb
239,313297006,random,YYDPETGTWY,amber,445.44548789821295,7.287102955226743,24.877351926168544,7.990821644166954,5.508595556037851,4.848916770784997,191.64,aer,4096,outputs/Reps_qubits_d_2/slurm_YYDPETGTWY_amber/replica_239/replica_239.pdb,outputs/Reps_qubits_d_2/slurm_YYDPETGTWY_amber/replica_239/replica_239_ca.pdb
922,313297689,random,YYDPETGTWY,amber,3.940890774982255,7.2916654107233825,25.504266633442043,8.179481909453028,5.508595556037851,4.848916770784997,418.94,aer,4096,outputs/Reps_qubits_d_2/slurm_YYDPETGTWY_amber/replica_922/replica_922.pdb,outputs/Reps_qubits_d_2/slurm_YYDPETGTWY_amber/replica_922/replica_922_ca.pdb
708,313297475,random,YYDPETGTWY,amber,78.83994561290277,7.293093553094394,24.643174814626914,8.113355707868068,5.508595556037851,4.848916770784997,202.32,aer,4096,outputs/Reps_qubits_d_2/slurm_YYDPETGTWY_amber/replica_708/replica_708.pdb,outputs/Reps_qubits_d_2/slurm_YYDPETGTWY_amber/replica_708/replica_708_ca.pdb
926,313297693,random,YYDPETGTWY,amber,40.00024460631319,7.3157273326148085,25.233545169116105,8.112959829492405,5.508595556037851,4.848916770784997,325.17,aer,4096,outputs/Reps_qubits_d_2/slurm_YYDPETGTWY_amber/replica_926/replica_926.pdb,outputs/Reps_qubits_d_2/slurm_YYDPETGTWY_amber/replica_926/replica_926_ca.pdb
581,313297348,random,YYDPETGTWY,amber,10.422939065050898,7.320378275271016,25.211922840529954,8.080077341326245,5.508595556037851,4.848916770784997,251.52,aer,4096,outputs/Reps_qubits_d_2/slurm_YYDPETGTWY_amber/replica_581/replica_581.pdb,outputs/Reps_qubits_d_2/slurm_YYDPETGTWY_amber/replica_581/replica_581_ca.pdb
833,313297600,random,YYDPETGTWY,amber,75.34252431958465,7.360717846062019,25.571094547883572,8.241334233587606,5.508595556037851,4.848916770784997,318.22,aer,4096,outputs/Reps_qubits_d_2/slurm_YYDPETGTWY_amber/replica_833/replica_833.pdb,outputs/Reps_qubits_d_2/slurm_YYDPETGTWY_amber/replica_833/replica_833_ca.pdb
413,313297180,random,YYDPETGTWY,amber,-11.885876283439202,7.3657597412961,25.80543719804153,8.306690040630068,5.508595556037851,4.848916770784997,253.16,aer,4096,outputs/Reps_qubits_d_2/slurm_YYDPETGTWY_amber/replica_413/replica_413.pdb,outputs/Reps_qubits_d_2/slurm_YYDPETGTWY_amber/replica_413/replica_413_ca.pdb
720,313297487,random,YYDPETGTWY,amber,1.6617006384706936,7.372859952982105,24.73154055391404,8.139194423982646,5.508595556037851,4.848916770784997,305.97,aer,4096,outputs/Reps_qubits_d_2/slurm_YYDPETGTWY_amber/replica_720/replica_720.pdb,outputs/Reps_qubits_d_2/slurm_YYDPETGTWY_amber/replica_720/replica_720_ca.pdb
538,313297305,random,YYDPETGTWY,amber,75.93106468571058,7.383799726515987,25.583789608077858,8.29479260618083,5.508595556037851,4.848916770784997,370.63,aer,4096,outputs/Reps_qubits_d_2/slurm_YYDPETGTWY_amber/replica_538/replica_538.pdb,outputs/Reps_qubits_d_2/slurm_YYDPETGTWY_amber/replica_538/replica_538_ca.pdb
362,313297129,random,YYDPETGTWY,amber,-43.010853731937964,7.393714292732587,25.525622800366303,8.218396802668487,5.508595556037851,4.848916770784997,276.07,aer,4096,outputs/Reps_qubits_d_2/slurm_YYDPETGTWY_amber/replica_362/replica_362.pdb,outputs/Reps_qubits_d_2/slurm_YYDPETGTWY_amber/replica_362/replica_362_ca.pdb
868,313297635,random,YYDPETGTWY,amber,38.83663280721673,7.3971947281213515,25.44911863216602,8.261161425285303,5.508595556037851,4.848916770784997,219.3,aer,4096,outputs/Reps_qubits_d_2/slurm_YYDPETGTWY_amber/replica_868/replica_868.pdb,outputs/Reps_qubits_d_2/slurm_YYDPETGTWY_amber/replica_868/replica_868_ca.pdb
966,313297733,random,YYDPETGTWY,amber,72.41026456032719,7.4398937536620515,25.434192583371093,8.215310508063839,5.508595556037851,4.848916770784997,625.56,aer,4096,outputs/Reps_qubits_d_2/slurm_YYDPETGTWY_amber/replica_966/replica_966.pdb,outputs/Reps_qubits_d_2/slurm_YYDPETGTWY_amber/replica_966/replica_966_ca.pdb
451,313297218,random,YYDPETGTWY,amber,-55.779930018062196,7.463205362881839,25.577023663580665,8.238401604518963,5.508595556037851,4.848916770784997,278.09,aer,4096,outputs/Reps_qubits_d_2/slurm_YYDPETGTWY_amber/replica_451/replica_451.pdb,outputs/Reps_qubits_d_2/slurm_YYDPETGTWY_amber/replica_451/replica_451_ca.pdb
331,313297098,random,YYDPETGTWY,amber,30.811808784008214,7.555597431293866,26.1398222025615,8.47994728673977,5.508595556037851,4.848916770784997,306.64,aer,4096,outputs/Reps_qubits_d_2/slurm_YYDPETGTWY_amber/replica_331/replica_331.pdb,outputs/Reps_qubits_d_2/slurm_YYDPETGTWY_amber/replica_331/replica_331_ca.pdb
