energy_rank,energy,depth,angles_deg_json,term_constraint,term_sasa,term_hbond,term_hbond_raw,term_electrostatics,term_disulfide,term_vdw_repulsion,term_rotamer,term_pi_stacking,term_rama,term_geometry,term_geom_pro_ring,term_geom_chirality,term_geom_planarity,term_burial_mean,term_burial_min,term_burial_max,term_neighbor_mean,term_neighbor_min,term_neighbor_max,term_total,pred_e2e_A,pred_rg_A,rmsd_to_reference_A,ref_e2e_A,ref_rg_A,native_like
1,62.97841566219974,10,"[-90.0, -45.0, -59.99999999999999, 180.0, 90.0, 45.0, -59.99999999999999, 180.0, 45.0, 59.99999999999999, 180.0, -135.0, 150.0, -59.99999999999999, 45.0, 45.0, 180.0, 59.99999999999999, 59.99999999999999, -59.99999999999999, -119.99999999999999, 135.0, -45.0, 160.0, 180.0, -75.0, 105.00000000000001, 180.0, -59.99999999999999, -150.0, 105.00000000000001, -59.99999999999999, 59.99999999999999]",1.2148180698782858,143.07011394872436,-115.2751399470925,-76.85009329806167,16.79297850359715,0.0,37.75518510048518,-15.807538799549228,0.0,-5.360304665468173,0.5883034516246725,0.5883034516246725,0.0,0.0,0.9174198476486439,0.3908252128689067,1.0,37.43083664910173,13.678882450411734,54.991460071175304,62.97841566219974,5.992913393990929,4.545731957504525,2.7242962245550593,5.508595556037851,4.848916770784997,False
2,66.8706936146923,10,"[-90.0, -45.0, -59.99999999999999, 180.0, 90.0, 45.0, -59.99999999999999, 180.0, 45.0, 59.99999999999999, 180.0, -135.0, 150.0, -59.99999999999999, 45.0, 45.0, 180.0, 59.99999999999999, 59.99999999999999, -59.99999999999999, -119.99999999999999, 135.0, -45.0, 160.0, 180.0, -75.0, 115.0, 180.0, -59.99999999999999, -150.0, 105.00000000000001, -59.99999999999999, 59.99999999999999]",2.0844060028094678,136.97965305691432,-115.2751399470925,-76.85009329806167,16.832053479412785,0.0,50.32677774734942,-15.807538799549228,-2.9616264210181233,-5.896194955758493,0.5883034516246725,0.5883034516246725,0.0,0.0,0.9209352651908143,0.3919488311215039,1.0,38.12804892666593,13.718209089252637,55.64725097956161,66.8706936146923,6.1456633802236995,4.560853642489402,2.7491641293206386,5.508595556037851,4.848916770784997,False
3,69.33940166622135,10,"[-90.0, -45.0, -59.99999999999999, 180.0, 90.0, 45.0, -59.99999999999999, 180.0, 45.0, 59.99999999999999, 180.0, -135.0, 150.0, -59.99999999999999, 45.0, 45.0, 180.0, 59.99999999999999, 59.99999999999999, -59.99999999999999, -135.0, 135.0, -75.0, 150.0, 59.99999999999999, -45.0, 145.0, 180.0, -59.99999999999999, -90.0, -75.0, 180.0, 59.99999999999999]",0.2035910567254501,123.904511460172,-115.2751399470925,-76.85009329806167,18.62434113156424,0.0,62.85720711519079,-13.207980012764175,0.0,-8.35543258919913,0.5883034516246725,0.5883034516246725,0.0,0.0,0.9284822444674331,0.41230152793032315,1.0,37.104354858851416,14.430553477561311,55.24771945022205,69.33940166622135,5.298212459886419,4.549401576568294,2.4701845892812377,5.508595556037851,4.848916770784997,False
4,69.36025126327843,10,"[-90.0, -45.0, -59.99999999999999, 180.0, 90.0, 45.0, -59.99999999999999, 180.0, 45.0, 59.99999999999999, 180.0, -135.0, 150.0, -59.99999999999999, 45.0, 45.0, 180.0, 59.99999999999999, 59.99999999999999, -59.99999999999999, -135.0, 135.0, -45.0, 160.0, 180.0, -75.0, 105.00000000000001, 180.0, -59.99999999999999, -150.0, 105.00000000000001, -59.99999999999999, 59.99999999999999]",1.2214335341329488,90.44749690616526,-115.2751399470925,-76.85009329806167,20.052192224974828,0.0,93.68155223823842,-15.807538799549228,0.0,-5.548048345215974,0.5883034516246725,0.5883034516246725,0.0,0.0,0.947793652579414,0.4095015853299711,1.0,40.29512897333014,14.332555486548989,59.519259828687645,69.36025126327843,5.005746313289835,4.410689234614565,2.6767563574151403,5.508595556037851,4.848916770784997,False
5,69.4239757673007,10,"[-90.0, -45.0, -59.99999999999999, 180.0, 90.0, 45.0, -59.99999999999999, 180.0, 45.0, 59.99999999999999, 180.0, -135.0, 150.0, -59.99999999999999, 45.0, 45.0, 180.0, 59.99999999999999, 59.99999999999999, -59.99999999999999, -135.0, 135.0, -75.0, 150.0, 59.99999999999999, -59.99999999999999, 115.0, -59.99999999999999, -59.99999999999999, -150.0, 105.00000000000001, -59.99999999999999, 59.99999999999999]",0.08159864469908372,112.99107916440897,-115.2751399470925,-76.85009329806167,19.040307840624646,0.0,70.90970896317944,-12.408026753196237,0.0,-6.503855596947369,0.5883034516246725,0.5883034516246725,0.0,0.0,0.9347814838877869,0.39422966634529505,1.0,37.64572807041314,13.798038322085327,55.062805195645126,69.4239757673007,5.627748694474021,4.562913599264479,2.452900763273037,5.508595556037851,4.848916770784997,False
6,69.53310159688695,10,"[-90.0, -45.0, -59.99999999999999, 180.0, 90.0, 45.0, -59.99999999999999, 180.0, 45.0, 59.99999999999999, 180.0, -135.0, 150.0, -59.99999999999999, 45.0, 45.0, 180.0, 59.99999999999999, 59.99999999999999, -59.99999999999999, -135.0, 119.99999999999999, -45.0, 160.0, 180.0, -75.0, 115.0, 180.0, -59.99999999999999, -150.0, 105.00000000000001, -59.99999999999999, 59.99999999999999]",0.022885379022547996,103.22278760866594,-115.2751399470925,-76.85009329806167,19.64313529332275,0.0,82.8019636670664,-15.807538799549228,0.0,-5.663295056173624,0.5883034516246725,0.5883034516246725,0.0,0.0,0.9404197474120254,0.396323923337062,1.0,38.55748869026482,13.87133731679717,56.70874960832833,69.53310159688695,5.567654089340627,4.5047032375299425,2.570248788819294,5.508595556037851,4.848916770784997,False
7,75.35144730408587,10,"[-90.0, -45.0, -59.99999999999999, 180.0, 90.0, 45.0, -59.99999999999999, 180.0, 45.0, 59.99999999999999, 180.0, -135.0, 150.0, -59.99999999999999, 45.0, 45.0, 180.0, 59.99999999999999, 59.99999999999999, -59.99999999999999, -135.0, 135.0, -90.0, 160.0, 180.0, -59.99999999999999, 115.0, -59.99999999999999, -59.99999999999999, -150.0, 105.00000000000001, -59.99999999999999, 59.99999999999999]",2.3022097890522684,149.4211512993604,-115.2751399470925,-76.85009329806167,17.657070577290586,0.0,43.045465360486936,-15.40756216976526,0.0,-6.98005105687122,0.5883034516246725,0.5883034516246725,0.0,0.0,0.9137540252240345,0.3871190422018553,1.0,35.78402884426116,13.549166477064935,52.47445920838783,75.35144730408587,6.1785587357115475,4.674075327367813,2.37814896173899,5.508595556037851,4.848916770784997,False
8,76.11135911415323,10,"[-90.0, -45.0, -59.99999999999999, 180.0, 90.0, 45.0, -59.99999999999999, 180.0, 45.0, 59.99999999999999, 180.0, -135.0, 150.0, -59.99999999999999, 45.0, 45.0, 180.0, 59.99999999999999, 59.99999999999999, -59.99999999999999, -135.0, 119.99999999999999, -45.0, 160.0, 180.0, -75.0, 105.00000000000001, 180.0, -59.99999999999999, -150.0, 105.00000000000001, -59.99999999999999, 59.99999999999999]",0.002656862174502833,110.34733428689904,-115.2751399470925,-76.85009329806167,19.629431499092085,0.0,81.75371652688796,-15.807538799549228,0.0,-5.127404765883305,0.5883034516246725,0.5883034516246725,0.0,0.0,0.9363074549570569,0.3959109959110213,1.0,38.02068237119806,13.856884856885745,56.276849845182944,76.11135911415323,5.476948483023875,4.491244118535086,2.552305694713192,5.508595556037851,4.848916770784997,False
9,87.8143893232217,10,"[-90.0, -45.0, -59.99999999999999, 180.0, 90.0, 45.0, -59.99999999999999, 180.0, 45.0, 59.99999999999999, 180.0, -135.0, 150.0, -59.99999999999999, 45.0, 45.0, 180.0, 59.99999999999999, 59.99999999999999, -59.99999999999999, -119.99999999999999, 135.0, -75.0, 150.0, 59.99999999999999, -45.0, 145.0, 180.0, -59.99999999999999, -90.0, -75.0, 180.0, 59.99999999999999]",1.456213444947021,170.83399489382447,-115.2751399470925,-76.85009329806167,16.61613591578029,0.0,34.97055048635326,-13.207980012764175,0.0,-8.16768890945133,0.5883034516246725,0.5883034516246725,0.0,0.0,0.901394519541804,0.4056359042678108,1.0,34.78349373690606,14.19725664937338,51.969116119300196,87.8143893232217,6.039669055060047,4.66475094614043,2.512461782105863,5.508595556037851,4.848916770784997,False
10,88.01430175605549,10,"[-90.0, -45.0, -59.99999999999999, 180.0, 90.0, 45.0, -59.99999999999999, 180.0, 45.0, 59.99999999999999, 180.0, -135.0, 150.0, -59.99999999999999, 45.0, 45.0, 180.0, 59.99999999999999, 59.99999999999999, -59.99999999999999, -135.0, 135.0, -45.0, 160.0, 180.0, -75.0, 115.0, 180.0, -59.99999999999999, -150.0, 105.00000000000001, -59.99999999999999, 59.99999999999999]",0.6428785635466914,85.57992745881522,-115.2751399470925,-76.85009329806167,20.08257912142979,0.0,118.28723054278714,-15.807538799549228,0.0,-6.083938635506294,0.5883034516246725,0.5883034516246725,0.0,0.0,0.9506032164739883,0.4112954292903377,1.0,40.96578425922765,14.395340025161818,60.11971196769058,88.01430175605549,5.14142544330455,4.424359901967266,2.699386706666084,5.508595556037851,4.848916770784997,False
11,88.73635883969284,10,"[-90.0, -45.0, -59.99999999999999, 180.0, 90.0, 45.0, -59.99999999999999, 180.0, 45.0, 59.99999999999999, 180.0, -135.0, 150.0, -59.99999999999999, 45.0, 45.0, 180.0, 59.99999999999999, 59.99999999999999, -59.99999999999999, -119.99999999999999, 135.0, -75.0, 150.0, 59.99999999999999, -59.99999999999999, 115.0, -59.99999999999999, -59.99999999999999, -150.0, 105.00000000000001, -59.99999999999999, 59.99999999999999]",3.1868133267532883,160.82823399580676,-115.2751399470925,-76.85009329806167,16.878110103094134,0.0,41.25417657990231,-12.408026753196237,0.0,-6.316111917199568,0.5883034516246725,0.5883034516246725,0.0,0.0,0.9071698505074708,0.38458640545750866,1.0,35.42788164054381,13.460524191012803,51.90671927572798,88.73635883969284,6.298349964207839,4.678075366496456,2.4857834512212946,5.508595556037851,4.848916770784997,False
12,89.7293820713257,10,"[-90.0, -45.0, -59.99999999999999, 180.0, 90.0, 45.0, -59.99999999999999, 180.0, 45.0, 59.99999999999999, 180.0, -135.0, 150.0, -59.99999999999999, 45.0, 45.0, 180.0, 59.99999999999999, 59.99999999999999, -59.99999999999999, -119.99999999999999, 135.0, -59.99999999999999, 115.0, 59.99999999999999, -45.0, 145.0, 180.0, -59.99999999999999, -90.0, -75.0, 180.0, 59.99999999999999]",8.105253288583068,111.84716358292015,-115.2751399470925,-76.85009329806167,19.046776846113666,0.0,85.91774502037396,-13.207980012764175,0.0,-7.292740158433139,0.5883034516246725,0.5883034516246725,0.0,0.0,0.935441752621691,0.4218144387863913,1.0,37.27510191468517,14.763505357523695,55.58901559835151,89.7293820713257,6.77320487656803,4.5745661384888985,2.756141438762126,5.508595556037851,4.848916770784997,False
13,90.42425041143362,10,"[-90.0, -45.0, -59.99999999999999, 180.0, 90.0, 45.0, -59.99999999999999, 180.0, 45.0, 59.99999999999999, 180.0, -135.0, 150.0, -59.99999999999999, 45.0, 45.0, 180.0, 59.99999999999999, 59.99999999999999, -59.99999999999999, -119.99999999999999, 135.0, -45.0, 160.0, 180.0, -90.0, 105.00000000000001, -59.99999999999999, -59.99999999999999, -150.0, 105.00000000000001, -59.99999999999999, 59.99999999999999]",8.789873530011079,159.94752979127435,-115.2751399470925,-76.85009329806167,17.07517857599811,0.0,39.91959752426947,-15.40756216976526,0.0,-5.2135303448863155,0.5883034516246725,0.5883034516246725,0.0,0.0,0.9076781934826699,0.38739699272213635,1.0,35.201534542810734,13.558894745274772,52.83835884745994,90.42425041143362,6.825886385027848,4.6344759889892115,2.74661053010197,5.508595556037851,4.848916770784997,False
14,95.43030929868065,10,"[-90.0, -45.0, -59.99999999999999, 180.0, 90.0, 45.0, -59.99999999999999, 180.0, 45.0, 59.99999999999999, 180.0, -135.0, 150.0, -59.99999999999999, 45.0, 45.0, 180.0, 59.99999999999999, 59.99999999999999, -59.99999999999999, -135.0, 135.0, -45.0, 160.0, 180.0, -90.0, 105.00000000000001, -59.99999999999999, -59.99999999999999, -150.0, 105.00000000000001, -59.99999999999999, 59.99999999999999]",0.6682190025161685,109.88081926568884,-115.2751399470925,-76.85009329806167,21.0764805678829,0.0,99.30046315245995,-15.40756216976526,0.0,-5.401274024634116,0.5883034516246725,0.5883034516246725,0.0,0.0,0.9365767276965721,0.4050994037864371,1.0,38.27468952676181,14.178479132525299,57.41908901534563,95.43030929868065,5.865573249162509,4.494470636971433,2.6997317600560278,5.508595556037851,4.848916770784997,False
15,98.82778864278312,10,"[-90.0, -45.0, -59.99999999999999, 180.0, 90.0, 45.0, -59.99999999999999, 180.0, 45.0, 59.99999999999999, 180.0, -165.0, 105.00000000000001, 59.99999999999999, -59.99999999999999, 145.0, 59.99999999999999, 29.999999999999996, 14.999999999999998, 59.99999999999999, -119.99999999999999, 135.0, 59.99999999999999, 45.0, 180.0, -59.99999999999999, 115.0, -59.99999999999999, -59.99999999999999, -150.0, 105.00000000000001, -59.99999999999999, 59.99999999999999]",0.32474904951281414,66.79369746421139,-40.465631421094756,-26.97708761406317,16.52469459853257,0.0,74.03124702311521,-12.408026753196252,-3.1189757198413366,-3.4422690489345094,0.5883034504779852,0.5883034504779852,0.0,0.0,0.9614466392702964,0.5901543604445617,1.0,39.55290730505793,20.65540261555966,54.28132866509145,98.82778864278312,5.245147474207998,4.598259897929998,3.465698097784928,5.508595556037851,4.848916770784997,False
16,100.00100640523162,10,"[-90.0, -45.0, -59.99999999999999, 180.0, 90.0, 45.0, -59.99999999999999, 180.0, 45.0, 59.99999999999999, 180.0, -135.0, 150.0, -59.99999999999999, 45.0, 45.0, 180.0, 59.99999999999999, 59.99999999999999, -59.99999999999999, -119.99999999999999, 135.0, -45.0, 160.0, 180.0, -75.0, 115.0, 180.0, -59.99999999999999, -105.00000000000001, 105.00000000000001, 59.99999999999999, -59.99999999999999]",2.0844060028094678,184.71124923890727,-115.2751399470925,-76.85009329806167,16.79683295053141,0.0,31.81132337872334,-15.80753879954923,0.0,-4.908429870722795,0.5883034516246725,0.5883034516246725,0.0,0.0,0.893384560323863,0.3905620039255261,1.0,35.93061225054913,13.669670137393414,54.10237884391304,100.00100640523162,6.1456633802236995,4.560853642489402,2.7491641293206386,5.508595556037851,4.848916770784997,False
17,102.30029868660193,10,"[-90.0, -45.0, -59.99999999999999, 180.0, 90.0, 45.0, -59.99999999999999, 180.0, 45.0, 59.99999999999999, 180.0, -135.0, 150.0, -59.99999999999999, 45.0, 45.0, 180.0, 59.99999999999999, 59.99999999999999, -59.99999999999999, -135.0, 119.99999999999999, -45.0, 160.0, 180.0, -59.99999999999999, 115.0, -59.99999999999999, -59.99999999999999, -105.00000000000001, 105.00000000000001, 59.99999999999999, -59.99999999999999]",3.0255254008765813,136.34796640345735,-115.2751399470925,-76.85009329806167,18.937086111750723,0.0,78.87121704925053,-15.407562169765262,0.0,-4.787097613500151,0.5883034516246725,0.5883034516246725,0.0,0.0,0.9212998750917994,0.3973439719798616,1.0,38.65593652369582,13.907039019295157,57.558103677018856,102.30029868660193,4.722114995532555,4.422921538324989,2.5585925715608027,5.508595556037851,4.848916770784997,False
18,104.05476326350112,10,"[-90.0, -45.0, -59.99999999999999, 180.0, 90.0, 45.0, -59.99999999999999, 180.0, 45.0, 59.99999999999999, 180.0, -135.0, 150.0, -59.99999999999999, 45.0, 45.0, 180.0, 59.99999999999999, 59.99999999999999, -59.99999999999999, -119.99999999999999, 135.0, -45.0, 160.0, 180.0, -90.0, 105.00000000000001, -59.99999999999999, -59.99999999999999, -90.0, -75.0, 180.0, 59.99999999999999]",8.789873530011079,122.12532198228232,-115.2751399470925,-76.85009329806167,17.162380892034687,0.0,93.02087272252598,-15.807538799549228,0.0,-6.549310568335889,0.5883034516246725,0.5883034516246725,0.0,0.0,0.9295091936610204,0.3962325004057127,1.0,37.03722184663113,13.868137514199944,54.96161086405377,104.05476326350112,6.825886385027848,4.6344759889892115,2.74661053010197,5.508595556037851,4.848916770784997,False
19,104.73391903455159,10,"[-90.0, -45.0, -59.99999999999999, 180.0, 90.0, 45.0, -59.99999999999999, 180.0, 45.0, 59.99999999999999, 180.0, -135.0, 150.0, -59.99999999999999, 45.0, 45.0, 180.0, 59.99999999999999, 59.99999999999999, -59.99999999999999, -135.0, 135.0, -75.0, 150.0, 59.99999999999999, -59.99999999999999, 115.0, -59.99999999999999, -59.99999999999999, -90.0, -75.0, 180.0, 59.99999999999999]",0.08159864469908372,121.56260870972015,-115.2751399470925,-76.85009329806167,19.01338144738965,0.0,99.41080593158767,-12.808003382980205,0.0,-7.839635820396942,0.5883034516246725,0.5883034516246725,0.0,0.0,0.9298339920867416,0.3967259583034944,1.0,37.33036204646561,13.885408540622304,55.74386209201607,104.73391903455159,5.627748694474021,4.562913599264479,2.452900763273037,5.508595556037851,4.848916770784997,False
20,104.91034179658438,10,"[-90.0, -45.0, -59.99999999999999, 180.0, 90.0, 45.0, -59.99999999999999, 180.0, 45.0, 59.99999999999999, 180.0, -135.0, 150.0, -59.99999999999999, 45.0, 45.0, 180.0, 59.99999999999999, 59.99999999999999, -59.99999999999999, -119.99999999999999, 135.0, -45.0, 160.0, 180.0, -59.99999999999999, 115.0, -59.99999999999999, -59.99999999999999, -105.00000000000001, 105.00000000000001, 59.99999999999999, -59.99999999999999]",0.02082388774955465,154.9927719737206,-115.2751399470925,-76.85009329806167,16.87409380471994,0.0,68.1370483087124,-15.407562169765262,0.0,-5.019997513085022,0.5883034516246725,0.5883034516246725,0.0,0.0,0.910538082554851,0.39877617736021337,1.0,38.550450134652145,13.957166207607468,59.919328947958874,104.91034179658438,5.435464912257665,4.476252607718327,2.7625670351793405,5.508595556037851,4.848916770784997,False
21,105.01297763667418,10,"[-90.0, -45.0, -59.99999999999999, 180.0, 90.0, 45.0, -59.99999999999999, 180.0, 45.0, 59.99999999999999, 180.0, -135.0, 150.0, -59.99999999999999, 45.0, 45.0, 180.0, 59.99999999999999, 59.99999999999999, -59.99999999999999, -119.99999999999999, 135.0, -45.0, 160.0, 180.0, -75.0, 115.0, 180.0, -59.99999999999999, -59.99999999999999, -14.999999999999998, -59.99999999999999, -59.99999999999999]",2.0844060028094678,149.11731078868166,-115.2751399470925,-76.85009329806167,16.76042063150915,0.0,75.09944096834401,-15.80753879954923,0.0,-7.5542254596530345,0.5883034516246725,0.5883034516246725,0.0,0.0,0.9139294021421751,0.39877606267560717,1.0,37.33310180127115,13.957162193646251,55.664198998036944,105.01297763667418,6.1456633802236995,4.560853642489402,2.7491641293206386,5.508595556037851,4.848916770784997,False
22,105.32244742984125,10,"[-90.0, -45.0, -59.99999999999999, 180.0, 90.0, 45.0, -59.99999999999999, 180.0, 45.0, 59.99999999999999, 180.0, -135.0, 150.0, -59.99999999999999, 45.0, 45.0, 180.0, 59.99999999999999, 59.99999999999999, -59.99999999999999, -135.0, 119.99999999999999, -45.0, 160.0, 180.0, -59.99999999999999, 115.0, -59.99999999999999, -59.99999999999999, -150.0, 105.00000000000001, -59.99999999999999, 59.99999999999999]",3.0255254008765813,101.87560912168891,-115.2751399470925,-76.85009329806167,19.05034610740407,0.0,117.24022816364064,-15.40756216976526,0.0,-5.774862698535849,0.5883034516246725,0.5883034516246725,0.0,0.0,0.9411973396123008,0.3982176715728181,1.0,40.8467639812473,13.937618505048635,59.177230358560394,105.32244742984125,4.722114995532555,4.422921538324989,2.5585925715608027,5.508595556037851,4.848916770784997,False
23,106.50277220433993,10,"[-90.0, -45.0, -59.99999999999999, 180.0, 90.0, 45.0, -59.99999999999999, 180.0, 45.0, 59.99999999999999, 180.0, -135.0, 150.0, -59.99999999999999, 45.0, 45.0, 180.0, 59.99999999999999, 59.99999999999999, -59.99999999999999, -135.0, 135.0, -90.0, 160.0, 180.0, -59.99999999999999, 115.0, -59.99999999999999, -59.99999999999999, -90.0, -75.0, 180.0, 59.99999999999999]",2.3022097890522684,175.04426686162748,-115.2751399470925,-76.85009329806167,17.606505913061937,0.0,50.35999621593613,-15.807538799549228,0.0,-8.315831280320793,0.5883034516246725,0.5883034516246725,0.0,0.0,0.8989643481318167,0.3879069184033428,1.0,34.7179983750005,13.576742144116997,52.56743557071849,106.50277220433993,6.1785587357115475,4.674075327367813,2.37814896173899,5.508595556037851,4.848916770784997,False
24,108.78495130003606,10,"[-90.0, -45.0, -59.99999999999999, 180.0, 90.0, 45.0, -59.99999999999999, 180.0, 45.0, 59.99999999999999, 180.0, -165.0, 105.00000000000001, 59.99999999999999, -59.99999999999999, 145.0, 59.99999999999999, 29.999999999999996, 14.999999999999998, 59.99999999999999, -135.0, 135.0, 59.99999999999999, 45.0, 180.0, -75.0, 105.00000000000001, 180.0, -59.99999999999999, -150.0, 105.00000000000001, -59.99999999999999, 59.99999999999999]",6.0297887730979935,34.07703674315474,-43.83807476960876,-29.225383179739172,17.34809804516165,0.0,110.37035723676243,-12.80800338298022,0.0,-2.9825547960297634,0.5883034504779852,0.5883034504779852,0.0,0.0,0.9803307147225658,0.6534891823798912,1.0,42.59196192979435,22.87212138329619,57.5471418345257,108.78495130003606,4.401838921369183,4.422593949552346,3.3696131215280545,5.508595556037851,4.848916770784997,False
25,108.97630338305768,10,"[-90.0, -45.0, -59.99999999999999, 180.0, 90.0, 45.0, -59.99999999999999, 180.0, 45.0, 59.99999999999999, 180.0, -135.0, 150.0, -59.99999999999999, 45.0, 45.0, 180.0, 59.99999999999999, 59.99999999999999, -59.99999999999999, -135.0, 135.0, -45.0, 160.0, 180.0, -75.0, 115.0, 180.0, -59.99999999999999, -105.00000000000001, 105.00000000000001, 59.99999999999999, -59.99999999999999]",0.6428785635466914,132.01028937169923,-115.2751399470925,-76.85009329806167,19.977816393176166,0.0,91.93586790012324,-15.80753879954923,0.0,-5.096173550470596,0.5883034516246725,0.5883034516246725,0.0,0.0,0.92380358477824,0.4099554582870537,1.0,38.86593188558409,14.34844104004688,58.67456737240183,108.97630338305768,5.14142544330455,4.424359901967266,2.699386706666084,5.508595556037851,4.848916770784997,False
26,109.01898938482965,10,"[-90.0, -45.0, -59.99999999999999, 180.0, 90.0, 45.0, -59.99999999999999, 180.0, 45.0, 59.99999999999999, 180.0, -165.0, 105.00000000000001, 59.99999999999999, -59.99999999999999, 145.0, 59.99999999999999, 29.999999999999996, 14.999999999999998, 59.99999999999999, -119.99999999999999, 135.0, 59.99999999999999, 45.0, 180.0, -75.0, 115.0, 180.0, -59.99999999999999, -150.0, 105.00000000000001, -59.99999999999999, 59.99999999999999]",1.3334571880628976,96.10623406942061,-40.465631421094756,-26.97708761406317,16.51711490271156,0.0,51.07821598480388,-12.80800338298022,0.0,-3.330701406572283,0.5883034504779852,0.5883034504779852,0.0,0.0,0.9445274262225567,0.5801592272276112,1.0,38.0730218068647,20.30557295296639,53.24529646221614,109.01898938482965,6.0164217633026125,4.664734906721851,3.487792808179047,5.508595556037851,4.848916770784997,False
27,109.0314362376241,10,"[-90.0, -45.0, -59.99999999999999, 180.0, 90.0, 45.0, -59.99999999999999, 180.0, 45.0, 59.99999999999999, 180.0, -135.0, 150.0, -59.99999999999999, 45.0, 45.0, 180.0, 59.99999999999999, 59.99999999999999, -59.99999999999999, -135.0, 135.0, -90.0, 160.0, 180.0, -45.0, 145.0, 180.0, -59.99999999999999, -105.00000000000001, 105.00000000000001, 59.99999999999999, -59.99999999999999]",0.6003446414641908,183.90794898870737,-115.2751399470925,-76.85009329806167,17.308275321558042,0.0,44.21732532154927,-15.80753879954923,0.0,-6.508082740637711,0.5883034516246725,0.5883034516246725,0.0,0.0,0.8938482256919438,0.3858351306598195,1.0,35.011160712247914,13.504229573093683,52.35625990219133,109.0314362376241,5.846509636652198,4.668405133036536,2.376701971869677,5.508595556037851,4.848916770784997,False
28,109.31132096729722,10,"[-90.0, -45.0, -59.99999999999999, 180.0, 90.0, 45.0, -59.99999999999999, 180.0, 45.0, 59.99999999999999, 180.0, -165.0, 105.00000000000001, 59.99999999999999, -59.99999999999999, 145.0, 59.99999999999999, 29.999999999999996, 14.999999999999998, 59.99999999999999, -119.99999999999999, 135.0, 59.99999999999999, 45.0, 180.0, -45.0, 145.0, 180.0, -59.99999999999999, -105.00000000000001, 105.00000000000001, 59.99999999999999, -59.99999999999999]",1.787766774154569,91.40468872423833,-40.465631421094756,-26.97708761406317,16.318607160691702,0.0,57.04433985432392,-12.808003382980221,-1.5884494598132863,-2.970300732701,0.5883034504779852,0.5883034504779852,0.0,0.0,0.9472411609095305,0.5342372452562606,1.0,38.35111023743884,18.69830358396912,55.037049365944696,109.31132096729722,4.9020423469584875,4.582461720077931,3.5323052215697657,5.508595556037851,4.848916770784997,False
29,109.40160923844236,10,"[-90.0, -45.0, -59.99999999999999, 180.0, 90.0, 45.0, -59.99999999999999, 180.0, 45.0, 59.99999999999999, 180.0, -135.0, 150.0, -59.99999999999999, 45.0, 45.0, 180.0, 29.999999999999996, 14.999999999999998, 59.99999999999999, -90.0, 130.0, -45.0, 160.0, 180.0, -59.99999999999999, 115.0, -59.99999999999999, -59.99999999999999, -90.0, -75.0, 180.0, 59.99999999999999]",9.18190104488636,136.29629758531715,-115.2751399470925,-76.85009329806167,15.169030714498174,0.0,87.06045651677769,-12.80800338298022,-5.047909321533608,-5.763327423055356,0.5883034516246725,0.5883034516246725,0.0,0.0,0.9213296983634532,0.3854120259023749,1.0,40.051972055605205,13.48942090658312,61.99704104215343,109.40160923844236,4.144868932915612,4.545795907794879,2.418075999955013,5.508595556037851,4.848916770784997,False
30,110.62983979216267,10,"[-90.0, -45.0, -59.99999999999999, 180.0, 90.0, 45.0, -59.99999999999999, 180.0, 45.0, 59.99999999999999, 180.0, -135.0, 150.0, -59.99999999999999, 45.0, 45.0, 180.0, 59.99999999999999, 59.99999999999999, -59.99999999999999, -119.99999999999999, 135.0, -45.0, 160.0, 180.0, -75.0, 105.00000000000001, 180.0, -59.99999999999999, -59.99999999999999, -14.999999999999998, -59.99999999999999, -59.99999999999999]",1.2148180698782858,156.53596712035588,-115.2751399470925,-76.85009329806167,16.789807623902725,0.0,73.60195744240558,-15.80753879954923,0.0,-7.0183351693627145,0.5883034516246725,0.5883034516246725,0.0,0.0,0.9096473494254801,0.39442801749377204,1.0,37.18204853563178,13.804980612282021,56.34988865778354,110.62983979216267,5.992913393990929,4.545731957504525,2.7242962245550593,5.508595556037851,4.848916770784997,False
31,111.10850152974463,10,"[-90.0, -45.0, -59.99999999999999, 180.0, 90.0, 45.0, -59.99999999999999, 180.0, 45.0, 59.99999999999999, 180.0, -135.0, 150.0, -59.99999999999999, 45.0, 45.0, 180.0, 59.99999999999999, 59.99999999999999, -59.99999999999999, -135.0, 135.0, -75.0, 150.0, 59.99999999999999, -45.0, 145.0, 180.0, -59.99999999999999, -105.00000000000001, 105.00000000000001, 59.99999999999999, -59.99999999999999]",0.2035910567254501,138.96559836721045,-115.2751399470925,-76.85009329806167,18.537232031608223,0.0,86.9288072333624,-12.808003382980209,0.0,-6.03188728071386,0.5883034516246725,0.5883034516246725,0.0,0.0,0.9197889764114227,0.392991768526776,1.0,37.47155713989614,13.75471189843716,55.49655040637467,111.10850152974463,5.298212459886419,4.549401576568294,2.4701845892812377,5.508595556037851,4.848916770784997,False
32,111.41257414665908,10,"[-90.0, -45.0, -59.99999999999999, 180.0, 90.0, 45.0, -59.99999999999999, 180.0, 45.0, 59.99999999999999, 180.0, -135.0, 150.0, -59.99999999999999, 45.0, 45.0, 180.0, 59.99999999999999, 59.99999999999999, -59.99999999999999, -119.99999999999999, 135.0, -59.99999999999999, 115.0, 59.99999999999999, -45.0, 145.0, 180.0, -59.99999999999999, -150.0, 105.00000000000001, -59.99999999999999, 59.99999999999999]",8.105253288583068,109.18644696271839,-115.2751399470925,-76.85009329806167,19.06622107230283,0.0,108.5064526364864,-12.808003382980207,0.0,-5.956959934983566,0.5883034516246725,0.5883034516246725,0.0,0.0,0.9369775197906388,0.39400613696718584,1.0,38.01179517784324,13.790214793851504,56.20209334288084,111.41257414665908,6.77320487656803,4.5745661384888985,2.756141438762126,5.508595556037851,4.848916770784997,False
33,111.68150459785377,10,"[-90.0, -45.0, -59.99999999999999, 180.0, 90.0, 45.0, -59.99999999999999, 180.0, 45.0, 59.99999999999999, 180.0, -135.0, 150.0, -59.99999999999999, 45.0, 45.0, 180.0, 59.99999999999999, 59.99999999999999, -59.99999999999999, -135.0, 135.0, -45.0, 160.0, 180.0, -75.0, 105.00000000000001, 180.0, -59.99999999999999, -105.00000000000001, 105.00000000000001, 59.99999999999999, -59.99999999999999]",1.2214335341329488,142.22402424723322,-115.2751399470925,-76.85009329806167,19.96825165583334,0.0,83.3224537158516,-15.80753879954923,0.0,-4.560283260180276,0.5883034516246725,0.5883034516246725,0.0,0.0,0.9179082111127082,0.4089470446718285,1.0,38.35877368799072,14.313146563513998,58.4001998121939,111.68150459785377,5.005746313289835,4.410689234614565,2.6767563574151403,5.508595556037851,4.848916770784997,False
34,111.89509126254379,10,"[-90.0, -45.0, -59.99999999999999, 180.0, 90.0, 45.0, -59.99999999999999, 180.0, 45.0, 59.99999999999999, 180.0, -135.0, 150.0, -59.99999999999999, 45.0, 45.0, 180.0, 59.99999999999999, 59.99999999999999, -59.99999999999999, -135.0, 119.99999999999999, -75.0, 150.0, 59.99999999999999, -59.99999999999999, 115.0, -59.99999999999999, -59.99999999999999, -150.0, 105.00000000000001, -59.99999999999999, 59.99999999999999]",5.61695359989263,157.6610055149614,-115.2751399470925,-76.85009329806167,18.172208816070903,0.0,63.622998597897606,-12.408026753196237,0.0,-6.083212017614699,0.5883034516246725,0.5883034516246725,0.0,0.0,0.9089979766147408,0.3895060392214783,1.0,35.48954351544286,13.632711372751741,52.683122649459776,111.89509126254379,6.5599012784115915,4.663625190423311,2.4217572119106756,5.508595556037851,4.848916770784997,False
35,111.92954012312826,10,"[-90.0, -45.0, -59.99999999999999, 180.0, 90.0, 45.0, -59.99999999999999, 180.0, 45.0, 59.99999999999999, 180.0, -135.0, 150.0, -59.99999999999999, 45.0, 45.0, 180.0, 59.99999999999999, 59.99999999999999, -59.99999999999999, -135.0, 135.0, -75.0, 150.0, 59.99999999999999, -75.0, 75.0, -59.99999999999999, 59.99999999999999, -90.0, -75.0, 180.0, 59.99999999999999]",4.855327147616923,168.03594954842802,-115.2751399470925,-76.85009329806167,17.747370759444852,0.0,54.44984395002014,-12.808003382980203,0.0,-5.664111403933631,0.5883034516246725,0.5883034516246725,0.0,0.0,0.9030095529302001,0.3934029912170803,1.0,36.57185558683775,13.76910469259781,54.573052666426904,111.92954012312826,6.48542652162573,4.602323891726824,2.4848408981414205,5.508595556037851,4.848916770784997,False
36,112.78282341806796,10,"[-90.0, -45.0, -59.99999999999999, 180.0, 90.0, 45.0, -59.99999999999999, 180.0, 45.0, 59.99999999999999, 180.0, -135.0, 150.0, -59.99999999999999, 45.0, 45.0, 180.0, 59.99999999999999, 59.99999999999999, -59.99999999999999, -135.0, 119.99999999999999, -75.0, 150.0, 59.99999999999999, -45.0, 145.0, 180.0, -59.99999999999999, -150.0, 105.00000000000001, -59.99999999999999, 59.99999999999999]",2.2524937627240753,134.980811573219,-115.2751399470925,-76.85009329806167,17.93423500012976,0.0,91.70913174686005,-12.808003382980207,0.0,-6.599008786416888,0.5883034516246725,0.5883034516246725,0.0,0.0,0.9220889976489357,0.38781493616068136,1.0,36.57070984942864,13.573522765623848,53.81844823709524,112.78282341806796,6.171192038499277,4.652666029781473,2.412203038354482,5.508595556037851,4.848916770784997,False
37,113.24140629375796,10,"[-90.0, -45.0, -59.99999999999999, 180.0, 90.0, 45.0, -59.99999999999999, 180.0, 45.0, 59.99999999999999, 180.0, -135.0, 150.0, -59.99999999999999, 45.0, 45.0, 180.0, 59.99999999999999, 59.99999999999999, -59.99999999999999, -119.99999999999999, 135.0, -45.0, 160.0, 180.0, -75.0, 105.00000000000001, 180.0, -59.99999999999999, -105.00000000000001, 105.00000000000001, 59.99999999999999, -59.99999999999999]",1.2148180698782858,198.7646863657171,-115.2751399470925,-76.85009329806167,16.779408274654795,0.0,31.349408458957324,-15.80753879954923,0.0,-4.372539580432475,0.5883034516246725,0.5883034516246725,0.0,0.0,0.8852729083026165,0.38999277516336556,1.0,35.41760110595078,13.649747130717794,53.802861604051536,113.24140629375796,5.992913393990929,4.545731957504525,2.7242962245550593,5.508595556037851,4.848916770784997,False
38,113.36287138615118,10,"[-90.0, -45.0, -59.99999999999999, 180.0, 90.0, 45.0, -59.99999999999999, 180.0, 45.0, 59.99999999999999, 180.0, -165.0, 105.00000000000001, 59.99999999999999, -59.99999999999999, 145.0, 59.99999999999999, 29.999999999999996, 14.999999999999998, 59.99999999999999, -119.99999999999999, 135.0, 59.99999999999999, 45.0, 180.0, -75.0, 105.00000000000001, 180.0, -59.99999999999999, -150.0, 105.00000000000001, -59.99999999999999, 59.99999999999999]",1.1612020569790493,99.22811954905629,-40.465631421094756,-26.97708761406317,16.49889054142448,0.0,51.954801708570315,-12.80800338298022,0.0,-2.7948111162819638,0.5883034504779852,0.5883034504779852,0.0,0.0,0.9427254721217568,0.5907094276885363,1.0,37.892121936504594,20.67482996909877,53.1005702291865,113.36287138615118,5.981913282028842,4.654704757936828,3.4620489819128424,5.508595556037851,4.848916770784997,False
39,114.5250463024477,10,"[-90.0, -45.0, -59.99999999999999, 180.0, 90.0, 45.0, -59.99999999999999, 180.0, 45.0, 59.99999999999999, 180.0, -135.0, 150.0, -59.99999999999999, 45.0, 45.0, 180.0, 59.99999999999999, 59.99999999999999, -59.99999999999999, -119.99999999999999, 135.0, -75.0, 150.0, 59.99999999999999, -45.0, 145.0, 180.0, -59.99999999999999, -105.00000000000001, 105.00000000000001, 59.99999999999999, -59.99999999999999]",1.456213444947021,184.32846699595805,-115.2751399470925,-76.85009329806167,16.530995498029785,0.0,45.548353842926936,-12.808003382980209,0.0,-5.84414360096606,0.5883034516246725,0.5883034516246725,0.0,0.0,0.8936055024554355,0.38578435435033515,1.0,35.44981691642935,13.50245240226173,52.5895878410433,114.5250463024477,6.039669055060047,4.66475094614043,2.512461782105863,5.508595556037851,4.848916770784997,False
40,114.54770534591754,10,"[-90.0, -45.0, -59.99999999999999, 180.0, 90.0, 45.0, -59.99999999999999, 180.0, 45.0, 59.99999999999999, 180.0, -135.0, 150.0, -59.99999999999999, 45.0, 45.0, 180.0, 29.999999999999996, 14.999999999999998, 59.99999999999999, -75.0, 145.0, -45.0, 160.0, 180.0, -90.0, 105.00000000000001, -59.99999999999999, -59.99999999999999, -90.0, -75.0, 180.0, 59.99999999999999]",2.8666956417670315,162.23836971277478,-115.2751399470925,-76.85009329806167,15.083975937182986,0.0,71.71573791279906,-12.80800338298022,-5.527448368255893,-4.3347856119023565,0.5883034516246725,0.5883034516246725,0.0,0.0,0.9063559193577059,0.3827402310877191,1.0,37.8924418917792,13.395908088070168,60.21252943170558,114.54770534591754,4.742808393896627,4.6734287241236,2.515232915748184,5.508595556037851,4.848916770784997,False
41,114.96609872620014,10,"[-90.0, -45.0, -59.99999999999999, 180.0, 90.0, 45.0, -59.99999999999999, 180.0, 45.0, 59.99999999999999, 180.0, -135.0, 150.0, -59.99999999999999, 45.0, 45.0, 180.0, 59.99999999999999, 59.99999999999999, -59.99999999999999, -135.0, 135.0, -75.0, 150.0, 59.99999999999999, -45.0, 145.0, 180.0, -59.99999999999999, -59.99999999999999, -14.999999999999998, -59.99999999999999, -59.99999999999999]",0.2035910567254501,157.44366877360804,-115.2751399470925,-76.85009329806167,18.451433355345202,0.0,75.03992828861358,-12.808003382980209,0.0,-8.677682869644098,0.5883034516246725,0.5883034516246725,0.0,0.0,0.909123423507297,0.39626931610057026,1.0,36.47075914805907,13.86942606351996,55.06726530185184,114.96609872620014,5.298212459886419,4.549401576568294,2.4701845892812377,5.508595556037851,4.848916770784997,False
42,116.11975480615327,10,"[-90.0, -45.0, -59.99999999999999, 180.0, 90.0, 45.0, -59.99999999999999, 180.0, 45.0, 59.99999999999999, 180.0, -165.0, 105.00000000000001, 59.99999999999999, -59.99999999999999, 145.0, 59.99999999999999, 29.999999999999996, 14.999999999999998, 59.99999999999999, -135.0, 119.99999999999999, 75.0, 75.0, 59.99999999999999, -90.0, 105.00000000000001, -59.99999999999999, -59.99999999999999, -105.00000000000001, 105.00000000000001, 59.99999999999999, -59.99999999999999]",6.122746976348882,82.00903172701722,-43.928321864419495,-29.285547909612998,16.982854064130514,0.0,68.94744393946011,-9.408491336627232,-3.766119062482413,-1.4276930877522855,0.5883034504779852,0.5883034504779852,0.0,0.0,0.9526643395515053,0.6159444935520467,1.0,39.637388689027794,21.558057274321637,55.457366166889585,116.11975480615327,4.393406400131568,4.496462834411424,3.307050222312434,5.508595556037851,4.848916770784997,False
43,116.26445030044596,10,"[-90.0, -45.0, -59.99999999999999, 180.0, 90.0, 45.0, -59.99999999999999, 180.0, 45.0, 59.99999999999999, 180.0, -135.0, 150.0, -59.99999999999999, 45.0, 45.0, 180.0, 59.99999999999999, 59.99999999999999, -59.99999999999999, -135.0, 135.0, -45.0, 160.0, 180.0, -75.0, 105.00000000000001, 180.0, -59.99999999999999, 59.99999999999999, 29.999999999999996, -59.99999999999999, -59.99999999999999]",1.2214335341329488,151.0129759772299,-115.2751399470925,-76.85009329806167,19.764719207331172,0.0,80.5316300206427,-15.80753879954923,0.0,-5.771933143873683,0.5883034516246725,0.5883034516246725,0.0,0.0,0.912835223101166,0.4252777247606316,1.0,37.481122889975076,14.884720366622105,57.16864308904091,116.26445030044596,5.005746313289835,4.410689234614565,2.6767563574151403,5.508595556037851,4.848916770784997,False
44,116.35115259093307,10,"[-90.0, -45.0, -59.99999999999999, 180.0, 90.0, 45.0, -59.99999999999999, 180.0, 45.0, 59.99999999999999, 180.0, -135.0, 150.0, -59.99999999999999, 45.0, 45.0, 180.0, 59.99999999999999, 59.99999999999999, -59.99999999999999, -135.0, 135.0, -119.99999999999999, 59.99999999999999, 59.99999999999999, 90.0, 29.999999999999996, 59.99999999999999, 59.99999999999999, -150.0, 105.00000000000001, -59.99999999999999, 59.99999999999999]",4.08936497475689,172.09392041613665,-115.2751399470925,-76.85009329806167,17.86359604365523,0.0,51.34097334557226,-12.408026753196236,0.0,-1.9418389405239103,0.5883034516246725,0.5883034516246725,0.0,0.0,0.9006672898030956,0.3832067422835075,1.0,36.17316996510039,13.412235979922762,55.07033882237974,116.35115259093307,4.595636690841906,4.35802634181897,2.2821160144177353,5.508595556037851,4.848916770784997,False
45,116.94919965465314,10,"[-90.0, -45.0, -59.99999999999999, 180.0, 90.0, 45.0, -59.99999999999999, 180.0, 45.0, 59.99999999999999, 180.0, -135.0, 150.0, -59.99999999999999, 45.0, 45.0, 180.0, 59.99999999999999, 59.99999999999999, -59.99999999999999, -135.0, 135.0, -90.0, 160.0, 180.0, -45.0, 145.0, 180.0, -59.99999999999999, -90.0, -75.0, 180.0, 59.99999999999999]",0.6003446414641908,202.74564832696143,-115.2751399470925,-76.85009329806167,17.359165029367297,0.0,35.97002163078423,-16.207515429333196,0.0,-8.831628049122983,0.5883034516246725,0.5883034516246725,0.0,0.0,0.8829750947607725,0.3891115806040321,1.0,33.83597109435586,13.618905321141124,51.76600817769151,116.94919965465314,5.846509636652198,4.668405133036536,2.376701971869677,5.508595556037851,4.848916770784997,False
46,117.39252833423508,10,"[-90.0, -45.0, -59.99999999999999, 180.0, 90.0, 45.0, -59.99999999999999, 180.0, 45.0, 59.99999999999999, 180.0, -135.0, 150.0, -59.99999999999999, 45.0, 45.0, 180.0, 59.99999999999999, 59.99999999999999, -59.99999999999999, -119.99999999999999, 135.0, -75.0, 150.0, 59.99999999999999, -45.0, 145.0, 180.0, -59.99999999999999, -59.99999999999999, -14.999999999999998, -59.99999999999999, -59.99999999999999]",1.456213444947021,199.17275470608612,-115.2751399470925,-76.85009329806167,16.42160619792919,0.0,36.32673305361708,-12.808003382980209,0.0,-8.489939189896297,0.5883034516246725,0.5883034516246725,0.0,0.0,0.8850373710210182,0.3897394295452491,1.0,34.42972761043306,13.640880034083718,52.01053906353608,117.39252833423508,6.039669055060047,4.66475094614043,2.512461782105863,5.508595556037851,4.848916770784997,False
47,117.40131747919988,10,"[-90.0, -45.0, -59.99999999999999, 180.0, 90.0, 45.0, -59.99999999999999, 180.0, 45.0, 59.99999999999999, 180.0, -135.0, 150.0, -59.99999999999999, 45.0, 45.0, 180.0, 29.999999999999996, 14.999999999999998, 59.99999999999999, -90.0, 130.0, -45.0, 160.0, 180.0, -75.0, 115.0, 180.0, -59.99999999999999, -150.0, 105.00000000000001, -59.99999999999999, 59.99999999999999]",3.2328124951299033,148.01502866554785,-115.2751399470925,-76.85009329806167,15.450263408616618,0.0,85.56900656702673,-12.80800338298022,-3.054974221429614,-4.3159795572435575,0.5883034516246725,0.5883034516246725,0.0,0.0,0.9145656400198858,0.38374334267206844,1.0,39.20119500686505,13.431016993522395,60.48482244291995,117.40131747919988,4.695908898801895,4.618447726181618,2.4364805007606516,5.508595556037851,4.848916770784997,False
48,118.10460254629855,10,"[-90.0, -45.0, -59.99999999999999, 180.0, 90.0, 45.0, -59.99999999999999, 180.0, 45.0, 59.99999999999999, 180.0, -135.0, 150.0, -59.99999999999999, 45.0, 45.0, 180.0, 59.99999999999999, 59.99999999999999, -59.99999999999999, -119.99999999999999, 135.0, -45.0, 160.0, 180.0, -59.99999999999999, 115.0, -59.99999999999999, -59.99999999999999, -75.0, 175.0, -59.99999999999999, 180.0]",0.02082388774955465,197.34654310249874,-115.2751399470925,-76.85009329806167,17.430233324134825,0.0,39.87368685704824,-15.407562169765262,0.0,-6.472285959899714,0.5883034516246725,0.5883034516246725,0.0,0.0,0.886091461412699,0.413910273272901,1.0,35.64009511442119,14.486859564551533,55.10334141232486,118.10460254629855,5.435464912257665,4.476252607718327,2.7625670351793405,5.508595556037851,4.848916770784997,False
49,118.62462185348883,10,"[-90.0, -45.0, -59.99999999999999, 180.0, 90.0, 45.0, -59.99999999999999, 180.0, 45.0, 59.99999999999999, 180.0, -135.0, 150.0, -59.99999999999999, 45.0, 45.0, 180.0, 29.999999999999996, 14.999999999999998, 59.99999999999999, -90.0, 130.0, -45.0, 160.0, 180.0, -75.0, 105.00000000000001, 180.0, -59.99999999999999, -150.0, 105.00000000000001, -59.99999999999999, 59.99999999999999]",2.8458617584304196,151.45234280654324,-115.2751399470925,-76.85009329806167,15.448570421830512,0.0,83.20775023351557,-12.80800338298022,-3.054974221429614,-3.7800892669532375,0.5883034516246725,0.5883034516246725,0.0,0.0,0.9125816203136835,0.38371202388618914,1.0,38.96939026254769,13.42992083601662,60.16955394968347,118.62462185348883,4.745564879074361,4.610001569820352,2.440876288568856,5.508595556037851,4.848916770784997,False
50,118.65070922713423,10,"[-90.0, -45.0, -59.99999999999999, 180.0, 90.0, 45.0, -59.99999999999999, 180.0, 45.0, 59.99999999999999, 180.0, -165.0, 105.00000000000001, 59.99999999999999, -59.99999999999999, 145.0, 59.99999999999999, 29.999999999999996, 14.999999999999998, 59.99999999999999, -119.99999999999999, 135.0, 59.99999999999999, 45.0, 180.0, -59.99999999999999, 115.0, -59.99999999999999, -59.99999999999999, -105.00000000000001, 105.00000000000001, 59.99999999999999, -59.99999999999999]",0.32474904951281414,114.37421065672228,-40.465631421094756,-26.97708761406317,16.378701459826555,0.0,45.431882468625744,-12.408026753196253,-3.1189757198413366,-2.4545039638988113,0.5883034504779852,0.5883034504779852,0.0,0.0,0.9339831395920796,0.5655970370451195,1.0,37.542611618645296,19.795896296579183,53.48831034245437,118.65070922713423,5.245147474207998,4.598259897929998,3.465698097784928,5.508595556037851,4.848916770784997,False
51,119.20259718139525,10,"[-90.0, -45.0, -59.99999999999999, 180.0, 90.0, 45.0, -59.99999999999999, 180.0, 45.0, 59.99999999999999, 180.0, -135.0, 150.0, -59.99999999999999, 45.0, 45.0, 180.0, 59.99999999999999, 59.99999999999999, -59.99999999999999, -105.00000000000001, 175.0, -59.99999999999999, 90.0, 180.0, -45.0, 145.0, 180.0, -59.99999999999999, -150.0, 105.00000000000001, -59.99999999999999, 59.99999999999999]",61.70575290188599,109.58806373710843,-115.2751399470925,-76.85009329806167,16.622605785942863,0.0,65.1474002979292,-15.807538799549228,0.0,-3.366850246454173,0.5883034516246725,0.5883034516246725,0.0,0.0,0.9367457063566473,0.4029835338240623,1.0,37.28669719729731,14.104423683842182,55.58189165560296,119.20259718139525,9.012997378361845,4.582194166694072,3.38081631535604,5.508595556037851,4.848916770784997,False
52,120.32231292727089,10,"[-90.0, -45.0, -59.99999999999999, 180.0, 90.0, 45.0, -59.99999999999999, 180.0, 45.0, 59.99999999999999, 180.0, -135.0, 150.0, -59.99999999999999, 45.0, 45.0, 180.0, 29.999999999999996, 14.999999999999998, 59.99999999999999, -90.0, 130.0, -45.0, 160.0, 180.0, -59.99999999999999, 115.0, -59.99999999999999, -59.99999999999999, -150.0, 105.00000000000001, -59.99999999999999, 59.99999999999999]",9.18190104488636,130.6443404822186,-115.2751399470925,-76.85009329806167,15.196006736026952,0.0,98.57831585634689,-12.408026753196252,-1.755840743938047,-4.427547199605783,0.5883034516246725,0.5883034516246725,0.0,0.0,0.9245920112656747,0.38321394016136134,1.0,40.29910558915355,13.412487905647646,61.851815707411895,120.32231292727089,4.144868932915612,4.545795907794879,2.418075999955013,5.508595556037851,4.848916770784997,False
53,122.10645080471285,10,"[-90.0, -45.0, -59.99999999999999, 180.0, 90.0, 45.0, -59.99999999999999, 180.0, 45.0, 59.99999999999999, 180.0, -165.0, 105.00000000000001, 59.99999999999999, -59.99999999999999, 145.0, 59.99999999999999, 29.999999999999996, 14.999999999999998, 59.99999999999999, -135.0, 135.0, 59.99999999999999, 45.0, 180.0, -75.0, 115.0, 180.0, -59.99999999999999, -90.0, -75.0, 180.0, 59.99999999999999]",5.9711706521356325,68.8769350087057,-43.83807476960876,-29.225383179739172,17.38425959984691,0.0,91.18606218568925,-13.207980012764187,0.0,-4.854225309769656,0.5883034504779852,0.5883034504779852,0.0,0.0,0.9602441933571684,0.558493980841625,1.0,41.34491672407868,19.547289329456877,58.63444026821993,122.10645080471285,4.407189801279689,4.43160263449389,3.394469569823174,5.508595556037851,4.848916770784997,False
54,122.74863525987104,10,"[-90.0, -45.0, -59.99999999999999, 180.0, 90.0, 45.0, -59.99999999999999, 180.0, 45.0, 59.99999999999999, 180.0, -135.0, 150.0, -59.99999999999999, 45.0, 45.0, 180.0, 59.99999999999999, 59.99999999999999, -59.99999999999999, -135.0, 119.99999999999999, -75.0, 150.0, 59.99999999999999, -45.0, 145.0, 180.0, -59.99999999999999, -90.0, -75.0, 180.0, 59.99999999999999]",2.2524937627240753,192.09705011290754,-115.2751399470925,-76.85009329806167,17.829547627775028,0.0,46.399149274562866,-13.207980012764175,0.0,-7.934789009866461,0.5883034516246725,0.5883034516246725,0.0,0.0,0.8891214717963016,0.3898727850358824,1.0,34.17643642900983,13.645547476255885,52.30209692115998,122.74863525987104,6.171192038499277,4.652666029781473,2.412203038354482,5.508595556037851,4.848916770784997,False
55,122.79992849862838,10,"[-90.0, -45.0, -59.99999999999999, 180.0, 90.0, 45.0, -59.99999999999999, 180.0, 45.0, 59.99999999999999, 180.0, -135.0, 150.0, -59.99999999999999, 45.0, 45.0, 180.0, 59.99999999999999, 59.99999999999999, -59.99999999999999, -135.0, 119.99999999999999, -75.0, 150.0, 59.99999999999999, -45.0, 145.0, 180.0, -59.99999999999999, -105.00000000000001, 105.00000000000001, 59.99999999999999, -59.99999999999999]",2.2524937627240753,185.9884137078391,-115.2751399470925,-76.85009329806167,17.773391100271624,0.0,49.89171350762278,-12.808003382980209,0.0,-5.6112437013811896,0.5883034516246725,0.5883034516246725,0.0,0.0,0.8926473802552155,0.38735177652296726,1.0,34.85934422005472,13.557312178303855,52.55655263419446,122.79992849862838,6.171192038499277,4.652666029781473,2.412203038354482,5.508595556037851,4.848916770784997,False
56,122.91369691013696,10,"[-90.0, -45.0, -59.99999999999999, 180.0, 90.0, 45.0, -59.99999999999999, 180.0, 45.0, 59.99999999999999, 180.0, -135.0, 150.0, -59.99999999999999, 45.0, 45.0, 180.0, 59.99999999999999, 59.99999999999999, -59.99999999999999, -135.0, 119.99999999999999, -45.0, 160.0, 180.0, -90.0, 119.99999999999999, 180.0, 59.99999999999999, -150.0, 105.00000000000001, -59.99999999999999, 59.99999999999999]",4.625681384996908,153.77556373162335,-115.2751399470925,-76.85009329806167,16.051563856882908,0.0,85.0948994634654,-15.807538799549226,0.0,-6.139636231814524,0.5883034516246725,0.5883034516246725,0.0,0.0,0.9112406558547628,0.40154331354889944,1.0,37.531561443715084,14.054015974211481,55.917128771499975,122.91369691013696,6.461840047512777,4.590464447499566,2.626302530513703,5.508595556037851,4.848916770784997,False
57,123.14538625499269,10,"[-90.0, -45.0, -59.99999999999999, 180.0, 90.0, 45.0, -59.99999999999999, 180.0, 45.0, 59.99999999999999, 180.0, -135.0, 150.0, -59.99999999999999, 45.0, 45.0, 180.0, 59.99999999999999, 59.99999999999999, -59.99999999999999, -119.99999999999999, 135.0, -45.0, 160.0, 180.0, -45.0, 145.0, 180.0, -59.99999999999999, -90.0, -75.0, 180.0, 59.99999999999999]",0.032390002518333155,127.1720488489266,-115.2751399470925,-76.85009329806167,17.20551835327845,0.0,122.35355569394534,-16.207515429333196,-4.864435128502479,-7.859339590372481,0.5883034516246725,0.5883034516246725,0.0,0.0,0.9265962200006196,0.5104568183776268,1.0,38.777404356702505,17.865988643216937,57.935245963887525,123.14538625499269,5.580486026760343,4.470401274325146,2.8522512522127275,5.508595556037851,4.848916770784997,False
58,123.18316510498906,10,"[-90.0, -45.0, -59.99999999999999, 180.0, 90.0, 45.0, -59.99999999999999, 180.0, 45.0, 59.99999999999999, 180.0, -135.0, 150.0, -59.99999999999999, 45.0, 45.0, 180.0, 59.99999999999999, 59.99999999999999, -59.99999999999999, -119.99999999999999, 135.0, -75.0, 150.0, 59.99999999999999, -59.99999999999999, 115.0, -59.99999999999999, -59.99999999999999, -90.0, -75.0, 180.0, 59.99999999999999]",3.1868133267532883,157.55035733656354,-115.2751399470925,-76.85009329806167,16.874641409552183,0.0,80.71808505121724,-12.808003382980205,0.0,-7.651892140649141,0.5883034516246725,0.5883034516246725,0.0,0.0,0.9090618428071783,0.3889416901726485,1.0,35.26924321977726,13.612959156042697,52.78580599480723,123.18316510498906,6.298349964207839,4.678075366496456,2.4857834512212946,5.508595556037851,4.848916770784997,False
59,123.636853442006,10,"[-90.0, -45.0, -59.99999999999999, 180.0, 90.0, 45.0, -59.99999999999999, 180.0, 45.0, 59.99999999999999, 180.0, -165.0, 105.00000000000001, 59.99999999999999, -59.99999999999999, 145.0, 59.99999999999999, 29.999999999999996, 14.999999999999998, 59.99999999999999, -135.0, 135.0, 59.99999999999999, 45.0, 180.0, -75.0, 105.00000000000001, 180.0, -59.99999999999999, -90.0, -75.0, 180.0, 59.99999999999999]",6.0297887730979935,55.11945715487133,-43.83807476960876,-29.225383179739172,17.410157085162652,0.0,105.85353678024833,-13.207980012764187,0.0,-4.318335019479337,0.5883034504779852,0.5883034504779852,0.0,0.0,0.9681850175152258,0.5670790919618206,1.0,42.026439644692736,19.84776821866372,58.558090421172885,123.636853442006,4.401838921369183,4.422593949552346,3.3696131215280545,5.508595556037851,4.848916770784997,False
60,124.10102285245269,10,"[-90.0, -45.0, -59.99999999999999, 180.0, 90.0, 45.0, -59.99999999999999, 180.0, 45.0, 59.99999999999999, 180.0, -135.0, 150.0, -59.99999999999999, 45.0, 45.0, 180.0, 29.999999999999996, 14.999999999999998, 59.99999999999999, -75.0, 145.0, -59.99999999999999, 115.0, 59.99999999999999, -45.0, 145.0, 180.0, -59.99999999999999, -150.0, 105.00000000000001, -59.99999999999999, 59.99999999999999]",4.0483794088281675,155.31271294767652,-115.2751399470925,-76.85009329806167,15.855635617578619,0.0,80.93257512624079,-9.808467966411198,-3.8105408074423344,-3.7424349785500333,0.5883034516246725,0.5883034516246725,0.0,0.0,0.9103534124400136,0.3838551824627662,1.0,39.47166260000134,13.434931386196816,60.629826431499666,124.10102285245269,4.6001800837025035,4.621509036712794,2.523071907490384,5.508595556037851,4.848916770784997,False
61,124.34917142539935,10,"[-90.0, -45.0, -59.99999999999999, 180.0, 90.0, 45.0, -59.99999999999999, 180.0, 45.0, 59.99999999999999, 180.0, -165.0, 105.00000000000001, 59.99999999999999, -59.99999999999999, 145.0, 59.99999999999999, 29.999999999999996, 14.999999999999998, 59.99999999999999, -135.0, 135.0, 59.99999999999999, 45.0, 180.0, -75.0, 115.0, 180.0, -59.99999999999999, -105.00000000000001, 105.00000000000001, 59.99999999999999, -59.99999999999999]",5.9711706521356325,83.89208665687362,-43.83807476960876,-29.225383179739172,17.26115858845189,0.0,75.8132102313336,-12.808003382980221,0.0,-2.530680001284385,0.5883034504779852,0.5883034504779852,0.0,0.0,0.9515774391590918,0.6060496175856829,1.0,40.90587153901821,21.2117366154989,57.29162386625629,124.34917142539935,4.407189801279689,4.43160263449389,3.394469569823174,5.508595556037851,4.848916770784997,False
62,124.64599429159755,10,"[-90.0, -45.0, -59.99999999999999, 180.0, 90.0, 45.0, -59.99999999999999, 180.0, 45.0, 59.99999999999999, 180.0, -135.0, 150.0, -59.99999999999999, 45.0, 45.0, 180.0, 59.99999999999999, 59.99999999999999, -59.99999999999999, -119.99999999999999, 135.0, -45.0, 160.0, 180.0, -90.0, 105.00000000000001, -59.99999999999999, -59.99999999999999, -59.99999999999999, -14.999999999999998, -59.99999999999999, -59.99999999999999]",8.789873530011079,193.0505083177061,-115.2751399470925,-76.85009329806167,17.02396436595638,0.0,42.74760759193798,-15.407562169765262,0.0,-6.871560848780856,0.5883034516246725,0.5883034516246725,0.0,0.0,0.8885711351701552,0.38854106860888626,1.0,34.74090129799962,13.59893740131102,53.14917862677753,124.64599429159755,6.825886385027848,4.6344759889892115,2.74661053010197,5.508595556037851,4.848916770784997,False
63,124.79411458150892,10,"[-90.0, -45.0, -59.99999999999999, 180.0, 90.0, 45.0, -59.99999999999999, 180.0, 45.0, 59.99999999999999, 180.0, -135.0, 150.0, -59.99999999999999, 45.0, 45.0, 180.0, 29.999999999999996, 14.999999999999998, 59.99999999999999, -75.0, 145.0, -45.0, 160.0, 180.0, -75.0, 105.00000000000001, 180.0, -59.99999999999999, -150.0, 105.00000000000001, -59.99999999999999, 59.99999999999999]",11.81315967231205,153.9741796763195,-115.2751399470925,-76.85009329806167,14.882975849337917,0.0,74.76441897102214,-12.80800338298022,0.0,-3.1457797090346418,0.5883034516246725,0.5883034516246725,0.0,0.0,0.911126014616843,0.382214752876199,1.0,38.341229658453216,13.377516350666966,60.53474765886826,124.79411458150892,3.962914467421409,4.593955879882737,2.483099179767458,5.508595556037851,4.848916770784997,False
64,125.23665569810653,10,"[-90.0, -45.0, -59.99999999999999, 180.0, 90.0, 45.0, -59.99999999999999, 180.0, 45.0, 59.99999999999999, 180.0, -135.0, 150.0, -59.99999999999999, 45.0, 45.0, 180.0, 29.999999999999996, 14.999999999999998, 59.99999999999999, -75.0, 145.0, -45.0, 160.0, 180.0, -90.0, 105.00000000000001, -59.99999999999999, -59.99999999999999, -150.0, 105.00000000000001, -59.99999999999999, 59.99999999999999]",2.8666956417670315,172.6803189000829,-115.2751399470925,-76.85009329806167,15.079957617870665,0.0,66.43335092507368,-12.408026753196252,-1.7297987495708704,-2.999005388452783,0.5883034516246725,0.5883034516246725,0.0,0.0,0.9003288202596924,0.3820638733390251,1.0,37.2311344528369,13.372235566865879,58.951717275178424,125.23665569810653,4.742808393896627,4.6734287241236,2.515232915748184,5.508595556037851,4.848916770784997,False
65,125.2482718919018,10,"[-90.0, -45.0, -59.99999999999999, 180.0, 90.0, 45.0, -59.99999999999999, 180.0, 45.0, 59.99999999999999, 180.0, -135.0, 150.0, -59.99999999999999, 45.0, 45.0, 180.0, 29.999999999999996, 14.999999999999998, 59.99999999999999, -90.0, 130.0, -45.0, 160.0, 180.0, -45.0, 145.0, 180.0, -59.99999999999999, -90.0, -75.0, 180.0, 59.99999999999999]",17.058596615730973,133.13044194102653,-115.2751399470925,-76.85009329806167,14.880949512662824,0.0,94.35222452257102,-13.207980012764187,0.0,-6.279124191857545,0.5883034516246725,0.5883034516246725,0.0,0.0,0.9231570320686715,0.40280388478076795,1.0,39.788424358772915,14.09813596732688,61.572928492410426,125.2482718919018,3.6529159945616456,4.5231462308836,2.40776348972888,5.508595556037851,4.848916770784997,False
66,125.4819300931309,10,"[-90.0, -45.0, -59.99999999999999, 180.0, 90.0, 45.0, -59.99999999999999, 180.0, 45.0, 59.99999999999999, 180.0, -165.0, 105.00000000000001, 59.99999999999999, -59.99999999999999, 145.0, 59.99999999999999, 29.999999999999996, 14.999999999999998, 59.99999999999999, -119.99999999999999, 135.0, 59.99999999999999, 45.0, 180.0, -75.0, 75.0, -59.99999999999999, 59.99999999999999, -90.0, -75.0, 180.0, 59.99999999999999]",1.661627940184378,103.19423493659119,-40.465631421094756,-26.97708761406317,16.16586792926388,0.0,63.3901469767265,-12.808003382980218,-3.6420914801172537,-2.6025248559207705,0.5883034504779852,0.5883034504779852,0.0,0.0,0.9404362280308276,0.5817958499052179,1.0,38.00190915560463,20.36285474668263,53.59035624772489,125.4819300931309,6.076476875543916,4.636743065731283,3.397662724568792,5.508595556037851,4.848916770784997,False
67,125.68082603313924,10,"[-90.0, -45.0, -59.99999999999999, 180.0, 90.0, 45.0, -59.99999999999999, 180.0, 45.0, 59.99999999999999, 180.0, -135.0, 150.0, -59.99999999999999, 45.0, 45.0, 180.0, 59.99999999999999, 59.99999999999999, -59.99999999999999, -135.0, 135.0, -90.0, 160.0, 180.0, -75.0, 75.0, -59.99999999999999, 59.99999999999999, -90.0, -75.0, 180.0, 59.99999999999999]",11.201719905274105,203.2901898641482,-115.2751399470925,-76.85009329806167,17.001344048327777,0.0,30.822254374263697,-15.807538799549226,0.0,-6.140306863857482,0.5883034516246725,0.5883034516246725,0.0,0.0,0.8826607850711987,0.3852569619515573,1.0,34.694024672935,13.483993668304505,51.93053345568419,125.68082603313924,6.996777866303087,4.70191376291136,2.437990108132949,5.508595556037851,4.848916770784997,False
68,126.0345344367158,10,"[-90.0, -45.0, -59.99999999999999, 180.0, 90.0, 45.0, -59.99999999999999, 180.0, 45.0, 59.99999999999999, 180.0, -165.0, 105.00000000000001, 59.99999999999999, -59.99999999999999, 145.0, 59.99999999999999, 29.999999999999996, 14.999999999999998, 59.99999999999999, -135.0, 119.99999999999999, 59.99999999999999, 45.0, 180.0, -75.0, 105.00000000000001, 180.0, -59.99999999999999, -150.0, 105.00000000000001, -59.99999999999999, 59.99999999999999]",19.39072703574179,37.05247227110932,-57.01710502559625,-38.0114033503975,17.502962643762515,0.0,123.88708866089775,-12.80800338298022,0.0,-2.5619112166970934,0.5883034504779852,0.5883034504779852,0.0,0.0,0.9786132916184072,0.6349569929160337,1.0,44.37184325573114,22.22349475206118,60.510153847506885,126.0345344367158,3.5306992593439777,4.3193032378111464,3.4257947653233614,5.508595556037851,4.848916770784997,False
69,126.70522626816506,10,"[-90.0, -45.0, -59.99999999999999, 180.0, 90.0, 45.0, -59.99999999999999, 180.0, 45.0, 59.99999999999999, 180.0, -165.0, 105.00000000000001, 59.99999999999999, -59.99999999999999, 145.0, 59.99999999999999, 29.999999999999996, 14.999999999999998, 59.99999999999999, -135.0, 119.99999999999999, 75.0, 75.0, 59.99999999999999, -90.0, 105.00000000000001, -59.99999999999999, -59.99999999999999, -59.99999999999999, -14.999999999999998, -59.99999999999999, -59.99999999999999]",6.122746976348882,79.32318879379689,-43.928321864419495,-29.285547909612998,16.875940956317386,0.0,84.97146703143558,-9.408491336627232,-3.766119062482413,-4.0734886766825245,0.5883034504779852,0.5883034504779852,0.0,0.0,0.9542146096428302,0.5622653424170863,1.0,39.82101056099954,19.67928698459802,55.99747962789817,126.70522626816506,4.393406400131568,4.496462834411424,3.307050222312434,5.508595556037851,4.848916770784997,False
70,126.96431260542002,10,"[-90.0, -45.0, -59.99999999999999, 180.0, 90.0, 45.0, -59.99999999999999, 180.0, 45.0, 59.99999999999999, 180.0, -135.0, 150.0, -59.99999999999999, 45.0, 45.0, 180.0, 29.999999999999996, 14.999999999999998, 59.99999999999999, -75.0, 145.0, -45.0, 160.0, 180.0, -75.0, 115.0, 180.0, -59.99999999999999, -150.0, 105.00000000000001, -59.99999999999999, 59.99999999999999]",11.990469770710725,146.5588092616322,-115.2751399470925,-76.85009329806167,14.89431753536705,0.0,84.69722591548306,-12.80800338298022,0.0,-3.681669999324961,0.5883034516246725,0.5883034516246725,0.0,0.0,0.9154061707003567,0.38233162822484806,1.0,38.74042113602264,13.381606987869683,60.900959865121244,126.96431260542002,3.9514219573614815,4.6023455675291425,2.488005362739883,5.508595556037851,4.848916770784997,False
71,127.10832505806077,10,"[-90.0, -45.0, -59.99999999999999, 180.0, 90.0, 45.0, -59.99999999999999, 180.0, 45.0, 59.99999999999999, 180.0, -135.0, 150.0, -59.99999999999999, 45.0, 45.0, 180.0, 59.99999999999999, 59.99999999999999, -59.99999999999999, -105.00000000000001, 175.0, -59.99999999999999, 90.0, 180.0, -59.99999999999999, 115.0, -59.99999999999999, -59.99999999999999, -90.0, -75.0, 180.0, 59.99999999999999]",66.04137310237763,134.36187421254857,-115.2751399470925,-76.85009329806167,16.663504290341653,0.0,44.72278244891156,-15.807538799549228,0.0,-4.186833701101557,0.5883034516246725,0.5883034516246725,0.0,0.0,0.9224462486507656,0.40693545320186925,1.0,35.747561479869205,14.242740862065423,54.3495189509345,127.10832505806077,9.134319003675314,4.606764008009442,3.3230164690776873,5.508595556037851,4.848916770784997,False
72,127.22099266411556,10,"[-90.0, -45.0, -59.99999999999999, 180.0, 90.0, 45.0, -59.99999999999999, 180.0, 45.0, 59.99999999999999, 180.0, -135.0, 150.0, -59.99999999999999, 45.0, 45.0, 180.0, 59.99999999999999, 59.99999999999999, -59.99999999999999, -135.0, 135.0, -45.0, 160.0, 180.0, -75.0, 115.0, 180.0, -59.99999999999999, 59.99999999999999, 29.999999999999996, -59.99999999999999, -59.99999999999999]",0.6428785635466914,163.11143489786852,-115.2751399470925,-76.85009329806167,19.761276202203256,0.0,80.50760172967816,-15.80753879954923,0.0,-6.307823434164003,0.5883034516246725,0.5883034516246725,0.0,0.0,0.9058519856289359,0.419462997306808,1.0,36.986375472354915,14.681204905738282,56.90924187672713,127.22099266411556,5.14142544330455,4.424359901967266,2.699386706666084,5.508595556037851,4.848916770784997,False
73,127.54071274240565,10,"[-90.0, -45.0, -59.99999999999999, 180.0, 90.0, 45.0, -59.99999999999999, 180.0, 45.0, 59.99999999999999, 180.0, -135.0, 150.0, -59.99999999999999, 45.0, 45.0, 180.0, 59.99999999999999, 59.99999999999999, -59.99999999999999, -119.99999999999999, 135.0, -45.0, 160.0, 180.0, -90.0, 119.99999999999999, 180.0, 59.99999999999999, -150.0, 105.00000000000001, -59.99999999999999, 59.99999999999999]",11.548811685827483,167.45619538912916,-115.2751399470925,-76.85009329806167,15.113993694211985,0.0,70.2886233996535,-15.807538799549226,0.0,-6.372536131399394,0.5883034516246725,0.5883034516246725,0.0,0.0,0.903344187365582,0.3957335490933932,1.0,36.91814911361323,13.850674218268763,54.485231960918796,127.54071274240565,7.019790228013556,4.654123022288037,2.785912824085922,5.508595556037851,4.848916770784997,False
74,128.09569324248702,10,"[-90.0, -45.0, -59.99999999999999, 180.0, 90.0, 45.0, -59.99999999999999, 180.0, 45.0, 59.99999999999999, 180.0, -135.0, 150.0, -59.99999999999999, 45.0, 45.0, 180.0, 29.999999999999996, 14.999999999999998, 59.99999999999999, -90.0, 130.0, -45.0, 160.0, 180.0, -75.0, 115.0, 180.0, -59.99999999999999, -90.0, -75.0, 180.0, 59.99999999999999]",3.2328124951299033,163.71137213956303,-115.2751399470925,-76.85009329806167,15.413391136243073,0.0,86.15605598385982,-13.207980012764187,-6.871362223383665,-5.651759780693131,0.5883034516246725,0.5883034516246725,0.0,0.0,0.9055057015067457,0.3842771043750243,1.0,38.83575644506993,13.449698653125852,60.857250998228935,128.09569324248702,4.695908898801895,4.618447726181618,2.4364805007606516,5.508595556037851,4.848916770784997,False
75,128.31442606311526,10,"[-90.0, -45.0, -59.99999999999999, 180.0, 90.0, 45.0, -59.99999999999999, 180.0, 45.0, 59.99999999999999, 180.0, -165.0, 105.00000000000001, 59.99999999999999, -59.99999999999999, 145.0, 59.99999999999999, 29.999999999999996, 14.999999999999998, 59.99999999999999, -135.0, 135.0, 59.99999999999999, 45.0, 180.0, -75.0, 115.0, 180.0, -59.99999999999999, -150.0, 105.00000000000001, -59.99999999999999, 59.99999999999999]",5.9711706521356325,34.88124806608465,-43.83807476960876,-29.225383179739172,17.38111365232269,0.0,129.65711348100336,-12.80800338298022,0.0,-3.5184450863200825,0.5883034504779852,0.5883034504779852,0.0,0.0,0.9798665234827794,0.639746834789432,1.0,42.79705691872193,22.39113921763012,57.77527761416248,128.31442606311526,4.407189801279689,4.43160263449389,3.394469569823174,5.508595556037851,4.848916770784997,False
76,128.70514842771985,10,"[-90.0, -45.0, -59.99999999999999, 180.0, 90.0, 45.0, -59.99999999999999, 180.0, 45.0, 59.99999999999999, 180.0, -165.0, 105.00000000000001, 59.99999999999999, -59.99999999999999, 145.0, 59.99999999999999, 29.999999999999996, 14.999999999999998, 59.99999999999999, -135.0, 135.0, 59.99999999999999, 45.0, 180.0, -59.99999999999999, 115.0, -59.99999999999999, -59.99999999999999, -105.00000000000001, 105.00000000000001, 59.99999999999999, -59.99999999999999]",16.623261301255276,48.577508516560044,-46.429611700511984,-30.953074467007987,17.299604926687813,0.0,110.7796849647454,-12.408026753196253,-3.6833286346518124,-2.642247643646611,0.5883034504779852,0.5883034504779852,0.0,0.0,0.9719610340452757,0.6329300892233286,1.0,42.433885108770234,22.152553122816503,58.44673254069181,128.70514842771985,3.6766371013286863,4.369982659063782,3.3898051535045712,5.508595556037851,4.848916770784997,False
77,128.77119776083953,10,"[-90.0, -45.0, -59.99999999999999, 180.0, 90.0, 45.0, -59.99999999999999, 180.0, 45.0, 59.99999999999999, 180.0, -135.0, 150.0, -59.99999999999999, 45.0, 45.0, 180.0, 29.999999999999996, 14.999999999999998, 59.99999999999999, -90.0, 130.0, -45.0, 160.0, 180.0, -75.0, 105.00000000000001, 180.0, -59.99999999999999, -90.0, -75.0, 180.0, 59.99999999999999]",2.8458617584304196,157.16571547962005,-115.2751399470925,-76.85009329806167,15.423896495668844,0.0,93.23738234442156,-13.207980012764187,-6.890972318666538,-5.115869490402811,0.5883034516246725,0.5883034516246725,0.0,0.0,0.9092838583090216,0.3840149094936156,1.0,39.029917734859836,13.440521832276547,60.92561963679124,128.77119776083953,4.745564879074361,4.610001569820352,2.440876288568856,5.508595556037851,4.848916770784997,False
78,129.74191139751616,10,"[-90.0, -45.0, -59.99999999999999, 180.0, 90.0, 45.0, -59.99999999999999, 180.0, 45.0, 59.99999999999999, 180.0, -135.0, 150.0, -59.99999999999999, -75.0, 75.0, 180.0, 59.99999999999999, 59.99999999999999, -59.99999999999999, -135.0, 119.99999999999999, 59.99999999999999, 45.0, 180.0, -45.0, 145.0, 180.0, -59.99999999999999, -150.0, 105.00000000000001, -59.99999999999999, 59.99999999999999]",2.193907202527013,100.53277616155427,-40.465631421094756,-26.97708761406317,15.409050769696352,0.0,70.8409941332631,-15.807538799549228,0.0,-3.54995010050526,0.5883034516246725,0.5883034516246725,0.0,0.0,0.9419724235719744,0.4395089181833902,1.0,39.59889502547125,15.382812136418657,56.61010746017714,129.74191139751616,4.8375942025424274,4.722336848469079,3.4251542225068836,5.508595556037851,4.848916770784997,False
79,129.77444989061968,10,"[-90.0, -45.0, -59.99999999999999, 180.0, 90.0, 45.0, -59.99999999999999, 180.0, 45.0, 59.99999999999999, 180.0, -135.0, 150.0, -59.99999999999999, 45.0, 45.0, 180.0, 59.99999999999999, 59.99999999999999, -59.99999999999999, -135.0, 119.99999999999999, -45.0, 160.0, 180.0, -75.0, 105.00000000000001, 180.0, -59.99999999999999, -59.99999999999999, -14.999999999999998, -59.99999999999999, -59.99999999999999]",0.002656862174502833,148.11372720829746,-115.2751399470925,-76.85009329806167,19.518152518210986,0.0,99.41972386673164,-15.80753879954923,0.0,-6.785435269777846,0.5883034516246725,0.5883034516246725,0.0,0.0,0.9145086711640418,0.39670666785325714,1.0,37.33769341217015,13.884733374864,56.443916785211215,129.77444989061968,5.476948483023875,4.491244118535086,2.552305694713192,5.508595556037851,4.848916770784997,False
80,129.85041788001317,10,"[-90.0, -45.0, -59.99999999999999, 180.0, 90.0, 45.0, -59.99999999999999, 180.0, 45.0, 59.99999999999999, 180.0, -135.0, 150.0, -59.99999999999999, 45.0, 45.0, 180.0, 59.99999999999999, 59.99999999999999, -59.99999999999999, -135.0, 119.99999999999999, -45.0, 160.0, 180.0, -45.0, 145.0, 180.0, -59.99999999999999, -59.99999999999999, -14.999999999999998, -59.99999999999999, -59.99999999999999]",4.124740137280949,104.62375898759001,-115.2751399470925,-76.85009329806167,18.26324922457949,0.0,141.28173479681234,-15.80753879954923,0.0,-7.948689971232579,0.5883034516246725,0.5883034516246725,0.0,0.0,0.9396111059234691,0.4512370333326965,1.0,40.53861657598542,15.793296166644378,59.964142075030246,129.85041788001317,4.59173350416511,4.411959429929279,2.617540398879397,5.508595556037851,4.848916770784997,False
81,130.40504241596278,10,"[-90.0, -45.0, -59.99999999999999, 180.0, 90.0, 45.0, -59.99999999999999, 180.0, 45.0, 59.99999999999999, 180.0, -165.0, 105.00000000000001, 59.99999999999999, -59.99999999999999, 145.0, 59.99999999999999, 29.999999999999996, 14.999999999999998, 59.99999999999999, -135.0, 135.0, 59.99999999999999, 45.0, 180.0, -75.0, 105.00000000000001, 180.0, -59.99999999999999, -59.99999999999999, -14.999999999999998, -59.99999999999999, -59.99999999999999]",6.0297887730979935,82.0731483953429,-43.83807476960876,-29.225383179739172,17.19535758240299,0.0,85.8051076671542,-12.808003382980221,0.0,-4.640585299924304,0.5883034504779852,0.5883034504779852,0.0,0.0,0.9526273313735395,0.582654331046142,1.0,41.015119986831,20.39290158661497,57.57239716512467,130.40504241596278,4.401838921369183,4.422593949552346,3.3696131215280545,5.508595556037851,4.848916770784997,False
82,130.40558637693766,10,"[-90.0, -45.0, -59.99999999999999, 180.0, 90.0, 45.0, -59.99999999999999, 180.0, 45.0, 59.99999999999999, 180.0, -135.0, 150.0, -59.99999999999999, 45.0, 45.0, 180.0, 59.99999999999999, 59.99999999999999, -59.99999999999999, -135.0, 119.99999999999999, -90.0, 160.0, 180.0, -59.99999999999999, 115.0, -59.99999999999999, -59.99999999999999, -150.0, 105.00000000000001, -59.99999999999999, 59.99999999999999]",15.684191583731774,197.24734848796618,-115.2751399470925,-76.85009329806167,17.07799378685983,0.0,37.04985866115151,-15.40756216976526,0.0,-6.559407477538549,0.5883034516246725,0.5883034516246725,0.0,0.0,0.8861487166014627,0.38439101770701667,1.0,33.869815887921256,13.453685619745583,50.67538752956649,130.40558637693766,7.271112169442228,4.77912243621075,2.4132523862237725,5.508595556037851,4.848916770784997,False
83,130.45919961633902,10,"[-90.0, -45.0, -59.99999999999999, 180.0, 90.0, 45.0, -59.99999999999999, 180.0, 45.0, 59.99999999999999, 180.0, -135.0, 150.0, -59.99999999999999, 45.0, 45.0, 180.0, 59.99999999999999, 59.99999999999999, -59.99999999999999, -135.0, 135.0, -45.0, 160.0, 180.0, -90.0, 119.99999999999999, 180.0, 59.99999999999999, -150.0, 105.00000000000001, -59.99999999999999, 59.99999999999999]",1.4179649132610839,116.53658201369525,-115.2751399470925,-76.85009329806167,12.637276379970164,0.0,136.92203141557675,-15.807538799549226,0.0,-6.560279811147194,0.5883034516246725,0.5883034516246725,0.0,0.0,0.9327350175967127,0.42184766806098306,1.0,39.70940756774206,14.764668382134408,58.514222859920466,130.45919961633902,6.032534489636321,4.51201077285572,2.736002690965224,5.508595556037851,4.848916770784997,False
84,130.60629873377957,10,"[-90.0, -45.0, -59.99999999999999, 180.0, 90.0, 45.0, -59.99999999999999, 180.0, 45.0, 59.99999999999999, 180.0, -135.0, 150.0, -59.99999999999999, 45.0, 45.0, 180.0, 29.999999999999996, 14.999999999999998, 59.99999999999999, -75.0, 145.0, -45.0, 160.0, 180.0, -75.0, 115.0, 180.0, -59.99999999999999, -90.0, -75.0, 180.0, 59.99999999999999]",11.990469770710725,135.27132631247682,-115.2751399470925,-76.85009329806167,14.915155391535773,0.0,101.34161399006277,-13.207980012764187,0.0,-5.017450222774534,0.5883034516246725,0.5883034516246725,0.0,0.0,0.9219213123737507,0.38756011303034826,1.0,39.58081083225355,13.56460395606219,61.191791515866846,130.60629873377957,3.9514219573614815,4.6023455675291425,2.488005362739883,5.508595556037851,4.848916770784997,False
85,130.69874772968964,10,"[-90.0, -45.0, -59.99999999999999, 180.0, 90.0, 45.0, -59.99999999999999, 180.0, 45.0, 59.99999999999999, 180.0, -135.0, 150.0, -59.99999999999999, 45.0, 45.0, 180.0, 59.99999999999999, 59.99999999999999, -59.99999999999999, -135.0, 119.99999999999999, -45.0, 160.0, 180.0, -75.0, 115.0, 180.0, -59.99999999999999, -90.0, -75.0, 180.0, 59.99999999999999]",0.022885379022547996,93.20166709658608,-115.2751399470925,-76.85009329806167,19.675300763154798,0.0,155.69232169535042,-16.207515429333196,0.0,-6.999075279623197,0.5883034516246725,0.5883034516246725,0.0,0.0,0.9462039439557945,0.4052527628877483,1.0,39.23487609709139,14.183846701071191,58.107839539482626,130.69874772968964,5.567654089340627,4.5047032375299425,2.570248788819294,5.508595556037851,4.848916770784997,False
86,131.14545664269244,10,"[-90.0, -45.0, -59.99999999999999, 180.0, 90.0, 45.0, -59.99999999999999, 180.0, 45.0, 59.99999999999999, 180.0, -165.0, 105.00000000000001, 59.99999999999999, -59.99999999999999, 145.0, 59.99999999999999, 29.999999999999996, 14.999999999999998, 59.99999999999999, -119.99999999999999, 135.0, 59.99999999999999, 45.0, 180.0, -59.99999999999999, 115.0, -59.99999999999999, -59.99999999999999, -90.0, -75.0, 180.0, 59.99999999999999]",0.32474904951281414,107.10031431882521,-40.465631421094756,-26.97708761406317,16.47513293647085,0.0,67.82761668370597,-12.80800338298022,-3.1189757198413366,-4.778049272384083,0.5883034504779852,0.5883034504779852,0.0,0.0,0.9381816367568109,0.526956355752287,1.0,37.645090648053866,18.443472451330045,55.22417591869049,131.14545664269244,5.245147474207998,4.598259897929998,3.465698097784928,5.508595556037851,4.848916770784997,False
87,131.41873059244685,10,"[-90.0, -45.0, -59.99999999999999, 180.0, 90.0, 45.0, -59.99999999999999, 180.0, 45.0, 59.99999999999999, 180.0, -135.0, 150.0, -59.99999999999999, 45.0, 45.0, 180.0, 59.99999999999999, 59.99999999999999, -59.99999999999999, -135.0, 119.99999999999999, -45.0, 160.0, 180.0, -75.0, 115.0, 180.0, -59.99999999999999, -105.00000000000001, 105.00000000000001, 59.99999999999999, -59.99999999999999]",0.022885379022547996,165.41347506239222,-115.2751399470925,-76.85009329806167,19.53812832182571,0.0,81.61414709536135,-15.80753879954923,0.0,-4.675529971137927,0.5883034516246725,0.5883034516246725,0.0,0.0,0.904523246717234,0.39605854196893503,1.0,36.603620348358575,13.862048968912726,55.754055303997326,131.41873059244685,5.567654089340627,4.5047032375299425,2.570248788819294,5.508595556037851,4.848916770784997,False
88,131.6713570249049,10,"[-90.0, -45.0, -59.99999999999999, 180.0, 90.0, 45.0, -59.99999999999999, 180.0, 45.0, 59.99999999999999, 180.0, -165.0, 105.00000000000001, 59.99999999999999, -59.99999999999999, 145.0, 59.99999999999999, 29.999999999999996, 14.999999999999998, 59.99999999999999, -135.0, 135.0, 59.99999999999999, 45.0, 180.0, -75.0, 105.00000000000001, 180.0, -59.99999999999999, -105.00000000000001, 105.00000000000001, 59.99999999999999, -59.99999999999999]",6.0297887730979935,90.3132080162729,-43.83807476960876,-29.225383179739172,17.261626296782744,0.0,76.11929835185633,-12.808003382980221,0.0,-1.9947897109940653,0.5883034504779852,0.5883034504779852,0.0,0.0,0.9478711642041713,0.5583818774068607,1.0,40.71180183332678,19.543365709240124,57.17855272020102,131.6713570249049,4.401838921369183,4.422593949552346,3.3696131215280545,5.508595556037851,4.848916770784997,False
89,131.89662617211917,10,"[-90.0, -45.0, -59.99999999999999, 180.0, 90.0, 45.0, -59.99999999999999, 180.0, 45.0, 59.99999999999999, 180.0, -135.0, 150.0, -59.99999999999999, 45.0, 45.0, 180.0, 59.99999999999999, 59.99999999999999, -59.99999999999999, -135.0, 135.0, -90.0, 160.0, 180.0, -75.0, 115.0, 180.0, -59.99999999999999, -150.0, 105.00000000000001, -59.99999999999999, 59.99999999999999]",10.780452838472254,187.26197418711817,-115.2751399470925,-76.85009329806167,17.837405361449125,0.0,53.37965249460566,-15.807538799549228,0.0,-6.868483414508995,0.5883034516246725,0.5883034516246725,0.0,0.0,0.8919122804114759,0.38936036024857695,1.0,34.59415842715269,13.627612608700193,52.088278387235,131.89662617211917,6.968363227438787,4.749130673924817,2.4432219567466436,5.508595556037851,4.848916770784997,False
90,132.10565922880116,10,"[-90.0, -45.0, -59.99999999999999, 180.0, 90.0, 45.0, -59.99999999999999, 180.0, 45.0, 59.99999999999999, 180.0, -135.0, 150.0, -59.99999999999999, 45.0, 45.0, 180.0, 59.99999999999999, 59.99999999999999, -59.99999999999999, -135.0, 135.0, -75.0, 150.0, 59.99999999999999, -59.99999999999999, 115.0, -59.99999999999999, -59.99999999999999, -105.00000000000001, 105.00000000000001, 59.99999999999999, -59.99999999999999]",0.08159864469908372,174.89610750835985,-115.2751399470925,-76.85009329806167,18.920985307167257,0.0,70.81792152915071,-12.40802675319624,0.0,-5.5160905119116705,0.5883034516246725,0.5883034516246725,0.0,0.0,0.8990498657960405,0.3941278070536276,1.0,35.773628918405954,13.794473246876965,54.337290186756015,132.10565922880116,5.627748694474021,4.562913599264479,2.452900763273037,5.508595556037851,4.848916770784997,False
91,132.63645204276827,10,"[-90.0, -45.0, -59.99999999999999, 180.0, 90.0, 45.0, -59.99999999999999, 180.0, 45.0, 59.99999999999999, 180.0, -135.0, 150.0, -59.99999999999999, 45.0, 45.0, 180.0, 59.99999999999999, 59.99999999999999, -59.99999999999999, -119.99999999999999, 135.0, -45.0, 160.0, 180.0, -75.0, 105.00000000000001, 180.0, -59.99999999999999, 59.99999999999999, 29.999999999999996, -59.99999999999999, -59.99999999999999]",1.2148180698782858,219.8035731617311,-115.2751399470925,-76.85009329806167,16.4760848336329,0.0,31.220540736668916,-15.80753879954923,0.0,-5.584189464125883,0.5883034516246725,0.5883034516246725,0.0,0.0,0.8731292507002996,0.39375355569572995,1.0,33.79417252066173,13.78137444935055,52.41844248564958,132.63645204276827,5.992913393990929,4.545731957504525,2.7242962245550593,5.508595556037851,4.848916770784997,False
92,132.65904498349272,10,"[-90.0, -45.0, -59.99999999999999, 180.0, 90.0, 45.0, -59.99999999999999, 180.0, 45.0, 59.99999999999999, 180.0, -135.0, 150.0, -59.99999999999999, 45.0, 45.0, 180.0, 29.999999999999996, 14.999999999999998, 59.99999999999999, -75.0, 145.0, -59.99999999999999, 115.0, 59.99999999999999, -45.0, 145.0, 180.0, -59.99999999999999, -90.0, -75.0, 180.0, 59.99999999999999]",4.0483794088281675,169.83586522901706,-115.2751399470925,-76.85009329806167,15.808684906943517,0.0,76.75015253980888,-10.208444596195166,-3.8105408074423344,-5.0782152019996065,0.5883034516246725,0.5883034516246725,0.0,0.0,0.9019706405604518,0.3864636944583136,1.0,38.90315014145569,13.526229306040975,59.96461067255236,132.65904498349272,4.6001800837025035,4.621509036712794,2.523071907490384,5.508595556037851,4.848916770784997,False
93,132.66799985011986,10,"[-90.0, -45.0, -59.99999999999999, 180.0, 90.0, 45.0, -59.99999999999999, 180.0, 45.0, 59.99999999999999, 180.0, -135.0, 150.0, -59.99999999999999, 45.0, 45.0, 180.0, 59.99999999999999, 59.99999999999999, -59.99999999999999, -135.0, 135.0, -75.0, 150.0, 59.99999999999999, -59.99999999999999, 115.0, -59.99999999999999, -59.99999999999999, -59.99999999999999, -14.999999999999998, -59.99999999999999, -59.99999999999999]",0.08159864469908372,168.51338371940045,-115.2751399470925,-76.85009329806167,18.875115651005938,0.0,80.45465118452032,-12.40802675319624,0.0,-8.16188610084191,0.5883034516246725,0.5883034516246725,0.0,0.0,0.9027339776511397,0.39463108359216736,1.0,36.06140827444075,13.812087925725857,54.7058275574794,132.66799985011986,5.627748694474021,4.562913599264479,2.452900763273037,5.508595556037851,4.848916770784997,False
94,133.36777494896867,10,"[-90.0, -45.0, -59.99999999999999, 180.0, 90.0, 45.0, -59.99999999999999, 180.0, 45.0, 59.99999999999999, 180.0, -135.0, 150.0, -59.99999999999999, 45.0, 45.0, 180.0, 59.99999999999999, 59.99999999999999, -59.99999999999999, -135.0, 135.0, -119.99999999999999, 59.99999999999999, 59.99999999999999, 90.0, 29.999999999999996, 59.99999999999999, 59.99999999999999, -59.99999999999999, -14.999999999999998, -59.99999999999999, -59.99999999999999]",4.08936497475689,183.50621508178506,-115.2751399470925,-76.85009329806167,18.091001472899357,0.0,58.37592611260983,-12.408026753196237,0.0,-3.599869444418451,0.5883034516246725,0.5883034516246725,0.0,0.0,0.8940801067349003,0.3832627395297183,1.0,37.06744564177058,13.41419588354014,56.29648488738937,133.36777494896867,4.595636690841906,4.35802634181897,2.2821160144177353,5.508595556037851,4.848916770784997,False
95,133.78673083645913,10,"[-90.0, -45.0, -59.99999999999999, 180.0, 90.0, 45.0, -59.99999999999999, 180.0, 45.0, 59.99999999999999, 180.0, -135.0, 150.0, -59.99999999999999, 45.0, 45.0, 180.0, 59.99999999999999, 59.99999999999999, -59.99999999999999, -119.99999999999999, 135.0, -119.99999999999999, 59.99999999999999, 59.99999999999999, 90.0, 29.999999999999996, 59.99999999999999, 59.99999999999999, -150.0, 105.00000000000001, -59.99999999999999, 59.99999999999999]",7.4491810043119475,186.16340784950285,-115.2751399470925,-76.85009329806167,17.054239804233465,0.0,51.968860687851,-12.408026753196236,0.0,-1.75409526077611,0.5883034516246725,0.5883034516246725,0.0,0.0,0.8925463735356406,0.38283323295557564,1.0,35.84744399891321,13.399163153445148,53.97509124605502,133.78673083645913,4.279411535011743,4.40350312186135,2.2451713305694274,5.508595556037851,4.848916770784997,False
96,134.0654325482296,10,"[-90.0, -45.0, -59.99999999999999, 180.0, 90.0, 45.0, -59.99999999999999, 180.0, 45.0, 59.99999999999999, 180.0, -135.0, 150.0, -59.99999999999999, 45.0, 45.0, 180.0, 59.99999999999999, 59.99999999999999, -59.99999999999999, -135.0, 135.0, -45.0, 160.0, 180.0, -75.0, 105.00000000000001, 180.0, -59.99999999999999, -59.99999999999999, -14.999999999999998, -59.99999999999999, -59.99999999999999]",1.2214335341329488,114.73252825056282,-115.2751399470925,-76.85009329806167,19.955802244837443,0.0,135.85612266282396,-15.80753879954923,0.0,-7.206078849110515,0.5883034516246725,0.5883034516246725,0.0,0.0,0.9337763184700936,0.41270870512805247,1.0,39.85360005010431,14.444804679481836,59.797917390167584,134.0654325482296,5.005746313289835,4.410689234614565,2.6767563574151403,5.508595556037851,4.848916770784997,False
97,134.09287204129456,10,"[-90.0, -45.0, -59.99999999999999, 180.0, 90.0, 45.0, -59.99999999999999, 180.0, 45.0, 59.99999999999999, 180.0, -165.0, 105.00000000000001, 59.99999999999999, -59.99999999999999, 145.0, 59.99999999999999, 29.999999999999996, 14.999999999999998, 59.99999999999999, -119.99999999999999, 135.0, 59.99999999999999, 45.0, 180.0, -75.0, 105.00000000000001, 180.0, -59.99999999999999, -90.0, -75.0, 180.0, 59.99999999999999]",1.1612020569790493,122.92846128193564,-40.465631421094756,-26.97708761406317,16.496241935668248,0.0,50.722866089824095,-13.207980012764187,0.0,-4.130591339731536,0.5883034504779852,0.5883034504779852,0.0,0.0,0.929045621193688,0.5305955862127384,1.0,37.309508076437375,18.570845517445843,53.81783642980815,134.09287204129456,5.981913282028842,4.654704757936828,3.4620489819128424,5.508595556037851,4.848916770784997,False
98,134.54097160050006,10,"[-90.0, -45.0, -59.99999999999999, 180.0, 90.0, 45.0, -59.99999999999999, 180.0, 45.0, 59.99999999999999, 180.0, -135.0, 150.0, -59.99999999999999, 45.0, 45.0, 180.0, 59.99999999999999, 59.99999999999999, -59.99999999999999, -135.0, 119.99999999999999, -45.0, 160.0, 180.0, -75.0, 115.0, 180.0, -59.99999999999999, -59.99999999999999, -14.999999999999998, -59.99999999999999, -59.99999999999999]",0.022885379022547996,145.65660033185046,-115.2751399470925,-76.85009329806167,19.5060475882682,0.0,107.17113915644408,-15.80753879954923,0.0,-7.321325560068164,0.5883034516246725,0.5883034516246725,0.0,0.0,0.9159269262153822,0.3976581288475309,1.0,37.40159100497883,13.918034509663581,56.53228326543193,134.54097160050006,5.567654089340627,4.5047032375299425,2.570248788819294,5.508595556037851,4.848916770784997,False
99,134.63994215345403,10,"[-90.0, -45.0, -59.99999999999999, 180.0, 90.0, 45.0, -59.99999999999999, 180.0, 45.0, 59.99999999999999, 180.0, -135.0, 150.0, -59.99999999999999, 45.0, 45.0, 180.0, 59.99999999999999, 59.99999999999999, -59.99999999999999, -135.0, 135.0, -45.0, 160.0, 180.0, -90.0, 105.00000000000001, -59.99999999999999, -59.99999999999999, -90.0, -75.0, 180.0, 59.99999999999999]",0.6682190025161685,84.7388723814595,-115.2751399470925,-76.85009329806167,21.132535023611915,0.0,165.3317452889672,-15.807538799549228,0.0,-6.737054248083689,0.5883034516246725,0.5883034516246725,0.0,0.0,0.9510886739500956,0.4128065330006762,1.0,39.930189504355226,14.448228655023668,59.369749981771676,134.63994215345403,5.865573249162509,4.494470636971433,2.6997317600560278,5.508595556037851,4.848916770784997,False
100,135.07654689963897,10,"[-90.0, -45.0, -59.99999999999999, 180.0, 90.0, 45.0, -59.99999999999999, 180.0, 45.0, 59.99999999999999, 180.0, -135.0, 150.0, -59.99999999999999, 45.0, 45.0, 180.0, 59.99999999999999, 59.99999999999999, -59.99999999999999, -119.99999999999999, 135.0, -45.0, 160.0, 180.0, -59.99999999999999, 115.0, -59.99999999999999, -59.99999999999999, -45.0, -45.0, -59.99999999999999, 180.0]",0.02082388774955465,218.6615696692826,-115.2751399470925,-76.85009329806167,17.35545093846226,0.0,38.0951319441189,-15.407562169765262,0.0,-8.962030874741268,0.5883034516246725,0.5883034516246725,0.0,0.0,0.8737884157753059,0.4105136446227816,1.0,34.931074513638706,14.367977561797357,54.39186324691073,135.07654689963897,5.435464912257665,4.476252607718327,2.7625670351793405,5.508595556037851,4.848916770784997,False
101,135.1084389567497,10,"[-90.0, -45.0, -59.99999999999999, 180.0, 90.0, 45.0, -59.99999999999999, 180.0, 45.0, 59.99999999999999, 180.0, -135.0, 150.0, -59.99999999999999, 45.0, 45.0, 180.0, 59.99999999999999, 59.99999999999999, -59.99999999999999, -105.00000000000001, 175.0, -59.99999999999999, 90.0, 180.0, -45.0, 145.0, 180.0, -59.99999999999999, -90.0, -75.0, 180.0, 59.99999999999999]",61.70575290188599,130.29477201245524,-115.2751399470925,-76.85009329806167,16.634003995225775,0.0,62.07089244188744,-16.207515429333196,0.0,-4.702630469903745,0.5883034516246725,0.5883034516246725,0.0,0.0,0.9247937823881932,0.4444885450836396,1.0,35.54441640798955,15.557099077927386,54.15308117064069,135.1084389567497,9.012997378361845,4.582194166694072,3.38081631535604,5.508595556037851,4.848916770784997,False
102,135.43498095512427,10,"[-90.0, -45.0, -59.99999999999999, 180.0, 90.0, 45.0, -59.99999999999999, 180.0, 45.0, 59.99999999999999, 180.0, -165.0, 105.00000000000001, 59.99999999999999, -59.99999999999999, 145.0, 59.99999999999999, 29.999999999999996, 14.999999999999998, 59.99999999999999, -135.0, 135.0, 59.99999999999999, 45.0, 180.0, -90.0, 119.99999999999999, 180.0, 59.99999999999999, -150.0, 105.00000000000001, -59.99999999999999, 59.99999999999999]",0.9182834774647339,69.61117372252941,-43.83807476960876,-29.225383179739172,16.950086515299464,0.0,108.00799820390266,-12.808003382980218,0.0,-3.994786261960983,0.5883034504779852,0.5883034504779852,0.0,0.0,0.9598203903477464,0.6194792487761088,1.0,40.910743834651726,21.68177370716381,57.12903054206517,135.43498095512427,5.07144814141933,4.490203915895135,3.435610166741981,5.508595556037851,4.848916770784997,False
103,135.4783007969867,10,"[-90.0, -45.0, -59.99999999999999, 180.0, 90.0, 45.0, -59.99999999999999, 180.0, 45.0, 59.99999999999999, 180.0, -135.0, 150.0, -59.99999999999999, 45.0, 45.0, 180.0, 59.99999999999999, 59.99999999999999, -59.99999999999999, -135.0, 135.0, -45.0, 160.0, 180.0, -59.99999999999999, 115.0, -59.99999999999999, -59.99999999999999, 59.99999999999999, 29.999999999999996, -59.99999999999999, -59.99999999999999]",6.2182327169870435,156.64398615994176,-115.2751399470925,-76.85009329806167,18.913204658237234,0.0,90.21666700358,-15.407562169765262,0.0,-6.419391076526229,0.5883034516246725,0.5883034516246725,0.0,0.0,0.9095850007734824,0.4346865833055838,1.0,37.96458762812363,15.214030415695433,58.147383641468565,135.4783007969867,4.384810983107613,4.343289958095234,2.711587682789818,5.508595556037851,4.848916770784997,False
104,135.49103114400398,10,"[-90.0, -45.0, -59.99999999999999, 180.0, 90.0, 45.0, -59.99999999999999, 180.0, 45.0, 59.99999999999999, 180.0, -135.0, 150.0, -59.99999999999999, 45.0, 45.0, 180.0, 59.99999999999999, 59.99999999999999, -59.99999999999999, -135.0, 135.0, -90.0, 160.0, 180.0, -45.0, 145.0, 180.0, -59.99999999999999, -59.99999999999999, -14.999999999999998, -59.99999999999999, -59.99999999999999]",0.6003446414641908,219.90404150781006,-115.2751399470925,-76.85009329806167,17.222583398700273,0.0,37.41231522061445,-15.80753879954923,0.0,-9.15387832956795,0.5883034516246725,0.5883034516246725,0.0,0.0,0.8730712603129523,0.386384656355842,1.0,33.60303239371227,13.523462972454471,51.79275806052799,135.49103114400398,5.846509636652198,4.668405133036536,2.376701971869677,5.508595556037851,4.848916770784997,False
105,135.604261742624,10,"[-90.0, -45.0, -59.99999999999999, 180.0, 90.0, 45.0, -59.99999999999999, 180.0, 45.0, 59.99999999999999, 180.0, -135.0, 150.0, -59.99999999999999, 45.0, 45.0, 180.0, 59.99999999999999, 59.99999999999999, -59.99999999999999, -135.0, 135.0, -90.0, 160.0, 180.0, -45.0, 145.0, 180.0, -59.99999999999999, -150.0, 105.00000000000001, -59.99999999999999, 59.99999999999999]",0.6003446414641908,141.4408157604729,-115.2751399470925,-76.85009329806167,17.486049462406736,0.0,114.06727499897063,-15.807538799549228,0.0,-7.495847825673409,0.5883034516246725,0.5883034516246725,0.0,0.0,0.9183602795033344,0.3868044677576079,1.0,36.757363756328665,13.538156371516276,53.83777335248789,135.604261742624,5.846509636652198,4.668405133036536,2.376701971869677,5.508595556037851,4.848916770784997,False
106,135.9992020196486,10,"[-90.0, -45.0, -59.99999999999999, 180.0, 90.0, 45.0, -59.99999999999999, 180.0, 45.0, 59.99999999999999, 180.0, -135.0, 150.0, -59.99999999999999, 45.0, 45.0, 180.0, 59.99999999999999, 59.99999999999999, -59.99999999999999, -135.0, 119.99999999999999, -90.0, 160.0, 180.0, 90.0, 29.999999999999996, 59.99999999999999, 59.99999999999999, 59.99999999999999, 29.999999999999996, -59.99999999999999, -59.99999999999999]",0.5304931524981381,205.67202549257962,-143.42103297533671,-95.6140219835578,15.568264249338538,0.0,79.81388587381947,-15.40756216976526,0.0,-7.345175055109885,0.5883034516246725,0.5883034516246725,0.0,0.0,0.881285988171671,0.4022788374468403,1.0,34.866796233223255,14.07975931063941,55.52151499618556,135.9992020196486,5.174272152710844,4.385590692498762,2.9070472404308263,5.508595556037851,4.848916770784997,False
107,136.02655227419527,10,"[-90.0, -45.0, -59.99999999999999, 180.0, 90.0, 45.0, -59.99999999999999, 180.0, 45.0, 59.99999999999999, 180.0, -135.0, 150.0, -59.99999999999999, 45.0, 45.0, 180.0, 59.99999999999999, 59.99999999999999, -59.99999999999999, -135.0, 135.0, -45.0, 160.0, 180.0, -75.0, 115.0, 180.0, -59.99999999999999, -59.99999999999999, -14.999999999999998, -59.99999999999999, -59.99999999999999]",0.6428785635466914,110.32466305736158,-115.2751399470925,-76.85009329806167,19.942485642652695,0.0,143.3528694450522,-15.80753879954923,0.0,-7.741969139400835,0.5883034516246725,0.5883034516246725,0.0,0.0,0.9363205408038318,0.41722826223007814,1.0,40.013961834469946,14.602989178052734,59.94929716121075,136.02655227419527,5.14142544330455,4.424359901967266,2.699386706666084,5.508595556037851,4.848916770784997,False
108,136.07681551893864,10,"[-90.0, -45.0, -59.99999999999999, 180.0, 90.0, 45.0, -59.99999999999999, 180.0, 45.0, 59.99999999999999, 180.0, -135.0, 150.0, -59.99999999999999, 45.0, 45.0, 180.0, 59.99999999999999, 59.99999999999999, -59.99999999999999, -135.0, 119.99999999999999, -45.0, 160.0, 180.0, -90.0, 119.99999999999999, 180.0, 59.99999999999999, -90.0, -75.0, 180.0, 59.99999999999999]",4.625681384996908,148.43029224029604,-115.2751399470925,-76.85009329806167,16.046423902913762,0.0,105.34418637079705,-16.207515429333192,0.0,-7.475416455264098,0.5883034516246725,0.5883034516246725,0.0,0.0,0.9143259496448507,0.4051660160083547,1.0,37.94028865510055,14.180810560292414,56.786603374950104,136.07681551893864,6.461840047512777,4.590464447499566,2.626302530513703,5.508595556037851,4.848916770784997,False
109,136.1988553258602,10,"[-90.0, -45.0, -59.99999999999999, 180.0, 90.0, 45.0, -59.99999999999999, 180.0, 45.0, 59.99999999999999, 180.0, -165.0, 105.00000000000001, 59.99999999999999, -59.99999999999999, 145.0, 59.99999999999999, 29.999999999999996, 14.999999999999998, 59.99999999999999, -119.99999999999999, 135.0, 59.99999999999999, 45.0, 180.0, -59.99999999999999, 115.0, -59.99999999999999, -59.99999999999999, -59.99999999999999, -14.999999999999998, -59.99999999999999, -59.99999999999999]",0.32474904951281414,127.41116779235327,-40.465631421094756,-26.97708761406317,16.29535848048919,0.0,52.67220999998834,-12.408026753196253,-3.1189757198413366,-5.10029955282905,0.5883034504779852,0.5883034504779852,0.0,0.0,0.9264582004084541,0.5316844135635218,1.0,37.11756306065603,18.608954474723262,53.97278838877938,136.1988553258602,5.245147474207998,4.598259897929998,3.465698097784928,5.508595556037851,4.848916770784997,False
110,136.48601263535326,10,"[-90.0, -45.0, -59.99999999999999, 180.0, 90.0, 45.0, -59.99999999999999, 180.0, 45.0, 59.99999999999999, 180.0, -135.0, 150.0, -59.99999999999999, 45.0, 45.0, 180.0, 59.99999999999999, 59.99999999999999, -59.99999999999999, -135.0, 119.99999999999999, -75.0, 150.0, 59.99999999999999, -59.99999999999999, 115.0, -59.99999999999999, -59.99999999999999, -90.0, -75.0, 180.0, 59.99999999999999]",5.61695359989263,182.73634159857653,-115.2751399470925,-76.85009329806167,18.120529688395816,0.0,64.9260198680006,-12.808003382980205,0.0,-7.418992241064272,0.5883034516246725,0.5883034516246725,0.0,0.0,0.8945244781537799,0.3899303433446783,1.0,34.760153464952616,13.64756201706374,52.876604986538915,136.48601263535326,6.5599012784115915,4.663625190423311,2.4217572119106756,5.508595556037851,4.848916770784997,False
111,136.59526510545678,10,"[-90.0, -45.0, -59.99999999999999, 180.0, 90.0, 45.0, -59.99999999999999, 180.0, 45.0, 59.99999999999999, 180.0, -135.0, 150.0, -59.99999999999999, 45.0, 45.0, 180.0, 59.99999999999999, 59.99999999999999, -59.99999999999999, -119.99999999999999, 135.0, -119.99999999999999, 59.99999999999999, 59.99999999999999, 90.0, 29.999999999999996, 59.99999999999999, 59.99999999999999, -59.99999999999999, -14.999999999999998, -59.99999999999999, -59.99999999999999]",7.4491810043119475,189.3581290511691,-115.2751399470925,-76.85009329806167,17.464834064228704,0.0,52.83010999908172,-12.408026753196237,0.0,-3.412125764670651,0.5883034516246725,0.5883034516246725,0.0,0.0,0.8907023786140439,0.3829093991554696,1.0,36.99172769930418,13.401828970441438,55.38932529068531,136.59526510545678,4.279411535011743,4.40350312186135,2.2451713305694274,5.508595556037851,4.848916770784997,False
112,136.99145985036253,10,"[-90.0, -45.0, -59.99999999999999, 180.0, 90.0, 45.0, -59.99999999999999, 180.0, 45.0, 59.99999999999999, 180.0, -135.0, 150.0, -59.99999999999999, 45.0, 45.0, 180.0, 59.99999999999999, 59.99999999999999, -59.99999999999999, -119.99999999999999, 135.0, -75.0, 150.0, 59.99999999999999, -75.0, 75.0, -59.99999999999999, 59.99999999999999, -90.0, -75.0, 180.0, 59.99999999999999]",12.686924704086827,210.76725379898915,-115.2751399470925,-76.85009329806167,15.83885618166658,0.0,30.669632768253805,-12.808003382980203,0.0,-5.47636772418583,0.5883034516246725,0.5883034516246725,0.0,0.0,0.8783450194522429,0.3855026613731314,1.0,34.68978741504319,13.492593148059598,51.628518561415966,136.99145985036253,7.092917116744423,4.721190122353393,2.5058169403777155,5.508595556037851,4.848916770784997,False
113,137.1943276075254,10,"[-90.0, -45.0, -59.99999999999999, 180.0, 90.0, 45.0, -59.99999999999999, 180.0, 45.0, 59.99999999999999, 180.0, -135.0, 150.0, -59.99999999999999, 45.0, 45.0, 180.0, 59.99999999999999, 59.99999999999999, -59.99999999999999, -135.0, 119.99999999999999, -45.0, 160.0, 180.0, -59.99999999999999, 115.0, -59.99999999999999, -59.99999999999999, 59.99999999999999, 29.999999999999996, -59.99999999999999, -59.99999999999999]",3.0255254008765813,187.69926790722997,-115.2751399470925,-76.85009329806167,18.680007113770372,0.0,63.88267334807513,-15.407562169765262,0.0,-5.998747497193559,0.5883034516246725,0.5883034516246725,0.0,0.0,0.8916598742238211,0.39974379070598454,1.0,35.75219787150488,13.991032674709459,55.45388268816916,137.1943276075254,4.722114995532555,4.422921538324989,2.5585925715608027,5.508595556037851,4.848916770784997,False
114,137.33617969230735,10,"[-90.0, -45.0, -59.99999999999999, 180.0, 90.0, 45.0, -59.99999999999999, 180.0, 45.0, 59.99999999999999, 180.0, -135.0, 150.0, -59.99999999999999, 45.0, 45.0, 180.0, 59.99999999999999, 59.99999999999999, -59.99999999999999, -105.00000000000001, 175.0, -90.0, 160.0, 180.0, -90.0, 119.99999999999999, 180.0, 59.99999999999999, -90.0, -75.0, 180.0, 59.99999999999999]",22.643228037478753,190.81350581128322,-115.2751399470925,-76.85009329806167,15.218484842684784,0.0,46.28234467108371,-16.207515429333192,0.0,-6.727031745422136,0.5883034516246725,0.5883034516246725,0.0,0.0,0.8898623343080616,0.4038553018434856,1.0,35.15824742879476,14.134935564521996,52.542990089218684,137.33617969230735,7.628061467038899,4.796590545357496,2.7941163457377693,5.508595556037851,4.848916770784997,False
115,137.95365004778938,10,"[-90.0, -45.0, -59.99999999999999, 180.0, 90.0, 45.0, -59.99999999999999, 180.0, 45.0, 59.99999999999999, 180.0, -135.0, 150.0, -59.99999999999999, 45.0, 45.0, 180.0, 59.99999999999999, 59.99999999999999, -59.99999999999999, -135.0, 119.99999999999999, -45.0, 160.0, 180.0, -75.0, 75.0, -59.99999999999999, 59.99999999999999, -90.0, -75.0, 180.0, 59.99999999999999]",0.0025419415364926726,128.08955391127216,-115.2751399470925,-76.85009329806167,16.010326905033523,0.0,129.28072109048634,-15.807538799549226,0.0,-4.935118505522111,0.5883034516246725,0.5883034516246725,0.0,0.0,0.9260666355490492,0.40587042613651647,1.0,39.639883512819104,14.205464914778076,57.96021524959819,137.95365004778938,5.477452532131112,4.470288333250228,2.516612299655968,5.508595556037851,4.848916770784997,False
116,137.95856193879243,10,"[-90.0, -45.0, -59.99999999999999, 180.0, 90.0, 45.0, -59.99999999999999, 180.0, 45.0, 59.99999999999999, 180.0, -135.0, 150.0, -59.99999999999999, 45.0, 45.0, 180.0, 59.99999999999999, 59.99999999999999, -59.99999999999999, -119.99999999999999, 135.0, -59.99999999999999, 115.0, 59.99999999999999, -45.0, 145.0, 180.0, -59.99999999999999, -59.99999999999999, -14.999999999999998, -59.99999999999999, -59.99999999999999]",8.105253288583068,165.62989209901895,-115.2751399470925,-76.85009329806167,18.885585830471193,0.0,80.44766103804534,-12.808003382980209,0.0,-7.614990438878106,0.5883034516246725,0.5883034516246725,0.0,0.0,0.904398330678777,0.39739834411107744,1.0,36.012974418810835,13.908942043887711,54.95282867585069,137.95856193879243,6.77320487656803,4.5745661384888985,2.756141438762126,5.508595556037851,4.848916770784997,False
117,138.03598872212186,10,"[-90.0, -45.0, -59.99999999999999, 180.0, 90.0, 45.0, -59.99999999999999, 180.0, 45.0, 59.99999999999999, 180.0, -135.0, 150.0, -59.99999999999999, 45.0, 45.0, 180.0, 59.99999999999999, 59.99999999999999, -59.99999999999999, -119.99999999999999, 135.0, -75.0, 150.0, 59.99999999999999, -75.0, 115.0, 180.0, -59.99999999999999, -150.0, 105.00000000000001, -59.99999999999999, 59.99999999999999]",13.362217039258173,190.68747907290881,-115.2751399470925,-76.85009329806167,17.16385311183401,0.0,50.5218236514062,-12.808003382980207,0.0,-6.2045442748373425,0.5883034516246725,0.5883034516246725,0.0,0.0,0.889935077014194,0.3853162255937199,1.0,33.93019308405331,13.486067895780197,51.09500142624062,138.03598872212186,7.134760963520855,4.758783027684934,2.5420659315804457,5.508595556037851,4.848916770784997,False
118,138.16839588653716,10,"[-90.0, -45.0, -59.99999999999999, 180.0, 90.0, 45.0, -59.99999999999999, 180.0, 45.0, 59.99999999999999, 180.0, -135.0, 150.0, -59.99999999999999, 45.0, 45.0, 180.0, 59.99999999999999, 59.99999999999999, -59.99999999999999, -135.0, 135.0, -90.0, 160.0, 180.0, -59.99999999999999, 115.0, -59.99999999999999, -59.99999999999999, -59.99999999999999, -14.999999999999998, -59.99999999999999, -59.99999999999999]",2.3022097890522684,212.2453966444262,-115.2751399470925,-76.85009329806167,17.477451445496357,0.0,44.87581823356118,-15.407562169765262,0.0,-8.63808156076576,0.5883034516246725,0.5883034516246725,0.0,0.0,0.8774918345486717,0.3872192602817974,1.0,33.86756623443797,13.552674109862908,51.96837149540442,138.16839588653716,6.1785587357115475,4.674075327367813,2.37814896173899,5.508595556037851,4.848916770784997,False
119,138.17074350472515,10,"[-90.0, -45.0, -59.99999999999999, 180.0, 90.0, 45.0, -59.99999999999999, 180.0, 45.0, 59.99999999999999, 180.0, -135.0, 150.0, -59.99999999999999, 45.0, 45.0, 180.0, 59.99999999999999, 59.99999999999999, -59.99999999999999, -119.99999999999999, 135.0, -45.0, 160.0, 180.0, -59.99999999999999, 115.0, -59.99999999999999, -59.99999999999999, -45.0, 115.0, 59.99999999999999, 180.0]",0.02082388774955465,218.6615696692826,-115.2751399470925,-76.85009329806167,17.35545093846226,0.0,38.0951319441189,-15.407562169765262,0.0,-5.8678342696550665,0.5883034516246725,0.5883034516246725,0.0,0.0,0.8737884157753059,0.4105136446227816,1.0,34.931074513638706,14.367977561797357,54.39186324691073,138.17074350472515,5.435464912257665,4.476252607718327,2.7625670351793405,5.508595556037851,4.848916770784997,False
120,138.20690250887955,10,"[-90.0, -45.0, -59.99999999999999, 180.0, 90.0, 45.0, -59.99999999999999, 180.0, 45.0, 59.99999999999999, 180.0, -135.0, 150.0, -59.99999999999999, 45.0, 45.0, 180.0, 59.99999999999999, 59.99999999999999, -59.99999999999999, -135.0, 135.0, -90.0, 160.0, 180.0, -75.0, 105.00000000000001, 180.0, -59.99999999999999, -150.0, 105.00000000000001, -59.99999999999999, 59.99999999999999]",10.161851318206654,193.42643180924722,-115.2751399470925,-76.85009329806167,17.84116034693984,0.0,53.60442745372155,-15.807538799549228,0.0,-6.332593124218675,0.5883034516246725,0.5883034516246725,0.0,0.0,0.8883541519138544,0.3893418895462792,1.0,34.38786530780334,13.62696613411977,52.02631435938394,138.20690250887955,6.9256122416847195,4.73367631795977,2.4349119901801783,5.508595556037851,4.848916770784997,False
121,138.21126690922614,10,"[-90.0, -45.0, -59.99999999999999, 180.0, 90.0, 45.0, -59.99999999999999, 180.0, 45.0, 59.99999999999999, 180.0, -135.0, 150.0, -59.99999999999999, 45.0, 45.0, 180.0, 59.99999999999999, 59.99999999999999, -59.99999999999999, -119.99999999999999, 135.0, -45.0, 160.0, 180.0, -59.99999999999999, 115.0, -59.99999999999999, -59.99999999999999, -45.0, 90.0, 180.0, 180.0]",0.02082388774955465,218.6615696692826,-115.2751399470925,-76.85009329806167,17.35545093846226,0.0,38.0951319441189,-15.80753879954923,0.0,-5.427334235370138,0.5883034516246725,0.5883034516246725,0.0,0.0,0.8737884157753059,0.4105136446227816,1.0,34.931074513638706,14.367977561797357,54.39186324691073,138.21126690922614,5.435464912257665,4.476252607718327,2.7625670351793405,5.508595556037851,4.848916770784997,False
122,138.71561167955588,10,"[-90.0, -45.0, -59.99999999999999, 180.0, 90.0, 45.0, -59.99999999999999, 180.0, 45.0, 59.99999999999999, 180.0, -165.0, 105.00000000000001, 59.99999999999999, -59.99999999999999, 145.0, 59.99999999999999, 29.999999999999996, 14.999999999999998, 59.99999999999999, -135.0, 119.99999999999999, 75.0, 75.0, 59.99999999999999, -90.0, 105.00000000000001, -59.99999999999999, -59.99999999999999, -90.0, -75.0, 180.0, 59.99999999999999]",6.122746976348882,66.84546278707741,-43.928321864419495,-29.285547909612998,17.13286589022928,0.0,109.280379864973,-9.808467966411198,-3.766119062482413,-3.7512383962375564,0.5883034504779852,0.5883034504779852,0.0,0.0,0.9614167602960592,0.5472219320581102,1.0,40.59583894086899,19.152767622033856,57.33427688451693,138.71561167955588,4.393406400131568,4.496462834411424,3.307050222312434,5.508595556037851,4.848916770784997,False
123,139.34529662384293,10,"[-90.0, -45.0, -59.99999999999999, 180.0, 90.0, 45.0, -59.99999999999999, 180.0, 45.0, 59.99999999999999, 180.0, -165.0, 105.00000000000001, 59.99999999999999, -59.99999999999999, 145.0, 59.99999999999999, 29.999999999999996, 14.999999999999998, 59.99999999999999, -135.0, 135.0, 59.99999999999999, 45.0, 180.0, -75.0, 115.0, 180.0, -59.99999999999999, -59.99999999999999, -14.999999999999998, -59.99999999999999, -59.99999999999999]",5.9711706521356325,92.2340168286996,-43.83807476960876,-29.225383179739172,17.174081998202762,0.0,85.20027743713058,-12.808003382980221,0.0,-5.176475590214624,0.5883034504779852,0.5883034504779852,0.0,0.0,0.9467624722489469,0.5673867254131891,1.0,40.62870139094358,19.85853538946162,57.65291918764534,139.34529662384293,4.407189801279689,4.43160263449389,3.394469569823174,5.508595556037851,4.848916770784997,False
124,139.85008560131996,10,"[-90.0, -45.0, -59.99999999999999, 180.0, 90.0, 45.0, -59.99999999999999, 180.0, 45.0, 59.99999999999999, 180.0, -165.0, 105.00000000000001, 59.99999999999999, -59.99999999999999, 145.0, 59.99999999999999, 29.999999999999996, 14.999999999999998, 59.99999999999999, -135.0, 135.0, 59.99999999999999, 45.0, 180.0, -59.99999999999999, 115.0, -59.99999999999999, -59.99999999999999, -59.99999999999999, -14.999999999999998, -59.99999999999999, -59.99999999999999]",16.623261301255276,65.61992593475776,-46.429611700511984,-30.953074467007987,17.12870045295268,0.0,107.69890478281319,-12.408026753196253,-3.6833286346518124,-5.288043232576849,0.5883034504779852,0.5883034504779852,0.0,0.0,0.9621241408745986,0.5689395934872121,1.0,41.91532584412422,19.912885772052423,59.05146822911034,139.85008560131996,3.6766371013286863,4.369982659063782,3.3898051535045712,5.508595556037851,4.848916770784997,False
125,140.259942145638,10,"[-90.0, -45.0, -59.99999999999999, 180.0, 90.0, 45.0, -59.99999999999999, 180.0, 45.0, 59.99999999999999, 180.0, -135.0, 150.0, -59.99999999999999, 45.0, 45.0, 180.0, 59.99999999999999, 59.99999999999999, -59.99999999999999, -135.0, 135.0, -90.0, 160.0, 180.0, -59.99999999999999, 115.0, -59.99999999999999, -59.99999999999999, -105.00000000000001, 105.00000000000001, 59.99999999999999, -59.99999999999999]",2.3022097890522684,213.459390878362,-115.2751399470925,-76.85009329806167,17.5372852529594,0.0,43.04774086233296,-15.407562169765262,0.0,-5.992285971835523,0.5883034516246725,0.5883034516246725,0.0,0.0,0.8767911163761258,0.38705752321140574,1.0,33.887317038444756,13.547013312399201,51.81595095992371,140.259942145638,6.1785587357115475,4.674075327367813,2.37814896173899,5.508595556037851,4.848916770784997,False
126,140.46488011816973,10,"[-90.0, -45.0, -59.99999999999999, 180.0, 90.0, 45.0, -59.99999999999999, 180.0, 45.0, 59.99999999999999, 180.0, -135.0, 150.0, -59.99999999999999, 45.0, 45.0, 180.0, 59.99999999999999, 59.99999999999999, -59.99999999999999, -119.99999999999999, 135.0, -45.0, 160.0, 180.0, -59.99999999999999, 115.0, -59.99999999999999, -59.99999999999999, 59.99999999999999, 29.999999999999996, -59.99999999999999, -59.99999999999999]",0.02082388774955465,223.03378421205448,-115.2751399470925,-76.85009329806167,16.190789488340954,0.0,37.545528592036284,-15.407562169765262,0.0,-6.2316473967784285,0.5883034516246725,0.5883034516246725,0.0,0.0,0.8712647710175733,0.39858922962038373,1.0,34.32217662626684,13.95062303671343,53.48121484078269,140.46488011816973,5.435464912257665,4.476252607718327,2.7625670351793405,5.508595556037851,4.848916770784997,False
127,140.84876693432827,10,"[-90.0, -45.0, -59.99999999999999, 180.0, 90.0, 45.0, -59.99999999999999, 180.0, 45.0, 59.99999999999999, 180.0, -135.0, 150.0, -59.99999999999999, 45.0, 45.0, 180.0, 59.99999999999999, 59.99999999999999, -59.99999999999999, -135.0, 119.99999999999999, -45.0, 160.0, 180.0, -75.0, 105.00000000000001, 180.0, -59.99999999999999, -105.00000000000001, 105.00000000000001, 59.99999999999999, -59.99999999999999]",0.002656862174502833,174.29183152402155,-115.2751399470925,-76.85009329806167,19.537951302748663,0.0,81.65034222124822,-15.80753879954923,0.0,-4.139639680847607,0.5883034516246725,0.5883034516246725,0.0,0.0,0.8993986542429889,0.3958021975380604,1.0,36.22398756599416,13.853076913832114,55.58363300367544,140.84876693432827,5.476948483023875,4.491244118535086,2.552305694713192,5.508595556037851,4.848916770784997,False
128,142.19220758856804,10,"[-90.0, -45.0, -59.99999999999999, 180.0, 90.0, 45.0, -59.99999999999999, 180.0, 45.0, 59.99999999999999, 180.0, -135.0, 150.0, -59.99999999999999, 45.0, 45.0, 180.0, 29.999999999999996, 14.999999999999998, 59.99999999999999, -75.0, 145.0, -59.99999999999999, 115.0, 59.99999999999999, -59.99999999999999, 115.0, -59.99999999999999, -59.99999999999999, -150.0, 105.00000000000001, -59.99999999999999, 59.99999999999999]",0.7000863477922652,178.00314666086877,-115.2751399470925,-76.85009329806167,16.25871201794063,0.0,78.39456180238099,-9.40849133662723,-3.8423331985717395,-3.226638209747845,0.5883034516246725,0.5883034516246725,0.0,0.0,0.8972564810038275,0.3843701901931606,1.0,38.81180175022496,13.452956656760621,58.48827916831291,142.19220758856804,5.125811184616038,4.64959240010718,2.554519307948756,5.508595556037851,4.848916770784997,False
129,142.39715425997107,10,"[-90.0, -45.0, -59.99999999999999, 180.0, 90.0, 45.0, -59.99999999999999, 180.0, 45.0, 59.99999999999999, 180.0, -135.0, 150.0, -59.99999999999999, 45.0, 45.0, 180.0, 59.99999999999999, 59.99999999999999, -59.99999999999999, -135.0, 135.0, -75.0, 150.0, 59.99999999999999, -75.0, 115.0, 180.0, -59.99999999999999, -150.0, 105.00000000000001, -59.99999999999999, 59.99999999999999]",4.464938944002103,146.40200338869187,-115.2751399470925,-76.85009329806167,19.429391494178233,0.0,105.98794826613207,-12.808003382980207,0.0,-6.392287954585143,0.5883034516246725,0.5883034516246725,0.0,0.0,0.9154966791407261,0.39765741888922285,1.0,36.29040876160489,13.918009661122799,54.34399497525466,142.39715425997107,6.444980311329512,4.637957628106795,2.50933241038732,5.508595556037851,4.848916770784997,False
130,143.0119286388016,10,"[-90.0, -45.0, -59.99999999999999, 180.0, 90.0, 45.0, -59.99999999999999, 180.0, 45.0, 59.99999999999999, 180.0, -135.0, 150.0, -59.99999999999999, 45.0, 45.0, 180.0, 59.99999999999999, 59.99999999999999, -59.99999999999999, -135.0, 135.0, -75.0, 150.0, 59.99999999999999, -90.0, 119.99999999999999, 180.0, 59.99999999999999, -150.0, 105.00000000000001, -59.99999999999999, 59.99999999999999]",14.715414989295468,196.8917885277119,-115.2751399470925,-76.85009329806167,18.18070532292361,0.0,47.58748880754473,-12.808003382980205,0.0,-6.868629130226044,0.5883034516246725,0.5883034516246725,0.0,0.0,0.8863539460157508,0.3932673269409197,1.0,35.35228422381612,13.76435644293219,53.92398682641711,143.0119286388016,7.215541604817293,4.710626152104579,2.5965806317957774,5.508595556037851,4.848916770784997,False
131,143.3482241368511,10,"[-90.0, -45.0, -59.99999999999999, 180.0, 90.0, 45.0, -59.99999999999999, 180.0, 45.0, 59.99999999999999, 180.0, -135.0, 150.0, -59.99999999999999, 45.0, 45.0, 180.0, 59.99999999999999, 59.99999999999999, -59.99999999999999, -119.99999999999999, 135.0, -45.0, 160.0, 180.0, -90.0, 119.99999999999999, 180.0, 59.99999999999999, -90.0, -75.0, 180.0, 59.99999999999999]",11.548811685827483,146.53767977800084,-115.2751399470925,-76.85009329806167,15.182506539373597,0.0,108.68189441329915,-16.207515429333192,0.0,-7.708316354848967,0.5883034516246725,0.5883034516246725,0.0,0.0,0.9154183666505045,0.4181133922462407,1.0,37.80540991519186,14.633968728618425,55.76256497164069,143.3482241368511,7.019790228013556,4.654123022288037,2.785912824085922,5.508595556037851,4.848916770784997,False
132,143.41139743511079,10,"[-90.0, -45.0, -59.99999999999999, 180.0, 90.0, 45.0, -59.99999999999999, 180.0, 45.0, 59.99999999999999, 180.0, -135.0, 150.0, -59.99999999999999, 45.0, 45.0, 180.0, 59.99999999999999, 59.99999999999999, -59.99999999999999, -119.99999999999999, 135.0, -45.0, 160.0, 180.0, -45.0, 145.0, 180.0, -59.99999999999999, -75.0, 175.0, -59.99999999999999, 180.0]",0.032390002518333155,200.99965660409322,-115.2751399470925,-76.85009329806167,17.646430232744716,0.0,62.21537861947346,-15.80753879954923,0.0,-6.988082728701903,0.5883034516246725,0.5883034516246725,0.0,0.0,0.8839828821909996,0.4472304567674379,1.0,36.0976156421761,15.653065986860327,55.565588341999906,143.41139743511079,5.580486026760343,4.470401274325146,2.8522512522127275,5.508595556037851,4.848916770784997,False
133,143.89749294203523,10,"[-90.0, -45.0, -59.99999999999999, 180.0, 90.0, 45.0, -59.99999999999999, 180.0, 45.0, 59.99999999999999, 180.0, -135.0, 150.0, -59.99999999999999, 45.0, 45.0, 180.0, 59.99999999999999, 59.99999999999999, -59.99999999999999, -119.99999999999999, 135.0, -75.0, 150.0, 59.99999999999999, -59.99999999999999, 115.0, -59.99999999999999, -59.99999999999999, -59.99999999999999, -14.999999999999998, -59.99999999999999, -59.99999999999999]",3.1868133267532883,212.32353858138882,-115.2751399470925,-76.85009329806167,16.732627198305906,0.0,46.72351950534537,-12.40802675319624,0.0,-7.974142421094109,0.5883034516246725,0.5883034516246725,0.0,0.0,0.8774467309775533,0.3850759825050425,1.0,33.88396112526784,13.477659387676487,51.58201392398069,143.89749294203523,6.298349964207839,4.678075366496456,2.4857834512212946,5.508595556037851,4.848916770784997,False
134,143.98888283687128,10,"[-90.0, -45.0, -59.99999999999999, 180.0, 90.0, 45.0, -59.99999999999999, 180.0, 45.0, 59.99999999999999, 180.0, -165.0, 105.00000000000001, 59.99999999999999, -59.99999999999999, 145.0, 59.99999999999999, 29.999999999999996, 14.999999999999998, 59.99999999999999, -135.0, 135.0, 59.99999999999999, 45.0, 180.0, -59.99999999999999, 115.0, -59.99999999999999, -59.99999999999999, -90.0, -75.0, 180.0, 59.99999999999999]",16.623261301255276,58.36998247694866,-46.429611700511984,-30.953074467007987,17.452640316178957,0.0,118.84143196228632,-12.80800338298022,-3.6833286346518124,-4.965792952131881,0.5883034504779852,0.5883034504779852,0.0,0.0,0.9663088124231176,0.5589710592554595,1.0,42.29501408571162,19.563987073941085,60.51567213917832,143.98888283687128,3.6766371013286863,4.369982659063782,3.3898051535045712,5.508595556037851,4.848916770784997,False
135,144.13949429825254,10,"[-90.0, -45.0, -59.99999999999999, 180.0, 90.0, 45.0, -59.99999999999999, 180.0, 45.0, 59.99999999999999, 180.0, -135.0, 150.0, -59.99999999999999, 45.0, 45.0, 180.0, 59.99999999999999, 59.99999999999999, -59.99999999999999, -119.99999999999999, 135.0, -75.0, 150.0, 59.99999999999999, -75.0, 105.00000000000001, 180.0, -59.99999999999999, -90.0, -75.0, 180.0, 59.99999999999999]",12.278375898078885,194.48586809896892,-115.2751399470925,-76.85009329806167,17.144657314646565,0.0,55.129843702786786,-13.207980012764175,0.0,-7.004434207996597,0.5883034516246725,0.5883034516246725,0.0,0.0,0.8877426446759197,0.38585558552040855,1.0,33.95381506677119,13.504945493214299,51.691311919692886,144.13949429825254,7.067059405260623,4.745249525886902,2.526194486698392,5.508595556037851,4.848916770784997,False
136,144.64397590124995,10,"[-90.0, -45.0, -59.99999999999999, 180.0, 90.0, 45.0, -59.99999999999999, 180.0, 45.0, 59.99999999999999, 180.0, -135.0, 150.0, -59.99999999999999, 45.0, 45.0, 180.0, 59.99999999999999, 59.99999999999999, -59.99999999999999, -135.0, 135.0, -45.0, 160.0, 180.0, -90.0, 105.00000000000001, -59.99999999999999, -59.99999999999999, -59.99999999999999, -14.999999999999998, -59.99999999999999, -59.99999999999999]",0.6682190025161685,146.8373863077129,-115.2751399470925,-76.85009329806167,20.985872817787637,0.0,113.30620096699498,-15.407562169765262,0.0,-7.059304528528656,0.5883034516246725,0.5883034516246725,0.0,0.0,0.915245375868564,0.4064352984727902,1.0,37.76095756004161,14.225235446547657,57.64240440950363,144.64397590124995,5.865573249162509,4.494470636971433,2.6997317600560278,5.508595556037851,4.848916770784997,False
137,145.54461869293112,10,"[-90.0, -45.0, -59.99999999999999, 180.0, 90.0, 45.0, -59.99999999999999, 180.0, 45.0, 59.99999999999999, 180.0, -135.0, 150.0, -59.99999999999999, 45.0, 45.0, 180.0, 59.99999999999999, 59.99999999999999, -59.99999999999999, -119.99999999999999, 135.0, -45.0, 160.0, 180.0, -75.0, 115.0, 180.0, -59.99999999999999, -90.0, -75.0, 180.0, 59.99999999999999]",2.0844060028094678,117.01199940131467,-115.2751399470925,-76.85009329806167,17.015521113547894,0.0,147.55901927926817,-16.207515429333196,0.0,-7.231975179208066,0.5883034516246725,0.5883034516246725,0.0,0.0,0.9324606064061676,0.4362433229132984,1.0,39.08614113788458,15.268516301965445,56.89677536301025,145.54461869293112,6.1456633802236995,4.560853642489402,2.7491641293206386,5.508595556037851,4.848916770784997,False
138,145.79638576540893,10,"[-90.0, -45.0, -59.99999999999999, 180.0, 90.0, 45.0, -59.99999999999999, 180.0, 45.0, 59.99999999999999, 180.0, -135.0, 150.0, -59.99999999999999, 45.0, 45.0, 180.0, 59.99999999999999, 59.99999999999999, -59.99999999999999, -105.00000000000001, 175.0, -90.0, 160.0, 180.0, -90.0, 119.99999999999999, 180.0, 59.99999999999999, -150.0, 105.00000000000001, -59.99999999999999, 59.99999999999999]",22.643228037478753,202.22266186694253,-115.2751399470925,-76.85009329806167,15.19451159624199,0.0,41.621611081735246,-15.807538799549226,0.0,-5.3912515219725625,0.5883034516246725,0.5883034516246725,0.0,0.0,0.8832769628473637,0.388324821751373,1.0,34.95108852845237,13.591368761298055,51.9423011375165,145.79638576540893,7.628061467038899,4.796590545357496,2.7941163457377693,5.508595556037851,4.848916770784997,False
139,146.23123961168662,10,"[-90.0, -45.0, -59.99999999999999, 180.0, 90.0, 45.0, -59.99999999999999, 180.0, 45.0, 59.99999999999999, 180.0, -135.0, 150.0, -59.99999999999999, 45.0, 45.0, 180.0, 59.99999999999999, 59.99999999999999, -59.99999999999999, -135.0, 119.99999999999999, -75.0, 150.0, 59.99999999999999, -45.0, 145.0, 180.0, -59.99999999999999, -59.99999999999999, -14.999999999999998, -59.99999999999999, -59.99999999999999]",2.2524937627240753,214.55160206075988,-115.2751399470925,-76.85009329806167,17.702607818643852,0.0,47.47641513831829,-12.808003382980209,0.0,-8.257039290311429,0.5883034516246725,0.5883034516246725,0.0,0.0,0.8761606914512208,0.387778714716688,1.0,33.77180401074622,13.57225501508408,52.21533940409972,146.23123961168662,6.171192038499277,4.652666029781473,2.412203038354482,5.508595556037851,4.848916770784997,False
140,146.72445165472809,10,"[-90.0, -45.0, -59.99999999999999, 180.0, 90.0, 45.0, -59.99999999999999, 180.0, 45.0, 59.99999999999999, 180.0, -135.0, 150.0, -59.99999999999999, 45.0, 45.0, 180.0, 59.99999999999999, 59.99999999999999, -59.99999999999999, -119.99999999999999, 135.0, -59.99999999999999, 115.0, 59.99999999999999, -45.0, 145.0, 180.0, -59.99999999999999, -105.00000000000001, 105.00000000000001, 59.99999999999999, -59.99999999999999]",8.105253288583068,169.41003486663365,-115.2751399470925,-76.85009329806167,18.93242080446312,0.0,82.74077742344414,-12.808003382980209,0.0,-4.969194849947868,0.5883034516246725,0.5883034516246725,0.0,0.0,0.9022164300914091,0.392754688210038,1.0,36.066487607279946,13.74641408735133,54.89124056756323,146.72445165472809,6.77320487656803,4.5745661384888985,2.756141438762126,5.508595556037851,4.848916770784997,False
141,146.77199684533204,10,"[-90.0, -45.0, -59.99999999999999, 180.0, 90.0, 45.0, -59.99999999999999, 180.0, 45.0, 59.99999999999999, 180.0, -135.0, 150.0, -59.99999999999999, 45.0, 45.0, 180.0, 59.99999999999999, 59.99999999999999, -59.99999999999999, -135.0, 119.99999999999999, -45.0, 160.0, 180.0, -90.0, 105.00000000000001, -59.99999999999999, -59.99999999999999, -150.0, 105.00000000000001, -59.99999999999999, 59.99999999999999]",3.6699653204009857,142.98457609555254,-115.2751399470925,-76.85009329806167,20.468460213474025,0.0,114.72402432643902,-15.40756216976526,0.0,-4.980630445301446,0.5883034516246725,0.5883034516246725,0.0,0.0,0.9174692201468673,0.39747520377788964,1.0,36.403218974570585,13.911632132226137,55.1609825983136,146.77199684533204,6.3567339517494315,4.5734460368672085,2.597634946257271,5.508595556037851,4.848916770784997,False
142,147.37912768919202,10,"[-90.0, -45.0, -59.99999999999999, 180.0, 90.0, 45.0, -59.99999999999999, 180.0, 45.0, 59.99999999999999, 180.0, -135.0, 150.0, -59.99999999999999, 45.0, 45.0, 180.0, 59.99999999999999, 59.99999999999999, -59.99999999999999, -135.0, 135.0, -45.0, 160.0, 180.0, -90.0, 105.00000000000001, -59.99999999999999, -59.99999999999999, 59.99999999999999, 29.999999999999996, -59.99999999999999, -59.99999999999999]",0.6682190025161685,163.21874218613243,-115.2751399470925,-76.85009329806167,20.866295341362772,0.0,98.34542864770556,-15.407562169765262,0.0,-5.625158823291826,0.5883034516246725,0.5883034516246725,0.0,0.0,0.9057900478002121,0.4154691790425972,1.0,36.704256455214114,14.541421266490904,56.375791561459316,147.37912768919202,5.865573249162509,4.494470636971433,2.6997317600560278,5.508595556037851,4.848916770784997,False
143,147.42128752553447,10,"[-90.0, -45.0, -59.99999999999999, 180.0, 90.0, 45.0, -59.99999999999999, 180.0, 45.0, 59.99999999999999, 180.0, -135.0, 150.0, -59.99999999999999, 45.0, 45.0, 180.0, 59.99999999999999, 59.99999999999999, -59.99999999999999, -135.0, 119.99999999999999, -45.0, 160.0, 180.0, -75.0, 105.00000000000001, 180.0, -59.99999999999999, -90.0, -75.0, 180.0, 59.99999999999999]",0.002656862174502833,94.75813227756692,-115.2751399470925,-76.85009329806167,19.676481715242407,0.0,172.33106761404272,-16.207515429333196,-1.9895140293581894,-6.463184989332878,0.5883034516246725,0.5883034516246725,0.0,0.0,0.9453055513549398,0.4006774073437071,1.0,39.344819130210595,14.023709257029749,58.21561989142311,147.42128752553447,5.476948483023875,4.491244118535086,2.552305694713192,5.508595556037851,4.848916770784997,False
144,147.71426772699346,10,"[-90.0, -45.0, -59.99999999999999, 180.0, 90.0, 45.0, -59.99999999999999, 180.0, 45.0, 59.99999999999999, 180.0, -135.0, 150.0, -59.99999999999999, 45.0, 45.0, 180.0, 59.99999999999999, 59.99999999999999, -59.99999999999999, -119.99999999999999, 135.0, -75.0, 150.0, 59.99999999999999, -75.0, 105.00000000000001, 180.0, -59.99999999999999, -150.0, 105.00000000000001, -59.99999999999999, 59.99999999999999]",12.278375898078885,200.28188978043377,-115.2751399470925,-76.85009329806167,17.162095373951782,0.0,51.15540053752409,-12.808003382980207,0.0,-5.668653984547023,0.5883034516246725,0.5883034516246725,0.0,0.0,0.8843971776159112,0.385269711423393,1.0,33.637083490619396,13.484439899818755,50.965066089636714,147.71426772699346,7.067059405260623,4.745249525886902,2.526194486698392,5.508595556037851,4.848916770784997,False
145,148.7486870148426,10,"[-90.0, -45.0, -59.99999999999999, 180.0, 90.0, 45.0, -59.99999999999999, 180.0, 45.0, 59.99999999999999, 180.0, -135.0, 150.0, -59.99999999999999, 45.0, 45.0, 180.0, 59.99999999999999, 59.99999999999999, -59.99999999999999, -135.0, 135.0, -75.0, 150.0, 59.99999999999999, -75.0, 105.00000000000001, 180.0, -59.99999999999999, -90.0, -75.0, 180.0, 59.99999999999999]",4.057453041555995,152.9639166301013,-115.2751399470925,-76.85009329806167,19.395917237546357,0.0,107.41839450161537,-13.207980012764175,0.0,-7.192177887744397,0.5883034516246725,0.5883034516246725,0.0,0.0,0.9117091390302445,0.39802262567960106,1.0,36.23928133960418,13.930791898786037,54.757824975774106,148.7486870148426,6.40082773509212,4.625412934509172,2.4965069062240524,5.508595556037851,4.848916770784997,False
146,148.90366917412194,10,"[-90.0, -45.0, -59.99999999999999, 180.0, 90.0, 45.0, -59.99999999999999, 180.0, 45.0, 59.99999999999999, 180.0, -165.0, 105.00000000000001, 59.99999999999999, -59.99999999999999, 145.0, 59.99999999999999, 29.999999999999996, 14.999999999999998, 59.99999999999999, -119.99999999999999, 135.0, 59.99999999999999, 45.0, 180.0, -90.0, 119.99999999999999, 180.0, 59.99999999999999, -150.0, 105.00000000000001, -59.99999999999999, 59.99999999999999]",7.524554179594558,143.00681335842813,-40.465631421094756,-26.97708761406317,16.195487939677207,0.0,38.66918763223222,-12.808003382980218,0.0,-3.8070425822131835,0.5883034504779852,0.5883034504779852,0.0,0.0,0.9174563847859,0.5593520913104524,1.0,36.364322814943606,19.577323195865834,52.89013575128401,148.90366917412194,6.726748073533809,4.726853093661284,3.5447467244290713,5.508595556037851,4.848916770784997,False
147,149.4069939430787,10,"[-90.0, -45.0, -59.99999999999999, 180.0, 90.0, 45.0, -59.99999999999999, 180.0, 45.0, 59.99999999999999, 180.0, -135.0, 150.0, -59.99999999999999, 45.0, 45.0, 180.0, 59.99999999999999, 59.99999999999999, -59.99999999999999, -135.0, 119.99999999999999, -45.0, 160.0, 180.0, -59.99999999999999, 115.0, -59.99999999999999, -59.99999999999999, -59.99999999999999, -14.999999999999998, -59.99999999999999, -59.99999999999999]",3.0255254008765813,117.54063747024907,-115.2751399470925,-76.85009329806167,18.871281595787273,0.0,147.49684134382926,-15.407562169765262,0.0,-7.432893202430391,0.5883034516246725,0.5883034516246725,0.0,0.0,0.9321554762076485,0.40219299395607655,1.0,39.57600954433505,14.07675478846268,58.88870981135436,149.4069939430787,4.722114995532555,4.422921538324989,2.5585925715608027,5.508595556037851,4.848916770784997,False
148,149.4775410653428,10,"[-90.0, -45.0, -59.99999999999999, 180.0, 90.0, 45.0, -59.99999999999999, 180.0, 45.0, 59.99999999999999, 180.0, -165.0, 105.00000000000001, 59.99999999999999, -59.99999999999999, 145.0, 59.99999999999999, 29.999999999999996, 14.999999999999998, 59.99999999999999, -135.0, 119.99999999999999, 75.0, 75.0, 59.99999999999999, -90.0, 105.00000000000001, -59.99999999999999, -59.99999999999999, -150.0, 105.00000000000001, -59.99999999999999, 59.99999999999999]",6.122746976348882,42.33993492324083,-43.928321864419495,-29.285547909612998,17.053816806783292,0.0,142.89112934480895,-9.40849133662723,-3.766119062482413,-2.415458172787983,0.5883034504779852,0.5883034504779852,0.0,0.0,0.9755613651236706,0.6360784089632869,1.0,41.56088441273229,22.262744313715043,56.043092869422686,149.4775410653428,4.393406400131568,4.496462834411424,3.307050222312434,5.508595556037851,4.848916770784997,False
149,149.5039269484113,10,"[-90.0, -45.0, -59.99999999999999, 180.0, 90.0, 45.0, -59.99999999999999, 180.0, 45.0, 59.99999999999999, 180.0, -135.0, 150.0, -59.99999999999999, 45.0, 45.0, 180.0, 29.999999999999996, 14.999999999999998, 59.99999999999999, -90.0, 130.0, 59.99999999999999, 45.0, 180.0, -45.0, 145.0, 180.0, -59.99999999999999, -105.00000000000001, 105.00000000000001, 59.99999999999999, -59.99999999999999]",35.486137061193716,152.69900504717907,-134.4562315666949,-89.63748771112992,17.141690203019774,0.0,94.80349639632803,-12.808003382980221,0.0,-3.950470261258864,0.5883034516246725,0.5883034516246725,0.0,0.0,0.9118620461488144,0.38415364403739966,1.0,37.0690783951715,13.445377541308988,53.533125049948566,149.5039269484113,8.164062201270598,4.49511858043095,3.6459037395307656,5.508595556037851,4.848916770784997,False
150,149.63330486850984,10,"[-90.0, -45.0, -59.99999999999999, 180.0, 90.0, 45.0, -59.99999999999999, 180.0, 45.0, 59.99999999999999, 180.0, -135.0, 150.0, -59.99999999999999, 45.0, 45.0, 180.0, 59.99999999999999, 59.99999999999999, -59.99999999999999, -135.0, 135.0, -90.0, 160.0, 180.0, -75.0, 105.00000000000001, 180.0, -59.99999999999999, -90.0, -75.0, 180.0, 59.99999999999999]",10.161851318206654,206.76233003702163,-115.2751399470925,-76.85009329806167,17.793773704869967,0.0,53.478075080880856,-16.207515429333196,0.0,-7.668373347668248,0.5883034516246725,0.5883034516246725,0.0,0.0,0.8806566637592949,0.38947937968113655,1.0,34.163374202354554,13.63177828883978,52.2359977032673,149.63330486850984,6.9256122416847195,4.73367631795977,2.4349119901801783,5.508595556037851,4.848916770784997,False
151,150.20149775283076,10,"[-90.0, -45.0, -59.99999999999999, 180.0, 90.0, 45.0, -59.99999999999999, 180.0, 45.0, 59.99999999999999, 180.0, -135.0, 150.0, -59.99999999999999, 45.0, 45.0, 180.0, 59.99999999999999, 59.99999999999999, -59.99999999999999, -135.0, 119.99999999999999, -45.0, 160.0, 180.0, -90.0, 105.00000000000001, -59.99999999999999, -59.99999999999999, -90.0, -75.0, 180.0, 59.99999999999999]",3.6699653204009857,124.90170003868229,-115.2751399470925,-76.85009329806167,20.475085276506555,0.0,137.965533081009,-15.807538799549228,0.0,-6.316410668751019,0.5883034516246725,0.5883034516246725,0.0,0.0,0.9279066666443392,0.39897617333354146,1.0,37.39925958268784,13.96416606667395,56.34136578827499,150.20149775283076,6.3567339517494315,4.5734460368672085,2.597634946257271,5.508595556037851,4.848916770784997,False
152,150.65874926296354,10,"[-90.0, -45.0, -59.99999999999999, 180.0, 90.0, 45.0, -59.99999999999999, 180.0, 45.0, 59.99999999999999, 180.0, -135.0, 150.0, -59.99999999999999, 45.0, 45.0, 180.0, 29.999999999999996, 14.999999999999998, 59.99999999999999, -75.0, 145.0, -45.0, 160.0, 180.0, -75.0, 105.00000000000001, 180.0, -59.99999999999999, -90.0, -75.0, 180.0, 59.99999999999999]",11.81315967231205,138.66962833140204,-115.2751399470925,-76.85009329806167,14.918472264578748,0.0,117.6338654353869,-13.207980012764187,0.0,-4.481559932484215,0.5883034516246725,0.5883034516246725,0.0,0.0,0.9199598104869252,0.38471629952006325,1.0,39.57209300507187,13.465070483202213,61.34546143813148,150.65874926296354,3.962914467421409,4.593955879882737,2.483099179767458,5.508595556037851,4.848916770784997,False
153,151.45477291106891,10,"[-90.0, -45.0, -59.99999999999999, 180.0, 90.0, 45.0, -59.99999999999999, 180.0, 45.0, 59.99999999999999, 180.0, -165.0, 105.00000000000001, 59.99999999999999, -59.99999999999999, 145.0, 59.99999999999999, 29.999999999999996, 14.999999999999998, 59.99999999999999, -135.0, 119.99999999999999, 59.99999999999999, 45.0, 180.0, -75.0, 115.0, 180.0, -59.99999999999999, -150.0, 105.00000000000001, -59.99999999999999, 59.99999999999999]",19.658956253821415,36.36953280816993,-56.90483116823731,-37.936554112158205,17.543924776010247,0.0,150.1046916807943,-12.80800338298022,0.0,-3.0978015069874134,0.5883034504779852,0.5883034504779852,0.0,0.0,0.9790074846706089,0.6262265748684582,1.0,44.6726434660072,21.91793012039604,60.77033281291802,151.45477291106891,3.517125508065555,4.326053980757025,3.4514712768753144,5.508595556037851,4.848916770784997,False
154,151.55633704560552,10,"[-90.0, -45.0, -59.99999999999999, 180.0, 90.0, 45.0, -59.99999999999999, 180.0, 45.0, 59.99999999999999, 180.0, -135.0, 150.0, -59.99999999999999, 45.0, 45.0, 180.0, 59.99999999999999, 59.99999999999999, -59.99999999999999, -119.99999999999999, 135.0, -75.0, 150.0, 59.99999999999999, -59.99999999999999, 115.0, -59.99999999999999, -59.99999999999999, -105.00000000000001, 105.00000000000001, 59.99999999999999, -59.99999999999999]",3.1868133267532883,223.2634582041696,-115.2751399470925,-76.85009329806167,16.77756138009094,0.0,40.75171421541962,-12.40802675319624,0.0,-5.32834683216387,0.5883034516246725,0.5883034516246725,0.0,0.0,0.8711322030567564,0.3844485472554202,1.0,33.51656360600766,13.455699153939708,51.081953128112126,151.55633704560552,6.298349964207839,4.678075366496456,2.4857834512212946,5.508595556037851,4.848916770784997,False
155,151.78751047431393,10,"[-90.0, -45.0, -59.99999999999999, 180.0, 90.0, 45.0, -59.99999999999999, 180.0, 45.0, 59.99999999999999, 180.0, -135.0, 150.0, -59.99999999999999, 45.0, 45.0, 180.0, 59.99999999999999, 59.99999999999999, -59.99999999999999, -119.99999999999999, 135.0, -75.0, 150.0, 59.99999999999999, -75.0, 115.0, 180.0, -59.99999999999999, -90.0, -75.0, 180.0, 59.99999999999999]",13.362217039258173,199.04822005699486,-115.2751399470925,-76.85009329806167,17.136627143619766,0.0,57.67558724096002,-13.207980012764175,0.0,-7.540324498286916,0.5883034516246725,0.5883034516246725,0.0,0.0,0.8851092524923551,0.38627024081037764,1.0,33.77046938217991,13.519458428363217,51.61321445137232,151.78751047431393,7.134760963520855,4.758783027684934,2.5420659315804457,5.508595556037851,4.848916770784997,False
156,151.91945158531922,10,"[-90.0, -45.0, -59.99999999999999, 180.0, 90.0, 45.0, -59.99999999999999, 180.0, 45.0, 59.99999999999999, 180.0, -135.0, 150.0, -59.99999999999999, 45.0, 45.0, 180.0, 59.99999999999999, 59.99999999999999, -59.99999999999999, -135.0, 119.99999999999999, -75.0, 150.0, 59.99999999999999, -75.0, 75.0, -59.99999999999999, 59.99999999999999, -90.0, -75.0, 180.0, 59.99999999999999]",18.329325857837485,213.30404635895908,-115.2751399470925,-76.85009329806167,17.34416401959258,0.0,35.68022305197905,-12.808003382980203,0.0,-5.243467824600961,0.5883034516246725,0.5883034516246725,0.0,0.0,0.8768807813223901,0.38615347303205605,1.0,34.35183958786679,13.515371556121961,52.151186345177955,151.91945158531922,7.414644920492439,4.6952754621516135,2.4950428925572927,5.508595556037851,4.848916770784997,False
157,151.93033599056864,10,"[-90.0, -45.0, -59.99999999999999, 180.0, 90.0, 45.0, -59.99999999999999, 180.0, 45.0, 59.99999999999999, 180.0, -135.0, 150.0, -59.99999999999999, 45.0, 45.0, 180.0, 59.99999999999999, 59.99999999999999, -59.99999999999999, -105.00000000000001, 175.0, -105.00000000000001, 165.0, 180.0, -90.0, 119.99999999999999, 180.0, 59.99999999999999, -150.0, 105.00000000000001, -59.99999999999999, 59.99999999999999]",20.19439161283968,223.6038119734421,-115.2751399470925,-76.85009329806167,15.244546338147488,0.0,29.26224851261417,-15.807538799549226,0.0,-5.880287151457756,0.5883034516246725,0.5883034516246725,0.0,0.0,0.87093575066468,0.38480158790398195,1.0,33.98677488973714,13.468055576639369,50.57858753843285,151.93033599056864,7.509696077163892,4.863658871716324,2.645710704672761,5.508595556037851,4.848916770784997,False
158,152.2145938851146,10,"[-90.0, -45.0, -59.99999999999999, 180.0, 90.0, 45.0, -59.99999999999999, 180.0, 45.0, 59.99999999999999, 180.0, -165.0, 105.00000000000001, 59.99999999999999, -59.99999999999999, 145.0, 59.99999999999999, 29.999999999999996, 14.999999999999998, 59.99999999999999, -119.99999999999999, 135.0, 59.99999999999999, 45.0, 180.0, -45.0, 145.0, 180.0, -59.99999999999999, -59.99999999999999, -14.999999999999998, -59.99999999999999, -59.99999999999999]",1.787766774154569,154.81844495129312,-40.465631421094756,-26.97708761406317,16.18492777807772,0.0,39.313331516630704,-12.808003382980221,-1.5884494598132863,-5.616096321631238,0.5883034504779852,0.5883034504779852,0.0,0.0,0.9106387042128178,0.524321568236117,1.0,36.14156205038234,18.351254888264094,54.736670137759866,152.2145938851146,4.9020423469584875,4.582461720077931,3.5323052215697657,5.508595556037851,4.848916770784997,False
159,152.35081167760873,10,"[-90.0, -45.0, -59.99999999999999, 180.0, 90.0, 45.0, -59.99999999999999, 180.0, 45.0, 59.99999999999999, 180.0, -165.0, 105.00000000000001, 59.99999999999999, -59.99999999999999, 145.0, 59.99999999999999, 29.999999999999996, 14.999999999999998, 59.99999999999999, -119.99999999999999, 135.0, 59.99999999999999, 45.0, 180.0, -75.0, 115.0, 180.0, -59.99999999999999, -90.0, -75.0, 180.0, 59.99999999999999]",1.3334571880628976,143.45810039636345,-40.465631421094756,-26.97708761406317,16.480128109066996,0.0,48.83091559751818,-13.207980012764187,0.0,-4.666481630021856,0.5883034504779852,0.5883034504779852,0.0,0.0,0.9171959016471206,0.5264808345070832,1.0,36.78117342643596,18.42682920774791,53.819778930311756,152.35081167760873,6.0164217633026125,4.664734906721851,3.487792808179047,5.508595556037851,4.848916770784997,False
160,152.41395511992226,10,"[-90.0, -45.0, -59.99999999999999, 180.0, 90.0, 45.0, -59.99999999999999, 180.0, 45.0, 59.99999999999999, 180.0, -135.0, 150.0, -59.99999999999999, 45.0, 45.0, 180.0, 59.99999999999999, 59.99999999999999, -59.99999999999999, -135.0, 135.0, -75.0, 150.0, 59.99999999999999, -75.0, 105.00000000000001, 180.0, -59.99999999999999, -150.0, 105.00000000000001, -59.99999999999999, 59.99999999999999]",4.057453041555995,155.6557475182187,-115.2751399470925,-76.85009329806167,19.430466950640508,0.0,106.62152515224994,-12.808003382980207,0.0,-5.856397664294824,0.5883034516246725,0.5883034516246725,0.0,0.0,0.9101554126878969,0.39758821260390476,1.0,36.0007411782232,13.915587441136667,54.236170271073156,152.41395511992226,6.40082773509212,4.625412934509172,2.4965069062240524,5.508595556037851,4.848916770784997,False
161,152.8643113653847,10,"[-90.0, -45.0, -59.99999999999999, 180.0, 90.0, 45.0, -59.99999999999999, 180.0, 45.0, 59.99999999999999, 180.0, -135.0, 150.0, -59.99999999999999, 45.0, 45.0, 180.0, 59.99999999999999, 59.99999999999999, -59.99999999999999, -119.99999999999999, 135.0, -45.0, 160.0, 180.0, -75.0, 115.0, 180.0, -59.99999999999999, 59.99999999999999, 29.999999999999996, -59.99999999999999, -59.99999999999999]",2.0844060028094678,239.78094346117132,-115.2751399470925,-76.85009329806167,16.469495801331526,0.0,31.143921149505633,-15.80753879954923,0.0,-6.120079754416203,0.5883034516246725,0.5883034516246725,0.0,0.0,0.861598301032513,0.3914993093855465,1.0,33.32296505202518,13.702475828494128,52.237436067418486,152.8643113653847,6.1456633802236995,4.560853642489402,2.7491641293206386,5.508595556037851,4.848916770784997,False
162,153.1561733490194,10,"[-90.0, -45.0, -59.99999999999999, 180.0, 90.0, 45.0, -59.99999999999999, 180.0, 45.0, 59.99999999999999, 180.0, -135.0, 150.0, -59.99999999999999, 45.0, 45.0, 180.0, 29.999999999999996, 14.999999999999998, 59.99999999999999, -90.0, 130.0, 59.99999999999999, 45.0, 180.0, -45.0, 145.0, 180.0, -59.99999999999999, -150.0, 105.00000000000001, -59.99999999999999, 59.99999999999999]",35.486137061193716,118.3355734828814,-134.4562315666949,-89.63748771112992,17.193165806139614,0.0,133.75546384314967,-12.80800338298022,0.0,-4.938235346294562,0.5883034516246725,0.5883034516246725,0.0,0.0,0.9316966386823196,0.3905854864324387,1.0,39.187835216975486,13.670492025135355,55.24061987693449,153.1561733490194,8.164062201270598,4.49511858043095,3.6459037395307656,5.508595556037851,4.848916770784997,False
163,153.39674464264837,10,"[-90.0, -45.0, -59.99999999999999, 180.0, 90.0, 45.0, -59.99999999999999, 180.0, 45.0, 59.99999999999999, 180.0, -165.0, 105.00000000000001, 59.99999999999999, -59.99999999999999, 145.0, 59.99999999999999, 29.999999999999996, 14.999999999999998, 59.99999999999999, -119.99999999999999, 135.0, 59.99999999999999, 45.0, 180.0, -45.0, 145.0, 180.0, -59.99999999999999, -90.0, -75.0, 180.0, 59.99999999999999]",1.787766774154569,156.67163899505474,-40.465631421094756,-26.97708761406317,16.34257397769089,0.0,38.56236838012869,-13.207980012764187,-1.5884494598132863,-5.293846041186271,0.5883034504779852,0.5883034504779852,0.0,0.0,0.909569039541094,0.5238824557544928,1.0,36.116401079138605,18.335885951407246,55.09751849615003,153.39674464264837,4.9020423469584875,4.582461720077931,3.5323052215697657,5.508595556037851,4.848916770784997,False
164,153.47030745541252,10,"[-90.0, -45.0, -59.99999999999999, 180.0, 90.0, 45.0, -59.99999999999999, 180.0, 45.0, 59.99999999999999, 180.0, -135.0, 150.0, -59.99999999999999, 45.0, 45.0, 180.0, 59.99999999999999, 59.99999999999999, -59.99999999999999, -119.99999999999999, 135.0, -45.0, 160.0, 180.0, -90.0, 105.00000000000001, -59.99999999999999, -59.99999999999999, -105.00000000000001, 105.00000000000001, 59.99999999999999, -59.99999999999999]",8.789873530011079,222.35971515507083,-115.2751399470925,-76.85009329806167,17.01726830667832,0.0,39.62361438873601,-15.407562169765262,0.0,-4.225765259850618,0.5883034516246725,0.5883034516246725,0.0,0.0,0.8716538440663373,0.3871576061487109,1.0,33.56377285789713,13.550516215204881,52.289345778913166,153.47030745541252,6.825886385027848,4.6344759889892115,2.74661053010197,5.508595556037851,4.848916770784997,False
165,153.52140764253016,10,"[-90.0, -45.0, -59.99999999999999, 180.0, 90.0, 45.0, -59.99999999999999, 180.0, 45.0, 59.99999999999999, 180.0, -135.0, 150.0, -59.99999999999999, 45.0, 45.0, 180.0, 59.99999999999999, 59.99999999999999, -59.99999999999999, -119.99999999999999, 135.0, -45.0, 160.0, 180.0, -59.99999999999999, 115.0, -59.99999999999999, -59.99999999999999, -150.0, 105.00000000000001, -59.99999999999999, 59.99999999999999]",0.02082388774955465,137.68525226868795,-115.2751399470925,-76.85009329806167,16.77451145033219,0.0,135.14298129911427,-15.40756216976526,0.0,-6.007762598120719,0.5883034516246725,0.5883034516246725,0.0,0.0,0.9205279929185063,0.40268046017859394,1.0,40.854162912438866,14.093816106250788,60.362263397264385,153.52140764253016,5.435464912257665,4.476252607718327,2.7625670351793405,5.508595556037851,4.848916770784997,False
166,153.78836790669038,10,"[-90.0, -45.0, -59.99999999999999, 180.0, 90.0, 45.0, -59.99999999999999, 180.0, 45.0, 59.99999999999999, 180.0, -135.0, 150.0, -59.99999999999999, 45.0, 45.0, 180.0, 59.99999999999999, 59.99999999999999, -59.99999999999999, -135.0, 119.99999999999999, -45.0, 160.0, 180.0, -75.0, 105.00000000000001, 180.0, -59.99999999999999, 59.99999999999999, 29.999999999999996, -59.99999999999999, -59.99999999999999]",0.002656862174502833,188.81427697997097,-115.2751399470925,-76.85009329806167,19.380765603257668,0.0,81.43633332084532,-15.80753879954923,0.0,-5.351289564541014,0.5883034516246725,0.5883034516246725,0.0,0.0,0.8910162903434511,0.3990238495952931,1.0,35.41426627714329,13.965834735835257,54.90190602857777,153.78836790669038,5.476948483023875,4.491244118535086,2.552305694713192,5.508595556037851,4.848916770784997,False
167,154.47313960706438,10,"[-90.0, -45.0, -59.99999999999999, 180.0, 90.0, 45.0, -59.99999999999999, 180.0, 45.0, 59.99999999999999, 180.0, -135.0, 150.0, -59.99999999999999, 45.0, 45.0, 180.0, 59.99999999999999, 59.99999999999999, -59.99999999999999, -135.0, 135.0, -45.0, 160.0, 180.0, -75.0, 115.0, 180.0, -59.99999999999999, -90.0, -75.0, 180.0, 59.99999999999999]",0.6428785635466914,77.42483315894735,-115.2751399470925,-76.85009329806167,20.200424348946736,0.0,194.51907431938048,-16.207515429333196,0.0,-7.419718858955867,0.5883034516246725,0.5883034516246725,0.0,0.0,0.9553103416109973,0.44851750271225754,1.0,42.043638151263565,15.698112594929015,61.46102609481036,154.47313960706438,5.14142544330455,4.424359901967266,2.699386706666084,5.508595556037851,4.848916770784997,False
168,154.62688615919743,10,"[-90.0, -45.0, -59.99999999999999, 180.0, 90.0, 45.0, -59.99999999999999, 180.0, 45.0, 59.99999999999999, 180.0, -165.0, 105.00000000000001, 59.99999999999999, -59.99999999999999, 145.0, 59.99999999999999, 29.999999999999996, 14.999999999999998, 59.99999999999999, -119.99999999999999, 135.0, 59.99999999999999, 45.0, 180.0, -75.0, 75.0, -59.99999999999999, 59.99999999999999, -150.0, 105.00000000000001, -59.99999999999999, 59.99999999999999]",1.661627940184378,141.60373975568172,-40.465631421094756,-26.97708761406317,16.070468613424552,0.0,48.843149206190986,-12.40802675319625,0.0,-1.2667446324711975,0.5883034504779852,0.5883034504779852,0.0,0.0,0.9182662396792602,0.5854776409062049,1.0,36.24127383015801,20.491717431717174,52.92816894549146,154.62688615919743,6.076476875543916,4.636743065731283,3.397662724568792,5.508595556037851,4.848916770784997,False
169,154.81258409077762,10,"[-90.0, -45.0, -59.99999999999999, 180.0, 90.0, 45.0, -59.99999999999999, 180.0, 45.0, 59.99999999999999, 180.0, -135.0, 150.0, -59.99999999999999, 45.0, 45.0, 180.0, 59.99999999999999, 59.99999999999999, -59.99999999999999, -135.0, 135.0, -75.0, 150.0, 59.99999999999999, -75.0, 115.0, 180.0, -59.99999999999999, -90.0, -75.0, 180.0, 59.99999999999999]",4.464938944002103,157.99676666598265,-115.2751399470925,-76.85009329806167,19.38657055584703,0.0,108.58719261121252,-13.207980012764175,0.0,-7.728068178034716,0.5883034516246725,0.5883034516246725,0.0,0.0,0.9088041750845699,0.39834583303251675,1.0,36.0868949996831,13.942104156138086,54.71263635305539,154.81258409077762,6.444980311329512,4.637957628106795,2.50933241038732,5.508595556037851,4.848916770784997,False
170,155.13093561586882,10,"[-90.0, -45.0, -59.99999999999999, 180.0, 90.0, 45.0, -59.99999999999999, 180.0, 45.0, 59.99999999999999, 180.0, -135.0, 150.0, -59.99999999999999, 45.0, 45.0, 180.0, 59.99999999999999, 59.99999999999999, -59.99999999999999, -135.0, 135.0, -45.0, 160.0, 180.0, -59.99999999999999, 115.0, -59.99999999999999, -59.99999999999999, -45.0, -45.0, -59.99999999999999, 180.0]",6.2182327169870435,172.13102671623827,-115.2751399470925,-76.85009329806167,19.928304096760733,0.0,96.09754530560491,-15.407562169765262,0.0,-9.149774554489069,0.5883034516246725,0.5883034516246725,0.0,0.0,0.9006458720252593,0.43535813152223873,1.0,37.71401608155376,15.237534603278355,58.83125552720238,155.13093561586882,4.384810983107613,4.343289958095234,2.711587682789818,5.508595556037851,4.848916770784997,False
171,155.31184489054732,10,"[-90.0, -45.0, -59.99999999999999, 180.0, 90.0, 45.0, -59.99999999999999, 180.0, 45.0, 59.99999999999999, 180.0, -135.0, 150.0, -59.99999999999999, 45.0, 45.0, 180.0, 59.99999999999999, 59.99999999999999, -59.99999999999999, -135.0, 119.99999999999999, -45.0, 160.0, 180.0, -59.99999999999999, 115.0, -59.99999999999999, -59.99999999999999, -90.0, -75.0, 180.0, 59.99999999999999]",3.0255254008765813,88.23132519444749,-115.2751399470925,-76.85009329806167,19.14310996572433,0.0,183.9925914534515,-15.807538799549228,-1.4756889069501107,-7.110642921985423,0.5883034516246725,0.5883034516246725,0.0,0.0,0.9490728281705931,0.42618097660485554,1.0,41.34315226907503,14.916334181169944,60.15627261491191,155.31184489054732,4.722114995532555,4.422921538324989,2.5585925715608027,5.508595556037851,4.848916770784997,False
172,155.38441226517034,10,"[-90.0, -45.0, -59.99999999999999, 180.0, 90.0, 45.0, -59.99999999999999, 180.0, 45.0, 59.99999999999999, 180.0, -135.0, 150.0, -59.99999999999999, 45.0, 45.0, 180.0, 59.99999999999999, 59.99999999999999, -59.99999999999999, -105.00000000000001, 175.0, -59.99999999999999, 90.0, 180.0, -45.0, 145.0, 180.0, -59.99999999999999, -59.99999999999999, -14.999999999999998, -59.99999999999999, -59.99999999999999]",61.70575290188599,153.0147879642411,-115.2751399470925,-76.85009329806167,16.273965544649137,0.0,59.90916189975988,-15.80753879954923,0.0,-5.024880750348713,0.5883034516246725,0.5883034516246725,0.0,0.0,0.9116797760668162,0.416611011709631,1.0,35.12917538726173,14.581385409837084,53.79007646619055,155.38441226517034,9.012997378361845,4.582194166694072,3.38081631535604,5.508595556037851,4.848916770784997,False
173,155.55708527194128,10,"[-90.0, -45.0, -59.99999999999999, 180.0, 90.0, 45.0, -59.99999999999999, 180.0, 45.0, 59.99999999999999, 180.0, -135.0, 150.0, -59.99999999999999, 45.0, 45.0, 180.0, 59.99999999999999, 59.99999999999999, -59.99999999999999, -135.0, 135.0, -45.0, 160.0, 180.0, -45.0, 145.0, 180.0, -59.99999999999999, -75.0, 175.0, -59.99999999999999, 180.0]",5.260075584176031,156.03676750404446,-115.2751399470925,-76.85009329806167,19.657001139924112,0.0,112.2734427472634,-15.80753879954923,0.0,-7.175826408449703,0.5883034516246725,0.5883034516246725,0.0,0.0,0.9099354877321534,0.48589533106236593,1.0,38.921010447019896,17.00633658718281,59.94874644145849,155.55708527194128,4.474322118384526,4.334803037975611,2.795067185680404,5.508595556037851,4.848916770784997,False
174,155.89197624019374,10,"[-90.0, -45.0, -59.99999999999999, 180.0, 90.0, 45.0, -59.99999999999999, 180.0, 45.0, 59.99999999999999, 180.0, -135.0, 150.0, -59.99999999999999, 45.0, 45.0, 180.0, 59.99999999999999, 59.99999999999999, -59.99999999999999, -135.0, 135.0, -45.0, 160.0, 180.0, -59.99999999999999, 115.0, -59.99999999999999, -59.99999999999999, -105.00000000000001, 105.00000000000001, 59.99999999999999, -59.99999999999999]",6.2182327169870435,110.03066647612299,-115.2751399470925,-76.85009329806167,19.190034371476813,0.0,155.7551825336728,-15.407562169765262,0.0,-5.207741192832822,0.5883034516246725,0.5883034516246725,0.0,0.0,0.9364902358002176,0.42182299571960563,1.0,41.20996788325558,14.763804850186197,61.31166020752751,155.89197624019374,4.384810983107613,4.343289958095234,2.711587682789818,5.508595556037851,4.848916770784997,False
175,155.9994287489068,10,"[-90.0, -45.0, -59.99999999999999, 180.0, 90.0, 45.0, -59.99999999999999, 180.0, 45.0, 59.99999999999999, 180.0, -135.0, 150.0, -59.99999999999999, 45.0, 45.0, 180.0, 59.99999999999999, 59.99999999999999, -59.99999999999999, -135.0, 119.99999999999999, -45.0, 160.0, 180.0, -45.0, 145.0, 180.0, -59.99999999999999, -90.0, -75.0, 180.0, 59.99999999999999]",4.124740137280949,92.08789075433073,-115.2751399470925,-76.85009329806167,18.681891675159576,0.0,184.37098976544274,-16.207515429333196,-4.745291967718571,-7.6264396907876115,0.5883034516246725,0.5883034516246725,0.0,0.0,0.9468468163034166,0.4940808089415852,1.0,40.354134346994464,17.292828312955482,59.60881744989863,155.9994287489068,4.59173350416511,4.411959429929279,2.617540398879397,5.508595556037851,4.848916770784997,False
176,156.42419409180192,10,"[-90.0, -45.0, -59.99999999999999, 180.0, 90.0, 45.0, -59.99999999999999, 180.0, 45.0, 59.99999999999999, 180.0, -135.0, 150.0, -59.99999999999999, 45.0, 45.0, 180.0, 59.99999999999999, 59.99999999999999, -59.99999999999999, -135.0, 135.0, -105.00000000000001, 165.0, 180.0, 90.0, 29.999999999999996, 59.99999999999999, 59.99999999999999, 59.99999999999999, 29.999999999999996, -59.99999999999999, -59.99999999999999]",0.18089189029099909,223.6537975501173,-126.1619202257078,-84.10794681713854,15.662491746018368,0.0,66.16304611315137,-15.40756216976526,0.0,-8.254854263927749,0.5883034516246725,0.5883034516246725,0.0,0.0,0.8709068989609713,0.37193376202546513,1.0,34.33790828101269,13.01768167089128,54.82279804885491,156.42419409180192,5.309793853784375,4.43060451238519,2.8975316217423175,5.508595556037851,4.848916770784997,False
177,156.70396961235323,10,"[-90.0, -45.0, -59.99999999999999, 180.0, 90.0, 45.0, -59.99999999999999, 180.0, 45.0, 59.99999999999999, 180.0, -135.0, 150.0, -59.99999999999999, 45.0, 45.0, 180.0, 59.99999999999999, 59.99999999999999, -59.99999999999999, -105.00000000000001, 175.0, -59.99999999999999, 90.0, 180.0, -45.0, 145.0, 180.0, -59.99999999999999, -105.00000000000001, 105.00000000000001, 59.99999999999999, -59.99999999999999]",61.70575290188599,163.36609075861247,-115.2751399470925,-76.85009329806167,16.39418385149532,0.0,48.11140255679498,-15.80753879954923,0.0,-2.379085161418475,0.5883034516246725,0.5883034516246725,0.0,0.0,0.905704998119127,0.3933235102630683,1.0,35.207792138366266,13.76632285920739,53.9485926133548,156.70396961235323,9.012997378361845,4.582194166694072,3.38081631535604,5.508595556037851,4.848916770784997,False
178,157.08452551428647,10,"[-90.0, -45.0, -59.99999999999999, 180.0, 90.0, 45.0, -59.99999999999999, 180.0, 45.0, 59.99999999999999, 180.0, -135.0, 150.0, -59.99999999999999, -75.0, 75.0, 180.0, 59.99999999999999, 59.99999999999999, -59.99999999999999, -135.0, 119.99999999999999, 59.99999999999999, 45.0, 180.0, -45.0, 145.0, 180.0, -59.99999999999999, -105.00000000000001, 105.00000000000001, 59.99999999999999, -59.99999999999999]",2.193907202527013,154.46419333312988,-40.465631421094756,-26.97708761406317,15.26592408792714,0.0,43.40755267519131,-15.80753879954923,0.0,-2.562185015469562,0.5883034516246725,0.5883034516246725,0.0,0.0,0.9108431784512959,0.4276853135047091,1.0,37.620293633385494,14.96898597266482,55.58099462209877,157.08452551428647,4.8375942025424274,4.722336848469079,3.4251542225068836,5.508595556037851,4.848916770784997,False
179,157.5941349435229,10,"[-90.0, -45.0, -59.99999999999999, 180.0, 90.0, 45.0, -59.99999999999999, 180.0, 45.0, 59.99999999999999, 180.0, -135.0, 150.0, -59.99999999999999, 45.0, 45.0, 180.0, 59.99999999999999, 59.99999999999999, -59.99999999999999, -135.0, 135.0, -45.0, 160.0, 180.0, -90.0, 105.00000000000001, -59.99999999999999, -59.99999999999999, -105.00000000000001, 105.00000000000001, 59.99999999999999, -59.99999999999999]",0.6682190025161685,171.57013259157145,-115.2751399470925,-76.85009329806167,20.987489282892167,0.0,98.8762016713746,-15.407562169765262,0.0,-4.413508939598419,0.5883034516246725,0.5883034516246725,0.0,0.0,0.9009696204377654,0.405015739911711,1.0,36.66213828034972,14.175550896909886,56.85539789837999,157.5941349435229,5.865573249162509,4.494470636971433,2.6997317600560278,5.508595556037851,4.848916770784997,False
180,157.90977049308393,10,"[-90.0, -45.0, -59.99999999999999, 180.0, 90.0, 45.0, -59.99999999999999, 180.0, 45.0, 59.99999999999999, 180.0, -135.0, 150.0, -59.99999999999999, 45.0, 45.0, 180.0, 59.99999999999999, 59.99999999999999, -59.99999999999999, -119.99999999999999, 135.0, -45.0, 160.0, 180.0, -75.0, 105.00000000000001, 180.0, -59.99999999999999, -90.0, -75.0, 180.0, 59.99999999999999]",1.2148180698782858,121.49331819249441,-115.2751399470925,-76.85009329806167,17.00269784725358,0.0,155.7893731971764,-16.207515429333196,0.0,-6.6960848889177464,0.5883034516246725,0.5883034516246725,0.0,0.0,0.9298739866132788,0.4172686291976262,1.0,39.44844375362037,14.604402021916917,57.17801552052626,157.90977049308393,5.992913393990929,4.545731957504525,2.7242962245550593,5.508595556037851,4.848916770784997,False
181,158.15846619975812,10,"[-90.0, -45.0, -59.99999999999999, 180.0, 90.0, 45.0, -59.99999999999999, 180.0, 45.0, 59.99999999999999, 180.0, -135.0, 150.0, -59.99999999999999, 45.0, 45.0, 180.0, 59.99999999999999, 59.99999999999999, -59.99999999999999, -105.00000000000001, 175.0, -59.99999999999999, 90.0, 180.0, -59.99999999999999, 115.0, -59.99999999999999, -59.99999999999999, -150.0, 105.00000000000001, -59.99999999999999, 59.99999999999999]",66.04137310237763,168.355902666141,-115.2751399470925,-76.85009329806167,16.59937002230299,0.0,40.10727255182158,-15.40756216976526,0.0,-2.851053477651985,0.5883034516246725,0.5883034516246725,0.0,0.0,0.9028248758059791,0.3864353958230448,1.0,34.83642197353615,13.525238853806568,53.39781365199354,158.15846619975812,9.134319003675314,4.606764008009442,3.3230164690776873,5.508595556037851,4.848916770784997,False
182,158.19684878736368,10,"[-90.0, -45.0, -59.99999999999999, 180.0, 90.0, 45.0, -59.99999999999999, 180.0, 45.0, 59.99999999999999, 180.0, -135.0, 150.0, -59.99999999999999, 45.0, 45.0, 180.0, 59.99999999999999, 59.99999999999999, -59.99999999999999, -135.0, 135.0, -90.0, 160.0, 180.0, -75.0, 115.0, 180.0, -59.99999999999999, -90.0, -75.0, 180.0, 59.99999999999999]",10.780452838472254,215.35619274789664,-115.2751399470925,-76.85009329806167,17.779166269148696,0.0,53.37965249460566,-16.207515429333196,0.0,-8.204263637958569,0.5883034516246725,0.5883034516246725,0.0,0.0,0.8756962812421953,0.38954604271734106,1.0,33.888213467069086,13.634111495106938,52.14230520235725,158.19684878736368,6.968363227438787,4.749130673924817,2.4432219567466436,5.508595556037851,4.848916770784997,False
183,158.225132220955,10,"[-90.0, -45.0, -59.99999999999999, 180.0, 90.0, 45.0, -59.99999999999999, 180.0, 45.0, 59.99999999999999, 180.0, -135.0, 150.0, -59.99999999999999, 45.0, 45.0, 180.0, 59.99999999999999, 59.99999999999999, -59.99999999999999, -135.0, 135.0, -45.0, 160.0, 180.0, -59.99999999999999, 115.0, -59.99999999999999, -59.99999999999999, -45.0, 115.0, 59.99999999999999, 180.0]",6.2182327169870435,172.13102671623827,-115.2751399470925,-76.85009329806167,19.928304096760733,0.0,96.09754530560491,-15.407562169765262,0.0,-6.055577949402867,0.5883034516246725,0.5883034516246725,0.0,0.0,0.9006458720252593,0.43535813152223873,1.0,37.71401608155376,15.237534603278355,58.83125552720238,158.225132220955,4.384810983107613,4.343289958095234,2.711587682789818,5.508595556037851,4.848916770784997,False
184,158.26565562545596,10,"[-90.0, -45.0, -59.99999999999999, 180.0, 90.0, 45.0, -59.99999999999999, 180.0, 45.0, 59.99999999999999, 180.0, -135.0, 150.0, -59.99999999999999, 45.0, 45.0, 180.0, 59.99999999999999, 59.99999999999999, -59.99999999999999, -135.0, 135.0, -45.0, 160.0, 180.0, -59.99999999999999, 115.0, -59.99999999999999, -59.99999999999999, -45.0, 90.0, 180.0, 180.0]",6.2182327169870435,172.13102671623827,-115.2751399470925,-76.85009329806167,19.928304096760733,0.0,96.09754530560491,-15.80753879954923,0.0,-5.615077915117938,0.5883034516246725,0.5883034516246725,0.0,0.0,0.9006458720252593,0.43535813152223873,1.0,37.71401608155376,15.237534603278355,58.83125552720238,158.26565562545596,4.384810983107613,4.343289958095234,2.711587682789818,5.508595556037851,4.848916770784997,False
185,158.69593434970616,10,"[-90.0, -45.0, -59.99999999999999, 180.0, 90.0, 45.0, -59.99999999999999, 180.0, 45.0, 59.99999999999999, 180.0, -135.0, 150.0, -59.99999999999999, 45.0, 45.0, 180.0, 59.99999999999999, 59.99999999999999, -59.99999999999999, -135.0, 135.0, -59.99999999999999, 115.0, 59.99999999999999, -45.0, 145.0, 180.0, -59.99999999999999, -90.0, -75.0, 180.0, 59.99999999999999]",0.4354855062948601,91.7451546040593,-115.2751399470925,-76.85009329806167,24.473355921601726,0.0,177.41723866416322,-13.207980012764175,0.0,-7.480483838180939,0.5883034516246725,0.5883034516246725,0.0,0.0,0.9470446438071808,0.45031832184826603,1.0,40.61431599215802,15.76114126468931,60.266063720323565,158.69593434970616,5.795122180221975,4.440292363016295,2.7208213616785915,5.508595556037851,4.848916770784997,False
186,159.38967309055428,10,"[-90.0, -45.0, -59.99999999999999, 180.0, 90.0, 45.0, -59.99999999999999, 180.0, 45.0, 59.99999999999999, 180.0, -165.0, 105.00000000000001, 59.99999999999999, -59.99999999999999, 145.0, 59.99999999999999, 29.999999999999996, 14.999999999999998, 59.99999999999999, -135.0, 135.0, 59.99999999999999, 45.0, 180.0, -45.0, 145.0, 180.0, -59.99999999999999, -90.0, -75.0, 180.0, 59.99999999999999]",24.720141609002503,106.81872153189416,-58.11937969275648,-38.74625312850432,17.22930607256646,0.0,90.71992990889625,-13.207980012764187,-3.8777800558283317,-5.48158972093407,0.5883034504779852,0.5883034504779852,0.0,0.0,0.938344172275963,0.5525125937045199,1.0,40.080650757667286,19.337940779658197,60.89124569983706,159.38967309055428,3.2764828937468233,4.355334268125957,3.4652012669609853,5.508595556037851,4.848916770784997,False
187,159.46665077621495,10,"[-90.0, -45.0, -59.99999999999999, 180.0, 90.0, 45.0, -59.99999999999999, 180.0, 45.0, 59.99999999999999, 180.0, -135.0, 150.0, -59.99999999999999, 45.0, 45.0, 180.0, 59.99999999999999, 59.99999999999999, -59.99999999999999, -105.00000000000001, 175.0, -105.00000000000001, 165.0, 180.0, -75.0, 75.0, -59.99999999999999, 59.99999999999999, -90.0, -75.0, 180.0, 59.99999999999999]",3.1160318444278534,188.43655139255318,-115.2751399470925,-76.85009329806167,15.316650914040894,0.0,91.05003453963212,-15.807538799549226,-3.282473194256718,-4.675769425165343,0.5883034516246725,0.5883034516246725,0.0,0.0,0.8912343137705321,0.38747358608224053,1.0,36.384104680642366,13.561575512878418,53.133359461984895,159.46665077621495,6.28943420807916,4.71746714669762,2.5178492101243726,5.508595556037851,4.848916770784997,False
188,159.52217382853348,10,"[-90.0, -45.0, -59.99999999999999, 180.0, 90.0, 45.0, -59.99999999999999, 180.0, 45.0, 59.99999999999999, 180.0, -135.0, 150.0, -59.99999999999999, 45.0, 45.0, 180.0, 59.99999999999999, 59.99999999999999, -59.99999999999999, -119.99999999999999, 135.0, -59.99999999999999, 115.0, 59.99999999999999, -59.99999999999999, 115.0, -59.99999999999999, -59.99999999999999, -90.0, -75.0, 180.0, 59.99999999999999]",13.161698747546469,143.1516814978561,-115.2751399470925,-76.85009329806167,20.32080509718295,0.0,117.15977175402695,-12.808003382980205,0.0,-6.77694338963095,0.5883034516246725,0.5883034516246725,0.0,0.0,0.9173727668122043,0.3952310308208943,1.0,36.43956246823503,13.8330860787313,55.233043764186625,159.52217382853348,7.122448689330203,4.599331798598443,2.7401024312736104,5.508595556037851,4.848916770784997,False
189,159.52306232068514,10,"[-90.0, -45.0, -59.99999999999999, 180.0, 90.0, 45.0, -59.99999999999999, 180.0, 45.0, 59.99999999999999, 180.0, -135.0, 150.0, -59.99999999999999, 45.0, 45.0, 180.0, 29.999999999999996, 14.999999999999998, 59.99999999999999, -75.0, 145.0, -59.99999999999999, 115.0, 59.99999999999999, -59.99999999999999, 115.0, -59.99999999999999, -59.99999999999999, -90.0, -75.0, 180.0, 59.99999999999999]",0.7000863477922652,197.50255728073483,-115.2751399470925,-76.85009329806167,16.20142964745664,0.0,78.01904513834957,-9.808467966411198,-3.8423331985717395,-4.5624184331974185,0.5883034516246725,0.5883034516246725,0.0,0.0,0.8860014099389697,0.38454038314740197,1.0,38.51670615042819,13.458913410159068,59.35702263344313,159.52306232068514,5.125811184616038,4.64959240010718,2.554519307948756,5.508595556037851,4.848916770784997,False
190,159.7359262232792,10,"[-90.0, -45.0, -59.99999999999999, 180.0, 90.0, 45.0, -59.99999999999999, 180.0, 45.0, 59.99999999999999, 180.0, -135.0, 150.0, -59.99999999999999, 45.0, 45.0, 180.0, 59.99999999999999, 59.99999999999999, -59.99999999999999, -135.0, 135.0, -119.99999999999999, 59.99999999999999, 59.99999999999999, 90.0, 29.999999999999996, 59.99999999999999, 59.99999999999999, 59.99999999999999, 29.999999999999996, -59.99999999999999, -59.99999999999999]",4.08936497475689,208.0177070821268,-115.2751399470925,-76.85009329806167,17.683004015161995,0.0,59.20643713907919,-12.408026753196237,0.0,-2.1657237391816198,0.5883034516246725,0.5883034516246725,0.0,0.0,0.8799320594042559,0.3836312198486646,1.0,35.733753388874334,13.42709269470326,57.13534639068801,159.7359262232792,4.595636690841906,4.35802634181897,2.2821160144177353,5.508595556037851,4.848916770784997,False
191,159.99030645642554,10,"[-90.0, -45.0, -59.99999999999999, 180.0, 90.0, 45.0, -59.99999999999999, 180.0, 45.0, 59.99999999999999, 180.0, -135.0, 150.0, -59.99999999999999, -75.0, 75.0, 180.0, 59.99999999999999, 59.99999999999999, -59.99999999999999, -135.0, 119.99999999999999, 59.99999999999999, 45.0, 180.0, -45.0, 145.0, 180.0, -59.99999999999999, -90.0, -75.0, 180.0, 59.99999999999999]",2.193907202527013,169.28532112977746,-40.465631421094756,-26.97708761406317,15.322063826751387,0.0,34.15958802012779,-16.207515429333196,0.0,-4.885730323954833,0.5883034516246725,0.5883034516246725,0.0,0.0,0.9022884149323074,0.4212853617985438,1.0,37.178468618188624,14.744987662949033,56.40496745388051,159.99030645642554,4.8375942025424274,4.722336848469079,3.4251542225068836,5.508595556037851,4.848916770784997,False
192,159.99361206242506,10,"[-90.0, -45.0, -59.99999999999999, 180.0, 90.0, 45.0, -59.99999999999999, 180.0, 45.0, 59.99999999999999, 180.0, -135.0, 150.0, -59.99999999999999, 45.0, 45.0, 180.0, 59.99999999999999, 59.99999999999999, -59.99999999999999, -135.0, 119.99999999999999, -45.0, 160.0, 180.0, -45.0, 145.0, 180.0, -59.99999999999999, -75.0, 175.0, -59.99999999999999, 180.0]",4.124740137280949,206.03829005079837,-115.2751399470925,-76.85009329806167,19.031583565076016,0.0,68.04855643340382,-15.80753879954923,0.0,-6.755182829117033,0.5883034516246725,0.5883034516246725,0.0,0.0,0.8810745800572594,0.3855327360523147,1.0,36.117825304609575,13.493645761831015,56.59971015953058,159.99361206242506,4.59173350416511,4.411959429929279,2.617540398879397,5.508595556037851,4.848916770784997,False
193,160.2837811013449,10,"[-90.0, -45.0, -59.99999999999999, 180.0, 90.0, 45.0, -59.99999999999999, 180.0, 45.0, 59.99999999999999, 180.0, -135.0, 150.0, -59.99999999999999, 45.0, 45.0, 180.0, 59.99999999999999, 59.99999999999999, -59.99999999999999, -135.0, 135.0, -75.0, 150.0, 59.99999999999999, -45.0, 145.0, 180.0, -59.99999999999999, -150.0, 105.00000000000001, -59.99999999999999, 59.99999999999999]",0.2035910567254501,101.1433752445096,-115.2751399470925,-76.85009329806167,18.721570474869203,0.0,174.72973656943824,-12.808003382980207,0.0,-7.0196523657495575,0.5883034516246725,0.5883034516246725,0.0,0.0,0.9416199854288544,0.3947756695336334,1.0,39.47684895820982,13.81714843367717,57.164973078977646,160.2837811013449,5.298212459886419,4.549401576568294,2.4701845892812377,5.508595556037851,4.848916770784997,False
194,161.07992115437656,10,"[-90.0, -45.0, -59.99999999999999, 180.0, 90.0, 45.0, -59.99999999999999, 180.0, 45.0, 59.99999999999999, 180.0, -135.0, 150.0, -59.99999999999999, 45.0, 45.0, 180.0, 59.99999999999999, 59.99999999999999, -59.99999999999999, -135.0, 135.0, -75.0, 150.0, 59.99999999999999, -90.0, 119.99999999999999, 180.0, 59.99999999999999, -90.0, -75.0, 180.0, 59.99999999999999]",14.715414989295468,216.74929700101114,-115.2751399470925,-76.85009329806167,18.12694621843284,0.0,47.58748880754473,-13.207980012764173,0.0,-8.204409353675617,0.5883034516246725,0.5883034516246725,0.0,0.0,0.8748921806631971,0.3935634407521385,1.0,35.075535504410475,13.774720426324848,54.03413789792627,161.07992115437656,7.215541604817293,4.710626152104579,2.5965806317957774,5.508595556037851,4.848916770784997,False
195,161.8576287890844,10,"[-90.0, -45.0, -59.99999999999999, 180.0, 90.0, 45.0, -59.99999999999999, 180.0, 45.0, 59.99999999999999, 180.0, -135.0, 150.0, -59.99999999999999, 45.0, 45.0, 180.0, 59.99999999999999, 59.99999999999999, -59.99999999999999, -135.0, 135.0, -45.0, 160.0, 180.0, -75.0, 115.0, 180.0, -59.99999999999999, -75.0, 175.0, -59.99999999999999, 180.0]",0.6428785635466914,196.34995845174953,-115.2751399470925,-76.85009329806167,20.36844303099251,0.0,81.539186035098,-15.80753879954923,0.0,-6.548461997285289,0.5883034516246725,0.5883034516246725,0.0,0.0,0.8866666906483408,0.39605167658721774,1.0,36.25935448781449,13.86180868055262,57.35650752400604,161.8576287890844,5.14142544330455,4.424359901967266,2.699386706666084,5.508595556037851,4.848916770784997,False
196,162.03552957660403,10,"[-90.0, -45.0, -59.99999999999999, 180.0, 90.0, 45.0, -59.99999999999999, 180.0, 45.0, 59.99999999999999, 180.0, -135.0, 150.0, -59.99999999999999, 45.0, 45.0, 180.0, 59.99999999999999, 59.99999999999999, -59.99999999999999, -119.99999999999999, 135.0, -90.0, 160.0, 180.0, -75.0, 75.0, -59.99999999999999, 59.99999999999999, -90.0, -75.0, 180.0, 59.99999999999999]",18.385443176430368,234.84398277376616,-115.2751399470925,-76.85009329806167,15.699491661612711,0.0,29.553550443921548,-15.807538799549226,0.0,-5.952563184109682,0.5883034516246725,0.5883034516246725,0.0,0.0,0.8644479175908996,0.3825796032950892,1.0,33.40933842822905,13.390286115328124,49.83630554806719,162.03552957660403,7.4175736322983985,4.809198796819462,2.450927374678231,5.508595556037851,4.848916770784997,False
197,162.6268936029645,10,"[-90.0, -45.0, -59.99999999999999, 180.0, 90.0, 45.0, -59.99999999999999, 180.0, 45.0, 59.99999999999999, 180.0, -135.0, 150.0, -59.99999999999999, 45.0, 45.0, 180.0, 59.99999999999999, 59.99999999999999, -59.99999999999999, -135.0, 135.0, -45.0, 160.0, 180.0, -75.0, 105.00000000000001, 180.0, -59.99999999999999, -45.0, -45.0, -59.99999999999999, 180.0]",1.2214335341329488,198.93458281537062,-115.2751399470925,-76.85009329806167,20.405127968782033,0.0,81.06244120153244,-15.80753879954923,0.0,-8.502316621836522,0.5883034516246725,0.5883034516246725,0.0,0.0,0.8851748439738121,0.38435399870680603,1.0,36.1779509333624,13.45238995473821,57.279598180224255,162.6268936029645,5.005746313289835,4.410689234614565,2.6767563574151403,5.508595556037851,4.848916770784997,False
198,162.65903786218638,10,"[-90.0, -45.0, -59.99999999999999, 180.0, 90.0, 45.0, -59.99999999999999, 180.0, 45.0, 59.99999999999999, 180.0, -135.0, 150.0, -59.99999999999999, 45.0, 45.0, 180.0, 59.99999999999999, 59.99999999999999, -59.99999999999999, -135.0, 135.0, -45.0, 160.0, 180.0, -59.99999999999999, 115.0, -59.99999999999999, -59.99999999999999, -75.0, 175.0, -59.99999999999999, 180.0]",6.2182327169870435,159.98938153463942,-115.2751399470925,-76.85009329806167,19.912496179544807,0.0,113.29335573589572,-15.407562169765262,0.0,-6.660029639647514,0.5883034516246725,0.5883034516246725,0.0,0.0,0.9076540366322428,0.43292135515793373,1.0,38.178555212876844,15.15224743052768,59.42769396103041,162.65903786218638,4.384810983107613,4.343289958095234,2.711587682789818,5.508595556037851,4.848916770784997,False
199,162.67880491874092,10,"[-90.0, -45.0, -59.99999999999999, 180.0, 90.0, 45.0, -59.99999999999999, 180.0, 45.0, 59.99999999999999, 180.0, -135.0, 150.0, -59.99999999999999, 45.0, 45.0, 180.0, 59.99999999999999, 59.99999999999999, -59.99999999999999, -119.99999999999999, 135.0, -45.0, 160.0, 180.0, -75.0, 105.00000000000001, 180.0, -59.99999999999999, -75.0, 175.0, -59.99999999999999, 180.0]",1.2148180698782858,249.45991069247464,-115.2751399470925,-76.85009329806167,17.102738741983345,0.0,31.220540736668916,-15.80753879954923,0.0,-5.824828027247168,0.5883034516246725,0.5883034516246725,0.0,0.0,0.8560115955598993,0.3924686163080304,1.0,33.48248678015734,13.736401570781064,52.99973925316756,162.67880491874092,5.992913393990929,4.545731957504525,2.7242962245550593,5.508595556037851,4.848916770784997,False
200,162.7676875470633,10,"[-90.0, -45.0, -59.99999999999999, 180.0, 90.0, 45.0, -59.99999999999999, 180.0, 45.0, 59.99999999999999, 180.0, -135.0, 150.0, -59.99999999999999, 45.0, 45.0, 180.0, 59.99999999999999, 59.99999999999999, -59.99999999999999, -105.00000000000001, 175.0, -105.00000000000001, 165.0, 180.0, -90.0, 119.99999999999999, 180.0, 59.99999999999999, -90.0, -75.0, 180.0, 59.99999999999999]",20.19439161283968,235.60444041458987,-115.2751399470925,-76.85009329806167,15.229219369727598,0.0,29.850055449614505,-16.207515429333192,0.0,-7.216067374907329,0.5883034516246725,0.5883034516246725,0.0,0.0,0.8640089810016797,0.3890895415426901,1.0,33.64070849629662,13.618133953994153,50.87837041106532,162.7676875470633,7.509696077163892,4.863658871716324,2.645710704672761,5.508595556037851,4.848916770784997,False
