energy_rank,energy,depth,term_constraint,term_sasa,term_hbond,term_electrostatics,term_disulfide,term_vdw_repulsion,term_rotamer,term_pi_stacking,term_rama,term_geometry,term_geom_pro_ring,term_geom_chirality,term_geom_planarity,term_burial_mean,term_burial_min,term_burial_max,term_neighbor_mean,term_neighbor_min,term_neighbor_max,term_total,angles_deg_json,rmsd_to_reference_A,pred_e2e_A,pred_rg_A,ref_e2e_A,ref_rg_A,native_like
1,198.04059618091156,10,44.03963894406941,74.03340236864628,-12.043687113796333,15.966922092215436,0.0,93.68643379333705,4.936949510941519,-6.554796162393449,-16.612570704879722,0.5883034527713573,0.5883034527713573,0.0,0.0,0.9850437570972432,0.7234043546902714,1.0,37.486721229203916,18.085108867256785,59.67953439908457,198.04059618091156,"[-59.99999999999999, -59.99999999999999, 0.0, 0.0, 0.0, -75.0, -45.0, 0.0, 0.0, 0.0, -75.0, -45.0, 0.0, 0.0, -75.0, -59.99999999999999, 0.0, 0.0, 0.0, -150.0, 150.0, 0.0, 0.0, 0.0, 59.99999999999999, 59.99999999999999, 0.0, 0.0, 0.0, 0.0, -59.99999999999999, 105.00000000000001, -150.0, 135.0, 0.0, 0.0, 0.0, 0.0, -45.0, 119.99999999999999, 0.0, 0.0, -59.99999999999999, -45.0, 0.0, 0.0, 0.0]",2.99221721077413,8.467815322558646,4.801931333650573,5.508595556037851,4.848916770784997,False
2,198.21753159923145,10,44.03963894406941,74.03340236864628,-12.043687113796333,15.966922092215436,0.0,93.68643379333705,4.936949510941519,-6.554796162393449,-16.435635286559826,0.5883034527713573,0.5883034527713573,0.0,0.0,0.9850437570972432,0.7234043546902714,1.0,37.486721229203916,18.085108867256785,59.67953439908457,198.21753159923145,"[-45.0, -59.99999999999999, 0.0, 0.0, 0.0, -75.0, -45.0, 0.0, 0.0, 0.0, -75.0, -45.0, 0.0, 0.0, -75.0, -59.99999999999999, 0.0, 0.0, 0.0, -150.0, 150.0, 0.0, 0.0, 0.0, 59.99999999999999, 59.99999999999999, 0.0, 0.0, 0.0, 0.0, -59.99999999999999, 105.00000000000001, -150.0, 135.0, 0.0, 0.0, 0.0, 0.0, -45.0, 119.99999999999999, 0.0, 0.0, -59.99999999999999, -45.0, 0.0, 0.0, 0.0]",2.99221721077413,8.467815322558646,4.801931333650573,5.508595556037851,4.848916770784997,False
3,198.27622745305322,10,44.03963894406941,74.03340236864628,-12.043687113796333,15.966922092215436,0.0,93.68643379333705,4.936949510941519,-6.554796162393449,-16.376939432738062,0.5883034527713573,0.5883034527713573,0.0,0.0,0.9850437570972432,0.7234043546902714,1.0,37.486721229203916,18.085108867256785,59.67953439908457,198.27622745305322,"[-59.99999999999999, -59.99999999999999, 0.0, 0.0, 0.0, -75.0, -45.0, 0.0, 0.0, 0.0, -75.0, -45.0, 0.0, 0.0, -75.0, -59.99999999999999, 0.0, 0.0, 0.0, -150.0, 150.0, 0.0, 0.0, 0.0, 59.99999999999999, 59.99999999999999, 0.0, 0.0, 0.0, 0.0, -59.99999999999999, 105.00000000000001, -150.0, 135.0, 0.0, 0.0, 0.0, 0.0, -45.0, 119.99999999999999, 0.0, 0.0, -59.99999999999999, -59.99999999999999, 0.0, 0.0, 0.0]",2.99221721077413,8.467815322558646,4.801931333650573,5.508595556037851,4.848916770784997,False
4,198.4531628713731,10,44.03963894406941,74.03340236864628,-12.043687113796333,15.966922092215436,0.0,93.68643379333705,4.936949510941519,-6.554796162393449,-16.200004014418166,0.5883034527713573,0.5883034527713573,0.0,0.0,0.9850437570972432,0.7234043546902714,1.0,37.486721229203916,18.085108867256785,59.67953439908457,198.4531628713731,"[-45.0, -59.99999999999999, 0.0, 0.0, 0.0, -75.0, -45.0, 0.0, 0.0, 0.0, -75.0, -45.0, 0.0, 0.0, -75.0, -59.99999999999999, 0.0, 0.0, 0.0, -150.0, 150.0, 0.0, 0.0, 0.0, 59.99999999999999, 59.99999999999999, 0.0, 0.0, 0.0, 0.0, -59.99999999999999, 105.00000000000001, -150.0, 135.0, 0.0, 0.0, 0.0, 0.0, -45.0, 119.99999999999999, 0.0, 0.0, -59.99999999999999, -59.99999999999999, 0.0, 0.0, 0.0]",2.99221721077413,8.467815322558646,4.801931333650573,5.508595556037851,4.848916770784997,False
5,198.51158389937785,10,44.03963894406941,74.03340236864628,-12.043687113796333,15.966922092215436,0.0,93.68643379333705,4.936949510941519,-6.554796162393449,-16.14158298641344,0.5883034527713573,0.5883034527713573,0.0,0.0,0.9850437570972432,0.7234043546902714,1.0,37.486721229203916,18.085108867256785,59.67953439908457,198.51158389937785,"[-59.99999999999999, -59.99999999999999, 0.0, 0.0, 0.0, -75.0, -45.0, 0.0, 0.0, 0.0, -75.0, -45.0, 0.0, 0.0, -75.0, -59.99999999999999, 0.0, 0.0, 0.0, -150.0, 150.0, 0.0, 0.0, 0.0, 59.99999999999999, 59.99999999999999, 0.0, 0.0, 0.0, 0.0, -59.99999999999999, 105.00000000000001, -150.0, 135.0, 0.0, 0.0, 0.0, 0.0, -45.0, 119.99999999999999, 0.0, 0.0, -59.99999999999999, -29.999999999999996, 0.0, 0.0, 0.0]",2.99221721077413,8.467815322558646,4.801931333650573,5.508595556037851,4.848916770784997,False
6,198.68851931769774,10,44.03963894406941,74.03340236864628,-12.043687113796333,15.966922092215436,0.0,93.68643379333705,4.936949510941519,-6.554796162393449,-15.964647568093543,0.5883034527713573,0.5883034527713573,0.0,0.0,0.9850437570972432,0.7234043546902714,1.0,37.486721229203916,18.085108867256785,59.67953439908457,198.68851931769774,"[-45.0, -59.99999999999999, 0.0, 0.0, 0.0, -75.0, -45.0, 0.0, 0.0, 0.0, -75.0, -45.0, 0.0, 0.0, -75.0, -59.99999999999999, 0.0, 0.0, 0.0, -150.0, 150.0, 0.0, 0.0, 0.0, 59.99999999999999, 59.99999999999999, 0.0, 0.0, 0.0, 0.0, -59.99999999999999, 105.00000000000001, -150.0, 135.0, 0.0, 0.0, 0.0, 0.0, -45.0, 119.99999999999999, 0.0, 0.0, -59.99999999999999, -29.999999999999996, 0.0, 0.0, 0.0]",2.99221721077413,8.467815322558646,4.801931333650573,5.508595556037851,4.848916770784997,False
7,200.85667438348187,10,44.03963894406941,74.03340236864628,-12.043687113796333,15.966922092215436,0.0,93.68643379333705,4.936949510941519,-6.554796162393449,-13.7964925023094,0.5883034527713573,0.5883034527713573,0.0,0.0,0.9850437570972432,0.7234043546902714,1.0,37.486721229203916,18.085108867256785,59.67953439908457,200.85667438348187,"[-59.99999999999999, -59.99999999999999, 0.0, 0.0, 0.0, -75.0, -45.0, 0.0, 0.0, 0.0, -75.0, -45.0, 0.0, 0.0, -75.0, -59.99999999999999, 0.0, 0.0, 0.0, -150.0, 150.0, 0.0, 0.0, 0.0, 59.99999999999999, 59.99999999999999, 0.0, 0.0, 0.0, 0.0, -59.99999999999999, 105.00000000000001, -150.0, 135.0, 0.0, 0.0, 0.0, 0.0, -45.0, 119.99999999999999, 0.0, 0.0, -59.99999999999999, 160.0, 0.0, 0.0, 0.0]",2.99221721077413,8.467815322558646,4.801931333650573,5.508595556037851,4.848916770784997,False
8,200.92570639040713,10,44.03963894406941,74.03340236864628,-12.043687113796333,15.966922092215436,0.0,93.68643379333705,4.936949510941519,-6.554796162393449,-13.727460495384145,0.5883034527713573,0.5883034527713573,0.0,0.0,0.9850437570972432,0.7234043546902714,1.0,37.486721229203916,18.085108867256785,59.67953439908457,200.92570639040713,"[-59.99999999999999, -59.99999999999999, 0.0, 0.0, 0.0, -75.0, -45.0, 0.0, 0.0, 0.0, -75.0, -45.0, 0.0, 0.0, -75.0, -59.99999999999999, 0.0, 0.0, 0.0, -150.0, 150.0, 0.0, 0.0, 0.0, 59.99999999999999, 59.99999999999999, 0.0, 0.0, 0.0, 0.0, -59.99999999999999, 105.00000000000001, -150.0, 135.0, 0.0, 0.0, 0.0, 0.0, -45.0, 119.99999999999999, 0.0, 0.0, -59.99999999999999, 145.0, 0.0, 0.0, 0.0]",2.99221721077413,8.467815322558646,4.801931333650573,5.508595556037851,4.848916770784997,False
9,201.0336098018018,10,44.03963894406941,74.03340236864628,-12.043687113796333,15.966922092215436,0.0,93.68643379333705,4.936949510941519,-6.554796162393449,-13.619557083989504,0.5883034527713573,0.5883034527713573,0.0,0.0,0.9850437570972432,0.7234043546902714,1.0,37.486721229203916,18.085108867256785,59.67953439908457,201.0336098018018,"[-45.0, -59.99999999999999, 0.0, 0.0, 0.0, -75.0, -45.0, 0.0, 0.0, 0.0, -75.0, -45.0, 0.0, 0.0, -75.0, -59.99999999999999, 0.0, 0.0, 0.0, -150.0, 150.0, 0.0, 0.0, 0.0, 59.99999999999999, 59.99999999999999, 0.0, 0.0, 0.0, 0.0, -59.99999999999999, 105.00000000000001, -150.0, 135.0, 0.0, 0.0, 0.0, 0.0, -45.0, 119.99999999999999, 0.0, 0.0, -59.99999999999999, 160.0, 0.0, 0.0, 0.0]",2.99221721077413,8.467815322558646,4.801931333650573,5.508595556037851,4.848916770784997,False
10,201.04713161066775,10,44.03963894406941,74.03340236864628,-12.043687113796333,15.966922092215436,0.0,93.68643379333705,4.936949510941519,-6.554796162393449,-13.606035275123533,0.5883034527713573,0.5883034527713573,0.0,0.0,0.9850437570972432,0.7234043546902714,1.0,37.486721229203916,18.085108867256785,59.67953439908457,201.04713161066775,"[-59.99999999999999, -59.99999999999999, 0.0, 0.0, 0.0, -75.0, -45.0, 0.0, 0.0, 0.0, -75.0, -45.0, 0.0, 0.0, -75.0, -59.99999999999999, 0.0, 0.0, 0.0, -150.0, 150.0, 0.0, 0.0, 0.0, 59.99999999999999, 59.99999999999999, 0.0, 0.0, 0.0, 0.0, -59.99999999999999, 105.00000000000001, -150.0, 135.0, 0.0, 0.0, 0.0, 0.0, -45.0, 119.99999999999999, 0.0, 0.0, -59.99999999999999, 135.0, 0.0, 0.0, 0.0]",2.99221721077413,8.467815322558646,4.801931333650573,5.508595556037851,4.848916770784997,False
11,201.10264180872704,10,44.03963894406941,74.03340236864628,-12.043687113796333,15.966922092215436,0.0,93.68643379333705,4.936949510941519,-6.554796162393449,-13.550525077064249,0.5883034527713573,0.5883034527713573,0.0,0.0,0.9850437570972432,0.7234043546902714,1.0,37.486721229203916,18.085108867256785,59.67953439908457,201.10264180872704,"[-45.0, -59.99999999999999, 0.0, 0.0, 0.0, -75.0, -45.0, 0.0, 0.0, 0.0, -75.0, -45.0, 0.0, 0.0, -75.0, -59.99999999999999, 0.0, 0.0, 0.0, -150.0, 150.0, 0.0, 0.0, 0.0, 59.99999999999999, 59.99999999999999, 0.0, 0.0, 0.0, 0.0, -59.99999999999999, 105.00000000000001, -150.0, 135.0, 0.0, 0.0, 0.0, 0.0, -45.0, 119.99999999999999, 0.0, 0.0, -59.99999999999999, 145.0, 0.0, 0.0, 0.0]",2.99221721077413,8.467815322558646,4.801931333650573,5.508595556037851,4.848916770784997,False
12,201.13515184977578,10,44.03963894406941,74.03340236864628,-12.043687113796333,15.966922092215436,0.0,93.68643379333705,4.936949510941519,-6.554796162393449,-13.518015036015488,0.5883034527713573,0.5883034527713573,0.0,0.0,0.9850437570972432,0.7234043546902714,1.0,37.486721229203916,18.085108867256785,59.67953439908457,201.13515184977578,"[-59.99999999999999, -59.99999999999999, 0.0, 0.0, 0.0, -75.0, -45.0, 0.0, 0.0, 0.0, -75.0, -45.0, 0.0, 0.0, -75.0, -59.99999999999999, 0.0, 0.0, 0.0, -150.0, 150.0, 0.0, 0.0, 0.0, 59.99999999999999, 59.99999999999999, 0.0, 0.0, 0.0, 0.0, -59.99999999999999, 105.00000000000001, -150.0, 135.0, 0.0, 0.0, 0.0, 0.0, -45.0, 119.99999999999999, 0.0, 0.0, -59.99999999999999, 130.0, 0.0, 0.0, 0.0]",2.99221721077413,8.467815322558646,4.801931333650573,5.508595556037851,4.848916770784997,False
13,201.22406702898763,10,44.03963894406941,74.03340236864628,-12.043687113796333,15.966922092215436,0.0,93.68643379333705,4.936949510941519,-6.554796162393449,-13.429099856803637,0.5883034527713573,0.5883034527713573,0.0,0.0,0.9850437570972432,0.7234043546902714,1.0,37.486721229203916,18.085108867256785,59.67953439908457,201.22406702898763,"[-45.0, -59.99999999999999, 0.0, 0.0, 0.0, -75.0, -45.0, 0.0, 0.0, 0.0, -75.0, -45.0, 0.0, 0.0, -75.0, -59.99999999999999, 0.0, 0.0, 0.0, -150.0, 150.0, 0.0, 0.0, 0.0, 59.99999999999999, 59.99999999999999, 0.0, 0.0, 0.0, 0.0, -59.99999999999999, 105.00000000000001, -150.0, 135.0, 0.0, 0.0, 0.0, 0.0, -45.0, 119.99999999999999, 0.0, 0.0, -59.99999999999999, 135.0, 0.0, 0.0, 0.0]",2.99221721077413,8.467815322558646,4.801931333650573,5.508595556037851,4.848916770784997,False
14,201.3120872680957,10,44.03963894406941,74.03340236864628,-12.043687113796333,15.966922092215436,0.0,93.68643379333705,4.936949510941519,-6.554796162393449,-13.341079617695591,0.5883034527713573,0.5883034527713573,0.0,0.0,0.9850437570972432,0.7234043546902714,1.0,37.486721229203916,18.085108867256785,59.67953439908457,201.3120872680957,"[-45.0, -59.99999999999999, 0.0, 0.0, 0.0, -75.0, -45.0, 0.0, 0.0, 0.0, -75.0, -45.0, 0.0, 0.0, -75.0, -59.99999999999999, 0.0, 0.0, 0.0, -150.0, 150.0, 0.0, 0.0, 0.0, 59.99999999999999, 59.99999999999999, 0.0, 0.0, 0.0, 0.0, -59.99999999999999, 105.00000000000001, -150.0, 135.0, 0.0, 0.0, 0.0, 0.0, -45.0, 119.99999999999999, 0.0, 0.0, -59.99999999999999, 130.0, 0.0, 0.0, 0.0]",2.99221721077413,8.467815322558646,4.801931333650573,5.508595556037851,4.848916770784997,False
15,201.36637745557934,10,44.03963894406941,74.03340236864628,-12.043687113796333,15.966922092215436,0.0,93.68643379333705,4.936949510941519,-6.554796162393449,-13.286789430211932,0.5883034527713573,0.5883034527713573,0.0,0.0,0.9850437570972432,0.7234043546902714,1.0,37.486721229203916,18.085108867256785,59.67953439908457,201.36637745557934,"[-59.99999999999999, -59.99999999999999, 0.0, 0.0, 0.0, -75.0, -45.0, 0.0, 0.0, 0.0, -75.0, -45.0, 0.0, 0.0, -75.0, -59.99999999999999, 0.0, 0.0, 0.0, -150.0, 150.0, 0.0, 0.0, 0.0, 59.99999999999999, 59.99999999999999, 0.0, 0.0, 0.0, 0.0, -59.99999999999999, 105.00000000000001, -150.0, 135.0, 0.0, 0.0, 0.0, 0.0, -45.0, 119.99999999999999, 0.0, 0.0, -59.99999999999999, 119.99999999999999, 0.0, 0.0, 0.0]",2.99221721077413,8.467815322558646,4.801931333650573,5.508595556037851,4.848916770784997,False
16,201.54331287389925,10,44.03963894406941,74.03340236864628,-12.043687113796333,15.966922092215436,0.0,93.68643379333705,4.936949510941519,-6.554796162393449,-13.109854011892036,0.5883034527713573,0.5883034527713573,0.0,0.0,0.9850437570972432,0.7234043546902714,1.0,37.486721229203916,18.085108867256785,59.67953439908457,201.54331287389925,"[-45.0, -59.99999999999999, 0.0, 0.0, 0.0, -75.0, -45.0, 0.0, 0.0, 0.0, -75.0, -45.0, 0.0, 0.0, -75.0, -59.99999999999999, 0.0, 0.0, 0.0, -150.0, 150.0, 0.0, 0.0, 0.0, 59.99999999999999, 59.99999999999999, 0.0, 0.0, 0.0, 0.0, -59.99999999999999, 105.00000000000001, -150.0, 135.0, 0.0, 0.0, 0.0, 0.0, -45.0, 119.99999999999999, 0.0, 0.0, -59.99999999999999, 119.99999999999999, 0.0, 0.0, 0.0]",2.99221721077413,8.467815322558646,4.801931333650573,5.508595556037851,4.848916770784997,False
17,201.82533072892898,10,44.03963894406941,74.03340236864628,-12.043687113796333,15.966922092215436,0.0,93.68643379333705,4.936949510941519,-6.554796162393449,-12.82783615686231,0.5883034527713573,0.5883034527713573,0.0,0.0,0.9850437570972432,0.7234043546902714,1.0,37.486721229203916,18.085108867256785,59.67953439908457,201.82533072892898,"[-59.99999999999999, -59.99999999999999, 0.0, 0.0, 0.0, -75.0, -45.0, 0.0, 0.0, 0.0, -75.0, -45.0, 0.0, 0.0, -75.0, -59.99999999999999, 0.0, 0.0, 0.0, -150.0, 150.0, 0.0, 0.0, 0.0, 59.99999999999999, 59.99999999999999, 0.0, 0.0, 0.0, 0.0, -59.99999999999999, 105.00000000000001, -150.0, 135.0, 0.0, 0.0, 0.0, 0.0, -45.0, 119.99999999999999, 0.0, 0.0, -59.99999999999999, 105.00000000000001, 0.0, 0.0, 0.0]",2.99221721077413,8.467815322558646,4.801931333650573,5.508595556037851,4.848916770784997,False
18,202.00226614724886,10,44.03963894406941,74.03340236864628,-12.043687113796333,15.966922092215436,0.0,93.68643379333705,4.936949510941519,-6.554796162393449,-12.650900738542413,0.5883034527713573,0.5883034527713573,0.0,0.0,0.9850437570972432,0.7234043546902714,1.0,37.486721229203916,18.085108867256785,59.67953439908457,202.00226614724886,"[-45.0, -59.99999999999999, 0.0, 0.0, 0.0, -75.0, -45.0, 0.0, 0.0, 0.0, -75.0, -45.0, 0.0, 0.0, -75.0, -59.99999999999999, 0.0, 0.0, 0.0, -150.0, 150.0, 0.0, 0.0, 0.0, 59.99999999999999, 59.99999999999999, 0.0, 0.0, 0.0, 0.0, -59.99999999999999, 105.00000000000001, -150.0, 135.0, 0.0, 0.0, 0.0, 0.0, -45.0, 119.99999999999999, 0.0, 0.0, -59.99999999999999, 105.00000000000001, 0.0, 0.0, 0.0]",2.99221721077413,8.467815322558646,4.801931333650573,5.508595556037851,4.848916770784997,False
19,204.55667837190515,10,34.742687716773645,67.83375303076221,-12.043687113796333,15.995661088731008,0.0,115.96928854971988,4.936949510941519,-7.2723975593580015,-16.193880304640118,0.5883034527713573,0.5883034527713573,0.0,0.0,0.9862962115089369,0.7418411141744998,1.0,38.06253337393599,18.546027854362496,60.28928188749602,204.55667837190515,"[-59.99999999999999, -59.99999999999999, 0.0, 0.0, 0.0, -75.0, -45.0, 0.0, 0.0, 0.0, -75.0, -45.0, 0.0, 0.0, -75.0, -59.99999999999999, 0.0, 0.0, 0.0, -150.0, 150.0, 0.0, 0.0, 0.0, 59.99999999999999, 59.99999999999999, 0.0, 0.0, 0.0, 0.0, -59.99999999999999, 105.00000000000001, -150.0, 135.0, 0.0, 0.0, 0.0, 0.0, -45.0, 105.00000000000001, 0.0, 0.0, -45.0, -45.0, 0.0, 0.0, 0.0]",2.9737354372362614,8.136007879987222,4.756702323653007,5.508595556037851,4.848916770784997,False
20,204.73361379022504,10,34.742687716773645,67.83375303076221,-12.043687113796333,15.995661088731008,0.0,115.96928854971988,4.936949510941519,-7.2723975593580015,-16.01694488632022,0.5883034527713573,0.5883034527713573,0.0,0.0,0.9862962115089369,0.7418411141744998,1.0,38.06253337393599,18.546027854362496,60.28928188749602,204.73361379022504,"[-45.0, -59.99999999999999, 0.0, 0.0, 0.0, -75.0, -45.0, 0.0, 0.0, 0.0, -75.0, -45.0, 0.0, 0.0, -75.0, -59.99999999999999, 0.0, 0.0, 0.0, -150.0, 150.0, 0.0, 0.0, 0.0, 59.99999999999999, 59.99999999999999, 0.0, 0.0, 0.0, 0.0, -59.99999999999999, 105.00000000000001, -150.0, 135.0, 0.0, 0.0, 0.0, 0.0, -45.0, 105.00000000000001, 0.0, 0.0, -45.0, -45.0, 0.0, 0.0, 0.0]",2.9737354372362614,8.136007879987222,4.756702323653007,5.508595556037851,4.848916770784997,False
21,204.79482682720337,10,34.742687716773645,67.83375303076221,-12.043687113796333,15.995661088731008,0.0,115.96928854971988,4.936949510941519,-7.2723975593580015,-15.955731849341904,0.5883034527713573,0.5883034527713573,0.0,0.0,0.9862962115089369,0.7418411141744998,1.0,38.06253337393599,18.546027854362496,60.28928188749602,204.79482682720337,"[-59.99999999999999, -59.99999999999999, 0.0, 0.0, 0.0, -75.0, -45.0, 0.0, 0.0, 0.0, -75.0, -45.0, 0.0, 0.0, -75.0, -59.99999999999999, 0.0, 0.0, 0.0, -150.0, 150.0, 0.0, 0.0, 0.0, 59.99999999999999, 59.99999999999999, 0.0, 0.0, 0.0, 0.0, -59.99999999999999, 105.00000000000001, -150.0, 135.0, 0.0, 0.0, 0.0, 0.0, -45.0, 105.00000000000001, 0.0, 0.0, -45.0, -59.99999999999999, 0.0, 0.0, 0.0]",2.9737354372362614,8.136007879987222,4.756702323653007,5.508595556037851,4.848916770784997,False
22,204.95289873788553,10,34.742687716773645,67.83375303076221,-12.043687113796333,15.995661088731008,0.0,115.96928854971988,4.936949510941519,-7.2723975593580015,-15.79765993865973,0.5883034527713573,0.5883034527713573,0.0,0.0,0.9862962115089369,0.7418411141744998,1.0,38.06253337393599,18.546027854362496,60.28928188749602,204.95289873788553,"[-59.99999999999999, -59.99999999999999, 0.0, 0.0, 0.0, -75.0, -45.0, 0.0, 0.0, 0.0, -75.0, -45.0, 0.0, 0.0, -75.0, -59.99999999999999, 0.0, 0.0, 0.0, -150.0, 150.0, 0.0, 0.0, 0.0, 59.99999999999999, 59.99999999999999, 0.0, 0.0, 0.0, 0.0, -59.99999999999999, 105.00000000000001, -150.0, 135.0, 0.0, 0.0, 0.0, 0.0, -45.0, 105.00000000000001, 0.0, 0.0, -45.0, -29.999999999999996, 0.0, 0.0, 0.0]",2.9737354372362614,8.136007879987222,4.756702323653007,5.508595556037851,4.848916770784997,False
23,204.97176224552325,10,34.742687716773645,67.83375303076221,-12.043687113796333,15.995661088731008,0.0,115.96928854971988,4.936949510941519,-7.2723975593580015,-15.778796431022007,0.5883034527713573,0.5883034527713573,0.0,0.0,0.9862962115089369,0.7418411141744998,1.0,38.06253337393599,18.546027854362496,60.28928188749602,204.97176224552325,"[-45.0, -59.99999999999999, 0.0, 0.0, 0.0, -75.0, -45.0, 0.0, 0.0, 0.0, -75.0, -45.0, 0.0, 0.0, -75.0, -59.99999999999999, 0.0, 0.0, 0.0, -150.0, 150.0, 0.0, 0.0, 0.0, 59.99999999999999, 59.99999999999999, 0.0, 0.0, 0.0, 0.0, -59.99999999999999, 105.00000000000001, -150.0, 135.0, 0.0, 0.0, 0.0, 0.0, -45.0, 105.00000000000001, 0.0, 0.0, -45.0, -59.99999999999999, 0.0, 0.0, 0.0]",2.9737354372362614,8.136007879987222,4.756702323653007,5.508595556037851,4.848916770784997,False
24,205.12983415620545,10,34.742687716773645,67.83375303076221,-12.043687113796333,15.995661088731008,0.0,115.96928854971988,4.936949510941519,-7.2723975593580015,-15.620724520339834,0.5883034527713573,0.5883034527713573,0.0,0.0,0.9862962115089369,0.7418411141744998,1.0,38.06253337393599,18.546027854362496,60.28928188749602,205.12983415620545,"[-45.0, -59.99999999999999, 0.0, 0.0, 0.0, -75.0, -45.0, 0.0, 0.0, 0.0, -75.0, -45.0, 0.0, 0.0, -75.0, -59.99999999999999, 0.0, 0.0, 0.0, -150.0, 150.0, 0.0, 0.0, 0.0, 59.99999999999999, 59.99999999999999, 0.0, 0.0, 0.0, 0.0, -59.99999999999999, 105.00000000000001, -150.0, 135.0, 0.0, 0.0, 0.0, 0.0, -45.0, 105.00000000000001, 0.0, 0.0, -45.0, -29.999999999999996, 0.0, 0.0, 0.0]",2.9737354372362614,8.136007879987222,4.756702323653007,5.508595556037851,4.848916770784997,False
25,206.06475299671547,10,55.12292837124371,79.46720255341496,-12.043687113796333,15.940529788477289,0.0,84.17911888846942,4.936949510941519,-5.816144780960885,-16.310447673845573,0.5883034527713573,0.5883034527713573,0.0,0.0,0.9839460196861787,0.7028932969637245,1.0,36.98608647748388,17.572332424093112,59.01255006340857,206.06475299671547,"[-59.99999999999999, -59.99999999999999, 0.0, 0.0, 0.0, -75.0, -45.0, 0.0, 0.0, 0.0, -75.0, -45.0, 0.0, 0.0, -75.0, -59.99999999999999, 0.0, 0.0, 0.0, -150.0, 150.0, 0.0, 0.0, 0.0, 59.99999999999999, 59.99999999999999, 0.0, 0.0, 0.0, 0.0, -59.99999999999999, 105.00000000000001, -150.0, 135.0, 0.0, 0.0, 0.0, 0.0, -45.0, 135.0, 0.0, 0.0, -75.0, -45.0, 0.0, 0.0, 0.0]",3.013213537093706,8.820329151492174,4.849957672775685,5.508595556037851,4.848916770784997,False
26,206.23052553408928,10,55.12292837124371,79.46720255341496,-12.043687113796333,15.940529788477289,0.0,84.17911888846942,4.936949510941519,-5.816144780960885,-16.14467513647175,0.5883034527713573,0.5883034527713573,0.0,0.0,0.9839460196861787,0.7028932969637245,1.0,36.98608647748388,17.572332424093112,59.01255006340857,206.23052553408928,"[-59.99999999999999, -59.99999999999999, 0.0, 0.0, 0.0, -75.0, -45.0, 0.0, 0.0, 0.0, -75.0, -45.0, 0.0, 0.0, -75.0, -59.99999999999999, 0.0, 0.0, 0.0, -150.0, 150.0, 0.0, 0.0, 0.0, 59.99999999999999, 59.99999999999999, 0.0, 0.0, 0.0, 0.0, -59.99999999999999, 105.00000000000001, -150.0, 135.0, 0.0, 0.0, 0.0, 0.0, -45.0, 135.0, 0.0, 0.0, -75.0, -59.99999999999999, 0.0, 0.0, 0.0]",3.013213537093706,8.820329151492174,4.849957672775685,5.508595556037851,4.848916770784997,False
27,206.24168841503536,10,55.12292837124371,79.46720255341496,-12.043687113796333,15.940529788477289,0.0,84.17911888846942,4.936949510941519,-5.816144780960885,-16.133512255525677,0.5883034527713573,0.5883034527713573,0.0,0.0,0.9839460196861787,0.7028932969637245,1.0,36.98608647748388,17.572332424093112,59.01255006340857,206.24168841503536,"[-45.0, -59.99999999999999, 0.0, 0.0, 0.0, -75.0, -45.0, 0.0, 0.0, 0.0, -75.0, -45.0, 0.0, 0.0, -75.0, -59.99999999999999, 0.0, 0.0, 0.0, -150.0, 150.0, 0.0, 0.0, 0.0, 59.99999999999999, 59.99999999999999, 0.0, 0.0, 0.0, 0.0, -59.99999999999999, 105.00000000000001, -150.0, 135.0, 0.0, 0.0, 0.0, 0.0, -45.0, 135.0, 0.0, 0.0, -75.0, -45.0, 0.0, 0.0, 0.0]",3.013213537093706,8.820329151492174,4.849957672775685,5.508595556037851,4.848916770784997,False
28,206.4074609524092,10,55.12292837124371,79.46720255341496,-12.043687113796333,15.940529788477289,0.0,84.17911888846942,4.936949510941519,-5.816144780960885,-15.967739718151853,0.5883034527713573,0.5883034527713573,0.0,0.0,0.9839460196861787,0.7028932969637245,1.0,36.98608647748388,17.572332424093112,59.01255006340857,206.4074609524092,"[-45.0, -59.99999999999999, 0.0, 0.0, 0.0, -75.0, -45.0, 0.0, 0.0, 0.0, -75.0, -45.0, 0.0, 0.0, -75.0, -59.99999999999999, 0.0, 0.0, 0.0, -150.0, 150.0, 0.0, 0.0, 0.0, 59.99999999999999, 59.99999999999999, 0.0, 0.0, 0.0, 0.0, -59.99999999999999, 105.00000000000001, -150.0, 135.0, 0.0, 0.0, 0.0, 0.0, -45.0, 135.0, 0.0, 0.0, -75.0, -59.99999999999999, 0.0, 0.0, 0.0]",3.013213537093706,8.820329151492174,4.849957672775685,5.508595556037851,4.848916770784997,False
29,206.54614643502785,10,55.12292837124371,79.46720255341496,-12.043687113796333,15.940529788477289,0.0,84.17911888846942,4.936949510941519,-5.816144780960885,-15.829054235533185,0.5883034527713573,0.5883034527713573,0.0,0.0,0.9839460196861787,0.7028932969637245,1.0,36.98608647748388,17.572332424093112,59.01255006340857,206.54614643502785,"[-59.99999999999999, -59.99999999999999, 0.0, 0.0, 0.0, -75.0, -45.0, 0.0, 0.0, 0.0, -75.0, -45.0, 0.0, 0.0, -75.0, -59.99999999999999, 0.0, 0.0, 0.0, -150.0, 150.0, 0.0, 0.0, 0.0, 59.99999999999999, 59.99999999999999, 0.0, 0.0, 0.0, 0.0, -59.99999999999999, 105.00000000000001, -150.0, 135.0, 0.0, 0.0, 0.0, 0.0, -45.0, 135.0, 0.0, 0.0, -75.0, -29.999999999999996, 0.0, 0.0, 0.0]",3.013213537093706,8.820329151492174,4.849957672775685,5.508595556037851,4.848916770784997,False
30,206.72308185334776,10,55.12292837124371,79.46720255341496,-12.043687113796333,15.940529788477289,0.0,84.17911888846942,4.936949510941519,-5.816144780960885,-15.652118817213289,0.5883034527713573,0.5883034527713573,0.0,0.0,0.9839460196861787,0.7028932969637245,1.0,36.98608647748388,17.572332424093112,59.01255006340857,206.72308185334776,"[-45.0, -59.99999999999999, 0.0, 0.0, 0.0, -75.0, -45.0, 0.0, 0.0, 0.0, -75.0, -45.0, 0.0, 0.0, -75.0, -59.99999999999999, 0.0, 0.0, 0.0, -150.0, 150.0, 0.0, 0.0, 0.0, 59.99999999999999, 59.99999999999999, 0.0, 0.0, 0.0, 0.0, -59.99999999999999, 105.00000000000001, -150.0, 135.0, 0.0, 0.0, 0.0, 0.0, -45.0, 135.0, 0.0, 0.0, -75.0, -29.999999999999996, 0.0, 0.0, 0.0]",3.013213537093706,8.820329151492174,4.849957672775685,5.508595556037851,4.848916770784997,False
31,207.40324597743557,10,34.742687716773645,67.83375303076221,-12.043687113796333,15.995661088731008,0.0,115.96928854971988,4.936949510941519,-7.2723975593580015,-13.347312699109704,0.5883034527713573,0.5883034527713573,0.0,0.0,0.9862962115089369,0.7418411141744998,1.0,38.06253337393599,18.546027854362496,60.28928188749602,207.40324597743557,"[-59.99999999999999, -59.99999999999999, 0.0, 0.0, 0.0, -75.0, -45.0, 0.0, 0.0, 0.0, -75.0, -45.0, 0.0, 0.0, -75.0, -59.99999999999999, 0.0, 0.0, 0.0, -150.0, 150.0, 0.0, 0.0, 0.0, 59.99999999999999, 59.99999999999999, 0.0, 0.0, 0.0, 0.0, -59.99999999999999, 105.00000000000001, -150.0, 135.0, 0.0, 0.0, 0.0, 0.0, -45.0, 105.00000000000001, 0.0, 0.0, -45.0, 135.0, 0.0, 0.0, 0.0]",2.9737354372362614,8.136007879987222,4.756702323653007,5.508595556037851,4.848916770784997,False
32,207.57596611333457,10,34.742687716773645,67.83375303076221,-12.043687113796333,15.995661088731008,0.0,115.96928854971988,4.936949510941519,-7.2723975593580015,-13.174592563210698,0.5883034527713573,0.5883034527713573,0.0,0.0,0.9862962115089369,0.7418411141744998,1.0,38.06253337393599,18.546027854362496,60.28928188749602,207.57596611333457,"[-59.99999999999999, -59.99999999999999, 0.0, 0.0, 0.0, -75.0, -45.0, 0.0, 0.0, 0.0, -75.0, -45.0, 0.0, 0.0, -75.0, -59.99999999999999, 0.0, 0.0, 0.0, -150.0, 150.0, 0.0, 0.0, 0.0, 59.99999999999999, 59.99999999999999, 0.0, 0.0, 0.0, 0.0, -59.99999999999999, 105.00000000000001, -150.0, 135.0, 0.0, 0.0, 0.0, 0.0, -45.0, 105.00000000000001, 0.0, 0.0, -45.0, 119.99999999999999, 0.0, 0.0, 0.0]",2.9737354372362614,8.136007879987222,4.756702323653007,5.508595556037851,4.848916770784997,False
33,207.58018139575546,10,34.742687716773645,67.83375303076221,-12.043687113796333,15.995661088731008,0.0,115.96928854971988,4.936949510941519,-7.2723975593580015,-13.170377280789808,0.5883034527713573,0.5883034527713573,0.0,0.0,0.9862962115089369,0.7418411141744998,1.0,38.06253337393599,18.546027854362496,60.28928188749602,207.58018139575546,"[-45.0, -59.99999999999999, 0.0, 0.0, 0.0, -75.0, -45.0, 0.0, 0.0, 0.0, -75.0, -45.0, 0.0, 0.0, -75.0, -59.99999999999999, 0.0, 0.0, 0.0, -150.0, 150.0, 0.0, 0.0, 0.0, 59.99999999999999, 59.99999999999999, 0.0, 0.0, 0.0, 0.0, -59.99999999999999, 105.00000000000001, -150.0, 135.0, 0.0, 0.0, 0.0, 0.0, -45.0, 105.00000000000001, 0.0, 0.0, -45.0, 135.0, 0.0, 0.0, 0.0]",2.9737354372362614,8.136007879987222,4.756702323653007,5.508595556037851,4.848916770784997,False
34,207.75290153165446,10,34.742687716773645,67.83375303076221,-12.043687113796333,15.995661088731008,0.0,115.96928854971988,4.936949510941519,-7.2723975593580015,-12.997657144890802,0.5883034527713573,0.5883034527713573,0.0,0.0,0.9862962115089369,0.7418411141744998,1.0,38.06253337393599,18.546027854362496,60.28928188749602,207.75290153165446,"[-45.0, -59.99999999999999, 0.0, 0.0, 0.0, -75.0, -45.0, 0.0, 0.0, 0.0, -75.0, -45.0, 0.0, 0.0, -75.0, -59.99999999999999, 0.0, 0.0, 0.0, -150.0, 150.0, 0.0, 0.0, 0.0, 59.99999999999999, 59.99999999999999, 0.0, 0.0, 0.0, 0.0, -59.99999999999999, 105.00000000000001, -150.0, 135.0, 0.0, 0.0, 0.0, 0.0, -45.0, 105.00000000000001, 0.0, 0.0, -45.0, 119.99999999999999, 0.0, 0.0, 0.0]",2.9737354372362614,8.136007879987222,4.756702323653007,5.508595556037851,4.848916770784997,False
35,207.82023827841084,10,34.742687716773645,67.83375303076221,-12.043687113796333,15.995661088731008,0.0,115.96928854971988,4.936949510941519,-7.2723975593580015,-12.930320398134436,0.5883034527713573,0.5883034527713573,0.0,0.0,0.9862962115089369,0.7418411141744998,1.0,38.06253337393599,18.546027854362496,60.28928188749602,207.82023827841084,"[-59.99999999999999, -59.99999999999999, 0.0, 0.0, 0.0, -75.0, -45.0, 0.0, 0.0, 0.0, -75.0, -45.0, 0.0, 0.0, -75.0, -59.99999999999999, 0.0, 0.0, 0.0, -150.0, 150.0, 0.0, 0.0, 0.0, 59.99999999999999, 59.99999999999999, 0.0, 0.0, 0.0, 0.0, -59.99999999999999, 105.00000000000001, -150.0, 135.0, 0.0, 0.0, 0.0, 0.0, -45.0, 105.00000000000001, 0.0, 0.0, -45.0, 105.00000000000001, 0.0, 0.0, 0.0]",2.9737354372362614,8.136007879987222,4.756702323653007,5.508595556037851,4.848916770784997,False
36,207.99717369673073,10,34.742687716773645,67.83375303076221,-12.043687113796333,15.995661088731008,0.0,115.96928854971988,4.936949510941519,-7.2723975593580015,-12.75338497981454,0.5883034527713573,0.5883034527713573,0.0,0.0,0.9862962115089369,0.7418411141744998,1.0,38.06253337393599,18.546027854362496,60.28928188749602,207.99717369673073,"[-45.0, -59.99999999999999, 0.0, 0.0, 0.0, -75.0, -45.0, 0.0, 0.0, 0.0, -75.0, -45.0, 0.0, 0.0, -75.0, -59.99999999999999, 0.0, 0.0, 0.0, -150.0, 150.0, 0.0, 0.0, 0.0, 59.99999999999999, 59.99999999999999, 0.0, 0.0, 0.0, 0.0, -59.99999999999999, 105.00000000000001, -150.0, 135.0, 0.0, 0.0, 0.0, 0.0, -45.0, 105.00000000000001, 0.0, 0.0, -45.0, 105.00000000000001, 0.0, 0.0, 0.0]",2.9737354372362614,8.136007879987222,4.756702323653007,5.508595556037851,4.848916770784997,False
37,208.16768859887165,10,55.12292837124371,79.46720255341496,-12.043687113796333,15.940529788477289,0.0,84.17911888846942,4.936949510941519,-5.816144780960885,-14.207512071689404,0.5883034527713573,0.5883034527713573,0.0,0.0,0.9839460196861787,0.7028932969637245,1.0,36.98608647748388,17.572332424093112,59.01255006340857,208.16768859887165,"[-59.99999999999999, -59.99999999999999, 0.0, 0.0, 0.0, -75.0, -45.0, 0.0, 0.0, 0.0, -75.0, -45.0, 0.0, 0.0, -75.0, -59.99999999999999, 0.0, 0.0, 0.0, -150.0, 150.0, 0.0, 0.0, 0.0, 59.99999999999999, 59.99999999999999, 0.0, 0.0, 0.0, 0.0, -59.99999999999999, 105.00000000000001, -150.0, 135.0, 0.0, 0.0, 0.0, 0.0, -45.0, 135.0, 0.0, 0.0, -75.0, 160.0, 0.0, 0.0, 0.0]",3.013213537093706,8.820329151492174,4.849957672775685,5.508595556037851,4.848916770784997,False
38,208.2249343051753,10,55.12292837124371,79.46720255341496,-12.043687113796333,15.940529788477289,0.0,84.17911888846942,4.936949510941519,-5.816144780960885,-14.150266365385729,0.5883034527713573,0.5883034527713573,0.0,0.0,0.9839460196861787,0.7028932969637245,1.0,36.98608647748388,17.572332424093112,59.01255006340857,208.2249343051753,"[-59.99999999999999, -59.99999999999999, 0.0, 0.0, 0.0, -75.0, -45.0, 0.0, 0.0, 0.0, -75.0, -45.0, 0.0, 0.0, -75.0, -59.99999999999999, 0.0, 0.0, 0.0, -150.0, 150.0, 0.0, 0.0, 0.0, 59.99999999999999, 59.99999999999999, 0.0, 0.0, 0.0, 0.0, -59.99999999999999, 105.00000000000001, -150.0, 135.0, 0.0, 0.0, 0.0, 0.0, -45.0, 135.0, 0.0, 0.0, -75.0, 145.0, 0.0, 0.0, 0.0]",3.013213537093706,8.820329151492174,4.849957672775685,5.508595556037851,4.848916770784997,False
39,208.34462401719153,10,55.12292837124371,79.46720255341496,-12.043687113796333,15.940529788477289,0.0,84.17911888846942,4.936949510941519,-5.816144780960885,-14.030576653369508,0.5883034527713573,0.5883034527713573,0.0,0.0,0.9839460196861787,0.7028932969637245,1.0,36.98608647748388,17.572332424093112,59.01255006340857,208.34462401719153,"[-45.0, -59.99999999999999, 0.0, 0.0, 0.0, -75.0, -45.0, 0.0, 0.0, 0.0, -75.0, -45.0, 0.0, 0.0, -75.0, -59.99999999999999, 0.0, 0.0, 0.0, -150.0, 150.0, 0.0, 0.0, 0.0, 59.99999999999999, 59.99999999999999, 0.0, 0.0, 0.0, 0.0, -59.99999999999999, 105.00000000000001, -150.0, 135.0, 0.0, 0.0, 0.0, 0.0, -45.0, 135.0, 0.0, 0.0, -75.0, 160.0, 0.0, 0.0, 0.0]",3.013213537093706,8.820329151492174,4.849957672775685,5.508595556037851,4.848916770784997,False
40,208.40186972349522,10,55.12292837124371,79.46720255341496,-12.043687113796333,15.940529788477289,0.0,84.17911888846942,4.936949510941519,-5.816144780960885,-13.973330947065833,0.5883034527713573,0.5883034527713573,0.0,0.0,0.9839460196861787,0.7028932969637245,1.0,36.98608647748388,17.572332424093112,59.01255006340857,208.40186972349522,"[-45.0, -59.99999999999999, 0.0, 0.0, 0.0, -75.0, -45.0, 0.0, 0.0, 0.0, -75.0, -45.0, 0.0, 0.0, -75.0, -59.99999999999999, 0.0, 0.0, 0.0, -150.0, 150.0, 0.0, 0.0, 0.0, 59.99999999999999, 59.99999999999999, 0.0, 0.0, 0.0, 0.0, -59.99999999999999, 105.00000000000001, -150.0, 135.0, 0.0, 0.0, 0.0, 0.0, -45.0, 135.0, 0.0, 0.0, -75.0, 145.0, 0.0, 0.0, 0.0]",3.013213537093706,8.820329151492174,4.849957672775685,5.508595556037851,4.848916770784997,False
41,208.40552530038863,10,55.12292837124371,79.46720255341496,-12.043687113796333,15.940529788477289,0.0,84.17911888846942,4.936949510941519,-5.816144780960885,-13.9696753701724,0.5883034527713573,0.5883034527713573,0.0,0.0,0.9839460196861787,0.7028932969637245,1.0,36.98608647748388,17.572332424093112,59.01255006340857,208.40552530038863,"[-59.99999999999999, -59.99999999999999, 0.0, 0.0, 0.0, -75.0, -45.0, 0.0, 0.0, 0.0, -75.0, -45.0, 0.0, 0.0, -75.0, -59.99999999999999, 0.0, 0.0, 0.0, -150.0, 150.0, 0.0, 0.0, 0.0, 59.99999999999999, 59.99999999999999, 0.0, 0.0, 0.0, 0.0, -59.99999999999999, 105.00000000000001, -150.0, 135.0, 0.0, 0.0, 0.0, 0.0, -45.0, 135.0, 0.0, 0.0, -75.0, 135.0, 0.0, 0.0, 0.0]",3.013213537093706,8.820329151492174,4.849957672775685,5.508595556037851,4.848916770784997,False
42,208.54705405840883,10,55.12292837124371,79.46720255341496,-12.043687113796333,15.940529788477289,0.0,84.17911888846942,4.936949510941519,-5.816144780960885,-13.8281466121522,0.5883034527713573,0.5883034527713573,0.0,0.0,0.9839460196861787,0.7028932969637245,1.0,36.98608647748388,17.572332424093112,59.01255006340857,208.54705405840883,"[-59.99999999999999, -59.99999999999999, 0.0, 0.0, 0.0, -75.0, -45.0, 0.0, 0.0, 0.0, -75.0, -45.0, 0.0, 0.0, -75.0, -59.99999999999999, 0.0, 0.0, 0.0, -150.0, 150.0, 0.0, 0.0, 0.0, 59.99999999999999, 59.99999999999999, 0.0, 0.0, 0.0, 0.0, -59.99999999999999, 105.00000000000001, -150.0, 135.0, 0.0, 0.0, 0.0, 0.0, -45.0, 135.0, 0.0, 0.0, -75.0, 130.0, 0.0, 0.0, 0.0]",3.013213537093706,8.820329151492174,4.849957672775685,5.508595556037851,4.848916770784997,False
43,208.58246071870855,10,55.12292837124371,79.46720255341496,-12.043687113796333,15.940529788477289,0.0,84.17911888846942,4.936949510941519,-5.816144780960885,-13.792739951852504,0.5883034527713573,0.5883034527713573,0.0,0.0,0.9839460196861787,0.7028932969637245,1.0,36.98608647748388,17.572332424093112,59.01255006340857,208.58246071870855,"[-45.0, -59.99999999999999, 0.0, 0.0, 0.0, -75.0, -45.0, 0.0, 0.0, 0.0, -75.0, -45.0, 0.0, 0.0, -75.0, -59.99999999999999, 0.0, 0.0, 0.0, -150.0, 150.0, 0.0, 0.0, 0.0, 59.99999999999999, 59.99999999999999, 0.0, 0.0, 0.0, 0.0, -59.99999999999999, 105.00000000000001, -150.0, 135.0, 0.0, 0.0, 0.0, 0.0, -45.0, 135.0, 0.0, 0.0, -75.0, 135.0, 0.0, 0.0, 0.0]",3.013213537093706,8.820329151492174,4.849957672775685,5.508595556037851,4.848916770784997,False
44,208.72398947672875,10,55.12292837124371,79.46720255341496,-12.043687113796333,15.940529788477289,0.0,84.17911888846942,4.936949510941519,-5.816144780960885,-13.651211193832303,0.5883034527713573,0.5883034527713573,0.0,0.0,0.9839460196861787,0.7028932969637245,1.0,36.98608647748388,17.572332424093112,59.01255006340857,208.72398947672875,"[-45.0, -59.99999999999999, 0.0, 0.0, 0.0, -75.0, -45.0, 0.0, 0.0, 0.0, -75.0, -45.0, 0.0, 0.0, -75.0, -59.99999999999999, 0.0, 0.0, 0.0, -150.0, 150.0, 0.0, 0.0, 0.0, 59.99999999999999, 59.99999999999999, 0.0, 0.0, 0.0, 0.0, -59.99999999999999, 105.00000000000001, -150.0, 135.0, 0.0, 0.0, 0.0, 0.0, -45.0, 135.0, 0.0, 0.0, -75.0, 130.0, 0.0, 0.0, 0.0]",3.013213537093706,8.820329151492174,4.849957672775685,5.508595556037851,4.848916770784997,False
45,208.93121096168133,10,55.12292837124371,79.46720255341496,-12.043687113796333,15.940529788477289,0.0,84.17911888846942,4.936949510941519,-5.816144780960885,-13.443989708879723,0.5883034527713573,0.5883034527713573,0.0,0.0,0.9839460196861787,0.7028932969637245,1.0,36.98608647748388,17.572332424093112,59.01255006340857,208.93121096168133,"[-59.99999999999999, -59.99999999999999, 0.0, 0.0, 0.0, -75.0, -45.0, 0.0, 0.0, 0.0, -75.0, -45.0, 0.0, 0.0, -75.0, -59.99999999999999, 0.0, 0.0, 0.0, -150.0, 150.0, 0.0, 0.0, 0.0, 59.99999999999999, 59.99999999999999, 0.0, 0.0, 0.0, 0.0, -59.99999999999999, 105.00000000000001, -150.0, 135.0, 0.0, 0.0, 0.0, 0.0, -45.0, 135.0, 0.0, 0.0, -75.0, 119.99999999999999, 0.0, 0.0, 0.0]",3.013213537093706,8.820329151492174,4.849957672775685,5.508595556037851,4.848916770784997,False
46,209.10814638000122,10,55.12292837124371,79.46720255341496,-12.043687113796333,15.940529788477289,0.0,84.17911888846942,4.936949510941519,-5.816144780960885,-13.267054290559827,0.5883034527713573,0.5883034527713573,0.0,0.0,0.9839460196861787,0.7028932969637245,1.0,36.98608647748388,17.572332424093112,59.01255006340857,209.10814638000122,"[-45.0, -59.99999999999999, 0.0, 0.0, 0.0, -75.0, -45.0, 0.0, 0.0, 0.0, -75.0, -45.0, 0.0, 0.0, -75.0, -59.99999999999999, 0.0, 0.0, 0.0, -150.0, 150.0, 0.0, 0.0, 0.0, 59.99999999999999, 59.99999999999999, 0.0, 0.0, 0.0, 0.0, -59.99999999999999, 105.00000000000001, -150.0, 135.0, 0.0, 0.0, 0.0, 0.0, -45.0, 135.0, 0.0, 0.0, -75.0, 119.99999999999999, 0.0, 0.0, 0.0]",3.013213537093706,8.820329151492174,4.849957672775685,5.508595556037851,4.848916770784997,False
47,209.70384128301316,10,55.12292837124371,79.46720255341496,-12.043687113796333,15.940529788477289,0.0,84.17911888846942,4.936949510941519,-5.816144780960885,-12.671359387547872,0.5883034527713573,0.5883034527713573,0.0,0.0,0.9839460196861787,0.7028932969637245,1.0,36.98608647748388,17.572332424093112,59.01255006340857,209.70384128301316,"[-59.99999999999999, -59.99999999999999, 0.0, 0.0, 0.0, -75.0, -45.0, 0.0, 0.0, 0.0, -75.0, -45.0, 0.0, 0.0, -75.0, -59.99999999999999, 0.0, 0.0, 0.0, -150.0, 150.0, 0.0, 0.0, 0.0, 59.99999999999999, 59.99999999999999, 0.0, 0.0, 0.0, 0.0, -59.99999999999999, 105.00000000000001, -150.0, 135.0, 0.0, 0.0, 0.0, 0.0, -45.0, 135.0, 0.0, 0.0, -75.0, 105.00000000000001, 0.0, 0.0, 0.0]",3.013213537093706,8.820329151492174,4.849957672775685,5.508595556037851,4.848916770784997,False
48,209.88077670133308,10,55.12292837124371,79.46720255341496,-12.043687113796333,15.940529788477289,0.0,84.17911888846942,4.936949510941519,-5.816144780960885,-12.494423969227975,0.5883034527713573,0.5883034527713573,0.0,0.0,0.9839460196861787,0.7028932969637245,1.0,36.98608647748388,17.572332424093112,59.01255006340857,209.88077670133308,"[-45.0, -59.99999999999999, 0.0, 0.0, 0.0, -75.0, -45.0, 0.0, 0.0, 0.0, -75.0, -45.0, 0.0, 0.0, -75.0, -59.99999999999999, 0.0, 0.0, 0.0, -150.0, 150.0, 0.0, 0.0, 0.0, 59.99999999999999, 59.99999999999999, 0.0, 0.0, 0.0, 0.0, -59.99999999999999, 105.00000000000001, -150.0, 135.0, 0.0, 0.0, 0.0, 0.0, -45.0, 135.0, 0.0, 0.0, -75.0, 105.00000000000001, 0.0, 0.0, 0.0]",3.013213537093706,8.820329151492174,4.849957672775685,5.508595556037851,4.848916770784997,False
49,210.46594880502983,10,51.66484856349608,57.41225425460453,-12.043687113796333,15.960212116576281,0.0,114.88776654448576,4.936949510941519,-7.093574625757627,-15.847123898291729,0.5883034527713573,0.5883034527713573,0.0,0.0,0.9884015647970495,0.7592592127264485,1.0,38.00346818889665,18.98148031816121,59.24128674535481,210.46594880502983,"[-59.99999999999999, -59.99999999999999, 0.0, 0.0, 0.0, -75.0, -45.0, 0.0, 0.0, 0.0, -75.0, -45.0, 0.0, 0.0, -75.0, -59.99999999999999, 0.0, 0.0, 0.0, -150.0, 150.0, 0.0, 0.0, 0.0, 59.99999999999999, 59.99999999999999, 0.0, 0.0, 0.0, 0.0, -59.99999999999999, 105.00000000000001, -150.0, 135.0, 0.0, 0.0, 0.0, 0.0, -59.99999999999999, 105.00000000000001, 0.0, 0.0, -45.0, -45.0, 0.0, 0.0, 0.0]",2.988279092982862,8.71449369461183,4.834061064271956,5.508595556037851,4.848916770784997,False
50,210.54793083594944,10,55.12292837124371,79.46720255341496,-12.043687113796333,15.940529788477289,0.0,84.17911888846942,4.936949510941519,-5.816144780960885,-11.82726983461161,0.5883034527713573,0.5883034527713573,0.0,0.0,0.9839460196861787,0.7028932969637245,1.0,36.98608647748388,17.572332424093112,59.01255006340857,210.54793083594944,"[-59.99999999999999, -59.99999999999999, 0.0, 0.0, 0.0, -75.0, -45.0, 0.0, 0.0, 0.0, -75.0, -45.0, 0.0, 0.0, -75.0, -59.99999999999999, 0.0, 0.0, 0.0, -150.0, 150.0, 0.0, 0.0, 0.0, 59.99999999999999, 59.99999999999999, 0.0, 0.0, 0.0, 0.0, -59.99999999999999, 105.00000000000001, -150.0, 135.0, 0.0, 0.0, 0.0, 0.0, -45.0, 135.0, 0.0, 0.0, -75.0, 90.0, 0.0, 0.0, 0.0]",3.013213537093706,8.820329151492174,4.849957672775685,5.508595556037851,4.848916770784997,False
51,210.6428842233497,10,51.66484856349608,57.41225425460453,-12.043687113796333,15.960212116576281,0.0,114.88776654448576,4.936949510941519,-7.093574625757627,-15.670188479971833,0.5883034527713573,0.5883034527713573,0.0,0.0,0.9884015647970495,0.7592592127264485,1.0,38.00346818889665,18.98148031816121,59.24128674535481,210.6428842233497,"[-45.0, -59.99999999999999, 0.0, 0.0, 0.0, -75.0, -45.0, 0.0, 0.0, 0.0, -75.0, -45.0, 0.0, 0.0, -75.0, -59.99999999999999, 0.0, 0.0, 0.0, -150.0, 150.0, 0.0, 0.0, 0.0, 59.99999999999999, 59.99999999999999, 0.0, 0.0, 0.0, 0.0, -59.99999999999999, 105.00000000000001, -150.0, 135.0, 0.0, 0.0, 0.0, 0.0, -59.99999999999999, 105.00000000000001, 0.0, 0.0, -45.0, -45.0, 0.0, 0.0, 0.0]",2.988279092982862,8.71449369461183,4.834061064271956,5.508595556037851,4.848916770784997,False
52,210.70409726032804,10,51.66484856349608,57.41225425460453,-12.043687113796333,15.960212116576281,0.0,114.88776654448576,4.936949510941519,-7.093574625757627,-15.608975442993515,0.5883034527713573,0.5883034527713573,0.0,0.0,0.9884015647970495,0.7592592127264485,1.0,38.00346818889665,18.98148031816121,59.24128674535481,210.70409726032804,"[-59.99999999999999, -59.99999999999999, 0.0, 0.0, 0.0, -75.0, -45.0, 0.0, 0.0, 0.0, -75.0, -45.0, 0.0, 0.0, -75.0, -59.99999999999999, 0.0, 0.0, 0.0, -150.0, 150.0, 0.0, 0.0, 0.0, 59.99999999999999, 59.99999999999999, 0.0, 0.0, 0.0, 0.0, -59.99999999999999, 105.00000000000001, -150.0, 135.0, 0.0, 0.0, 0.0, 0.0, -59.99999999999999, 105.00000000000001, 0.0, 0.0, -45.0, -59.99999999999999, 0.0, 0.0, 0.0]",2.988279092982862,8.71449369461183,4.834061064271956,5.508595556037851,4.848916770784997,False
53,210.72486625426933,10,55.12292837124371,79.46720255341496,-12.043687113796333,15.940529788477289,0.0,84.17911888846942,4.936949510941519,-5.816144780960885,-11.650334416291713,0.5883034527713573,0.5883034527713573,0.0,0.0,0.9839460196861787,0.7028932969637245,1.0,36.98608647748388,17.572332424093112,59.01255006340857,210.72486625426933,"[-45.0, -59.99999999999999, 0.0, 0.0, 0.0, -75.0, -45.0, 0.0, 0.0, 0.0, -75.0, -45.0, 0.0, 0.0, -75.0, -59.99999999999999, 0.0, 0.0, 0.0, -150.0, 150.0, 0.0, 0.0, 0.0, 59.99999999999999, 59.99999999999999, 0.0, 0.0, 0.0, 0.0, -59.99999999999999, 105.00000000000001, -150.0, 135.0, 0.0, 0.0, 0.0, 0.0, -45.0, 135.0, 0.0, 0.0, -75.0, 90.0, 0.0, 0.0, 0.0]",3.013213537093706,8.820329151492174,4.849957672775685,5.508595556037851,4.848916770784997,False
54,210.8621691710102,10,51.66484856349608,57.41225425460453,-12.043687113796333,15.960212116576281,0.0,114.88776654448576,4.936949510941519,-7.093574625757627,-15.450903532311342,0.5883034527713573,0.5883034527713573,0.0,0.0,0.9884015647970495,0.7592592127264485,1.0,38.00346818889665,18.98148031816121,59.24128674535481,210.8621691710102,"[-59.99999999999999, -59.99999999999999, 0.0, 0.0, 0.0, -75.0, -45.0, 0.0, 0.0, 0.0, -75.0, -45.0, 0.0, 0.0, -75.0, -59.99999999999999, 0.0, 0.0, 0.0, -150.0, 150.0, 0.0, 0.0, 0.0, 59.99999999999999, 59.99999999999999, 0.0, 0.0, 0.0, 0.0, -59.99999999999999, 105.00000000000001, -150.0, 135.0, 0.0, 0.0, 0.0, 0.0, -59.99999999999999, 105.00000000000001, 0.0, 0.0, -45.0, -29.999999999999996, 0.0, 0.0, 0.0]",2.988279092982862,8.71449369461183,4.834061064271956,5.508595556037851,4.848916770784997,False
55,210.88103267864793,10,51.66484856349608,57.41225425460453,-12.043687113796333,15.960212116576281,0.0,114.88776654448576,4.936949510941519,-7.093574625757627,-15.432040024673618,0.5883034527713573,0.5883034527713573,0.0,0.0,0.9884015647970495,0.7592592127264485,1.0,38.00346818889665,18.98148031816121,59.24128674535481,210.88103267864793,"[-45.0, -59.99999999999999, 0.0, 0.0, 0.0, -75.0, -45.0, 0.0, 0.0, 0.0, -75.0, -45.0, 0.0, 0.0, -75.0, -59.99999999999999, 0.0, 0.0, 0.0, -150.0, 150.0, 0.0, 0.0, 0.0, 59.99999999999999, 59.99999999999999, 0.0, 0.0, 0.0, 0.0, -59.99999999999999, 105.00000000000001, -150.0, 135.0, 0.0, 0.0, 0.0, 0.0, -59.99999999999999, 105.00000000000001, 0.0, 0.0, -45.0, -59.99999999999999, 0.0, 0.0, 0.0]",2.988279092982862,8.71449369461183,4.834061064271956,5.508595556037851,4.848916770784997,False
56,211.0391045893301,10,51.66484856349608,57.41225425460453,-12.043687113796333,15.960212116576281,0.0,114.88776654448576,4.936949510941519,-7.093574625757627,-15.273968113991446,0.5883034527713573,0.5883034527713573,0.0,0.0,0.9884015647970495,0.7592592127264485,1.0,38.00346818889665,18.98148031816121,59.24128674535481,211.0391045893301,"[-45.0, -59.99999999999999, 0.0, 0.0, 0.0, -75.0, -45.0, 0.0, 0.0, 0.0, -75.0, -45.0, 0.0, 0.0, -75.0, -59.99999999999999, 0.0, 0.0, 0.0, -150.0, 150.0, 0.0, 0.0, 0.0, 59.99999999999999, 59.99999999999999, 0.0, 0.0, 0.0, 0.0, -59.99999999999999, 105.00000000000001, -150.0, 135.0, 0.0, 0.0, 0.0, 0.0, -59.99999999999999, 105.00000000000001, 0.0, 0.0, -45.0, -29.999999999999996, 0.0, 0.0, 0.0]",2.988279092982862,8.71449369461183,4.834061064271956,5.508595556037851,4.848916770784997,False
57,211.23190776682395,10,55.12292837124371,79.46720255341496,-12.043687113796333,15.940529788477289,0.0,84.17911888846942,4.936949510941519,-5.816144780960885,-11.143292903737105,0.5883034527713573,0.5883034527713573,0.0,0.0,0.9839460196861787,0.7028932969637245,1.0,36.98608647748388,17.572332424093112,59.01255006340857,211.23190776682395,"[-59.99999999999999, -59.99999999999999, 0.0, 0.0, 0.0, -75.0, -45.0, 0.0, 0.0, 0.0, -75.0, -45.0, 0.0, 0.0, -75.0, -59.99999999999999, 0.0, 0.0, 0.0, -150.0, 150.0, 0.0, 0.0, 0.0, 59.99999999999999, 59.99999999999999, 0.0, 0.0, 0.0, 0.0, -59.99999999999999, 105.00000000000001, -150.0, 135.0, 0.0, 0.0, 0.0, 0.0, -45.0, 135.0, 0.0, 0.0, -75.0, 75.0, 0.0, 0.0, 0.0]",3.013213537093706,8.820329151492174,4.849957672775685,5.508595556037851,4.848916770784997,False
58,211.40884318514384,10,55.12292837124371,79.46720255341496,-12.043687113796333,15.940529788477289,0.0,84.17911888846942,4.936949510941519,-5.816144780960885,-10.966357485417209,0.5883034527713573,0.5883034527713573,0.0,0.0,0.9839460196861787,0.7028932969637245,1.0,36.98608647748388,17.572332424093112,59.01255006340857,211.40884318514384,"[-45.0, -59.99999999999999, 0.0, 0.0, 0.0, -75.0, -45.0, 0.0, 0.0, 0.0, -75.0, -45.0, 0.0, 0.0, -75.0, -59.99999999999999, 0.0, 0.0, 0.0, -150.0, 150.0, 0.0, 0.0, 0.0, 59.99999999999999, 59.99999999999999, 0.0, 0.0, 0.0, 0.0, -59.99999999999999, 105.00000000000001, -150.0, 135.0, 0.0, 0.0, 0.0, 0.0, -45.0, 135.0, 0.0, 0.0, -75.0, 75.0, 0.0, 0.0, 0.0]",3.013213537093706,8.820329151492174,4.849957672775685,5.508595556037851,4.848916770784997,False
59,213.31251641056025,10,51.66484856349608,57.41225425460453,-12.043687113796333,15.960212116576281,0.0,114.88776654448576,4.936949510941519,-7.093574625757627,-13.000556292761315,0.5883034527713573,0.5883034527713573,0.0,0.0,0.9884015647970495,0.7592592127264485,1.0,38.00346818889665,18.98148031816121,59.24128674535481,213.31251641056025,"[-59.99999999999999, -59.99999999999999, 0.0, 0.0, 0.0, -75.0, -45.0, 0.0, 0.0, 0.0, -75.0, -45.0, 0.0, 0.0, -75.0, -59.99999999999999, 0.0, 0.0, 0.0, -150.0, 150.0, 0.0, 0.0, 0.0, 59.99999999999999, 59.99999999999999, 0.0, 0.0, 0.0, 0.0, -59.99999999999999, 105.00000000000001, -150.0, 135.0, 0.0, 0.0, 0.0, 0.0, -59.99999999999999, 105.00000000000001, 0.0, 0.0, -45.0, 135.0, 0.0, 0.0, 0.0]",2.988279092982862,8.71449369461183,4.834061064271956,5.508595556037851,4.848916770784997,False
60,213.48523654645925,10,51.66484856349608,57.41225425460453,-12.043687113796333,15.960212116576281,0.0,114.88776654448576,4.936949510941519,-7.093574625757627,-12.82783615686231,0.5883034527713573,0.5883034527713573,0.0,0.0,0.9884015647970495,0.7592592127264485,1.0,38.00346818889665,18.98148031816121,59.24128674535481,213.48523654645925,"[-59.99999999999999, -59.99999999999999, 0.0, 0.0, 0.0, -75.0, -45.0, 0.0, 0.0, 0.0, -75.0, -45.0, 0.0, 0.0, -75.0, -59.99999999999999, 0.0, 0.0, 0.0, -150.0, 150.0, 0.0, 0.0, 0.0, 59.99999999999999, 59.99999999999999, 0.0, 0.0, 0.0, 0.0, -59.99999999999999, 105.00000000000001, -150.0, 135.0, 0.0, 0.0, 0.0, 0.0, -59.99999999999999, 105.00000000000001, 0.0, 0.0, -45.0, 119.99999999999999, 0.0, 0.0, 0.0]",2.988279092982862,8.71449369461183,4.834061064271956,5.508595556037851,4.848916770784997,False
61,213.48945182888014,10,51.66484856349608,57.41225425460453,-12.043687113796333,15.960212116576281,0.0,114.88776654448576,4.936949510941519,-7.093574625757627,-12.823620874441419,0.5883034527713573,0.5883034527713573,0.0,0.0,0.9884015647970495,0.7592592127264485,1.0,38.00346818889665,18.98148031816121,59.24128674535481,213.48945182888014,"[-45.0, -59.99999999999999, 0.0, 0.0, 0.0, -75.0, -45.0, 0.0, 0.0, 0.0, -75.0, -45.0, 0.0, 0.0, -75.0, -59.99999999999999, 0.0, 0.0, 0.0, -150.0, 150.0, 0.0, 0.0, 0.0, 59.99999999999999, 59.99999999999999, 0.0, 0.0, 0.0, 0.0, -59.99999999999999, 105.00000000000001, -150.0, 135.0, 0.0, 0.0, 0.0, 0.0, -59.99999999999999, 105.00000000000001, 0.0, 0.0, -45.0, 135.0, 0.0, 0.0, 0.0]",2.988279092982862,8.71449369461183,4.834061064271956,5.508595556037851,4.848916770784997,False
62,213.66217196477913,10,51.66484856349608,57.41225425460453,-12.043687113796333,15.960212116576281,0.0,114.88776654448576,4.936949510941519,-7.093574625757627,-12.650900738542413,0.5883034527713573,0.5883034527713573,0.0,0.0,0.9884015647970495,0.7592592127264485,1.0,38.00346818889665,18.98148031816121,59.24128674535481,213.66217196477913,"[-45.0, -59.99999999999999, 0.0, 0.0, 0.0, -75.0, -45.0, 0.0, 0.0, 0.0, -75.0, -45.0, 0.0, 0.0, -75.0, -59.99999999999999, 0.0, 0.0, 0.0, -150.0, 150.0, 0.0, 0.0, 0.0, 59.99999999999999, 59.99999999999999, 0.0, 0.0, 0.0, 0.0, -59.99999999999999, 105.00000000000001, -150.0, 135.0, 0.0, 0.0, 0.0, 0.0, -59.99999999999999, 105.00000000000001, 0.0, 0.0, -45.0, 119.99999999999999, 0.0, 0.0, 0.0]",2.988279092982862,8.71449369461183,4.834061064271956,5.508595556037851,4.848916770784997,False
63,213.72950871153552,10,51.66484856349608,57.41225425460453,-12.043687113796333,15.960212116576281,0.0,114.88776654448576,4.936949510941519,-7.093574625757627,-12.583563991786047,0.5883034527713573,0.5883034527713573,0.0,0.0,0.9884015647970495,0.7592592127264485,1.0,38.00346818889665,18.98148031816121,59.24128674535481,213.72950871153552,"[-59.99999999999999, -59.99999999999999, 0.0, 0.0, 0.0, -75.0, -45.0, 0.0, 0.0, 0.0, -75.0, -45.0, 0.0, 0.0, -75.0, -59.99999999999999, 0.0, 0.0, 0.0, -150.0, 150.0, 0.0, 0.0, 0.0, 59.99999999999999, 59.99999999999999, 0.0, 0.0, 0.0, 0.0, -59.99999999999999, 105.00000000000001, -150.0, 135.0, 0.0, 0.0, 0.0, 0.0, -59.99999999999999, 105.00000000000001, 0.0, 0.0, -45.0, 105.00000000000001, 0.0, 0.0, 0.0]",2.988279092982862,8.71449369461183,4.834061064271956,5.508595556037851,4.848916770784997,False
64,213.9064441298554,10,51.66484856349608,57.41225425460453,-12.043687113796333,15.960212116576281,0.0,114.88776654448576,4.936949510941519,-7.093574625757627,-12.40662857346615,0.5883034527713573,0.5883034527713573,0.0,0.0,0.9884015647970495,0.7592592127264485,1.0,38.00346818889665,18.98148031816121,59.24128674535481,213.9064441298554,"[-45.0, -59.99999999999999, 0.0, 0.0, 0.0, -75.0, -45.0, 0.0, 0.0, 0.0, -75.0, -45.0, 0.0, 0.0, -75.0, -59.99999999999999, 0.0, 0.0, 0.0, -150.0, 150.0, 0.0, 0.0, 0.0, 59.99999999999999, 59.99999999999999, 0.0, 0.0, 0.0, 0.0, -59.99999999999999, 105.00000000000001, -150.0, 135.0, 0.0, 0.0, 0.0, 0.0, -59.99999999999999, 105.00000000000001, 0.0, 0.0, -45.0, 105.00000000000001, 0.0, 0.0, 0.0]",2.988279092982862,8.71449369461183,4.834061064271956,5.508595556037851,4.848916770784997,False
65,216.00077587892645,10,61.89015669004408,62.95299120382419,-12.043687113796333,15.943739704013375,0.0,105.90656886820344,4.936949510941519,-7.693751030270481,-16.480495406804692,0.5883034527713573,0.5883034527713573,0.0,0.0,0.9872822239992275,0.7431510915253807,1.0,37.48412136843345,18.578777288134518,58.6900751162248,216.00077587892645,"[-59.99999999999999, -59.99999999999999, 0.0, 0.0, 0.0, -75.0, -45.0, 0.0, 0.0, 0.0, -75.0, -45.0, 0.0, 0.0, -75.0, -59.99999999999999, 0.0, 0.0, 0.0, -150.0, 150.0, 0.0, 0.0, 0.0, 59.99999999999999, 59.99999999999999, 0.0, 0.0, 0.0, 0.0, -59.99999999999999, 105.00000000000001, -150.0, 135.0, 0.0, 0.0, 0.0, 0.0, -59.99999999999999, 119.99999999999999, 0.0, 0.0, -59.99999999999999, -45.0, 0.0, 0.0, 0.0]",3.010201691897265,9.0182426491089,4.876566382251571,5.508595556037851,4.848916770784997,False
66,216.17771129724633,10,61.89015669004408,62.95299120382419,-12.043687113796333,15.943739704013375,0.0,105.90656886820344,4.936949510941519,-7.693751030270481,-16.3035599884848,0.5883034527713573,0.5883034527713573,0.0,0.0,0.9872822239992275,0.7431510915253807,1.0,37.48412136843345,18.578777288134518,58.6900751162248,216.17771129724633,"[-45.0, -59.99999999999999, 0.0, 0.0, 0.0, -75.0, -45.0, 0.0, 0.0, 0.0, -75.0, -45.0, 0.0, 0.0, -75.0, -59.99999999999999, 0.0, 0.0, 0.0, -150.0, 150.0, 0.0, 0.0, 0.0, 59.99999999999999, 59.99999999999999, 0.0, 0.0, 0.0, 0.0, -59.99999999999999, 105.00000000000001, -150.0, 135.0, 0.0, 0.0, 0.0, 0.0, -59.99999999999999, 119.99999999999999, 0.0, 0.0, -59.99999999999999, -45.0, 0.0, 0.0, 0.0]",3.010201691897265,9.0182426491089,4.876566382251571,5.508595556037851,4.848916770784997,False
67,216.2364071510681,10,61.89015669004408,62.95299120382419,-12.043687113796333,15.943739704013375,0.0,105.90656886820344,4.936949510941519,-7.693751030270481,-16.244864134663032,0.5883034527713573,0.5883034527713573,0.0,0.0,0.9872822239992275,0.7431510915253807,1.0,37.48412136843345,18.578777288134518,58.6900751162248,216.2364071510681,"[-59.99999999999999, -59.99999999999999, 0.0, 0.0, 0.0, -75.0, -45.0, 0.0, 0.0, 0.0, -75.0, -45.0, 0.0, 0.0, -75.0, -59.99999999999999, 0.0, 0.0, 0.0, -150.0, 150.0, 0.0, 0.0, 0.0, 59.99999999999999, 59.99999999999999, 0.0, 0.0, 0.0, 0.0, -59.99999999999999, 105.00000000000001, -150.0, 135.0, 0.0, 0.0, 0.0, 0.0, -59.99999999999999, 119.99999999999999, 0.0, 0.0, -59.99999999999999, -59.99999999999999, 0.0, 0.0, 0.0]",3.010201691897265,9.0182426491089,4.876566382251571,5.508595556037851,4.848916770784997,False
68,216.413342569388,10,61.89015669004408,62.95299120382419,-12.043687113796333,15.943739704013375,0.0,105.90656886820344,4.936949510941519,-7.693751030270481,-16.067928716343136,0.5883034527713573,0.5883034527713573,0.0,0.0,0.9872822239992275,0.7431510915253807,1.0,37.48412136843345,18.578777288134518,58.6900751162248,216.413342569388,"[-45.0, -59.99999999999999, 0.0, 0.0, 0.0, -75.0, -45.0, 0.0, 0.0, 0.0, -75.0, -45.0, 0.0, 0.0, -75.0, -59.99999999999999, 0.0, 0.0, 0.0, -150.0, 150.0, 0.0, 0.0, 0.0, 59.99999999999999, 59.99999999999999, 0.0, 0.0, 0.0, 0.0, -59.99999999999999, 105.00000000000001, -150.0, 135.0, 0.0, 0.0, 0.0, 0.0, -59.99999999999999, 119.99999999999999, 0.0, 0.0, -59.99999999999999, -59.99999999999999, 0.0, 0.0, 0.0]",3.010201691897265,9.0182426491089,4.876566382251571,5.508595556037851,4.848916770784997,False
69,216.47176359739274,10,61.89015669004408,62.95299120382419,-12.043687113796333,15.943739704013375,0.0,105.90656886820344,4.936949510941519,-7.693751030270481,-16.009507688338413,0.5883034527713573,0.5883034527713573,0.0,0.0,0.9872822239992275,0.7431510915253807,1.0,37.48412136843345,18.578777288134518,58.6900751162248,216.47176359739274,"[-59.99999999999999, -59.99999999999999, 0.0, 0.0, 0.0, -75.0, -45.0, 0.0, 0.0, 0.0, -75.0, -45.0, 0.0, 0.0, -75.0, -59.99999999999999, 0.0, 0.0, 0.0, -150.0, 150.0, 0.0, 0.0, 0.0, 59.99999999999999, 59.99999999999999, 0.0, 0.0, 0.0, 0.0, -59.99999999999999, 105.00000000000001, -150.0, 135.0, 0.0, 0.0, 0.0, 0.0, -59.99999999999999, 119.99999999999999, 0.0, 0.0, -59.99999999999999, -29.999999999999996, 0.0, 0.0, 0.0]",3.010201691897265,9.0182426491089,4.876566382251571,5.508595556037851,4.848916770784997,False
70,216.64869901571262,10,61.89015669004408,62.95299120382419,-12.043687113796333,15.943739704013375,0.0,105.90656886820344,4.936949510941519,-7.693751030270481,-15.832572270018517,0.5883034527713573,0.5883034527713573,0.0,0.0,0.9872822239992275,0.7431510915253807,1.0,37.48412136843345,18.578777288134518,58.6900751162248,216.64869901571262,"[-45.0, -59.99999999999999, 0.0, 0.0, 0.0, -75.0, -45.0, 0.0, 0.0, 0.0, -75.0, -45.0, 0.0, 0.0, -75.0, -59.99999999999999, 0.0, 0.0, 0.0, -150.0, 150.0, 0.0, 0.0, 0.0, 59.99999999999999, 59.99999999999999, 0.0, 0.0, 0.0, 0.0, -59.99999999999999, 105.00000000000001, -150.0, 135.0, 0.0, 0.0, 0.0, 0.0, -59.99999999999999, 119.99999999999999, 0.0, 0.0, -59.99999999999999, -29.999999999999996, 0.0, 0.0, 0.0]",3.010201691897265,9.0182426491089,4.876566382251571,5.508595556037851,4.848916770784997,False
71,216.72535801382702,10,54.483766246357426,55.90797052129393,-6.893277418506074,15.80586840281807,0.0,111.32007731730614,4.936949510941519,-3.7978645499086894,-15.626435469246708,0.5883034527713573,0.5883034527713573,0.0,0.0,0.9887054605007487,0.7633573063569605,1.0,37.82016777004377,19.083932658924013,58.67386102901917,216.72535801382702,"[-59.99999999999999, -59.99999999999999, 0.0, 0.0, 0.0, -75.0, -45.0, 0.0, 0.0, 0.0, -75.0, -45.0, 0.0, 0.0, -75.0, -59.99999999999999, 0.0, 0.0, 0.0, -150.0, 150.0, 0.0, 0.0, 0.0, 59.99999999999999, 59.99999999999999, 0.0, 0.0, 0.0, 0.0, -59.99999999999999, 105.00000000000001, -150.0, 150.0, 0.0, 0.0, 0.0, 0.0, -75.0, 105.00000000000001, 0.0, 0.0, -45.0, -45.0, 0.0, 0.0, 0.0]",2.9852693541863653,8.801023061002677,4.868168453698888,5.508595556037851,4.848916770784997,False
72,216.9022934321469,10,54.483766246357426,55.90797052129393,-6.893277418506074,15.80586840281807,0.0,111.32007731730614,4.936949510941519,-3.7978645499086894,-15.449500050926812,0.5883034527713573,0.5883034527713573,0.0,0.0,0.9887054605007487,0.7633573063569605,1.0,37.82016777004377,19.083932658924013,58.67386102901917,216.9022934321469,"[-45.0, -59.99999999999999, 0.0, 0.0, 0.0, -75.0, -45.0, 0.0, 0.0, 0.0, -75.0, -45.0, 0.0, 0.0, -75.0, -59.99999999999999, 0.0, 0.0, 0.0, -150.0, 150.0, 0.0, 0.0, 0.0, 59.99999999999999, 59.99999999999999, 0.0, 0.0, 0.0, 0.0, -59.99999999999999, 105.00000000000001, -150.0, 150.0, 0.0, 0.0, 0.0, 0.0, -75.0, 105.00000000000001, 0.0, 0.0, -45.0, -45.0, 0.0, 0.0, 0.0]",2.9852693541863653,8.801023061002677,4.868168453698888,5.508595556037851,4.848916770784997,False
73,216.96350646912524,10,54.483766246357426,55.90797052129393,-6.893277418506074,15.80586840281807,0.0,111.32007731730614,4.936949510941519,-3.7978645499086894,-15.388287013948494,0.5883034527713573,0.5883034527713573,0.0,0.0,0.9887054605007487,0.7633573063569605,1.0,37.82016777004377,19.083932658924013,58.67386102901917,216.96350646912524,"[-59.99999999999999, -59.99999999999999, 0.0, 0.0, 0.0, -75.0, -45.0, 0.0, 0.0, 0.0, -75.0, -45.0, 0.0, 0.0, -75.0, -59.99999999999999, 0.0, 0.0, 0.0, -150.0, 150.0, 0.0, 0.0, 0.0, 59.99999999999999, 59.99999999999999, 0.0, 0.0, 0.0, 0.0, -59.99999999999999, 105.00000000000001, -150.0, 150.0, 0.0, 0.0, 0.0, 0.0, -75.0, 105.00000000000001, 0.0, 0.0, -45.0, -59.99999999999999, 0.0, 0.0, 0.0]",2.9852693541863653,8.801023061002677,4.868168453698888,5.508595556037851,4.848916770784997,False
74,217.1215783798074,10,54.483766246357426,55.90797052129393,-6.893277418506074,15.80586840281807,0.0,111.32007731730614,4.936949510941519,-3.7978645499086894,-15.230215103266321,0.5883034527713573,0.5883034527713573,0.0,0.0,0.9887054605007487,0.7633573063569605,1.0,37.82016777004377,19.083932658924013,58.67386102901917,217.1215783798074,"[-59.99999999999999, -59.99999999999999, 0.0, 0.0, 0.0, -75.0, -45.0, 0.0, 0.0, 0.0, -75.0, -45.0, 0.0, 0.0, -75.0, -59.99999999999999, 0.0, 0.0, 0.0, -150.0, 150.0, 0.0, 0.0, 0.0, 59.99999999999999, 59.99999999999999, 0.0, 0.0, 0.0, 0.0, -59.99999999999999, 105.00000000000001, -150.0, 150.0, 0.0, 0.0, 0.0, 0.0, -75.0, 105.00000000000001, 0.0, 0.0, -45.0, -29.999999999999996, 0.0, 0.0, 0.0]",2.9852693541863653,8.801023061002677,4.868168453698888,5.508595556037851,4.848916770784997,False
75,217.14044188744512,10,54.483766246357426,55.90797052129393,-6.893277418506074,15.80586840281807,0.0,111.32007731730614,4.936949510941519,-3.7978645499086894,-15.211351595628598,0.5883034527713573,0.5883034527713573,0.0,0.0,0.9887054605007487,0.7633573063569605,1.0,37.82016777004377,19.083932658924013,58.67386102901917,217.14044188744512,"[-45.0, -59.99999999999999, 0.0, 0.0, 0.0, -75.0, -45.0, 0.0, 0.0, 0.0, -75.0, -45.0, 0.0, 0.0, -75.0, -59.99999999999999, 0.0, 0.0, 0.0, -150.0, 150.0, 0.0, 0.0, 0.0, 59.99999999999999, 59.99999999999999, 0.0, 0.0, 0.0, 0.0, -59.99999999999999, 105.00000000000001, -150.0, 150.0, 0.0, 0.0, 0.0, 0.0, -75.0, 105.00000000000001, 0.0, 0.0, -45.0, -59.99999999999999, 0.0, 0.0, 0.0]",2.9852693541863653,8.801023061002677,4.868168453698888,5.508595556037851,4.848916770784997,False
76,217.2985137981273,10,54.483766246357426,55.90797052129393,-6.893277418506074,15.80586840281807,0.0,111.32007731730614,4.936949510941519,-3.7978645499086894,-15.053279684946425,0.5883034527713573,0.5883034527713573,0.0,0.0,0.9887054605007487,0.7633573063569605,1.0,37.82016777004377,19.083932658924013,58.67386102901917,217.2985137981273,"[-45.0, -59.99999999999999, 0.0, 0.0, 0.0, -75.0, -45.0, 0.0, 0.0, 0.0, -75.0, -45.0, 0.0, 0.0, -75.0, -59.99999999999999, 0.0, 0.0, 0.0, -150.0, 150.0, 0.0, 0.0, 0.0, 59.99999999999999, 59.99999999999999, 0.0, 0.0, 0.0, 0.0, -59.99999999999999, 105.00000000000001, -150.0, 150.0, 0.0, 0.0, 0.0, 0.0, -75.0, 105.00000000000001, 0.0, 0.0, -45.0, -29.999999999999996, 0.0, 0.0, 0.0]",2.9852693541863653,8.801023061002677,4.868168453698888,5.508595556037851,4.848916770784997,False
77,217.62970545031877,10,61.89015669004408,80.31941558511305,-12.043687113796333,15.883539835995519,0.0,88.33911588703504,4.936949510941519,-5.978011226144143,-16.306077171641352,0.5883034527713573,0.5883034527713573,0.0,0.0,0.9837738554373509,0.7042708509351823,1.0,36.14850786477166,17.606771273379557,57.6591815091244,217.62970545031877,"[-59.99999999999999, -59.99999999999999, 0.0, 0.0, 0.0, -75.0, -45.0, 0.0, 0.0, 0.0, -75.0, -45.0, 0.0, 0.0, -75.0, -59.99999999999999, 0.0, 0.0, 0.0, -150.0, 150.0, 0.0, 0.0, 0.0, 59.99999999999999, 59.99999999999999, 0.0, 0.0, 0.0, 0.0, -59.99999999999999, 105.00000000000001, -150.0, 135.0, 0.0, 0.0, 0.0, 0.0, -59.99999999999999, 119.99999999999999, 0.0, 0.0, -45.0, -45.0, 0.0, 0.0, 0.0]",3.010201691897265,9.0182426491089,4.876566382251571,5.508595556037851,4.848916770784997,False
78,217.80664086863868,10,61.89015669004408,80.31941558511305,-12.043687113796333,15.883539835995519,0.0,88.33911588703504,4.936949510941519,-5.978011226144143,-16.129141753321456,0.5883034527713573,0.5883034527713573,0.0,0.0,0.9837738554373509,0.7042708509351823,1.0,36.14850786477166,17.606771273379557,57.6591815091244,217.80664086863868,"[-45.0, -59.99999999999999, 0.0, 0.0, 0.0, -75.0, -45.0, 0.0, 0.0, 0.0, -75.0, -45.0, 0.0, 0.0, -75.0, -59.99999999999999, 0.0, 0.0, 0.0, -150.0, 150.0, 0.0, 0.0, 0.0, 59.99999999999999, 59.99999999999999, 0.0, 0.0, 0.0, 0.0, -59.99999999999999, 105.00000000000001, -150.0, 135.0, 0.0, 0.0, 0.0, 0.0, -59.99999999999999, 119.99999999999999, 0.0, 0.0, -45.0, -45.0, 0.0, 0.0, 0.0]",3.010201691897265,9.0182426491089,4.876566382251571,5.508595556037851,4.848916770784997,False
79,217.86785390561698,10,61.89015669004408,80.31941558511305,-12.043687113796333,15.883539835995519,0.0,88.33911588703504,4.936949510941519,-5.978011226144143,-16.067928716343136,0.5883034527713573,0.5883034527713573,0.0,0.0,0.9837738554373509,0.7042708509351823,1.0,36.14850786477166,17.606771273379557,57.6591815091244,217.86785390561698,"[-59.99999999999999, -59.99999999999999, 0.0, 0.0, 0.0, -75.0, -45.0, 0.0, 0.0, 0.0, -75.0, -45.0, 0.0, 0.0, -75.0, -59.99999999999999, 0.0, 0.0, 0.0, -150.0, 150.0, 0.0, 0.0, 0.0, 59.99999999999999, 59.99999999999999, 0.0, 0.0, 0.0, 0.0, -59.99999999999999, 105.00000000000001, -150.0, 135.0, 0.0, 0.0, 0.0, 0.0, -59.99999999999999, 119.99999999999999, 0.0, 0.0, -45.0, -59.99999999999999, 0.0, 0.0, 0.0]",3.010201691897265,9.0182426491089,4.876566382251571,5.508595556037851,4.848916770784997,False
80,218.02592581629915,10,61.89015669004408,80.31941558511305,-12.043687113796333,15.883539835995519,0.0,88.33911588703504,4.936949510941519,-5.978011226144143,-15.909856805660965,0.5883034527713573,0.5883034527713573,0.0,0.0,0.9837738554373509,0.7042708509351823,1.0,36.14850786477166,17.606771273379557,57.6591815091244,218.02592581629915,"[-59.99999999999999, -59.99999999999999, 0.0, 0.0, 0.0, -75.0, -45.0, 0.0, 0.0, 0.0, -75.0, -45.0, 0.0, 0.0, -75.0, -59.99999999999999, 0.0, 0.0, 0.0, -150.0, 150.0, 0.0, 0.0, 0.0, 59.99999999999999, 59.99999999999999, 0.0, 0.0, 0.0, 0.0, -59.99999999999999, 105.00000000000001, -150.0, 135.0, 0.0, 0.0, 0.0, 0.0, -59.99999999999999, 119.99999999999999, 0.0, 0.0, -45.0, -29.999999999999996, 0.0, 0.0, 0.0]",3.010201691897265,9.0182426491089,4.876566382251571,5.508595556037851,4.848916770784997,False
81,218.0447893239369,10,61.89015669004408,80.31941558511305,-12.043687113796333,15.883539835995519,0.0,88.33911588703504,4.936949510941519,-5.978011226144143,-15.890993298023242,0.5883034527713573,0.5883034527713573,0.0,0.0,0.9837738554373509,0.7042708509351823,1.0,36.14850786477166,17.606771273379557,57.6591815091244,218.0447893239369,"[-45.0, -59.99999999999999, 0.0, 0.0, 0.0, -75.0, -45.0, 0.0, 0.0, 0.0, -75.0, -45.0, 0.0, 0.0, -75.0, -59.99999999999999, 0.0, 0.0, 0.0, -150.0, 150.0, 0.0, 0.0, 0.0, 59.99999999999999, 59.99999999999999, 0.0, 0.0, 0.0, 0.0, -59.99999999999999, 105.00000000000001, -150.0, 135.0, 0.0, 0.0, 0.0, 0.0, -59.99999999999999, 119.99999999999999, 0.0, 0.0, -45.0, -59.99999999999999, 0.0, 0.0, 0.0]",3.010201691897265,9.0182426491089,4.876566382251571,5.508595556037851,4.848916770784997,False
82,218.20286123461906,10,61.89015669004408,80.31941558511305,-12.043687113796333,15.883539835995519,0.0,88.33911588703504,4.936949510941519,-5.978011226144143,-15.732921387341069,0.5883034527713573,0.5883034527713573,0.0,0.0,0.9837738554373509,0.7042708509351823,1.0,36.14850786477166,17.606771273379557,57.6591815091244,218.20286123461906,"[-45.0, -59.99999999999999, 0.0, 0.0, 0.0, -75.0, -45.0, 0.0, 0.0, 0.0, -75.0, -45.0, 0.0, 0.0, -75.0, -59.99999999999999, 0.0, 0.0, 0.0, -150.0, 150.0, 0.0, 0.0, 0.0, 59.99999999999999, 59.99999999999999, 0.0, 0.0, 0.0, 0.0, -59.99999999999999, 105.00000000000001, -150.0, 135.0, 0.0, 0.0, 0.0, 0.0, -59.99999999999999, 119.99999999999999, 0.0, 0.0, -45.0, -29.999999999999996, 0.0, 0.0, 0.0]",3.010201691897265,9.0182426491089,4.876566382251571,5.508595556037851,4.848916770784997,False
83,218.62734098018518,10,69.97773554470326,74.58951936213522,-12.043687113796333,15.894296820286252,0.0,87.79595452114317,4.936949510941519,-6.4000101053910345,-16.71172101260825,0.5883034527713573,0.5883034527713573,0.0,0.0,0.9849314102298715,0.7047458266161053,1.0,36.25194984830658,17.61864566540263,57.587832240541715,218.62734098018518,"[-59.99999999999999, -59.99999999999999, 0.0, 0.0, 0.0, -75.0, -45.0, 0.0, 0.0, 0.0, -75.0, -45.0, 0.0, 0.0, -75.0, -59.99999999999999, 0.0, 0.0, 0.0, -150.0, 150.0, 0.0, 0.0, 0.0, 59.99999999999999, 59.99999999999999, 0.0, 0.0, 0.0, 0.0, -59.99999999999999, 105.00000000000001, -150.0, 135.0, 0.0, 0.0, 0.0, 0.0, -59.99999999999999, 130.0, 0.0, 0.0, -59.99999999999999, -45.0, 0.0, 0.0, 0.0]",3.0275075819851125,9.24106229685375,4.907105921580088,5.508595556037851,4.848916770784997,False
84,218.80427639850507,10,69.97773554470326,74.58951936213522,-12.043687113796333,15.894296820286252,0.0,87.79595452114317,4.936949510941519,-6.4000101053910345,-16.53478559428835,0.5883034527713573,0.5883034527713573,0.0,0.0,0.9849314102298715,0.7047458266161053,1.0,36.25194984830658,17.61864566540263,57.587832240541715,218.80427639850507,"[-45.0, -59.99999999999999, 0.0, 0.0, 0.0, -75.0, -45.0, 0.0, 0.0, 0.0, -75.0, -45.0, 0.0, 0.0, -75.0, -59.99999999999999, 0.0, 0.0, 0.0, -150.0, 150.0, 0.0, 0.0, 0.0, 59.99999999999999, 59.99999999999999, 0.0, 0.0, 0.0, 0.0, -59.99999999999999, 105.00000000000001, -150.0, 135.0, 0.0, 0.0, 0.0, 0.0, -59.99999999999999, 130.0, 0.0, 0.0, -59.99999999999999, -45.0, 0.0, 0.0, 0.0]",3.0275075819851125,9.24106229685375,4.907105921580088,5.508595556037851,4.848916770784997,False
85,218.81685408149676,10,61.89015669004408,62.95299120382419,-12.043687113796333,15.943739704013375,0.0,105.90656886820344,4.936949510941519,-7.693751030270481,-13.664417204234372,0.5883034527713573,0.5883034527713573,0.0,0.0,0.9872822239992275,0.7431510915253807,1.0,37.48412136843345,18.578777288134518,58.6900751162248,218.81685408149676,"[-59.99999999999999, -59.99999999999999, 0.0, 0.0, 0.0, -75.0, -45.0, 0.0, 0.0, 0.0, -75.0, -45.0, 0.0, 0.0, -75.0, -59.99999999999999, 0.0, 0.0, 0.0, -150.0, 150.0, 0.0, 0.0, 0.0, 59.99999999999999, 59.99999999999999, 0.0, 0.0, 0.0, 0.0, -59.99999999999999, 105.00000000000001, -150.0, 135.0, 0.0, 0.0, 0.0, 0.0, -59.99999999999999, 119.99999999999999, 0.0, 0.0, -59.99999999999999, 160.0, 0.0, 0.0, 0.0]",3.010201691897265,9.0182426491089,4.876566382251571,5.508595556037851,4.848916770784997,False
86,218.86297225232684,10,69.97773554470326,74.58951936213522,-12.043687113796333,15.894296820286252,0.0,87.79595452114317,4.936949510941519,-6.4000101053910345,-16.476089740466588,0.5883034527713573,0.5883034527713573,0.0,0.0,0.9849314102298715,0.7047458266161053,1.0,36.25194984830658,17.61864566540263,57.587832240541715,218.86297225232684,"[-59.99999999999999, -59.99999999999999, 0.0, 0.0, 0.0, -75.0, -45.0, 0.0, 0.0, 0.0, -75.0, -45.0, 0.0, 0.0, -75.0, -59.99999999999999, 0.0, 0.0, 0.0, -150.0, 150.0, 0.0, 0.0, 0.0, 59.99999999999999, 59.99999999999999, 0.0, 0.0, 0.0, 0.0, -59.99999999999999, 105.00000000000001, -150.0, 135.0, 0.0, 0.0, 0.0, 0.0, -59.99999999999999, 130.0, 0.0, 0.0, -59.99999999999999, -59.99999999999999, 0.0, 0.0, 0.0]",3.0275075819851125,9.24106229685375,4.907105921580088,5.508595556037851,4.848916770784997,False
87,218.885886088422,10,61.89015669004408,62.95299120382419,-12.043687113796333,15.943739704013375,0.0,105.90656886820344,4.936949510941519,-7.693751030270481,-13.595385197309117,0.5883034527713573,0.5883034527713573,0.0,0.0,0.9872822239992275,0.7431510915253807,1.0,37.48412136843345,18.578777288134518,58.6900751162248,218.885886088422,"[-59.99999999999999, -59.99999999999999, 0.0, 0.0, 0.0, -75.0, -45.0, 0.0, 0.0, 0.0, -75.0, -45.0, 0.0, 0.0, -75.0, -59.99999999999999, 0.0, 0.0, 0.0, -150.0, 150.0, 0.0, 0.0, 0.0, 59.99999999999999, 59.99999999999999, 0.0, 0.0, 0.0, 0.0, -59.99999999999999, 105.00000000000001, -150.0, 135.0, 0.0, 0.0, 0.0, 0.0, -59.99999999999999, 119.99999999999999, 0.0, 0.0, -59.99999999999999, 145.0, 0.0, 0.0, 0.0]",3.010201691897265,9.0182426491089,4.876566382251571,5.508595556037851,4.848916770784997,False
88,218.99378949981667,10,61.89015669004408,62.95299120382419,-12.043687113796333,15.943739704013375,0.0,105.90656886820344,4.936949510941519,-7.693751030270481,-13.487481785914476,0.5883034527713573,0.5883034527713573,0.0,0.0,0.9872822239992275,0.7431510915253807,1.0,37.48412136843345,18.578777288134518,58.6900751162248,218.99378949981667,"[-45.0, -59.99999999999999, 0.0, 0.0, 0.0, -75.0, -45.0, 0.0, 0.0, 0.0, -75.0, -45.0, 0.0, 0.0, -75.0, -59.99999999999999, 0.0, 0.0, 0.0, -150.0, 150.0, 0.0, 0.0, 0.0, 59.99999999999999, 59.99999999999999, 0.0, 0.0, 0.0, 0.0, -59.99999999999999, 105.00000000000001, -150.0, 135.0, 0.0, 0.0, 0.0, 0.0, -59.99999999999999, 119.99999999999999, 0.0, 0.0, -59.99999999999999, 160.0, 0.0, 0.0, 0.0]",3.010201691897265,9.0182426491089,4.876566382251571,5.508595556037851,4.848916770784997,False
89,219.00731130868263,10,61.89015669004408,62.95299120382419,-12.043687113796333,15.943739704013375,0.0,105.90656886820344,4.936949510941519,-7.693751030270481,-13.473959977048505,0.5883034527713573,0.5883034527713573,0.0,0.0,0.9872822239992275,0.7431510915253807,1.0,37.48412136843345,18.578777288134518,58.6900751162248,219.00731130868263,"[-59.99999999999999, -59.99999999999999, 0.0, 0.0, 0.0, -75.0, -45.0, 0.0, 0.0, 0.0, -75.0, -45.0, 0.0, 0.0, -75.0, -59.99999999999999, 0.0, 0.0, 0.0, -150.0, 150.0, 0.0, 0.0, 0.0, 59.99999999999999, 59.99999999999999, 0.0, 0.0, 0.0, 0.0, -59.99999999999999, 105.00000000000001, -150.0, 135.0, 0.0, 0.0, 0.0, 0.0, -59.99999999999999, 119.99999999999999, 0.0, 0.0, -59.99999999999999, 135.0, 0.0, 0.0, 0.0]",3.010201691897265,9.0182426491089,4.876566382251571,5.508595556037851,4.848916770784997,False
90,219.03990767064676,10,69.97773554470326,74.58951936213522,-12.043687113796333,15.894296820286252,0.0,87.79595452114317,4.936949510941519,-6.4000101053910345,-16.29915432214669,0.5883034527713573,0.5883034527713573,0.0,0.0,0.9849314102298715,0.7047458266161053,1.0,36.25194984830658,17.61864566540263,57.587832240541715,219.03990767064676,"[-45.0, -59.99999999999999, 0.0, 0.0, 0.0, -75.0, -45.0, 0.0, 0.0, 0.0, -75.0, -45.0, 0.0, 0.0, -75.0, -59.99999999999999, 0.0, 0.0, 0.0, -150.0, 150.0, 0.0, 0.0, 0.0, 59.99999999999999, 59.99999999999999, 0.0, 0.0, 0.0, 0.0, -59.99999999999999, 105.00000000000001, -150.0, 135.0, 0.0, 0.0, 0.0, 0.0, -59.99999999999999, 130.0, 0.0, 0.0, -59.99999999999999, -59.99999999999999, 0.0, 0.0, 0.0]",3.0275075819851125,9.24106229685375,4.907105921580088,5.508595556037851,4.848916770784997,False
91,219.06282150674193,10,61.89015669004408,62.95299120382419,-12.043687113796333,15.943739704013375,0.0,105.90656886820344,4.936949510941519,-7.693751030270481,-13.41844977898922,0.5883034527713573,0.5883034527713573,0.0,0.0,0.9872822239992275,0.7431510915253807,1.0,37.48412136843345,18.578777288134518,58.6900751162248,219.06282150674193,"[-45.0, -59.99999999999999, 0.0, 0.0, 0.0, -75.0, -45.0, 0.0, 0.0, 0.0, -75.0, -45.0, 0.0, 0.0, -75.0, -59.99999999999999, 0.0, 0.0, 0.0, -150.0, 150.0, 0.0, 0.0, 0.0, 59.99999999999999, 59.99999999999999, 0.0, 0.0, 0.0, 0.0, -59.99999999999999, 105.00000000000001, -150.0, 135.0, 0.0, 0.0, 0.0, 0.0, -59.99999999999999, 119.99999999999999, 0.0, 0.0, -59.99999999999999, 145.0, 0.0, 0.0, 0.0]",3.010201691897265,9.0182426491089,4.876566382251571,5.508595556037851,4.848916770784997,False
92,219.0953315477907,10,61.89015669004408,62.95299120382419,-12.043687113796333,15.943739704013375,0.0,105.90656886820344,4.936949510941519,-7.693751030270481,-13.38593973794046,0.5883034527713573,0.5883034527713573,0.0,0.0,0.9872822239992275,0.7431510915253807,1.0,37.48412136843345,18.578777288134518,58.6900751162248,219.0953315477907,"[-59.99999999999999, -59.99999999999999, 0.0, 0.0, 0.0, -75.0, -45.0, 0.0, 0.0, 0.0, -75.0, -45.0, 0.0, 0.0, -75.0, -59.99999999999999, 0.0, 0.0, 0.0, -150.0, 150.0, 0.0, 0.0, 0.0, 59.99999999999999, 59.99999999999999, 0.0, 0.0, 0.0, 0.0, -59.99999999999999, 105.00000000000001, -150.0, 135.0, 0.0, 0.0, 0.0, 0.0, -59.99999999999999, 119.99999999999999, 0.0, 0.0, -59.99999999999999, 130.0, 0.0, 0.0, 0.0]",3.010201691897265,9.0182426491089,4.876566382251571,5.508595556037851,4.848916770784997,False
93,219.09832869865147,10,69.97773554470326,74.58951936213522,-12.043687113796333,15.894296820286252,0.0,87.79595452114317,4.936949510941519,-6.4000101053910345,-16.240733294141968,0.5883034527713573,0.5883034527713573,0.0,0.0,0.9849314102298715,0.7047458266161053,1.0,36.25194984830658,17.61864566540263,57.587832240541715,219.09832869865147,"[-59.99999999999999, -59.99999999999999, 0.0, 0.0, 0.0, -75.0, -45.0, 0.0, 0.0, 0.0, -75.0, -45.0, 0.0, 0.0, -75.0, -59.99999999999999, 0.0, 0.0, 0.0, -150.0, 150.0, 0.0, 0.0, 0.0, 59.99999999999999, 59.99999999999999, 0.0, 0.0, 0.0, 0.0, -59.99999999999999, 105.00000000000001, -150.0, 135.0, 0.0, 0.0, 0.0, 0.0, -59.99999999999999, 130.0, 0.0, 0.0, -59.99999999999999, -29.999999999999996, 0.0, 0.0, 0.0]",3.0275075819851125,9.24106229685375,4.907105921580088,5.508595556037851,4.848916770784997,False
94,219.18424672700252,10,61.89015669004408,62.95299120382419,-12.043687113796333,15.943739704013375,0.0,105.90656886820344,4.936949510941519,-7.693751030270481,-13.297024558728609,0.5883034527713573,0.5883034527713573,0.0,0.0,0.9872822239992275,0.7431510915253807,1.0,37.48412136843345,18.578777288134518,58.6900751162248,219.18424672700252,"[-45.0, -59.99999999999999, 0.0, 0.0, 0.0, -75.0, -45.0, 0.0, 0.0, 0.0, -75.0, -45.0, 0.0, 0.0, -75.0, -59.99999999999999, 0.0, 0.0, 0.0, -150.0, 150.0, 0.0, 0.0, 0.0, 59.99999999999999, 59.99999999999999, 0.0, 0.0, 0.0, 0.0, -59.99999999999999, 105.00000000000001, -150.0, 135.0, 0.0, 0.0, 0.0, 0.0, -59.99999999999999, 119.99999999999999, 0.0, 0.0, -59.99999999999999, 135.0, 0.0, 0.0, 0.0]",3.010201691897265,9.0182426491089,4.876566382251571,5.508595556037851,4.848916770784997,False
95,219.27226696611058,10,61.89015669004408,62.95299120382419,-12.043687113796333,15.943739704013375,0.0,105.90656886820344,4.936949510941519,-7.693751030270481,-13.209004319620563,0.5883034527713573,0.5883034527713573,0.0,0.0,0.9872822239992275,0.7431510915253807,1.0,37.48412136843345,18.578777288134518,58.6900751162248,219.27226696611058,"[-45.0, -59.99999999999999, 0.0, 0.0, 0.0, -75.0, -45.0, 0.0, 0.0, 0.0, -75.0, -45.0, 0.0, 0.0, -75.0, -59.99999999999999, 0.0, 0.0, 0.0, -150.0, 150.0, 0.0, 0.0, 0.0, 59.99999999999999, 59.99999999999999, 0.0, 0.0, 0.0, 0.0, -59.99999999999999, 105.00000000000001, -150.0, 135.0, 0.0, 0.0, 0.0, 0.0, -59.99999999999999, 119.99999999999999, 0.0, 0.0, -59.99999999999999, 130.0, 0.0, 0.0, 0.0]",3.010201691897265,9.0182426491089,4.876566382251571,5.508595556037851,4.848916770784997,False
96,219.27526411697136,10,69.97773554470326,74.58951936213522,-12.043687113796333,15.894296820286252,0.0,87.79595452114317,4.936949510941519,-6.4000101053910345,-16.063797875822072,0.5883034527713573,0.5883034527713573,0.0,0.0,0.9849314102298715,0.7047458266161053,1.0,36.25194984830658,17.61864566540263,57.587832240541715,219.27526411697136,"[-45.0, -59.99999999999999, 0.0, 0.0, 0.0, -75.0, -45.0, 0.0, 0.0, 0.0, -75.0, -45.0, 0.0, 0.0, -75.0, -59.99999999999999, 0.0, 0.0, 0.0, -150.0, 150.0, 0.0, 0.0, 0.0, 59.99999999999999, 59.99999999999999, 0.0, 0.0, 0.0, 0.0, -59.99999999999999, 105.00000000000001, -150.0, 135.0, 0.0, 0.0, 0.0, 0.0, -59.99999999999999, 130.0, 0.0, 0.0, -59.99999999999999, -29.999999999999996, 0.0, 0.0, 0.0]",3.0275075819851125,9.24106229685375,4.907105921580088,5.508595556037851,4.848916770784997,False
97,219.32655715359422,10,61.89015669004408,62.95299120382419,-12.043687113796333,15.943739704013375,0.0,105.90656886820344,4.936949510941519,-7.693751030270481,-13.154714132136904,0.5883034527713573,0.5883034527713573,0.0,0.0,0.9872822239992275,0.7431510915253807,1.0,37.48412136843345,18.578777288134518,58.6900751162248,219.32655715359422,"[-59.99999999999999, -59.99999999999999, 0.0, 0.0, 0.0, -75.0, -45.0, 0.0, 0.0, 0.0, -75.0, -45.0, 0.0, 0.0, -75.0, -59.99999999999999, 0.0, 0.0, 0.0, -150.0, 150.0, 0.0, 0.0, 0.0, 59.99999999999999, 59.99999999999999, 0.0, 0.0, 0.0, 0.0, -59.99999999999999, 105.00000000000001, -150.0, 135.0, 0.0, 0.0, 0.0, 0.0, -59.99999999999999, 119.99999999999999, 0.0, 0.0, -59.99999999999999, 119.99999999999999, 0.0, 0.0, 0.0]",3.010201691897265,9.0182426491089,4.876566382251571,5.508595556037851,4.848916770784997,False
98,219.50349257191414,10,61.89015669004408,62.95299120382419,-12.043687113796333,15.943739704013375,0.0,105.90656886820344,4.936949510941519,-7.693751030270481,-12.977778713817008,0.5883034527713573,0.5883034527713573,0.0,0.0,0.9872822239992275,0.7431510915253807,1.0,37.48412136843345,18.578777288134518,58.6900751162248,219.50349257191414,"[-45.0, -59.99999999999999, 0.0, 0.0, 0.0, -75.0, -45.0, 0.0, 0.0, 0.0, -75.0, -45.0, 0.0, 0.0, -75.0, -59.99999999999999, 0.0, 0.0, 0.0, -150.0, 150.0, 0.0, 0.0, 0.0, 59.99999999999999, 59.99999999999999, 0.0, 0.0, 0.0, 0.0, -59.99999999999999, 105.00000000000001, -150.0, 135.0, 0.0, 0.0, 0.0, 0.0, -59.99999999999999, 119.99999999999999, 0.0, 0.0, -59.99999999999999, 119.99999999999999, 0.0, 0.0, 0.0]",3.010201691897265,9.0182426491089,4.876566382251571,5.508595556037851,4.848916770784997,False
99,219.57192561935742,10,54.483766246357426,55.90797052129393,-6.893277418506074,15.80586840281807,0.0,111.32007731730614,4.936949510941519,-3.7978645499086894,-12.779867863716294,0.5883034527713573,0.5883034527713573,0.0,0.0,0.9887054605007487,0.7633573063569605,1.0,37.82016777004377,19.083932658924013,58.67386102901917,219.57192561935742,"[-59.99999999999999, -59.99999999999999, 0.0, 0.0, 0.0, -75.0, -45.0, 0.0, 0.0, 0.0, -75.0, -45.0, 0.0, 0.0, -75.0, -59.99999999999999, 0.0, 0.0, 0.0, -150.0, 150.0, 0.0, 0.0, 0.0, 59.99999999999999, 59.99999999999999, 0.0, 0.0, 0.0, 0.0, -59.99999999999999, 105.00000000000001, -150.0, 150.0, 0.0, 0.0, 0.0, 0.0, -75.0, 105.00000000000001, 0.0, 0.0, -45.0, 135.0, 0.0, 0.0, 0.0]",2.9852693541863653,8.801023061002677,4.868168453698888,5.508595556037851,4.848916770784997,False
100,219.74464575525644,10,54.483766246357426,55.90797052129393,-6.893277418506074,15.80586840281807,0.0,111.32007731730614,4.936949510941519,-3.7978645499086894,-12.607147727817289,0.5883034527713573,0.5883034527713573,0.0,0.0,0.9887054605007487,0.7633573063569605,1.0,37.82016777004377,19.083932658924013,58.67386102901917,219.74464575525644,"[-59.99999999999999, -59.99999999999999, 0.0, 0.0, 0.0, -75.0, -45.0, 0.0, 0.0, 0.0, -75.0, -45.0, 0.0, 0.0, -75.0, -59.99999999999999, 0.0, 0.0, 0.0, -150.0, 150.0, 0.0, 0.0, 0.0, 59.99999999999999, 59.99999999999999, 0.0, 0.0, 0.0, 0.0, -59.99999999999999, 105.00000000000001, -150.0, 150.0, 0.0, 0.0, 0.0, 0.0, -75.0, 105.00000000000001, 0.0, 0.0, -45.0, 119.99999999999999, 0.0, 0.0, 0.0]",2.9852693541863653,8.801023061002677,4.868168453698888,5.508595556037851,4.848916770784997,False
101,219.74886103767733,10,54.483766246357426,55.90797052129393,-6.893277418506074,15.80586840281807,0.0,111.32007731730614,4.936949510941519,-3.7978645499086894,-12.602932445396398,0.5883034527713573,0.5883034527713573,0.0,0.0,0.9887054605007487,0.7633573063569605,1.0,37.82016777004377,19.083932658924013,58.67386102901917,219.74886103767733,"[-45.0, -59.99999999999999, 0.0, 0.0, 0.0, -75.0, -45.0, 0.0, 0.0, 0.0, -75.0, -45.0, 0.0, 0.0, -75.0, -59.99999999999999, 0.0, 0.0, 0.0, -150.0, 150.0, 0.0, 0.0, 0.0, 59.99999999999999, 59.99999999999999, 0.0, 0.0, 0.0, 0.0, -59.99999999999999, 105.00000000000001, -150.0, 150.0, 0.0, 0.0, 0.0, 0.0, -75.0, 105.00000000000001, 0.0, 0.0, -45.0, 135.0, 0.0, 0.0, 0.0]",2.9852693541863653,8.801023061002677,4.868168453698888,5.508595556037851,4.848916770784997,False
102,219.78551042694386,10,61.89015669004408,62.95299120382419,-12.043687113796333,15.943739704013375,0.0,105.90656886820344,4.936949510941519,-7.693751030270481,-12.695760858787281,0.5883034527713573,0.5883034527713573,0.0,0.0,0.9872822239992275,0.7431510915253807,1.0,37.48412136843345,18.578777288134518,58.6900751162248,219.78551042694386,"[-59.99999999999999, -59.99999999999999, 0.0, 0.0, 0.0, -75.0, -45.0, 0.0, 0.0, 0.0, -75.0, -45.0, 0.0, 0.0, -75.0, -59.99999999999999, 0.0, 0.0, 0.0, -150.0, 150.0, 0.0, 0.0, 0.0, 59.99999999999999, 59.99999999999999, 0.0, 0.0, 0.0, 0.0, -59.99999999999999, 105.00000000000001, -150.0, 135.0, 0.0, 0.0, 0.0, 0.0, -59.99999999999999, 119.99999999999999, 0.0, 0.0, -59.99999999999999, 105.00000000000001, 0.0, 0.0, 0.0]",3.010201691897265,9.0182426491089,4.876566382251571,5.508595556037851,4.848916770784997,False
103,219.92158117357633,10,54.483766246357426,55.90797052129393,-6.893277418506074,15.80586840281807,0.0,111.32007731730614,4.936949510941519,-3.7978645499086894,-12.430212309497392,0.5883034527713573,0.5883034527713573,0.0,0.0,0.9887054605007487,0.7633573063569605,1.0,37.82016777004377,19.083932658924013,58.67386102901917,219.92158117357633,"[-45.0, -59.99999999999999, 0.0, 0.0, 0.0, -75.0, -45.0, 0.0, 0.0, 0.0, -75.0, -45.0, 0.0, 0.0, -75.0, -59.99999999999999, 0.0, 0.0, 0.0, -150.0, 150.0, 0.0, 0.0, 0.0, 59.99999999999999, 59.99999999999999, 0.0, 0.0, 0.0, 0.0, -59.99999999999999, 105.00000000000001, -150.0, 150.0, 0.0, 0.0, 0.0, 0.0, -75.0, 105.00000000000001, 0.0, 0.0, -45.0, 119.99999999999999, 0.0, 0.0, 0.0]",2.9852693541863653,8.801023061002677,4.868168453698888,5.508595556037851,4.848916770784997,False
104,219.96244584526374,10,61.89015669004408,62.95299120382419,-12.043687113796333,15.943739704013375,0.0,105.90656886820344,4.936949510941519,-7.693751030270481,-12.518825440467385,0.5883034527713573,0.5883034527713573,0.0,0.0,0.9872822239992275,0.7431510915253807,1.0,37.48412136843345,18.578777288134518,58.6900751162248,219.96244584526374,"[-45.0, -59.99999999999999, 0.0, 0.0, 0.0, -75.0, -45.0, 0.0, 0.0, 0.0, -75.0, -45.0, 0.0, 0.0, -75.0, -59.99999999999999, 0.0, 0.0, 0.0, -150.0, 150.0, 0.0, 0.0, 0.0, 59.99999999999999, 59.99999999999999, 0.0, 0.0, 0.0, 0.0, -59.99999999999999, 105.00000000000001, -150.0, 135.0, 0.0, 0.0, 0.0, 0.0, -59.99999999999999, 119.99999999999999, 0.0, 0.0, -59.99999999999999, 105.00000000000001, 0.0, 0.0, 0.0]",3.010201691897265,9.0182426491089,4.876566382251571,5.508595556037851,4.848916770784997,False
105,219.98891792033268,10,54.483766246357426,55.90797052129393,-6.893277418506074,15.80586840281807,0.0,111.32007731730614,4.936949510941519,-3.7978645499086894,-12.362875562741026,0.5883034527713573,0.5883034527713573,0.0,0.0,0.9887054605007487,0.7633573063569605,1.0,37.82016777004377,19.083932658924013,58.67386102901917,219.98891792033268,"[-59.99999999999999, -59.99999999999999, 0.0, 0.0, 0.0, -75.0, -45.0, 0.0, 0.0, 0.0, -75.0, -45.0, 0.0, 0.0, -75.0, -59.99999999999999, 0.0, 0.0, 0.0, -150.0, 150.0, 0.0, 0.0, 0.0, 59.99999999999999, 59.99999999999999, 0.0, 0.0, 0.0, 0.0, -59.99999999999999, 105.00000000000001, -150.0, 150.0, 0.0, 0.0, 0.0, 0.0, -75.0, 105.00000000000001, 0.0, 0.0, -45.0, 105.00000000000001, 0.0, 0.0, 0.0]",2.9852693541863653,8.801023061002677,4.868168453698888,5.508595556037851,4.848916770784997,False
106,220.1658533386526,10,54.483766246357426,55.90797052129393,-6.893277418506074,15.80586840281807,0.0,111.32007731730614,4.936949510941519,-3.7978645499086894,-12.18594014442113,0.5883034527713573,0.5883034527713573,0.0,0.0,0.9887054605007487,0.7633573063569605,1.0,37.82016777004377,19.083932658924013,58.67386102901917,220.1658533386526,"[-45.0, -59.99999999999999, 0.0, 0.0, 0.0, -75.0, -45.0, 0.0, 0.0, 0.0, -75.0, -45.0, 0.0, 0.0, -75.0, -59.99999999999999, 0.0, 0.0, 0.0, -150.0, 150.0, 0.0, 0.0, 0.0, 59.99999999999999, 59.99999999999999, 0.0, 0.0, 0.0, 0.0, -59.99999999999999, 105.00000000000001, -150.0, 150.0, 0.0, 0.0, 0.0, 0.0, -75.0, 105.00000000000001, 0.0, 0.0, -45.0, 105.00000000000001, 0.0, 0.0, 0.0]",2.9852693541863653,8.801023061002677,4.868168453698888,5.508595556037851,4.848916770784997,False
107,220.4762730558492,10,61.89015669004408,80.31941558511305,-12.043687113796333,15.883539835995519,0.0,88.33911588703504,4.936949510941519,-5.978011226144143,-13.459509566110938,0.5883034527713573,0.5883034527713573,0.0,0.0,0.9837738554373509,0.7042708509351823,1.0,36.14850786477166,17.606771273379557,57.6591815091244,220.4762730558492,"[-59.99999999999999, -59.99999999999999, 0.0, 0.0, 0.0, -75.0, -45.0, 0.0, 0.0, 0.0, -75.0, -45.0, 0.0, 0.0, -75.0, -59.99999999999999, 0.0, 0.0, 0.0, -150.0, 150.0, 0.0, 0.0, 0.0, 59.99999999999999, 59.99999999999999, 0.0, 0.0, 0.0, 0.0, -59.99999999999999, 105.00000000000001, -150.0, 135.0, 0.0, 0.0, 0.0, 0.0, -59.99999999999999, 119.99999999999999, 0.0, 0.0, -45.0, 135.0, 0.0, 0.0, 0.0]",3.010201691897265,9.0182426491089,4.876566382251571,5.508595556037851,4.848916770784997,False
108,220.6489931917482,10,61.89015669004408,80.31941558511305,-12.043687113796333,15.883539835995519,0.0,88.33911588703504,4.936949510941519,-5.978011226144143,-13.286789430211932,0.5883034527713573,0.5883034527713573,0.0,0.0,0.9837738554373509,0.7042708509351823,1.0,36.14850786477166,17.606771273379557,57.6591815091244,220.6489931917482,"[-59.99999999999999, -59.99999999999999, 0.0, 0.0, 0.0, -75.0, -45.0, 0.0, 0.0, 0.0, -75.0, -45.0, 0.0, 0.0, -75.0, -59.99999999999999, 0.0, 0.0, 0.0, -150.0, 150.0, 0.0, 0.0, 0.0, 59.99999999999999, 59.99999999999999, 0.0, 0.0, 0.0, 0.0, -59.99999999999999, 105.00000000000001, -150.0, 135.0, 0.0, 0.0, 0.0, 0.0, -59.99999999999999, 119.99999999999999, 0.0, 0.0, -45.0, 119.99999999999999, 0.0, 0.0, 0.0]",3.010201691897265,9.0182426491089,4.876566382251571,5.508595556037851,4.848916770784997,False
109,220.65320847416908,10,61.89015669004408,80.31941558511305,-12.043687113796333,15.883539835995519,0.0,88.33911588703504,4.936949510941519,-5.978011226144143,-13.282574147791042,0.5883034527713573,0.5883034527713573,0.0,0.0,0.9837738554373509,0.7042708509351823,1.0,36.14850786477166,17.606771273379557,57.6591815091244,220.65320847416908,"[-45.0, -59.99999999999999, 0.0, 0.0, 0.0, -75.0, -45.0, 0.0, 0.0, 0.0, -75.0, -45.0, 0.0, 0.0, -75.0, -59.99999999999999, 0.0, 0.0, 0.0, -150.0, 150.0, 0.0, 0.0, 0.0, 59.99999999999999, 59.99999999999999, 0.0, 0.0, 0.0, 0.0, -59.99999999999999, 105.00000000000001, -150.0, 135.0, 0.0, 0.0, 0.0, 0.0, -59.99999999999999, 119.99999999999999, 0.0, 0.0, -45.0, 135.0, 0.0, 0.0, 0.0]",3.010201691897265,9.0182426491089,4.876566382251571,5.508595556037851,4.848916770784997,False
110,220.8259286100681,10,61.89015669004408,80.31941558511305,-12.043687113796333,15.883539835995519,0.0,88.33911588703504,4.936949510941519,-5.978011226144143,-13.109854011892036,0.5883034527713573,0.5883034527713573,0.0,0.0,0.9837738554373509,0.7042708509351823,1.0,36.14850786477166,17.606771273379557,57.6591815091244,220.8259286100681,"[-45.0, -59.99999999999999, 0.0, 0.0, 0.0, -75.0, -45.0, 0.0, 0.0, 0.0, -75.0, -45.0, 0.0, 0.0, -75.0, -59.99999999999999, 0.0, 0.0, 0.0, -150.0, 150.0, 0.0, 0.0, 0.0, 59.99999999999999, 59.99999999999999, 0.0, 0.0, 0.0, 0.0, -59.99999999999999, 105.00000000000001, -150.0, 135.0, 0.0, 0.0, 0.0, 0.0, -59.99999999999999, 119.99999999999999, 0.0, 0.0, -45.0, 119.99999999999999, 0.0, 0.0, 0.0]",3.010201691897265,9.0182426491089,4.876566382251571,5.508595556037851,4.848916770784997,False
111,220.89326535682446,10,61.89015669004408,80.31941558511305,-12.043687113796333,15.883539835995519,0.0,88.33911588703504,4.936949510941519,-5.978011226144143,-13.04251726513567,0.5883034527713573,0.5883034527713573,0.0,0.0,0.9837738554373509,0.7042708509351823,1.0,36.14850786477166,17.606771273379557,57.6591815091244,220.89326535682446,"[-59.99999999999999, -59.99999999999999, 0.0, 0.0, 0.0, -75.0, -45.0, 0.0, 0.0, 0.0, -75.0, -45.0, 0.0, 0.0, -75.0, -59.99999999999999, 0.0, 0.0, 0.0, -150.0, 150.0, 0.0, 0.0, 0.0, 59.99999999999999, 59.99999999999999, 0.0, 0.0, 0.0, 0.0, -59.99999999999999, 105.00000000000001, -150.0, 135.0, 0.0, 0.0, 0.0, 0.0, -59.99999999999999, 119.99999999999999, 0.0, 0.0, -45.0, 105.00000000000001, 0.0, 0.0, 0.0]",3.010201691897265,9.0182426491089,4.876566382251571,5.508595556037851,4.848916770784997,False
112,221.07020077514434,10,61.89015669004408,80.31941558511305,-12.043687113796333,15.883539835995519,0.0,88.33911588703504,4.936949510941519,-5.978011226144143,-12.865581846815774,0.5883034527713573,0.5883034527713573,0.0,0.0,0.9837738554373509,0.7042708509351823,1.0,36.14850786477166,17.606771273379557,57.6591815091244,221.07020077514434,"[-45.0, -59.99999999999999, 0.0, 0.0, 0.0, -75.0, -45.0, 0.0, 0.0, 0.0, -75.0, -45.0, 0.0, 0.0, -75.0, -59.99999999999999, 0.0, 0.0, 0.0, -150.0, 150.0, 0.0, 0.0, 0.0, 59.99999999999999, 59.99999999999999, 0.0, 0.0, 0.0, 0.0, -59.99999999999999, 105.00000000000001, -150.0, 135.0, 0.0, 0.0, 0.0, 0.0, -59.99999999999999, 119.99999999999999, 0.0, 0.0, -45.0, 105.00000000000001, 0.0, 0.0, 0.0]",3.010201691897265,9.0182426491089,4.876566382251571,5.508595556037851,4.848916770784997,False
113,221.44341918275552,10,69.97773554470326,74.58951936213522,-12.043687113796333,15.894296820286252,0.0,87.79595452114317,4.936949510941519,-6.4000101053910345,-13.895642810037927,0.5883034527713573,0.5883034527713573,0.0,0.0,0.9849314102298715,0.7047458266161053,1.0,36.25194984830658,17.61864566540263,57.587832240541715,221.44341918275552,"[-59.99999999999999, -59.99999999999999, 0.0, 0.0, 0.0, -75.0, -45.0, 0.0, 0.0, 0.0, -75.0, -45.0, 0.0, 0.0, -75.0, -59.99999999999999, 0.0, 0.0, 0.0, -150.0, 150.0, 0.0, 0.0, 0.0, 59.99999999999999, 59.99999999999999, 0.0, 0.0, 0.0, 0.0, -59.99999999999999, 105.00000000000001, -150.0, 135.0, 0.0, 0.0, 0.0, 0.0, -59.99999999999999, 130.0, 0.0, 0.0, -59.99999999999999, 160.0, 0.0, 0.0, 0.0]",3.0275075819851125,9.24106229685375,4.907105921580088,5.508595556037851,4.848916770784997,False
114,221.51245118968075,10,69.97773554470326,74.58951936213522,-12.043687113796333,15.894296820286252,0.0,87.79595452114317,4.936949510941519,-6.4000101053910345,-13.826610803112672,0.5883034527713573,0.5883034527713573,0.0,0.0,0.9849314102298715,0.7047458266161053,1.0,36.25194984830658,17.61864566540263,57.587832240541715,221.51245118968075,"[-59.99999999999999, -59.99999999999999, 0.0, 0.0, 0.0, -75.0, -45.0, 0.0, 0.0, 0.0, -75.0, -45.0, 0.0, 0.0, -75.0, -59.99999999999999, 0.0, 0.0, 0.0, -150.0, 150.0, 0.0, 0.0, 0.0, 59.99999999999999, 59.99999999999999, 0.0, 0.0, 0.0, 0.0, -59.99999999999999, 105.00000000000001, -150.0, 135.0, 0.0, 0.0, 0.0, 0.0, -59.99999999999999, 130.0, 0.0, 0.0, -59.99999999999999, 145.0, 0.0, 0.0, 0.0]",3.0275075819851125,9.24106229685375,4.907105921580088,5.508595556037851,4.848916770784997,False
115,221.6203546010754,10,69.97773554470326,74.58951936213522,-12.043687113796333,15.894296820286252,0.0,87.79595452114317,4.936949510941519,-6.4000101053910345,-13.71870739171803,0.5883034527713573,0.5883034527713573,0.0,0.0,0.9849314102298715,0.7047458266161053,1.0,36.25194984830658,17.61864566540263,57.587832240541715,221.6203546010754,"[-45.0, -59.99999999999999, 0.0, 0.0, 0.0, -75.0, -45.0, 0.0, 0.0, 0.0, -75.0, -45.0, 0.0, 0.0, -75.0, -59.99999999999999, 0.0, 0.0, 0.0, -150.0, 150.0, 0.0, 0.0, 0.0, 59.99999999999999, 59.99999999999999, 0.0, 0.0, 0.0, 0.0, -59.99999999999999, 105.00000000000001, -150.0, 135.0, 0.0, 0.0, 0.0, 0.0, -59.99999999999999, 130.0, 0.0, 0.0, -59.99999999999999, 160.0, 0.0, 0.0, 0.0]",3.0275075819851125,9.24106229685375,4.907105921580088,5.508595556037851,4.848916770784997,False
116,221.63387640994137,10,69.97773554470326,74.58951936213522,-12.043687113796333,15.894296820286252,0.0,87.79595452114317,4.936949510941519,-6.4000101053910345,-13.70518558285206,0.5883034527713573,0.5883034527713573,0.0,0.0,0.9849314102298715,0.7047458266161053,1.0,36.25194984830658,17.61864566540263,57.587832240541715,221.63387640994137,"[-59.99999999999999, -59.99999999999999, 0.0, 0.0, 0.0, -75.0, -45.0, 0.0, 0.0, 0.0, -75.0, -45.0, 0.0, 0.0, -75.0, -59.99999999999999, 0.0, 0.0, 0.0, -150.0, 150.0, 0.0, 0.0, 0.0, 59.99999999999999, 59.99999999999999, 0.0, 0.0, 0.0, 0.0, -59.99999999999999, 105.00000000000001, -150.0, 135.0, 0.0, 0.0, 0.0, 0.0, -59.99999999999999, 130.0, 0.0, 0.0, -59.99999999999999, 135.0, 0.0, 0.0, 0.0]",3.0275075819851125,9.24106229685375,4.907105921580088,5.508595556037851,4.848916770784997,False
117,221.68938660800066,10,69.97773554470326,74.58951936213522,-12.043687113796333,15.894296820286252,0.0,87.79595452114317,4.936949510941519,-6.4000101053910345,-13.649675384792776,0.5883034527713573,0.5883034527713573,0.0,0.0,0.9849314102298715,0.7047458266161053,1.0,36.25194984830658,17.61864566540263,57.587832240541715,221.68938660800066,"[-45.0, -59.99999999999999, 0.0, 0.0, 0.0, -75.0, -45.0, 0.0, 0.0, 0.0, -75.0, -45.0, 0.0, 0.0, -75.0, -59.99999999999999, 0.0, 0.0, 0.0, -150.0, 150.0, 0.0, 0.0, 0.0, 59.99999999999999, 59.99999999999999, 0.0, 0.0, 0.0, 0.0, -59.99999999999999, 105.00000000000001, -150.0, 135.0, 0.0, 0.0, 0.0, 0.0, -59.99999999999999, 130.0, 0.0, 0.0, -59.99999999999999, 145.0, 0.0, 0.0, 0.0]",3.0275075819851125,9.24106229685375,4.907105921580088,5.508595556037851,4.848916770784997,False
118,221.72189664904943,10,69.97773554470326,74.58951936213522,-12.043687113796333,15.894296820286252,0.0,87.79595452114317,4.936949510941519,-6.4000101053910345,-13.617165343744015,0.5883034527713573,0.5883034527713573,0.0,0.0,0.9849314102298715,0.7047458266161053,1.0,36.25194984830658,17.61864566540263,57.587832240541715,221.72189664904943,"[-59.99999999999999, -59.99999999999999, 0.0, 0.0, 0.0, -75.0, -45.0, 0.0, 0.0, 0.0, -75.0, -45.0, 0.0, 0.0, -75.0, -59.99999999999999, 0.0, 0.0, 0.0, -150.0, 150.0, 0.0, 0.0, 0.0, 59.99999999999999, 59.99999999999999, 0.0, 0.0, 0.0, 0.0, -59.99999999999999, 105.00000000000001, -150.0, 135.0, 0.0, 0.0, 0.0, 0.0, -59.99999999999999, 130.0, 0.0, 0.0, -59.99999999999999, 130.0, 0.0, 0.0, 0.0]",3.0275075819851125,9.24106229685375,4.907105921580088,5.508595556037851,4.848916770784997,False
119,221.81081182826128,10,69.97773554470326,74.58951936213522,-12.043687113796333,15.894296820286252,0.0,87.79595452114317,4.936949510941519,-6.4000101053910345,-13.528250164532164,0.5883034527713573,0.5883034527713573,0.0,0.0,0.9849314102298715,0.7047458266161053,1.0,36.25194984830658,17.61864566540263,57.587832240541715,221.81081182826128,"[-45.0, -59.99999999999999, 0.0, 0.0, 0.0, -75.0, -45.0, 0.0, 0.0, 0.0, -75.0, -45.0, 0.0, 0.0, -75.0, -59.99999999999999, 0.0, 0.0, 0.0, -150.0, 150.0, 0.0, 0.0, 0.0, 59.99999999999999, 59.99999999999999, 0.0, 0.0, 0.0, 0.0, -59.99999999999999, 105.00000000000001, -150.0, 135.0, 0.0, 0.0, 0.0, 0.0, -59.99999999999999, 130.0, 0.0, 0.0, -59.99999999999999, 135.0, 0.0, 0.0, 0.0]",3.0275075819851125,9.24106229685375,4.907105921580088,5.508595556037851,4.848916770784997,False
120,221.8988320673693,10,69.97773554470326,74.58951936213522,-12.043687113796333,15.894296820286252,0.0,87.79595452114317,4.936949510941519,-6.4000101053910345,-13.440229925424118,0.5883034527713573,0.5883034527713573,0.0,0.0,0.9849314102298715,0.7047458266161053,1.0,36.25194984830658,17.61864566540263,57.587832240541715,221.8988320673693,"[-45.0, -59.99999999999999, 0.0, 0.0, 0.0, -75.0, -45.0, 0.0, 0.0, 0.0, -75.0, -45.0, 0.0, 0.0, -75.0, -59.99999999999999, 0.0, 0.0, 0.0, -150.0, 150.0, 0.0, 0.0, 0.0, 59.99999999999999, 59.99999999999999, 0.0, 0.0, 0.0, 0.0, -59.99999999999999, 105.00000000000001, -150.0, 135.0, 0.0, 0.0, 0.0, 0.0, -59.99999999999999, 130.0, 0.0, 0.0, -59.99999999999999, 130.0, 0.0, 0.0, 0.0]",3.0275075819851125,9.24106229685375,4.907105921580088,5.508595556037851,4.848916770784997,False
121,221.95312225485299,10,69.97773554470326,74.58951936213522,-12.043687113796333,15.894296820286252,0.0,87.79595452114317,4.936949510941519,-6.4000101053910345,-13.38593973794046,0.5883034527713573,0.5883034527713573,0.0,0.0,0.9849314102298715,0.7047458266161053,1.0,36.25194984830658,17.61864566540263,57.587832240541715,221.95312225485299,"[-59.99999999999999, -59.99999999999999, 0.0, 0.0, 0.0, -75.0, -45.0, 0.0, 0.0, 0.0, -75.0, -45.0, 0.0, 0.0, -75.0, -59.99999999999999, 0.0, 0.0, 0.0, -150.0, 150.0, 0.0, 0.0, 0.0, 59.99999999999999, 59.99999999999999, 0.0, 0.0, 0.0, 0.0, -59.99999999999999, 105.00000000000001, -150.0, 135.0, 0.0, 0.0, 0.0, 0.0, -59.99999999999999, 130.0, 0.0, 0.0, -59.99999999999999, 119.99999999999999, 0.0, 0.0, 0.0]",3.0275075819851125,9.24106229685375,4.907105921580088,5.508595556037851,4.848916770784997,False
122,222.13005767317287,10,69.97773554470326,74.58951936213522,-12.043687113796333,15.894296820286252,0.0,87.79595452114317,4.936949510941519,-6.4000101053910345,-13.209004319620563,0.5883034527713573,0.5883034527713573,0.0,0.0,0.9849314102298715,0.7047458266161053,1.0,36.25194984830658,17.61864566540263,57.587832240541715,222.13005767317287,"[-45.0, -59.99999999999999, 0.0, 0.0, 0.0, -75.0, -45.0, 0.0, 0.0, 0.0, -75.0, -45.0, 0.0, 0.0, -75.0, -59.99999999999999, 0.0, 0.0, 0.0, -150.0, 150.0, 0.0, 0.0, 0.0, 59.99999999999999, 59.99999999999999, 0.0, 0.0, 0.0, 0.0, -59.99999999999999, 105.00000000000001, -150.0, 135.0, 0.0, 0.0, 0.0, 0.0, -59.99999999999999, 130.0, 0.0, 0.0, -59.99999999999999, 119.99999999999999, 0.0, 0.0, 0.0]",3.0275075819851125,9.24106229685375,4.907105921580088,5.508595556037851,4.848916770784997,False
123,222.34772736674904,10,64.8313977919447,61.216091044791895,-6.893277418506074,15.790155069984735,0.0,105.95245470366527,4.936949510941519,-7.500862763102486,-16.5734840257419,0.5883034527713573,0.5883034527713573,0.0,0.0,0.9876331129202442,0.7480093266057439,1.0,37.319756236245844,18.700233165143597,58.11005752279175,222.34772736674904,"[-59.99999999999999, -59.99999999999999, 0.0, 0.0, 0.0, -75.0, -45.0, 0.0, 0.0, 0.0, -75.0, -45.0, 0.0, 0.0, -75.0, -59.99999999999999, 0.0, 0.0, 0.0, -150.0, 150.0, 0.0, 0.0, 0.0, 59.99999999999999, 59.99999999999999, 0.0, 0.0, 0.0, 0.0, -59.99999999999999, 105.00000000000001, -150.0, 150.0, 0.0, 0.0, 0.0, 0.0, -75.0, 119.99999999999999, 0.0, 0.0, -59.99999999999999, -45.0, 0.0, 0.0, 0.0]",3.0076356639027075,9.100872055265077,4.910477707034492,5.508595556037851,4.848916770784997,False
124,222.4120755282026,10,69.97773554470326,74.58951936213522,-12.043687113796333,15.894296820286252,0.0,87.79595452114317,4.936949510941519,-6.4000101053910345,-12.926986464590836,0.5883034527713573,0.5883034527713573,0.0,0.0,0.9849314102298715,0.7047458266161053,1.0,36.25194984830658,17.61864566540263,57.587832240541715,222.4120755282026,"[-59.99999999999999, -59.99999999999999, 0.0, 0.0, 0.0, -75.0, -45.0, 0.0, 0.0, 0.0, -75.0, -45.0, 0.0, 0.0, -75.0, -59.99999999999999, 0.0, 0.0, 0.0, -150.0, 150.0, 0.0, 0.0, 0.0, 59.99999999999999, 59.99999999999999, 0.0, 0.0, 0.0, 0.0, -59.99999999999999, 105.00000000000001, -150.0, 135.0, 0.0, 0.0, 0.0, 0.0, -59.99999999999999, 130.0, 0.0, 0.0, -59.99999999999999, 105.00000000000001, 0.0, 0.0, 0.0]",3.0275075819851125,9.24106229685375,4.907105921580088,5.508595556037851,4.848916770784997,False
125,222.52466278506893,10,64.8313977919447,61.216091044791895,-6.893277418506074,15.790155069984735,0.0,105.95245470366527,4.936949510941519,-7.500862763102486,-16.396548607422005,0.5883034527713573,0.5883034527713573,0.0,0.0,0.9876331129202442,0.7480093266057439,1.0,37.319756236245844,18.700233165143597,58.11005752279175,222.52466278506893,"[-45.0, -59.99999999999999, 0.0, 0.0, 0.0, -75.0, -45.0, 0.0, 0.0, 0.0, -75.0, -45.0, 0.0, 0.0, -75.0, -59.99999999999999, 0.0, 0.0, 0.0, -150.0, 150.0, 0.0, 0.0, 0.0, 59.99999999999999, 59.99999999999999, 0.0, 0.0, 0.0, 0.0, -59.99999999999999, 105.00000000000001, -150.0, 150.0, 0.0, 0.0, 0.0, 0.0, -75.0, 119.99999999999999, 0.0, 0.0, -59.99999999999999, -45.0, 0.0, 0.0, 0.0]",3.0076356639027075,9.100872055265077,4.910477707034492,5.508595556037851,4.848916770784997,False
126,222.5833586388907,10,64.8313977919447,61.216091044791895,-6.893277418506074,15.790155069984735,0.0,105.95245470366527,4.936949510941519,-7.500862763102486,-16.33785275360024,0.5883034527713573,0.5883034527713573,0.0,0.0,0.9876331129202442,0.7480093266057439,1.0,37.319756236245844,18.700233165143597,58.11005752279175,222.5833586388907,"[-59.99999999999999, -59.99999999999999, 0.0, 0.0, 0.0, -75.0, -45.0, 0.0, 0.0, 0.0, -75.0, -45.0, 0.0, 0.0, -75.0, -59.99999999999999, 0.0, 0.0, 0.0, -150.0, 150.0, 0.0, 0.0, 0.0, 59.99999999999999, 59.99999999999999, 0.0, 0.0, 0.0, 0.0, -59.99999999999999, 105.00000000000001, -150.0, 150.0, 0.0, 0.0, 0.0, 0.0, -75.0, 119.99999999999999, 0.0, 0.0, -59.99999999999999, -59.99999999999999, 0.0, 0.0, 0.0]",3.0076356639027075,9.100872055265077,4.910477707034492,5.508595556037851,4.848916770784997,False
127,222.58901094652248,10,69.97773554470326,74.58951936213522,-12.043687113796333,15.894296820286252,0.0,87.79595452114317,4.936949510941519,-6.4000101053910345,-12.75005104627094,0.5883034527713573,0.5883034527713573,0.0,0.0,0.9849314102298715,0.7047458266161053,1.0,36.25194984830658,17.61864566540263,57.587832240541715,222.58901094652248,"[-45.0, -59.99999999999999, 0.0, 0.0, 0.0, -75.0, -45.0, 0.0, 0.0, 0.0, -75.0, -45.0, 0.0, 0.0, -75.0, -59.99999999999999, 0.0, 0.0, 0.0, -150.0, 150.0, 0.0, 0.0, 0.0, 59.99999999999999, 59.99999999999999, 0.0, 0.0, 0.0, 0.0, -59.99999999999999, 105.00000000000001, -150.0, 135.0, 0.0, 0.0, 0.0, 0.0, -59.99999999999999, 130.0, 0.0, 0.0, -59.99999999999999, 105.00000000000001, 0.0, 0.0, 0.0]",3.0275075819851125,9.24106229685375,4.907105921580088,5.508595556037851,4.848916770784997,False
128,222.7602940572106,10,64.8313977919447,61.216091044791895,-6.893277418506074,15.790155069984735,0.0,105.95245470366527,4.936949510941519,-7.500862763102486,-16.160917335280345,0.5883034527713573,0.5883034527713573,0.0,0.0,0.9876331129202442,0.7480093266057439,1.0,37.319756236245844,18.700233165143597,58.11005752279175,222.7602940572106,"[-45.0, -59.99999999999999, 0.0, 0.0, 0.0, -75.0, -45.0, 0.0, 0.0, 0.0, -75.0, -45.0, 0.0, 0.0, -75.0, -59.99999999999999, 0.0, 0.0, 0.0, -150.0, 150.0, 0.0, 0.0, 0.0, 59.99999999999999, 59.99999999999999, 0.0, 0.0, 0.0, 0.0, -59.99999999999999, 105.00000000000001, -150.0, 150.0, 0.0, 0.0, 0.0, 0.0, -75.0, 119.99999999999999, 0.0, 0.0, -59.99999999999999, -59.99999999999999, 0.0, 0.0, 0.0]",3.0076356639027075,9.100872055265077,4.910477707034492,5.508595556037851,4.848916770784997,False
129,222.8187150852153,10,64.8313977919447,61.216091044791895,-6.893277418506074,15.790155069984735,0.0,105.95245470366527,4.936949510941519,-7.500862763102486,-16.10249630727562,0.5883034527713573,0.5883034527713573,0.0,0.0,0.9876331129202442,0.7480093266057439,1.0,37.319756236245844,18.700233165143597,58.11005752279175,222.8187150852153,"[-59.99999999999999, -59.99999999999999, 0.0, 0.0, 0.0, -75.0, -45.0, 0.0, 0.0, 0.0, -75.0, -45.0, 0.0, 0.0, -75.0, -59.99999999999999, 0.0, 0.0, 0.0, -150.0, 150.0, 0.0, 0.0, 0.0, 59.99999999999999, 59.99999999999999, 0.0, 0.0, 0.0, 0.0, -59.99999999999999, 105.00000000000001, -150.0, 150.0, 0.0, 0.0, 0.0, 0.0, -75.0, 119.99999999999999, 0.0, 0.0, -59.99999999999999, -29.999999999999996, 0.0, 0.0, 0.0]",3.0076356639027075,9.100872055265077,4.910477707034492,5.508595556037851,4.848916770784997,False
130,222.99565050353522,10,64.8313977919447,61.216091044791895,-6.893277418506074,15.790155069984735,0.0,105.95245470366527,4.936949510941519,-7.500862763102486,-15.925560888955722,0.5883034527713573,0.5883034527713573,0.0,0.0,0.9876331129202442,0.7480093266057439,1.0,37.319756236245844,18.700233165143597,58.11005752279175,222.99565050353522,"[-45.0, -59.99999999999999, 0.0, 0.0, 0.0, -75.0, -45.0, 0.0, 0.0, 0.0, -75.0, -45.0, 0.0, 0.0, -75.0, -59.99999999999999, 0.0, 0.0, 0.0, -150.0, 150.0, 0.0, 0.0, 0.0, 59.99999999999999, 59.99999999999999, 0.0, 0.0, 0.0, 0.0, -59.99999999999999, 105.00000000000001, -150.0, 150.0, 0.0, 0.0, 0.0, 0.0, -75.0, 119.99999999999999, 0.0, 0.0, -59.99999999999999, -29.999999999999996, 0.0, 0.0, 0.0]",3.0076356639027075,9.100872055265077,4.910477707034492,5.508595556037851,4.848916770784997,False
131,223.92901494826356,10,44.03963894406941,110.38297772554077,-12.043687113796333,15.883366710194455,0.0,80.37748273816743,4.936949510941519,-3.7978645499086894,-16.438152469716382,0.5883034527713573,0.5883034527713573,0.0,0.0,0.9777004085402947,0.6851747279264115,1.0,36.10067822691834,17.12936819816029,58.591875578183426,223.92901494826356,"[-59.99999999999999, -59.99999999999999, 0.0, 0.0, 0.0, -75.0, -45.0, 0.0, 0.0, 0.0, -75.0, -45.0, 0.0, 0.0, -75.0, -59.99999999999999, 0.0, 0.0, 0.0, -150.0, 150.0, 0.0, 0.0, 0.0, 59.99999999999999, 59.99999999999999, 0.0, 0.0, 0.0, 0.0, -59.99999999999999, 105.00000000000001, -150.0, 135.0, 0.0, 0.0, 0.0, 0.0, -45.0, 119.99999999999999, 0.0, 0.0, -45.0, -45.0, 0.0, 0.0, 0.0]",2.99221721077413,8.467815322558646,4.801931333650573,5.508595556037851,4.848916770784997,False
132,224.10595036658344,10,44.03963894406941,110.38297772554077,-12.043687113796333,15.883366710194455,0.0,80.37748273816743,4.936949510941519,-3.7978645499086894,-16.261217051396486,0.5883034527713573,0.5883034527713573,0.0,0.0,0.9777004085402947,0.6851747279264115,1.0,36.10067822691834,17.12936819816029,58.591875578183426,224.10595036658344,"[-45.0, -59.99999999999999, 0.0, 0.0, 0.0, -75.0, -45.0, 0.0, 0.0, 0.0, -75.0, -45.0, 0.0, 0.0, -75.0, -59.99999999999999, 0.0, 0.0, 0.0, -150.0, 150.0, 0.0, 0.0, 0.0, 59.99999999999999, 59.99999999999999, 0.0, 0.0, 0.0, 0.0, -59.99999999999999, 105.00000000000001, -150.0, 135.0, 0.0, 0.0, 0.0, 0.0, -45.0, 119.99999999999999, 0.0, 0.0, -45.0, -45.0, 0.0, 0.0, 0.0]",2.99221721077413,8.467815322558646,4.801931333650573,5.508595556037851,4.848916770784997,False
133,224.16716340356177,10,44.03963894406941,110.38297772554077,-12.043687113796333,15.883366710194455,0.0,80.37748273816743,4.936949510941519,-3.7978645499086894,-16.200004014418166,0.5883034527713573,0.5883034527713573,0.0,0.0,0.9777004085402947,0.6851747279264115,1.0,36.10067822691834,17.12936819816029,58.591875578183426,224.16716340356177,"[-59.99999999999999, -59.99999999999999, 0.0, 0.0, 0.0, -75.0, -45.0, 0.0, 0.0, 0.0, -75.0, -45.0, 0.0, 0.0, -75.0, -59.99999999999999, 0.0, 0.0, 0.0, -150.0, 150.0, 0.0, 0.0, 0.0, 59.99999999999999, 59.99999999999999, 0.0, 0.0, 0.0, 0.0, -59.99999999999999, 105.00000000000001, -150.0, 135.0, 0.0, 0.0, 0.0, 0.0, -45.0, 119.99999999999999, 0.0, 0.0, -45.0, -59.99999999999999, 0.0, 0.0, 0.0]",2.99221721077413,8.467815322558646,4.801931333650573,5.508595556037851,4.848916770784997,False
134,224.1724943438686,10,69.97773554470326,63.6588243606466,-12.043687113796333,15.952801048369784,0.0,104.87124027148059,4.936949510941519,-7.532794885573096,-16.236877845675096,0.5883034527713573,0.5883034527713573,0.0,0.0,0.9871396314422937,0.7395692269981222,1.0,37.6143963902694,18.489230674953056,58.57447860409733,224.1724943438686,"[-59.99999999999999, -59.99999999999999, 0.0, 0.0, 0.0, -75.0, -45.0, 0.0, 0.0, 0.0, -75.0, -45.0, 0.0, 0.0, -75.0, -59.99999999999999, 0.0, 0.0, 0.0, -150.0, 150.0, 0.0, 0.0, 0.0, 59.99999999999999, 59.99999999999999, 0.0, 0.0, 0.0, 0.0, -59.99999999999999, 105.00000000000001, -150.0, 135.0, 0.0, 0.0, 0.0, 0.0, -59.99999999999999, 130.0, 0.0, 0.0, -75.0, -45.0, 0.0, 0.0, 0.0]",3.0275075819851125,9.24106229685375,4.907105921580088,5.508595556037851,4.848916770784997,False
135,224.32523531424394,10,44.03963894406941,110.38297772554077,-12.043687113796333,15.883366710194455,0.0,80.37748273816743,4.936949510941519,-3.7978645499086894,-16.04193210373599,0.5883034527713573,0.5883034527713573,0.0,0.0,0.9777004085402947,0.6851747279264115,1.0,36.10067822691834,17.12936819816029,58.591875578183426,224.32523531424394,"[-59.99999999999999, -59.99999999999999, 0.0, 0.0, 0.0, -75.0, -45.0, 0.0, 0.0, 0.0, -75.0, -45.0, 0.0, 0.0, -75.0, -59.99999999999999, 0.0, 0.0, 0.0, -150.0, 150.0, 0.0, 0.0, 0.0, 59.99999999999999, 59.99999999999999, 0.0, 0.0, 0.0, 0.0, -59.99999999999999, 105.00000000000001, -150.0, 135.0, 0.0, 0.0, 0.0, 0.0, -45.0, 119.99999999999999, 0.0, 0.0, -45.0, -29.999999999999996, 0.0, 0.0, 0.0]",2.99221721077413,8.467815322558646,4.801931333650573,5.508595556037851,4.848916770784997,False
136,224.33826688124242,10,69.97773554470326,63.6588243606466,-12.043687113796333,15.952801048369784,0.0,104.87124027148059,4.936949510941519,-7.532794885573096,-16.07110530830127,0.5883034527713573,0.5883034527713573,0.0,0.0,0.9871396314422937,0.7395692269981222,1.0,37.6143963902694,18.489230674953056,58.57447860409733,224.33826688124242,"[-59.99999999999999, -59.99999999999999, 0.0, 0.0, 0.0, -75.0, -45.0, 0.0, 0.0, 0.0, -75.0, -45.0, 0.0, 0.0, -75.0, -59.99999999999999, 0.0, 0.0, 0.0, -150.0, 150.0, 0.0, 0.0, 0.0, 59.99999999999999, 59.99999999999999, 0.0, 0.0, 0.0, 0.0, -59.99999999999999, 105.00000000000001, -150.0, 135.0, 0.0, 0.0, 0.0, 0.0, -59.99999999999999, 130.0, 0.0, 0.0, -75.0, -59.99999999999999, 0.0, 0.0, 0.0]",3.0275075819851125,9.24106229685375,4.907105921580088,5.508595556037851,4.848916770784997,False
137,224.3440988218817,10,44.03963894406941,110.38297772554077,-12.043687113796333,15.883366710194455,0.0,80.37748273816743,4.936949510941519,-3.7978645499086894,-16.02306859609827,0.5883034527713573,0.5883034527713573,0.0,0.0,0.9777004085402947,0.6851747279264115,1.0,36.10067822691834,17.12936819816029,58.591875578183426,224.3440988218817,"[-45.0, -59.99999999999999, 0.0, 0.0, 0.0, -75.0, -45.0, 0.0, 0.0, 0.0, -75.0, -45.0, 0.0, 0.0, -75.0, -59.99999999999999, 0.0, 0.0, 0.0, -150.0, 150.0, 0.0, 0.0, 0.0, 59.99999999999999, 59.99999999999999, 0.0, 0.0, 0.0, 0.0, -59.99999999999999, 105.00000000000001, -150.0, 135.0, 0.0, 0.0, 0.0, 0.0, -45.0, 119.99999999999999, 0.0, 0.0, -45.0, -59.99999999999999, 0.0, 0.0, 0.0]",2.99221721077413,8.467815322558646,4.801931333650573,5.508595556037851,4.848916770784997,False
138,224.3494297621885,10,69.97773554470326,63.6588243606466,-12.043687113796333,15.952801048369784,0.0,104.87124027148059,4.936949510941519,-7.532794885573096,-16.0599424273552,0.5883034527713573,0.5883034527713573,0.0,0.0,0.9871396314422937,0.7395692269981222,1.0,37.6143963902694,18.489230674953056,58.57447860409733,224.3494297621885,"[-45.0, -59.99999999999999, 0.0, 0.0, 0.0, -75.0, -45.0, 0.0, 0.0, 0.0, -75.0, -45.0, 0.0, 0.0, -75.0, -59.99999999999999, 0.0, 0.0, 0.0, -150.0, 150.0, 0.0, 0.0, 0.0, 59.99999999999999, 59.99999999999999, 0.0, 0.0, 0.0, 0.0, -59.99999999999999, 105.00000000000001, -150.0, 135.0, 0.0, 0.0, 0.0, 0.0, -59.99999999999999, 130.0, 0.0, 0.0, -75.0, -45.0, 0.0, 0.0, 0.0]",3.0275075819851125,9.24106229685375,4.907105921580088,5.508595556037851,4.848916770784997,False
139,224.50217073256385,10,44.03963894406941,110.38297772554077,-12.043687113796333,15.883366710194455,0.0,80.37748273816743,4.936949510941519,-3.7978645499086894,-15.864996685416097,0.5883034527713573,0.5883034527713573,0.0,0.0,0.9777004085402947,0.6851747279264115,1.0,36.10067822691834,17.12936819816029,58.591875578183426,224.50217073256385,"[-45.0, -59.99999999999999, 0.0, 0.0, 0.0, -75.0, -45.0, 0.0, 0.0, 0.0, -75.0, -45.0, 0.0, 0.0, -75.0, -59.99999999999999, 0.0, 0.0, 0.0, -150.0, 150.0, 0.0, 0.0, 0.0, 59.99999999999999, 59.99999999999999, 0.0, 0.0, 0.0, 0.0, -59.99999999999999, 105.00000000000001, -150.0, 135.0, 0.0, 0.0, 0.0, 0.0, -45.0, 119.99999999999999, 0.0, 0.0, -45.0, -29.999999999999996, 0.0, 0.0, 0.0]",2.99221721077413,8.467815322558646,4.801931333650573,5.508595556037851,4.848916770784997,False
140,224.5152022995623,10,69.97773554470326,63.6588243606466,-12.043687113796333,15.952801048369784,0.0,104.87124027148059,4.936949510941519,-7.532794885573096,-15.894169889981374,0.5883034527713573,0.5883034527713573,0.0,0.0,0.9871396314422937,0.7395692269981222,1.0,37.6143963902694,18.489230674953056,58.57447860409733,224.5152022995623,"[-45.0, -59.99999999999999, 0.0, 0.0, 0.0, -75.0, -45.0, 0.0, 0.0, 0.0, -75.0, -45.0, 0.0, 0.0, -75.0, -59.99999999999999, 0.0, 0.0, 0.0, -150.0, 150.0, 0.0, 0.0, 0.0, 59.99999999999999, 59.99999999999999, 0.0, 0.0, 0.0, 0.0, -59.99999999999999, 105.00000000000001, -150.0, 135.0, 0.0, 0.0, 0.0, 0.0, -59.99999999999999, 130.0, 0.0, 0.0, -75.0, -59.99999999999999, 0.0, 0.0, 0.0]",3.0275075819851125,9.24106229685375,4.907105921580088,5.508595556037851,4.848916770784997,False
141,224.653887782181,10,69.97773554470326,63.6588243606466,-12.043687113796333,15.952801048369784,0.0,104.87124027148059,4.936949510941519,-7.532794885573096,-15.755484407362705,0.5883034527713573,0.5883034527713573,0.0,0.0,0.9871396314422937,0.7395692269981222,1.0,37.6143963902694,18.489230674953056,58.57447860409733,224.653887782181,"[-59.99999999999999, -59.99999999999999, 0.0, 0.0, 0.0, -75.0, -45.0, 0.0, 0.0, 0.0, -75.0, -45.0, 0.0, 0.0, -75.0, -59.99999999999999, 0.0, 0.0, 0.0, -150.0, 150.0, 0.0, 0.0, 0.0, 59.99999999999999, 59.99999999999999, 0.0, 0.0, 0.0, 0.0, -59.99999999999999, 105.00000000000001, -150.0, 135.0, 0.0, 0.0, 0.0, 0.0, -59.99999999999999, 130.0, 0.0, 0.0, -75.0, -29.999999999999996, 0.0, 0.0, 0.0]",3.0275075819851125,9.24106229685375,4.907105921580088,5.508595556037851,4.848916770784997,False
142,224.83082320050087,10,69.97773554470326,63.6588243606466,-12.043687113796333,15.952801048369784,0.0,104.87124027148059,4.936949510941519,-7.532794885573096,-15.578548989042808,0.5883034527713573,0.5883034527713573,0.0,0.0,0.9871396314422937,0.7395692269981222,1.0,37.6143963902694,18.489230674953056,58.57447860409733,224.83082320050087,"[-45.0, -59.99999999999999, 0.0, 0.0, 0.0, -75.0, -45.0, 0.0, 0.0, 0.0, -75.0, -45.0, 0.0, 0.0, -75.0, -59.99999999999999, 0.0, 0.0, 0.0, -150.0, 150.0, 0.0, 0.0, 0.0, 59.99999999999999, 59.99999999999999, 0.0, 0.0, 0.0, 0.0, -59.99999999999999, 105.00000000000001, -150.0, 135.0, 0.0, 0.0, 0.0, 0.0, -59.99999999999999, 130.0, 0.0, 0.0, -75.0, -29.999999999999996, 0.0, 0.0, 0.0]",3.0275075819851125,9.24106229685375,4.907105921580088,5.508595556037851,4.848916770784997,False
143,225.16380556931935,10,64.8313977919447,61.216091044791895,-6.893277418506074,15.790155069984735,0.0,105.95245470366527,4.936949510941519,-7.500862763102486,-13.75740582317158,0.5883034527713573,0.5883034527713573,0.0,0.0,0.9876331129202442,0.7480093266057439,1.0,37.319756236245844,18.700233165143597,58.11005752279175,225.16380556931935,"[-59.99999999999999, -59.99999999999999, 0.0, 0.0, 0.0, -75.0, -45.0, 0.0, 0.0, 0.0, -75.0, -45.0, 0.0, 0.0, -75.0, -59.99999999999999, 0.0, 0.0, 0.0, -150.0, 150.0, 0.0, 0.0, 0.0, 59.99999999999999, 59.99999999999999, 0.0, 0.0, 0.0, 0.0, -59.99999999999999, 105.00000000000001, -150.0, 150.0, 0.0, 0.0, 0.0, 0.0, -75.0, 119.99999999999999, 0.0, 0.0, -59.99999999999999, 160.0, 0.0, 0.0, 0.0]",3.0076356639027075,9.100872055265077,4.910477707034492,5.508595556037851,4.848916770784997,False
144,225.2328375762446,10,64.8313977919447,61.216091044791895,-6.893277418506074,15.790155069984735,0.0,105.95245470366527,4.936949510941519,-7.500862763102486,-13.688373816246324,0.5883034527713573,0.5883034527713573,0.0,0.0,0.9876331129202442,0.7480093266057439,1.0,37.319756236245844,18.700233165143597,58.11005752279175,225.2328375762446,"[-59.99999999999999, -59.99999999999999, 0.0, 0.0, 0.0, -75.0, -45.0, 0.0, 0.0, 0.0, -75.0, -45.0, 0.0, 0.0, -75.0, -59.99999999999999, 0.0, 0.0, 0.0, -150.0, 150.0, 0.0, 0.0, 0.0, 59.99999999999999, 59.99999999999999, 0.0, 0.0, 0.0, 0.0, -59.99999999999999, 105.00000000000001, -150.0, 150.0, 0.0, 0.0, 0.0, 0.0, -75.0, 119.99999999999999, 0.0, 0.0, -59.99999999999999, 145.0, 0.0, 0.0, 0.0]",3.0076356639027075,9.100872055265077,4.910477707034492,5.508595556037851,4.848916770784997,False
145,225.34074098763924,10,64.8313977919447,61.216091044791895,-6.893277418506074,15.790155069984735,0.0,105.95245470366527,4.936949510941519,-7.500862763102486,-13.580470404851683,0.5883034527713573,0.5883034527713573,0.0,0.0,0.9876331129202442,0.7480093266057439,1.0,37.319756236245844,18.700233165143597,58.11005752279175,225.34074098763924,"[-45.0, -59.99999999999999, 0.0, 0.0, 0.0, -75.0, -45.0, 0.0, 0.0, 0.0, -75.0, -45.0, 0.0, 0.0, -75.0, -59.99999999999999, 0.0, 0.0, 0.0, -150.0, 150.0, 0.0, 0.0, 0.0, 59.99999999999999, 59.99999999999999, 0.0, 0.0, 0.0, 0.0, -59.99999999999999, 105.00000000000001, -150.0, 150.0, 0.0, 0.0, 0.0, 0.0, -75.0, 119.99999999999999, 0.0, 0.0, -59.99999999999999, 160.0, 0.0, 0.0, 0.0]",3.0076356639027075,9.100872055265077,4.910477707034492,5.508595556037851,4.848916770784997,False
146,225.35426279650522,10,64.8313977919447,61.216091044791895,-6.893277418506074,15.790155069984735,0.0,105.95245470366527,4.936949510941519,-7.500862763102486,-13.566948595985712,0.5883034527713573,0.5883034527713573,0.0,0.0,0.9876331129202442,0.7480093266057439,1.0,37.319756236245844,18.700233165143597,58.11005752279175,225.35426279650522,"[-59.99999999999999, -59.99999999999999, 0.0, 0.0, 0.0, -75.0, -45.0, 0.0, 0.0, 0.0, -75.0, -45.0, 0.0, 0.0, -75.0, -59.99999999999999, 0.0, 0.0, 0.0, -150.0, 150.0, 0.0, 0.0, 0.0, 59.99999999999999, 59.99999999999999, 0.0, 0.0, 0.0, 0.0, -59.99999999999999, 105.00000000000001, -150.0, 150.0, 0.0, 0.0, 0.0, 0.0, -75.0, 119.99999999999999, 0.0, 0.0, -59.99999999999999, 135.0, 0.0, 0.0, 0.0]",3.0076356639027075,9.100872055265077,4.910477707034492,5.508595556037851,4.848916770784997,False
147,225.4097729945645,10,64.8313977919447,61.216091044791895,-6.893277418506074,15.790155069984735,0.0,105.95245470366527,4.936949510941519,-7.500862763102486,-13.511438397926428,0.5883034527713573,0.5883034527713573,0.0,0.0,0.9876331129202442,0.7480093266057439,1.0,37.319756236245844,18.700233165143597,58.11005752279175,225.4097729945645,"[-45.0, -59.99999999999999, 0.0, 0.0, 0.0, -75.0, -45.0, 0.0, 0.0, 0.0, -75.0, -45.0, 0.0, 0.0, -75.0, -59.99999999999999, 0.0, 0.0, 0.0, -150.0, 150.0, 0.0, 0.0, 0.0, 59.99999999999999, 59.99999999999999, 0.0, 0.0, 0.0, 0.0, -59.99999999999999, 105.00000000000001, -150.0, 150.0, 0.0, 0.0, 0.0, 0.0, -75.0, 119.99999999999999, 0.0, 0.0, -59.99999999999999, 145.0, 0.0, 0.0, 0.0]",3.0076356639027075,9.100872055265077,4.910477707034492,5.508595556037851,4.848916770784997,False
148,225.44228303561326,10,64.8313977919447,61.216091044791895,-6.893277418506074,15.790155069984735,0.0,105.95245470366527,4.936949510941519,-7.500862763102486,-13.478928356877667,0.5883034527713573,0.5883034527713573,0.0,0.0,0.9876331129202442,0.7480093266057439,1.0,37.319756236245844,18.700233165143597,58.11005752279175,225.44228303561326,"[-59.99999999999999, -59.99999999999999, 0.0, 0.0, 0.0, -75.0, -45.0, 0.0, 0.0, 0.0, -75.0, -45.0, 0.0, 0.0, -75.0, -59.99999999999999, 0.0, 0.0, 0.0, -150.0, 150.0, 0.0, 0.0, 0.0, 59.99999999999999, 59.99999999999999, 0.0, 0.0, 0.0, 0.0, -59.99999999999999, 105.00000000000001, -150.0, 150.0, 0.0, 0.0, 0.0, 0.0, -75.0, 119.99999999999999, 0.0, 0.0, -59.99999999999999, 130.0, 0.0, 0.0, 0.0]",3.0076356639027075,9.100872055265077,4.910477707034492,5.508595556037851,4.848916770784997,False
149,225.5311982148251,10,64.8313977919447,61.216091044791895,-6.893277418506074,15.790155069984735,0.0,105.95245470366527,4.936949510941519,-7.500862763102486,-13.390013177665816,0.5883034527713573,0.5883034527713573,0.0,0.0,0.9876331129202442,0.7480093266057439,1.0,37.319756236245844,18.700233165143597,58.11005752279175,225.5311982148251,"[-45.0, -59.99999999999999, 0.0, 0.0, 0.0, -75.0, -45.0, 0.0, 0.0, 0.0, -75.0, -45.0, 0.0, 0.0, -75.0, -59.99999999999999, 0.0, 0.0, 0.0, -150.0, 150.0, 0.0, 0.0, 0.0, 59.99999999999999, 59.99999999999999, 0.0, 0.0, 0.0, 0.0, -59.99999999999999, 105.00000000000001, -150.0, 150.0, 0.0, 0.0, 0.0, 0.0, -75.0, 119.99999999999999, 0.0, 0.0, -59.99999999999999, 135.0, 0.0, 0.0, 0.0]",3.0076356639027075,9.100872055265077,4.910477707034492,5.508595556037851,4.848916770784997,False
150,225.58003075444586,10,74.33259024745811,68.6652894749912,-12.043687113796333,15.927826407809826,0.0,97.23396600636272,4.936949510941519,-7.736309147309425,-16.32489808478314,0.5883034527713573,0.5883034527713573,0.0,0.0,0.9861282243484865,0.7229637307797888,1.0,37.002285905409124,18.07409326949472,58.07715493875679,225.58003075444586,"[-59.99999999999999, -59.99999999999999, 0.0, 0.0, 0.0, -75.0, -45.0, 0.0, 0.0, 0.0, -75.0, -45.0, 0.0, 0.0, -75.0, -59.99999999999999, 0.0, 0.0, 0.0, -150.0, 150.0, 0.0, 0.0, 0.0, 59.99999999999999, 59.99999999999999, 0.0, 0.0, 0.0, 0.0, -59.99999999999999, 105.00000000000001, -150.0, 135.0, 0.0, 0.0, 0.0, 0.0, -59.99999999999999, 135.0, 0.0, 0.0, -75.0, -45.0, 0.0, 0.0, 0.0]",3.0367806578848158,9.35571239195711,4.922682733184839,5.508595556037851,4.848916770784997,False
151,225.61921845393317,10,64.8313977919447,61.216091044791895,-6.893277418506074,15.790155069984735,0.0,105.95245470366527,4.936949510941519,-7.500862763102486,-13.30199293855777,0.5883034527713573,0.5883034527713573,0.0,0.0,0.9876331129202442,0.7480093266057439,1.0,37.319756236245844,18.700233165143597,58.11005752279175,225.61921845393317,"[-45.0, -59.99999999999999, 0.0, 0.0, 0.0, -75.0, -45.0, 0.0, 0.0, 0.0, -75.0, -45.0, 0.0, 0.0, -75.0, -59.99999999999999, 0.0, 0.0, 0.0, -150.0, 150.0, 0.0, 0.0, 0.0, 59.99999999999999, 59.99999999999999, 0.0, 0.0, 0.0, 0.0, -59.99999999999999, 105.00000000000001, -150.0, 150.0, 0.0, 0.0, 0.0, 0.0, -75.0, 119.99999999999999, 0.0, 0.0, -59.99999999999999, 130.0, 0.0, 0.0, 0.0]",3.0076356639027075,9.100872055265077,4.910477707034492,5.508595556037851,4.848916770784997,False
152,225.67350864141682,10,64.8313977919447,61.216091044791895,-6.893277418506074,15.790155069984735,0.0,105.95245470366527,4.936949510941519,-7.500862763102486,-13.247702751074112,0.5883034527713573,0.5883034527713573,0.0,0.0,0.9876331129202442,0.7480093266057439,1.0,37.319756236245844,18.700233165143597,58.11005752279175,225.67350864141682,"[-59.99999999999999, -59.99999999999999, 0.0, 0.0, 0.0, -75.0, -45.0, 0.0, 0.0, 0.0, -75.0, -45.0, 0.0, 0.0, -75.0, -59.99999999999999, 0.0, 0.0, 0.0, -150.0, 150.0, 0.0, 0.0, 0.0, 59.99999999999999, 59.99999999999999, 0.0, 0.0, 0.0, 0.0, -59.99999999999999, 105.00000000000001, -150.0, 150.0, 0.0, 0.0, 0.0, 0.0, -75.0, 119.99999999999999, 0.0, 0.0, -59.99999999999999, 119.99999999999999, 0.0, 0.0, 0.0]",3.0076356639027075,9.100872055265077,4.910477707034492,5.508595556037851,4.848916770784997,False
153,225.7458032918197,10,74.33259024745811,68.6652894749912,-12.043687113796333,15.927826407809826,0.0,97.23396600636272,4.936949510941519,-7.736309147309425,-16.159125547409317,0.5883034527713573,0.5883034527713573,0.0,0.0,0.9861282243484865,0.7229637307797888,1.0,37.002285905409124,18.07409326949472,58.07715493875679,225.7458032918197,"[-59.99999999999999, -59.99999999999999, 0.0, 0.0, 0.0, -75.0, -45.0, 0.0, 0.0, 0.0, -75.0, -45.0, 0.0, 0.0, -75.0, -59.99999999999999, 0.0, 0.0, 0.0, -150.0, 150.0, 0.0, 0.0, 0.0, 59.99999999999999, 59.99999999999999, 0.0, 0.0, 0.0, 0.0, -59.99999999999999, 105.00000000000001, -150.0, 135.0, 0.0, 0.0, 0.0, 0.0, -59.99999999999999, 135.0, 0.0, 0.0, -75.0, -59.99999999999999, 0.0, 0.0, 0.0]",3.0367806578848158,9.35571239195711,4.922682733184839,5.508595556037851,4.848916770784997,False
154,225.75696617276577,10,74.33259024745811,68.6652894749912,-12.043687113796333,15.927826407809826,0.0,97.23396600636272,4.936949510941519,-7.736309147309425,-16.147962666463243,0.5883034527713573,0.5883034527713573,0.0,0.0,0.9861282243484865,0.7229637307797888,1.0,37.002285905409124,18.07409326949472,58.07715493875679,225.75696617276577,"[-45.0, -59.99999999999999, 0.0, 0.0, 0.0, -75.0, -45.0, 0.0, 0.0, 0.0, -75.0, -45.0, 0.0, 0.0, -75.0, -59.99999999999999, 0.0, 0.0, 0.0, -150.0, 150.0, 0.0, 0.0, 0.0, 59.99999999999999, 59.99999999999999, 0.0, 0.0, 0.0, 0.0, -59.99999999999999, 105.00000000000001, -150.0, 135.0, 0.0, 0.0, 0.0, 0.0, -59.99999999999999, 135.0, 0.0, 0.0, -75.0, -45.0, 0.0, 0.0, 0.0]",3.0367806578848158,9.35571239195711,4.922682733184839,5.508595556037851,4.848916770784997,False
155,225.85044405973673,10,64.8313977919447,61.216091044791895,-6.893277418506074,15.790155069984735,0.0,105.95245470366527,4.936949510941519,-7.500862763102486,-13.070767332754215,0.5883034527713573,0.5883034527713573,0.0,0.0,0.9876331129202442,0.7480093266057439,1.0,37.319756236245844,18.700233165143597,58.11005752279175,225.85044405973673,"[-45.0, -59.99999999999999, 0.0, 0.0, 0.0, -75.0, -45.0, 0.0, 0.0, 0.0, -75.0, -45.0, 0.0, 0.0, -75.0, -59.99999999999999, 0.0, 0.0, 0.0, -150.0, 150.0, 0.0, 0.0, 0.0, 59.99999999999999, 59.99999999999999, 0.0, 0.0, 0.0, 0.0, -59.99999999999999, 105.00000000000001, -150.0, 150.0, 0.0, 0.0, 0.0, 0.0, -75.0, 119.99999999999999, 0.0, 0.0, -59.99999999999999, 119.99999999999999, 0.0, 0.0, 0.0]",3.0076356639027075,9.100872055265077,4.910477707034492,5.508595556037851,4.848916770784997,False
156,225.92273871013958,10,74.33259024745811,68.6652894749912,-12.043687113796333,15.927826407809826,0.0,97.23396600636272,4.936949510941519,-7.736309147309425,-15.98219012908942,0.5883034527713573,0.5883034527713573,0.0,0.0,0.9861282243484865,0.7229637307797888,1.0,37.002285905409124,18.07409326949472,58.07715493875679,225.92273871013958,"[-45.0, -59.99999999999999, 0.0, 0.0, 0.0, -75.0, -45.0, 0.0, 0.0, 0.0, -75.0, -45.0, 0.0, 0.0, -75.0, -59.99999999999999, 0.0, 0.0, 0.0, -150.0, 150.0, 0.0, 0.0, 0.0, 59.99999999999999, 59.99999999999999, 0.0, 0.0, 0.0, 0.0, -59.99999999999999, 105.00000000000001, -150.0, 135.0, 0.0, 0.0, 0.0, 0.0, -59.99999999999999, 135.0, 0.0, 0.0, -75.0, -59.99999999999999, 0.0, 0.0, 0.0]",3.0367806578848158,9.35571239195711,4.922682733184839,5.508595556037851,4.848916770784997,False
157,226.06142419275824,10,74.33259024745811,68.6652894749912,-12.043687113796333,15.927826407809826,0.0,97.23396600636272,4.936949510941519,-7.736309147309425,-15.843504646470752,0.5883034527713573,0.5883034527713573,0.0,0.0,0.9861282243484865,0.7229637307797888,1.0,37.002285905409124,18.07409326949472,58.07715493875679,226.06142419275824,"[-59.99999999999999, -59.99999999999999, 0.0, 0.0, 0.0, -75.0, -45.0, 0.0, 0.0, 0.0, -75.0, -45.0, 0.0, 0.0, -75.0, -59.99999999999999, 0.0, 0.0, 0.0, -150.0, 150.0, 0.0, 0.0, 0.0, 59.99999999999999, 59.99999999999999, 0.0, 0.0, 0.0, 0.0, -59.99999999999999, 105.00000000000001, -150.0, 135.0, 0.0, 0.0, 0.0, 0.0, -59.99999999999999, 135.0, 0.0, 0.0, -75.0, -29.999999999999996, 0.0, 0.0, 0.0]",3.0367806578848158,9.35571239195711,4.922682733184839,5.508595556037851,4.848916770784997,False
158,226.13246191476645,10,64.8313977919447,61.216091044791895,-6.893277418506074,15.790155069984735,0.0,105.95245470366527,4.936949510941519,-7.500862763102486,-12.788749477724489,0.5883034527713573,0.5883034527713573,0.0,0.0,0.9876331129202442,0.7480093266057439,1.0,37.319756236245844,18.700233165143597,58.11005752279175,226.13246191476645,"[-59.99999999999999, -59.99999999999999, 0.0, 0.0, 0.0, -75.0, -45.0, 0.0, 0.0, 0.0, -75.0, -45.0, 0.0, 0.0, -75.0, -59.99999999999999, 0.0, 0.0, 0.0, -150.0, 150.0, 0.0, 0.0, 0.0, 59.99999999999999, 59.99999999999999, 0.0, 0.0, 0.0, 0.0, -59.99999999999999, 105.00000000000001, -150.0, 150.0, 0.0, 0.0, 0.0, 0.0, -75.0, 119.99999999999999, 0.0, 0.0, -59.99999999999999, 105.00000000000001, 0.0, 0.0, 0.0]",3.0076356639027075,9.100872055265077,4.910477707034492,5.508595556037851,4.848916770784997,False
159,226.23835961107815,10,74.33259024745811,68.6652894749912,-12.043687113796333,15.927826407809826,0.0,97.23396600636272,4.936949510941519,-7.736309147309425,-15.666569228150856,0.5883034527713573,0.5883034527713573,0.0,0.0,0.9861282243484865,0.7229637307797888,1.0,37.002285905409124,18.07409326949472,58.07715493875679,226.23835961107815,"[-45.0, -59.99999999999999, 0.0, 0.0, 0.0, -75.0, -45.0, 0.0, 0.0, 0.0, -75.0, -45.0, 0.0, 0.0, -75.0, -59.99999999999999, 0.0, 0.0, 0.0, -150.0, 150.0, 0.0, 0.0, 0.0, 59.99999999999999, 59.99999999999999, 0.0, 0.0, 0.0, 0.0, -59.99999999999999, 105.00000000000001, -150.0, 135.0, 0.0, 0.0, 0.0, 0.0, -59.99999999999999, 135.0, 0.0, 0.0, -75.0, -29.999999999999996, 0.0, 0.0, 0.0]",3.0367806578848158,9.35571239195711,4.922682733184839,5.508595556037851,4.848916770784997,False
160,226.27542994602476,10,69.97773554470326,63.6588243606466,-12.043687113796333,15.952801048369784,0.0,104.87124027148059,4.936949510941519,-7.532794885573096,-14.133942243518925,0.5883034527713573,0.5883034527713573,0.0,0.0,0.9871396314422937,0.7395692269981222,1.0,37.6143963902694,18.489230674953056,58.57447860409733,226.27542994602476,"[-59.99999999999999, -59.99999999999999, 0.0, 0.0, 0.0, -75.0, -45.0, 0.0, 0.0, 0.0, -75.0, -45.0, 0.0, 0.0, -75.0, -59.99999999999999, 0.0, 0.0, 0.0, -150.0, 150.0, 0.0, 0.0, 0.0, 59.99999999999999, 59.99999999999999, 0.0, 0.0, 0.0, 0.0, -59.99999999999999, 105.00000000000001, -150.0, 135.0, 0.0, 0.0, 0.0, 0.0, -59.99999999999999, 130.0, 0.0, 0.0, -75.0, 160.0, 0.0, 0.0, 0.0]",3.0275075819851125,9.24106229685375,4.907105921580088,5.508595556037851,4.848916770784997,False
161,226.30939733308634,10,64.8313977919447,61.216091044791895,-6.893277418506074,15.790155069984735,0.0,105.95245470366527,4.936949510941519,-7.500862763102486,-12.611814059404592,0.5883034527713573,0.5883034527713573,0.0,0.0,0.9876331129202442,0.7480093266057439,1.0,37.319756236245844,18.700233165143597,58.11005752279175,226.30939733308634,"[-45.0, -59.99999999999999, 0.0, 0.0, 0.0, -75.0, -45.0, 0.0, 0.0, 0.0, -75.0, -45.0, 0.0, 0.0, -75.0, -59.99999999999999, 0.0, 0.0, 0.0, -150.0, 150.0, 0.0, 0.0, 0.0, 59.99999999999999, 59.99999999999999, 0.0, 0.0, 0.0, 0.0, -59.99999999999999, 105.00000000000001, -150.0, 150.0, 0.0, 0.0, 0.0, 0.0, -75.0, 119.99999999999999, 0.0, 0.0, -59.99999999999999, 105.00000000000001, 0.0, 0.0, 0.0]",3.0076356639027075,9.100872055265077,4.910477707034492,5.508595556037851,4.848916770784997,False
162,226.33267565232845,10,69.97773554470326,63.6588243606466,-12.043687113796333,15.952801048369784,0.0,104.87124027148059,4.936949510941519,-7.532794885573096,-14.07669653721525,0.5883034527713573,0.5883034527713573,0.0,0.0,0.9871396314422937,0.7395692269981222,1.0,37.6143963902694,18.489230674953056,58.57447860409733,226.33267565232845,"[-59.99999999999999, -59.99999999999999, 0.0, 0.0, 0.0, -75.0, -45.0, 0.0, 0.0, 0.0, -75.0, -45.0, 0.0, 0.0, -75.0, -59.99999999999999, 0.0, 0.0, 0.0, -150.0, 150.0, 0.0, 0.0, 0.0, 59.99999999999999, 59.99999999999999, 0.0, 0.0, 0.0, 0.0, -59.99999999999999, 105.00000000000001, -150.0, 135.0, 0.0, 0.0, 0.0, 0.0, -59.99999999999999, 130.0, 0.0, 0.0, -75.0, 145.0, 0.0, 0.0, 0.0]",3.0275075819851125,9.24106229685375,4.907105921580088,5.508595556037851,4.848916770784997,False
163,226.45236536434467,10,69.97773554470326,63.6588243606466,-12.043687113796333,15.952801048369784,0.0,104.87124027148059,4.936949510941519,-7.532794885573096,-13.957006825199029,0.5883034527713573,0.5883034527713573,0.0,0.0,0.9871396314422937,0.7395692269981222,1.0,37.6143963902694,18.489230674953056,58.57447860409733,226.45236536434467,"[-45.0, -59.99999999999999, 0.0, 0.0, 0.0, -75.0, -45.0, 0.0, 0.0, 0.0, -75.0, -45.0, 0.0, 0.0, -75.0, -59.99999999999999, 0.0, 0.0, 0.0, -150.0, 150.0, 0.0, 0.0, 0.0, 59.99999999999999, 59.99999999999999, 0.0, 0.0, 0.0, 0.0, -59.99999999999999, 105.00000000000001, -150.0, 135.0, 0.0, 0.0, 0.0, 0.0, -59.99999999999999, 130.0, 0.0, 0.0, -75.0, 160.0, 0.0, 0.0, 0.0]",3.0275075819851125,9.24106229685375,4.907105921580088,5.508595556037851,4.848916770784997,False
164,226.50961107064833,10,69.97773554470326,63.6588243606466,-12.043687113796333,15.952801048369784,0.0,104.87124027148059,4.936949510941519,-7.532794885573096,-13.899761118895354,0.5883034527713573,0.5883034527713573,0.0,0.0,0.9871396314422937,0.7395692269981222,1.0,37.6143963902694,18.489230674953056,58.57447860409733,226.50961107064833,"[-45.0, -59.99999999999999, 0.0, 0.0, 0.0, -75.0, -45.0, 0.0, 0.0, 0.0, -75.0, -45.0, 0.0, 0.0, -75.0, -59.99999999999999, 0.0, 0.0, 0.0, -150.0, 150.0, 0.0, 0.0, 0.0, 59.99999999999999, 59.99999999999999, 0.0, 0.0, 0.0, 0.0, -59.99999999999999, 105.00000000000001, -150.0, 135.0, 0.0, 0.0, 0.0, 0.0, -59.99999999999999, 130.0, 0.0, 0.0, -75.0, 145.0, 0.0, 0.0, 0.0]",3.0275075819851125,9.24106229685375,4.907105921580088,5.508595556037851,4.848916770784997,False
165,226.51326664754177,10,69.97773554470326,63.6588243606466,-12.043687113796333,15.952801048369784,0.0,104.87124027148059,4.936949510941519,-7.532794885573096,-13.896105542001923,0.5883034527713573,0.5883034527713573,0.0,0.0,0.9871396314422937,0.7395692269981222,1.0,37.6143963902694,18.489230674953056,58.57447860409733,226.51326664754177,"[-59.99999999999999, -59.99999999999999, 0.0, 0.0, 0.0, -75.0, -45.0, 0.0, 0.0, 0.0, -75.0, -45.0, 0.0, 0.0, -75.0, -59.99999999999999, 0.0, 0.0, 0.0, -150.0, 150.0, 0.0, 0.0, 0.0, 59.99999999999999, 59.99999999999999, 0.0, 0.0, 0.0, 0.0, -59.99999999999999, 105.00000000000001, -150.0, 135.0, 0.0, 0.0, 0.0, 0.0, -59.99999999999999, 130.0, 0.0, 0.0, -75.0, 135.0, 0.0, 0.0, 0.0]",3.0275075819851125,9.24106229685375,4.907105921580088,5.508595556037851,4.848916770784997,False
166,226.65479540556197,10,69.97773554470326,63.6588243606466,-12.043687113796333,15.952801048369784,0.0,104.87124027148059,4.936949510941519,-7.532794885573096,-13.75457678398172,0.5883034527713573,0.5883034527713573,0.0,0.0,0.9871396314422937,0.7395692269981222,1.0,37.6143963902694,18.489230674953056,58.57447860409733,226.65479540556197,"[-59.99999999999999, -59.99999999999999, 0.0, 0.0, 0.0, -75.0, -45.0, 0.0, 0.0, 0.0, -75.0, -45.0, 0.0, 0.0, -75.0, -59.99999999999999, 0.0, 0.0, 0.0, -150.0, 150.0, 0.0, 0.0, 0.0, 59.99999999999999, 59.99999999999999, 0.0, 0.0, 0.0, 0.0, -59.99999999999999, 105.00000000000001, -150.0, 135.0, 0.0, 0.0, 0.0, 0.0, -59.99999999999999, 130.0, 0.0, 0.0, -75.0, 130.0, 0.0, 0.0, 0.0]",3.0275075819851125,9.24106229685375,4.907105921580088,5.508595556037851,4.848916770784997,False
167,226.69020206586166,10,69.97773554470326,63.6588243606466,-12.043687113796333,15.952801048369784,0.0,104.87124027148059,4.936949510941519,-7.532794885573096,-13.719170123682026,0.5883034527713573,0.5883034527713573,0.0,0.0,0.9871396314422937,0.7395692269981222,1.0,37.6143963902694,18.489230674953056,58.57447860409733,226.69020206586166,"[-45.0, -59.99999999999999, 0.0, 0.0, 0.0, -75.0, -45.0, 0.0, 0.0, 0.0, -75.0, -45.0, 0.0, 0.0, -75.0, -59.99999999999999, 0.0, 0.0, 0.0, -150.0, 150.0, 0.0, 0.0, 0.0, 59.99999999999999, 59.99999999999999, 0.0, 0.0, 0.0, 0.0, -59.99999999999999, 105.00000000000001, -150.0, 135.0, 0.0, 0.0, 0.0, 0.0, -59.99999999999999, 130.0, 0.0, 0.0, -75.0, 135.0, 0.0, 0.0, 0.0]",3.0275075819851125,9.24106229685375,4.907105921580088,5.508595556037851,4.848916770784997,False
168,226.77558255379398,10,44.03963894406941,110.38297772554077,-12.043687113796333,15.883366710194455,0.0,80.37748273816743,4.936949510941519,-3.7978645499086894,-13.591584864185966,0.5883034527713573,0.5883034527713573,0.0,0.0,0.9777004085402947,0.6851747279264115,1.0,36.10067822691834,17.12936819816029,58.591875578183426,226.77558255379398,"[-59.99999999999999, -59.99999999999999, 0.0, 0.0, 0.0, -75.0, -45.0, 0.0, 0.0, 0.0, -75.0, -45.0, 0.0, 0.0, -75.0, -59.99999999999999, 0.0, 0.0, 0.0, -150.0, 150.0, 0.0, 0.0, 0.0, 59.99999999999999, 59.99999999999999, 0.0, 0.0, 0.0, 0.0, -59.99999999999999, 105.00000000000001, -150.0, 135.0, 0.0, 0.0, 0.0, 0.0, -45.0, 119.99999999999999, 0.0, 0.0, -45.0, 135.0, 0.0, 0.0, 0.0]",2.99221721077413,8.467815322558646,4.801931333650573,5.508595556037851,4.848916770784997,False
169,226.83173082388186,10,69.97773554470326,63.6588243606466,-12.043687113796333,15.952801048369784,0.0,104.87124027148059,4.936949510941519,-7.532794885573096,-13.577641365661824,0.5883034527713573,0.5883034527713573,0.0,0.0,0.9871396314422937,0.7395692269981222,1.0,37.6143963902694,18.489230674953056,58.57447860409733,226.83173082388186,"[-45.0, -59.99999999999999, 0.0, 0.0, 0.0, -75.0, -45.0, 0.0, 0.0, 0.0, -75.0, -45.0, 0.0, 0.0, -75.0, -59.99999999999999, 0.0, 0.0, 0.0, -150.0, 150.0, 0.0, 0.0, 0.0, 59.99999999999999, 59.99999999999999, 0.0, 0.0, 0.0, 0.0, -59.99999999999999, 105.00000000000001, -150.0, 135.0, 0.0, 0.0, 0.0, 0.0, -59.99999999999999, 130.0, 0.0, 0.0, -75.0, 130.0, 0.0, 0.0, 0.0]",3.0275075819851125,9.24106229685375,4.907105921580088,5.508595556037851,4.848916770784997,False
170,226.94830268969298,10,44.03963894406941,110.38297772554077,-12.043687113796333,15.883366710194455,0.0,80.37748273816743,4.936949510941519,-3.7978645499086894,-13.41886472828696,0.5883034527713573,0.5883034527713573,0.0,0.0,0.9777004085402947,0.6851747279264115,1.0,36.10067822691834,17.12936819816029,58.591875578183426,226.94830268969298,"[-59.99999999999999, -59.99999999999999, 0.0, 0.0, 0.0, -75.0, -45.0, 0.0, 0.0, 0.0, -75.0, -45.0, 0.0, 0.0, -75.0, -59.99999999999999, 0.0, 0.0, 0.0, -150.0, 150.0, 0.0, 0.0, 0.0, 59.99999999999999, 59.99999999999999, 0.0, 0.0, 0.0, 0.0, -59.99999999999999, 105.00000000000001, -150.0, 135.0, 0.0, 0.0, 0.0, 0.0, -45.0, 119.99999999999999, 0.0, 0.0, -45.0, 119.99999999999999, 0.0, 0.0, 0.0]",2.99221721077413,8.467815322558646,4.801931333650573,5.508595556037851,4.848916770784997,False
171,226.95251797211387,10,44.03963894406941,110.38297772554077,-12.043687113796333,15.883366710194455,0.0,80.37748273816743,4.936949510941519,-3.7978645499086894,-13.41464944586607,0.5883034527713573,0.5883034527713573,0.0,0.0,0.9777004085402947,0.6851747279264115,1.0,36.10067822691834,17.12936819816029,58.591875578183426,226.95251797211387,"[-45.0, -59.99999999999999, 0.0, 0.0, 0.0, -75.0, -45.0, 0.0, 0.0, 0.0, -75.0, -45.0, 0.0, 0.0, -75.0, -59.99999999999999, 0.0, 0.0, 0.0, -150.0, 150.0, 0.0, 0.0, 0.0, 59.99999999999999, 59.99999999999999, 0.0, 0.0, 0.0, 0.0, -59.99999999999999, 105.00000000000001, -150.0, 135.0, 0.0, 0.0, 0.0, 0.0, -45.0, 119.99999999999999, 0.0, 0.0, -45.0, 135.0, 0.0, 0.0, 0.0]",2.99221721077413,8.467815322558646,4.801931333650573,5.508595556037851,4.848916770784997,False
172,227.03895230883444,10,69.97773554470326,63.6588243606466,-12.043687113796333,15.952801048369784,0.0,104.87124027148059,4.936949510941519,-7.532794885573096,-13.370419880709244,0.5883034527713573,0.5883034527713573,0.0,0.0,0.9871396314422937,0.7395692269981222,1.0,37.6143963902694,18.489230674953056,58.57447860409733,227.03895230883444,"[-59.99999999999999, -59.99999999999999, 0.0, 0.0, 0.0, -75.0, -45.0, 0.0, 0.0, 0.0, -75.0, -45.0, 0.0, 0.0, -75.0, -59.99999999999999, 0.0, 0.0, 0.0, -150.0, 150.0, 0.0, 0.0, 0.0, 59.99999999999999, 59.99999999999999, 0.0, 0.0, 0.0, 0.0, -59.99999999999999, 105.00000000000001, -150.0, 135.0, 0.0, 0.0, 0.0, 0.0, -59.99999999999999, 130.0, 0.0, 0.0, -75.0, 119.99999999999999, 0.0, 0.0, 0.0]",3.0275075819851125,9.24106229685375,4.907105921580088,5.508595556037851,4.848916770784997,False
173,227.12523810801287,10,44.03963894406941,110.38297772554077,-12.043687113796333,15.883366710194455,0.0,80.37748273816743,4.936949510941519,-3.7978645499086894,-13.241929309967064,0.5883034527713573,0.5883034527713573,0.0,0.0,0.9777004085402947,0.6851747279264115,1.0,36.10067822691834,17.12936819816029,58.591875578183426,227.12523810801287,"[-45.0, -59.99999999999999, 0.0, 0.0, 0.0, -75.0, -45.0, 0.0, 0.0, 0.0, -75.0, -45.0, 0.0, 0.0, -75.0, -59.99999999999999, 0.0, 0.0, 0.0, -150.0, 150.0, 0.0, 0.0, 0.0, 59.99999999999999, 59.99999999999999, 0.0, 0.0, 0.0, 0.0, -59.99999999999999, 105.00000000000001, -150.0, 135.0, 0.0, 0.0, 0.0, 0.0, -45.0, 119.99999999999999, 0.0, 0.0, -45.0, 119.99999999999999, 0.0, 0.0, 0.0]",2.99221721077413,8.467815322558646,4.801931333650573,5.508595556037851,4.848916770784997,False
174,227.19257485476925,10,44.03963894406941,110.38297772554077,-12.043687113796333,15.883366710194455,0.0,80.37748273816743,4.936949510941519,-3.7978645499086894,-13.174592563210698,0.5883034527713573,0.5883034527713573,0.0,0.0,0.9777004085402947,0.6851747279264115,1.0,36.10067822691834,17.12936819816029,58.591875578183426,227.19257485476925,"[-59.99999999999999, -59.99999999999999, 0.0, 0.0, 0.0, -75.0, -45.0, 0.0, 0.0, 0.0, -75.0, -45.0, 0.0, 0.0, -75.0, -59.99999999999999, 0.0, 0.0, 0.0, -150.0, 150.0, 0.0, 0.0, 0.0, 59.99999999999999, 59.99999999999999, 0.0, 0.0, 0.0, 0.0, -59.99999999999999, 105.00000000000001, -150.0, 135.0, 0.0, 0.0, 0.0, 0.0, -45.0, 119.99999999999999, 0.0, 0.0, -45.0, 105.00000000000001, 0.0, 0.0, 0.0]",2.99221721077413,8.467815322558646,4.801931333650573,5.508595556037851,4.848916770784997,False
175,227.21588772715435,10,69.97773554470326,63.6588243606466,-12.043687113796333,15.952801048369784,0.0,104.87124027148059,4.936949510941519,-7.532794885573096,-13.193484462389348,0.5883034527713573,0.5883034527713573,0.0,0.0,0.9871396314422937,0.7395692269981222,1.0,37.6143963902694,18.489230674953056,58.57447860409733,227.21588772715435,"[-45.0, -59.99999999999999, 0.0, 0.0, 0.0, -75.0, -45.0, 0.0, 0.0, 0.0, -75.0, -45.0, 0.0, 0.0, -75.0, -59.99999999999999, 0.0, 0.0, 0.0, -150.0, 150.0, 0.0, 0.0, 0.0, 59.99999999999999, 59.99999999999999, 0.0, 0.0, 0.0, 0.0, -59.99999999999999, 105.00000000000001, -150.0, 135.0, 0.0, 0.0, 0.0, 0.0, -59.99999999999999, 130.0, 0.0, 0.0, -75.0, 119.99999999999999, 0.0, 0.0, 0.0]",3.0275075819851125,9.24106229685375,4.907105921580088,5.508595556037851,4.848916770784997,False
176,227.36951027308913,10,44.03963894406941,110.38297772554077,-12.043687113796333,15.883366710194455,0.0,80.37748273816743,4.936949510941519,-3.7978645499086894,-12.997657144890802,0.5883034527713573,0.5883034527713573,0.0,0.0,0.9777004085402947,0.6851747279264115,1.0,36.10067822691834,17.12936819816029,58.591875578183426,227.36951027308913,"[-45.0, -59.99999999999999, 0.0, 0.0, 0.0, -75.0, -45.0, 0.0, 0.0, 0.0, -75.0, -45.0, 0.0, 0.0, -75.0, -59.99999999999999, 0.0, 0.0, 0.0, -150.0, 150.0, 0.0, 0.0, 0.0, 59.99999999999999, 59.99999999999999, 0.0, 0.0, 0.0, 0.0, -59.99999999999999, 105.00000000000001, -150.0, 135.0, 0.0, 0.0, 0.0, 0.0, -45.0, 119.99999999999999, 0.0, 0.0, -45.0, 105.00000000000001, 0.0, 0.0, 0.0]",2.99221721077413,8.467815322558646,4.801931333650573,5.508595556037851,4.848916770784997,False
177,227.68296635660204,10,74.33259024745811,68.6652894749912,-12.043687113796333,15.927826407809826,0.0,97.23396600636272,4.936949510941519,-7.736309147309425,-14.22196248262697,0.5883034527713573,0.5883034527713573,0.0,0.0,0.9861282243484865,0.7229637307797888,1.0,37.002285905409124,18.07409326949472,58.07715493875679,227.68296635660204,"[-59.99999999999999, -59.99999999999999, 0.0, 0.0, 0.0, -75.0, -45.0, 0.0, 0.0, 0.0, -75.0, -45.0, 0.0, 0.0, -75.0, -59.99999999999999, 0.0, 0.0, 0.0, -150.0, 150.0, 0.0, 0.0, 0.0, 59.99999999999999, 59.99999999999999, 0.0, 0.0, 0.0, 0.0, -59.99999999999999, 105.00000000000001, -150.0, 135.0, 0.0, 0.0, 0.0, 0.0, -59.99999999999999, 135.0, 0.0, 0.0, -75.0, 160.0, 0.0, 0.0, 0.0]",3.0367806578848158,9.35571239195711,4.922682733184839,5.508595556037851,4.848916770784997,False
178,227.7402120629057,10,74.33259024745811,68.6652894749912,-12.043687113796333,15.927826407809826,0.0,97.23396600636272,4.936949510941519,-7.736309147309425,-14.164716776323296,0.5883034527713573,0.5883034527713573,0.0,0.0,0.9861282243484865,0.7229637307797888,1.0,37.002285905409124,18.07409326949472,58.07715493875679,227.7402120629057,"[-59.99999999999999, -59.99999999999999, 0.0, 0.0, 0.0, -75.0, -45.0, 0.0, 0.0, 0.0, -75.0, -45.0, 0.0, 0.0, -75.0, -59.99999999999999, 0.0, 0.0, 0.0, -150.0, 150.0, 0.0, 0.0, 0.0, 59.99999999999999, 59.99999999999999, 0.0, 0.0, 0.0, 0.0, -59.99999999999999, 105.00000000000001, -150.0, 135.0, 0.0, 0.0, 0.0, 0.0, -59.99999999999999, 135.0, 0.0, 0.0, -75.0, 145.0, 0.0, 0.0, 0.0]",3.0367806578848158,9.35571239195711,4.922682733184839,5.508595556037851,4.848916770784997,False
179,227.8115826301663,10,69.97773554470326,63.6588243606466,-12.043687113796333,15.952801048369784,0.0,104.87124027148059,4.936949510941519,-7.532794885573096,-12.597789559377393,0.5883034527713573,0.5883034527713573,0.0,0.0,0.9871396314422937,0.7395692269981222,1.0,37.6143963902694,18.489230674953056,58.57447860409733,227.8115826301663,"[-59.99999999999999, -59.99999999999999, 0.0, 0.0, 0.0, -75.0, -45.0, 0.0, 0.0, 0.0, -75.0, -45.0, 0.0, 0.0, -75.0, -59.99999999999999, 0.0, 0.0, 0.0, -150.0, 150.0, 0.0, 0.0, 0.0, 59.99999999999999, 59.99999999999999, 0.0, 0.0, 0.0, 0.0, -59.99999999999999, 105.00000000000001, -150.0, 135.0, 0.0, 0.0, 0.0, 0.0, -59.99999999999999, 130.0, 0.0, 0.0, -75.0, 105.00000000000001, 0.0, 0.0, 0.0]",3.0275075819851125,9.24106229685375,4.907105921580088,5.508595556037851,4.848916770784997,False
180,227.85990177492192,10,74.33259024745811,68.6652894749912,-12.043687113796333,15.927826407809826,0.0,97.23396600636272,4.936949510941519,-7.736309147309425,-14.045027064307074,0.5883034527713573,0.5883034527713573,0.0,0.0,0.9861282243484865,0.7229637307797888,1.0,37.002285905409124,18.07409326949472,58.07715493875679,227.85990177492192,"[-45.0, -59.99999999999999, 0.0, 0.0, 0.0, -75.0, -45.0, 0.0, 0.0, 0.0, -75.0, -45.0, 0.0, 0.0, -75.0, -59.99999999999999, 0.0, 0.0, 0.0, -150.0, 150.0, 0.0, 0.0, 0.0, 59.99999999999999, 59.99999999999999, 0.0, 0.0, 0.0, 0.0, -59.99999999999999, 105.00000000000001, -150.0, 135.0, 0.0, 0.0, 0.0, 0.0, -59.99999999999999, 135.0, 0.0, 0.0, -75.0, 160.0, 0.0, 0.0, 0.0]",3.0367806578848158,9.35571239195711,4.922682733184839,5.508595556037851,4.848916770784997,False
181,227.9171474812256,10,74.33259024745811,68.6652894749912,-12.043687113796333,15.927826407809826,0.0,97.23396600636272,4.936949510941519,-7.736309147309425,-13.9877813580034,0.5883034527713573,0.5883034527713573,0.0,0.0,0.9861282243484865,0.7229637307797888,1.0,37.002285905409124,18.07409326949472,58.07715493875679,227.9171474812256,"[-45.0, -59.99999999999999, 0.0, 0.0, 0.0, -75.0, -45.0, 0.0, 0.0, 0.0, -75.0, -45.0, 0.0, 0.0, -75.0, -59.99999999999999, 0.0, 0.0, 0.0, -150.0, 150.0, 0.0, 0.0, 0.0, 59.99999999999999, 59.99999999999999, 0.0, 0.0, 0.0, 0.0, -59.99999999999999, 105.00000000000001, -150.0, 135.0, 0.0, 0.0, 0.0, 0.0, -59.99999999999999, 135.0, 0.0, 0.0, -75.0, 145.0, 0.0, 0.0, 0.0]",3.0367806578848158,9.35571239195711,4.922682733184839,5.508595556037851,4.848916770784997,False
182,227.92080305811902,10,74.33259024745811,68.6652894749912,-12.043687113796333,15.927826407809826,0.0,97.23396600636272,4.936949510941519,-7.736309147309425,-13.984125781109967,0.5883034527713573,0.5883034527713573,0.0,0.0,0.9861282243484865,0.7229637307797888,1.0,37.002285905409124,18.07409326949472,58.07715493875679,227.92080305811902,"[-59.99999999999999, -59.99999999999999, 0.0, 0.0, 0.0, -75.0, -45.0, 0.0, 0.0, 0.0, -75.0, -45.0, 0.0, 0.0, -75.0, -59.99999999999999, 0.0, 0.0, 0.0, -150.0, 150.0, 0.0, 0.0, 0.0, 59.99999999999999, 59.99999999999999, 0.0, 0.0, 0.0, 0.0, -59.99999999999999, 105.00000000000001, -150.0, 135.0, 0.0, 0.0, 0.0, 0.0, -59.99999999999999, 135.0, 0.0, 0.0, -75.0, 135.0, 0.0, 0.0, 0.0]",3.0367806578848158,9.35571239195711,4.922682733184839,5.508595556037851,4.848916770784997,False
183,227.98851804848618,10,69.97773554470326,63.6588243606466,-12.043687113796333,15.952801048369784,0.0,104.87124027148059,4.936949510941519,-7.532794885573096,-12.420854141057497,0.5883034527713573,0.5883034527713573,0.0,0.0,0.9871396314422937,0.7395692269981222,1.0,37.6143963902694,18.489230674953056,58.57447860409733,227.98851804848618,"[-45.0, -59.99999999999999, 0.0, 0.0, 0.0, -75.0, -45.0, 0.0, 0.0, 0.0, -75.0, -45.0, 0.0, 0.0, -75.0, -59.99999999999999, 0.0, 0.0, 0.0, -150.0, 150.0, 0.0, 0.0, 0.0, 59.99999999999999, 59.99999999999999, 0.0, 0.0, 0.0, 0.0, -59.99999999999999, 105.00000000000001, -150.0, 135.0, 0.0, 0.0, 0.0, 0.0, -59.99999999999999, 130.0, 0.0, 0.0, -75.0, 105.00000000000001, 0.0, 0.0, 0.0]",3.0275075819851125,9.24106229685375,4.907105921580088,5.508595556037851,4.848916770784997,False
184,228.06233181613925,10,74.33259024745811,68.6652894749912,-12.043687113796333,15.927826407809826,0.0,97.23396600636272,4.936949510941519,-7.736309147309425,-13.842597023089766,0.5883034527713573,0.5883034527713573,0.0,0.0,0.9861282243484865,0.7229637307797888,1.0,37.002285905409124,18.07409326949472,58.07715493875679,228.06233181613925,"[-59.99999999999999, -59.99999999999999, 0.0, 0.0, 0.0, -75.0, -45.0, 0.0, 0.0, 0.0, -75.0, -45.0, 0.0, 0.0, -75.0, -59.99999999999999, 0.0, 0.0, 0.0, -150.0, 150.0, 0.0, 0.0, 0.0, 59.99999999999999, 59.99999999999999, 0.0, 0.0, 0.0, 0.0, -59.99999999999999, 105.00000000000001, -150.0, 135.0, 0.0, 0.0, 0.0, 0.0, -59.99999999999999, 135.0, 0.0, 0.0, -75.0, 130.0, 0.0, 0.0, 0.0]",3.0367806578848158,9.35571239195711,4.922682733184839,5.508595556037851,4.848916770784997,False
185,228.09773847643893,10,74.33259024745811,68.6652894749912,-12.043687113796333,15.927826407809826,0.0,97.23396600636272,4.936949510941519,-7.736309147309425,-13.80719036279007,0.5883034527713573,0.5883034527713573,0.0,0.0,0.9861282243484865,0.7229637307797888,1.0,37.002285905409124,18.07409326949472,58.07715493875679,228.09773847643893,"[-45.0, -59.99999999999999, 0.0, 0.0, 0.0, -75.0, -45.0, 0.0, 0.0, 0.0, -75.0, -45.0, 0.0, 0.0, -75.0, -59.99999999999999, 0.0, 0.0, 0.0, -150.0, 150.0, 0.0, 0.0, 0.0, 59.99999999999999, 59.99999999999999, 0.0, 0.0, 0.0, 0.0, -59.99999999999999, 105.00000000000001, -150.0, 135.0, 0.0, 0.0, 0.0, 0.0, -59.99999999999999, 135.0, 0.0, 0.0, -75.0, 135.0, 0.0, 0.0, 0.0]",3.0367806578848158,9.35571239195711,4.922682733184839,5.508595556037851,4.848916770784997,False
186,228.14779258526463,10,64.8313977919447,78.1159590276778,-6.893277418506074,15.733047419856291,0.0,93.58451515169945,4.936949510941519,-6.350036560541841,-16.39906579057856,0.5883034527713573,0.5883034527713573,0.0,0.0,0.9842189981762267,0.7111434082524262,1.0,36.03028202039854,17.778585206310655,57.1047453960641,228.14779258526463,"[-59.99999999999999, -59.99999999999999, 0.0, 0.0, 0.0, -75.0, -45.0, 0.0, 0.0, 0.0, -75.0, -45.0, 0.0, 0.0, -75.0, -59.99999999999999, 0.0, 0.0, 0.0, -150.0, 150.0, 0.0, 0.0, 0.0, 59.99999999999999, 59.99999999999999, 0.0, 0.0, 0.0, 0.0, -59.99999999999999, 105.00000000000001, -150.0, 150.0, 0.0, 0.0, 0.0, 0.0, -75.0, 119.99999999999999, 0.0, 0.0, -45.0, -45.0, 0.0, 0.0, 0.0]",3.0076356639027075,9.100872055265077,4.910477707034492,5.508595556037851,4.848916770784997,False
187,228.23926723445913,10,74.33259024745811,68.6652894749912,-12.043687113796333,15.927826407809826,0.0,97.23396600636272,4.936949510941519,-7.736309147309425,-13.66566160476987,0.5883034527713573,0.5883034527713573,0.0,0.0,0.9861282243484865,0.7229637307797888,1.0,37.002285905409124,18.07409326949472,58.07715493875679,228.23926723445913,"[-45.0, -59.99999999999999, 0.0, 0.0, 0.0, -75.0, -45.0, 0.0, 0.0, 0.0, -75.0, -45.0, 0.0, 0.0, -75.0, -59.99999999999999, 0.0, 0.0, 0.0, -150.0, 150.0, 0.0, 0.0, 0.0, 59.99999999999999, 59.99999999999999, 0.0, 0.0, 0.0, 0.0, -59.99999999999999, 105.00000000000001, -150.0, 135.0, 0.0, 0.0, 0.0, 0.0, -59.99999999999999, 135.0, 0.0, 0.0, -75.0, 130.0, 0.0, 0.0, 0.0]",3.0367806578848158,9.35571239195711,4.922682733184839,5.508595556037851,4.848916770784997,False
188,228.3247280035845,10,64.8313977919447,78.1159590276778,-6.893277418506074,15.733047419856291,0.0,93.58451515169945,4.936949510941519,-6.350036560541841,-16.222130372258665,0.5883034527713573,0.5883034527713573,0.0,0.0,0.9842189981762267,0.7111434082524262,1.0,36.03028202039854,17.778585206310655,57.1047453960641,228.3247280035845,"[-45.0, -59.99999999999999, 0.0, 0.0, 0.0, -75.0, -45.0, 0.0, 0.0, 0.0, -75.0, -45.0, 0.0, 0.0, -75.0, -59.99999999999999, 0.0, 0.0, 0.0, -150.0, 150.0, 0.0, 0.0, 0.0, 59.99999999999999, 59.99999999999999, 0.0, 0.0, 0.0, 0.0, -59.99999999999999, 105.00000000000001, -150.0, 150.0, 0.0, 0.0, 0.0, 0.0, -75.0, 119.99999999999999, 0.0, 0.0, -45.0, -45.0, 0.0, 0.0, 0.0]",3.0076356639027075,9.100872055265077,4.910477707034492,5.508595556037851,4.848916770784997,False
189,228.32802339429367,10,73.02735365935919,72.3416949958563,-6.893277418506074,15.743249638403395,0.0,92.30402090613157,4.936949510941519,-6.762630421649218,-16.957640929014378,0.5883034527713573,0.5883034527713573,0.0,0.0,0.9853855161624532,0.7114336265488898,1.0,36.130765904503775,17.785840663722244,57.00382140801042,228.32802339429367,"[-59.99999999999999, -59.99999999999999, 0.0, 0.0, 0.0, -75.0, -45.0, 0.0, 0.0, 0.0, -75.0, -45.0, 0.0, 0.0, -75.0, -59.99999999999999, 0.0, 0.0, 0.0, -150.0, 150.0, 0.0, 0.0, 0.0, 59.99999999999999, 59.99999999999999, 0.0, 0.0, 0.0, 0.0, -59.99999999999999, 105.00000000000001, -150.0, 150.0, 0.0, 0.0, 0.0, 0.0, -75.0, 130.0, 0.0, 0.0, -59.99999999999999, -45.0, 0.0, 0.0, 0.0]",3.025383582292375,9.321710445843829,4.940938344085276,5.508595556037851,4.848916770784997,False
190,228.38594104056284,10,64.8313977919447,78.1159590276778,-6.893277418506074,15.733047419856291,0.0,93.58451515169945,4.936949510941519,-6.350036560541841,-16.160917335280345,0.5883034527713573,0.5883034527713573,0.0,0.0,0.9842189981762267,0.7111434082524262,1.0,36.03028202039854,17.778585206310655,57.1047453960641,228.38594104056284,"[-59.99999999999999, -59.99999999999999, 0.0, 0.0, 0.0, -75.0, -45.0, 0.0, 0.0, 0.0, -75.0, -45.0, 0.0, 0.0, -75.0, -59.99999999999999, 0.0, 0.0, 0.0, -150.0, 150.0, 0.0, 0.0, 0.0, 59.99999999999999, 59.99999999999999, 0.0, 0.0, 0.0, 0.0, -59.99999999999999, 105.00000000000001, -150.0, 150.0, 0.0, 0.0, 0.0, 0.0, -75.0, 119.99999999999999, 0.0, 0.0, -45.0, -59.99999999999999, 0.0, 0.0, 0.0]",3.0076356639027075,9.100872055265077,4.910477707034492,5.508595556037851,4.848916770784997,False
191,228.44648871941172,10,74.33259024745811,68.6652894749912,-12.043687113796333,15.927826407809826,0.0,97.23396600636272,4.936949510941519,-7.736309147309425,-13.45844011981729,0.5883034527713573,0.5883034527713573,0.0,0.0,0.9861282243484865,0.7229637307797888,1.0,37.002285905409124,18.07409326949472,58.07715493875679,228.44648871941172,"[-59.99999999999999, -59.99999999999999, 0.0, 0.0, 0.0, -75.0, -45.0, 0.0, 0.0, 0.0, -75.0, -45.0, 0.0, 0.0, -75.0, -59.99999999999999, 0.0, 0.0, 0.0, -150.0, 150.0, 0.0, 0.0, 0.0, 59.99999999999999, 59.99999999999999, 0.0, 0.0, 0.0, 0.0, -59.99999999999999, 105.00000000000001, -150.0, 135.0, 0.0, 0.0, 0.0, 0.0, -59.99999999999999, 135.0, 0.0, 0.0, -75.0, 119.99999999999999, 0.0, 0.0, 0.0]",3.0367806578848158,9.35571239195711,4.922682733184839,5.508595556037851,4.848916770784997,False
192,228.50495881261358,10,73.02735365935919,72.3416949958563,-6.893277418506074,15.743249638403395,0.0,92.30402090613157,4.936949510941519,-6.762630421649218,-16.78070551069448,0.5883034527713573,0.5883034527713573,0.0,0.0,0.9853855161624532,0.7114336265488898,1.0,36.130765904503775,17.785840663722244,57.00382140801042,228.50495881261358,"[-45.0, -59.99999999999999, 0.0, 0.0, 0.0, -75.0, -45.0, 0.0, 0.0, 0.0, -75.0, -45.0, 0.0, 0.0, -75.0, -59.99999999999999, 0.0, 0.0, 0.0, -150.0, 150.0, 0.0, 0.0, 0.0, 59.99999999999999, 59.99999999999999, 0.0, 0.0, 0.0, 0.0, -59.99999999999999, 105.00000000000001, -150.0, 150.0, 0.0, 0.0, 0.0, 0.0, -75.0, 130.0, 0.0, 0.0, -59.99999999999999, -45.0, 0.0, 0.0, 0.0]",3.025383582292375,9.321710445843829,4.940938344085276,5.508595556037851,4.848916770784997,False
193,228.544012951245,10,64.8313977919447,78.1159590276778,-6.893277418506074,15.733047419856291,0.0,93.58451515169945,4.936949510941519,-6.350036560541841,-16.00284542459817,0.5883034527713573,0.5883034527713573,0.0,0.0,0.9842189981762267,0.7111434082524262,1.0,36.03028202039854,17.778585206310655,57.1047453960641,228.544012951245,"[-59.99999999999999, -59.99999999999999, 0.0, 0.0, 0.0, -75.0, -45.0, 0.0, 0.0, 0.0, -75.0, -45.0, 0.0, 0.0, -75.0, -59.99999999999999, 0.0, 0.0, 0.0, -150.0, 150.0, 0.0, 0.0, 0.0, 59.99999999999999, 59.99999999999999, 0.0, 0.0, 0.0, 0.0, -59.99999999999999, 105.00000000000001, -150.0, 150.0, 0.0, 0.0, 0.0, 0.0, -75.0, 119.99999999999999, 0.0, 0.0, -45.0, -29.999999999999996, 0.0, 0.0, 0.0]",3.0076356639027075,9.100872055265077,4.910477707034492,5.508595556037851,4.848916770784997,False
194,228.56287645888273,10,64.8313977919447,78.1159590276778,-6.893277418506074,15.733047419856291,0.0,93.58451515169945,4.936949510941519,-6.350036560541841,-15.983981916960449,0.5883034527713573,0.5883034527713573,0.0,0.0,0.9842189981762267,0.7111434082524262,1.0,36.03028202039854,17.778585206310655,57.1047453960641,228.56287645888273,"[-45.0, -59.99999999999999, 0.0, 0.0, 0.0, -75.0, -45.0, 0.0, 0.0, 0.0, -75.0, -45.0, 0.0, 0.0, -75.0, -59.99999999999999, 0.0, 0.0, 0.0, -150.0, 150.0, 0.0, 0.0, 0.0, 59.99999999999999, 59.99999999999999, 0.0, 0.0, 0.0, 0.0, -59.99999999999999, 105.00000000000001, -150.0, 150.0, 0.0, 0.0, 0.0, 0.0, -75.0, 119.99999999999999, 0.0, 0.0, -45.0, -59.99999999999999, 0.0, 0.0, 0.0]",3.0076356639027075,9.100872055265077,4.910477707034492,5.508595556037851,4.848916770784997,False
195,228.56365466643533,10,73.02735365935919,72.3416949958563,-6.893277418506074,15.743249638403395,0.0,92.30402090613157,4.936949510941519,-6.762630421649218,-16.722009656872718,0.5883034527713573,0.5883034527713573,0.0,0.0,0.9853855161624532,0.7114336265488898,1.0,36.130765904503775,17.785840663722244,57.00382140801042,228.56365466643533,"[-59.99999999999999, -59.99999999999999, 0.0, 0.0, 0.0, -75.0, -45.0, 0.0, 0.0, 0.0, -75.0, -45.0, 0.0, 0.0, -75.0, -59.99999999999999, 0.0, 0.0, 0.0, -150.0, 150.0, 0.0, 0.0, 0.0, 59.99999999999999, 59.99999999999999, 0.0, 0.0, 0.0, 0.0, -59.99999999999999, 105.00000000000001, -150.0, 150.0, 0.0, 0.0, 0.0, 0.0, -75.0, 130.0, 0.0, 0.0, -59.99999999999999, -59.99999999999999, 0.0, 0.0, 0.0]",3.025383582292375,9.321710445843829,4.940938344085276,5.508595556037851,4.848916770784997,False
196,228.6234241377316,10,74.33259024745811,68.6652894749912,-12.043687113796333,15.927826407809826,0.0,97.23396600636272,4.936949510941519,-7.736309147309425,-13.281504701497393,0.5883034527713573,0.5883034527713573,0.0,0.0,0.9861282243484865,0.7229637307797888,1.0,37.002285905409124,18.07409326949472,58.07715493875679,228.6234241377316,"[-45.0, -59.99999999999999, 0.0, 0.0, 0.0, -75.0, -45.0, 0.0, 0.0, 0.0, -75.0, -45.0, 0.0, 0.0, -75.0, -59.99999999999999, 0.0, 0.0, 0.0, -150.0, 150.0, 0.0, 0.0, 0.0, 59.99999999999999, 59.99999999999999, 0.0, 0.0, 0.0, 0.0, -59.99999999999999, 105.00000000000001, -150.0, 135.0, 0.0, 0.0, 0.0, 0.0, -59.99999999999999, 135.0, 0.0, 0.0, -75.0, 119.99999999999999, 0.0, 0.0, 0.0]",3.0367806578848158,9.35571239195711,4.922682733184839,5.508595556037851,4.848916770784997,False
197,228.65567218310255,10,69.97773554470326,63.6588243606466,-12.043687113796333,15.952801048369784,0.0,104.87124027148059,4.936949510941519,-7.532794885573096,-11.75370000644113,0.5883034527713573,0.5883034527713573,0.0,0.0,0.9871396314422937,0.7395692269981222,1.0,37.6143963902694,18.489230674953056,58.57447860409733,228.65567218310255,"[-59.99999999999999, -59.99999999999999, 0.0, 0.0, 0.0, -75.0, -45.0, 0.0, 0.0, 0.0, -75.0, -45.0, 0.0, 0.0, -75.0, -59.99999999999999, 0.0, 0.0, 0.0, -150.0, 150.0, 0.0, 0.0, 0.0, 59.99999999999999, 59.99999999999999, 0.0, 0.0, 0.0, 0.0, -59.99999999999999, 105.00000000000001, -150.0, 135.0, 0.0, 0.0, 0.0, 0.0, -59.99999999999999, 130.0, 0.0, 0.0, -75.0, 90.0, 0.0, 0.0, 0.0]",3.0275075819851125,9.24106229685375,4.907105921580088,5.508595556037851,4.848916770784997,False
198,228.72094836956492,10,64.8313977919447,78.1159590276778,-6.893277418506074,15.733047419856291,0.0,93.58451515169945,4.936949510941519,-6.350036560541841,-15.825910006278276,0.5883034527713573,0.5883034527713573,0.0,0.0,0.9842189981762267,0.7111434082524262,1.0,36.03028202039854,17.778585206310655,57.1047453960641,228.72094836956492,"[-45.0, -59.99999999999999, 0.0, 0.0, 0.0, -75.0, -45.0, 0.0, 0.0, 0.0, -75.0, -45.0, 0.0, 0.0, -75.0, -59.99999999999999, 0.0, 0.0, 0.0, -150.0, 150.0, 0.0, 0.0, 0.0, 59.99999999999999, 59.99999999999999, 0.0, 0.0, 0.0, 0.0, -59.99999999999999, 105.00000000000001, -150.0, 150.0, 0.0, 0.0, 0.0, 0.0, -75.0, 119.99999999999999, 0.0, 0.0, -45.0, -29.999999999999996, 0.0, 0.0, 0.0]",3.0076356639027075,9.100872055265077,4.910477707034492,5.508595556037851,4.848916770784997,False
199,228.74059008475524,10,73.02735365935919,72.3416949958563,-6.893277418506074,15.743249638403395,0.0,92.30402090613157,4.936949510941519,-6.762630421649218,-16.54507423855282,0.5883034527713573,0.5883034527713573,0.0,0.0,0.9853855161624532,0.7114336265488898,1.0,36.130765904503775,17.785840663722244,57.00382140801042,228.74059008475524,"[-45.0, -59.99999999999999, 0.0, 0.0, 0.0, -75.0, -45.0, 0.0, 0.0, 0.0, -75.0, -45.0, 0.0, 0.0, -75.0, -59.99999999999999, 0.0, 0.0, 0.0, -150.0, 150.0, 0.0, 0.0, 0.0, 59.99999999999999, 59.99999999999999, 0.0, 0.0, 0.0, 0.0, -59.99999999999999, 105.00000000000001, -150.0, 150.0, 0.0, 0.0, 0.0, 0.0, -75.0, 130.0, 0.0, 0.0, -59.99999999999999, -59.99999999999999, 0.0, 0.0, 0.0]",3.025383582292375,9.321710445843829,4.940938344085276,5.508595556037851,4.848916770784997,False
200,228.79901111275996,10,73.02735365935919,72.3416949958563,-6.893277418506074,15.743249638403395,0.0,92.30402090613157,4.936949510941519,-6.762630421649218,-16.486653210548095,0.5883034527713573,0.5883034527713573,0.0,0.0,0.9853855161624532,0.7114336265488898,1.0,36.130765904503775,17.785840663722244,57.00382140801042,228.79901111275996,"[-59.99999999999999, -59.99999999999999, 0.0, 0.0, 0.0, -75.0, -45.0, 0.0, 0.0, 0.0, -75.0, -45.0, 0.0, 0.0, -75.0, -59.99999999999999, 0.0, 0.0, 0.0, -150.0, 150.0, 0.0, 0.0, 0.0, 59.99999999999999, 59.99999999999999, 0.0, 0.0, 0.0, 0.0, -59.99999999999999, 105.00000000000001, -150.0, 150.0, 0.0, 0.0, 0.0, 0.0, -75.0, 130.0, 0.0, 0.0, -59.99999999999999, -29.999999999999996, 0.0, 0.0, 0.0]",3.025383582292375,9.321710445843829,4.940938344085276,5.508595556037851,4.848916770784997,False
