replica_id,seed,init_type,sequence,forcefield,energy,rmsd_to_reference,pred_e2e_A,pred_rg_A,ref_e2e_A,ref_rg_A,runtime_s,hw_backend,hw_shots,pdb_path,ca_pdb_path
378,313297145,random,YYDPETGTWY,amber,66.03060634955428,2.5350175741170378,7.862487791490688,5.2555566924168735,5.508595556037851,4.848916770784997,326.65,aer,4096,outputs/reps_Brickwork_entanglement/slurm_YYDPETGTWY_amber/replica_378/replica_378.pdb,outputs/reps_Brickwork_entanglement/slurm_YYDPETGTWY_amber/replica_378/replica_378_ca.pdb
64,313296831,random,YYDPETGTWY,amber,20.00191342013389,2.732969198715581,11.234549706071284,5.309269633483566,5.508595556037851,4.848916770784997,256.71,aer,4096,outputs/reps_Brickwork_entanglement/slurm_YYDPETGTWY_amber/replica_64/replica_64.pdb,outputs/reps_Brickwork_entanglement/slurm_YYDPETGTWY_amber/replica_64/replica_64_ca.pdb
223,313296990,random,YYDPETGTWY,amber,-37.9038719966276,2.797066080027842,9.610229023503368,5.200832596915846,5.508595556037851,4.848916770784997,262.99,aer,4096,outputs/reps_Brickwork_entanglement/slurm_YYDPETGTWY_amber/replica_223/replica_223.pdb,outputs/reps_Brickwork_entanglement/slurm_YYDPETGTWY_amber/replica_223/replica_223_ca.pdb
966,313297733,random,YYDPETGTWY,amber,-10.48894872276579,2.8161411762737814,11.130757443145239,5.37306230542377,5.508595556037851,4.848916770784997,299.37,aer,4096,outputs/reps_Brickwork_entanglement/slurm_YYDPETGTWY_amber/replica_966/replica_966.pdb,outputs/reps_Brickwork_entanglement/slurm_YYDPETGTWY_amber/replica_966/replica_966_ca.pdb
679,313297446,random,YYDPETGTWY,amber,34.18471737082516,2.9130612122964745,5.894939396621944,4.784999802265825,5.508595556037851,4.848916770784997,235.98,aer,4096,outputs/reps_Brickwork_entanglement/slurm_YYDPETGTWY_amber/replica_679/replica_679.pdb,outputs/reps_Brickwork_entanglement/slurm_YYDPETGTWY_amber/replica_679/replica_679_ca.pdb
396,313297163,random,YYDPETGTWY,amber,-61.58560122892854,2.942591234529459,10.691555072214069,5.119335879368437,5.508595556037851,4.848916770784997,491.99,aer,4096,outputs/reps_Brickwork_entanglement/slurm_YYDPETGTWY_amber/replica_396/replica_396.pdb,outputs/reps_Brickwork_entanglement/slurm_YYDPETGTWY_amber/replica_396/replica_396_ca.pdb
238,313297005,random,YYDPETGTWY,amber,38.15669778239362,3.0461128166458065,11.119358607450165,5.470048815246703,5.508595556037851,4.848916770784997,251.21,aer,4096,outputs/reps_Brickwork_entanglement/slurm_YYDPETGTWY_amber/replica_238/replica_238.pdb,outputs/reps_Brickwork_entanglement/slurm_YYDPETGTWY_amber/replica_238/replica_238_ca.pdb
551,313297318,random,YYDPETGTWY,amber,-0.18526942620019082,3.0628390559909673,9.31849399035743,4.777897958382957,5.508595556037851,4.848916770784997,288.87,aer,4096,outputs/reps_Brickwork_entanglement/slurm_YYDPETGTWY_amber/replica_551/replica_551.pdb,outputs/reps_Brickwork_entanglement/slurm_YYDPETGTWY_amber/replica_551/replica_551_ca.pdb
90,313296857,random,YYDPETGTWY,amber,15.925274318682712,3.094875350659446,13.25357556949442,5.562045113346717,5.508595556037851,4.848916770784997,299.94,aer,4096,outputs/reps_Brickwork_entanglement/slurm_YYDPETGTWY_amber/replica_90/replica_90.pdb,outputs/reps_Brickwork_entanglement/slurm_YYDPETGTWY_amber/replica_90/replica_90_ca.pdb
127,313296894,random,YYDPETGTWY,amber,4.1479065401825705,3.1879822187816087,10.57344471944186,5.631964531789816,5.508595556037851,4.848916770784997,219.06,aer,4096,outputs/reps_Brickwork_entanglement/slurm_YYDPETGTWY_amber/replica_127/replica_127.pdb,outputs/reps_Brickwork_entanglement/slurm_YYDPETGTWY_amber/replica_127/replica_127_ca.pdb
630,313297397,random,YYDPETGTWY,amber,-28.288145297953136,3.1904890264846504,9.207057432805126,5.532972938757818,5.508595556037851,4.848916770784997,286.21,aer,4096,outputs/reps_Brickwork_entanglement/slurm_YYDPETGTWY_amber/replica_630/replica_630.pdb,outputs/reps_Brickwork_entanglement/slurm_YYDPETGTWY_amber/replica_630/replica_630_ca.pdb
159,313296926,random,YYDPETGTWY,amber,37.424208610631325,3.252908024529235,11.393354793640967,5.811222129284864,5.508595556037851,4.848916770784997,546.69,aer,4096,outputs/reps_Brickwork_entanglement/slurm_YYDPETGTWY_amber/replica_159/replica_159.pdb,outputs/reps_Brickwork_entanglement/slurm_YYDPETGTWY_amber/replica_159/replica_159_ca.pdb
585,313297352,random,YYDPETGTWY,amber,19.110454179012876,3.269496753165424,12.47071097960986,5.868461143409881,5.508595556037851,4.848916770784997,224.43,aer,4096,outputs/reps_Brickwork_entanglement/slurm_YYDPETGTWY_amber/replica_585/replica_585.pdb,outputs/reps_Brickwork_entanglement/slurm_YYDPETGTWY_amber/replica_585/replica_585_ca.pdb
521,313297288,random,YYDPETGTWY,amber,2.452375207195725,3.305389768459514,11.521631178897989,5.577621902109963,5.508595556037851,4.848916770784997,374.7,aer,4096,outputs/reps_Brickwork_entanglement/slurm_YYDPETGTWY_amber/replica_521/replica_521.pdb,outputs/reps_Brickwork_entanglement/slurm_YYDPETGTWY_amber/replica_521/replica_521_ca.pdb
210,313296977,random,YYDPETGTWY,amber,1.5878297142686586,3.433911582930522,14.70093212786614,5.923236315413255,5.508595556037851,4.848916770784997,227.87,aer,4096,outputs/reps_Brickwork_entanglement/slurm_YYDPETGTWY_amber/replica_210/replica_210.pdb,outputs/reps_Brickwork_entanglement/slurm_YYDPETGTWY_amber/replica_210/replica_210_ca.pdb
145,313296912,random,YYDPETGTWY,amber,-62.23222438012645,3.43480812778146,15.241592772383987,5.82335540418309,5.508595556037851,4.848916770784997,332.51,aer,4096,outputs/reps_Brickwork_entanglement/slurm_YYDPETGTWY_amber/replica_145/replica_145.pdb,outputs/reps_Brickwork_entanglement/slurm_YYDPETGTWY_amber/replica_145/replica_145_ca.pdb
795,313297562,random,YYDPETGTWY,amber,47.08326729675682,3.4778510975195878,12.418577664258338,6.000024827672489,5.508595556037851,4.848916770784997,351.09,aer,4096,outputs/reps_Brickwork_entanglement/slurm_YYDPETGTWY_amber/replica_795/replica_795.pdb,outputs/reps_Brickwork_entanglement/slurm_YYDPETGTWY_amber/replica_795/replica_795_ca.pdb
532,313297299,random,YYDPETGTWY,amber,-58.35048575196427,3.5241898283470077,13.32778397653057,5.896934978332519,5.508595556037851,4.848916770784997,330.85,aer,4096,outputs/reps_Brickwork_entanglement/slurm_YYDPETGTWY_amber/replica_532/replica_532.pdb,outputs/reps_Brickwork_entanglement/slurm_YYDPETGTWY_amber/replica_532/replica_532_ca.pdb
820,313297587,random,YYDPETGTWY,amber,-4.999032299175625,3.543932195216625,15.499100789208738,6.338011958315986,5.508595556037851,4.848916770784997,327.29,aer,4096,outputs/reps_Brickwork_entanglement/slurm_YYDPETGTWY_amber/replica_820/replica_820.pdb,outputs/reps_Brickwork_entanglement/slurm_YYDPETGTWY_amber/replica_820/replica_820_ca.pdb
809,313297576,random,YYDPETGTWY,amber,28.635860792542537,3.5506813994468347,15.2228593543101,6.057461195478172,5.508595556037851,4.848916770784997,281.34,aer,4096,outputs/reps_Brickwork_entanglement/slurm_YYDPETGTWY_amber/replica_809/replica_809.pdb,outputs/reps_Brickwork_entanglement/slurm_YYDPETGTWY_amber/replica_809/replica_809_ca.pdb
310,313297077,random,YYDPETGTWY,amber,43.14627406188478,3.5750987853122456,13.0377725644468,6.014707776915505,5.508595556037851,4.848916770784997,382.54,aer,4096,outputs/reps_Brickwork_entanglement/slurm_YYDPETGTWY_amber/replica_310/replica_310.pdb,outputs/reps_Brickwork_entanglement/slurm_YYDPETGTWY_amber/replica_310/replica_310_ca.pdb
48,313296815,random,YYDPETGTWY,amber,-24.024283654046744,3.5908350646952574,13.709598307378252,5.974718571539573,5.508595556037851,4.848916770784997,306.01,aer,4096,outputs/reps_Brickwork_entanglement/slurm_YYDPETGTWY_amber/replica_48/replica_48.pdb,outputs/reps_Brickwork_entanglement/slurm_YYDPETGTWY_amber/replica_48/replica_48_ca.pdb
158,313296925,random,YYDPETGTWY,amber,56.34825079481012,3.5944996194643126,12.149405735283114,5.869358465241282,5.508595556037851,4.848916770784997,324.63,aer,4096,outputs/reps_Brickwork_entanglement/slurm_YYDPETGTWY_amber/replica_158/replica_158.pdb,outputs/reps_Brickwork_entanglement/slurm_YYDPETGTWY_amber/replica_158/replica_158_ca.pdb
482,313297249,random,YYDPETGTWY,amber,-46.76945222568314,3.616481837740802,10.719805218789418,5.774418538780692,5.508595556037851,4.848916770784997,191.18,aer,4096,outputs/reps_Brickwork_entanglement/slurm_YYDPETGTWY_amber/replica_482/replica_482.pdb,outputs/reps_Brickwork_entanglement/slurm_YYDPETGTWY_amber/replica_482/replica_482_ca.pdb
365,313297132,random,YYDPETGTWY,amber,-49.48102274974009,3.6257431003770635,13.922135036271108,5.725205018636054,5.508595556037851,4.848916770784997,271.46,aer,4096,outputs/reps_Brickwork_entanglement/slurm_YYDPETGTWY_amber/replica_365/replica_365.pdb,outputs/reps_Brickwork_entanglement/slurm_YYDPETGTWY_amber/replica_365/replica_365_ca.pdb
520,313297287,random,YYDPETGTWY,amber,82.8800048761757,3.6793825216337437,13.810981485560673,6.380495591628293,5.508595556037851,4.848916770784997,248.53,aer,4096,outputs/reps_Brickwork_entanglement/slurm_YYDPETGTWY_amber/replica_520/replica_520.pdb,outputs/reps_Brickwork_entanglement/slurm_YYDPETGTWY_amber/replica_520/replica_520_ca.pdb
774,313297541,random,YYDPETGTWY,amber,-40.79994386178094,3.683465628856678,14.351211366118521,5.993205685834112,5.508595556037851,4.848916770784997,292.19,aer,4096,outputs/reps_Brickwork_entanglement/slurm_YYDPETGTWY_amber/replica_774/replica_774.pdb,outputs/reps_Brickwork_entanglement/slurm_YYDPETGTWY_amber/replica_774/replica_774_ca.pdb
228,313296995,random,YYDPETGTWY,amber,45.662088655949624,3.699327522606835,15.205455822252137,6.0189163077786,5.508595556037851,4.848916770784997,264.37,aer,4096,outputs/reps_Brickwork_entanglement/slurm_YYDPETGTWY_amber/replica_228/replica_228.pdb,outputs/reps_Brickwork_entanglement/slurm_YYDPETGTWY_amber/replica_228/replica_228_ca.pdb
849,313297616,random,YYDPETGTWY,amber,116.00546774540433,3.7169035580386267,13.11401995028661,5.973750976335126,5.508595556037851,4.848916770784997,179.52,aer,4096,outputs/reps_Brickwork_entanglement/slurm_YYDPETGTWY_amber/replica_849/replica_849.pdb,outputs/reps_Brickwork_entanglement/slurm_YYDPETGTWY_amber/replica_849/replica_849_ca.pdb
83,313296850,random,YYDPETGTWY,amber,-26.25796869162179,3.7178376234771684,15.306138230548433,6.083527258774008,5.508595556037851,4.848916770784997,269.53,aer,4096,outputs/reps_Brickwork_entanglement/slurm_YYDPETGTWY_amber/replica_83/replica_83.pdb,outputs/reps_Brickwork_entanglement/slurm_YYDPETGTWY_amber/replica_83/replica_83_ca.pdb
621,313297388,random,YYDPETGTWY,amber,-3.44368907949855,3.752331500695386,13.600793689091027,5.671256740541244,5.508595556037851,4.848916770784997,227.27,aer,4096,outputs/reps_Brickwork_entanglement/slurm_YYDPETGTWY_amber/replica_621/replica_621.pdb,outputs/reps_Brickwork_entanglement/slurm_YYDPETGTWY_amber/replica_621/replica_621_ca.pdb
453,313297220,random,YYDPETGTWY,amber,3.0705537292270293,3.7633178523584365,9.539548009041205,5.30595961356387,5.508595556037851,4.848916770784997,276.64,aer,4096,outputs/reps_Brickwork_entanglement/slurm_YYDPETGTWY_amber/replica_453/replica_453.pdb,outputs/reps_Brickwork_entanglement/slurm_YYDPETGTWY_amber/replica_453/replica_453_ca.pdb
552,313297319,random,YYDPETGTWY,amber,15.487165610498343,3.776224497532367,14.915485991197356,6.299372219981532,5.508595556037851,4.848916770784997,314.07,aer,4096,outputs/reps_Brickwork_entanglement/slurm_YYDPETGTWY_amber/replica_552/replica_552.pdb,outputs/reps_Brickwork_entanglement/slurm_YYDPETGTWY_amber/replica_552/replica_552_ca.pdb
884,313297651,random,YYDPETGTWY,amber,26.41916513020669,3.7961982194686272,14.156012948106278,6.026126544244984,5.508595556037851,4.848916770784997,200.77,aer,4096,outputs/reps_Brickwork_entanglement/slurm_YYDPETGTWY_amber/replica_884/replica_884.pdb,outputs/reps_Brickwork_entanglement/slurm_YYDPETGTWY_amber/replica_884/replica_884_ca.pdb
281,313297048,random,YYDPETGTWY,amber,-31.602614756747116,3.802832384389524,12.815981401318291,5.927536709123701,5.508595556037851,4.848916770784997,220.99,aer,4096,outputs/reps_Brickwork_entanglement/slurm_YYDPETGTWY_amber/replica_281/replica_281.pdb,outputs/reps_Brickwork_entanglement/slurm_YYDPETGTWY_amber/replica_281/replica_281_ca.pdb
697,313297464,random,YYDPETGTWY,amber,-25.951194967761893,3.8111114944690696,15.243189007705555,6.0540161284382,5.508595556037851,4.848916770784997,237.5,aer,4096,outputs/reps_Brickwork_entanglement/slurm_YYDPETGTWY_amber/replica_697/replica_697.pdb,outputs/reps_Brickwork_entanglement/slurm_YYDPETGTWY_amber/replica_697/replica_697_ca.pdb
575,313297342,random,YYDPETGTWY,amber,-57.54557290788126,3.8357067992439187,16.571617457824516,6.408784440629572,5.508595556037851,4.848916770784997,241.94,aer,4096,outputs/reps_Brickwork_entanglement/slurm_YYDPETGTWY_amber/replica_575/replica_575.pdb,outputs/reps_Brickwork_entanglement/slurm_YYDPETGTWY_amber/replica_575/replica_575_ca.pdb
874,313297641,random,YYDPETGTWY,amber,-16.109446861554957,3.8374291506439144,14.718082429745376,6.018457487147843,5.508595556037851,4.848916770784997,419.16,aer,4096,outputs/reps_Brickwork_entanglement/slurm_YYDPETGTWY_amber/replica_874/replica_874.pdb,outputs/reps_Brickwork_entanglement/slurm_YYDPETGTWY_amber/replica_874/replica_874_ca.pdb
810,313297577,random,YYDPETGTWY,amber,79.31478855753907,3.8632554406032042,15.109282089044905,6.310869242660825,5.508595556037851,4.848916770784997,241.69,aer,4096,outputs/reps_Brickwork_entanglement/slurm_YYDPETGTWY_amber/replica_810/replica_810.pdb,outputs/reps_Brickwork_entanglement/slurm_YYDPETGTWY_amber/replica_810/replica_810_ca.pdb
739,313297506,random,YYDPETGTWY,amber,162.33913011872627,3.86538811109999,13.451832850207408,6.0725389475256115,5.508595556037851,4.848916770784997,355.53,aer,4096,outputs/reps_Brickwork_entanglement/slurm_YYDPETGTWY_amber/replica_739/replica_739.pdb,outputs/reps_Brickwork_entanglement/slurm_YYDPETGTWY_amber/replica_739/replica_739_ca.pdb
345,313297112,random,YYDPETGTWY,amber,29.206529058873645,3.8731553629401434,13.9010923700155,6.1176133043638785,5.508595556037851,4.848916770784997,324.4,aer,4096,outputs/reps_Brickwork_entanglement/slurm_YYDPETGTWY_amber/replica_345/replica_345.pdb,outputs/reps_Brickwork_entanglement/slurm_YYDPETGTWY_amber/replica_345/replica_345_ca.pdb
707,313297474,random,YYDPETGTWY,amber,54.35807062970299,3.8836494031332083,13.255399951926549,5.998770992934894,5.508595556037851,4.848916770784997,496.03,aer,4096,outputs/reps_Brickwork_entanglement/slurm_YYDPETGTWY_amber/replica_707/replica_707.pdb,outputs/reps_Brickwork_entanglement/slurm_YYDPETGTWY_amber/replica_707/replica_707_ca.pdb
188,313296955,random,YYDPETGTWY,amber,-75.8850788628068,3.944199247527172,14.7801710648484,6.148972607067553,5.508595556037851,4.848916770784997,284.6,aer,4096,outputs/reps_Brickwork_entanglement/slurm_YYDPETGTWY_amber/replica_188/replica_188.pdb,outputs/reps_Brickwork_entanglement/slurm_YYDPETGTWY_amber/replica_188/replica_188_ca.pdb
513,313297280,random,YYDPETGTWY,amber,-0.7938082071120905,3.948557947946444,12.73975723311788,5.884635641176229,5.508595556037851,4.848916770784997,302.39,aer,4096,outputs/reps_Brickwork_entanglement/slurm_YYDPETGTWY_amber/replica_513/replica_513.pdb,outputs/reps_Brickwork_entanglement/slurm_YYDPETGTWY_amber/replica_513/replica_513_ca.pdb
165,313296932,random,YYDPETGTWY,amber,-9.914880199807353,3.966460821006231,12.905445065041494,6.0928078301482,5.508595556037851,4.848916770784997,233.47,aer,4096,outputs/reps_Brickwork_entanglement/slurm_YYDPETGTWY_amber/replica_165/replica_165.pdb,outputs/reps_Brickwork_entanglement/slurm_YYDPETGTWY_amber/replica_165/replica_165_ca.pdb
489,313297256,random,YYDPETGTWY,amber,17.319380258613105,3.9863702486787784,16.31014823140934,6.136049696730336,5.508595556037851,4.848916770784997,387.53,aer,4096,outputs/reps_Brickwork_entanglement/slurm_YYDPETGTWY_amber/replica_489/replica_489.pdb,outputs/reps_Brickwork_entanglement/slurm_YYDPETGTWY_amber/replica_489/replica_489_ca.pdb
302,313297069,random,YYDPETGTWY,amber,-3.4049574892983823,4.005751702335248,15.906835919492352,6.06157950837904,5.508595556037851,4.848916770784997,262.36,aer,4096,outputs/reps_Brickwork_entanglement/slurm_YYDPETGTWY_amber/replica_302/replica_302.pdb,outputs/reps_Brickwork_entanglement/slurm_YYDPETGTWY_amber/replica_302/replica_302_ca.pdb
276,313297043,random,YYDPETGTWY,amber,-52.41737655149134,4.014292153981004,14.633617504080219,5.821961803087348,5.508595556037851,4.848916770784997,235.49,aer,4096,outputs/reps_Brickwork_entanglement/slurm_YYDPETGTWY_amber/replica_276/replica_276.pdb,outputs/reps_Brickwork_entanglement/slurm_YYDPETGTWY_amber/replica_276/replica_276_ca.pdb
122,313296889,random,YYDPETGTWY,amber,-8.94598652612296,4.017266984347487,17.25064872578618,6.108362218183283,5.508595556037851,4.848916770784997,378.31,aer,4096,outputs/reps_Brickwork_entanglement/slurm_YYDPETGTWY_amber/replica_122/replica_122.pdb,outputs/reps_Brickwork_entanglement/slurm_YYDPETGTWY_amber/replica_122/replica_122_ca.pdb
885,313297652,random,YYDPETGTWY,amber,-23.483991989431576,4.039412709807013,16.999137924414185,6.338784240386761,5.508595556037851,4.848916770784997,413.73,aer,4096,outputs/reps_Brickwork_entanglement/slurm_YYDPETGTWY_amber/replica_885/replica_885.pdb,outputs/reps_Brickwork_entanglement/slurm_YYDPETGTWY_amber/replica_885/replica_885_ca.pdb
500,313297267,random,YYDPETGTWY,amber,-36.237352493789295,4.055979615779467,14.102266427593845,6.237059720627305,5.508595556037851,4.848916770784997,315.33,aer,4096,outputs/reps_Brickwork_entanglement/slurm_YYDPETGTWY_amber/replica_500/replica_500.pdb,outputs/reps_Brickwork_entanglement/slurm_YYDPETGTWY_amber/replica_500/replica_500_ca.pdb
644,313297411,random,YYDPETGTWY,amber,5.694191904932164,4.064126067064927,14.193452071777108,5.712772595814393,5.508595556037851,4.848916770784997,225.14,aer,4096,outputs/reps_Brickwork_entanglement/slurm_YYDPETGTWY_amber/replica_644/replica_644.pdb,outputs/reps_Brickwork_entanglement/slurm_YYDPETGTWY_amber/replica_644/replica_644_ca.pdb
157,313296924,random,YYDPETGTWY,amber,11.868794217358534,4.065007174546155,14.908339744471938,5.869326965634721,5.508595556037851,4.848916770784997,257.46,aer,4096,outputs/reps_Brickwork_entanglement/slurm_YYDPETGTWY_amber/replica_157/replica_157.pdb,outputs/reps_Brickwork_entanglement/slurm_YYDPETGTWY_amber/replica_157/replica_157_ca.pdb
538,313297305,random,YYDPETGTWY,amber,60.075201528034995,4.070239562835958,13.368560713477159,6.018734714051952,5.508595556037851,4.848916770784997,284.97,aer,4096,outputs/reps_Brickwork_entanglement/slurm_YYDPETGTWY_amber/replica_538/replica_538.pdb,outputs/reps_Brickwork_entanglement/slurm_YYDPETGTWY_amber/replica_538/replica_538_ca.pdb
481,313297248,random,YYDPETGTWY,amber,81.2412938018057,4.072217579972493,15.647241341947845,6.235991536270451,5.508595556037851,4.848916770784997,215.3,aer,4096,outputs/reps_Brickwork_entanglement/slurm_YYDPETGTWY_amber/replica_481/replica_481.pdb,outputs/reps_Brickwork_entanglement/slurm_YYDPETGTWY_amber/replica_481/replica_481_ca.pdb
890,313297657,random,YYDPETGTWY,amber,38.909403845596984,4.118031139683992,13.902584216924147,6.064802663942405,5.508595556037851,4.848916770784997,261.0,aer,4096,outputs/reps_Brickwork_entanglement/slurm_YYDPETGTWY_amber/replica_890/replica_890.pdb,outputs/reps_Brickwork_entanglement/slurm_YYDPETGTWY_amber/replica_890/replica_890_ca.pdb
124,313296891,random,YYDPETGTWY,amber,-82.74996366938245,4.121311268872865,16.519996006940715,6.162854766927932,5.508595556037851,4.848916770784997,228.32,aer,4096,outputs/reps_Brickwork_entanglement/slurm_YYDPETGTWY_amber/replica_124/replica_124.pdb,outputs/reps_Brickwork_entanglement/slurm_YYDPETGTWY_amber/replica_124/replica_124_ca.pdb
237,313297004,random,YYDPETGTWY,amber,-58.074950401801715,4.150338452524391,14.1208101496022,6.507870946363624,5.508595556037851,4.848916770784997,304.39,aer,4096,outputs/reps_Brickwork_entanglement/slurm_YYDPETGTWY_amber/replica_237/replica_237.pdb,outputs/reps_Brickwork_entanglement/slurm_YYDPETGTWY_amber/replica_237/replica_237_ca.pdb
783,313297550,random,YYDPETGTWY,amber,-80.22645601101345,4.151541194837885,15.91164179830807,6.33426444846995,5.508595556037851,4.848916770784997,241.74,aer,4096,outputs/reps_Brickwork_entanglement/slurm_YYDPETGTWY_amber/replica_783/replica_783.pdb,outputs/reps_Brickwork_entanglement/slurm_YYDPETGTWY_amber/replica_783/replica_783_ca.pdb
757,313297524,random,YYDPETGTWY,amber,22.23620294223246,4.156296735225172,14.810984332876249,5.780579084897376,5.508595556037851,4.848916770784997,309.79,aer,4096,outputs/reps_Brickwork_entanglement/slurm_YYDPETGTWY_amber/replica_757/replica_757.pdb,outputs/reps_Brickwork_entanglement/slurm_YYDPETGTWY_amber/replica_757/replica_757_ca.pdb
61,313296828,random,YYDPETGTWY,amber,-19.905190229866196,4.162285744748308,17.555820367914034,6.203420980217948,5.508595556037851,4.848916770784997,302.6,aer,4096,outputs/reps_Brickwork_entanglement/slurm_YYDPETGTWY_amber/replica_61/replica_61.pdb,outputs/reps_Brickwork_entanglement/slurm_YYDPETGTWY_amber/replica_61/replica_61_ca.pdb
490,313297257,random,YYDPETGTWY,amber,-13.264267223153517,4.168227833594175,16.666272788817057,6.386048138204,5.508595556037851,4.848916770784997,279.89,aer,4096,outputs/reps_Brickwork_entanglement/slurm_YYDPETGTWY_amber/replica_490/replica_490.pdb,outputs/reps_Brickwork_entanglement/slurm_YYDPETGTWY_amber/replica_490/replica_490_ca.pdb
129,313296896,random,YYDPETGTWY,amber,47.79599835435553,4.192979532421084,15.94987246195571,6.052365372282386,5.508595556037851,4.848916770784997,275.31,aer,4096,outputs/reps_Brickwork_entanglement/slurm_YYDPETGTWY_amber/replica_129/replica_129.pdb,outputs/reps_Brickwork_entanglement/slurm_YYDPETGTWY_amber/replica_129/replica_129_ca.pdb
811,313297578,random,YYDPETGTWY,amber,-57.305411360684275,4.212084886287135,17.078145937750143,6.236044703629258,5.508595556037851,4.848916770784997,389.57,aer,4096,outputs/reps_Brickwork_entanglement/slurm_YYDPETGTWY_amber/replica_811/replica_811.pdb,outputs/reps_Brickwork_entanglement/slurm_YYDPETGTWY_amber/replica_811/replica_811_ca.pdb
572,313297339,random,YYDPETGTWY,amber,62.44110858169903,4.226097218469295,15.422987121050337,6.418310708104479,5.508595556037851,4.848916770784997,276.35,aer,4096,outputs/reps_Brickwork_entanglement/slurm_YYDPETGTWY_amber/replica_572/replica_572.pdb,outputs/reps_Brickwork_entanglement/slurm_YYDPETGTWY_amber/replica_572/replica_572_ca.pdb
646,313297413,random,YYDPETGTWY,amber,-14.939315594946653,4.2869880679882,17.015398640559226,6.44462288181388,5.508595556037851,4.848916770784997,216.25,aer,4096,outputs/reps_Brickwork_entanglement/slurm_YYDPETGTWY_amber/replica_646/replica_646.pdb,outputs/reps_Brickwork_entanglement/slurm_YYDPETGTWY_amber/replica_646/replica_646_ca.pdb
218,313296985,random,YYDPETGTWY,amber,-20.824289739252706,4.288315067812195,16.311498089588554,6.254437539498484,5.508595556037851,4.848916770784997,395.53,aer,4096,outputs/reps_Brickwork_entanglement/slurm_YYDPETGTWY_amber/replica_218/replica_218.pdb,outputs/reps_Brickwork_entanglement/slurm_YYDPETGTWY_amber/replica_218/replica_218_ca.pdb
632,313297399,random,YYDPETGTWY,amber,-12.086490791634459,4.29850377047661,14.419680960016446,6.133211786941004,5.508595556037851,4.848916770784997,209.59,aer,4096,outputs/reps_Brickwork_entanglement/slurm_YYDPETGTWY_amber/replica_632/replica_632.pdb,outputs/reps_Brickwork_entanglement/slurm_YYDPETGTWY_amber/replica_632/replica_632_ca.pdb
178,313296945,random,YYDPETGTWY,amber,-44.51949220173963,4.31514945405754,16.181505116401475,6.164236534971305,5.508595556037851,4.848916770784997,351.9,aer,4096,outputs/reps_Brickwork_entanglement/slurm_YYDPETGTWY_amber/replica_178/replica_178.pdb,outputs/reps_Brickwork_entanglement/slurm_YYDPETGTWY_amber/replica_178/replica_178_ca.pdb
819,313297586,random,YYDPETGTWY,amber,-8.105759306595917,4.321869059247849,15.195200768960325,6.630099055306827,5.508595556037851,4.848916770784997,337.09,aer,4096,outputs/reps_Brickwork_entanglement/slurm_YYDPETGTWY_amber/replica_819/replica_819.pdb,outputs/reps_Brickwork_entanglement/slurm_YYDPETGTWY_amber/replica_819/replica_819_ca.pdb
348,313297115,random,YYDPETGTWY,amber,109.19856097211138,4.327620836440504,14.760563372404741,6.220211620107436,5.508595556037851,4.848916770784997,274.54,aer,4096,outputs/reps_Brickwork_entanglement/slurm_YYDPETGTWY_amber/replica_348/replica_348.pdb,outputs/reps_Brickwork_entanglement/slurm_YYDPETGTWY_amber/replica_348/replica_348_ca.pdb
873,313297640,random,YYDPETGTWY,amber,609.2009370676257,4.330330306039173,17.68693990689048,6.307160807633099,5.508595556037851,4.848916770784997,153.33,aer,4096,outputs/reps_Brickwork_entanglement/slurm_YYDPETGTWY_amber/replica_873/replica_873.pdb,outputs/reps_Brickwork_entanglement/slurm_YYDPETGTWY_amber/replica_873/replica_873_ca.pdb
118,313296885,random,YYDPETGTWY,amber,83.99811854430826,4.347003064871972,17.140535891776118,6.559006859650717,5.508595556037851,4.848916770784997,488.6,aer,4096,outputs/reps_Brickwork_entanglement/slurm_YYDPETGTWY_amber/replica_118/replica_118.pdb,outputs/reps_Brickwork_entanglement/slurm_YYDPETGTWY_amber/replica_118/replica_118_ca.pdb
496,313297263,random,YYDPETGTWY,amber,2.0909821013832257,4.365428092037868,15.718403861417073,6.382202841954155,5.508595556037851,4.848916770784997,258.22,aer,4096,outputs/reps_Brickwork_entanglement/slurm_YYDPETGTWY_amber/replica_496/replica_496.pdb,outputs/reps_Brickwork_entanglement/slurm_YYDPETGTWY_amber/replica_496/replica_496_ca.pdb
949,313297716,random,YYDPETGTWY,amber,38.829995700908476,4.365452075449559,18.13547053954716,6.551555762851961,5.508595556037851,4.848916770784997,324.37,aer,4096,outputs/reps_Brickwork_entanglement/slurm_YYDPETGTWY_amber/replica_949/replica_949.pdb,outputs/reps_Brickwork_entanglement/slurm_YYDPETGTWY_amber/replica_949/replica_949_ca.pdb
969,313297736,random,YYDPETGTWY,amber,19.554601444589185,4.368975283644515,16.31455411938828,6.928249763793483,5.508595556037851,4.848916770784997,282.92,aer,4096,outputs/reps_Brickwork_entanglement/slurm_YYDPETGTWY_amber/replica_969/replica_969.pdb,outputs/reps_Brickwork_entanglement/slurm_YYDPETGTWY_amber/replica_969/replica_969_ca.pdb
498,313297265,random,YYDPETGTWY,amber,-76.31013514783086,4.378945414505785,16.609507065211886,6.330831127796668,5.508595556037851,4.848916770784997,251.48,aer,4096,outputs/reps_Brickwork_entanglement/slurm_YYDPETGTWY_amber/replica_498/replica_498.pdb,outputs/reps_Brickwork_entanglement/slurm_YYDPETGTWY_amber/replica_498/replica_498_ca.pdb
631,313297398,random,YYDPETGTWY,amber,104.47471695819367,4.400487838862224,13.175253088138415,6.194877458863409,5.508595556037851,4.848916770784997,197.64,aer,4096,outputs/reps_Brickwork_entanglement/slurm_YYDPETGTWY_amber/replica_631/replica_631.pdb,outputs/reps_Brickwork_entanglement/slurm_YYDPETGTWY_amber/replica_631/replica_631_ca.pdb
977,313297744,random,YYDPETGTWY,amber,1.4595268691486953,4.403602839485797,13.250846745387307,6.398511727919956,5.508595556037851,4.848916770784997,272.76,aer,4096,outputs/reps_Brickwork_entanglement/slurm_YYDPETGTWY_amber/replica_977/replica_977.pdb,outputs/reps_Brickwork_entanglement/slurm_YYDPETGTWY_amber/replica_977/replica_977_ca.pdb
761,313297528,random,YYDPETGTWY,amber,-26.620349085006435,4.4044848891998365,16.36966093640377,5.845681817599881,5.508595556037851,4.848916770784997,245.77,aer,4096,outputs/reps_Brickwork_entanglement/slurm_YYDPETGTWY_amber/replica_761/replica_761.pdb,outputs/reps_Brickwork_entanglement/slurm_YYDPETGTWY_amber/replica_761/replica_761_ca.pdb
74,313296841,random,YYDPETGTWY,amber,-67.57073163231134,4.408412261898538,16.918958872546977,6.0455270382113495,5.508595556037851,4.848916770784997,254.89,aer,4096,outputs/reps_Brickwork_entanglement/slurm_YYDPETGTWY_amber/replica_74/replica_74.pdb,outputs/reps_Brickwork_entanglement/slurm_YYDPETGTWY_amber/replica_74/replica_74_ca.pdb
411,313297178,random,YYDPETGTWY,amber,-15.75221130366302,4.423150096139929,16.702941480534342,6.33057936902661,5.508595556037851,4.848916770784997,224.29,aer,4096,outputs/reps_Brickwork_entanglement/slurm_YYDPETGTWY_amber/replica_411/replica_411.pdb,outputs/reps_Brickwork_entanglement/slurm_YYDPETGTWY_amber/replica_411/replica_411_ca.pdb
522,313297289,random,YYDPETGTWY,amber,113.49491915969632,4.432534003314896,16.335689980179197,6.4676850235810495,5.508595556037851,4.848916770784997,254.22,aer,4096,outputs/reps_Brickwork_entanglement/slurm_YYDPETGTWY_amber/replica_522/replica_522.pdb,outputs/reps_Brickwork_entanglement/slurm_YYDPETGTWY_amber/replica_522/replica_522_ca.pdb
769,313297536,random,YYDPETGTWY,amber,62.19339376554119,4.458607388105233,15.357940283155525,6.608318360038592,5.508595556037851,4.848916770784997,276.37,aer,4096,outputs/reps_Brickwork_entanglement/slurm_YYDPETGTWY_amber/replica_769/replica_769.pdb,outputs/reps_Brickwork_entanglement/slurm_YYDPETGTWY_amber/replica_769/replica_769_ca.pdb
770,313297537,random,YYDPETGTWY,amber,565.3033776345601,4.463177810042485,11.976048328398704,5.704927488376711,5.508595556037851,4.848916770784997,134.96,aer,4096,outputs/reps_Brickwork_entanglement/slurm_YYDPETGTWY_amber/replica_770/replica_770.pdb,outputs/reps_Brickwork_entanglement/slurm_YYDPETGTWY_amber/replica_770/replica_770_ca.pdb
604,313297371,random,YYDPETGTWY,amber,3.311533941274096,4.469305693388249,15.326523233066341,6.433696507871776,5.508595556037851,4.848916770784997,210.89,aer,4096,outputs/reps_Brickwork_entanglement/slurm_YYDPETGTWY_amber/replica_604/replica_604.pdb,outputs/reps_Brickwork_entanglement/slurm_YYDPETGTWY_amber/replica_604/replica_604_ca.pdb
877,313297644,random,YYDPETGTWY,amber,48.074959171710354,4.481185408870596,16.158643919319182,6.452609036730917,5.508595556037851,4.848916770784997,253.58,aer,4096,outputs/reps_Brickwork_entanglement/slurm_YYDPETGTWY_amber/replica_877/replica_877.pdb,outputs/reps_Brickwork_entanglement/slurm_YYDPETGTWY_amber/replica_877/replica_877_ca.pdb
9,313296776,random,YYDPETGTWY,amber,-8.826757579306872,4.490323775109952,17.972215526398884,6.514874714499253,5.508595556037851,4.848916770784997,218.99,aer,4096,outputs/reps_Brickwork_entanglement/slurm_YYDPETGTWY_amber/replica_9/replica_9.pdb,outputs/reps_Brickwork_entanglement/slurm_YYDPETGTWY_amber/replica_9/replica_9_ca.pdb
854,313297621,random,YYDPETGTWY,amber,-60.07341207083461,4.499913842818354,14.936464457952335,6.061043120747258,5.508595556037851,4.848916770784997,202.78,aer,4096,outputs/reps_Brickwork_entanglement/slurm_YYDPETGTWY_amber/replica_854/replica_854.pdb,outputs/reps_Brickwork_entanglement/slurm_YYDPETGTWY_amber/replica_854/replica_854_ca.pdb
840,313297607,random,YYDPETGTWY,amber,-46.21842034664573,4.501810185270856,15.12773271455677,6.530698924680416,5.508595556037851,4.848916770784997,261.45,aer,4096,outputs/reps_Brickwork_entanglement/slurm_YYDPETGTWY_amber/replica_840/replica_840.pdb,outputs/reps_Brickwork_entanglement/slurm_YYDPETGTWY_amber/replica_840/replica_840_ca.pdb
11,313296778,random,YYDPETGTWY,amber,-18.175937649839128,4.512202201712596,17.361613130004788,6.266785348880176,5.508595556037851,4.848916770784997,253.26,aer,4096,outputs/reps_Brickwork_entanglement/slurm_YYDPETGTWY_amber/replica_11/replica_11.pdb,outputs/reps_Brickwork_entanglement/slurm_YYDPETGTWY_amber/replica_11/replica_11_ca.pdb
404,313297171,random,YYDPETGTWY,amber,-27.411603633868953,4.51439538662369,17.012139885671736,6.132073068074973,5.508595556037851,4.848916770784997,328.56,aer,4096,outputs/reps_Brickwork_entanglement/slurm_YYDPETGTWY_amber/replica_404/replica_404.pdb,outputs/reps_Brickwork_entanglement/slurm_YYDPETGTWY_amber/replica_404/replica_404_ca.pdb
803,313297570,random,YYDPETGTWY,amber,-79.39606133916844,4.519307095933901,15.39816133416769,6.2360455378715365,5.508595556037851,4.848916770784997,353.58,aer,4096,outputs/reps_Brickwork_entanglement/slurm_YYDPETGTWY_amber/replica_803/replica_803.pdb,outputs/reps_Brickwork_entanglement/slurm_YYDPETGTWY_amber/replica_803/replica_803_ca.pdb
244,313297011,random,YYDPETGTWY,amber,62.91277013515172,4.519753874911796,14.944493598418166,6.2116489830678505,5.508595556037851,4.848916770784997,335.26,aer,4096,outputs/reps_Brickwork_entanglement/slurm_YYDPETGTWY_amber/replica_244/replica_244.pdb,outputs/reps_Brickwork_entanglement/slurm_YYDPETGTWY_amber/replica_244/replica_244_ca.pdb
426,313297193,random,YYDPETGTWY,amber,-47.689039856296276,4.522807879842264,17.2608991250202,6.568369486870582,5.508595556037851,4.848916770784997,205.38,aer,4096,outputs/reps_Brickwork_entanglement/slurm_YYDPETGTWY_amber/replica_426/replica_426.pdb,outputs/reps_Brickwork_entanglement/slurm_YYDPETGTWY_amber/replica_426/replica_426_ca.pdb
558,313297325,random,YYDPETGTWY,amber,-58.95894340660357,4.524358571447279,17.997341928245188,6.652784194712682,5.508595556037851,4.848916770784997,376.62,aer,4096,outputs/reps_Brickwork_entanglement/slurm_YYDPETGTWY_amber/replica_558/replica_558.pdb,outputs/reps_Brickwork_entanglement/slurm_YYDPETGTWY_amber/replica_558/replica_558_ca.pdb
123,313296890,random,YYDPETGTWY,amber,19.88018345358843,4.531291553001754,18.93705806813573,6.742155990457205,5.508595556037851,4.848916770784997,260.91,aer,4096,outputs/reps_Brickwork_entanglement/slurm_YYDPETGTWY_amber/replica_123/replica_123.pdb,outputs/reps_Brickwork_entanglement/slurm_YYDPETGTWY_amber/replica_123/replica_123_ca.pdb
491,313297258,random,YYDPETGTWY,amber,28.671143640127653,4.553873603095905,17.809140971508707,6.72670589806897,5.508595556037851,4.848916770784997,272.67,aer,4096,outputs/reps_Brickwork_entanglement/slurm_YYDPETGTWY_amber/replica_491/replica_491.pdb,outputs/reps_Brickwork_entanglement/slurm_YYDPETGTWY_amber/replica_491/replica_491_ca.pdb
830,313297597,random,YYDPETGTWY,amber,-19.14766342229786,4.5554821470194256,17.552286965783985,6.637240196830274,5.508595556037851,4.848916770784997,177.64,aer,4096,outputs/reps_Brickwork_entanglement/slurm_YYDPETGTWY_amber/replica_830/replica_830.pdb,outputs/reps_Brickwork_entanglement/slurm_YYDPETGTWY_amber/replica_830/replica_830_ca.pdb
906,313297673,random,YYDPETGTWY,amber,4.1588063461995315,4.568540624575413,15.424085253314258,6.609207135295193,5.508595556037851,4.848916770784997,435.74,aer,4096,outputs/reps_Brickwork_entanglement/slurm_YYDPETGTWY_amber/replica_906/replica_906.pdb,outputs/reps_Brickwork_entanglement/slurm_YYDPETGTWY_amber/replica_906/replica_906_ca.pdb
0,313296767,random,YYDPETGTWY,amber,71.36820573675217,4.577633637071227,16.442171346361974,6.5751312396862875,5.508595556037851,4.848916770784997,273.1,aer,4096,outputs/reps_Brickwork_entanglement/slurm_YYDPETGTWY_amber/replica_0/replica_0.pdb,outputs/reps_Brickwork_entanglement/slurm_YYDPETGTWY_amber/replica_0/replica_0_ca.pdb
225,313296992,random,YYDPETGTWY,amber,69.92377989922907,4.595130012728813,16.725969455602055,6.790037222318025,5.508595556037851,4.848916770784997,433.1,aer,4096,outputs/reps_Brickwork_entanglement/slurm_YYDPETGTWY_amber/replica_225/replica_225.pdb,outputs/reps_Brickwork_entanglement/slurm_YYDPETGTWY_amber/replica_225/replica_225_ca.pdb
420,313297187,random,YYDPETGTWY,amber,-21.376849290588495,4.596865824662589,15.274369638225467,6.153179957656207,5.508595556037851,4.848916770784997,646.43,aer,4096,outputs/reps_Brickwork_entanglement/slurm_YYDPETGTWY_amber/replica_420/replica_420.pdb,outputs/reps_Brickwork_entanglement/slurm_YYDPETGTWY_amber/replica_420/replica_420_ca.pdb
616,313297383,random,YYDPETGTWY,amber,25.415534399109575,4.604338541520026,17.947093676868565,6.764672318894106,5.508595556037851,4.848916770784997,237.43,aer,4096,outputs/reps_Brickwork_entanglement/slurm_YYDPETGTWY_amber/replica_616/replica_616.pdb,outputs/reps_Brickwork_entanglement/slurm_YYDPETGTWY_amber/replica_616/replica_616_ca.pdb
749,313297516,random,YYDPETGTWY,amber,24.006221476910742,4.618391101577687,17.607108830366712,6.336533396800261,5.508595556037851,4.848916770784997,372.14,aer,4096,outputs/reps_Brickwork_entanglement/slurm_YYDPETGTWY_amber/replica_749/replica_749.pdb,outputs/reps_Brickwork_entanglement/slurm_YYDPETGTWY_amber/replica_749/replica_749_ca.pdb
189,313296956,random,YYDPETGTWY,amber,-12.204463709320619,4.620216364924781,18.54959426547559,6.569454979995446,5.508595556037851,4.848916770784997,235.86,aer,4096,outputs/reps_Brickwork_entanglement/slurm_YYDPETGTWY_amber/replica_189/replica_189.pdb,outputs/reps_Brickwork_entanglement/slurm_YYDPETGTWY_amber/replica_189/replica_189_ca.pdb
515,313297282,random,YYDPETGTWY,amber,-7.057683523621154,4.621174416269154,14.493097195887083,6.399097935875252,5.508595556037851,4.848916770784997,330.25,aer,4096,outputs/reps_Brickwork_entanglement/slurm_YYDPETGTWY_amber/replica_515/replica_515.pdb,outputs/reps_Brickwork_entanglement/slurm_YYDPETGTWY_amber/replica_515/replica_515_ca.pdb
224,313296991,random,YYDPETGTWY,amber,-19.804016629567286,4.622201789465697,16.841475779982307,6.550959545798812,5.508595556037851,4.848916770784997,216.09,aer,4096,outputs/reps_Brickwork_entanglement/slurm_YYDPETGTWY_amber/replica_224/replica_224.pdb,outputs/reps_Brickwork_entanglement/slurm_YYDPETGTWY_amber/replica_224/replica_224_ca.pdb
627,313297394,random,YYDPETGTWY,amber,10.346292458348005,4.629009727284129,18.55270824156438,6.622317242805445,5.508595556037851,4.848916770784997,214.57,aer,4096,outputs/reps_Brickwork_entanglement/slurm_YYDPETGTWY_amber/replica_627/replica_627.pdb,outputs/reps_Brickwork_entanglement/slurm_YYDPETGTWY_amber/replica_627/replica_627_ca.pdb
989,313297756,random,YYDPETGTWY,amber,-35.206678185971555,4.629032107696682,16.524358024008926,6.802977304585092,5.508595556037851,4.848916770784997,222.28,aer,4096,outputs/reps_Brickwork_entanglement/slurm_YYDPETGTWY_amber/replica_989/replica_989.pdb,outputs/reps_Brickwork_entanglement/slurm_YYDPETGTWY_amber/replica_989/replica_989_ca.pdb
44,313296811,random,YYDPETGTWY,amber,-15.370112239654429,4.633487065934343,17.150092554221274,6.392047113165024,5.508595556037851,4.848916770784997,272.18,aer,4096,outputs/reps_Brickwork_entanglement/slurm_YYDPETGTWY_amber/replica_44/replica_44.pdb,outputs/reps_Brickwork_entanglement/slurm_YYDPETGTWY_amber/replica_44/replica_44_ca.pdb
213,313296980,random,YYDPETGTWY,amber,55.233821398639485,4.643533422214134,17.27346532951394,5.946634497898411,5.508595556037851,4.848916770784997,265.58,aer,4096,outputs/reps_Brickwork_entanglement/slurm_YYDPETGTWY_amber/replica_213/replica_213.pdb,outputs/reps_Brickwork_entanglement/slurm_YYDPETGTWY_amber/replica_213/replica_213_ca.pdb
96,313296863,random,YYDPETGTWY,amber,-43.75095148648872,4.643598173524257,17.83333223730538,6.551732391244838,5.508595556037851,4.848916770784997,250.91,aer,4096,outputs/reps_Brickwork_entanglement/slurm_YYDPETGTWY_amber/replica_96/replica_96.pdb,outputs/reps_Brickwork_entanglement/slurm_YYDPETGTWY_amber/replica_96/replica_96_ca.pdb
635,313297402,random,YYDPETGTWY,amber,38.25385449503731,4.645155484107976,14.93745169556375,6.554276232506247,5.508595556037851,4.848916770784997,398.49,aer,4096,outputs/reps_Brickwork_entanglement/slurm_YYDPETGTWY_amber/replica_635/replica_635.pdb,outputs/reps_Brickwork_entanglement/slurm_YYDPETGTWY_amber/replica_635/replica_635_ca.pdb
647,313297414,random,YYDPETGTWY,amber,-31.030116748966208,4.6585088823819145,16.698517557045076,6.1577859921252305,5.508595556037851,4.848916770784997,233.53,aer,4096,outputs/reps_Brickwork_entanglement/slurm_YYDPETGTWY_amber/replica_647/replica_647.pdb,outputs/reps_Brickwork_entanglement/slurm_YYDPETGTWY_amber/replica_647/replica_647_ca.pdb
292,313297059,random,YYDPETGTWY,amber,-94.46275965771665,4.6585772600596,17.792197880892157,6.646063561039648,5.508595556037851,4.848916770784997,390.81,aer,4096,outputs/reps_Brickwork_entanglement/slurm_YYDPETGTWY_amber/replica_292/replica_292.pdb,outputs/reps_Brickwork_entanglement/slurm_YYDPETGTWY_amber/replica_292/replica_292_ca.pdb
872,313297639,random,YYDPETGTWY,amber,67.9499066060019,4.661932038945439,15.957898535445525,6.677220129040464,5.508595556037851,4.848916770784997,242.57,aer,4096,outputs/reps_Brickwork_entanglement/slurm_YYDPETGTWY_amber/replica_872/replica_872.pdb,outputs/reps_Brickwork_entanglement/slurm_YYDPETGTWY_amber/replica_872/replica_872_ca.pdb
441,313297208,random,YYDPETGTWY,amber,-54.48368173958135,4.671212183909837,17.146390435380603,6.811272595985487,5.508595556037851,4.848916770784997,403.73,aer,4096,outputs/reps_Brickwork_entanglement/slurm_YYDPETGTWY_amber/replica_441/replica_441.pdb,outputs/reps_Brickwork_entanglement/slurm_YYDPETGTWY_amber/replica_441/replica_441_ca.pdb
109,313296876,random,YYDPETGTWY,amber,-35.342038003986104,4.672260746642101,16.431606753703967,6.317828695192599,5.508595556037851,4.848916770784997,426.66,aer,4096,outputs/reps_Brickwork_entanglement/slurm_YYDPETGTWY_amber/replica_109/replica_109.pdb,outputs/reps_Brickwork_entanglement/slurm_YYDPETGTWY_amber/replica_109/replica_109_ca.pdb
470,313297237,random,YYDPETGTWY,amber,21.64469905293136,4.67426485224349,19.026314100637958,6.808807639065036,5.508595556037851,4.848916770784997,269.69,aer,4096,outputs/reps_Brickwork_entanglement/slurm_YYDPETGTWY_amber/replica_470/replica_470.pdb,outputs/reps_Brickwork_entanglement/slurm_YYDPETGTWY_amber/replica_470/replica_470_ca.pdb
435,313297202,random,YYDPETGTWY,amber,-28.89504305461388,4.676219220539136,17.23227539059498,6.57418752583676,5.508595556037851,4.848916770784997,504.35,aer,4096,outputs/reps_Brickwork_entanglement/slurm_YYDPETGTWY_amber/replica_435/replica_435.pdb,outputs/reps_Brickwork_entanglement/slurm_YYDPETGTWY_amber/replica_435/replica_435_ca.pdb
3,313296770,random,YYDPETGTWY,amber,-8.744782831709509,4.678091058348196,18.703446934148122,6.528230101297626,5.508595556037851,4.848916770784997,245.75,aer,4096,outputs/reps_Brickwork_entanglement/slurm_YYDPETGTWY_amber/replica_3/replica_3.pdb,outputs/reps_Brickwork_entanglement/slurm_YYDPETGTWY_amber/replica_3/replica_3_ca.pdb
794,313297561,random,YYDPETGTWY,amber,103.9129845713274,4.698021295456352,16.190325704619504,6.460672722240492,5.508595556037851,4.848916770784997,264.44,aer,4096,outputs/reps_Brickwork_entanglement/slurm_YYDPETGTWY_amber/replica_794/replica_794.pdb,outputs/reps_Brickwork_entanglement/slurm_YYDPETGTWY_amber/replica_794/replica_794_ca.pdb
174,313296941,random,YYDPETGTWY,amber,-10.691545819189558,4.699052203906259,18.07414941604776,6.385516003126552,5.508595556037851,4.848916770784997,386.23,aer,4096,outputs/reps_Brickwork_entanglement/slurm_YYDPETGTWY_amber/replica_174/replica_174.pdb,outputs/reps_Brickwork_entanglement/slurm_YYDPETGTWY_amber/replica_174/replica_174_ca.pdb
454,313297221,random,YYDPETGTWY,amber,49.07573469014302,4.700834734131935,19.16213627459476,6.687848809104126,5.508595556037851,4.848916770784997,348.5,aer,4096,outputs/reps_Brickwork_entanglement/slurm_YYDPETGTWY_amber/replica_454/replica_454.pdb,outputs/reps_Brickwork_entanglement/slurm_YYDPETGTWY_amber/replica_454/replica_454_ca.pdb
734,313297501,random,YYDPETGTWY,amber,68.8604028678237,4.707612779297154,18.298113870242283,6.434203035877168,5.508595556037851,4.848916770784997,207.94,aer,4096,outputs/reps_Brickwork_entanglement/slurm_YYDPETGTWY_amber/replica_734/replica_734.pdb,outputs/reps_Brickwork_entanglement/slurm_YYDPETGTWY_amber/replica_734/replica_734_ca.pdb
70,313296837,random,YYDPETGTWY,amber,-45.17587410152108,4.707866695485831,17.7125085339827,6.353890420766004,5.508595556037851,4.848916770784997,244.76,aer,4096,outputs/reps_Brickwork_entanglement/slurm_YYDPETGTWY_amber/replica_70/replica_70.pdb,outputs/reps_Brickwork_entanglement/slurm_YYDPETGTWY_amber/replica_70/replica_70_ca.pdb
478,313297245,random,YYDPETGTWY,amber,-24.446682137433054,4.7181852318661,19.164673187211452,6.584798338485456,5.508595556037851,4.848916770784997,241.76,aer,4096,outputs/reps_Brickwork_entanglement/slurm_YYDPETGTWY_amber/replica_478/replica_478.pdb,outputs/reps_Brickwork_entanglement/slurm_YYDPETGTWY_amber/replica_478/replica_478_ca.pdb
657,313297424,random,YYDPETGTWY,amber,31.263481895240485,4.721321666276668,16.353710414482382,6.631746193119264,5.508595556037851,4.848916770784997,229.08,aer,4096,outputs/reps_Brickwork_entanglement/slurm_YYDPETGTWY_amber/replica_657/replica_657.pdb,outputs/reps_Brickwork_entanglement/slurm_YYDPETGTWY_amber/replica_657/replica_657_ca.pdb
760,313297527,random,YYDPETGTWY,amber,2.4294354570449945,4.726669543591888,17.39238096875726,6.634015610658717,5.508595556037851,4.848916770784997,210.42,aer,4096,outputs/reps_Brickwork_entanglement/slurm_YYDPETGTWY_amber/replica_760/replica_760.pdb,outputs/reps_Brickwork_entanglement/slurm_YYDPETGTWY_amber/replica_760/replica_760_ca.pdb
879,313297646,random,YYDPETGTWY,amber,486.7441243806867,4.7321485665027705,17.25107943443388,6.484522307103344,5.508595556037851,4.848916770784997,161.36,aer,4096,outputs/reps_Brickwork_entanglement/slurm_YYDPETGTWY_amber/replica_879/replica_879.pdb,outputs/reps_Brickwork_entanglement/slurm_YYDPETGTWY_amber/replica_879/replica_879_ca.pdb
576,313297343,random,YYDPETGTWY,amber,25.979142516789548,4.740452248973971,17.117419917766483,6.658413679389611,5.508595556037851,4.848916770784997,269.4,aer,4096,outputs/reps_Brickwork_entanglement/slurm_YYDPETGTWY_amber/replica_576/replica_576.pdb,outputs/reps_Brickwork_entanglement/slurm_YYDPETGTWY_amber/replica_576/replica_576_ca.pdb
222,313296989,random,YYDPETGTWY,amber,17.528103477024754,4.740606148521444,17.822957648750204,6.8565548713076385,5.508595556037851,4.848916770784997,327.51,aer,4096,outputs/reps_Brickwork_entanglement/slurm_YYDPETGTWY_amber/replica_222/replica_222.pdb,outputs/reps_Brickwork_entanglement/slurm_YYDPETGTWY_amber/replica_222/replica_222_ca.pdb
900,313297667,random,YYDPETGTWY,amber,-48.445655351413855,4.741008290230704,16.075454313296778,6.4990229533338075,5.508595556037851,4.848916770784997,354.59,aer,4096,outputs/reps_Brickwork_entanglement/slurm_YYDPETGTWY_amber/replica_900/replica_900.pdb,outputs/reps_Brickwork_entanglement/slurm_YYDPETGTWY_amber/replica_900/replica_900_ca.pdb
314,313297081,random,YYDPETGTWY,amber,-14.598830071261567,4.74383391487861,15.930873548087149,6.709584820663472,5.508595556037851,4.848916770784997,254.29,aer,4096,outputs/reps_Brickwork_entanglement/slurm_YYDPETGTWY_amber/replica_314/replica_314.pdb,outputs/reps_Brickwork_entanglement/slurm_YYDPETGTWY_amber/replica_314/replica_314_ca.pdb
723,313297490,random,YYDPETGTWY,amber,95.76522228157243,4.761005364144269,17.319489795082333,6.2468785154220505,5.508595556037851,4.848916770784997,248.78,aer,4096,outputs/reps_Brickwork_entanglement/slurm_YYDPETGTWY_amber/replica_723/replica_723.pdb,outputs/reps_Brickwork_entanglement/slurm_YYDPETGTWY_amber/replica_723/replica_723_ca.pdb
511,313297278,random,YYDPETGTWY,amber,79.84276202568569,4.778359977236699,18.452530649464727,6.469539532314658,5.508595556037851,4.848916770784997,237.8,aer,4096,outputs/reps_Brickwork_entanglement/slurm_YYDPETGTWY_amber/replica_511/replica_511.pdb,outputs/reps_Brickwork_entanglement/slurm_YYDPETGTWY_amber/replica_511/replica_511_ca.pdb
133,313296900,random,YYDPETGTWY,amber,-32.64870389591976,4.786882719833968,18.824835726716184,6.5709606868224375,5.508595556037851,4.848916770784997,259.89,aer,4096,outputs/reps_Brickwork_entanglement/slurm_YYDPETGTWY_amber/replica_133/replica_133.pdb,outputs/reps_Brickwork_entanglement/slurm_YYDPETGTWY_amber/replica_133/replica_133_ca.pdb
326,313297093,random,YYDPETGTWY,amber,418.59739823021266,4.789316163293763,17.977577591830634,6.336743084573872,5.508595556037851,4.848916770784997,211.26,aer,4096,outputs/reps_Brickwork_entanglement/slurm_YYDPETGTWY_amber/replica_326/replica_326.pdb,outputs/reps_Brickwork_entanglement/slurm_YYDPETGTWY_amber/replica_326/replica_326_ca.pdb
402,313297169,random,YYDPETGTWY,amber,-13.628671634613028,4.7914972250438215,19.231369597494897,6.572873877040542,5.508595556037851,4.848916770784997,301.02,aer,4096,outputs/reps_Brickwork_entanglement/slurm_YYDPETGTWY_amber/replica_402/replica_402.pdb,outputs/reps_Brickwork_entanglement/slurm_YYDPETGTWY_amber/replica_402/replica_402_ca.pdb
559,313297326,random,YYDPETGTWY,amber,8.89288709937176,4.796994817674014,16.303850246626407,6.505719056080695,5.508595556037851,4.848916770784997,220.46,aer,4096,outputs/reps_Brickwork_entanglement/slurm_YYDPETGTWY_amber/replica_559/replica_559.pdb,outputs/reps_Brickwork_entanglement/slurm_YYDPETGTWY_amber/replica_559/replica_559_ca.pdb
163,313296930,random,YYDPETGTWY,amber,-20.712759331140553,4.798659409567005,18.08361092160048,6.7786694265142575,5.508595556037851,4.848916770784997,240.98,aer,4096,outputs/reps_Brickwork_entanglement/slurm_YYDPETGTWY_amber/replica_163/replica_163.pdb,outputs/reps_Brickwork_entanglement/slurm_YYDPETGTWY_amber/replica_163/replica_163_ca.pdb
797,313297564,random,YYDPETGTWY,amber,-52.64765398481115,4.801976185347306,18.14500945006624,6.331610443901396,5.508595556037851,4.848916770784997,323.36,aer,4096,outputs/reps_Brickwork_entanglement/slurm_YYDPETGTWY_amber/replica_797/replica_797.pdb,outputs/reps_Brickwork_entanglement/slurm_YYDPETGTWY_amber/replica_797/replica_797_ca.pdb
359,313297126,random,YYDPETGTWY,amber,28.808648713860197,4.826021011869254,17.316690540250303,6.411271773938524,5.508595556037851,4.848916770784997,184.87,aer,4096,outputs/reps_Brickwork_entanglement/slurm_YYDPETGTWY_amber/replica_359/replica_359.pdb,outputs/reps_Brickwork_entanglement/slurm_YYDPETGTWY_amber/replica_359/replica_359_ca.pdb
195,313296962,random,YYDPETGTWY,amber,-56.76036940795798,4.8373618486578245,19.319350121075047,6.649232350439554,5.508595556037851,4.848916770784997,252.44,aer,4096,outputs/reps_Brickwork_entanglement/slurm_YYDPETGTWY_amber/replica_195/replica_195.pdb,outputs/reps_Brickwork_entanglement/slurm_YYDPETGTWY_amber/replica_195/replica_195_ca.pdb
35,313296802,random,YYDPETGTWY,amber,-13.53246063767146,4.8376251749632235,18.405941131115135,6.713076178255827,5.508595556037851,4.848916770784997,324.24,aer,4096,outputs/reps_Brickwork_entanglement/slurm_YYDPETGTWY_amber/replica_35/replica_35.pdb,outputs/reps_Brickwork_entanglement/slurm_YYDPETGTWY_amber/replica_35/replica_35_ca.pdb
855,313297622,random,YYDPETGTWY,amber,79.24088164447649,4.83884653766582,18.1499560187889,6.844174271053571,5.508595556037851,4.848916770784997,444.25,aer,4096,outputs/reps_Brickwork_entanglement/slurm_YYDPETGTWY_amber/replica_855/replica_855.pdb,outputs/reps_Brickwork_entanglement/slurm_YYDPETGTWY_amber/replica_855/replica_855_ca.pdb
307,313297074,random,YYDPETGTWY,amber,-14.750978679713384,4.852479423625019,18.425967977731183,6.623500466441952,5.508595556037851,4.848916770784997,232.31,aer,4096,outputs/reps_Brickwork_entanglement/slurm_YYDPETGTWY_amber/replica_307/replica_307.pdb,outputs/reps_Brickwork_entanglement/slurm_YYDPETGTWY_amber/replica_307/replica_307_ca.pdb
185,313296952,random,YYDPETGTWY,amber,-7.952262982503688,4.855568669310429,18.080414717587676,6.6236327709245195,5.508595556037851,4.848916770784997,308.91,aer,4096,outputs/reps_Brickwork_entanglement/slurm_YYDPETGTWY_amber/replica_185/replica_185.pdb,outputs/reps_Brickwork_entanglement/slurm_YYDPETGTWY_amber/replica_185/replica_185_ca.pdb
732,313297499,random,YYDPETGTWY,amber,-10.697268268071268,4.860670728363171,15.772483687309764,6.745002259118734,5.508595556037851,4.848916770784997,266.25,aer,4096,outputs/reps_Brickwork_entanglement/slurm_YYDPETGTWY_amber/replica_732/replica_732.pdb,outputs/reps_Brickwork_entanglement/slurm_YYDPETGTWY_amber/replica_732/replica_732_ca.pdb
602,313297369,random,YYDPETGTWY,amber,-109.22666912266564,4.861838885385631,17.6021561221293,6.664275347659627,5.508595556037851,4.848916770784997,466.13,aer,4096,outputs/reps_Brickwork_entanglement/slurm_YYDPETGTWY_amber/replica_602/replica_602.pdb,outputs/reps_Brickwork_entanglement/slurm_YYDPETGTWY_amber/replica_602/replica_602_ca.pdb
88,313296855,random,YYDPETGTWY,amber,77.39153851004617,4.863776083735778,16.230431046995978,6.748275215829404,5.508595556037851,4.848916770784997,322.12,aer,4096,outputs/reps_Brickwork_entanglement/slurm_YYDPETGTWY_amber/replica_88/replica_88.pdb,outputs/reps_Brickwork_entanglement/slurm_YYDPETGTWY_amber/replica_88/replica_88_ca.pdb
974,313297741,random,YYDPETGTWY,amber,-58.23224997815307,4.878590611535573,18.59913930160085,7.044272983239217,5.508595556037851,4.848916770784997,270.92,aer,4096,outputs/reps_Brickwork_entanglement/slurm_YYDPETGTWY_amber/replica_974/replica_974.pdb,outputs/reps_Brickwork_entanglement/slurm_YYDPETGTWY_amber/replica_974/replica_974_ca.pdb
84,313296851,random,YYDPETGTWY,amber,-26.486864775217278,4.883112692070182,16.941067987156856,6.8970789268184935,5.508595556037851,4.848916770784997,243.24,aer,4096,outputs/reps_Brickwork_entanglement/slurm_YYDPETGTWY_amber/replica_84/replica_84.pdb,outputs/reps_Brickwork_entanglement/slurm_YYDPETGTWY_amber/replica_84/replica_84_ca.pdb
358,313297125,random,YYDPETGTWY,amber,19.656016820930535,4.883338725760907,18.171860971793333,6.529914632513883,5.508595556037851,4.848916770784997,290.1,aer,4096,outputs/reps_Brickwork_entanglement/slurm_YYDPETGTWY_amber/replica_358/replica_358.pdb,outputs/reps_Brickwork_entanglement/slurm_YYDPETGTWY_amber/replica_358/replica_358_ca.pdb
45,313296812,random,YYDPETGTWY,amber,823.166065347087,4.8841568529373625,17.930678713582765,6.713989368115515,5.508595556037851,4.848916770784997,224.83,aer,4096,outputs/reps_Brickwork_entanglement/slurm_YYDPETGTWY_amber/replica_45/replica_45.pdb,outputs/reps_Brickwork_entanglement/slurm_YYDPETGTWY_amber/replica_45/replica_45_ca.pdb
318,313297085,random,YYDPETGTWY,amber,-16.37220450139138,4.902772575402563,18.289221189268297,6.560773787693315,5.508595556037851,4.848916770784997,240.63,aer,4096,outputs/reps_Brickwork_entanglement/slurm_YYDPETGTWY_amber/replica_318/replica_318.pdb,outputs/reps_Brickwork_entanglement/slurm_YYDPETGTWY_amber/replica_318/replica_318_ca.pdb
691,313297458,random,YYDPETGTWY,amber,27.864712088511876,4.904073604851407,19.211331086637223,6.878027160145658,5.508595556037851,4.848916770784997,238.63,aer,4096,outputs/reps_Brickwork_entanglement/slurm_YYDPETGTWY_amber/replica_691/replica_691.pdb,outputs/reps_Brickwork_entanglement/slurm_YYDPETGTWY_amber/replica_691/replica_691_ca.pdb
599,313297366,random,YYDPETGTWY,amber,-37.41875799993489,4.906930191541912,18.339850014750347,6.556372355493791,5.508595556037851,4.848916770784997,319.98,aer,4096,outputs/reps_Brickwork_entanglement/slurm_YYDPETGTWY_amber/replica_599/replica_599.pdb,outputs/reps_Brickwork_entanglement/slurm_YYDPETGTWY_amber/replica_599/replica_599_ca.pdb
197,313296964,random,YYDPETGTWY,amber,168.7038703256479,4.908084023460989,19.06749112601388,6.811634462743455,5.508595556037851,4.848916770784997,313.75,aer,4096,outputs/reps_Brickwork_entanglement/slurm_YYDPETGTWY_amber/replica_197/replica_197.pdb,outputs/reps_Brickwork_entanglement/slurm_YYDPETGTWY_amber/replica_197/replica_197_ca.pdb
775,313297542,random,YYDPETGTWY,amber,-32.461911140089384,4.910213597625184,19.812845805569815,6.628214929712949,5.508595556037851,4.848916770784997,323.9,aer,4096,outputs/reps_Brickwork_entanglement/slurm_YYDPETGTWY_amber/replica_775/replica_775.pdb,outputs/reps_Brickwork_entanglement/slurm_YYDPETGTWY_amber/replica_775/replica_775_ca.pdb
390,313297157,random,YYDPETGTWY,amber,55.612604633697366,4.912411478439445,19.46366026143951,7.008966649527039,5.508595556037851,4.848916770784997,319.81,aer,4096,outputs/reps_Brickwork_entanglement/slurm_YYDPETGTWY_amber/replica_390/replica_390.pdb,outputs/reps_Brickwork_entanglement/slurm_YYDPETGTWY_amber/replica_390/replica_390_ca.pdb
546,313297313,random,YYDPETGTWY,amber,24.952148114487443,4.928930762938674,13.305929756702358,5.999542483855097,5.508595556037851,4.848916770784997,513.97,aer,4096,outputs/reps_Brickwork_entanglement/slurm_YYDPETGTWY_amber/replica_546/replica_546.pdb,outputs/reps_Brickwork_entanglement/slurm_YYDPETGTWY_amber/replica_546/replica_546_ca.pdb
597,313297364,random,YYDPETGTWY,amber,-54.10949853951345,4.933364804851938,17.85801748564766,6.81969375525208,5.508595556037851,4.848916770784997,265.05,aer,4096,outputs/reps_Brickwork_entanglement/slurm_YYDPETGTWY_amber/replica_597/replica_597.pdb,outputs/reps_Brickwork_entanglement/slurm_YYDPETGTWY_amber/replica_597/replica_597_ca.pdb
414,313297181,random,YYDPETGTWY,amber,-22.06418684143939,4.935845145461064,17.356995352728987,6.811522371797001,5.508595556037851,4.848916770784997,365.63,aer,4096,outputs/reps_Brickwork_entanglement/slurm_YYDPETGTWY_amber/replica_414/replica_414.pdb,outputs/reps_Brickwork_entanglement/slurm_YYDPETGTWY_amber/replica_414/replica_414_ca.pdb
360,313297127,random,YYDPETGTWY,amber,54.807984047765295,4.936782585285721,19.558174444500224,6.660159014904586,5.508595556037851,4.848916770784997,194.52,aer,4096,outputs/reps_Brickwork_entanglement/slurm_YYDPETGTWY_amber/replica_360/replica_360.pdb,outputs/reps_Brickwork_entanglement/slurm_YYDPETGTWY_amber/replica_360/replica_360_ca.pdb
952,313297719,random,YYDPETGTWY,amber,-3.9533304945642667,4.942821178949826,19.82677365777818,6.616652057578359,5.508595556037851,4.848916770784997,507.83,aer,4096,outputs/reps_Brickwork_entanglement/slurm_YYDPETGTWY_amber/replica_952/replica_952.pdb,outputs/reps_Brickwork_entanglement/slurm_YYDPETGTWY_amber/replica_952/replica_952_ca.pdb
686,313297453,random,YYDPETGTWY,amber,58.24791049133597,4.9450701310983725,18.698393385994724,6.477567940151445,5.508595556037851,4.848916770784997,246.09,aer,4096,outputs/reps_Brickwork_entanglement/slurm_YYDPETGTWY_amber/replica_686/replica_686.pdb,outputs/reps_Brickwork_entanglement/slurm_YYDPETGTWY_amber/replica_686/replica_686_ca.pdb
846,313297613,random,YYDPETGTWY,amber,-45.81515991618897,4.94537979114436,15.873190138207983,6.562521075860096,5.508595556037851,4.848916770784997,287.27,aer,4096,outputs/reps_Brickwork_entanglement/slurm_YYDPETGTWY_amber/replica_846/replica_846.pdb,outputs/reps_Brickwork_entanglement/slurm_YYDPETGTWY_amber/replica_846/replica_846_ca.pdb
678,313297445,random,YYDPETGTWY,amber,37.717928007206424,4.946902768681111,18.469964949764293,6.811079696457139,5.508595556037851,4.848916770784997,192.68,aer,4096,outputs/reps_Brickwork_entanglement/slurm_YYDPETGTWY_amber/replica_678/replica_678.pdb,outputs/reps_Brickwork_entanglement/slurm_YYDPETGTWY_amber/replica_678/replica_678_ca.pdb
663,313297430,random,YYDPETGTWY,amber,-47.51986627035719,4.957838685985126,18.98973198646873,6.773262739775764,5.508595556037851,4.848916770784997,251.23,aer,4096,outputs/reps_Brickwork_entanglement/slurm_YYDPETGTWY_amber/replica_663/replica_663.pdb,outputs/reps_Brickwork_entanglement/slurm_YYDPETGTWY_amber/replica_663/replica_663_ca.pdb
845,313297612,random,YYDPETGTWY,amber,78.0770202433348,4.9588891632897365,20.859968756616443,7.003381180822013,5.508595556037851,4.848916770784997,469.01,aer,4096,outputs/reps_Brickwork_entanglement/slurm_YYDPETGTWY_amber/replica_845/replica_845.pdb,outputs/reps_Brickwork_entanglement/slurm_YYDPETGTWY_amber/replica_845/replica_845_ca.pdb
942,313297709,random,YYDPETGTWY,amber,-42.801405220453624,4.959451632873966,18.601303958328405,6.609790436616113,5.508595556037851,4.848916770784997,199.26,aer,4096,outputs/reps_Brickwork_entanglement/slurm_YYDPETGTWY_amber/replica_942/replica_942.pdb,outputs/reps_Brickwork_entanglement/slurm_YYDPETGTWY_amber/replica_942/replica_942_ca.pdb
265,313297032,random,YYDPETGTWY,amber,-132.56123862735922,4.960637852330055,16.414334733068266,6.876695300170058,5.508595556037851,4.848916770784997,504.46,aer,4096,outputs/reps_Brickwork_entanglement/slurm_YYDPETGTWY_amber/replica_265/replica_265.pdb,outputs/reps_Brickwork_entanglement/slurm_YYDPETGTWY_amber/replica_265/replica_265_ca.pdb
758,313297525,random,YYDPETGTWY,amber,9.986133949819795,4.964986546667434,18.887861676123816,6.955822957260796,5.508595556037851,4.848916770784997,230.86,aer,4096,outputs/reps_Brickwork_entanglement/slurm_YYDPETGTWY_amber/replica_758/replica_758.pdb,outputs/reps_Brickwork_entanglement/slurm_YYDPETGTWY_amber/replica_758/replica_758_ca.pdb
275,313297042,random,YYDPETGTWY,amber,8.337961112905923,4.966733205289734,18.560123557026333,6.9827617979112535,5.508595556037851,4.848916770784997,248.65,aer,4096,outputs/reps_Brickwork_entanglement/slurm_YYDPETGTWY_amber/replica_275/replica_275.pdb,outputs/reps_Brickwork_entanglement/slurm_YYDPETGTWY_amber/replica_275/replica_275_ca.pdb
620,313297387,random,YYDPETGTWY,amber,102.60490781335945,4.972142740301077,19.79008973483074,6.941956809785696,5.508595556037851,4.848916770784997,236.64,aer,4096,outputs/reps_Brickwork_entanglement/slurm_YYDPETGTWY_amber/replica_620/replica_620.pdb,outputs/reps_Brickwork_entanglement/slurm_YYDPETGTWY_amber/replica_620/replica_620_ca.pdb
110,313296877,random,YYDPETGTWY,amber,33.84473210107994,4.9838976264392585,16.179073682861194,6.723343521668416,5.508595556037851,4.848916770784997,304.83,aer,4096,outputs/reps_Brickwork_entanglement/slurm_YYDPETGTWY_amber/replica_110/replica_110.pdb,outputs/reps_Brickwork_entanglement/slurm_YYDPETGTWY_amber/replica_110/replica_110_ca.pdb
153,313296920,random,YYDPETGTWY,amber,-40.06135537273339,4.984580925775058,20.476430968608305,6.9728670574136755,5.508595556037851,4.848916770784997,447.66,aer,4096,outputs/reps_Brickwork_entanglement/slurm_YYDPETGTWY_amber/replica_153/replica_153.pdb,outputs/reps_Brickwork_entanglement/slurm_YYDPETGTWY_amber/replica_153/replica_153_ca.pdb
91,313296858,random,YYDPETGTWY,amber,51.379267038739144,4.98961691451474,18.467624692727707,6.981837112880223,5.508595556037851,4.848916770784997,298.29,aer,4096,outputs/reps_Brickwork_entanglement/slurm_YYDPETGTWY_amber/replica_91/replica_91.pdb,outputs/reps_Brickwork_entanglement/slurm_YYDPETGTWY_amber/replica_91/replica_91_ca.pdb
709,313297476,random,YYDPETGTWY,amber,-19.567794294437867,4.993954092694938,20.803285364596977,6.82026448925279,5.508595556037851,4.848916770784997,265.18,aer,4096,outputs/reps_Brickwork_entanglement/slurm_YYDPETGTWY_amber/replica_709/replica_709.pdb,outputs/reps_Brickwork_entanglement/slurm_YYDPETGTWY_amber/replica_709/replica_709_ca.pdb
67,313296834,random,YYDPETGTWY,amber,-62.642643656333384,4.9949795259254905,16.562868378462998,6.736024127331758,5.508595556037851,4.848916770784997,295.79,aer,4096,outputs/reps_Brickwork_entanglement/slurm_YYDPETGTWY_amber/replica_67/replica_67.pdb,outputs/reps_Brickwork_entanglement/slurm_YYDPETGTWY_amber/replica_67/replica_67_ca.pdb
668,313297435,random,YYDPETGTWY,amber,-21.944968603615276,4.996076602269629,17.97654702690214,6.735378882057803,5.508595556037851,4.848916770784997,272.9,aer,4096,outputs/reps_Brickwork_entanglement/slurm_YYDPETGTWY_amber/replica_668/replica_668.pdb,outputs/reps_Brickwork_entanglement/slurm_YYDPETGTWY_amber/replica_668/replica_668_ca.pdb
777,313297544,random,YYDPETGTWY,amber,37.02163455559954,4.997335430991533,18.32740409656299,6.769327411956291,5.508595556037851,4.848916770784997,403.02,aer,4096,outputs/reps_Brickwork_entanglement/slurm_YYDPETGTWY_amber/replica_777/replica_777.pdb,outputs/reps_Brickwork_entanglement/slurm_YYDPETGTWY_amber/replica_777/replica_777_ca.pdb
812,313297579,random,YYDPETGTWY,amber,-22.46839490511597,5.00611880822744,18.611185235354366,7.029149970906096,5.508595556037851,4.848916770784997,239.31,aer,4096,outputs/reps_Brickwork_entanglement/slurm_YYDPETGTWY_amber/replica_812/replica_812.pdb,outputs/reps_Brickwork_entanglement/slurm_YYDPETGTWY_amber/replica_812/replica_812_ca.pdb
268,313297035,random,YYDPETGTWY,amber,-48.054017670667875,5.0076611321826885,16.15050014314044,6.493221139836105,5.508595556037851,4.848916770784997,314.58,aer,4096,outputs/reps_Brickwork_entanglement/slurm_YYDPETGTWY_amber/replica_268/replica_268.pdb,outputs/reps_Brickwork_entanglement/slurm_YYDPETGTWY_amber/replica_268/replica_268_ca.pdb
334,313297101,random,YYDPETGTWY,amber,-69.58476199280815,5.007784662405612,17.872973414453167,6.262882214114728,5.508595556037851,4.848916770784997,382.72,aer,4096,outputs/reps_Brickwork_entanglement/slurm_YYDPETGTWY_amber/replica_334/replica_334.pdb,outputs/reps_Brickwork_entanglement/slurm_YYDPETGTWY_amber/replica_334/replica_334_ca.pdb
700,313297467,random,YYDPETGTWY,amber,-47.72488016238013,5.009802977208317,19.436818002330916,6.731401019938292,5.508595556037851,4.848916770784997,316.24,aer,4096,outputs/reps_Brickwork_entanglement/slurm_YYDPETGTWY_amber/replica_700/replica_700.pdb,outputs/reps_Brickwork_entanglement/slurm_YYDPETGTWY_amber/replica_700/replica_700_ca.pdb
51,313296818,random,YYDPETGTWY,amber,-42.20765865244376,5.011763098333237,17.364076696983,6.277737883094855,5.508595556037851,4.848916770784997,292.97,aer,4096,outputs/reps_Brickwork_entanglement/slurm_YYDPETGTWY_amber/replica_51/replica_51.pdb,outputs/reps_Brickwork_entanglement/slurm_YYDPETGTWY_amber/replica_51/replica_51_ca.pdb
610,313297377,random,YYDPETGTWY,amber,-49.123808408417005,5.012672816434521,19.198926427130292,6.810120875464017,5.508595556037851,4.848916770784997,252.47,aer,4096,outputs/reps_Brickwork_entanglement/slurm_YYDPETGTWY_amber/replica_610/replica_610.pdb,outputs/reps_Brickwork_entanglement/slurm_YYDPETGTWY_amber/replica_610/replica_610_ca.pdb
466,313297233,random,YYDPETGTWY,amber,-40.29567911090116,5.019992995850398,19.363716163154045,6.76033289477787,5.508595556037851,4.848916770784997,215.48,aer,4096,outputs/reps_Brickwork_entanglement/slurm_YYDPETGTWY_amber/replica_466/replica_466.pdb,outputs/reps_Brickwork_entanglement/slurm_YYDPETGTWY_amber/replica_466/replica_466_ca.pdb
779,313297546,random,YYDPETGTWY,amber,-39.809049054560155,5.02002212735571,18.09605748599353,6.626373274003638,5.508595556037851,4.848916770784997,216.42,aer,4096,outputs/reps_Brickwork_entanglement/slurm_YYDPETGTWY_amber/replica_779/replica_779.pdb,outputs/reps_Brickwork_entanglement/slurm_YYDPETGTWY_amber/replica_779/replica_779_ca.pdb
924,313297691,random,YYDPETGTWY,amber,-71.79812381915433,5.021575140358743,18.062805099908303,7.055919442918926,5.508595556037851,4.848916770784997,261.14,aer,4096,outputs/reps_Brickwork_entanglement/slurm_YYDPETGTWY_amber/replica_924/replica_924.pdb,outputs/reps_Brickwork_entanglement/slurm_YYDPETGTWY_amber/replica_924/replica_924_ca.pdb
759,313297526,random,YYDPETGTWY,amber,542.2071661676962,5.021679957645731,18.70040744278991,6.811754822656274,5.508595556037851,4.848916770784997,216.58,aer,4096,outputs/reps_Brickwork_entanglement/slurm_YYDPETGTWY_amber/replica_759/replica_759.pdb,outputs/reps_Brickwork_entanglement/slurm_YYDPETGTWY_amber/replica_759/replica_759_ca.pdb
868,313297635,random,YYDPETGTWY,amber,460.3388737107069,5.023276014491804,16.630100447388575,6.958005580379793,5.508595556037851,4.848916770784997,142.12,aer,4096,outputs/reps_Brickwork_entanglement/slurm_YYDPETGTWY_amber/replica_868/replica_868.pdb,outputs/reps_Brickwork_entanglement/slurm_YYDPETGTWY_amber/replica_868/replica_868_ca.pdb
813,313297580,random,YYDPETGTWY,amber,18.537457006583164,5.024194298645324,19.38370413899275,6.9104739272382565,5.508595556037851,4.848916770784997,248.37,aer,4096,outputs/reps_Brickwork_entanglement/slurm_YYDPETGTWY_amber/replica_813/replica_813.pdb,outputs/reps_Brickwork_entanglement/slurm_YYDPETGTWY_amber/replica_813/replica_813_ca.pdb
419,313297186,random,YYDPETGTWY,amber,11.873908862978935,5.027116327155389,18.23190961478627,6.637413848651493,5.508595556037851,4.848916770784997,233.85,aer,4096,outputs/reps_Brickwork_entanglement/slurm_YYDPETGTWY_amber/replica_419/replica_419.pdb,outputs/reps_Brickwork_entanglement/slurm_YYDPETGTWY_amber/replica_419/replica_419_ca.pdb
581,313297348,random,YYDPETGTWY,amber,-37.18831730118236,5.028350792660122,20.122414776517875,6.702523886382594,5.508595556037851,4.848916770784997,348.01,aer,4096,outputs/reps_Brickwork_entanglement/slurm_YYDPETGTWY_amber/replica_581/replica_581.pdb,outputs/reps_Brickwork_entanglement/slurm_YYDPETGTWY_amber/replica_581/replica_581_ca.pdb
728,313297495,random,YYDPETGTWY,amber,47.60510671604708,5.03875302617483,18.793032039492427,6.74335091369792,5.508595556037851,4.848916770784997,277.76,aer,4096,outputs/reps_Brickwork_entanglement/slurm_YYDPETGTWY_amber/replica_728/replica_728.pdb,outputs/reps_Brickwork_entanglement/slurm_YYDPETGTWY_amber/replica_728/replica_728_ca.pdb
996,313297763,random,YYDPETGTWY,amber,-25.02490332283106,5.040232025822911,18.94144772028611,6.837973658797865,5.508595556037851,4.848916770784997,218.71,aer,4096,outputs/reps_Brickwork_entanglement/slurm_YYDPETGTWY_amber/replica_996/replica_996.pdb,outputs/reps_Brickwork_entanglement/slurm_YYDPETGTWY_amber/replica_996/replica_996_ca.pdb
32,313296799,random,YYDPETGTWY,amber,-16.582500473374132,5.0447557357203445,18.12475047695139,6.824520909614734,5.508595556037851,4.848916770784997,244.86,aer,4096,outputs/reps_Brickwork_entanglement/slurm_YYDPETGTWY_amber/replica_32/replica_32.pdb,outputs/reps_Brickwork_entanglement/slurm_YYDPETGTWY_amber/replica_32/replica_32_ca.pdb
580,313297347,random,YYDPETGTWY,amber,-26.38722337735425,5.05128061911255,17.98746870289358,6.9011642707016,5.508595556037851,4.848916770784997,379.89,aer,4096,outputs/reps_Brickwork_entanglement/slurm_YYDPETGTWY_amber/replica_580/replica_580.pdb,outputs/reps_Brickwork_entanglement/slurm_YYDPETGTWY_amber/replica_580/replica_580_ca.pdb
533,313297300,random,YYDPETGTWY,amber,3.9669924501146383,5.052506155448775,19.849065017158594,6.728564272118698,5.508595556037851,4.848916770784997,228.8,aer,4096,outputs/reps_Brickwork_entanglement/slurm_YYDPETGTWY_amber/replica_533/replica_533.pdb,outputs/reps_Brickwork_entanglement/slurm_YYDPETGTWY_amber/replica_533/replica_533_ca.pdb
866,313297633,random,YYDPETGTWY,amber,-53.17003841826676,5.053141692511245,19.705827442049436,7.074000364747332,5.508595556037851,4.848916770784997,327.05,aer,4096,outputs/reps_Brickwork_entanglement/slurm_YYDPETGTWY_amber/replica_866/replica_866.pdb,outputs/reps_Brickwork_entanglement/slurm_YYDPETGTWY_amber/replica_866/replica_866_ca.pdb
704,313297471,random,YYDPETGTWY,amber,-14.331186260320617,5.0546474391677725,18.911106102504597,7.034182261014072,5.508595556037851,4.848916770784997,259.71,aer,4096,outputs/reps_Brickwork_entanglement/slurm_YYDPETGTWY_amber/replica_704/replica_704.pdb,outputs/reps_Brickwork_entanglement/slurm_YYDPETGTWY_amber/replica_704/replica_704_ca.pdb
413,313297180,random,YYDPETGTWY,amber,-20.02647588745455,5.056842185564914,18.725403180017892,6.774597652215771,5.508595556037851,4.848916770784997,284.71,aer,4096,outputs/reps_Brickwork_entanglement/slurm_YYDPETGTWY_amber/replica_413/replica_413.pdb,outputs/reps_Brickwork_entanglement/slurm_YYDPETGTWY_amber/replica_413/replica_413_ca.pdb
415,313297182,random,YYDPETGTWY,amber,-10.634287079196266,5.058015059413448,18.76845256914297,6.4481335563089,5.508595556037851,4.848916770784997,304.76,aer,4096,outputs/reps_Brickwork_entanglement/slurm_YYDPETGTWY_amber/replica_415/replica_415.pdb,outputs/reps_Brickwork_entanglement/slurm_YYDPETGTWY_amber/replica_415/replica_415_ca.pdb
948,313297715,random,YYDPETGTWY,amber,-30.650316656112437,5.06165854234351,18.643427466164344,6.502317043636982,5.508595556037851,4.848916770784997,248.05,aer,4096,outputs/reps_Brickwork_entanglement/slurm_YYDPETGTWY_amber/replica_948/replica_948.pdb,outputs/reps_Brickwork_entanglement/slurm_YYDPETGTWY_amber/replica_948/replica_948_ca.pdb
446,313297213,random,YYDPETGTWY,amber,23.96427130533708,5.072813791319392,19.331490643180445,7.022544761180545,5.508595556037851,4.848916770784997,300.78,aer,4096,outputs/reps_Brickwork_entanglement/slurm_YYDPETGTWY_amber/replica_446/replica_446.pdb,outputs/reps_Brickwork_entanglement/slurm_YYDPETGTWY_amber/replica_446/replica_446_ca.pdb
472,313297239,random,YYDPETGTWY,amber,4.872241312631595,5.079499948244303,17.755085082895313,6.971967442285378,5.508595556037851,4.848916770784997,234.24,aer,4096,outputs/reps_Brickwork_entanglement/slurm_YYDPETGTWY_amber/replica_472/replica_472.pdb,outputs/reps_Brickwork_entanglement/slurm_YYDPETGTWY_amber/replica_472/replica_472_ca.pdb
279,313297046,random,YYDPETGTWY,amber,-41.1512292625565,5.080352700278166,19.61948159199163,6.6007007171461884,5.508595556037851,4.848916770784997,430.96,aer,4096,outputs/reps_Brickwork_entanglement/slurm_YYDPETGTWY_amber/replica_279/replica_279.pdb,outputs/reps_Brickwork_entanglement/slurm_YYDPETGTWY_amber/replica_279/replica_279_ca.pdb
477,313297244,random,YYDPETGTWY,amber,35.970978374255054,5.0829779193109745,18.228786145244747,6.914220697150752,5.508595556037851,4.848916770784997,191.77,aer,4096,outputs/reps_Brickwork_entanglement/slurm_YYDPETGTWY_amber/replica_477/replica_477.pdb,outputs/reps_Brickwork_entanglement/slurm_YYDPETGTWY_amber/replica_477/replica_477_ca.pdb
164,313296931,random,YYDPETGTWY,amber,82.4165645823852,5.087809075586088,19.066658199676276,6.912777214363086,5.508595556037851,4.848916770784997,269.93,aer,4096,outputs/reps_Brickwork_entanglement/slurm_YYDPETGTWY_amber/replica_164/replica_164.pdb,outputs/reps_Brickwork_entanglement/slurm_YYDPETGTWY_amber/replica_164/replica_164_ca.pdb
748,313297515,random,YYDPETGTWY,amber,-26.3453437790889,5.089109889677518,20.196594690743588,7.002725957524217,5.508595556037851,4.848916770784997,273.07,aer,4096,outputs/reps_Brickwork_entanglement/slurm_YYDPETGTWY_amber/replica_748/replica_748.pdb,outputs/reps_Brickwork_entanglement/slurm_YYDPETGTWY_amber/replica_748/replica_748_ca.pdb
603,313297370,random,YYDPETGTWY,amber,5.9335674475180245,5.0916424844033426,19.136812943435302,6.887366578713261,5.508595556037851,4.848916770784997,245.55,aer,4096,outputs/reps_Brickwork_entanglement/slurm_YYDPETGTWY_amber/replica_603/replica_603.pdb,outputs/reps_Brickwork_entanglement/slurm_YYDPETGTWY_amber/replica_603/replica_603_ca.pdb
696,313297463,random,YYDPETGTWY,amber,-51.434622856840456,5.092303778577072,20.717880651605675,6.927945555562446,5.508595556037851,4.848916770784997,206.38,aer,4096,outputs/reps_Brickwork_entanglement/slurm_YYDPETGTWY_amber/replica_696/replica_696.pdb,outputs/reps_Brickwork_entanglement/slurm_YYDPETGTWY_amber/replica_696/replica_696_ca.pdb
130,313296897,random,YYDPETGTWY,amber,-2.1718118300641014,5.094778291967272,16.274461218932874,6.6178537835120155,5.508595556037851,4.848916770784997,237.64,aer,4096,outputs/reps_Brickwork_entanglement/slurm_YYDPETGTWY_amber/replica_130/replica_130.pdb,outputs/reps_Brickwork_entanglement/slurm_YYDPETGTWY_amber/replica_130/replica_130_ca.pdb
399,313297166,random,YYDPETGTWY,amber,-7.333203377025625,5.0961324913324795,18.543763936304178,6.901158570171623,5.508595556037851,4.848916770784997,270.25,aer,4096,outputs/reps_Brickwork_entanglement/slurm_YYDPETGTWY_amber/replica_399/replica_399.pdb,outputs/reps_Brickwork_entanglement/slurm_YYDPETGTWY_amber/replica_399/replica_399_ca.pdb
257,313297024,random,YYDPETGTWY,amber,63.61344091306617,5.101239263253952,19.10339857597402,6.685804509768588,5.508595556037851,4.848916770784997,168.19,aer,4096,outputs/reps_Brickwork_entanglement/slurm_YYDPETGTWY_amber/replica_257/replica_257.pdb,outputs/reps_Brickwork_entanglement/slurm_YYDPETGTWY_amber/replica_257/replica_257_ca.pdb
251,313297018,random,YYDPETGTWY,amber,42.71605566712652,5.102212641418084,17.94288622811209,6.82136029997082,5.508595556037851,4.848916770784997,373.95,aer,4096,outputs/reps_Brickwork_entanglement/slurm_YYDPETGTWY_amber/replica_251/replica_251.pdb,outputs/reps_Brickwork_entanglement/slurm_YYDPETGTWY_amber/replica_251/replica_251_ca.pdb
140,313296907,random,YYDPETGTWY,amber,-101.44029765078137,5.110687417775796,19.032477816709246,7.089333503297931,5.508595556037851,4.848916770784997,221.01,aer,4096,outputs/reps_Brickwork_entanglement/slurm_YYDPETGTWY_amber/replica_140/replica_140.pdb,outputs/reps_Brickwork_entanglement/slurm_YYDPETGTWY_amber/replica_140/replica_140_ca.pdb
720,313297487,random,YYDPETGTWY,amber,57.297909036911655,5.112746360291926,17.170791075103985,6.994269989524141,5.508595556037851,4.848916770784997,289.95,aer,4096,outputs/reps_Brickwork_entanglement/slurm_YYDPETGTWY_amber/replica_720/replica_720.pdb,outputs/reps_Brickwork_entanglement/slurm_YYDPETGTWY_amber/replica_720/replica_720_ca.pdb
56,313296823,random,YYDPETGTWY,amber,10.459122835504298,5.114447435767053,18.114424298420097,6.5459191468046,5.508595556037851,4.848916770784997,273.39,aer,4096,outputs/reps_Brickwork_entanglement/slurm_YYDPETGTWY_amber/replica_56/replica_56.pdb,outputs/reps_Brickwork_entanglement/slurm_YYDPETGTWY_amber/replica_56/replica_56_ca.pdb
28,313296795,random,YYDPETGTWY,amber,10.08837918213779,5.114817427436198,18.782439340660737,7.175267774943141,5.508595556037851,4.848916770784997,266.62,aer,4096,outputs/reps_Brickwork_entanglement/slurm_YYDPETGTWY_amber/replica_28/replica_28.pdb,outputs/reps_Brickwork_entanglement/slurm_YYDPETGTWY_amber/replica_28/replica_28_ca.pdb
518,313297285,random,YYDPETGTWY,amber,-16.247638771619563,5.114977301382588,19.181374439831185,6.880068022548014,5.508595556037851,4.848916770784997,225.08,aer,4096,outputs/reps_Brickwork_entanglement/slurm_YYDPETGTWY_amber/replica_518/replica_518.pdb,outputs/reps_Brickwork_entanglement/slurm_YYDPETGTWY_amber/replica_518/replica_518_ca.pdb
186,313296953,random,YYDPETGTWY,amber,-14.866070969312878,5.11582603128638,17.97638181147895,6.761384646855832,5.508595556037851,4.848916770784997,410.08,aer,4096,outputs/reps_Brickwork_entanglement/slurm_YYDPETGTWY_amber/replica_186/replica_186.pdb,outputs/reps_Brickwork_entanglement/slurm_YYDPETGTWY_amber/replica_186/replica_186_ca.pdb
383,313297150,random,YYDPETGTWY,amber,372.6075913136857,5.124897260322652,19.449947044062256,6.98619524467714,5.508595556037851,4.848916770784997,140.84,aer,4096,outputs/reps_Brickwork_entanglement/slurm_YYDPETGTWY_amber/replica_383/replica_383.pdb,outputs/reps_Brickwork_entanglement/slurm_YYDPETGTWY_amber/replica_383/replica_383_ca.pdb
791,313297558,random,YYDPETGTWY,amber,-59.33416343481679,5.125446167191986,18.25964530724176,6.6144946999119645,5.508595556037851,4.848916770784997,242.77,aer,4096,outputs/reps_Brickwork_entanglement/slurm_YYDPETGTWY_amber/replica_791/replica_791.pdb,outputs/reps_Brickwork_entanglement/slurm_YYDPETGTWY_amber/replica_791/replica_791_ca.pdb
471,313297238,random,YYDPETGTWY,amber,579.6187106468086,5.140170014176041,17.46865808416366,6.842881413408371,5.508595556037851,4.848916770784997,189.4,aer,4096,outputs/reps_Brickwork_entanglement/slurm_YYDPETGTWY_amber/replica_471/replica_471.pdb,outputs/reps_Brickwork_entanglement/slurm_YYDPETGTWY_amber/replica_471/replica_471_ca.pdb
271,313297038,random,YYDPETGTWY,amber,-13.289775342310497,5.141744019792118,19.045485964269062,6.612127058359472,5.508595556037851,4.848916770784997,212.24,aer,4096,outputs/reps_Brickwork_entanglement/slurm_YYDPETGTWY_amber/replica_271/replica_271.pdb,outputs/reps_Brickwork_entanglement/slurm_YYDPETGTWY_amber/replica_271/replica_271_ca.pdb
706,313297473,random,YYDPETGTWY,amber,24.89135261075018,5.1443705249083544,17.09974190309403,6.892820661998644,5.508595556037851,4.848916770784997,331.7,aer,4096,outputs/reps_Brickwork_entanglement/slurm_YYDPETGTWY_amber/replica_706/replica_706.pdb,outputs/reps_Brickwork_entanglement/slurm_YYDPETGTWY_amber/replica_706/replica_706_ca.pdb
284,313297051,random,YYDPETGTWY,amber,72.17567345703601,5.147487017469593,18.89268106133661,6.811127785429412,5.508595556037851,4.848916770784997,375.77,aer,4096,outputs/reps_Brickwork_entanglement/slurm_YYDPETGTWY_amber/replica_284/replica_284.pdb,outputs/reps_Brickwork_entanglement/slurm_YYDPETGTWY_amber/replica_284/replica_284_ca.pdb
181,313296948,random,YYDPETGTWY,amber,65.77524632737472,5.150597481168694,18.33616225896085,6.811502782783878,5.508595556037851,4.848916770784997,215.89,aer,4096,outputs/reps_Brickwork_entanglement/slurm_YYDPETGTWY_amber/replica_181/replica_181.pdb,outputs/reps_Brickwork_entanglement/slurm_YYDPETGTWY_amber/replica_181/replica_181_ca.pdb
152,313296919,random,YYDPETGTWY,amber,26.887282144354764,5.1527744832533,17.598824657338813,6.756781896346056,5.508595556037851,4.848916770784997,275.78,aer,4096,outputs/reps_Brickwork_entanglement/slurm_YYDPETGTWY_amber/replica_152/replica_152.pdb,outputs/reps_Brickwork_entanglement/slurm_YYDPETGTWY_amber/replica_152/replica_152_ca.pdb
680,313297447,random,YYDPETGTWY,amber,-7.805709879234327,5.155287920232219,17.928360532990514,6.679270139804713,5.508595556037851,4.848916770784997,319.89,aer,4096,outputs/reps_Brickwork_entanglement/slurm_YYDPETGTWY_amber/replica_680/replica_680.pdb,outputs/reps_Brickwork_entanglement/slurm_YYDPETGTWY_amber/replica_680/replica_680_ca.pdb
907,313297674,random,YYDPETGTWY,amber,20.20529713424841,5.156330450526816,19.23910409381825,6.624463173212694,5.508595556037851,4.848916770784997,221.09,aer,4096,outputs/reps_Brickwork_entanglement/slurm_YYDPETGTWY_amber/replica_907/replica_907.pdb,outputs/reps_Brickwork_entanglement/slurm_YYDPETGTWY_amber/replica_907/replica_907_ca.pdb
535,313297302,random,YYDPETGTWY,amber,-2.047839369322218,5.160382466468285,20.296390441221213,7.226441302228969,5.508595556037851,4.848916770784997,266.67,aer,4096,outputs/reps_Brickwork_entanglement/slurm_YYDPETGTWY_amber/replica_535/replica_535.pdb,outputs/reps_Brickwork_entanglement/slurm_YYDPETGTWY_amber/replica_535/replica_535_ca.pdb
683,313297450,random,YYDPETGTWY,amber,17.102198654781336,5.1608794281391015,18.924684558857717,6.224759993455725,5.508595556037851,4.848916770784997,240.95,aer,4096,outputs/reps_Brickwork_entanglement/slurm_YYDPETGTWY_amber/replica_683/replica_683.pdb,outputs/reps_Brickwork_entanglement/slurm_YYDPETGTWY_amber/replica_683/replica_683_ca.pdb
425,313297192,random,YYDPETGTWY,amber,22.21974638555124,5.167225572635301,18.90403875540286,6.751925777324455,5.508595556037851,4.848916770784997,323.82,aer,4096,outputs/reps_Brickwork_entanglement/slurm_YYDPETGTWY_amber/replica_425/replica_425.pdb,outputs/reps_Brickwork_entanglement/slurm_YYDPETGTWY_amber/replica_425/replica_425_ca.pdb
805,313297572,random,YYDPETGTWY,amber,-59.60169457901243,5.169493311645448,20.550396343730192,6.966936828740783,5.508595556037851,4.848916770784997,210.82,aer,4096,outputs/reps_Brickwork_entanglement/slurm_YYDPETGTWY_amber/replica_805/replica_805.pdb,outputs/reps_Brickwork_entanglement/slurm_YYDPETGTWY_amber/replica_805/replica_805_ca.pdb
834,313297601,random,YYDPETGTWY,amber,72.55943468290727,5.171670517247248,19.212554167753414,6.717283426040557,5.508595556037851,4.848916770784997,361.43,aer,4096,outputs/reps_Brickwork_entanglement/slurm_YYDPETGTWY_amber/replica_834/replica_834.pdb,outputs/reps_Brickwork_entanglement/slurm_YYDPETGTWY_amber/replica_834/replica_834_ca.pdb
473,313297240,random,YYDPETGTWY,amber,33.81316298507965,5.175633830036157,19.634297931729414,6.753195050772213,5.508595556037851,4.848916770784997,281.09,aer,4096,outputs/reps_Brickwork_entanglement/slurm_YYDPETGTWY_amber/replica_473/replica_473.pdb,outputs/reps_Brickwork_entanglement/slurm_YYDPETGTWY_amber/replica_473/replica_473_ca.pdb
416,313297183,random,YYDPETGTWY,amber,49.469385616389715,5.176188126315795,18.155039469164933,6.973696719815841,5.508595556037851,4.848916770784997,267.83,aer,4096,outputs/reps_Brickwork_entanglement/slurm_YYDPETGTWY_amber/replica_416/replica_416.pdb,outputs/reps_Brickwork_entanglement/slurm_YYDPETGTWY_amber/replica_416/replica_416_ca.pdb
695,313297462,random,YYDPETGTWY,amber,-32.49350047243387,5.1811058116133735,17.190045999234524,6.484707670660971,5.508595556037851,4.848916770784997,228.56,aer,4096,outputs/reps_Brickwork_entanglement/slurm_YYDPETGTWY_amber/replica_695/replica_695.pdb,outputs/reps_Brickwork_entanglement/slurm_YYDPETGTWY_amber/replica_695/replica_695_ca.pdb
540,313297307,random,YYDPETGTWY,amber,148.04681400799328,5.1914700113503205,18.27342745397374,6.573703351854124,5.508595556037851,4.848916770784997,334.88,aer,4096,outputs/reps_Brickwork_entanglement/slurm_YYDPETGTWY_amber/replica_540/replica_540.pdb,outputs/reps_Brickwork_entanglement/slurm_YYDPETGTWY_amber/replica_540/replica_540_ca.pdb
505,313297272,random,YYDPETGTWY,amber,-35.19702611471838,5.191612230590138,19.493110331066315,7.237735514390604,5.508595556037851,4.848916770784997,267.3,aer,4096,outputs/reps_Brickwork_entanglement/slurm_YYDPETGTWY_amber/replica_505/replica_505.pdb,outputs/reps_Brickwork_entanglement/slurm_YYDPETGTWY_amber/replica_505/replica_505_ca.pdb
492,313297259,random,YYDPETGTWY,amber,34.036786419957465,5.193000887037083,20.261441469745,7.0920261230061055,5.508595556037851,4.848916770784997,236.16,aer,4096,outputs/reps_Brickwork_entanglement/slurm_YYDPETGTWY_amber/replica_492/replica_492.pdb,outputs/reps_Brickwork_entanglement/slurm_YYDPETGTWY_amber/replica_492/replica_492_ca.pdb
105,313296872,random,YYDPETGTWY,amber,163.4893412830661,5.193472596332453,19.445324759776703,6.698364069389496,5.508595556037851,4.848916770784997,357.75,aer,4096,outputs/reps_Brickwork_entanglement/slurm_YYDPETGTWY_amber/replica_105/replica_105.pdb,outputs/reps_Brickwork_entanglement/slurm_YYDPETGTWY_amber/replica_105/replica_105_ca.pdb
65,313296832,random,YYDPETGTWY,amber,-36.57013938563722,5.19666475205631,19.88669663508376,6.8301640665961045,5.508595556037851,4.848916770784997,299.01,aer,4096,outputs/reps_Brickwork_entanglement/slurm_YYDPETGTWY_amber/replica_65/replica_65.pdb,outputs/reps_Brickwork_entanglement/slurm_YYDPETGTWY_amber/replica_65/replica_65_ca.pdb
649,313297416,random,YYDPETGTWY,amber,15.829587830822907,5.20123906750767,19.787794412462276,7.140434196861608,5.508595556037851,4.848916770784997,189.59,aer,4096,outputs/reps_Brickwork_entanglement/slurm_YYDPETGTWY_amber/replica_649/replica_649.pdb,outputs/reps_Brickwork_entanglement/slurm_YYDPETGTWY_amber/replica_649/replica_649_ca.pdb
894,313297661,random,YYDPETGTWY,amber,-36.00710315522251,5.205042006933817,19.715129724869172,6.840874569574856,5.508595556037851,4.848916770784997,522.69,aer,4096,outputs/reps_Brickwork_entanglement/slurm_YYDPETGTWY_amber/replica_894/replica_894.pdb,outputs/reps_Brickwork_entanglement/slurm_YYDPETGTWY_amber/replica_894/replica_894_ca.pdb
767,313297534,random,YYDPETGTWY,amber,65.95494778901592,5.211425183419399,18.82295932974017,7.041794445693087,5.508595556037851,4.848916770784997,345.88,aer,4096,outputs/reps_Brickwork_entanglement/slurm_YYDPETGTWY_amber/replica_767/replica_767.pdb,outputs/reps_Brickwork_entanglement/slurm_YYDPETGTWY_amber/replica_767/replica_767_ca.pdb
55,313296822,random,YYDPETGTWY,amber,381.52109577949403,5.21505884113166,19.136493957675526,6.962304514761343,5.508595556037851,4.848916770784997,118.24,aer,4096,outputs/reps_Brickwork_entanglement/slurm_YYDPETGTWY_amber/replica_55/replica_55.pdb,outputs/reps_Brickwork_entanglement/slurm_YYDPETGTWY_amber/replica_55/replica_55_ca.pdb
353,313297120,random,YYDPETGTWY,amber,-18.25119353276116,5.217125972120145,19.112366232454377,6.8441404285462735,5.508595556037851,4.848916770784997,244.86,aer,4096,outputs/reps_Brickwork_entanglement/slurm_YYDPETGTWY_amber/replica_353/replica_353.pdb,outputs/reps_Brickwork_entanglement/slurm_YYDPETGTWY_amber/replica_353/replica_353_ca.pdb
892,313297659,random,YYDPETGTWY,amber,-91.13288680082309,5.217196772507049,20.246652355785248,6.8022308795319715,5.508595556037851,4.848916770784997,245.03,aer,4096,outputs/reps_Brickwork_entanglement/slurm_YYDPETGTWY_amber/replica_892/replica_892.pdb,outputs/reps_Brickwork_entanglement/slurm_YYDPETGTWY_amber/replica_892/replica_892_ca.pdb
869,313297636,random,YYDPETGTWY,amber,86.7054931746933,5.218094929338684,16.31238866401018,6.479947630656219,5.508595556037851,4.848916770784997,281.63,aer,4096,outputs/reps_Brickwork_entanglement/slurm_YYDPETGTWY_amber/replica_869/replica_869.pdb,outputs/reps_Brickwork_entanglement/slurm_YYDPETGTWY_amber/replica_869/replica_869_ca.pdb
871,313297638,random,YYDPETGTWY,amber,67.74414711356872,5.21873165176312,16.093419309850262,6.548237771491711,5.508595556037851,4.848916770784997,448.6,aer,4096,outputs/reps_Brickwork_entanglement/slurm_YYDPETGTWY_amber/replica_871/replica_871.pdb,outputs/reps_Brickwork_entanglement/slurm_YYDPETGTWY_amber/replica_871/replica_871_ca.pdb
24,313296791,random,YYDPETGTWY,amber,18.12019660185697,5.219422683608741,19.96039403728775,6.638913255328169,5.508595556037851,4.848916770784997,246.58,aer,4096,outputs/reps_Brickwork_entanglement/slurm_YYDPETGTWY_amber/replica_24/replica_24.pdb,outputs/reps_Brickwork_entanglement/slurm_YYDPETGTWY_amber/replica_24/replica_24_ca.pdb
447,313297214,random,YYDPETGTWY,amber,-102.94599319340591,5.224423234551148,15.902534252680429,6.783788735518904,5.508595556037851,4.848916770784997,293.37,aer,4096,outputs/reps_Brickwork_entanglement/slurm_YYDPETGTWY_amber/replica_447/replica_447.pdb,outputs/reps_Brickwork_entanglement/slurm_YYDPETGTWY_amber/replica_447/replica_447_ca.pdb
179,313296946,random,YYDPETGTWY,amber,-16.204370959789955,5.227144098305636,20.16257757465184,6.704254057521784,5.508595556037851,4.848916770784997,225.92,aer,4096,outputs/reps_Brickwork_entanglement/slurm_YYDPETGTWY_amber/replica_179/replica_179.pdb,outputs/reps_Brickwork_entanglement/slurm_YYDPETGTWY_amber/replica_179/replica_179_ca.pdb
254,313297021,random,YYDPETGTWY,amber,-12.027222299651518,5.233774724173433,19.156203862829422,6.929356004318774,5.508595556037851,4.848916770784997,189.32,aer,4096,outputs/reps_Brickwork_entanglement/slurm_YYDPETGTWY_amber/replica_254/replica_254.pdb,outputs/reps_Brickwork_entanglement/slurm_YYDPETGTWY_amber/replica_254/replica_254_ca.pdb
128,313296895,random,YYDPETGTWY,amber,188.42747262557796,5.23860374744186,20.478460833282114,7.023955753238045,5.508595556037851,4.848916770784997,269.23,aer,4096,outputs/reps_Brickwork_entanglement/slurm_YYDPETGTWY_amber/replica_128/replica_128.pdb,outputs/reps_Brickwork_entanglement/slurm_YYDPETGTWY_amber/replica_128/replica_128_ca.pdb
784,313297551,random,YYDPETGTWY,amber,505.41032563706915,5.24806248942679,18.875862994845132,6.770962389499509,5.508595556037851,4.848916770784997,180.96,aer,4096,outputs/reps_Brickwork_entanglement/slurm_YYDPETGTWY_amber/replica_784/replica_784.pdb,outputs/reps_Brickwork_entanglement/slurm_YYDPETGTWY_amber/replica_784/replica_784_ca.pdb
516,313297283,random,YYDPETGTWY,amber,-19.333812504478505,5.2541684390118535,16.43118703751023,6.593775057453256,5.508595556037851,4.848916770784997,285.5,aer,4096,outputs/reps_Brickwork_entanglement/slurm_YYDPETGTWY_amber/replica_516/replica_516.pdb,outputs/reps_Brickwork_entanglement/slurm_YYDPETGTWY_amber/replica_516/replica_516_ca.pdb
796,313297563,random,YYDPETGTWY,amber,-37.34479469381026,5.255660605408498,19.803941565325648,6.888604051430329,5.508595556037851,4.848916770784997,326.02,aer,4096,outputs/reps_Brickwork_entanglement/slurm_YYDPETGTWY_amber/replica_796/replica_796.pdb,outputs/reps_Brickwork_entanglement/slurm_YYDPETGTWY_amber/replica_796/replica_796_ca.pdb
636,313297403,random,YYDPETGTWY,amber,59.63937927422159,5.260487440735369,17.011131625650506,6.793822712146662,5.508595556037851,4.848916770784997,245.52,aer,4096,outputs/reps_Brickwork_entanglement/slurm_YYDPETGTWY_amber/replica_636/replica_636.pdb,outputs/reps_Brickwork_entanglement/slurm_YYDPETGTWY_amber/replica_636/replica_636_ca.pdb
161,313296928,random,YYDPETGTWY,amber,-36.14144322471899,5.2611977036287385,15.164669613880708,6.381252798879575,5.508595556037851,4.848916770784997,231.91,aer,4096,outputs/reps_Brickwork_entanglement/slurm_YYDPETGTWY_amber/replica_161/replica_161.pdb,outputs/reps_Brickwork_entanglement/slurm_YYDPETGTWY_amber/replica_161/replica_161_ca.pdb
833,313297600,random,YYDPETGTWY,amber,20.279075519563506,5.26140760600313,18.30425404024595,6.5641856137944705,5.508595556037851,4.848916770784997,266.41,aer,4096,outputs/reps_Brickwork_entanglement/slurm_YYDPETGTWY_amber/replica_833/replica_833.pdb,outputs/reps_Brickwork_entanglement/slurm_YYDPETGTWY_amber/replica_833/replica_833_ca.pdb
243,313297010,random,YYDPETGTWY,amber,-21.59137374102474,5.2624823172206145,18.02330783484927,6.970156676526495,5.508595556037851,4.848916770784997,408.7,aer,4096,outputs/reps_Brickwork_entanglement/slurm_YYDPETGTWY_amber/replica_243/replica_243.pdb,outputs/reps_Brickwork_entanglement/slurm_YYDPETGTWY_amber/replica_243/replica_243_ca.pdb
451,313297218,random,YYDPETGTWY,amber,82.86652591568918,5.266483472654108,19.853856761475665,6.878066550966588,5.508595556037851,4.848916770784997,344.27,aer,4096,outputs/reps_Brickwork_entanglement/slurm_YYDPETGTWY_amber/replica_451/replica_451.pdb,outputs/reps_Brickwork_entanglement/slurm_YYDPETGTWY_amber/replica_451/replica_451_ca.pdb
762,313297529,random,YYDPETGTWY,amber,-7.8709677606200765,5.26688978528652,18.66378990031038,6.9850672395331825,5.508595556037851,4.848916770784997,172.03,aer,4096,outputs/reps_Brickwork_entanglement/slurm_YYDPETGTWY_amber/replica_762/replica_762.pdb,outputs/reps_Brickwork_entanglement/slurm_YYDPETGTWY_amber/replica_762/replica_762_ca.pdb
752,313297519,random,YYDPETGTWY,amber,0.26221745001968144,5.268225000493763,20.64220470722713,6.85640537861958,5.508595556037851,4.848916770784997,249.23,aer,4096,outputs/reps_Brickwork_entanglement/slurm_YYDPETGTWY_amber/replica_752/replica_752.pdb,outputs/reps_Brickwork_entanglement/slurm_YYDPETGTWY_amber/replica_752/replica_752_ca.pdb
860,313297627,random,YYDPETGTWY,amber,57.564424920899924,5.268499028984092,19.118305878343232,7.035818016160803,5.508595556037851,4.848916770784997,230.03,aer,4096,outputs/reps_Brickwork_entanglement/slurm_YYDPETGTWY_amber/replica_860/replica_860.pdb,outputs/reps_Brickwork_entanglement/slurm_YYDPETGTWY_amber/replica_860/replica_860_ca.pdb
369,313297136,random,YYDPETGTWY,amber,29.31272802602983,5.270894636967234,18.796600542597414,6.809207763190953,5.508595556037851,4.848916770784997,249.38,aer,4096,outputs/reps_Brickwork_entanglement/slurm_YYDPETGTWY_amber/replica_369/replica_369.pdb,outputs/reps_Brickwork_entanglement/slurm_YYDPETGTWY_amber/replica_369/replica_369_ca.pdb
563,313297330,random,YYDPETGTWY,amber,-0.935029170084963,5.272672958201163,18.183109908161597,6.889241721282602,5.508595556037851,4.848916770784997,506.43,aer,4096,outputs/reps_Brickwork_entanglement/slurm_YYDPETGTWY_amber/replica_563/replica_563.pdb,outputs/reps_Brickwork_entanglement/slurm_YYDPETGTWY_amber/replica_563/replica_563_ca.pdb
76,313296843,random,YYDPETGTWY,amber,12.595515108199068,5.275274701474278,20.13394669108978,7.045258685513953,5.508595556037851,4.848916770784997,212.2,aer,4096,outputs/reps_Brickwork_entanglement/slurm_YYDPETGTWY_amber/replica_76/replica_76.pdb,outputs/reps_Brickwork_entanglement/slurm_YYDPETGTWY_amber/replica_76/replica_76_ca.pdb
765,313297532,random,YYDPETGTWY,amber,-44.084669842319414,5.2763517076030855,20.96395626664139,6.7481453419843564,5.508595556037851,4.848916770784997,345.76,aer,4096,outputs/reps_Brickwork_entanglement/slurm_YYDPETGTWY_amber/replica_765/replica_765.pdb,outputs/reps_Brickwork_entanglement/slurm_YYDPETGTWY_amber/replica_765/replica_765_ca.pdb
41,313296808,random,YYDPETGTWY,amber,-57.60168691048621,5.277608590239285,19.458896738747402,6.647382946394628,5.508595556037851,4.848916770784997,298.87,aer,4096,outputs/reps_Brickwork_entanglement/slurm_YYDPETGTWY_amber/replica_41/replica_41.pdb,outputs/reps_Brickwork_entanglement/slurm_YYDPETGTWY_amber/replica_41/replica_41_ca.pdb
611,313297378,random,YYDPETGTWY,amber,-40.79198649859612,5.2800852053213925,18.198557695697815,6.74256826049759,5.508595556037851,4.848916770784997,223.22,aer,4096,outputs/reps_Brickwork_entanglement/slurm_YYDPETGTWY_amber/replica_611/replica_611.pdb,outputs/reps_Brickwork_entanglement/slurm_YYDPETGTWY_amber/replica_611/replica_611_ca.pdb
529,313297296,random,YYDPETGTWY,amber,-80.30774802660666,5.28496686261013,20.55770951683033,6.984578100043345,5.508595556037851,4.848916770784997,234.97,aer,4096,outputs/reps_Brickwork_entanglement/slurm_YYDPETGTWY_amber/replica_529/replica_529.pdb,outputs/reps_Brickwork_entanglement/slurm_YYDPETGTWY_amber/replica_529/replica_529_ca.pdb
499,313297266,random,YYDPETGTWY,amber,-41.11619334662372,5.287400007000068,18.652948762290745,6.7620146396338665,5.508595556037851,4.848916770784997,240.54,aer,4096,outputs/reps_Brickwork_entanglement/slurm_YYDPETGTWY_amber/replica_499/replica_499.pdb,outputs/reps_Brickwork_entanglement/slurm_YYDPETGTWY_amber/replica_499/replica_499_ca.pdb
836,313297603,random,YYDPETGTWY,amber,-6.566589661928191,5.290686089607465,17.16450935581317,6.92488866838923,5.508595556037851,4.848916770784997,330.67,aer,4096,outputs/reps_Brickwork_entanglement/slurm_YYDPETGTWY_amber/replica_836/replica_836.pdb,outputs/reps_Brickwork_entanglement/slurm_YYDPETGTWY_amber/replica_836/replica_836_ca.pdb
448,313297215,random,YYDPETGTWY,amber,-46.49947297282213,5.292278258464377,19.471037061197347,6.933219468630741,5.508595556037851,4.848916770784997,420.57,aer,4096,outputs/reps_Brickwork_entanglement/slurm_YYDPETGTWY_amber/replica_448/replica_448.pdb,outputs/reps_Brickwork_entanglement/slurm_YYDPETGTWY_amber/replica_448/replica_448_ca.pdb
85,313296852,random,YYDPETGTWY,amber,102.09410811219053,5.29364663622801,19.91894430675289,6.977240921889245,5.508595556037851,4.848916770784997,228.13,aer,4096,outputs/reps_Brickwork_entanglement/slurm_YYDPETGTWY_amber/replica_85/replica_85.pdb,outputs/reps_Brickwork_entanglement/slurm_YYDPETGTWY_amber/replica_85/replica_85_ca.pdb
514,313297281,random,YYDPETGTWY,amber,79.51167192734101,5.295561127030591,18.88666972975453,7.0019426409389,5.508595556037851,4.848916770784997,383.18,aer,4096,outputs/reps_Brickwork_entanglement/slurm_YYDPETGTWY_amber/replica_514/replica_514.pdb,outputs/reps_Brickwork_entanglement/slurm_YYDPETGTWY_amber/replica_514/replica_514_ca.pdb
785,313297552,random,YYDPETGTWY,amber,37.4450413969369,5.297284322698389,18.903078395876147,6.921716677554669,5.508595556037851,4.848916770784997,414.3,aer,4096,outputs/reps_Brickwork_entanglement/slurm_YYDPETGTWY_amber/replica_785/replica_785.pdb,outputs/reps_Brickwork_entanglement/slurm_YYDPETGTWY_amber/replica_785/replica_785_ca.pdb
17,313296784,random,YYDPETGTWY,amber,-12.64739310886446,5.298742621660764,18.98773259078552,6.972291332637762,5.508595556037851,4.848916770784997,308.72,aer,4096,outputs/reps_Brickwork_entanglement/slurm_YYDPETGTWY_amber/replica_17/replica_17.pdb,outputs/reps_Brickwork_entanglement/slurm_YYDPETGTWY_amber/replica_17/replica_17_ca.pdb
227,313296994,random,YYDPETGTWY,amber,5.7590649230540185,5.301254693289456,20.48457729693925,6.682025725224484,5.508595556037851,4.848916770784997,264.34,aer,4096,outputs/reps_Brickwork_entanglement/slurm_YYDPETGTWY_amber/replica_227/replica_227.pdb,outputs/reps_Brickwork_entanglement/slurm_YYDPETGTWY_amber/replica_227/replica_227_ca.pdb
49,313296816,random,YYDPETGTWY,amber,82.48472688386826,5.309264081257158,16.986621080214046,6.3774116509686865,5.508595556037851,4.848916770784997,272.54,aer,4096,outputs/reps_Brickwork_entanglement/slurm_YYDPETGTWY_amber/replica_49/replica_49.pdb,outputs/reps_Brickwork_entanglement/slurm_YYDPETGTWY_amber/replica_49/replica_49_ca.pdb
751,313297518,random,YYDPETGTWY,amber,112.00631943517202,5.311074892964644,18.430752173690106,7.098037931300153,5.508595556037851,4.848916770784997,490.91,aer,4096,outputs/reps_Brickwork_entanglement/slurm_YYDPETGTWY_amber/replica_751/replica_751.pdb,outputs/reps_Brickwork_entanglement/slurm_YYDPETGTWY_amber/replica_751/replica_751_ca.pdb
793,313297560,random,YYDPETGTWY,amber,-45.09995904733001,5.312152062555501,19.01199716099257,6.992506805503823,5.508595556037851,4.848916770784997,219.95,aer,4096,outputs/reps_Brickwork_entanglement/slurm_YYDPETGTWY_amber/replica_793/replica_793.pdb,outputs/reps_Brickwork_entanglement/slurm_YYDPETGTWY_amber/replica_793/replica_793_ca.pdb
403,313297170,random,YYDPETGTWY,amber,-38.88573715443996,5.316329302508053,19.837448119444403,7.2564152554528185,5.508595556037851,4.848916770784997,288.25,aer,4096,outputs/reps_Brickwork_entanglement/slurm_YYDPETGTWY_amber/replica_403/replica_403.pdb,outputs/reps_Brickwork_entanglement/slurm_YYDPETGTWY_amber/replica_403/replica_403_ca.pdb
299,313297066,random,YYDPETGTWY,amber,100.49604653907748,5.325350871139433,19.503469180491855,6.904510811689295,5.508595556037851,4.848916770784997,252.83,aer,4096,outputs/reps_Brickwork_entanglement/slurm_YYDPETGTWY_amber/replica_299/replica_299.pdb,outputs/reps_Brickwork_entanglement/slurm_YYDPETGTWY_amber/replica_299/replica_299_ca.pdb
967,313297734,random,YYDPETGTWY,amber,8.85958342308033,5.326686653291067,19.32154777533615,6.872457690638722,5.508595556037851,4.848916770784997,273.53,aer,4096,outputs/reps_Brickwork_entanglement/slurm_YYDPETGTWY_amber/replica_967/replica_967.pdb,outputs/reps_Brickwork_entanglement/slurm_YYDPETGTWY_amber/replica_967/replica_967_ca.pdb
545,313297312,random,YYDPETGTWY,amber,37.06165167738853,5.328182400402643,18.60739249931343,6.675933283175394,5.508595556037851,4.848916770784997,359.53,aer,4096,outputs/reps_Brickwork_entanglement/slurm_YYDPETGTWY_amber/replica_545/replica_545.pdb,outputs/reps_Brickwork_entanglement/slurm_YYDPETGTWY_amber/replica_545/replica_545_ca.pdb
753,313297520,random,YYDPETGTWY,amber,25.033556216611466,5.329618522262669,19.380380998604245,7.20147408456446,5.508595556037851,4.848916770784997,369.67,aer,4096,outputs/reps_Brickwork_entanglement/slurm_YYDPETGTWY_amber/replica_753/replica_753.pdb,outputs/reps_Brickwork_entanglement/slurm_YYDPETGTWY_amber/replica_753/replica_753_ca.pdb
305,313297072,random,YYDPETGTWY,amber,-24.738852557159188,5.337388640039845,20.230741273429945,7.171066423776278,5.508595556037851,4.848916770784997,220.01,aer,4096,outputs/reps_Brickwork_entanglement/slurm_YYDPETGTWY_amber/replica_305/replica_305.pdb,outputs/reps_Brickwork_entanglement/slurm_YYDPETGTWY_amber/replica_305/replica_305_ca.pdb
333,313297100,random,YYDPETGTWY,amber,-9.590369113204995,5.34225495200378,20.89333345905799,7.084417991792878,5.508595556037851,4.848916770784997,290.94,aer,4096,outputs/reps_Brickwork_entanglement/slurm_YYDPETGTWY_amber/replica_333/replica_333.pdb,outputs/reps_Brickwork_entanglement/slurm_YYDPETGTWY_amber/replica_333/replica_333_ca.pdb
66,313296833,random,YYDPETGTWY,amber,-19.26004195788539,5.344362616080891,20.304290690689562,6.6940597264173665,5.508595556037851,4.848916770784997,261.23,aer,4096,outputs/reps_Brickwork_entanglement/slurm_YYDPETGTWY_amber/replica_66/replica_66.pdb,outputs/reps_Brickwork_entanglement/slurm_YYDPETGTWY_amber/replica_66/replica_66_ca.pdb
547,313297314,random,YYDPETGTWY,amber,-0.0627801967615168,5.3449928064990875,20.67662340099113,6.886001276927699,5.508595556037851,4.848916770784997,259.67,aer,4096,outputs/reps_Brickwork_entanglement/slurm_YYDPETGTWY_amber/replica_547/replica_547.pdb,outputs/reps_Brickwork_entanglement/slurm_YYDPETGTWY_amber/replica_547/replica_547_ca.pdb
341,313297108,random,YYDPETGTWY,amber,57.3918835141716,5.3506141261062075,18.98562307331334,6.89676352993125,5.508595556037851,4.848916770784997,279.23,aer,4096,outputs/reps_Brickwork_entanglement/slurm_YYDPETGTWY_amber/replica_341/replica_341.pdb,outputs/reps_Brickwork_entanglement/slurm_YYDPETGTWY_amber/replica_341/replica_341_ca.pdb
889,313297656,random,YYDPETGTWY,amber,-20.481740558454316,5.352727175477522,20.47157915667186,6.921641635810704,5.508595556037851,4.848916770784997,712.2,aer,4096,outputs/reps_Brickwork_entanglement/slurm_YYDPETGTWY_amber/replica_889/replica_889.pdb,outputs/reps_Brickwork_entanglement/slurm_YYDPETGTWY_amber/replica_889/replica_889_ca.pdb
92,313296859,random,YYDPETGTWY,amber,97.53124972108881,5.3571182911366355,20.804927365400808,7.055868849149659,5.508595556037851,4.848916770784997,292.92,aer,4096,outputs/reps_Brickwork_entanglement/slurm_YYDPETGTWY_amber/replica_92/replica_92.pdb,outputs/reps_Brickwork_entanglement/slurm_YYDPETGTWY_amber/replica_92/replica_92_ca.pdb
111,313296878,random,YYDPETGTWY,amber,-12.340620488521386,5.3654207534783565,20.28612673617238,7.014016808636874,5.508595556037851,4.848916770784997,374.76,aer,4096,outputs/reps_Brickwork_entanglement/slurm_YYDPETGTWY_amber/replica_111/replica_111.pdb,outputs/reps_Brickwork_entanglement/slurm_YYDPETGTWY_amber/replica_111/replica_111_ca.pdb
864,313297631,random,YYDPETGTWY,amber,-54.80747775225132,5.372731786187543,20.178231062361167,7.087420600403534,5.508595556037851,4.848916770784997,301.17,aer,4096,outputs/reps_Brickwork_entanglement/slurm_YYDPETGTWY_amber/replica_864/replica_864.pdb,outputs/reps_Brickwork_entanglement/slurm_YYDPETGTWY_amber/replica_864/replica_864_ca.pdb
908,313297675,random,YYDPETGTWY,amber,0.20125006292087932,5.389853263593637,20.357574998384777,7.177762452982523,5.508595556037851,4.848916770784997,296.91,aer,4096,outputs/reps_Brickwork_entanglement/slurm_YYDPETGTWY_amber/replica_908/replica_908.pdb,outputs/reps_Brickwork_entanglement/slurm_YYDPETGTWY_amber/replica_908/replica_908_ca.pdb
371,313297138,random,YYDPETGTWY,amber,92.95768700093002,5.390043179378015,19.114969640256916,7.007545853215804,5.508595556037851,4.848916770784997,316.67,aer,4096,outputs/reps_Brickwork_entanglement/slurm_YYDPETGTWY_amber/replica_371/replica_371.pdb,outputs/reps_Brickwork_entanglement/slurm_YYDPETGTWY_amber/replica_371/replica_371_ca.pdb
714,313297481,random,YYDPETGTWY,amber,-19.7874809200954,5.390221599094296,20.940928621041948,6.89403848202777,5.508595556037851,4.848916770784997,547.79,aer,4096,outputs/reps_Brickwork_entanglement/slurm_YYDPETGTWY_amber/replica_714/replica_714.pdb,outputs/reps_Brickwork_entanglement/slurm_YYDPETGTWY_amber/replica_714/replica_714_ca.pdb
196,313296963,random,YYDPETGTWY,amber,-55.323504748824654,5.393430713828947,18.889918754802,6.8425280337306305,5.508595556037851,4.848916770784997,248.24,aer,4096,outputs/reps_Brickwork_entanglement/slurm_YYDPETGTWY_amber/replica_196/replica_196.pdb,outputs/reps_Brickwork_entanglement/slurm_YYDPETGTWY_amber/replica_196/replica_196_ca.pdb
882,313297649,random,YYDPETGTWY,amber,-31.011510424912984,5.396636396773407,19.734388794788128,6.984507668220784,5.508595556037851,4.848916770784997,240.38,aer,4096,outputs/reps_Brickwork_entanglement/slurm_YYDPETGTWY_amber/replica_882/replica_882.pdb,outputs/reps_Brickwork_entanglement/slurm_YYDPETGTWY_amber/replica_882/replica_882_ca.pdb
72,313296839,random,YYDPETGTWY,amber,191.00929429128675,5.397617584479464,20.258132523034426,6.9425160761158295,5.508595556037851,4.848916770784997,571.69,aer,4096,outputs/reps_Brickwork_entanglement/slurm_YYDPETGTWY_amber/replica_72/replica_72.pdb,outputs/reps_Brickwork_entanglement/slurm_YYDPETGTWY_amber/replica_72/replica_72_ca.pdb
156,313296923,random,YYDPETGTWY,amber,105.63529870793941,5.399723579653725,21.235080726881776,7.195825740172665,5.508595556037851,4.848916770784997,221.93,aer,4096,outputs/reps_Brickwork_entanglement/slurm_YYDPETGTWY_amber/replica_156/replica_156.pdb,outputs/reps_Brickwork_entanglement/slurm_YYDPETGTWY_amber/replica_156/replica_156_ca.pdb
690,313297457,random,YYDPETGTWY,amber,-11.556941765060643,5.403832591038374,18.887253256043593,7.2319032826103165,5.508595556037851,4.848916770784997,199.81,aer,4096,outputs/reps_Brickwork_entanglement/slurm_YYDPETGTWY_amber/replica_690/replica_690.pdb,outputs/reps_Brickwork_entanglement/slurm_YYDPETGTWY_amber/replica_690/replica_690_ca.pdb
79,313296846,random,YYDPETGTWY,amber,2.7121226625987926,5.40606941945221,17.789021041029233,6.993079307807332,5.508595556037851,4.848916770784997,241.67,aer,4096,outputs/reps_Brickwork_entanglement/slurm_YYDPETGTWY_amber/replica_79/replica_79.pdb,outputs/reps_Brickwork_entanglement/slurm_YYDPETGTWY_amber/replica_79/replica_79_ca.pdb
736,313297503,random,YYDPETGTWY,amber,9.971475304656284,5.409074724943482,19.31763345735718,7.008823508602839,5.508595556037851,4.848916770784997,207.2,aer,4096,outputs/reps_Brickwork_entanglement/slurm_YYDPETGTWY_amber/replica_736/replica_736.pdb,outputs/reps_Brickwork_entanglement/slurm_YYDPETGTWY_amber/replica_736/replica_736_ca.pdb
961,313297728,random,YYDPETGTWY,amber,-79.81561769351194,5.4150780547137805,20.18819038660271,7.130496751380026,5.508595556037851,4.848916770784997,284.94,aer,4096,outputs/reps_Brickwork_entanglement/slurm_YYDPETGTWY_amber/replica_961/replica_961.pdb,outputs/reps_Brickwork_entanglement/slurm_YYDPETGTWY_amber/replica_961/replica_961_ca.pdb
393,313297160,random,YYDPETGTWY,amber,64.60171382110819,5.4158667032019805,20.582820150633697,7.161257303326883,5.508595556037851,4.848916770784997,297.99,aer,4096,outputs/reps_Brickwork_entanglement/slurm_YYDPETGTWY_amber/replica_393/replica_393.pdb,outputs/reps_Brickwork_entanglement/slurm_YYDPETGTWY_amber/replica_393/replica_393_ca.pdb
162,313296929,random,YYDPETGTWY,amber,-7.266256648418266,5.41618292516968,21.368403478548764,7.005505096920555,5.508595556037851,4.848916770784997,318.13,aer,4096,outputs/reps_Brickwork_entanglement/slurm_YYDPETGTWY_amber/replica_162/replica_162.pdb,outputs/reps_Brickwork_entanglement/slurm_YYDPETGTWY_amber/replica_162/replica_162_ca.pdb
517,313297284,random,YYDPETGTWY,amber,54.44542172746393,5.428127214434292,20.777401544224617,6.886253383993977,5.508595556037851,4.848916770784997,330.26,aer,4096,outputs/reps_Brickwork_entanglement/slurm_YYDPETGTWY_amber/replica_517/replica_517.pdb,outputs/reps_Brickwork_entanglement/slurm_YYDPETGTWY_amber/replica_517/replica_517_ca.pdb
735,313297502,random,YYDPETGTWY,amber,26.4421074099643,5.430056120605607,19.99148231118201,7.073020034077204,5.508595556037851,4.848916770784997,274.63,aer,4096,outputs/reps_Brickwork_entanglement/slurm_YYDPETGTWY_amber/replica_735/replica_735.pdb,outputs/reps_Brickwork_entanglement/slurm_YYDPETGTWY_amber/replica_735/replica_735_ca.pdb
637,313297404,random,YYDPETGTWY,amber,-16.69699059284235,5.430786301211406,17.358295384185794,6.004482883770137,5.508595556037851,4.848916770784997,383.1,aer,4096,outputs/reps_Brickwork_entanglement/slurm_YYDPETGTWY_amber/replica_637/replica_637.pdb,outputs/reps_Brickwork_entanglement/slurm_YYDPETGTWY_amber/replica_637/replica_637_ca.pdb
699,313297466,random,YYDPETGTWY,amber,-25.000070916533943,5.4308279981091045,19.880989974384857,6.858399753465364,5.508595556037851,4.848916770784997,321.68,aer,4096,outputs/reps_Brickwork_entanglement/slurm_YYDPETGTWY_amber/replica_699/replica_699.pdb,outputs/reps_Brickwork_entanglement/slurm_YYDPETGTWY_amber/replica_699/replica_699_ca.pdb
826,313297593,random,YYDPETGTWY,amber,97.23558013387597,5.4388706591172715,20.882643123978553,7.148394659115566,5.508595556037851,4.848916770784997,213.96,aer,4096,outputs/reps_Brickwork_entanglement/slurm_YYDPETGTWY_amber/replica_826/replica_826.pdb,outputs/reps_Brickwork_entanglement/slurm_YYDPETGTWY_amber/replica_826/replica_826_ca.pdb
289,313297056,random,YYDPETGTWY,amber,-50.98940400577749,5.439920334543731,19.775256719701435,6.983592834252426,5.508595556037851,4.848916770784997,253.38,aer,4096,outputs/reps_Brickwork_entanglement/slurm_YYDPETGTWY_amber/replica_289/replica_289.pdb,outputs/reps_Brickwork_entanglement/slurm_YYDPETGTWY_amber/replica_289/replica_289_ca.pdb
495,313297262,random,YYDPETGTWY,amber,39.70273822521494,5.440584128440892,20.51725937022022,6.955502365577664,5.508595556037851,4.848916770784997,399.46,aer,4096,outputs/reps_Brickwork_entanglement/slurm_YYDPETGTWY_amber/replica_495/replica_495.pdb,outputs/reps_Brickwork_entanglement/slurm_YYDPETGTWY_amber/replica_495/replica_495_ca.pdb
740,313297507,random,YYDPETGTWY,amber,1.9291733590867353,5.441344200926804,21.56122293626899,7.290028833945231,5.508595556037851,4.848916770784997,264.03,aer,4096,outputs/reps_Brickwork_entanglement/slurm_YYDPETGTWY_amber/replica_740/replica_740.pdb,outputs/reps_Brickwork_entanglement/slurm_YYDPETGTWY_amber/replica_740/replica_740_ca.pdb
149,313296916,random,YYDPETGTWY,amber,-43.94191132223105,5.443656865001947,20.350359897460127,7.1467216643865505,5.508595556037851,4.848916770784997,222.74,aer,4096,outputs/reps_Brickwork_entanglement/slurm_YYDPETGTWY_amber/replica_149/replica_149.pdb,outputs/reps_Brickwork_entanglement/slurm_YYDPETGTWY_amber/replica_149/replica_149_ca.pdb
487,313297254,random,YYDPETGTWY,amber,-39.27077409240885,5.444862130144089,17.202737399692943,6.524191841643342,5.508595556037851,4.848916770784997,238.31,aer,4096,outputs/reps_Brickwork_entanglement/slurm_YYDPETGTWY_amber/replica_487/replica_487.pdb,outputs/reps_Brickwork_entanglement/slurm_YYDPETGTWY_amber/replica_487/replica_487_ca.pdb
661,313297428,random,YYDPETGTWY,amber,-52.869452878490904,5.450409796757978,20.43434663700257,6.845589353026494,5.508595556037851,4.848916770784997,284.01,aer,4096,outputs/reps_Brickwork_entanglement/slurm_YYDPETGTWY_amber/replica_661/replica_661.pdb,outputs/reps_Brickwork_entanglement/slurm_YYDPETGTWY_amber/replica_661/replica_661_ca.pdb
578,313297345,random,YYDPETGTWY,amber,-50.378792448080084,5.457387311969907,21.972643704624982,7.105801837439184,5.508595556037851,4.848916770784997,230.39,aer,4096,outputs/reps_Brickwork_entanglement/slurm_YYDPETGTWY_amber/replica_578/replica_578.pdb,outputs/reps_Brickwork_entanglement/slurm_YYDPETGTWY_amber/replica_578/replica_578_ca.pdb
332,313297099,random,YYDPETGTWY,amber,-34.858357692919945,5.459195946073786,21.44576937668359,7.093049967958636,5.508595556037851,4.848916770784997,228.66,aer,4096,outputs/reps_Brickwork_entanglement/slurm_YYDPETGTWY_amber/replica_332/replica_332.pdb,outputs/reps_Brickwork_entanglement/slurm_YYDPETGTWY_amber/replica_332/replica_332_ca.pdb
968,313297735,random,YYDPETGTWY,amber,48.57474395154314,5.461073497302167,20.35208552635582,6.996594153173927,5.508595556037851,4.848916770784997,314.05,aer,4096,outputs/reps_Brickwork_entanglement/slurm_YYDPETGTWY_amber/replica_968/replica_968.pdb,outputs/reps_Brickwork_entanglement/slurm_YYDPETGTWY_amber/replica_968/replica_968_ca.pdb
914,313297681,random,YYDPETGTWY,amber,170.44837083309196,5.462520110177829,18.580419336081427,7.035449640960131,5.508595556037851,4.848916770784997,245.31,aer,4096,outputs/reps_Brickwork_entanglement/slurm_YYDPETGTWY_amber/replica_914/replica_914.pdb,outputs/reps_Brickwork_entanglement/slurm_YYDPETGTWY_amber/replica_914/replica_914_ca.pdb
274,313297041,random,YYDPETGTWY,amber,1.2043943205886545,5.465389305243451,21.592216957842915,7.200226981631881,5.508595556037851,4.848916770784997,243.14,aer,4096,outputs/reps_Brickwork_entanglement/slurm_YYDPETGTWY_amber/replica_274/replica_274.pdb,outputs/reps_Brickwork_entanglement/slurm_YYDPETGTWY_amber/replica_274/replica_274_ca.pdb
878,313297645,random,YYDPETGTWY,amber,-42.25263410598892,5.4667375532665385,19.69907223890715,7.087077427378713,5.508595556037851,4.848916770784997,233.77,aer,4096,outputs/reps_Brickwork_entanglement/slurm_YYDPETGTWY_amber/replica_878/replica_878.pdb,outputs/reps_Brickwork_entanglement/slurm_YYDPETGTWY_amber/replica_878/replica_878_ca.pdb
988,313297755,random,YYDPETGTWY,amber,-10.22169857774402,5.467066551577235,16.35423437951835,6.889664845022184,5.508595556037851,4.848916770784997,251.73,aer,4096,outputs/reps_Brickwork_entanglement/slurm_YYDPETGTWY_amber/replica_988/replica_988.pdb,outputs/reps_Brickwork_entanglement/slurm_YYDPETGTWY_amber/replica_988/replica_988_ca.pdb
486,313297253,random,YYDPETGTWY,amber,2.850531595403762,5.4689214553872185,19.602005339248148,6.442141703116608,5.508595556037851,4.848916770784997,207.47,aer,4096,outputs/reps_Brickwork_entanglement/slurm_YYDPETGTWY_amber/replica_486/replica_486.pdb,outputs/reps_Brickwork_entanglement/slurm_YYDPETGTWY_amber/replica_486/replica_486_ca.pdb
439,313297206,random,YYDPETGTWY,amber,40.24972303203895,5.4730398234190565,19.039796040438585,7.220462902368999,5.508595556037851,4.848916770784997,269.16,aer,4096,outputs/reps_Brickwork_entanglement/slurm_YYDPETGTWY_amber/replica_439/replica_439.pdb,outputs/reps_Brickwork_entanglement/slurm_YYDPETGTWY_amber/replica_439/replica_439_ca.pdb
998,313297765,random,YYDPETGTWY,amber,-42.382898669299394,5.476913662562542,19.659747407884332,6.929365825291281,5.508595556037851,4.848916770784997,436.98,aer,4096,outputs/reps_Brickwork_entanglement/slurm_YYDPETGTWY_amber/replica_998/replica_998.pdb,outputs/reps_Brickwork_entanglement/slurm_YYDPETGTWY_amber/replica_998/replica_998_ca.pdb
241,313297008,random,YYDPETGTWY,amber,-25.991261641385076,5.478080418581625,20.287390518638777,6.9402014743907205,5.508595556037851,4.848916770784997,374.77,aer,4096,outputs/reps_Brickwork_entanglement/slurm_YYDPETGTWY_amber/replica_241/replica_241.pdb,outputs/reps_Brickwork_entanglement/slurm_YYDPETGTWY_amber/replica_241/replica_241_ca.pdb
600,313297367,random,YYDPETGTWY,amber,46.68589022142525,5.481297990751568,20.013664170317856,7.114994450120535,5.508595556037851,4.848916770784997,394.57,aer,4096,outputs/reps_Brickwork_entanglement/slurm_YYDPETGTWY_amber/replica_600/replica_600.pdb,outputs/reps_Brickwork_entanglement/slurm_YYDPETGTWY_amber/replica_600/replica_600_ca.pdb
455,313297222,random,YYDPETGTWY,amber,-0.047038358659858615,5.483941180410591,20.098820462539425,6.8504124646545765,5.508595556037851,4.848916770784997,281.35,aer,4096,outputs/reps_Brickwork_entanglement/slurm_YYDPETGTWY_amber/replica_455/replica_455.pdb,outputs/reps_Brickwork_entanglement/slurm_YYDPETGTWY_amber/replica_455/replica_455_ca.pdb
504,313297271,random,YYDPETGTWY,amber,0.9550886279338819,5.491670169172738,20.616533998397507,7.06725429640586,5.508595556037851,4.848916770784997,289.95,aer,4096,outputs/reps_Brickwork_entanglement/slurm_YYDPETGTWY_amber/replica_504/replica_504.pdb,outputs/reps_Brickwork_entanglement/slurm_YYDPETGTWY_amber/replica_504/replica_504_ca.pdb
106,313296873,random,YYDPETGTWY,amber,6.589244025110399,5.493735491142353,19.787152593247683,6.925845909156143,5.508595556037851,4.848916770784997,228.94,aer,4096,outputs/reps_Brickwork_entanglement/slurm_YYDPETGTWY_amber/replica_106/replica_106.pdb,outputs/reps_Brickwork_entanglement/slurm_YYDPETGTWY_amber/replica_106/replica_106_ca.pdb
231,313296998,random,YYDPETGTWY,amber,-22.79257812724563,5.4968515314942525,18.48964361938513,6.867475525618802,5.508595556037851,4.848916770784997,227.85,aer,4096,outputs/reps_Brickwork_entanglement/slurm_YYDPETGTWY_amber/replica_231/replica_231.pdb,outputs/reps_Brickwork_entanglement/slurm_YYDPETGTWY_amber/replica_231/replica_231_ca.pdb
221,313296988,random,YYDPETGTWY,amber,22.873072818898425,5.500471867365901,19.054470839767934,7.0349289784531015,5.508595556037851,4.848916770784997,321.22,aer,4096,outputs/reps_Brickwork_entanglement/slurm_YYDPETGTWY_amber/replica_221/replica_221.pdb,outputs/reps_Brickwork_entanglement/slurm_YYDPETGTWY_amber/replica_221/replica_221_ca.pdb
814,313297581,random,YYDPETGTWY,amber,-14.760311502245127,5.5016947604058455,20.542939724197996,7.149530901168707,5.508595556037851,4.848916770784997,320.34,aer,4096,outputs/reps_Brickwork_entanglement/slurm_YYDPETGTWY_amber/replica_814/replica_814.pdb,outputs/reps_Brickwork_entanglement/slurm_YYDPETGTWY_amber/replica_814/replica_814_ca.pdb
422,313297189,random,YYDPETGTWY,amber,-69.51602846911436,5.50194874625772,20.024145148631117,6.68699676754142,5.508595556037851,4.848916770784997,190.17,aer,4096,outputs/reps_Brickwork_entanglement/slurm_YYDPETGTWY_amber/replica_422/replica_422.pdb,outputs/reps_Brickwork_entanglement/slurm_YYDPETGTWY_amber/replica_422/replica_422_ca.pdb
217,313296984,random,YYDPETGTWY,amber,36.39820806129264,5.505514107439511,19.59857506361056,6.99749605440051,5.508595556037851,4.848916770784997,295.03,aer,4096,outputs/reps_Brickwork_entanglement/slurm_YYDPETGTWY_amber/replica_217/replica_217.pdb,outputs/reps_Brickwork_entanglement/slurm_YYDPETGTWY_amber/replica_217/replica_217_ca.pdb
626,313297393,random,YYDPETGTWY,amber,23.116868351014965,5.506423938992599,19.67327167865502,6.807784224137327,5.508595556037851,4.848916770784997,345.12,aer,4096,outputs/reps_Brickwork_entanglement/slurm_YYDPETGTWY_amber/replica_626/replica_626.pdb,outputs/reps_Brickwork_entanglement/slurm_YYDPETGTWY_amber/replica_626/replica_626_ca.pdb
20,313296787,random,YYDPETGTWY,amber,147.15516710752303,5.508088176234156,19.085329024879996,6.773778146653686,5.508595556037851,4.848916770784997,236.15,aer,4096,outputs/reps_Brickwork_entanglement/slurm_YYDPETGTWY_amber/replica_20/replica_20.pdb,outputs/reps_Brickwork_entanglement/slurm_YYDPETGTWY_amber/replica_20/replica_20_ca.pdb
112,313296879,random,YYDPETGTWY,amber,463.43790427397965,5.511345740649631,19.996021926391563,6.917134472807392,5.508595556037851,4.848916770784997,199.87,aer,4096,outputs/reps_Brickwork_entanglement/slurm_YYDPETGTWY_amber/replica_112/replica_112.pdb,outputs/reps_Brickwork_entanglement/slurm_YYDPETGTWY_amber/replica_112/replica_112_ca.pdb
588,313297355,random,YYDPETGTWY,amber,372.1855735287077,5.516793976291703,19.419727015872194,6.941057847713524,5.508595556037851,4.848916770784997,128.89,aer,4096,outputs/reps_Brickwork_entanglement/slurm_YYDPETGTWY_amber/replica_588/replica_588.pdb,outputs/reps_Brickwork_entanglement/slurm_YYDPETGTWY_amber/replica_588/replica_588_ca.pdb
801,313297568,random,YYDPETGTWY,amber,348.34121966952904,5.516919869631677,21.422795236231636,7.088914088546581,5.508595556037851,4.848916770784997,382.02,aer,4096,outputs/reps_Brickwork_entanglement/slurm_YYDPETGTWY_amber/replica_801/replica_801.pdb,outputs/reps_Brickwork_entanglement/slurm_YYDPETGTWY_amber/replica_801/replica_801_ca.pdb
363,313297130,random,YYDPETGTWY,amber,-5.2895796049342305,5.519715193972648,20.5539162733285,6.795365302997672,5.508595556037851,4.848916770784997,313.68,aer,4096,outputs/reps_Brickwork_entanglement/slurm_YYDPETGTWY_amber/replica_363/replica_363.pdb,outputs/reps_Brickwork_entanglement/slurm_YYDPETGTWY_amber/replica_363/replica_363_ca.pdb
193,313296960,random,YYDPETGTWY,amber,20.84130650974597,5.52222165732594,20.38143981186268,7.475456752680776,5.508595556037851,4.848916770784997,325.43,aer,4096,outputs/reps_Brickwork_entanglement/slurm_YYDPETGTWY_amber/replica_193/replica_193.pdb,outputs/reps_Brickwork_entanglement/slurm_YYDPETGTWY_amber/replica_193/replica_193_ca.pdb
167,313296934,random,YYDPETGTWY,amber,-40.826439382053955,5.5283016685708875,20.133154176564243,6.967188409169067,5.508595556037851,4.848916770784997,477.19,aer,4096,outputs/reps_Brickwork_entanglement/slurm_YYDPETGTWY_amber/replica_167/replica_167.pdb,outputs/reps_Brickwork_entanglement/slurm_YYDPETGTWY_amber/replica_167/replica_167_ca.pdb
666,313297433,random,YYDPETGTWY,amber,-10.091276240738217,5.530073809703793,17.10182850247615,6.697946956432871,5.508595556037851,4.848916770784997,223.42,aer,4096,outputs/reps_Brickwork_entanglement/slurm_YYDPETGTWY_amber/replica_666/replica_666.pdb,outputs/reps_Brickwork_entanglement/slurm_YYDPETGTWY_amber/replica_666/replica_666_ca.pdb
577,313297344,random,YYDPETGTWY,amber,15.769170197782767,5.534790531274857,19.97890389666984,7.164704073998624,5.508595556037851,4.848916770784997,230.85,aer,4096,outputs/reps_Brickwork_entanglement/slurm_YYDPETGTWY_amber/replica_577/replica_577.pdb,outputs/reps_Brickwork_entanglement/slurm_YYDPETGTWY_amber/replica_577/replica_577_ca.pdb
46,313296813,random,YYDPETGTWY,amber,35.323175499535765,5.534875659829535,19.395328566197573,7.244340139645039,5.508595556037851,4.848916770784997,195.37,aer,4096,outputs/reps_Brickwork_entanglement/slurm_YYDPETGTWY_amber/replica_46/replica_46.pdb,outputs/reps_Brickwork_entanglement/slurm_YYDPETGTWY_amber/replica_46/replica_46_ca.pdb
528,313297295,random,YYDPETGTWY,amber,420.7530771286832,5.537477616515833,20.882151290985245,6.928376358885911,5.508595556037851,4.848916770784997,211.94,aer,4096,outputs/reps_Brickwork_entanglement/slurm_YYDPETGTWY_amber/replica_528/replica_528.pdb,outputs/reps_Brickwork_entanglement/slurm_YYDPETGTWY_amber/replica_528/replica_528_ca.pdb
975,313297742,random,YYDPETGTWY,amber,-1.1356312343964134,5.541061064391276,19.92912058492896,6.541247900039965,5.508595556037851,4.848916770784997,303.66,aer,4096,outputs/reps_Brickwork_entanglement/slurm_YYDPETGTWY_amber/replica_975/replica_975.pdb,outputs/reps_Brickwork_entanglement/slurm_YYDPETGTWY_amber/replica_975/replica_975_ca.pdb
825,313297592,random,YYDPETGTWY,amber,10.61580194372007,5.5410656186629,20.0351145633958,6.987586940842047,5.508595556037851,4.848916770784997,269.74,aer,4096,outputs/reps_Brickwork_entanglement/slurm_YYDPETGTWY_amber/replica_825/replica_825.pdb,outputs/reps_Brickwork_entanglement/slurm_YYDPETGTWY_amber/replica_825/replica_825_ca.pdb
71,313296838,random,YYDPETGTWY,amber,464.43349717720866,5.542315465244835,18.885533375876108,6.900988136336218,5.508595556037851,4.848916770784997,234.91,aer,4096,outputs/reps_Brickwork_entanglement/slurm_YYDPETGTWY_amber/replica_71/replica_71.pdb,outputs/reps_Brickwork_entanglement/slurm_YYDPETGTWY_amber/replica_71/replica_71_ca.pdb
42,313296809,random,YYDPETGTWY,amber,108.38558616601283,5.5423553301320805,21.6476058601898,7.008221383926095,5.508595556037851,4.848916770784997,295.95,aer,4096,outputs/reps_Brickwork_entanglement/slurm_YYDPETGTWY_amber/replica_42/replica_42.pdb,outputs/reps_Brickwork_entanglement/slurm_YYDPETGTWY_amber/replica_42/replica_42_ca.pdb
848,313297615,random,YYDPETGTWY,amber,-11.205503124904231,5.546361881359652,20.431080285236778,7.418503944362339,5.508595556037851,4.848916770784997,336.19,aer,4096,outputs/reps_Brickwork_entanglement/slurm_YYDPETGTWY_amber/replica_848/replica_848.pdb,outputs/reps_Brickwork_entanglement/slurm_YYDPETGTWY_amber/replica_848/replica_848_ca.pdb
434,313297201,random,YYDPETGTWY,amber,35.83223728142809,5.548829497462021,19.72017362468349,6.943438921973371,5.508595556037851,4.848916770784997,260.98,aer,4096,outputs/reps_Brickwork_entanglement/slurm_YYDPETGTWY_amber/replica_434/replica_434.pdb,outputs/reps_Brickwork_entanglement/slurm_YYDPETGTWY_amber/replica_434/replica_434_ca.pdb
639,313297406,random,YYDPETGTWY,amber,3.651461515157198,5.5515905968649495,21.38551550130423,7.116699304225436,5.508595556037851,4.848916770784997,207.41,aer,4096,outputs/reps_Brickwork_entanglement/slurm_YYDPETGTWY_amber/replica_639/replica_639.pdb,outputs/reps_Brickwork_entanglement/slurm_YYDPETGTWY_amber/replica_639/replica_639_ca.pdb
320,313297087,random,YYDPETGTWY,amber,-109.47095018765317,5.556012308224464,21.720636275995478,7.043093400884747,5.508595556037851,4.848916770784997,305.34,aer,4096,outputs/reps_Brickwork_entanglement/slurm_YYDPETGTWY_amber/replica_320/replica_320.pdb,outputs/reps_Brickwork_entanglement/slurm_YYDPETGTWY_amber/replica_320/replica_320_ca.pdb
837,313297604,random,YYDPETGTWY,amber,24.37707914867404,5.5583981714434625,18.573053697950023,6.843593654000888,5.508595556037851,4.848916770784997,227.76,aer,4096,outputs/reps_Brickwork_entanglement/slurm_YYDPETGTWY_amber/replica_837/replica_837.pdb,outputs/reps_Brickwork_entanglement/slurm_YYDPETGTWY_amber/replica_837/replica_837_ca.pdb
667,313297434,random,YYDPETGTWY,amber,19.71600046172303,5.562910045990147,20.88763302889422,7.068672176870739,5.508595556037851,4.848916770784997,186.45,aer,4096,outputs/reps_Brickwork_entanglement/slurm_YYDPETGTWY_amber/replica_667/replica_667.pdb,outputs/reps_Brickwork_entanglement/slurm_YYDPETGTWY_amber/replica_667/replica_667_ca.pdb
440,313297207,random,YYDPETGTWY,amber,0.27606036766370734,5.563880181096737,22.090917793258956,7.183226577385583,5.508595556037851,4.848916770784997,288.21,aer,4096,outputs/reps_Brickwork_entanglement/slurm_YYDPETGTWY_amber/replica_440/replica_440.pdb,outputs/reps_Brickwork_entanglement/slurm_YYDPETGTWY_amber/replica_440/replica_440_ca.pdb
822,313297589,random,YYDPETGTWY,amber,-18.75777885008417,5.564245710697657,20.514609077045613,7.108724150902051,5.508595556037851,4.848916770784997,197.57,aer,4096,outputs/reps_Brickwork_entanglement/slurm_YYDPETGTWY_amber/replica_822/replica_822.pdb,outputs/reps_Brickwork_entanglement/slurm_YYDPETGTWY_amber/replica_822/replica_822_ca.pdb
909,313297676,random,YYDPETGTWY,amber,42.93590909255876,5.5648553495981705,20.387185843660056,7.147309988075213,5.508595556037851,4.848916770784997,282.88,aer,4096,outputs/reps_Brickwork_entanglement/slurm_YYDPETGTWY_amber/replica_909/replica_909.pdb,outputs/reps_Brickwork_entanglement/slurm_YYDPETGTWY_amber/replica_909/replica_909_ca.pdb
670,313297437,random,YYDPETGTWY,amber,-14.205508153808422,5.5659980797925375,21.095757023094798,7.203656457721888,5.508595556037851,4.848916770784997,231.48,aer,4096,outputs/reps_Brickwork_entanglement/slurm_YYDPETGTWY_amber/replica_670/replica_670.pdb,outputs/reps_Brickwork_entanglement/slurm_YYDPETGTWY_amber/replica_670/replica_670_ca.pdb
899,313297666,random,YYDPETGTWY,amber,-80.18545001984207,5.568574695064878,21.041927142484123,6.940770016119617,5.508595556037851,4.848916770784997,258.43,aer,4096,outputs/reps_Brickwork_entanglement/slurm_YYDPETGTWY_amber/replica_899/replica_899.pdb,outputs/reps_Brickwork_entanglement/slurm_YYDPETGTWY_amber/replica_899/replica_899_ca.pdb
718,313297485,random,YYDPETGTWY,amber,-56.91775583330153,5.569041984136927,21.06372471902817,7.2641103169996875,5.508595556037851,4.848916770784997,274.95,aer,4096,outputs/reps_Brickwork_entanglement/slurm_YYDPETGTWY_amber/replica_718/replica_718.pdb,outputs/reps_Brickwork_entanglement/slurm_YYDPETGTWY_amber/replica_718/replica_718_ca.pdb
456,313297223,random,YYDPETGTWY,amber,-10.004234812223146,5.570719940712695,19.288027537840264,6.9331443861076725,5.508595556037851,4.848916770784997,306.32,aer,4096,outputs/reps_Brickwork_entanglement/slurm_YYDPETGTWY_amber/replica_456/replica_456.pdb,outputs/reps_Brickwork_entanglement/slurm_YYDPETGTWY_amber/replica_456/replica_456_ca.pdb
574,313297341,random,YYDPETGTWY,amber,37.25749493369603,5.574008828168801,21.564999038066453,7.110449135522907,5.508595556037851,4.848916770784997,226.67,aer,4096,outputs/reps_Brickwork_entanglement/slurm_YYDPETGTWY_amber/replica_574/replica_574.pdb,outputs/reps_Brickwork_entanglement/slurm_YYDPETGTWY_amber/replica_574/replica_574_ca.pdb
804,313297571,random,YYDPETGTWY,amber,2.9347039817462166,5.574952481091709,19.66455552864116,7.239645991317409,5.508595556037851,4.848916770784997,336.6,aer,4096,outputs/reps_Brickwork_entanglement/slurm_YYDPETGTWY_amber/replica_804/replica_804.pdb,outputs/reps_Brickwork_entanglement/slurm_YYDPETGTWY_amber/replica_804/replica_804_ca.pdb
568,313297335,random,YYDPETGTWY,amber,-52.98767684808391,5.579575252235705,22.09746629200949,7.297644372017432,5.508595556037851,4.848916770784997,381.85,aer,4096,outputs/reps_Brickwork_entanglement/slurm_YYDPETGTWY_amber/replica_568/replica_568.pdb,outputs/reps_Brickwork_entanglement/slurm_YYDPETGTWY_amber/replica_568/replica_568_ca.pdb
138,313296905,random,YYDPETGTWY,amber,29.05136414901903,5.589482500597096,20.277148793779567,6.861419926570082,5.508595556037851,4.848916770784997,245.87,aer,4096,outputs/reps_Brickwork_entanglement/slurm_YYDPETGTWY_amber/replica_138/replica_138.pdb,outputs/reps_Brickwork_entanglement/slurm_YYDPETGTWY_amber/replica_138/replica_138_ca.pdb
232,313296999,random,YYDPETGTWY,amber,7.569681278988008,5.590302298664916,20.211807192801967,6.74726094401817,5.508595556037851,4.848916770784997,229.51,aer,4096,outputs/reps_Brickwork_entanglement/slurm_YYDPETGTWY_amber/replica_232/replica_232.pdb,outputs/reps_Brickwork_entanglement/slurm_YYDPETGTWY_amber/replica_232/replica_232_ca.pdb
712,313297479,random,YYDPETGTWY,amber,85.06509416864097,5.590521313072035,20.839870990832974,6.830669396335144,5.508595556037851,4.848916770784997,353.07,aer,4096,outputs/reps_Brickwork_entanglement/slurm_YYDPETGTWY_amber/replica_712/replica_712.pdb,outputs/reps_Brickwork_entanglement/slurm_YYDPETGTWY_amber/replica_712/replica_712_ca.pdb
13,313296780,random,YYDPETGTWY,amber,58.392460891301724,5.5971758189180525,19.655854323921137,7.093839979458489,5.508595556037851,4.848916770784997,310.78,aer,4096,outputs/reps_Brickwork_entanglement/slurm_YYDPETGTWY_amber/replica_13/replica_13.pdb,outputs/reps_Brickwork_entanglement/slurm_YYDPETGTWY_amber/replica_13/replica_13_ca.pdb
523,313297290,random,YYDPETGTWY,amber,-28.708742795160042,5.598883846797419,20.357422540114882,7.225195773858531,5.508595556037851,4.848916770784997,249.29,aer,4096,outputs/reps_Brickwork_entanglement/slurm_YYDPETGTWY_amber/replica_523/replica_523.pdb,outputs/reps_Brickwork_entanglement/slurm_YYDPETGTWY_amber/replica_523/replica_523_ca.pdb
692,313297459,random,YYDPETGTWY,amber,4.916522971810055,5.599955894274455,20.003417860148843,7.287931188143046,5.508595556037851,4.848916770784997,251.54,aer,4096,outputs/reps_Brickwork_entanglement/slurm_YYDPETGTWY_amber/replica_692/replica_692.pdb,outputs/reps_Brickwork_entanglement/slurm_YYDPETGTWY_amber/replica_692/replica_692_ca.pdb
346,313297113,random,YYDPETGTWY,amber,50.50729387617495,5.600521417261144,20.174925903875184,6.758015517624601,5.508595556037851,4.848916770784997,293.7,aer,4096,outputs/reps_Brickwork_entanglement/slurm_YYDPETGTWY_amber/replica_346/replica_346.pdb,outputs/reps_Brickwork_entanglement/slurm_YYDPETGTWY_amber/replica_346/replica_346_ca.pdb
47,313296814,random,YYDPETGTWY,amber,-11.488188516089137,5.602578014269722,20.561909238487996,6.945027424348025,5.508595556037851,4.848916770784997,261.25,aer,4096,outputs/reps_Brickwork_entanglement/slurm_YYDPETGTWY_amber/replica_47/replica_47.pdb,outputs/reps_Brickwork_entanglement/slurm_YYDPETGTWY_amber/replica_47/replica_47_ca.pdb
73,313296840,random,YYDPETGTWY,amber,-58.40733367621301,5.607232860489266,20.059232828115643,7.277142233637843,5.508595556037851,4.848916770784997,274.34,aer,4096,outputs/reps_Brickwork_entanglement/slurm_YYDPETGTWY_amber/replica_73/replica_73.pdb,outputs/reps_Brickwork_entanglement/slurm_YYDPETGTWY_amber/replica_73/replica_73_ca.pdb
745,313297512,random,YYDPETGTWY,amber,18.441518075326933,5.607810682943431,19.489505439149948,7.290555633589362,5.508595556037851,4.848916770784997,461.85,aer,4096,outputs/reps_Brickwork_entanglement/slurm_YYDPETGTWY_amber/replica_745/replica_745.pdb,outputs/reps_Brickwork_entanglement/slurm_YYDPETGTWY_amber/replica_745/replica_745_ca.pdb
211,313296978,random,YYDPETGTWY,amber,42.81813613508475,5.6088811596345325,21.537419550759196,7.155338287129927,5.508595556037851,4.848916770784997,265.57,aer,4096,outputs/reps_Brickwork_entanglement/slurm_YYDPETGTWY_amber/replica_211/replica_211.pdb,outputs/reps_Brickwork_entanglement/slurm_YYDPETGTWY_amber/replica_211/replica_211_ca.pdb
931,313297698,random,YYDPETGTWY,amber,-66.78835354171869,5.612601850236352,20.518438567927898,7.244319227418583,5.508595556037851,4.848916770784997,242.63,aer,4096,outputs/reps_Brickwork_entanglement/slurm_YYDPETGTWY_amber/replica_931/replica_931.pdb,outputs/reps_Brickwork_entanglement/slurm_YYDPETGTWY_amber/replica_931/replica_931_ca.pdb
895,313297662,random,YYDPETGTWY,amber,-56.43821588736779,5.614069227355096,20.054267490697875,7.005649577177731,5.508595556037851,4.848916770784997,306.55,aer,4096,outputs/reps_Brickwork_entanglement/slurm_YYDPETGTWY_amber/replica_895/replica_895.pdb,outputs/reps_Brickwork_entanglement/slurm_YYDPETGTWY_amber/replica_895/replica_895_ca.pdb
295,313297062,random,YYDPETGTWY,amber,-12.170029941136727,5.618016505269082,20.124578911500098,7.163349669295154,5.508595556037851,4.848916770784997,286.71,aer,4096,outputs/reps_Brickwork_entanglement/slurm_YYDPETGTWY_amber/replica_295/replica_295.pdb,outputs/reps_Brickwork_entanglement/slurm_YYDPETGTWY_amber/replica_295/replica_295_ca.pdb
101,313296868,random,YYDPETGTWY,amber,-25.08226191702117,5.618174622334227,19.65458415310874,7.093460467027973,5.508595556037851,4.848916770784997,250.15,aer,4096,outputs/reps_Brickwork_entanglement/slurm_YYDPETGTWY_amber/replica_101/replica_101.pdb,outputs/reps_Brickwork_entanglement/slurm_YYDPETGTWY_amber/replica_101/replica_101_ca.pdb
506,313297273,random,YYDPETGTWY,amber,-45.301287600820785,5.618297773682414,20.971681735230188,7.0510758546894285,5.508595556037851,4.848916770784997,294.3,aer,4096,outputs/reps_Brickwork_entanglement/slurm_YYDPETGTWY_amber/replica_506/replica_506.pdb,outputs/reps_Brickwork_entanglement/slurm_YYDPETGTWY_amber/replica_506/replica_506_ca.pdb
561,313297328,random,YYDPETGTWY,amber,-13.198204472674123,5.6186060570085194,21.456244733020604,6.918297392408096,5.508595556037851,4.848916770784997,221.03,aer,4096,outputs/reps_Brickwork_entanglement/slurm_YYDPETGTWY_amber/replica_561/replica_561.pdb,outputs/reps_Brickwork_entanglement/slurm_YYDPETGTWY_amber/replica_561/replica_561_ca.pdb
331,313297098,random,YYDPETGTWY,amber,33.34156681907453,5.630755567689054,20.645512383781185,7.008795458648021,5.508595556037851,4.848916770784997,284.54,aer,4096,outputs/reps_Brickwork_entanglement/slurm_YYDPETGTWY_amber/replica_331/replica_331.pdb,outputs/reps_Brickwork_entanglement/slurm_YYDPETGTWY_amber/replica_331/replica_331_ca.pdb
202,313296969,random,YYDPETGTWY,amber,0.7176086770121177,5.630968499431318,18.783872072626423,7.064442401051845,5.508595556037851,4.848916770784997,197.37,aer,4096,outputs/reps_Brickwork_entanglement/slurm_YYDPETGTWY_amber/replica_202/replica_202.pdb,outputs/reps_Brickwork_entanglement/slurm_YYDPETGTWY_amber/replica_202/replica_202_ca.pdb
919,313297686,random,YYDPETGTWY,amber,4.60084721038355,5.63345255914265,20.30787891390854,7.11827602157198,5.508595556037851,4.848916770784997,289.98,aer,4096,outputs/reps_Brickwork_entanglement/slurm_YYDPETGTWY_amber/replica_919/replica_919.pdb,outputs/reps_Brickwork_entanglement/slurm_YYDPETGTWY_amber/replica_919/replica_919_ca.pdb
654,313297421,random,YYDPETGTWY,amber,-2.1645469139231728,5.63904119928797,20.321667145935177,7.109218589997141,5.508595556037851,4.848916770784997,306.48,aer,4096,outputs/reps_Brickwork_entanglement/slurm_YYDPETGTWY_amber/replica_654/replica_654.pdb,outputs/reps_Brickwork_entanglement/slurm_YYDPETGTWY_amber/replica_654/replica_654_ca.pdb
206,313296973,random,YYDPETGTWY,amber,-29.07846761248747,5.641847983936154,20.163395987722314,6.979022721291434,5.508595556037851,4.848916770784997,363.97,aer,4096,outputs/reps_Brickwork_entanglement/slurm_YYDPETGTWY_amber/replica_206/replica_206.pdb,outputs/reps_Brickwork_entanglement/slurm_YYDPETGTWY_amber/replica_206/replica_206_ca.pdb
641,313297408,random,YYDPETGTWY,amber,-17.501048708510357,5.642014024526796,20.09244687184641,7.015508696268259,5.508595556037851,4.848916770784997,402.97,aer,4096,outputs/reps_Brickwork_entanglement/slurm_YYDPETGTWY_amber/replica_641/replica_641.pdb,outputs/reps_Brickwork_entanglement/slurm_YYDPETGTWY_amber/replica_641/replica_641_ca.pdb
918,313297685,random,YYDPETGTWY,amber,-17.14341013403402,5.64222211983136,19.65346835411713,6.959681243038674,5.508595556037851,4.848916770784997,229.22,aer,4096,outputs/reps_Brickwork_entanglement/slurm_YYDPETGTWY_amber/replica_918/replica_918.pdb,outputs/reps_Brickwork_entanglement/slurm_YYDPETGTWY_amber/replica_918/replica_918_ca.pdb
625,313297392,random,YYDPETGTWY,amber,-53.60133916768128,5.643186427408821,19.800386808295993,7.104383805174324,5.508595556037851,4.848916770784997,200.19,aer,4096,outputs/reps_Brickwork_entanglement/slurm_YYDPETGTWY_amber/replica_625/replica_625.pdb,outputs/reps_Brickwork_entanglement/slurm_YYDPETGTWY_amber/replica_625/replica_625_ca.pdb
294,313297061,random,YYDPETGTWY,amber,-28.716818550698708,5.646562397776678,21.169865379441575,7.117215067681273,5.508595556037851,4.848916770784997,248.53,aer,4096,outputs/reps_Brickwork_entanglement/slurm_YYDPETGTWY_amber/replica_294/replica_294.pdb,outputs/reps_Brickwork_entanglement/slurm_YYDPETGTWY_amber/replica_294/replica_294_ca.pdb
298,313297065,random,YYDPETGTWY,amber,-40.30308037164523,5.652513540142548,20.563398172423074,7.099182379913973,5.508595556037851,4.848916770784997,321.43,aer,4096,outputs/reps_Brickwork_entanglement/slurm_YYDPETGTWY_amber/replica_298/replica_298.pdb,outputs/reps_Brickwork_entanglement/slurm_YYDPETGTWY_amber/replica_298/replica_298_ca.pdb
573,313297340,random,YYDPETGTWY,amber,4.034699758376213,5.653154939256036,20.74953151158422,7.038467467765794,5.508595556037851,4.848916770784997,221.48,aer,4096,outputs/reps_Brickwork_entanglement/slurm_YYDPETGTWY_amber/replica_573/replica_573.pdb,outputs/reps_Brickwork_entanglement/slurm_YYDPETGTWY_amber/replica_573/replica_573_ca.pdb
582,313297349,random,YYDPETGTWY,amber,-31.29257061109305,5.654102695223856,21.737890640445364,7.070792372595962,5.508595556037851,4.848916770784997,323.59,aer,4096,outputs/reps_Brickwork_entanglement/slurm_YYDPETGTWY_amber/replica_582/replica_582.pdb,outputs/reps_Brickwork_entanglement/slurm_YYDPETGTWY_amber/replica_582/replica_582_ca.pdb
327,313297094,random,YYDPETGTWY,amber,1.619635932858055,5.6542614906209465,19.69501549568735,7.170648354155763,5.508595556037851,4.848916770784997,182.8,aer,4096,outputs/reps_Brickwork_entanglement/slurm_YYDPETGTWY_amber/replica_327/replica_327.pdb,outputs/reps_Brickwork_entanglement/slurm_YYDPETGTWY_amber/replica_327/replica_327_ca.pdb
789,313297556,random,YYDPETGTWY,amber,11.975147712494389,5.665590708756925,18.51473733842598,7.056116608187082,5.508595556037851,4.848916770784997,311.34,aer,4096,outputs/reps_Brickwork_entanglement/slurm_YYDPETGTWY_amber/replica_789/replica_789.pdb,outputs/reps_Brickwork_entanglement/slurm_YYDPETGTWY_amber/replica_789/replica_789_ca.pdb
120,313296887,random,YYDPETGTWY,amber,-15.090286943943575,5.666391887346006,20.144285867283475,7.093122364075301,5.508595556037851,4.848916770784997,253.57,aer,4096,outputs/reps_Brickwork_entanglement/slurm_YYDPETGTWY_amber/replica_120/replica_120.pdb,outputs/reps_Brickwork_entanglement/slurm_YYDPETGTWY_amber/replica_120/replica_120_ca.pdb
387,313297154,random,YYDPETGTWY,amber,14.88535137924166,5.666604274243441,20.159763780451303,6.776063808370584,5.508595556037851,4.848916770784997,231.03,aer,4096,outputs/reps_Brickwork_entanglement/slurm_YYDPETGTWY_amber/replica_387/replica_387.pdb,outputs/reps_Brickwork_entanglement/slurm_YYDPETGTWY_amber/replica_387/replica_387_ca.pdb
601,313297368,random,YYDPETGTWY,amber,23.713728935776725,5.667864285810158,20.613909672933318,6.687389950658359,5.508595556037851,4.848916770784997,452.04,aer,4096,outputs/reps_Brickwork_entanglement/slurm_YYDPETGTWY_amber/replica_601/replica_601.pdb,outputs/reps_Brickwork_entanglement/slurm_YYDPETGTWY_amber/replica_601/replica_601_ca.pdb
293,313297060,random,YYDPETGTWY,amber,-58.90160205026713,5.672292730698909,19.53487173767165,7.0522718918539535,5.508595556037851,4.848916770784997,222.73,aer,4096,outputs/reps_Brickwork_entanglement/slurm_YYDPETGTWY_amber/replica_293/replica_293.pdb,outputs/reps_Brickwork_entanglement/slurm_YYDPETGTWY_amber/replica_293/replica_293_ca.pdb
902,313297669,random,YYDPETGTWY,amber,58.43687994842796,5.673747132866638,19.76829231975979,6.874986794698654,5.508595556037851,4.848916770784997,395.39,aer,4096,outputs/reps_Brickwork_entanglement/slurm_YYDPETGTWY_amber/replica_902/replica_902.pdb,outputs/reps_Brickwork_entanglement/slurm_YYDPETGTWY_amber/replica_902/replica_902_ca.pdb
23,313296790,random,YYDPETGTWY,amber,-21.889490716277045,5.680222498368677,19.604666594049263,6.63097230928085,5.508595556037851,4.848916770784997,326.56,aer,4096,outputs/reps_Brickwork_entanglement/slurm_YYDPETGTWY_amber/replica_23/replica_23.pdb,outputs/reps_Brickwork_entanglement/slurm_YYDPETGTWY_amber/replica_23/replica_23_ca.pdb
282,313297049,random,YYDPETGTWY,amber,-57.69851771106548,5.683038289831456,19.651456146087327,6.948975075879745,5.508595556037851,4.848916770784997,313.32,aer,4096,outputs/reps_Brickwork_entanglement/slurm_YYDPETGTWY_amber/replica_282/replica_282.pdb,outputs/reps_Brickwork_entanglement/slurm_YYDPETGTWY_amber/replica_282/replica_282_ca.pdb
867,313297634,random,YYDPETGTWY,amber,-60.63612405933986,5.684176132269765,21.093439658280328,7.100705892805032,5.508595556037851,4.848916770784997,388.82,aer,4096,outputs/reps_Brickwork_entanglement/slurm_YYDPETGTWY_amber/replica_867/replica_867.pdb,outputs/reps_Brickwork_entanglement/slurm_YYDPETGTWY_amber/replica_867/replica_867_ca.pdb
139,313296906,random,YYDPETGTWY,amber,313.46652272544117,5.687167132594198,22.15682814414581,7.206738777026709,5.508595556037851,4.848916770784997,211.94,aer,4096,outputs/reps_Brickwork_entanglement/slurm_YYDPETGTWY_amber/replica_139/replica_139.pdb,outputs/reps_Brickwork_entanglement/slurm_YYDPETGTWY_amber/replica_139/replica_139_ca.pdb
755,313297522,random,YYDPETGTWY,amber,-75.82430543352271,5.688468600480933,20.975603820554248,6.945874149900552,5.508595556037851,4.848916770784997,227.62,aer,4096,outputs/reps_Brickwork_entanglement/slurm_YYDPETGTWY_amber/replica_755/replica_755.pdb,outputs/reps_Brickwork_entanglement/slurm_YYDPETGTWY_amber/replica_755/replica_755_ca.pdb
880,313297647,random,YYDPETGTWY,amber,-4.460775994910028,5.6900811190183385,21.337259304493326,7.135351699265789,5.508595556037851,4.848916770784997,348.2,aer,4096,outputs/reps_Brickwork_entanglement/slurm_YYDPETGTWY_amber/replica_880/replica_880.pdb,outputs/reps_Brickwork_entanglement/slurm_YYDPETGTWY_amber/replica_880/replica_880_ca.pdb
519,313297286,random,YYDPETGTWY,amber,110.93962848405094,5.6911522379731485,20.096548753944482,7.083941181685164,5.508595556037851,4.848916770784997,235.47,aer,4096,outputs/reps_Brickwork_entanglement/slurm_YYDPETGTWY_amber/replica_519/replica_519.pdb,outputs/reps_Brickwork_entanglement/slurm_YYDPETGTWY_amber/replica_519/replica_519_ca.pdb
494,313297261,random,YYDPETGTWY,amber,-59.432055280084825,5.692440475069971,20.849926723898882,7.204181022440064,5.508595556037851,4.848916770784997,535.62,aer,4096,outputs/reps_Brickwork_entanglement/slurm_YYDPETGTWY_amber/replica_494/replica_494.pdb,outputs/reps_Brickwork_entanglement/slurm_YYDPETGTWY_amber/replica_494/replica_494_ca.pdb
934,313297701,random,YYDPETGTWY,amber,139.91865522253144,5.69340421574218,20.52295195618257,6.884805474242246,5.508595556037851,4.848916770784997,237.37,aer,4096,outputs/reps_Brickwork_entanglement/slurm_YYDPETGTWY_amber/replica_934/replica_934.pdb,outputs/reps_Brickwork_entanglement/slurm_YYDPETGTWY_amber/replica_934/replica_934_ca.pdb
285,313297052,random,YYDPETGTWY,amber,-30.571465117750204,5.696900502317887,21.881294181300785,7.391770175483719,5.508595556037851,4.848916770784997,296.33,aer,4096,outputs/reps_Brickwork_entanglement/slurm_YYDPETGTWY_amber/replica_285/replica_285.pdb,outputs/reps_Brickwork_entanglement/slurm_YYDPETGTWY_amber/replica_285/replica_285_ca.pdb
756,313297523,random,YYDPETGTWY,amber,-7.961443759013919,5.69930252169365,20.204465746376115,6.968085951316106,5.508595556037851,4.848916770784997,272.8,aer,4096,outputs/reps_Brickwork_entanglement/slurm_YYDPETGTWY_amber/replica_756/replica_756.pdb,outputs/reps_Brickwork_entanglement/slurm_YYDPETGTWY_amber/replica_756/replica_756_ca.pdb
31,313296798,random,YYDPETGTWY,amber,-15.782487345350608,5.699634166150552,19.527506145532328,7.053470548228312,5.508595556037851,4.848916770784997,189.22,aer,4096,outputs/reps_Brickwork_entanglement/slurm_YYDPETGTWY_amber/replica_31/replica_31.pdb,outputs/reps_Brickwork_entanglement/slurm_YYDPETGTWY_amber/replica_31/replica_31_ca.pdb
937,313297704,random,YYDPETGTWY,amber,-77.43265467264875,5.705231935463825,21.35287348984298,6.980906071003828,5.508595556037851,4.848916770784997,241.18,aer,4096,outputs/reps_Brickwork_entanglement/slurm_YYDPETGTWY_amber/replica_937/replica_937.pdb,outputs/reps_Brickwork_entanglement/slurm_YYDPETGTWY_amber/replica_937/replica_937_ca.pdb
939,313297706,random,YYDPETGTWY,amber,4.3807611025539615,5.7129430234850025,20.74830460630604,7.159440333007218,5.508595556037851,4.848916770784997,334.92,aer,4096,outputs/reps_Brickwork_entanglement/slurm_YYDPETGTWY_amber/replica_939/replica_939.pdb,outputs/reps_Brickwork_entanglement/slurm_YYDPETGTWY_amber/replica_939/replica_939_ca.pdb
321,313297088,random,YYDPETGTWY,amber,11.92894029381974,5.713054117738126,20.980148087877758,7.285099790742174,5.508595556037851,4.848916770784997,271.87,aer,4096,outputs/reps_Brickwork_entanglement/slurm_YYDPETGTWY_amber/replica_321/replica_321.pdb,outputs/reps_Brickwork_entanglement/slurm_YYDPETGTWY_amber/replica_321/replica_321_ca.pdb
204,313296971,random,YYDPETGTWY,amber,-39.723109416072646,5.714942720954974,21.227512335500318,7.109014503540356,5.508595556037851,4.848916770784997,211.77,aer,4096,outputs/reps_Brickwork_entanglement/slurm_YYDPETGTWY_amber/replica_204/replica_204.pdb,outputs/reps_Brickwork_entanglement/slurm_YYDPETGTWY_amber/replica_204/replica_204_ca.pdb
916,313297683,random,YYDPETGTWY,amber,-45.71491938498587,5.715067953592709,19.69876937248215,7.064881301052776,5.508595556037851,4.848916770784997,267.34,aer,4096,outputs/reps_Brickwork_entanglement/slurm_YYDPETGTWY_amber/replica_916/replica_916.pdb,outputs/reps_Brickwork_entanglement/slurm_YYDPETGTWY_amber/replica_916/replica_916_ca.pdb
750,313297517,random,YYDPETGTWY,amber,85.71504124776898,5.716468506876433,20.181308426008215,7.38515371642146,5.508595556037851,4.848916770784997,249.31,aer,4096,outputs/reps_Brickwork_entanglement/slurm_YYDPETGTWY_amber/replica_750/replica_750.pdb,outputs/reps_Brickwork_entanglement/slurm_YYDPETGTWY_amber/replica_750/replica_750_ca.pdb
660,313297427,random,YYDPETGTWY,amber,9.813003539597165,5.719148945787493,19.241433204843986,6.902123726550904,5.508595556037851,4.848916770784997,292.19,aer,4096,outputs/reps_Brickwork_entanglement/slurm_YYDPETGTWY_amber/replica_660/replica_660.pdb,outputs/reps_Brickwork_entanglement/slurm_YYDPETGTWY_amber/replica_660/replica_660_ca.pdb
250,313297017,random,YYDPETGTWY,amber,-52.9441765615008,5.720980941182091,21.511125715695687,7.067436845729807,5.508595556037851,4.848916770784997,361.63,aer,4096,outputs/reps_Brickwork_entanglement/slurm_YYDPETGTWY_amber/replica_250/replica_250.pdb,outputs/reps_Brickwork_entanglement/slurm_YYDPETGTWY_amber/replica_250/replica_250_ca.pdb
209,313296976,random,YYDPETGTWY,amber,-83.76172871730766,5.722085193916421,20.166935526859124,6.900145219017229,5.508595556037851,4.848916770784997,350.03,aer,4096,outputs/reps_Brickwork_entanglement/slurm_YYDPETGTWY_amber/replica_209/replica_209.pdb,outputs/reps_Brickwork_entanglement/slurm_YYDPETGTWY_amber/replica_209/replica_209_ca.pdb
357,313297124,random,YYDPETGTWY,amber,-20.696317204360014,5.724196599047381,20.851497704541504,6.907175639978743,5.508595556037851,4.848916770784997,240.82,aer,4096,outputs/reps_Brickwork_entanglement/slurm_YYDPETGTWY_amber/replica_357/replica_357.pdb,outputs/reps_Brickwork_entanglement/slurm_YYDPETGTWY_amber/replica_357/replica_357_ca.pdb
619,313297386,random,YYDPETGTWY,amber,40.282283557476205,5.7260091762288585,17.819298613167927,7.142241853219843,5.508595556037851,4.848916770784997,243.13,aer,4096,outputs/reps_Brickwork_entanglement/slurm_YYDPETGTWY_amber/replica_619/replica_619.pdb,outputs/reps_Brickwork_entanglement/slurm_YYDPETGTWY_amber/replica_619/replica_619_ca.pdb
40,313296807,random,YYDPETGTWY,amber,-26.499772391878196,5.7266881995637515,20.095753316793942,6.953327839682183,5.508595556037851,4.848916770784997,231.91,aer,4096,outputs/reps_Brickwork_entanglement/slurm_YYDPETGTWY_amber/replica_40/replica_40.pdb,outputs/reps_Brickwork_entanglement/slurm_YYDPETGTWY_amber/replica_40/replica_40_ca.pdb
266,313297033,random,YYDPETGTWY,amber,-20.036685991079338,5.727862048329009,20.692185963368765,6.891674053012927,5.508595556037851,4.848916770784997,463.88,aer,4096,outputs/reps_Brickwork_entanglement/slurm_YYDPETGTWY_amber/replica_266/replica_266.pdb,outputs/reps_Brickwork_entanglement/slurm_YYDPETGTWY_amber/replica_266/replica_266_ca.pdb
108,313296875,random,YYDPETGTWY,amber,-10.150769422457248,5.730718506518021,20.06021786550675,6.809573020514896,5.508595556037851,4.848916770784997,237.39,aer,4096,outputs/reps_Brickwork_entanglement/slurm_YYDPETGTWY_amber/replica_108/replica_108.pdb,outputs/reps_Brickwork_entanglement/slurm_YYDPETGTWY_amber/replica_108/replica_108_ca.pdb
104,313296871,random,YYDPETGTWY,amber,27.275546202386263,5.7320897923392975,20.071362276849843,6.893780413679485,5.508595556037851,4.848916770784997,418.32,aer,4096,outputs/reps_Brickwork_entanglement/slurm_YYDPETGTWY_amber/replica_104/replica_104.pdb,outputs/reps_Brickwork_entanglement/slurm_YYDPETGTWY_amber/replica_104/replica_104_ca.pdb
356,313297123,random,YYDPETGTWY,amber,825.4670147006598,5.734171374200659,18.64960077232984,6.95870838327682,5.508595556037851,4.848916770784997,139.38,aer,4096,outputs/reps_Brickwork_entanglement/slurm_YYDPETGTWY_amber/replica_356/replica_356.pdb,outputs/reps_Brickwork_entanglement/slurm_YYDPETGTWY_amber/replica_356/replica_356_ca.pdb
192,313296959,random,YYDPETGTWY,amber,92.39532563245389,5.735680877257225,21.75036462591382,7.139123050122257,5.508595556037851,4.848916770784997,362.95,aer,4096,outputs/reps_Brickwork_entanglement/slurm_YYDPETGTWY_amber/replica_192/replica_192.pdb,outputs/reps_Brickwork_entanglement/slurm_YYDPETGTWY_amber/replica_192/replica_192_ca.pdb
191,313296958,random,YYDPETGTWY,amber,12.166385505438328,5.738607599977989,16.92939675229283,6.592655762949903,5.508595556037851,4.848916770784997,266.7,aer,4096,outputs/reps_Brickwork_entanglement/slurm_YYDPETGTWY_amber/replica_191/replica_191.pdb,outputs/reps_Brickwork_entanglement/slurm_YYDPETGTWY_amber/replica_191/replica_191_ca.pdb
141,313296908,random,YYDPETGTWY,amber,87.82632745648837,5.738788091823225,20.98216664566623,7.048698365194127,5.508595556037851,4.848916770784997,357.41,aer,4096,outputs/reps_Brickwork_entanglement/slurm_YYDPETGTWY_amber/replica_141/replica_141.pdb,outputs/reps_Brickwork_entanglement/slurm_YYDPETGTWY_amber/replica_141/replica_141_ca.pdb
634,313297401,random,YYDPETGTWY,amber,16.546005414937294,5.739308287830469,21.151354153640007,6.930539961313071,5.508595556037851,4.848916770784997,401.42,aer,4096,outputs/reps_Brickwork_entanglement/slurm_YYDPETGTWY_amber/replica_634/replica_634.pdb,outputs/reps_Brickwork_entanglement/slurm_YYDPETGTWY_amber/replica_634/replica_634_ca.pdb
177,313296944,random,YYDPETGTWY,amber,25.56959964812775,5.7395513440539165,21.266740413098063,7.486696565525861,5.508595556037851,4.848916770784997,232.65,aer,4096,outputs/reps_Brickwork_entanglement/slurm_YYDPETGTWY_amber/replica_177/replica_177.pdb,outputs/reps_Brickwork_entanglement/slurm_YYDPETGTWY_amber/replica_177/replica_177_ca.pdb
401,313297168,random,YYDPETGTWY,amber,32.44249275624151,5.740894762741885,20.63977582273808,7.403864889420495,5.508595556037851,4.848916770784997,498.57,aer,4096,outputs/reps_Brickwork_entanglement/slurm_YYDPETGTWY_amber/replica_401/replica_401.pdb,outputs/reps_Brickwork_entanglement/slurm_YYDPETGTWY_amber/replica_401/replica_401_ca.pdb
675,313297442,random,YYDPETGTWY,amber,38.9301279371101,5.743244458207188,22.07240707029918,7.158082670520782,5.508595556037851,4.848916770784997,261.21,aer,4096,outputs/reps_Brickwork_entanglement/slurm_YYDPETGTWY_amber/replica_675/replica_675.pdb,outputs/reps_Brickwork_entanglement/slurm_YYDPETGTWY_amber/replica_675/replica_675_ca.pdb
542,313297309,random,YYDPETGTWY,amber,49.21276694783518,5.745208163807501,21.024261749409128,6.93418648951163,5.508595556037851,4.848916770784997,402.52,aer,4096,outputs/reps_Brickwork_entanglement/slurm_YYDPETGTWY_amber/replica_542/replica_542.pdb,outputs/reps_Brickwork_entanglement/slurm_YYDPETGTWY_amber/replica_542/replica_542_ca.pdb
43,313296810,random,YYDPETGTWY,amber,-64.60031893348452,5.749567434504197,19.647237299675172,7.327240706404757,5.508595556037851,4.848916770784997,390.5,aer,4096,outputs/reps_Brickwork_entanglement/slurm_YYDPETGTWY_amber/replica_43/replica_43.pdb,outputs/reps_Brickwork_entanglement/slurm_YYDPETGTWY_amber/replica_43/replica_43_ca.pdb
239,313297006,random,YYDPETGTWY,amber,-74.80654945254368,5.752790449414703,21.2067736036288,7.195230546429702,5.508595556037851,4.848916770784997,478.04,aer,4096,outputs/reps_Brickwork_entanglement/slurm_YYDPETGTWY_amber/replica_239/replica_239.pdb,outputs/reps_Brickwork_entanglement/slurm_YYDPETGTWY_amber/replica_239/replica_239_ca.pdb
303,313297070,random,YYDPETGTWY,amber,-11.802426632756218,5.754478046197023,20.96045621936405,7.216394010762487,5.508595556037851,4.848916770784997,265.28,aer,4096,outputs/reps_Brickwork_entanglement/slurm_YYDPETGTWY_amber/replica_303/replica_303.pdb,outputs/reps_Brickwork_entanglement/slurm_YYDPETGTWY_amber/replica_303/replica_303_ca.pdb
273,313297040,random,YYDPETGTWY,amber,72.66538036660926,5.755528409889061,20.869188477016408,7.087257110510404,5.508595556037851,4.848916770784997,364.48,aer,4096,outputs/reps_Brickwork_entanglement/slurm_YYDPETGTWY_amber/replica_273/replica_273.pdb,outputs/reps_Brickwork_entanglement/slurm_YYDPETGTWY_amber/replica_273/replica_273_ca.pdb
987,313297754,random,YYDPETGTWY,amber,-47.31796306448007,5.756195564824633,20.6006956634321,6.9172772612279925,5.508595556037851,4.848916770784997,222.56,aer,4096,outputs/reps_Brickwork_entanglement/slurm_YYDPETGTWY_amber/replica_987/replica_987.pdb,outputs/reps_Brickwork_entanglement/slurm_YYDPETGTWY_amber/replica_987/replica_987_ca.pdb
26,313296793,random,YYDPETGTWY,amber,48.460856289979446,5.758994936160781,22.64707348928556,7.275838235770523,5.508595556037851,4.848916770784997,317.9,aer,4096,outputs/reps_Brickwork_entanglement/slurm_YYDPETGTWY_amber/replica_26/replica_26.pdb,outputs/reps_Brickwork_entanglement/slurm_YYDPETGTWY_amber/replica_26/replica_26_ca.pdb
525,313297292,random,YYDPETGTWY,amber,-54.629675627833635,5.759246213604086,21.346124179693373,7.024758669384671,5.508595556037851,4.848916770784997,219.91,aer,4096,outputs/reps_Brickwork_entanglement/slurm_YYDPETGTWY_amber/replica_525/replica_525.pdb,outputs/reps_Brickwork_entanglement/slurm_YYDPETGTWY_amber/replica_525/replica_525_ca.pdb
596,313297363,random,YYDPETGTWY,amber,-21.861194561515596,5.7608944287755754,20.547026056316774,7.039349094885281,5.508595556037851,4.848916770784997,272.57,aer,4096,outputs/reps_Brickwork_entanglement/slurm_YYDPETGTWY_amber/replica_596/replica_596.pdb,outputs/reps_Brickwork_entanglement/slurm_YYDPETGTWY_amber/replica_596/replica_596_ca.pdb
219,313296986,random,YYDPETGTWY,amber,32.403967538457806,5.76089997004349,21.718189102181285,7.070934312428192,5.508595556037851,4.848916770784997,334.54,aer,4096,outputs/reps_Brickwork_entanglement/slurm_YYDPETGTWY_amber/replica_219/replica_219.pdb,outputs/reps_Brickwork_entanglement/slurm_YYDPETGTWY_amber/replica_219/replica_219_ca.pdb
788,313297555,random,YYDPETGTWY,amber,-7.041906771428273,5.770462389002708,21.09848146496755,7.181633021256546,5.508595556037851,4.848916770784997,263.42,aer,4096,outputs/reps_Brickwork_entanglement/slurm_YYDPETGTWY_amber/replica_788/replica_788.pdb,outputs/reps_Brickwork_entanglement/slurm_YYDPETGTWY_amber/replica_788/replica_788_ca.pdb
386,313297153,random,YYDPETGTWY,amber,50.70881375213336,5.77086989567441,21.837305000417864,7.3344208410400915,5.508595556037851,4.848916770784997,348.11,aer,4096,outputs/reps_Brickwork_entanglement/slurm_YYDPETGTWY_amber/replica_386/replica_386.pdb,outputs/reps_Brickwork_entanglement/slurm_YYDPETGTWY_amber/replica_386/replica_386_ca.pdb
922,313297689,random,YYDPETGTWY,amber,7.973838411358457,5.775204915873863,20.83661891040128,7.3993217519152035,5.508595556037851,4.848916770784997,240.16,aer,4096,outputs/reps_Brickwork_entanglement/slurm_YYDPETGTWY_amber/replica_922/replica_922.pdb,outputs/reps_Brickwork_entanglement/slurm_YYDPETGTWY_amber/replica_922/replica_922_ca.pdb
377,313297144,random,YYDPETGTWY,amber,9.873906031393599,5.775803023983097,19.980931142149277,7.008191227019643,5.508595556037851,4.848916770784997,295.01,aer,4096,outputs/reps_Brickwork_entanglement/slurm_YYDPETGTWY_amber/replica_377/replica_377.pdb,outputs/reps_Brickwork_entanglement/slurm_YYDPETGTWY_amber/replica_377/replica_377_ca.pdb
698,313297465,random,YYDPETGTWY,amber,-73.23008130670333,5.776244875583853,20.35061857142799,6.882340035398744,5.508595556037851,4.848916770784997,296.42,aer,4096,outputs/reps_Brickwork_entanglement/slurm_YYDPETGTWY_amber/replica_698/replica_698.pdb,outputs/reps_Brickwork_entanglement/slurm_YYDPETGTWY_amber/replica_698/replica_698_ca.pdb
418,313297185,random,YYDPETGTWY,amber,-43.021647570865994,5.776692410209232,20.8984220182471,7.212927349068254,5.508595556037851,4.848916770784997,369.98,aer,4096,outputs/reps_Brickwork_entanglement/slurm_YYDPETGTWY_amber/replica_418/replica_418.pdb,outputs/reps_Brickwork_entanglement/slurm_YYDPETGTWY_amber/replica_418/replica_418_ca.pdb
615,313297382,random,YYDPETGTWY,amber,-13.00779250407484,5.77769600716995,20.476146867887564,7.080970037034796,5.508595556037851,4.848916770784997,331.18,aer,4096,outputs/reps_Brickwork_entanglement/slurm_YYDPETGTWY_amber/replica_615/replica_615.pdb,outputs/reps_Brickwork_entanglement/slurm_YYDPETGTWY_amber/replica_615/replica_615_ca.pdb
113,313296880,random,YYDPETGTWY,amber,-5.78186589105393,5.78460313696555,20.42040915604808,6.8702217010166935,5.508595556037851,4.848916770784997,233.42,aer,4096,outputs/reps_Brickwork_entanglement/slurm_YYDPETGTWY_amber/replica_113/replica_113.pdb,outputs/reps_Brickwork_entanglement/slurm_YYDPETGTWY_amber/replica_113/replica_113_ca.pdb
94,313296861,random,YYDPETGTWY,amber,-2.706245041680201,5.789737523373882,20.701481815197592,6.8182309652005175,5.508595556037851,4.848916770784997,275.17,aer,4096,outputs/reps_Brickwork_entanglement/slurm_YYDPETGTWY_amber/replica_94/replica_94.pdb,outputs/reps_Brickwork_entanglement/slurm_YYDPETGTWY_amber/replica_94/replica_94_ca.pdb
18,313296785,random,YYDPETGTWY,amber,119.14126942752627,5.7897692067922035,19.917730403175803,7.000625685229487,5.508595556037851,4.848916770784997,214.66,aer,4096,outputs/reps_Brickwork_entanglement/slurm_YYDPETGTWY_amber/replica_18/replica_18.pdb,outputs/reps_Brickwork_entanglement/slurm_YYDPETGTWY_amber/replica_18/replica_18_ca.pdb
945,313297712,random,YYDPETGTWY,amber,-20.6441524690259,5.791449332083215,19.20477125660648,6.916712237203774,5.508595556037851,4.848916770784997,211.33,aer,4096,outputs/reps_Brickwork_entanglement/slurm_YYDPETGTWY_amber/replica_945/replica_945.pdb,outputs/reps_Brickwork_entanglement/slurm_YYDPETGTWY_amber/replica_945/replica_945_ca.pdb
50,313296817,random,YYDPETGTWY,amber,-56.84008385358794,5.791586885916426,20.63868474280542,7.222145937994249,5.508595556037851,4.848916770784997,271.34,aer,4096,outputs/reps_Brickwork_entanglement/slurm_YYDPETGTWY_amber/replica_50/replica_50.pdb,outputs/reps_Brickwork_entanglement/slurm_YYDPETGTWY_amber/replica_50/replica_50_ca.pdb
583,313297350,random,YYDPETGTWY,amber,-3.9448692458443615,5.791643021286237,19.719041394985556,7.393037301188625,5.508595556037851,4.848916770784997,318.98,aer,4096,outputs/reps_Brickwork_entanglement/slurm_YYDPETGTWY_amber/replica_583/replica_583.pdb,outputs/reps_Brickwork_entanglement/slurm_YYDPETGTWY_amber/replica_583/replica_583_ca.pdb
650,313297417,random,YYDPETGTWY,amber,-51.396426738114926,5.798718967763859,21.50315120274909,6.804904241475129,5.508595556037851,4.848916770784997,244.71,aer,4096,outputs/reps_Brickwork_entanglement/slurm_YYDPETGTWY_amber/replica_650/replica_650.pdb,outputs/reps_Brickwork_entanglement/slurm_YYDPETGTWY_amber/replica_650/replica_650_ca.pdb
116,313296883,random,YYDPETGTWY,amber,101.4527327356944,5.799693415807055,20.26312420863503,7.1255351839137075,5.508595556037851,4.848916770784997,271.42,aer,4096,outputs/reps_Brickwork_entanglement/slurm_YYDPETGTWY_amber/replica_116/replica_116.pdb,outputs/reps_Brickwork_entanglement/slurm_YYDPETGTWY_amber/replica_116/replica_116_ca.pdb
951,313297718,random,YYDPETGTWY,amber,-1.1857628210600795,5.799908947024637,19.34097890104718,6.722921428327088,5.508595556037851,4.848916770784997,277.2,aer,4096,outputs/reps_Brickwork_entanglement/slurm_YYDPETGTWY_amber/replica_951/replica_951.pdb,outputs/reps_Brickwork_entanglement/slurm_YYDPETGTWY_amber/replica_951/replica_951_ca.pdb
562,313297329,random,YYDPETGTWY,amber,-34.382819632757645,5.80162470778009,22.961061989627954,7.471087559742049,5.508595556037851,4.848916770784997,274.47,aer,4096,outputs/reps_Brickwork_entanglement/slurm_YYDPETGTWY_amber/replica_562/replica_562.pdb,outputs/reps_Brickwork_entanglement/slurm_YYDPETGTWY_amber/replica_562/replica_562_ca.pdb
184,313296951,random,YYDPETGTWY,amber,19.511865343521865,5.804677509449657,21.43428866347948,7.135244610932456,5.508595556037851,4.848916770784997,176.03,aer,4096,outputs/reps_Brickwork_entanglement/slurm_YYDPETGTWY_amber/replica_184/replica_184.pdb,outputs/reps_Brickwork_entanglement/slurm_YYDPETGTWY_amber/replica_184/replica_184_ca.pdb
256,313297023,random,YYDPETGTWY,amber,-45.53723727635701,5.804906915844653,22.137634967458663,7.575051035952037,5.508595556037851,4.848916770784997,217.16,aer,4096,outputs/reps_Brickwork_entanglement/slurm_YYDPETGTWY_amber/replica_256/replica_256.pdb,outputs/reps_Brickwork_entanglement/slurm_YYDPETGTWY_amber/replica_256/replica_256_ca.pdb
352,313297119,random,YYDPETGTWY,amber,9.982256004120124,5.805403728308498,21.453840005738993,7.246876226001027,5.508595556037851,4.848916770784997,245.4,aer,4096,outputs/reps_Brickwork_entanglement/slurm_YYDPETGTWY_amber/replica_352/replica_352.pdb,outputs/reps_Brickwork_entanglement/slurm_YYDPETGTWY_amber/replica_352/replica_352_ca.pdb
808,313297575,random,YYDPETGTWY,amber,2.132089252664445,5.8137258273713135,21.294025802885763,7.003930367247893,5.508595556037851,4.848916770784997,273.55,aer,4096,outputs/reps_Brickwork_entanglement/slurm_YYDPETGTWY_amber/replica_808/replica_808.pdb,outputs/reps_Brickwork_entanglement/slurm_YYDPETGTWY_amber/replica_808/replica_808_ca.pdb
445,313297212,random,YYDPETGTWY,amber,75.51933425749542,5.8154879023991795,20.321722667100836,6.98575951450472,5.508595556037851,4.848916770784997,281.4,aer,4096,outputs/reps_Brickwork_entanglement/slurm_YYDPETGTWY_amber/replica_445/replica_445.pdb,outputs/reps_Brickwork_entanglement/slurm_YYDPETGTWY_amber/replica_445/replica_445_ca.pdb
940,313297707,random,YYDPETGTWY,amber,32.86817371146057,5.817501807843325,21.900547638287268,6.92374163094561,5.508595556037851,4.848916770784997,395.82,aer,4096,outputs/reps_Brickwork_entanglement/slurm_YYDPETGTWY_amber/replica_940/replica_940.pdb,outputs/reps_Brickwork_entanglement/slurm_YYDPETGTWY_amber/replica_940/replica_940_ca.pdb
63,313296830,random,YYDPETGTWY,amber,111.02421593645442,5.8233881260344855,20.585346744974704,7.318805334956016,5.508595556037851,4.848916770784997,165.29,aer,4096,outputs/reps_Brickwork_entanglement/slurm_YYDPETGTWY_amber/replica_63/replica_63.pdb,outputs/reps_Brickwork_entanglement/slurm_YYDPETGTWY_amber/replica_63/replica_63_ca.pdb
726,313297493,random,YYDPETGTWY,amber,103.26078214944715,5.826875645830947,20.269492370896664,7.319393859193616,5.508595556037851,4.848916770784997,317.84,aer,4096,outputs/reps_Brickwork_entanglement/slurm_YYDPETGTWY_amber/replica_726/replica_726.pdb,outputs/reps_Brickwork_entanglement/slurm_YYDPETGTWY_amber/replica_726/replica_726_ca.pdb
306,313297073,random,YYDPETGTWY,amber,30.678761535759264,5.827283263241083,20.712684026991845,7.222516584928897,5.508595556037851,4.848916770784997,189.54,aer,4096,outputs/reps_Brickwork_entanglement/slurm_YYDPETGTWY_amber/replica_306/replica_306.pdb,outputs/reps_Brickwork_entanglement/slurm_YYDPETGTWY_amber/replica_306/replica_306_ca.pdb
261,313297028,random,YYDPETGTWY,amber,24.547310333104654,5.8282401923178115,20.37821201148934,7.1258382942132386,5.508595556037851,4.848916770784997,266.39,aer,4096,outputs/reps_Brickwork_entanglement/slurm_YYDPETGTWY_amber/replica_261/replica_261.pdb,outputs/reps_Brickwork_entanglement/slurm_YYDPETGTWY_amber/replica_261/replica_261_ca.pdb
947,313297714,random,YYDPETGTWY,amber,81.78631587414023,5.829633097377404,20.437659170986002,6.690214867117708,5.508595556037851,4.848916770784997,295.65,aer,4096,outputs/reps_Brickwork_entanglement/slurm_YYDPETGTWY_amber/replica_947/replica_947.pdb,outputs/reps_Brickwork_entanglement/slurm_YYDPETGTWY_amber/replica_947/replica_947_ca.pdb
409,313297176,random,YYDPETGTWY,amber,74.13965752403155,5.829955468030175,22.306614868162463,7.163272140657718,5.508595556037851,4.848916770784997,329.95,aer,4096,outputs/reps_Brickwork_entanglement/slurm_YYDPETGTWY_amber/replica_409/replica_409.pdb,outputs/reps_Brickwork_entanglement/slurm_YYDPETGTWY_amber/replica_409/replica_409_ca.pdb
449,313297216,random,YYDPETGTWY,amber,-4.5645655479958,5.830769086716413,20.623577165399073,7.048332201404927,5.508595556037851,4.848916770784997,198.46,aer,4096,outputs/reps_Brickwork_entanglement/slurm_YYDPETGTWY_amber/replica_449/replica_449.pdb,outputs/reps_Brickwork_entanglement/slurm_YYDPETGTWY_amber/replica_449/replica_449_ca.pdb
981,313297748,random,YYDPETGTWY,amber,21.058803386382348,5.837068537250357,21.946046986864303,7.156565931374017,5.508595556037851,4.848916770784997,500.73,aer,4096,outputs/reps_Brickwork_entanglement/slurm_YYDPETGTWY_amber/replica_981/replica_981.pdb,outputs/reps_Brickwork_entanglement/slurm_YYDPETGTWY_amber/replica_981/replica_981_ca.pdb
212,313296979,random,YYDPETGTWY,amber,-47.65061680903545,5.837336094738566,20.63255109576321,6.971629693815187,5.508595556037851,4.848916770784997,219.3,aer,4096,outputs/reps_Brickwork_entanglement/slurm_YYDPETGTWY_amber/replica_212/replica_212.pdb,outputs/reps_Brickwork_entanglement/slurm_YYDPETGTWY_amber/replica_212/replica_212_ca.pdb
570,313297337,random,YYDPETGTWY,amber,-24.626210690287753,5.837351367645474,20.79031412782018,6.884578101423059,5.508595556037851,4.848916770784997,235.73,aer,4096,outputs/reps_Brickwork_entanglement/slurm_YYDPETGTWY_amber/replica_570/replica_570.pdb,outputs/reps_Brickwork_entanglement/slurm_YYDPETGTWY_amber/replica_570/replica_570_ca.pdb
69,313296836,random,YYDPETGTWY,amber,-3.194180253485743,5.839282015212114,22.410423760745026,7.510822402699607,5.508595556037851,4.848916770784997,240.29,aer,4096,outputs/reps_Brickwork_entanglement/slurm_YYDPETGTWY_amber/replica_69/replica_69.pdb,outputs/reps_Brickwork_entanglement/slurm_YYDPETGTWY_amber/replica_69/replica_69_ca.pdb
815,313297582,random,YYDPETGTWY,amber,51.629707238838726,5.8415084126092145,20.84244848460133,7.283514326496679,5.508595556037851,4.848916770784997,264.93,aer,4096,outputs/reps_Brickwork_entanglement/slurm_YYDPETGTWY_amber/replica_815/replica_815.pdb,outputs/reps_Brickwork_entanglement/slurm_YYDPETGTWY_amber/replica_815/replica_815_ca.pdb
324,313297091,random,YYDPETGTWY,amber,76.12416599623288,5.845706327365802,19.067330636563007,7.001943373289801,5.508595556037851,4.848916770784997,444.19,aer,4096,outputs/reps_Brickwork_entanglement/slurm_YYDPETGTWY_amber/replica_324/replica_324.pdb,outputs/reps_Brickwork_entanglement/slurm_YYDPETGTWY_amber/replica_324/replica_324_ca.pdb
80,313296847,random,YYDPETGTWY,amber,-58.39440207431459,5.850296797206964,21.511446874375196,7.3516858248872765,5.508595556037851,4.848916770784997,301.84,aer,4096,outputs/reps_Brickwork_entanglement/slurm_YYDPETGTWY_amber/replica_80/replica_80.pdb,outputs/reps_Brickwork_entanglement/slurm_YYDPETGTWY_amber/replica_80/replica_80_ca.pdb
746,313297513,random,YYDPETGTWY,amber,36.890448024983456,5.855716314794216,20.57970178597366,7.185551664846988,5.508595556037851,4.848916770784997,322.58,aer,4096,outputs/reps_Brickwork_entanglement/slurm_YYDPETGTWY_amber/replica_746/replica_746.pdb,outputs/reps_Brickwork_entanglement/slurm_YYDPETGTWY_amber/replica_746/replica_746_ca.pdb
34,313296801,random,YYDPETGTWY,amber,-51.0158544356621,5.8559685247581355,20.343768202998238,7.169164357031847,5.508595556037851,4.848916770784997,276.34,aer,4096,outputs/reps_Brickwork_entanglement/slurm_YYDPETGTWY_amber/replica_34/replica_34.pdb,outputs/reps_Brickwork_entanglement/slurm_YYDPETGTWY_amber/replica_34/replica_34_ca.pdb
655,313297422,random,YYDPETGTWY,amber,52.302963915901515,5.859519375198665,19.56034247023871,7.385115970966175,5.508595556037851,4.848916770784997,286.3,aer,4096,outputs/reps_Brickwork_entanglement/slurm_YYDPETGTWY_amber/replica_655/replica_655.pdb,outputs/reps_Brickwork_entanglement/slurm_YYDPETGTWY_amber/replica_655/replica_655_ca.pdb
662,313297429,random,YYDPETGTWY,amber,18.608269540939585,5.861418463644927,21.99971020981499,7.4588810315714005,5.508595556037851,4.848916770784997,462.43,aer,4096,outputs/reps_Brickwork_entanglement/slurm_YYDPETGTWY_amber/replica_662/replica_662.pdb,outputs/reps_Brickwork_entanglement/slurm_YYDPETGTWY_amber/replica_662/replica_662_ca.pdb
731,313297498,random,YYDPETGTWY,amber,13.89844480285011,5.861944458649685,21.839697881879168,7.18849300956303,5.508595556037851,4.848916770784997,343.01,aer,4096,outputs/reps_Brickwork_entanglement/slurm_YYDPETGTWY_amber/replica_731/replica_731.pdb,outputs/reps_Brickwork_entanglement/slurm_YYDPETGTWY_amber/replica_731/replica_731_ca.pdb
437,313297204,random,YYDPETGTWY,amber,54.44434599011865,5.86857987263821,20.30336056977693,6.690801118050777,5.508595556037851,4.848916770784997,409.16,aer,4096,outputs/reps_Brickwork_entanglement/slurm_YYDPETGTWY_amber/replica_437/replica_437.pdb,outputs/reps_Brickwork_entanglement/slurm_YYDPETGTWY_amber/replica_437/replica_437_ca.pdb
623,313297390,random,YYDPETGTWY,amber,-73.78866665997126,5.8686184620943616,20.856747539173625,6.937223830391242,5.508595556037851,4.848916770784997,235.64,aer,4096,outputs/reps_Brickwork_entanglement/slurm_YYDPETGTWY_amber/replica_623/replica_623.pdb,outputs/reps_Brickwork_entanglement/slurm_YYDPETGTWY_amber/replica_623/replica_623_ca.pdb
915,313297682,random,YYDPETGTWY,amber,495.4282432876566,5.869436658879383,21.451897155873095,7.009722919015906,5.508595556037851,4.848916770784997,203.13,aer,4096,outputs/reps_Brickwork_entanglement/slurm_YYDPETGTWY_amber/replica_915/replica_915.pdb,outputs/reps_Brickwork_entanglement/slurm_YYDPETGTWY_amber/replica_915/replica_915_ca.pdb
502,313297269,random,YYDPETGTWY,amber,213.95615042796754,5.869630564677137,20.81088998072327,7.4691401395768136,5.508595556037851,4.848916770784997,206.29,aer,4096,outputs/reps_Brickwork_entanglement/slurm_YYDPETGTWY_amber/replica_502/replica_502.pdb,outputs/reps_Brickwork_entanglement/slurm_YYDPETGTWY_amber/replica_502/replica_502_ca.pdb
938,313297705,random,YYDPETGTWY,amber,-33.27899525957848,5.870253874775987,19.65472152059907,6.786965767021332,5.508595556037851,4.848916770784997,243.35,aer,4096,outputs/reps_Brickwork_entanglement/slurm_YYDPETGTWY_amber/replica_938/replica_938.pdb,outputs/reps_Brickwork_entanglement/slurm_YYDPETGTWY_amber/replica_938/replica_938_ca.pdb
941,313297708,random,YYDPETGTWY,amber,-54.62636925151313,5.874541237543038,21.47669893931513,7.157025946533203,5.508595556037851,4.848916770784997,308.19,aer,4096,outputs/reps_Brickwork_entanglement/slurm_YYDPETGTWY_amber/replica_941/replica_941.pdb,outputs/reps_Brickwork_entanglement/slurm_YYDPETGTWY_amber/replica_941/replica_941_ca.pdb
901,313297668,random,YYDPETGTWY,amber,-57.668222009834714,5.875863614933252,21.871051568234112,7.435520668217096,5.508595556037851,4.848916770784997,498.14,aer,4096,outputs/reps_Brickwork_entanglement/slurm_YYDPETGTWY_amber/replica_901/replica_901.pdb,outputs/reps_Brickwork_entanglement/slurm_YYDPETGTWY_amber/replica_901/replica_901_ca.pdb
642,313297409,random,YYDPETGTWY,amber,50.96232556625603,5.878633041149727,18.91538352443547,6.7589391354550825,5.508595556037851,4.848916770784997,322.87,aer,4096,outputs/reps_Brickwork_entanglement/slurm_YYDPETGTWY_amber/replica_642/replica_642.pdb,outputs/reps_Brickwork_entanglement/slurm_YYDPETGTWY_amber/replica_642/replica_642_ca.pdb
201,313296968,random,YYDPETGTWY,amber,5.346935506263653,5.879317250000615,22.106693879589837,7.326042734123534,5.508595556037851,4.848916770784997,239.06,aer,4096,outputs/reps_Brickwork_entanglement/slurm_YYDPETGTWY_amber/replica_201/replica_201.pdb,outputs/reps_Brickwork_entanglement/slurm_YYDPETGTWY_amber/replica_201/replica_201_ca.pdb
956,313297723,random,YYDPETGTWY,amber,4.6369927262859285,5.882259360094933,21.34006533466139,7.436658343774542,5.508595556037851,4.848916770784997,213.11,aer,4096,outputs/reps_Brickwork_entanglement/slurm_YYDPETGTWY_amber/replica_956/replica_956.pdb,outputs/reps_Brickwork_entanglement/slurm_YYDPETGTWY_amber/replica_956/replica_956_ca.pdb
821,313297588,random,YYDPETGTWY,amber,-70.08464095323282,5.8826347896951345,21.39791171795137,7.0100637473448355,5.508595556037851,4.848916770784997,247.52,aer,4096,outputs/reps_Brickwork_entanglement/slurm_YYDPETGTWY_amber/replica_821/replica_821.pdb,outputs/reps_Brickwork_entanglement/slurm_YYDPETGTWY_amber/replica_821/replica_821_ca.pdb
553,313297320,random,YYDPETGTWY,amber,26.292162691110523,5.883971795999057,21.777188331326375,7.201856383358649,5.508595556037851,4.848916770784997,347.74,aer,4096,outputs/reps_Brickwork_entanglement/slurm_YYDPETGTWY_amber/replica_553/replica_553.pdb,outputs/reps_Brickwork_entanglement/slurm_YYDPETGTWY_amber/replica_553/replica_553_ca.pdb
412,313297179,random,YYDPETGTWY,amber,-23.13902497056772,5.884959481925436,20.914388126773122,7.249422196804538,5.508595556037851,4.848916770784997,400.24,aer,4096,outputs/reps_Brickwork_entanglement/slurm_YYDPETGTWY_amber/replica_412/replica_412.pdb,outputs/reps_Brickwork_entanglement/slurm_YYDPETGTWY_amber/replica_412/replica_412_ca.pdb
392,313297159,random,YYDPETGTWY,amber,-12.215164216969706,5.885147067562396,20.666052462782524,7.185843880216348,5.508595556037851,4.848916770784997,338.36,aer,4096,outputs/reps_Brickwork_entanglement/slurm_YYDPETGTWY_amber/replica_392/replica_392.pdb,outputs/reps_Brickwork_entanglement/slurm_YYDPETGTWY_amber/replica_392/replica_392_ca.pdb
343,313297110,random,YYDPETGTWY,amber,18.890767875377577,5.88676733485103,20.460151891746104,7.407936668795466,5.508595556037851,4.848916770784997,205.2,aer,4096,outputs/reps_Brickwork_entanglement/slurm_YYDPETGTWY_amber/replica_343/replica_343.pdb,outputs/reps_Brickwork_entanglement/slurm_YYDPETGTWY_amber/replica_343/replica_343_ca.pdb
638,313297405,random,YYDPETGTWY,amber,-48.18910281662706,5.888993288799819,21.95221423231299,7.137983498660447,5.508595556037851,4.848916770784997,494.4,aer,4096,outputs/reps_Brickwork_entanglement/slurm_YYDPETGTWY_amber/replica_638/replica_638.pdb,outputs/reps_Brickwork_entanglement/slurm_YYDPETGTWY_amber/replica_638/replica_638_ca.pdb
955,313297722,random,YYDPETGTWY,amber,110.2658492181322,5.8895397119353525,22.03723133933287,7.570815374200254,5.508595556037851,4.848916770784997,422.71,aer,4096,outputs/reps_Brickwork_entanglement/slurm_YYDPETGTWY_amber/replica_955/replica_955.pdb,outputs/reps_Brickwork_entanglement/slurm_YYDPETGTWY_amber/replica_955/replica_955_ca.pdb
183,313296950,random,YYDPETGTWY,amber,27.434051291064097,5.889716952886554,19.86374837547679,6.849680749910842,5.508595556037851,4.848916770784997,198.07,aer,4096,outputs/reps_Brickwork_entanglement/slurm_YYDPETGTWY_amber/replica_183/replica_183.pdb,outputs/reps_Brickwork_entanglement/slurm_YYDPETGTWY_amber/replica_183/replica_183_ca.pdb
147,313296914,random,YYDPETGTWY,amber,-35.91076887477289,5.8962917373729,21.249906434902574,7.051471409571888,5.508595556037851,4.848916770784997,199.88,aer,4096,outputs/reps_Brickwork_entanglement/slurm_YYDPETGTWY_amber/replica_147/replica_147.pdb,outputs/reps_Brickwork_entanglement/slurm_YYDPETGTWY_amber/replica_147/replica_147_ca.pdb
350,313297117,random,YYDPETGTWY,amber,-25.353829769106504,5.899804456892701,21.4247068242058,7.303808874830992,5.508595556037851,4.848916770784997,200.42,aer,4096,outputs/reps_Brickwork_entanglement/slurm_YYDPETGTWY_amber/replica_350/replica_350.pdb,outputs/reps_Brickwork_entanglement/slurm_YYDPETGTWY_amber/replica_350/replica_350_ca.pdb
995,313297762,random,YYDPETGTWY,amber,-19.137749347872468,5.901597557552503,21.192082974221876,7.146868498459033,5.508595556037851,4.848916770784997,205.16,aer,4096,outputs/reps_Brickwork_entanglement/slurm_YYDPETGTWY_amber/replica_995/replica_995.pdb,outputs/reps_Brickwork_entanglement/slurm_YYDPETGTWY_amber/replica_995/replica_995_ca.pdb
677,313297444,random,YYDPETGTWY,amber,-2.6167327666611433,5.903505006822673,22.09897775998144,7.360117253219012,5.508595556037851,4.848916770784997,216.84,aer,4096,outputs/reps_Brickwork_entanglement/slurm_YYDPETGTWY_amber/replica_677/replica_677.pdb,outputs/reps_Brickwork_entanglement/slurm_YYDPETGTWY_amber/replica_677/replica_677_ca.pdb
534,313297301,random,YYDPETGTWY,amber,75.22900159460218,5.905314081926217,21.652332702161743,7.288136649231729,5.508595556037851,4.848916770784997,237.78,aer,4096,outputs/reps_Brickwork_entanglement/slurm_YYDPETGTWY_amber/replica_534/replica_534.pdb,outputs/reps_Brickwork_entanglement/slurm_YYDPETGTWY_amber/replica_534/replica_534_ca.pdb
433,313297200,random,YYDPETGTWY,amber,-0.8754201770634564,5.90862176220822,21.80634960369418,7.2150562513951675,5.508595556037851,4.848916770784997,284.89,aer,4096,outputs/reps_Brickwork_entanglement/slurm_YYDPETGTWY_amber/replica_433/replica_433.pdb,outputs/reps_Brickwork_entanglement/slurm_YYDPETGTWY_amber/replica_433/replica_433_ca.pdb
850,313297617,random,YYDPETGTWY,amber,32.56325275580154,5.908850788590234,21.905687623971644,7.292307152196038,5.508595556037851,4.848916770784997,259.53,aer,4096,outputs/reps_Brickwork_entanglement/slurm_YYDPETGTWY_amber/replica_850/replica_850.pdb,outputs/reps_Brickwork_entanglement/slurm_YYDPETGTWY_amber/replica_850/replica_850_ca.pdb
741,313297508,random,YYDPETGTWY,amber,-87.15025278712504,5.910071619655598,22.883288040562853,7.532232406361532,5.508595556037851,4.848916770784997,542.36,aer,4096,outputs/reps_Brickwork_entanglement/slurm_YYDPETGTWY_amber/replica_741/replica_741.pdb,outputs/reps_Brickwork_entanglement/slurm_YYDPETGTWY_amber/replica_741/replica_741_ca.pdb
277,313297044,random,YYDPETGTWY,amber,89.22556330074924,5.916553677536083,20.133313302682293,7.538817551951835,5.508595556037851,4.848916770784997,313.67,aer,4096,outputs/reps_Brickwork_entanglement/slurm_YYDPETGTWY_amber/replica_277/replica_277.pdb,outputs/reps_Brickwork_entanglement/slurm_YYDPETGTWY_amber/replica_277/replica_277_ca.pdb
747,313297514,random,YYDPETGTWY,amber,407.3985177643429,5.917282718855059,20.62146146293935,7.175097368751512,5.508595556037851,4.848916770784997,191.05,aer,4096,outputs/reps_Brickwork_entanglement/slurm_YYDPETGTWY_amber/replica_747/replica_747.pdb,outputs/reps_Brickwork_entanglement/slurm_YYDPETGTWY_amber/replica_747/replica_747_ca.pdb
351,313297118,random,YYDPETGTWY,amber,9.155207442074792,5.919603256073288,22.079624895249616,7.13683390844062,5.508595556037851,4.848916770784997,245.04,aer,4096,outputs/reps_Brickwork_entanglement/slurm_YYDPETGTWY_amber/replica_351/replica_351.pdb,outputs/reps_Brickwork_entanglement/slurm_YYDPETGTWY_amber/replica_351/replica_351_ca.pdb
160,313296927,random,YYDPETGTWY,amber,42.50374244645423,5.919825894013529,21.83285727666115,7.387466162316528,5.508595556037851,4.848916770784997,434.68,aer,4096,outputs/reps_Brickwork_entanglement/slurm_YYDPETGTWY_amber/replica_160/replica_160.pdb,outputs/reps_Brickwork_entanglement/slurm_YYDPETGTWY_amber/replica_160/replica_160_ca.pdb
965,313297732,random,YYDPETGTWY,amber,659.083232746675,5.921542942969303,22.167343422772014,7.53863564579822,5.508595556037851,4.848916770784997,176.46,aer,4096,outputs/reps_Brickwork_entanglement/slurm_YYDPETGTWY_amber/replica_965/replica_965.pdb,outputs/reps_Brickwork_entanglement/slurm_YYDPETGTWY_amber/replica_965/replica_965_ca.pdb
898,313297665,random,YYDPETGTWY,amber,-18.29755229255446,5.922519243303741,22.319553650029633,7.182621148518419,5.508595556037851,4.848916770784997,411.24,aer,4096,outputs/reps_Brickwork_entanglement/slurm_YYDPETGTWY_amber/replica_898/replica_898.pdb,outputs/reps_Brickwork_entanglement/slurm_YYDPETGTWY_amber/replica_898/replica_898_ca.pdb
143,313296910,random,YYDPETGTWY,amber,-36.55712989322394,5.9238076723770305,21.75388500517206,7.072814672828733,5.508595556037851,4.848916770784997,297.51,aer,4096,outputs/reps_Brickwork_entanglement/slurm_YYDPETGTWY_amber/replica_143/replica_143.pdb,outputs/reps_Brickwork_entanglement/slurm_YYDPETGTWY_amber/replica_143/replica_143_ca.pdb
372,313297139,random,YYDPETGTWY,amber,18.956836510596524,5.9261840484807085,19.960420196480428,6.803726206547256,5.508595556037851,4.848916770784997,221.03,aer,4096,outputs/reps_Brickwork_entanglement/slurm_YYDPETGTWY_amber/replica_372/replica_372.pdb,outputs/reps_Brickwork_entanglement/slurm_YYDPETGTWY_amber/replica_372/replica_372_ca.pdb
933,313297700,random,YYDPETGTWY,amber,8.454411670002504,5.927540574524457,20.497761202862748,7.283460411909308,5.508595556037851,4.848916770784997,282.31,aer,4096,outputs/reps_Brickwork_entanglement/slurm_YYDPETGTWY_amber/replica_933/replica_933.pdb,outputs/reps_Brickwork_entanglement/slurm_YYDPETGTWY_amber/replica_933/replica_933_ca.pdb
194,313296961,random,YYDPETGTWY,amber,34.58060205057692,5.9292101529267205,19.780725291159825,7.503394045247552,5.508595556037851,4.848916770784997,204.89,aer,4096,outputs/reps_Brickwork_entanglement/slurm_YYDPETGTWY_amber/replica_194/replica_194.pdb,outputs/reps_Brickwork_entanglement/slurm_YYDPETGTWY_amber/replica_194/replica_194_ca.pdb
423,313297190,random,YYDPETGTWY,amber,-44.30020449010919,5.929951492112722,22.273891538566254,7.138994468118094,5.508595556037851,4.848916770784997,356.92,aer,4096,outputs/reps_Brickwork_entanglement/slurm_YYDPETGTWY_amber/replica_423/replica_423.pdb,outputs/reps_Brickwork_entanglement/slurm_YYDPETGTWY_amber/replica_423/replica_423_ca.pdb
671,313297438,random,YYDPETGTWY,amber,17.16079121137532,5.930848800289047,21.615733191924285,7.1825317445913575,5.508595556037851,4.848916770784997,216.28,aer,4096,outputs/reps_Brickwork_entanglement/slurm_YYDPETGTWY_amber/replica_671/replica_671.pdb,outputs/reps_Brickwork_entanglement/slurm_YYDPETGTWY_amber/replica_671/replica_671_ca.pdb
628,313297395,random,YYDPETGTWY,amber,-16.513361967192274,5.930888250204156,20.92400312187968,7.3018408849564125,5.508595556037851,4.848916770784997,249.44,aer,4096,outputs/reps_Brickwork_entanglement/slurm_YYDPETGTWY_amber/replica_628/replica_628.pdb,outputs/reps_Brickwork_entanglement/slurm_YYDPETGTWY_amber/replica_628/replica_628_ca.pdb
368,313297135,random,YYDPETGTWY,amber,0.1429988128902122,5.933634661972859,22.39460390184248,7.582227632546301,5.508595556037851,4.848916770784997,409.05,aer,4096,outputs/reps_Brickwork_entanglement/slurm_YYDPETGTWY_amber/replica_368/replica_368.pdb,outputs/reps_Brickwork_entanglement/slurm_YYDPETGTWY_amber/replica_368/replica_368_ca.pdb
643,313297410,random,YYDPETGTWY,amber,61.099629348578205,5.939209359079917,18.74813273622619,7.12077696984287,5.508595556037851,4.848916770784997,416.51,aer,4096,outputs/reps_Brickwork_entanglement/slurm_YYDPETGTWY_amber/replica_643/replica_643.pdb,outputs/reps_Brickwork_entanglement/slurm_YYDPETGTWY_amber/replica_643/replica_643_ca.pdb
421,313297188,random,YYDPETGTWY,amber,-9.996384268724693,5.940682620862011,22.568297436770827,7.3300805381739425,5.508595556037851,4.848916770784997,174.56,aer,4096,outputs/reps_Brickwork_entanglement/slurm_YYDPETGTWY_amber/replica_421/replica_421.pdb,outputs/reps_Brickwork_entanglement/slurm_YYDPETGTWY_amber/replica_421/replica_421_ca.pdb
844,313297611,random,YYDPETGTWY,amber,-42.538961294765265,5.942610676026536,23.043814679433602,7.3697868317711634,5.508595556037851,4.848916770784997,200.0,aer,4096,outputs/reps_Brickwork_entanglement/slurm_YYDPETGTWY_amber/replica_844/replica_844.pdb,outputs/reps_Brickwork_entanglement/slurm_YYDPETGTWY_amber/replica_844/replica_844_ca.pdb
549,313297316,random,YYDPETGTWY,amber,10.637945876337795,5.9460769287297985,21.85805653351892,7.427617587121701,5.508595556037851,4.848916770784997,212.97,aer,4096,outputs/reps_Brickwork_entanglement/slurm_YYDPETGTWY_amber/replica_549/replica_549.pdb,outputs/reps_Brickwork_entanglement/slurm_YYDPETGTWY_amber/replica_549/replica_549_ca.pdb
839,313297606,random,YYDPETGTWY,amber,46.17928493966081,5.946506333346465,21.547788149605097,7.276065283423557,5.508595556037851,4.848916770784997,425.53,aer,4096,outputs/reps_Brickwork_entanglement/slurm_YYDPETGTWY_amber/replica_839/replica_839.pdb,outputs/reps_Brickwork_entanglement/slurm_YYDPETGTWY_amber/replica_839/replica_839_ca.pdb
925,313297692,random,YYDPETGTWY,amber,-81.50375428922518,5.9473369877805515,21.715785243288867,7.368383094027186,5.508595556037851,4.848916770784997,375.34,aer,4096,outputs/reps_Brickwork_entanglement/slurm_YYDPETGTWY_amber/replica_925/replica_925.pdb,outputs/reps_Brickwork_entanglement/slurm_YYDPETGTWY_amber/replica_925/replica_925_ca.pdb
296,313297063,random,YYDPETGTWY,amber,19.65899780624487,5.947774010347389,21.362933759040118,7.133486449084539,5.508595556037851,4.848916770784997,193.9,aer,4096,outputs/reps_Brickwork_entanglement/slurm_YYDPETGTWY_amber/replica_296/replica_296.pdb,outputs/reps_Brickwork_entanglement/slurm_YYDPETGTWY_amber/replica_296/replica_296_ca.pdb
708,313297475,random,YYDPETGTWY,amber,14.349865783541983,5.949300817963866,20.460188024641436,6.960297045898246,5.508595556037851,4.848916770784997,175.21,aer,4096,outputs/reps_Brickwork_entanglement/slurm_YYDPETGTWY_amber/replica_708/replica_708.pdb,outputs/reps_Brickwork_entanglement/slurm_YYDPETGTWY_amber/replica_708/replica_708_ca.pdb
539,313297306,random,YYDPETGTWY,amber,-22.826700175108837,5.9506171764081355,19.895009128046063,6.919455382601884,5.508595556037851,4.848916770784997,314.82,aer,4096,outputs/reps_Brickwork_entanglement/slurm_YYDPETGTWY_amber/replica_539/replica_539.pdb,outputs/reps_Brickwork_entanglement/slurm_YYDPETGTWY_amber/replica_539/replica_539_ca.pdb
29,313296796,random,YYDPETGTWY,amber,29.109060371078716,5.951414428149222,21.43366652364179,7.115504197626723,5.508595556037851,4.848916770784997,293.31,aer,4096,outputs/reps_Brickwork_entanglement/slurm_YYDPETGTWY_amber/replica_29/replica_29.pdb,outputs/reps_Brickwork_entanglement/slurm_YYDPETGTWY_amber/replica_29/replica_29_ca.pdb
818,313297585,random,YYDPETGTWY,amber,49.245446883898104,5.9547782591708085,20.585761517920957,7.214935438066176,5.508595556037851,4.848916770784997,425.51,aer,4096,outputs/reps_Brickwork_entanglement/slurm_YYDPETGTWY_amber/replica_818/replica_818.pdb,outputs/reps_Brickwork_entanglement/slurm_YYDPETGTWY_amber/replica_818/replica_818_ca.pdb
1,313296768,random,YYDPETGTWY,amber,30.630821964895606,5.961435818059471,19.372967623146284,7.2681350809715894,5.508595556037851,4.848916770784997,336.78,aer,4096,outputs/reps_Brickwork_entanglement/slurm_YYDPETGTWY_amber/replica_1/replica_1.pdb,outputs/reps_Brickwork_entanglement/slurm_YYDPETGTWY_amber/replica_1/replica_1_ca.pdb
180,313296947,random,YYDPETGTWY,amber,-47.81883188685526,5.963333191334633,23.06928749277246,7.827633518769673,5.508595556037851,4.848916770784997,248.89,aer,4096,outputs/reps_Brickwork_entanglement/slurm_YYDPETGTWY_amber/replica_180/replica_180.pdb,outputs/reps_Brickwork_entanglement/slurm_YYDPETGTWY_amber/replica_180/replica_180_ca.pdb
897,313297664,random,YYDPETGTWY,amber,83.93670006250431,5.968057799776834,21.36650012100178,7.303024157499267,5.508595556037851,4.848916770784997,395.97,aer,4096,outputs/reps_Brickwork_entanglement/slurm_YYDPETGTWY_amber/replica_897/replica_897.pdb,outputs/reps_Brickwork_entanglement/slurm_YYDPETGTWY_amber/replica_897/replica_897_ca.pdb
910,313297677,random,YYDPETGTWY,amber,72.09223836274711,5.969773945890926,19.390524844473,7.072695266819736,5.508595556037851,4.848916770784997,299.6,aer,4096,outputs/reps_Brickwork_entanglement/slurm_YYDPETGTWY_amber/replica_910/replica_910.pdb,outputs/reps_Brickwork_entanglement/slurm_YYDPETGTWY_amber/replica_910/replica_910_ca.pdb
963,313297730,random,YYDPETGTWY,amber,-19.312364146412655,5.974362891876862,20.38755858043601,7.158835458017044,5.508595556037851,4.848916770784997,251.05,aer,4096,outputs/reps_Brickwork_entanglement/slurm_YYDPETGTWY_amber/replica_963/replica_963.pdb,outputs/reps_Brickwork_entanglement/slurm_YYDPETGTWY_amber/replica_963/replica_963_ca.pdb
566,313297333,random,YYDPETGTWY,amber,-58.325350210087166,5.976260244168291,20.73045437835304,7.269770647092522,5.508595556037851,4.848916770784997,284.67,aer,4096,outputs/reps_Brickwork_entanglement/slurm_YYDPETGTWY_amber/replica_566/replica_566.pdb,outputs/reps_Brickwork_entanglement/slurm_YYDPETGTWY_amber/replica_566/replica_566_ca.pdb
768,313297535,random,YYDPETGTWY,amber,98.71086678778452,5.981757289001551,21.72680992157991,7.298883990851669,5.508595556037851,4.848916770784997,349.43,aer,4096,outputs/reps_Brickwork_entanglement/slurm_YYDPETGTWY_amber/replica_768/replica_768.pdb,outputs/reps_Brickwork_entanglement/slurm_YYDPETGTWY_amber/replica_768/replica_768_ca.pdb
53,313296820,random,YYDPETGTWY,amber,-27.240234400710836,5.984942421656573,21.034297261166003,7.19401535170907,5.508595556037851,4.848916770784997,304.36,aer,4096,outputs/reps_Brickwork_entanglement/slurm_YYDPETGTWY_amber/replica_53/replica_53.pdb,outputs/reps_Brickwork_entanglement/slurm_YYDPETGTWY_amber/replica_53/replica_53_ca.pdb
394,313297161,random,YYDPETGTWY,amber,-10.496739677326547,5.987694613885203,22.818162005445068,7.444899629315071,5.508595556037851,4.848916770784997,411.83,aer,4096,outputs/reps_Brickwork_entanglement/slurm_YYDPETGTWY_amber/replica_394/replica_394.pdb,outputs/reps_Brickwork_entanglement/slurm_YYDPETGTWY_amber/replica_394/replica_394_ca.pdb
721,313297488,random,YYDPETGTWY,amber,-44.11391753809127,5.989088972696098,20.390616015812586,6.82849709365145,5.508595556037851,4.848916770784997,273.17,aer,4096,outputs/reps_Brickwork_entanglement/slurm_YYDPETGTWY_amber/replica_721/replica_721.pdb,outputs/reps_Brickwork_entanglement/slurm_YYDPETGTWY_amber/replica_721/replica_721_ca.pdb
388,313297155,random,YYDPETGTWY,amber,5.442818691289654,5.989401124696247,20.054602306735866,7.018346638814305,5.508595556037851,4.848916770784997,284.01,aer,4096,outputs/reps_Brickwork_entanglement/slurm_YYDPETGTWY_amber/replica_388/replica_388.pdb,outputs/reps_Brickwork_entanglement/slurm_YYDPETGTWY_amber/replica_388/replica_388_ca.pdb
19,313296786,random,YYDPETGTWY,amber,-28.953253319611537,5.989806521894027,23.044611348405024,7.645937704332744,5.508595556037851,4.848916770784997,263.62,aer,4096,outputs/reps_Brickwork_entanglement/slurm_YYDPETGTWY_amber/replica_19/replica_19.pdb,outputs/reps_Brickwork_entanglement/slurm_YYDPETGTWY_amber/replica_19/replica_19_ca.pdb
430,313297197,random,YYDPETGTWY,amber,63.696196535279505,5.993026382211395,21.051855449187702,7.266209844748868,5.508595556037851,4.848916770784997,245.41,aer,4096,outputs/reps_Brickwork_entanglement/slurm_YYDPETGTWY_amber/replica_430/replica_430.pdb,outputs/reps_Brickwork_entanglement/slurm_YYDPETGTWY_amber/replica_430/replica_430_ca.pdb
694,313297461,random,YYDPETGTWY,amber,19.915888583498333,5.995329781123387,21.509327803228448,7.195275760943309,5.508595556037851,4.848916770784997,299.35,aer,4096,outputs/reps_Brickwork_entanglement/slurm_YYDPETGTWY_amber/replica_694/replica_694.pdb,outputs/reps_Brickwork_entanglement/slurm_YYDPETGTWY_amber/replica_694/replica_694_ca.pdb
891,313297658,random,YYDPETGTWY,amber,-2.49226217745768,6.000977445608358,22.018913731066796,7.2577813876009705,5.508595556037851,4.848916770784997,252.92,aer,4096,outputs/reps_Brickwork_entanglement/slurm_YYDPETGTWY_amber/replica_891/replica_891.pdb,outputs/reps_Brickwork_entanglement/slurm_YYDPETGTWY_amber/replica_891/replica_891_ca.pdb
544,313297311,random,YYDPETGTWY,amber,-62.86199339182784,6.001853714360197,21.317379994813493,6.913460441446782,5.508595556037851,4.848916770784997,259.52,aer,4096,outputs/reps_Brickwork_entanglement/slurm_YYDPETGTWY_amber/replica_544/replica_544.pdb,outputs/reps_Brickwork_entanglement/slurm_YYDPETGTWY_amber/replica_544/replica_544_ca.pdb
715,313297482,random,YYDPETGTWY,amber,82.62772568484837,6.003466999604787,21.26210305487578,7.115305747892977,5.508595556037851,4.848916770784997,278.75,aer,4096,outputs/reps_Brickwork_entanglement/slurm_YYDPETGTWY_amber/replica_715/replica_715.pdb,outputs/reps_Brickwork_entanglement/slurm_YYDPETGTWY_amber/replica_715/replica_715_ca.pdb
958,313297725,random,YYDPETGTWY,amber,-1.90872315648215,6.003555363013728,22.02354518599617,7.370271451031059,5.508595556037851,4.848916770784997,229.08,aer,4096,outputs/reps_Brickwork_entanglement/slurm_YYDPETGTWY_amber/replica_958/replica_958.pdb,outputs/reps_Brickwork_entanglement/slurm_YYDPETGTWY_amber/replica_958/replica_958_ca.pdb
946,313297713,random,YYDPETGTWY,amber,107.75921600905978,6.004364089387222,21.913622118482174,7.197449625634371,5.508595556037851,4.848916770784997,231.1,aer,4096,outputs/reps_Brickwork_entanglement/slurm_YYDPETGTWY_amber/replica_946/replica_946.pdb,outputs/reps_Brickwork_entanglement/slurm_YYDPETGTWY_amber/replica_946/replica_946_ca.pdb
436,313297203,random,YYDPETGTWY,amber,16.50011122640774,6.007940132145446,21.87606268188518,7.389962430833919,5.508595556037851,4.848916770784997,330.85,aer,4096,outputs/reps_Brickwork_entanglement/slurm_YYDPETGTWY_amber/replica_436/replica_436.pdb,outputs/reps_Brickwork_entanglement/slurm_YYDPETGTWY_amber/replica_436/replica_436_ca.pdb
754,313297521,random,YYDPETGTWY,amber,-26.796291599857174,6.012058239324535,21.399136609970537,7.5978800932661,5.508595556037851,4.848916770784997,298.69,aer,4096,outputs/reps_Brickwork_entanglement/slurm_YYDPETGTWY_amber/replica_754/replica_754.pdb,outputs/reps_Brickwork_entanglement/slurm_YYDPETGTWY_amber/replica_754/replica_754_ca.pdb
828,313297595,random,YYDPETGTWY,amber,170.95834020952418,6.014013087286188,21.885749776917052,7.145458683571504,5.508595556037851,4.848916770784997,209.16,aer,4096,outputs/reps_Brickwork_entanglement/slurm_YYDPETGTWY_amber/replica_828/replica_828.pdb,outputs/reps_Brickwork_entanglement/slurm_YYDPETGTWY_amber/replica_828/replica_828_ca.pdb
579,313297346,random,YYDPETGTWY,amber,-3.79802878406568,6.015325797288881,22.81842478055929,7.2520037396170505,5.508595556037851,4.848916770784997,274.18,aer,4096,outputs/reps_Brickwork_entanglement/slurm_YYDPETGTWY_amber/replica_579/replica_579.pdb,outputs/reps_Brickwork_entanglement/slurm_YYDPETGTWY_amber/replica_579/replica_579_ca.pdb
272,313297039,random,YYDPETGTWY,amber,-19.845673147425536,6.015672816799403,22.124674676214635,7.589486049282426,5.508595556037851,4.848916770784997,222.09,aer,4096,outputs/reps_Brickwork_entanglement/slurm_YYDPETGTWY_amber/replica_272/replica_272.pdb,outputs/reps_Brickwork_entanglement/slurm_YYDPETGTWY_amber/replica_272/replica_272_ca.pdb
226,313296993,random,YYDPETGTWY,amber,-7.256827425022012,6.016438323293697,20.234408765222085,6.82672110751283,5.508595556037851,4.848916770784997,339.34,aer,4096,outputs/reps_Brickwork_entanglement/slurm_YYDPETGTWY_amber/replica_226/replica_226.pdb,outputs/reps_Brickwork_entanglement/slurm_YYDPETGTWY_amber/replica_226/replica_226_ca.pdb
427,313297194,random,YYDPETGTWY,amber,-32.75721873615487,6.018684781407141,22.070179533064078,7.502258299095487,5.508595556037851,4.848916770784997,363.79,aer,4096,outputs/reps_Brickwork_entanglement/slurm_YYDPETGTWY_amber/replica_427/replica_427.pdb,outputs/reps_Brickwork_entanglement/slurm_YYDPETGTWY_amber/replica_427/replica_427_ca.pdb
245,313297012,random,YYDPETGTWY,amber,9.748020708719581,6.01881814546573,19.390005859254593,6.72288621256679,5.508595556037851,4.848916770784997,348.98,aer,4096,outputs/reps_Brickwork_entanglement/slurm_YYDPETGTWY_amber/replica_245/replica_245.pdb,outputs/reps_Brickwork_entanglement/slurm_YYDPETGTWY_amber/replica_245/replica_245_ca.pdb
308,313297075,random,YYDPETGTWY,amber,-26.904305714207062,6.021876791561094,21.348808956802817,7.226382502851168,5.508595556037851,4.848916770784997,366.6,aer,4096,outputs/reps_Brickwork_entanglement/slurm_YYDPETGTWY_amber/replica_308/replica_308.pdb,outputs/reps_Brickwork_entanglement/slurm_YYDPETGTWY_amber/replica_308/replica_308_ca.pdb
569,313297336,random,YYDPETGTWY,amber,-62.315623497045735,6.028487460705137,21.207135204901476,7.533325088223497,5.508595556037851,4.848916770784997,226.4,aer,4096,outputs/reps_Brickwork_entanglement/slurm_YYDPETGTWY_amber/replica_569/replica_569.pdb,outputs/reps_Brickwork_entanglement/slurm_YYDPETGTWY_amber/replica_569/replica_569_ca.pdb
8,313296775,random,YYDPETGTWY,amber,97.81047095145394,6.031403120676997,20.23966471938392,7.099108470473299,5.508595556037851,4.848916770784997,281.17,aer,4096,outputs/reps_Brickwork_entanglement/slurm_YYDPETGTWY_amber/replica_8/replica_8.pdb,outputs/reps_Brickwork_entanglement/slurm_YYDPETGTWY_amber/replica_8/replica_8_ca.pdb
875,313297642,random,YYDPETGTWY,amber,61.54732590591186,6.031682932829844,21.577566468103267,6.973401173130517,5.508595556037851,4.848916770784997,401.87,aer,4096,outputs/reps_Brickwork_entanglement/slurm_YYDPETGTWY_amber/replica_875/replica_875.pdb,outputs/reps_Brickwork_entanglement/slurm_YYDPETGTWY_amber/replica_875/replica_875_ca.pdb
6,313296773,random,YYDPETGTWY,amber,27.8827286039528,6.037067689745684,20.14424214265083,6.925776417765247,5.508595556037851,4.848916770784997,330.59,aer,4096,outputs/reps_Brickwork_entanglement/slurm_YYDPETGTWY_amber/replica_6/replica_6.pdb,outputs/reps_Brickwork_entanglement/slurm_YYDPETGTWY_amber/replica_6/replica_6_ca.pdb
317,313297084,random,YYDPETGTWY,amber,24.81468880585468,6.038911566106774,21.95810001213852,7.530566910895997,5.508595556037851,4.848916770784997,253.94,aer,4096,outputs/reps_Brickwork_entanglement/slurm_YYDPETGTWY_amber/replica_317/replica_317.pdb,outputs/reps_Brickwork_entanglement/slurm_YYDPETGTWY_amber/replica_317/replica_317_ca.pdb
297,313297064,random,YYDPETGTWY,amber,107.411017091806,6.0399678841133015,22.804188823247625,7.508212519074488,5.508595556037851,4.848916770784997,425.27,aer,4096,outputs/reps_Brickwork_entanglement/slurm_YYDPETGTWY_amber/replica_297/replica_297.pdb,outputs/reps_Brickwork_entanglement/slurm_YYDPETGTWY_amber/replica_297/replica_297_ca.pdb
463,313297230,random,YYDPETGTWY,amber,17.180209088079962,6.040855715105936,20.576442584274,6.931434053801829,5.508595556037851,4.848916770784997,420.35,aer,4096,outputs/reps_Brickwork_entanglement/slurm_YYDPETGTWY_amber/replica_463/replica_463.pdb,outputs/reps_Brickwork_entanglement/slurm_YYDPETGTWY_amber/replica_463/replica_463_ca.pdb
608,313297375,random,YYDPETGTWY,amber,77.26801840371128,6.0411814368481895,22.294557066106574,7.330418192224291,5.508595556037851,4.848916770784997,413.32,aer,4096,outputs/reps_Brickwork_entanglement/slurm_YYDPETGTWY_amber/replica_608/replica_608.pdb,outputs/reps_Brickwork_entanglement/slurm_YYDPETGTWY_amber/replica_608/replica_608_ca.pdb
146,313296913,random,YYDPETGTWY,amber,158.40323728972135,6.043138260027443,20.985684545354953,7.028202040426393,5.508595556037851,4.848916770784997,352.17,aer,4096,outputs/reps_Brickwork_entanglement/slurm_YYDPETGTWY_amber/replica_146/replica_146.pdb,outputs/reps_Brickwork_entanglement/slurm_YYDPETGTWY_amber/replica_146/replica_146_ca.pdb
935,313297702,random,YYDPETGTWY,amber,47.68157989995895,6.044238102522362,22.522777878029636,7.450282270607168,5.508595556037851,4.848916770784997,352.15,aer,4096,outputs/reps_Brickwork_entanglement/slurm_YYDPETGTWY_amber/replica_935/replica_935.pdb,outputs/reps_Brickwork_entanglement/slurm_YYDPETGTWY_amber/replica_935/replica_935_ca.pdb
991,313297758,random,YYDPETGTWY,amber,-27.361014993130127,6.044658079726534,21.586847424848752,7.052691484802568,5.508595556037851,4.848916770784997,211.56,aer,4096,outputs/reps_Brickwork_entanglement/slurm_YYDPETGTWY_amber/replica_991/replica_991.pdb,outputs/reps_Brickwork_entanglement/slurm_YYDPETGTWY_amber/replica_991/replica_991_ca.pdb
407,313297174,random,YYDPETGTWY,amber,51.41904135640668,6.044703831290012,21.083024902282073,7.4862944451094595,5.508595556037851,4.848916770784997,314.1,aer,4096,outputs/reps_Brickwork_entanglement/slurm_YYDPETGTWY_amber/replica_407/replica_407.pdb,outputs/reps_Brickwork_entanglement/slurm_YYDPETGTWY_amber/replica_407/replica_407_ca.pdb
322,313297089,random,YYDPETGTWY,amber,75.31877244551971,6.046913475570591,22.015510133768657,7.2808209317716495,5.508595556037851,4.848916770784997,303.22,aer,4096,outputs/reps_Brickwork_entanglement/slurm_YYDPETGTWY_amber/replica_322/replica_322.pdb,outputs/reps_Brickwork_entanglement/slurm_YYDPETGTWY_amber/replica_322/replica_322_ca.pdb
262,313297029,random,YYDPETGTWY,amber,96.15564334944268,6.047147614858092,19.17760530004976,6.955298707633993,5.508595556037851,4.848916770784997,319.06,aer,4096,outputs/reps_Brickwork_entanglement/slurm_YYDPETGTWY_amber/replica_262/replica_262.pdb,outputs/reps_Brickwork_entanglement/slurm_YYDPETGTWY_amber/replica_262/replica_262_ca.pdb
790,313297557,random,YYDPETGTWY,amber,-10.316097318950803,6.048392759270677,20.95267518639994,6.888646859908031,5.508595556037851,4.848916770784997,251.98,aer,4096,outputs/reps_Brickwork_entanglement/slurm_YYDPETGTWY_amber/replica_790/replica_790.pdb,outputs/reps_Brickwork_entanglement/slurm_YYDPETGTWY_amber/replica_790/replica_790_ca.pdb
488,313297255,random,YYDPETGTWY,amber,-49.83963812427636,6.053993019474429,22.98996588225323,7.797935006057072,5.508595556037851,4.848916770784997,400.88,aer,4096,outputs/reps_Brickwork_entanglement/slurm_YYDPETGTWY_amber/replica_488/replica_488.pdb,outputs/reps_Brickwork_entanglement/slurm_YYDPETGTWY_amber/replica_488/replica_488_ca.pdb
653,313297420,random,YYDPETGTWY,amber,-47.915976172530755,6.0567395176603895,21.006472253011914,7.11186718348117,5.508595556037851,4.848916770784997,231.1,aer,4096,outputs/reps_Brickwork_entanglement/slurm_YYDPETGTWY_amber/replica_653/replica_653.pdb,outputs/reps_Brickwork_entanglement/slurm_YYDPETGTWY_amber/replica_653/replica_653_ca.pdb
117,313296884,random,YYDPETGTWY,amber,133.06659315249408,6.065414305911508,22.11435659905204,7.37546749675396,5.508595556037851,4.848916770784997,320.35,aer,4096,outputs/reps_Brickwork_entanglement/slurm_YYDPETGTWY_amber/replica_117/replica_117.pdb,outputs/reps_Brickwork_entanglement/slurm_YYDPETGTWY_amber/replica_117/replica_117_ca.pdb
622,313297389,random,YYDPETGTWY,amber,-6.751226745806348,6.0683505337113655,22.486263109091997,7.563412754829787,5.508595556037851,4.848916770784997,401.42,aer,4096,outputs/reps_Brickwork_entanglement/slurm_YYDPETGTWY_amber/replica_622/replica_622.pdb,outputs/reps_Brickwork_entanglement/slurm_YYDPETGTWY_amber/replica_622/replica_622_ca.pdb
665,313297432,random,YYDPETGTWY,amber,-18.291960759031586,6.069861121362239,22.717962398672615,7.603468628282767,5.508595556037851,4.848916770784997,158.16,aer,4096,outputs/reps_Brickwork_entanglement/slurm_YYDPETGTWY_amber/replica_665/replica_665.pdb,outputs/reps_Brickwork_entanglement/slurm_YYDPETGTWY_amber/replica_665/replica_665_ca.pdb
278,313297045,random,YYDPETGTWY,amber,-84.31499600227403,6.070416079278581,22.460987002944613,7.334345618895961,5.508595556037851,4.848916770784997,325.56,aer,4096,outputs/reps_Brickwork_entanglement/slurm_YYDPETGTWY_amber/replica_278/replica_278.pdb,outputs/reps_Brickwork_entanglement/slurm_YYDPETGTWY_amber/replica_278/replica_278_ca.pdb
58,313296825,random,YYDPETGTWY,amber,-43.3004760303169,6.0709629107081975,20.5665350187405,7.230286744209866,5.508595556037851,4.848916770784997,273.3,aer,4096,outputs/reps_Brickwork_entanglement/slurm_YYDPETGTWY_amber/replica_58/replica_58.pdb,outputs/reps_Brickwork_entanglement/slurm_YYDPETGTWY_amber/replica_58/replica_58_ca.pdb
170,313296937,random,YYDPETGTWY,amber,-26.32404762222883,6.07102428381021,22.03115591201144,7.7165488984630315,5.508595556037851,4.848916770784997,533.64,aer,4096,outputs/reps_Brickwork_entanglement/slurm_YYDPETGTWY_amber/replica_170/replica_170.pdb,outputs/reps_Brickwork_entanglement/slurm_YYDPETGTWY_amber/replica_170/replica_170_ca.pdb
255,313297022,random,YYDPETGTWY,amber,-7.38283478432442,6.0721703727218905,21.24610127552454,7.082565897516273,5.508595556037851,4.848916770784997,383.3,aer,4096,outputs/reps_Brickwork_entanglement/slurm_YYDPETGTWY_amber/replica_255/replica_255.pdb,outputs/reps_Brickwork_entanglement/slurm_YYDPETGTWY_amber/replica_255/replica_255_ca.pdb
994,313297761,random,YYDPETGTWY,amber,82.77500280383673,6.072440869463967,21.3267289530769,7.498915889208223,5.508595556037851,4.848916770784997,341.91,aer,4096,outputs/reps_Brickwork_entanglement/slurm_YYDPETGTWY_amber/replica_994/replica_994.pdb,outputs/reps_Brickwork_entanglement/slurm_YYDPETGTWY_amber/replica_994/replica_994_ca.pdb
355,313297122,random,YYDPETGTWY,amber,46.799419666508875,6.074642242819016,20.67552446580142,7.373231736020079,5.508595556037851,4.848916770784997,263.03,aer,4096,outputs/reps_Brickwork_entanglement/slurm_YYDPETGTWY_amber/replica_355/replica_355.pdb,outputs/reps_Brickwork_entanglement/slurm_YYDPETGTWY_amber/replica_355/replica_355_ca.pdb
543,313297310,random,YYDPETGTWY,amber,67.7303227770924,6.0813658462628055,22.43290613946226,7.4117909272239855,5.508595556037851,4.848916770784997,321.76,aer,4096,outputs/reps_Brickwork_entanglement/slurm_YYDPETGTWY_amber/replica_543/replica_543.pdb,outputs/reps_Brickwork_entanglement/slurm_YYDPETGTWY_amber/replica_543/replica_543_ca.pdb
971,313297738,random,YYDPETGTWY,amber,20.473258015583923,6.087689461528404,18.844583090692645,6.557230385930416,5.508595556037851,4.848916770784997,225.13,aer,4096,outputs/reps_Brickwork_entanglement/slurm_YYDPETGTWY_amber/replica_971/replica_971.pdb,outputs/reps_Brickwork_entanglement/slurm_YYDPETGTWY_amber/replica_971/replica_971_ca.pdb
684,313297451,random,YYDPETGTWY,amber,-19.152047185300166,6.087864874947715,22.2401979896673,7.227730294131892,5.508595556037851,4.848916770784997,240.4,aer,4096,outputs/reps_Brickwork_entanglement/slurm_YYDPETGTWY_amber/replica_684/replica_684.pdb,outputs/reps_Brickwork_entanglement/slurm_YYDPETGTWY_amber/replica_684/replica_684_ca.pdb
787,313297554,random,YYDPETGTWY,amber,76.26723722099693,6.088061873360674,22.04804410375342,7.487014038508698,5.508595556037851,4.848916770784997,288.91,aer,4096,outputs/reps_Brickwork_entanglement/slurm_YYDPETGTWY_amber/replica_787/replica_787.pdb,outputs/reps_Brickwork_entanglement/slurm_YYDPETGTWY_amber/replica_787/replica_787_ca.pdb
766,313297533,random,YYDPETGTWY,amber,105.60166413173204,6.089761194034952,21.109664083239426,7.148255535852875,5.508595556037851,4.848916770784997,220.8,aer,4096,outputs/reps_Brickwork_entanglement/slurm_YYDPETGTWY_amber/replica_766/replica_766.pdb,outputs/reps_Brickwork_entanglement/slurm_YYDPETGTWY_amber/replica_766/replica_766_ca.pdb
776,313297543,random,YYDPETGTWY,amber,15.517464196527126,6.0902401183453785,22.35848910596857,7.501313740045481,5.508595556037851,4.848916770784997,311.72,aer,4096,outputs/reps_Brickwork_entanglement/slurm_YYDPETGTWY_amber/replica_776/replica_776.pdb,outputs/reps_Brickwork_entanglement/slurm_YYDPETGTWY_amber/replica_776/replica_776_ca.pdb
385,313297152,random,YYDPETGTWY,amber,51.17350728753854,6.092034715086753,21.207644798084427,7.028008133198874,5.508595556037851,4.848916770784997,204.04,aer,4096,outputs/reps_Brickwork_entanglement/slurm_YYDPETGTWY_amber/replica_385/replica_385.pdb,outputs/reps_Brickwork_entanglement/slurm_YYDPETGTWY_amber/replica_385/replica_385_ca.pdb
710,313297477,random,YYDPETGTWY,amber,-63.16761957961436,6.092953030384155,21.70794068535516,7.174412876235627,5.508595556037851,4.848916770784997,267.35,aer,4096,outputs/reps_Brickwork_entanglement/slurm_YYDPETGTWY_amber/replica_710/replica_710.pdb,outputs/reps_Brickwork_entanglement/slurm_YYDPETGTWY_amber/replica_710/replica_710_ca.pdb
693,313297460,random,YYDPETGTWY,amber,102.43225736057147,6.097571770691144,21.80651133667775,7.242395285381939,5.508595556037851,4.848916770784997,264.27,aer,4096,outputs/reps_Brickwork_entanglement/slurm_YYDPETGTWY_amber/replica_693/replica_693.pdb,outputs/reps_Brickwork_entanglement/slurm_YYDPETGTWY_amber/replica_693/replica_693_ca.pdb
107,313296874,random,YYDPETGTWY,amber,0.3787034153032708,6.098624345623731,21.878460208424713,7.201097490468982,5.508595556037851,4.848916770784997,339.32,aer,4096,outputs/reps_Brickwork_entanglement/slurm_YYDPETGTWY_amber/replica_107/replica_107.pdb,outputs/reps_Brickwork_entanglement/slurm_YYDPETGTWY_amber/replica_107/replica_107_ca.pdb
269,313297036,random,YYDPETGTWY,amber,17.784452650476233,6.105090087652256,20.30683183823497,6.821523844765423,5.508595556037851,4.848916770784997,263.85,aer,4096,outputs/reps_Brickwork_entanglement/slurm_YYDPETGTWY_amber/replica_269/replica_269.pdb,outputs/reps_Brickwork_entanglement/slurm_YYDPETGTWY_amber/replica_269/replica_269_ca.pdb
187,313296954,random,YYDPETGTWY,amber,-4.0942779414770305,6.115551060166054,22.412451859838285,7.314523467599336,5.508595556037851,4.848916770784997,247.72,aer,4096,outputs/reps_Brickwork_entanglement/slurm_YYDPETGTWY_amber/replica_187/replica_187.pdb,outputs/reps_Brickwork_entanglement/slurm_YYDPETGTWY_amber/replica_187/replica_187_ca.pdb
137,313296904,random,YYDPETGTWY,amber,-36.429324587280945,6.116412153585069,21.9879474322783,7.3583232906881095,5.508595556037851,4.848916770784997,382.83,aer,4096,outputs/reps_Brickwork_entanglement/slurm_YYDPETGTWY_amber/replica_137/replica_137.pdb,outputs/reps_Brickwork_entanglement/slurm_YYDPETGTWY_amber/replica_137/replica_137_ca.pdb
230,313296997,random,YYDPETGTWY,amber,-44.46898069193166,6.11820554092094,20.97792897377835,7.470939557652672,5.508595556037851,4.848916770784997,199.7,aer,4096,outputs/reps_Brickwork_entanglement/slurm_YYDPETGTWY_amber/replica_230/replica_230.pdb,outputs/reps_Brickwork_entanglement/slurm_YYDPETGTWY_amber/replica_230/replica_230_ca.pdb
121,313296888,random,YYDPETGTWY,amber,36.211991508009724,6.119091966259303,21.840397202084397,7.389415730736641,5.508595556037851,4.848916770784997,341.8,aer,4096,outputs/reps_Brickwork_entanglement/slurm_YYDPETGTWY_amber/replica_121/replica_121.pdb,outputs/reps_Brickwork_entanglement/slurm_YYDPETGTWY_amber/replica_121/replica_121_ca.pdb
656,313297423,random,YYDPETGTWY,amber,65.5604188969356,6.1200449647408535,23.247792241986506,7.709776567227571,5.508595556037851,4.848916770784997,213.05,aer,4096,outputs/reps_Brickwork_entanglement/slurm_YYDPETGTWY_amber/replica_656/replica_656.pdb,outputs/reps_Brickwork_entanglement/slurm_YYDPETGTWY_amber/replica_656/replica_656_ca.pdb
148,313296915,random,YYDPETGTWY,amber,-12.593374283158758,6.120448680408243,22.777283580337397,7.730615588277716,5.508595556037851,4.848916770784997,348.99,aer,4096,outputs/reps_Brickwork_entanglement/slurm_YYDPETGTWY_amber/replica_148/replica_148.pdb,outputs/reps_Brickwork_entanglement/slurm_YYDPETGTWY_amber/replica_148/replica_148_ca.pdb
253,313297020,random,YYDPETGTWY,amber,15.051925014586757,6.121433969317568,23.090325306890286,7.6113568953521415,5.508595556037851,4.848916770784997,403.73,aer,4096,outputs/reps_Brickwork_entanglement/slurm_YYDPETGTWY_amber/replica_253/replica_253.pdb,outputs/reps_Brickwork_entanglement/slurm_YYDPETGTWY_amber/replica_253/replica_253_ca.pdb
457,313297224,random,YYDPETGTWY,amber,-41.13561388287022,6.122292928506006,21.316637565971064,7.399843114899751,5.508595556037851,4.848916770784997,363.41,aer,4096,outputs/reps_Brickwork_entanglement/slurm_YYDPETGTWY_amber/replica_457/replica_457.pdb,outputs/reps_Brickwork_entanglement/slurm_YYDPETGTWY_amber/replica_457/replica_457_ca.pdb
605,313297372,random,YYDPETGTWY,amber,-27.494277775721326,6.123254865966839,21.788147580369333,7.2623264122347555,5.508595556037851,4.848916770784997,315.42,aer,4096,outputs/reps_Brickwork_entanglement/slurm_YYDPETGTWY_amber/replica_605/replica_605.pdb,outputs/reps_Brickwork_entanglement/slurm_YYDPETGTWY_amber/replica_605/replica_605_ca.pdb
886,313297653,random,YYDPETGTWY,amber,101.4238416686855,6.124999215048356,22.838429138576817,7.537677746994738,5.508595556037851,4.848916770784997,384.18,aer,4096,outputs/reps_Brickwork_entanglement/slurm_YYDPETGTWY_amber/replica_886/replica_886.pdb,outputs/reps_Brickwork_entanglement/slurm_YYDPETGTWY_amber/replica_886/replica_886_ca.pdb
536,313297303,random,YYDPETGTWY,amber,38.480895469616165,6.127470874136534,21.933254780100718,7.178375243265549,5.508595556037851,4.848916770784997,246.38,aer,4096,outputs/reps_Brickwork_entanglement/slurm_YYDPETGTWY_amber/replica_536/replica_536.pdb,outputs/reps_Brickwork_entanglement/slurm_YYDPETGTWY_amber/replica_536/replica_536_ca.pdb
469,313297236,random,YYDPETGTWY,amber,587.590274311258,6.128442095221449,22.108379201812927,7.391596974564446,5.508595556037851,4.848916770784997,111.96,aer,4096,outputs/reps_Brickwork_entanglement/slurm_YYDPETGTWY_amber/replica_469/replica_469.pdb,outputs/reps_Brickwork_entanglement/slurm_YYDPETGTWY_amber/replica_469/replica_469_ca.pdb
980,313297747,random,YYDPETGTWY,amber,-20.484983867593584,6.1303961747910245,22.50438764452913,7.72356373602507,5.508595556037851,4.848916770784997,212.16,aer,4096,outputs/reps_Brickwork_entanglement/slurm_YYDPETGTWY_amber/replica_980/replica_980.pdb,outputs/reps_Brickwork_entanglement/slurm_YYDPETGTWY_amber/replica_980/replica_980_ca.pdb
557,313297324,random,YYDPETGTWY,amber,-19.49304873248344,6.133491900016008,20.935803802804436,7.1365201442055275,5.508595556037851,4.848916770784997,216.89,aer,4096,outputs/reps_Brickwork_entanglement/slurm_YYDPETGTWY_amber/replica_557/replica_557.pdb,outputs/reps_Brickwork_entanglement/slurm_YYDPETGTWY_amber/replica_557/replica_557_ca.pdb
979,313297746,random,YYDPETGTWY,amber,14.856462098332035,6.13380881701486,21.87414645721683,7.427998534968651,5.508595556037851,4.848916770784997,373.46,aer,4096,outputs/reps_Brickwork_entanglement/slurm_YYDPETGTWY_amber/replica_979/replica_979.pdb,outputs/reps_Brickwork_entanglement/slurm_YYDPETGTWY_amber/replica_979/replica_979_ca.pdb
590,313297357,random,YYDPETGTWY,amber,-21.046676924681027,6.135238330103436,22.447737027336085,7.323829153750719,5.508595556037851,4.848916770784997,331.34,aer,4096,outputs/reps_Brickwork_entanglement/slurm_YYDPETGTWY_amber/replica_590/replica_590.pdb,outputs/reps_Brickwork_entanglement/slurm_YYDPETGTWY_amber/replica_590/replica_590_ca.pdb
614,313297381,random,YYDPETGTWY,amber,18.97926955906589,6.137583050797105,21.841990522110276,7.1921719974706,5.508595556037851,4.848916770784997,312.26,aer,4096,outputs/reps_Brickwork_entanglement/slurm_YYDPETGTWY_amber/replica_614/replica_614.pdb,outputs/reps_Brickwork_entanglement/slurm_YYDPETGTWY_amber/replica_614/replica_614_ca.pdb
984,313297751,random,YYDPETGTWY,amber,77.79272501603167,6.137919418387492,21.183995272147065,7.4207579633435845,5.508595556037851,4.848916770784997,280.77,aer,4096,outputs/reps_Brickwork_entanglement/slurm_YYDPETGTWY_amber/replica_984/replica_984.pdb,outputs/reps_Brickwork_entanglement/slurm_YYDPETGTWY_amber/replica_984/replica_984_ca.pdb
743,313297510,random,YYDPETGTWY,amber,8.443023146002174,6.141097190534209,22.107927036474543,7.214249130491782,5.508595556037851,4.848916770784997,418.23,aer,4096,outputs/reps_Brickwork_entanglement/slurm_YYDPETGTWY_amber/replica_743/replica_743.pdb,outputs/reps_Brickwork_entanglement/slurm_YYDPETGTWY_amber/replica_743/replica_743_ca.pdb
301,313297068,random,YYDPETGTWY,amber,17.341511726281816,6.14112001506387,21.246478501202564,7.011735175795799,5.508595556037851,4.848916770784997,564.11,aer,4096,outputs/reps_Brickwork_entanglement/slurm_YYDPETGTWY_amber/replica_301/replica_301.pdb,outputs/reps_Brickwork_entanglement/slurm_YYDPETGTWY_amber/replica_301/replica_301_ca.pdb
970,313297737,random,YYDPETGTWY,amber,-36.313837183228934,6.142681891109532,21.02787781866718,7.244940510021283,5.508595556037851,4.848916770784997,411.1,aer,4096,outputs/reps_Brickwork_entanglement/slurm_YYDPETGTWY_amber/replica_970/replica_970.pdb,outputs/reps_Brickwork_entanglement/slurm_YYDPETGTWY_amber/replica_970/replica_970_ca.pdb
800,313297567,random,YYDPETGTWY,amber,0.34361416489147856,6.148534461974865,21.50954028406435,7.482938727436193,5.508595556037851,4.848916770784997,270.26,aer,4096,outputs/reps_Brickwork_entanglement/slurm_YYDPETGTWY_amber/replica_800/replica_800.pdb,outputs/reps_Brickwork_entanglement/slurm_YYDPETGTWY_amber/replica_800/replica_800_ca.pdb
772,313297539,random,YYDPETGTWY,amber,96.54126395936893,6.149791965153375,21.723309004966545,7.684037390393734,5.508595556037851,4.848916770784997,276.42,aer,4096,outputs/reps_Brickwork_entanglement/slurm_YYDPETGTWY_amber/replica_772/replica_772.pdb,outputs/reps_Brickwork_entanglement/slurm_YYDPETGTWY_amber/replica_772/replica_772_ca.pdb
397,313297164,random,YYDPETGTWY,amber,-1.0352900414335728,6.156279549446951,21.799547511250537,7.1250555986043835,5.508595556037851,4.848916770784997,229.14,aer,4096,outputs/reps_Brickwork_entanglement/slurm_YYDPETGTWY_amber/replica_397/replica_397.pdb,outputs/reps_Brickwork_entanglement/slurm_YYDPETGTWY_amber/replica_397/replica_397_ca.pdb
962,313297729,random,YYDPETGTWY,amber,5.858765480883204,6.156876392556977,21.18876839357942,7.5399796055229755,5.508595556037851,4.848916770784997,187.79,aer,4096,outputs/reps_Brickwork_entanglement/slurm_YYDPETGTWY_amber/replica_962/replica_962.pdb,outputs/reps_Brickwork_entanglement/slurm_YYDPETGTWY_amber/replica_962/replica_962_ca.pdb
405,313297172,random,YYDPETGTWY,amber,-92.29943644686837,6.157344976854881,21.78388876594963,7.4345029274509375,5.508595556037851,4.848916770784997,286.46,aer,4096,outputs/reps_Brickwork_entanglement/slurm_YYDPETGTWY_amber/replica_405/replica_405.pdb,outputs/reps_Brickwork_entanglement/slurm_YYDPETGTWY_amber/replica_405/replica_405_ca.pdb
398,313297165,random,YYDPETGTWY,amber,-34.91801753482052,6.15926709444193,21.653495527677098,7.494249806893984,5.508595556037851,4.848916770784997,274.03,aer,4096,outputs/reps_Brickwork_entanglement/slurm_YYDPETGTWY_amber/replica_398/replica_398.pdb,outputs/reps_Brickwork_entanglement/slurm_YYDPETGTWY_amber/replica_398/replica_398_ca.pdb
93,313296860,random,YYDPETGTWY,amber,65.9525811115119,6.160195674942947,20.688311263763055,7.170582357211746,5.508595556037851,4.848916770784997,216.41,aer,4096,outputs/reps_Brickwork_entanglement/slurm_YYDPETGTWY_amber/replica_93/replica_93.pdb,outputs/reps_Brickwork_entanglement/slurm_YYDPETGTWY_amber/replica_93/replica_93_ca.pdb
406,313297173,random,YYDPETGTWY,amber,-22.49688811300497,6.161458363547868,23.724132865418238,7.624138051496547,5.508595556037851,4.848916770784997,282.01,aer,4096,outputs/reps_Brickwork_entanglement/slurm_YYDPETGTWY_amber/replica_406/replica_406.pdb,outputs/reps_Brickwork_entanglement/slurm_YYDPETGTWY_amber/replica_406/replica_406_ca.pdb
887,313297654,random,YYDPETGTWY,amber,0.9224076792276786,6.161948546549207,19.08653367025416,6.763667339471448,5.508595556037851,4.848916770784997,233.49,aer,4096,outputs/reps_Brickwork_entanglement/slurm_YYDPETGTWY_amber/replica_887/replica_887.pdb,outputs/reps_Brickwork_entanglement/slurm_YYDPETGTWY_amber/replica_887/replica_887_ca.pdb
595,313297362,random,YYDPETGTWY,amber,-8.685709217804018,6.165865686433868,21.567782510799226,7.227385819773042,5.508595556037851,4.848916770784997,393.94,aer,4096,outputs/reps_Brickwork_entanglement/slurm_YYDPETGTWY_amber/replica_595/replica_595.pdb,outputs/reps_Brickwork_entanglement/slurm_YYDPETGTWY_amber/replica_595/replica_595_ca.pdb
510,313297277,random,YYDPETGTWY,amber,-26.2753373363715,6.16660977575356,22.15348417604615,7.31245589084694,5.508595556037851,4.848916770784997,254.33,aer,4096,outputs/reps_Brickwork_entanglement/slurm_YYDPETGTWY_amber/replica_510/replica_510.pdb,outputs/reps_Brickwork_entanglement/slurm_YYDPETGTWY_amber/replica_510/replica_510_ca.pdb
249,313297016,random,YYDPETGTWY,amber,-33.25563988018929,6.167182535777908,22.33685161076707,7.273359067346666,5.508595556037851,4.848916770784997,233.49,aer,4096,outputs/reps_Brickwork_entanglement/slurm_YYDPETGTWY_amber/replica_249/replica_249.pdb,outputs/reps_Brickwork_entanglement/slurm_YYDPETGTWY_amber/replica_249/replica_249_ca.pdb
903,313297670,random,YYDPETGTWY,amber,-37.05545368022591,6.172524376372443,21.047216128478933,6.989627764827207,5.508595556037851,4.848916770784997,322.31,aer,4096,outputs/reps_Brickwork_entanglement/slurm_YYDPETGTWY_amber/replica_903/replica_903.pdb,outputs/reps_Brickwork_entanglement/slurm_YYDPETGTWY_amber/replica_903/replica_903_ca.pdb
589,313297356,random,YYDPETGTWY,amber,39.11893237709376,6.172544183173756,21.59493148023729,7.533056019927516,5.508595556037851,4.848916770784997,210.34,aer,4096,outputs/reps_Brickwork_entanglement/slurm_YYDPETGTWY_amber/replica_589/replica_589.pdb,outputs/reps_Brickwork_entanglement/slurm_YYDPETGTWY_amber/replica_589/replica_589_ca.pdb
315,313297082,random,YYDPETGTWY,amber,20.777079783734198,6.17830355775511,21.610565479036236,7.38100520729809,5.508595556037851,4.848916770784997,320.85,aer,4096,outputs/reps_Brickwork_entanglement/slurm_YYDPETGTWY_amber/replica_315/replica_315.pdb,outputs/reps_Brickwork_entanglement/slurm_YYDPETGTWY_amber/replica_315/replica_315_ca.pdb
592,313297359,random,YYDPETGTWY,amber,-30.143307921886993,6.183384630191965,21.676935347268554,6.968057648906443,5.508595556037851,4.848916770784997,308.9,aer,4096,outputs/reps_Brickwork_entanglement/slurm_YYDPETGTWY_amber/replica_592/replica_592.pdb,outputs/reps_Brickwork_entanglement/slurm_YYDPETGTWY_amber/replica_592/replica_592_ca.pdb
464,313297231,random,YYDPETGTWY,amber,36.442989679119016,6.1843838310215995,22.728360850954942,7.3594017326178385,5.508595556037851,4.848916770784997,315.82,aer,4096,outputs/reps_Brickwork_entanglement/slurm_YYDPETGTWY_amber/replica_464/replica_464.pdb,outputs/reps_Brickwork_entanglement/slurm_YYDPETGTWY_amber/replica_464/replica_464_ca.pdb
240,313297007,random,YYDPETGTWY,amber,-12.325228374180874,6.185034548418799,23.085877729000366,7.443044415642579,5.508595556037851,4.848916770784997,344.35,aer,4096,outputs/reps_Brickwork_entanglement/slurm_YYDPETGTWY_amber/replica_240/replica_240.pdb,outputs/reps_Brickwork_entanglement/slurm_YYDPETGTWY_amber/replica_240/replica_240_ca.pdb
527,313297294,random,YYDPETGTWY,amber,833.6825715721967,6.188384559516139,21.88559718924383,7.236639411983593,5.508595556037851,4.848916770784997,134.02,aer,4096,outputs/reps_Brickwork_entanglement/slurm_YYDPETGTWY_amber/replica_527/replica_527.pdb,outputs/reps_Brickwork_entanglement/slurm_YYDPETGTWY_amber/replica_527/replica_527_ca.pdb
323,313297090,random,YYDPETGTWY,amber,38.844802677045244,6.190385618135319,22.14251728395625,7.14300412648122,5.508595556037851,4.848916770784997,347.92,aer,4096,outputs/reps_Brickwork_entanglement/slurm_YYDPETGTWY_amber/replica_323/replica_323.pdb,outputs/reps_Brickwork_entanglement/slurm_YYDPETGTWY_amber/replica_323/replica_323_ca.pdb
216,313296983,random,YYDPETGTWY,amber,-41.92150203959293,6.19083426828801,23.644813474200355,7.602400871648372,5.508595556037851,4.848916770784997,318.74,aer,4096,outputs/reps_Brickwork_entanglement/slurm_YYDPETGTWY_amber/replica_216/replica_216.pdb,outputs/reps_Brickwork_entanglement/slurm_YYDPETGTWY_amber/replica_216/replica_216_ca.pdb
78,313296845,random,YYDPETGTWY,amber,-20.36944298878121,6.192010347169451,20.35449140976834,6.706614641306327,5.508595556037851,4.848916770784997,254.87,aer,4096,outputs/reps_Brickwork_entanglement/slurm_YYDPETGTWY_amber/replica_78/replica_78.pdb,outputs/reps_Brickwork_entanglement/slurm_YYDPETGTWY_amber/replica_78/replica_78_ca.pdb
550,313297317,random,YYDPETGTWY,amber,56.73893328590923,6.194209216191851,23.054042427507078,7.6532640898108,5.508595556037851,4.848916770784997,239.34,aer,4096,outputs/reps_Brickwork_entanglement/slurm_YYDPETGTWY_amber/replica_550/replica_550.pdb,outputs/reps_Brickwork_entanglement/slurm_YYDPETGTWY_amber/replica_550/replica_550_ca.pdb
705,313297472,random,YYDPETGTWY,amber,-41.15061876953701,6.1951466696333295,23.21898161707982,7.56931383362108,5.508595556037851,4.848916770784997,196.58,aer,4096,outputs/reps_Brickwork_entanglement/slurm_YYDPETGTWY_amber/replica_705/replica_705.pdb,outputs/reps_Brickwork_entanglement/slurm_YYDPETGTWY_amber/replica_705/replica_705_ca.pdb
672,313297439,random,YYDPETGTWY,amber,-21.553299862759683,6.203320869699035,20.206984610057226,7.178868440265307,5.508595556037851,4.848916770784997,373.99,aer,4096,outputs/reps_Brickwork_entanglement/slurm_YYDPETGTWY_amber/replica_672/replica_672.pdb,outputs/reps_Brickwork_entanglement/slurm_YYDPETGTWY_amber/replica_672/replica_672_ca.pdb
508,313297275,random,YYDPETGTWY,amber,-43.929062779028904,6.208268577268196,22.39943237622256,7.509597813887423,5.508595556037851,4.848916770784997,225.75,aer,4096,outputs/reps_Brickwork_entanglement/slurm_YYDPETGTWY_amber/replica_508/replica_508.pdb,outputs/reps_Brickwork_entanglement/slurm_YYDPETGTWY_amber/replica_508/replica_508_ca.pdb
507,313297274,random,YYDPETGTWY,amber,90.84804046615986,6.210407307148058,22.749314860097556,7.59281534854426,5.508595556037851,4.848916770784997,262.81,aer,4096,outputs/reps_Brickwork_entanglement/slurm_YYDPETGTWY_amber/replica_507/replica_507.pdb,outputs/reps_Brickwork_entanglement/slurm_YYDPETGTWY_amber/replica_507/replica_507_ca.pdb
976,313297743,random,YYDPETGTWY,amber,94.36534040564656,6.212051042833738,21.413515338700805,6.821492119272651,5.508595556037851,4.848916770784997,357.63,aer,4096,outputs/reps_Brickwork_entanglement/slurm_YYDPETGTWY_amber/replica_976/replica_976.pdb,outputs/reps_Brickwork_entanglement/slurm_YYDPETGTWY_amber/replica_976/replica_976_ca.pdb
982,313297749,random,YYDPETGTWY,amber,40.829109822815184,6.21446991511476,21.75399692730004,7.163162579408192,5.508595556037851,4.848916770784997,254.39,aer,4096,outputs/reps_Brickwork_entanglement/slurm_YYDPETGTWY_amber/replica_982/replica_982.pdb,outputs/reps_Brickwork_entanglement/slurm_YYDPETGTWY_amber/replica_982/replica_982_ca.pdb
857,313297624,random,YYDPETGTWY,amber,-28.190678414606154,6.21673066525385,22.38367905405133,7.397071331437199,5.508595556037851,4.848916770784997,302.63,aer,4096,outputs/reps_Brickwork_entanglement/slurm_YYDPETGTWY_amber/replica_857/replica_857.pdb,outputs/reps_Brickwork_entanglement/slurm_YYDPETGTWY_amber/replica_857/replica_857_ca.pdb
166,313296933,random,YYDPETGTWY,amber,-2.059311622759874,6.2168592344739,23.657323268944946,7.54937408330863,5.508595556037851,4.848916770784997,279.87,aer,4096,outputs/reps_Brickwork_entanglement/slurm_YYDPETGTWY_amber/replica_166/replica_166.pdb,outputs/reps_Brickwork_entanglement/slurm_YYDPETGTWY_amber/replica_166/replica_166_ca.pdb
370,313297137,random,YYDPETGTWY,amber,-16.38211927278172,6.219092229767995,21.594648989773926,7.627136433302169,5.508595556037851,4.848916770784997,236.08,aer,4096,outputs/reps_Brickwork_entanglement/slurm_YYDPETGTWY_amber/replica_370/replica_370.pdb,outputs/reps_Brickwork_entanglement/slurm_YYDPETGTWY_amber/replica_370/replica_370_ca.pdb
738,313297505,random,YYDPETGTWY,amber,-57.781666092871895,6.220591910800264,22.53838962959355,7.366807104040224,5.508595556037851,4.848916770784997,246.09,aer,4096,outputs/reps_Brickwork_entanglement/slurm_YYDPETGTWY_amber/replica_738/replica_738.pdb,outputs/reps_Brickwork_entanglement/slurm_YYDPETGTWY_amber/replica_738/replica_738_ca.pdb
264,313297031,random,YYDPETGTWY,amber,8.370353776659545,6.221196272825246,22.405187749597395,7.637504117929234,5.508595556037851,4.848916770784997,354.06,aer,4096,outputs/reps_Brickwork_entanglement/slurm_YYDPETGTWY_amber/replica_264/replica_264.pdb,outputs/reps_Brickwork_entanglement/slurm_YYDPETGTWY_amber/replica_264/replica_264_ca.pdb
81,313296848,random,YYDPETGTWY,amber,-16.989242235902136,6.222351949096568,18.31310147764152,6.737147990203086,5.508595556037851,4.848916770784997,223.37,aer,4096,outputs/reps_Brickwork_entanglement/slurm_YYDPETGTWY_amber/replica_81/replica_81.pdb,outputs/reps_Brickwork_entanglement/slurm_YYDPETGTWY_amber/replica_81/replica_81_ca.pdb
384,313297151,random,YYDPETGTWY,amber,-29.531549605987454,6.2228439745049435,22.68675405550416,7.503856464297172,5.508595556037851,4.848916770784997,311.7,aer,4096,outputs/reps_Brickwork_entanglement/slurm_YYDPETGTWY_amber/replica_384/replica_384.pdb,outputs/reps_Brickwork_entanglement/slurm_YYDPETGTWY_amber/replica_384/replica_384_ca.pdb
252,313297019,random,YYDPETGTWY,amber,-19.598316969936096,6.223366239719408,22.271683468901305,7.510491447988181,5.508595556037851,4.848916770784997,235.32,aer,4096,outputs/reps_Brickwork_entanglement/slurm_YYDPETGTWY_amber/replica_252/replica_252.pdb,outputs/reps_Brickwork_entanglement/slurm_YYDPETGTWY_amber/replica_252/replica_252_ca.pdb
861,313297628,random,YYDPETGTWY,amber,-6.109417810097166,6.223372223882691,22.794630599544533,7.377173384534126,5.508595556037851,4.848916770784997,330.65,aer,4096,outputs/reps_Brickwork_entanglement/slurm_YYDPETGTWY_amber/replica_861/replica_861.pdb,outputs/reps_Brickwork_entanglement/slurm_YYDPETGTWY_amber/replica_861/replica_861_ca.pdb
199,313296966,random,YYDPETGTWY,amber,65.78234946672221,6.223792063109074,21.312633598100664,7.154791766309234,5.508595556037851,4.848916770784997,238.92,aer,4096,outputs/reps_Brickwork_entanglement/slurm_YYDPETGTWY_amber/replica_199/replica_199.pdb,outputs/reps_Brickwork_entanglement/slurm_YYDPETGTWY_amber/replica_199/replica_199_ca.pdb
354,313297121,random,YYDPETGTWY,amber,18.5977319013982,6.225945176198885,20.621886022800112,7.340096443841179,5.508595556037851,4.848916770784997,333.8,aer,4096,outputs/reps_Brickwork_entanglement/slurm_YYDPETGTWY_amber/replica_354/replica_354.pdb,outputs/reps_Brickwork_entanglement/slurm_YYDPETGTWY_amber/replica_354/replica_354_ca.pdb
95,313296862,random,YYDPETGTWY,amber,-103.05795930575128,6.232419036124026,23.246709927357912,7.657491634675796,5.508595556037851,4.848916770784997,512.36,aer,4096,outputs/reps_Brickwork_entanglement/slurm_YYDPETGTWY_amber/replica_95/replica_95.pdb,outputs/reps_Brickwork_entanglement/slurm_YYDPETGTWY_amber/replica_95/replica_95_ca.pdb
247,313297014,random,YYDPETGTWY,amber,69.01126319372956,6.234580591301856,23.074971003703194,7.644654197384609,5.508595556037851,4.848916770784997,255.74,aer,4096,outputs/reps_Brickwork_entanglement/slurm_YYDPETGTWY_amber/replica_247/replica_247.pdb,outputs/reps_Brickwork_entanglement/slurm_YYDPETGTWY_amber/replica_247/replica_247_ca.pdb
176,313296943,random,YYDPETGTWY,amber,3.6730732950323324,6.235091619524278,21.8941854691372,7.142123446805287,5.508595556037851,4.848916770784997,355.25,aer,4096,outputs/reps_Brickwork_entanglement/slurm_YYDPETGTWY_amber/replica_176/replica_176.pdb,outputs/reps_Brickwork_entanglement/slurm_YYDPETGTWY_amber/replica_176/replica_176_ca.pdb
389,313297156,random,YYDPETGTWY,amber,-67.13277654961038,6.237291015648227,22.524770209474156,7.512445620743147,5.508595556037851,4.848916770784997,439.71,aer,4096,outputs/reps_Brickwork_entanglement/slurm_YYDPETGTWY_amber/replica_389/replica_389.pdb,outputs/reps_Brickwork_entanglement/slurm_YYDPETGTWY_amber/replica_389/replica_389_ca.pdb
205,313296972,random,YYDPETGTWY,amber,69.73933540299245,6.237462309962377,23.13629308075093,7.606524615501587,5.508595556037851,4.848916770784997,254.23,aer,4096,outputs/reps_Brickwork_entanglement/slurm_YYDPETGTWY_amber/replica_205/replica_205.pdb,outputs/reps_Brickwork_entanglement/slurm_YYDPETGTWY_amber/replica_205/replica_205_ca.pdb
229,313296996,random,YYDPETGTWY,amber,50.10124229328944,6.241250999177802,22.570114237313884,7.69562880134319,5.508595556037851,4.848916770784997,341.77,aer,4096,outputs/reps_Brickwork_entanglement/slurm_YYDPETGTWY_amber/replica_229/replica_229.pdb,outputs/reps_Brickwork_entanglement/slurm_YYDPETGTWY_amber/replica_229/replica_229_ca.pdb
781,313297548,random,YYDPETGTWY,amber,-41.63634072588298,6.243284164408829,22.643468881042015,7.585370799502173,5.508595556037851,4.848916770784997,372.06,aer,4096,outputs/reps_Brickwork_entanglement/slurm_YYDPETGTWY_amber/replica_781/replica_781.pdb,outputs/reps_Brickwork_entanglement/slurm_YYDPETGTWY_amber/replica_781/replica_781_ca.pdb
609,313297376,random,YYDPETGTWY,amber,-97.40957960359907,6.24329963913628,22.71320728730025,7.538423373065292,5.508595556037851,4.848916770784997,237.66,aer,4096,outputs/reps_Brickwork_entanglement/slurm_YYDPETGTWY_amber/replica_609/replica_609.pdb,outputs/reps_Brickwork_entanglement/slurm_YYDPETGTWY_amber/replica_609/replica_609_ca.pdb
658,313297425,random,YYDPETGTWY,amber,-13.661325508177109,6.244156665335821,22.930084210994593,7.663930907426038,5.508595556037851,4.848916770784997,239.73,aer,4096,outputs/reps_Brickwork_entanglement/slurm_YYDPETGTWY_amber/replica_658/replica_658.pdb,outputs/reps_Brickwork_entanglement/slurm_YYDPETGTWY_amber/replica_658/replica_658_ca.pdb
442,313297209,random,YYDPETGTWY,amber,23.99320952423273,6.244993449312438,22.077105615162257,7.422914224542365,5.508595556037851,4.848916770784997,296.51,aer,4096,outputs/reps_Brickwork_entanglement/slurm_YYDPETGTWY_amber/replica_442/replica_442.pdb,outputs/reps_Brickwork_entanglement/slurm_YYDPETGTWY_amber/replica_442/replica_442_ca.pdb
235,313297002,random,YYDPETGTWY,amber,-29.071778238255842,6.245400407746102,22.471805009617775,7.500185494356202,5.508595556037851,4.848916770784997,249.56,aer,4096,outputs/reps_Brickwork_entanglement/slurm_YYDPETGTWY_amber/replica_235/replica_235.pdb,outputs/reps_Brickwork_entanglement/slurm_YYDPETGTWY_amber/replica_235/replica_235_ca.pdb
912,313297679,random,YYDPETGTWY,amber,41.209839895376746,6.248253797797481,22.214210015902278,7.5868436092794385,5.508595556037851,4.848916770784997,256.26,aer,4096,outputs/reps_Brickwork_entanglement/slurm_YYDPETGTWY_amber/replica_912/replica_912.pdb,outputs/reps_Brickwork_entanglement/slurm_YYDPETGTWY_amber/replica_912/replica_912_ca.pdb
917,313297684,random,YYDPETGTWY,amber,-75.23730247809772,6.2526720641960605,21.199732076567887,7.443429237916391,5.508595556037851,4.848916770784997,249.37,aer,4096,outputs/reps_Brickwork_entanglement/slurm_YYDPETGTWY_amber/replica_917/replica_917.pdb,outputs/reps_Brickwork_entanglement/slurm_YYDPETGTWY_amber/replica_917/replica_917_ca.pdb
52,313296819,random,YYDPETGTWY,amber,2.9716309593652266,6.254319531254885,22.196238088817093,7.516914700642151,5.508595556037851,4.848916770784997,234.38,aer,4096,outputs/reps_Brickwork_entanglement/slurm_YYDPETGTWY_amber/replica_52/replica_52.pdb,outputs/reps_Brickwork_entanglement/slurm_YYDPETGTWY_amber/replica_52/replica_52_ca.pdb
59,313296826,random,YYDPETGTWY,amber,110.59036352891309,6.2551036802071875,21.969636728540582,7.392066895914986,5.508595556037851,4.848916770784997,452.45,aer,4096,outputs/reps_Brickwork_entanglement/slurm_YYDPETGTWY_amber/replica_59/replica_59.pdb,outputs/reps_Brickwork_entanglement/slurm_YYDPETGTWY_amber/replica_59/replica_59_ca.pdb
131,313296898,random,YYDPETGTWY,amber,25.615311989801803,6.255560021968052,21.2812830063233,7.397156942931129,5.508595556037851,4.848916770784997,233.1,aer,4096,outputs/reps_Brickwork_entanglement/slurm_YYDPETGTWY_amber/replica_131/replica_131.pdb,outputs/reps_Brickwork_entanglement/slurm_YYDPETGTWY_amber/replica_131/replica_131_ca.pdb
14,313296781,random,YYDPETGTWY,amber,7.779079278365296,6.255764685028954,22.106479356678385,7.4310538601814144,5.508595556037851,4.848916770784997,278.43,aer,4096,outputs/reps_Brickwork_entanglement/slurm_YYDPETGTWY_amber/replica_14/replica_14.pdb,outputs/reps_Brickwork_entanglement/slurm_YYDPETGTWY_amber/replica_14/replica_14_ca.pdb
25,313296792,random,YYDPETGTWY,amber,11.402754314090856,6.256450278558457,21.70336832051617,7.182643055660062,5.508595556037851,4.848916770784997,373.65,aer,4096,outputs/reps_Brickwork_entanglement/slurm_YYDPETGTWY_amber/replica_25/replica_25.pdb,outputs/reps_Brickwork_entanglement/slurm_YYDPETGTWY_amber/replica_25/replica_25_ca.pdb
548,313297315,random,YYDPETGTWY,amber,-10.561240700821829,6.257578559129465,21.919593284248897,7.403682712943048,5.508595556037851,4.848916770784997,223.35,aer,4096,outputs/reps_Brickwork_entanglement/slurm_YYDPETGTWY_amber/replica_548/replica_548.pdb,outputs/reps_Brickwork_entanglement/slurm_YYDPETGTWY_amber/replica_548/replica_548_ca.pdb
400,313297167,random,YYDPETGTWY,amber,43.59974087401415,6.261440085286581,19.377818367676234,6.723298404450831,5.508595556037851,4.848916770784997,260.05,aer,4096,outputs/reps_Brickwork_entanglement/slurm_YYDPETGTWY_amber/replica_400/replica_400.pdb,outputs/reps_Brickwork_entanglement/slurm_YYDPETGTWY_amber/replica_400/replica_400_ca.pdb
126,313296893,random,YYDPETGTWY,amber,66.80301182325063,6.2614564681150195,22.574189139803526,7.440027007742132,5.508595556037851,4.848916770784997,213.19,aer,4096,outputs/reps_Brickwork_entanglement/slurm_YYDPETGTWY_amber/replica_126/replica_126.pdb,outputs/reps_Brickwork_entanglement/slurm_YYDPETGTWY_amber/replica_126/replica_126_ca.pdb
493,313297260,random,YYDPETGTWY,amber,-43.540814553176816,6.263264686200985,22.50183433089607,7.158000933532557,5.508595556037851,4.848916770784997,219.53,aer,4096,outputs/reps_Brickwork_entanglement/slurm_YYDPETGTWY_amber/replica_493/replica_493.pdb,outputs/reps_Brickwork_entanglement/slurm_YYDPETGTWY_amber/replica_493/replica_493_ca.pdb
68,313296835,random,YYDPETGTWY,amber,95.07155795696053,6.265855425654817,21.989532833094334,7.265162968630635,5.508595556037851,4.848916770784997,273.06,aer,4096,outputs/reps_Brickwork_entanglement/slurm_YYDPETGTWY_amber/replica_68/replica_68.pdb,outputs/reps_Brickwork_entanglement/slurm_YYDPETGTWY_amber/replica_68/replica_68_ca.pdb
154,313296921,random,YYDPETGTWY,amber,19.49957814903667,6.2679339808578876,21.491868923249328,7.511841604188621,5.508595556037851,4.848916770784997,350.02,aer,4096,outputs/reps_Brickwork_entanglement/slurm_YYDPETGTWY_amber/replica_154/replica_154.pdb,outputs/reps_Brickwork_entanglement/slurm_YYDPETGTWY_amber/replica_154/replica_154_ca.pdb
410,313297177,random,YYDPETGTWY,amber,4.261697287945659,6.268270315540175,23.190078327753763,7.759456055985911,5.508595556037851,4.848916770784997,218.59,aer,4096,outputs/reps_Brickwork_entanglement/slurm_YYDPETGTWY_amber/replica_410/replica_410.pdb,outputs/reps_Brickwork_entanglement/slurm_YYDPETGTWY_amber/replica_410/replica_410_ca.pdb
703,313297470,random,YYDPETGTWY,amber,-7.696193672532678,6.274066709755805,22.326834661000188,7.343832517875466,5.508595556037851,4.848916770784997,245.63,aer,4096,outputs/reps_Brickwork_entanglement/slurm_YYDPETGTWY_amber/replica_703/replica_703.pdb,outputs/reps_Brickwork_entanglement/slurm_YYDPETGTWY_amber/replica_703/replica_703_ca.pdb
847,313297614,random,YYDPETGTWY,amber,37.34453817209729,6.2760120465219105,22.17834752048383,7.17148290117287,5.508595556037851,4.848916770784997,190.68,aer,4096,outputs/reps_Brickwork_entanglement/slurm_YYDPETGTWY_amber/replica_847/replica_847.pdb,outputs/reps_Brickwork_entanglement/slurm_YYDPETGTWY_amber/replica_847/replica_847_ca.pdb
713,313297480,random,YYDPETGTWY,amber,4.942245758295829,6.281496467244045,22.088121254302127,7.553388234123727,5.508595556037851,4.848916770784997,215.68,aer,4096,outputs/reps_Brickwork_entanglement/slurm_YYDPETGTWY_amber/replica_713/replica_713.pdb,outputs/reps_Brickwork_entanglement/slurm_YYDPETGTWY_amber/replica_713/replica_713_ca.pdb
993,313297760,random,YYDPETGTWY,amber,35.8529640768977,6.28465278400799,23.256427555894522,7.652861916590993,5.508595556037851,4.848916770784997,252.64,aer,4096,outputs/reps_Brickwork_entanglement/slurm_YYDPETGTWY_amber/replica_993/replica_993.pdb,outputs/reps_Brickwork_entanglement/slurm_YYDPETGTWY_amber/replica_993/replica_993_ca.pdb
771,313297538,random,YYDPETGTWY,amber,79.21058839488484,6.285379597769084,22.933982473450126,7.525771130046902,5.508595556037851,4.848916770784997,212.9,aer,4096,outputs/reps_Brickwork_entanglement/slurm_YYDPETGTWY_amber/replica_771/replica_771.pdb,outputs/reps_Brickwork_entanglement/slurm_YYDPETGTWY_amber/replica_771/replica_771_ca.pdb
526,313297293,random,YYDPETGTWY,amber,209.7243250798886,6.285632440980474,23.096825391240326,7.572342302550269,5.508595556037851,4.848916770784997,530.47,aer,4096,outputs/reps_Brickwork_entanglement/slurm_YYDPETGTWY_amber/replica_526/replica_526.pdb,outputs/reps_Brickwork_entanglement/slurm_YYDPETGTWY_amber/replica_526/replica_526_ca.pdb
607,313297374,random,YYDPETGTWY,amber,147.38195791440376,6.285702873187678,22.37427433740117,7.458097619669748,5.508595556037851,4.848916770784997,392.88,aer,4096,outputs/reps_Brickwork_entanglement/slurm_YYDPETGTWY_amber/replica_607/replica_607.pdb,outputs/reps_Brickwork_entanglement/slurm_YYDPETGTWY_amber/replica_607/replica_607_ca.pdb
841,313297608,random,YYDPETGTWY,amber,-79.28614310063844,6.287281071669154,23.381534185950468,7.743723036191184,5.508595556037851,4.848916770784997,213.01,aer,4096,outputs/reps_Brickwork_entanglement/slurm_YYDPETGTWY_amber/replica_841/replica_841.pdb,outputs/reps_Brickwork_entanglement/slurm_YYDPETGTWY_amber/replica_841/replica_841_ca.pdb
248,313297015,random,YYDPETGTWY,amber,-31.111351657167962,6.288483055392981,22.98805042843884,7.501630588313197,5.508595556037851,4.848916770784997,414.95,aer,4096,outputs/reps_Brickwork_entanglement/slurm_YYDPETGTWY_amber/replica_248/replica_248.pdb,outputs/reps_Brickwork_entanglement/slurm_YYDPETGTWY_amber/replica_248/replica_248_ca.pdb
2,313296769,random,YYDPETGTWY,amber,153.64824871548467,6.290595342976865,22.121278352532272,7.543184064609519,5.508595556037851,4.848916770784997,426.43,aer,4096,outputs/reps_Brickwork_entanglement/slurm_YYDPETGTWY_amber/replica_2/replica_2.pdb,outputs/reps_Brickwork_entanglement/slurm_YYDPETGTWY_amber/replica_2/replica_2_ca.pdb
893,313297660,random,YYDPETGTWY,amber,96.52008983367097,6.290877600983514,23.61724078886461,7.4368132344984055,5.508595556037851,4.848916770784997,213.36,aer,4096,outputs/reps_Brickwork_entanglement/slurm_YYDPETGTWY_amber/replica_893/replica_893.pdb,outputs/reps_Brickwork_entanglement/slurm_YYDPETGTWY_amber/replica_893/replica_893_ca.pdb
645,313297412,random,YYDPETGTWY,amber,32.56436423068346,6.290919342356524,21.312829628326902,7.115883103965903,5.508595556037851,4.848916770784997,298.57,aer,4096,outputs/reps_Brickwork_entanglement/slurm_YYDPETGTWY_amber/replica_645/replica_645.pdb,outputs/reps_Brickwork_entanglement/slurm_YYDPETGTWY_amber/replica_645/replica_645_ca.pdb
567,313297334,random,YYDPETGTWY,amber,-10.105149179031919,6.293298203772538,21.66599094693733,7.157438172719602,5.508595556037851,4.848916770784997,326.42,aer,4096,outputs/reps_Brickwork_entanglement/slurm_YYDPETGTWY_amber/replica_567/replica_567.pdb,outputs/reps_Brickwork_entanglement/slurm_YYDPETGTWY_amber/replica_567/replica_567_ca.pdb
391,313297158,random,YYDPETGTWY,amber,25.92817648798405,6.302747321206688,22.10910008405644,7.2549817690566725,5.508595556037851,4.848916770784997,273.86,aer,4096,outputs/reps_Brickwork_entanglement/slurm_YYDPETGTWY_amber/replica_391/replica_391.pdb,outputs/reps_Brickwork_entanglement/slurm_YYDPETGTWY_amber/replica_391/replica_391_ca.pdb
618,313297385,random,YYDPETGTWY,amber,19.180798355642562,6.3032208152718425,19.551084811234393,7.01598456509784,5.508595556037851,4.848916770784997,292.03,aer,4096,outputs/reps_Brickwork_entanglement/slurm_YYDPETGTWY_amber/replica_618/replica_618.pdb,outputs/reps_Brickwork_entanglement/slurm_YYDPETGTWY_amber/replica_618/replica_618_ca.pdb
344,313297111,random,YYDPETGTWY,amber,117.29988325587075,6.304125664333892,21.908957951273972,7.47272252905234,5.508595556037851,4.848916770784997,219.99,aer,4096,outputs/reps_Brickwork_entanglement/slurm_YYDPETGTWY_amber/replica_344/replica_344.pdb,outputs/reps_Brickwork_entanglement/slurm_YYDPETGTWY_amber/replica_344/replica_344_ca.pdb
560,313297327,random,YYDPETGTWY,amber,-16.033757807937214,6.304352880798827,22.966417570149744,7.43531842420282,5.508595556037851,4.848916770784997,266.36,aer,4096,outputs/reps_Brickwork_entanglement/slurm_YYDPETGTWY_amber/replica_560/replica_560.pdb,outputs/reps_Brickwork_entanglement/slurm_YYDPETGTWY_amber/replica_560/replica_560_ca.pdb
928,313297695,random,YYDPETGTWY,amber,35.05520246406797,6.309578797345308,20.763415786200703,6.983233049840112,5.508595556037851,4.848916770784997,279.64,aer,4096,outputs/reps_Brickwork_entanglement/slurm_YYDPETGTWY_amber/replica_928/replica_928.pdb,outputs/reps_Brickwork_entanglement/slurm_YYDPETGTWY_amber/replica_928/replica_928_ca.pdb
881,313297648,random,YYDPETGTWY,amber,86.6939128977866,6.3124986660978415,21.79101481782798,7.011112578899522,5.508595556037851,4.848916770784997,333.46,aer,4096,outputs/reps_Brickwork_entanglement/slurm_YYDPETGTWY_amber/replica_881/replica_881.pdb,outputs/reps_Brickwork_entanglement/slurm_YYDPETGTWY_amber/replica_881/replica_881_ca.pdb
999,313297766,random,YYDPETGTWY,amber,-56.783053537772524,6.316459242823853,20.499567232905747,6.9558113740168,5.508595556037851,4.848916770784997,240.15,aer,4096,outputs/reps_Brickwork_entanglement/slurm_YYDPETGTWY_amber/replica_999/replica_999.pdb,outputs/reps_Brickwork_entanglement/slurm_YYDPETGTWY_amber/replica_999/replica_999_ca.pdb
339,313297106,random,YYDPETGTWY,amber,9.032607346039015,6.31733123480551,22.865122909712156,7.405971024100288,5.508595556037851,4.848916770784997,353.85,aer,4096,outputs/reps_Brickwork_entanglement/slurm_YYDPETGTWY_amber/replica_339/replica_339.pdb,outputs/reps_Brickwork_entanglement/slurm_YYDPETGTWY_amber/replica_339/replica_339_ca.pdb
842,313297609,random,YYDPETGTWY,amber,-34.74637451710788,6.319307798017284,23.298142624584788,7.640996731258423,5.508595556037851,4.848916770784997,427.85,aer,4096,outputs/reps_Brickwork_entanglement/slurm_YYDPETGTWY_amber/replica_842/replica_842.pdb,outputs/reps_Brickwork_entanglement/slurm_YYDPETGTWY_amber/replica_842/replica_842_ca.pdb
780,313297547,random,YYDPETGTWY,amber,-23.801635694155593,6.319314292413719,23.654790226460566,7.570927517104854,5.508595556037851,4.848916770784997,239.84,aer,4096,outputs/reps_Brickwork_entanglement/slurm_YYDPETGTWY_amber/replica_780/replica_780.pdb,outputs/reps_Brickwork_entanglement/slurm_YYDPETGTWY_amber/replica_780/replica_780_ca.pdb
501,313297268,random,YYDPETGTWY,amber,-42.06109535941417,6.31982348259891,23.29630320320433,7.776838550017576,5.508595556037851,4.848916770784997,433.51,aer,4096,outputs/reps_Brickwork_entanglement/slurm_YYDPETGTWY_amber/replica_501/replica_501.pdb,outputs/reps_Brickwork_entanglement/slurm_YYDPETGTWY_amber/replica_501/replica_501_ca.pdb
460,313297227,random,YYDPETGTWY,amber,35.471084475657285,6.320097661638188,21.854032406474158,7.547897990196012,5.508595556037851,4.848916770784997,198.01,aer,4096,outputs/reps_Brickwork_entanglement/slurm_YYDPETGTWY_amber/replica_460/replica_460.pdb,outputs/reps_Brickwork_entanglement/slurm_YYDPETGTWY_amber/replica_460/replica_460_ca.pdb
198,313296965,random,YYDPETGTWY,amber,10.657575144287488,6.3238013571445055,22.93872694890057,7.750646087514909,5.508595556037851,4.848916770784997,189.32,aer,4096,outputs/reps_Brickwork_entanglement/slurm_YYDPETGTWY_amber/replica_198/replica_198.pdb,outputs/reps_Brickwork_entanglement/slurm_YYDPETGTWY_amber/replica_198/replica_198_ca.pdb
57,313296824,random,YYDPETGTWY,amber,50.59618954779191,6.323920573589586,22.67430109589435,7.538981087753602,5.508595556037851,4.848916770784997,245.98,aer,4096,outputs/reps_Brickwork_entanglement/slurm_YYDPETGTWY_amber/replica_57/replica_57.pdb,outputs/reps_Brickwork_entanglement/slurm_YYDPETGTWY_amber/replica_57/replica_57_ca.pdb
408,313297175,random,YYDPETGTWY,amber,-45.758637192127374,6.326882954976844,22.834169573548657,7.31294966411321,5.508595556037851,4.848916770784997,533.34,aer,4096,outputs/reps_Brickwork_entanglement/slurm_YYDPETGTWY_amber/replica_408/replica_408.pdb,outputs/reps_Brickwork_entanglement/slurm_YYDPETGTWY_amber/replica_408/replica_408_ca.pdb
283,313297050,random,YYDPETGTWY,amber,164.99493669612986,6.327266794294701,22.22781670039557,7.409133696827168,5.508595556037851,4.848916770784997,291.82,aer,4096,outputs/reps_Brickwork_entanglement/slurm_YYDPETGTWY_amber/replica_283/replica_283.pdb,outputs/reps_Brickwork_entanglement/slurm_YYDPETGTWY_amber/replica_283/replica_283_ca.pdb
853,313297620,random,YYDPETGTWY,amber,21.436451240450488,6.329877109930947,23.200843526788464,7.249458703646316,5.508595556037851,4.848916770784997,349.91,aer,4096,outputs/reps_Brickwork_entanglement/slurm_YYDPETGTWY_amber/replica_853/replica_853.pdb,outputs/reps_Brickwork_entanglement/slurm_YYDPETGTWY_amber/replica_853/replica_853_ca.pdb
591,313297358,random,YYDPETGTWY,amber,60.06073542548473,6.330371416965606,22.64372533710236,7.432188421793189,5.508595556037851,4.848916770784997,282.88,aer,4096,outputs/reps_Brickwork_entanglement/slurm_YYDPETGTWY_amber/replica_591/replica_591.pdb,outputs/reps_Brickwork_entanglement/slurm_YYDPETGTWY_amber/replica_591/replica_591_ca.pdb
173,313296940,random,YYDPETGTWY,amber,-26.477307005414914,6.330982161960392,21.932065770844762,7.451380898344561,5.508595556037851,4.848916770784997,320.58,aer,4096,outputs/reps_Brickwork_entanglement/slurm_YYDPETGTWY_amber/replica_173/replica_173.pdb,outputs/reps_Brickwork_entanglement/slurm_YYDPETGTWY_amber/replica_173/replica_173_ca.pdb
54,313296821,random,YYDPETGTWY,amber,86.63634954991349,6.332313882760926,22.511713679744027,7.383325983071322,5.508595556037851,4.848916770784997,212.07,aer,4096,outputs/reps_Brickwork_entanglement/slurm_YYDPETGTWY_amber/replica_54/replica_54.pdb,outputs/reps_Brickwork_entanglement/slurm_YYDPETGTWY_amber/replica_54/replica_54_ca.pdb
926,313297693,random,YYDPETGTWY,amber,-43.90520312008307,6.340193808259422,21.597446512982145,7.236790975479005,5.508595556037851,4.848916770784997,255.09,aer,4096,outputs/reps_Brickwork_entanglement/slurm_YYDPETGTWY_amber/replica_926/replica_926.pdb,outputs/reps_Brickwork_entanglement/slurm_YYDPETGTWY_amber/replica_926/replica_926_ca.pdb
782,313297549,random,YYDPETGTWY,amber,69.86916809884329,6.34307973146887,22.569966331660467,7.373590207551371,5.508595556037851,4.848916770784997,318.46,aer,4096,outputs/reps_Brickwork_entanglement/slurm_YYDPETGTWY_amber/replica_782/replica_782.pdb,outputs/reps_Brickwork_entanglement/slurm_YYDPETGTWY_amber/replica_782/replica_782_ca.pdb
379,313297146,random,YYDPETGTWY,amber,7.658804158467495,6.349375755055307,22.941997704922336,7.5565587623851185,5.508595556037851,4.848916770784997,201.62,aer,4096,outputs/reps_Brickwork_entanglement/slurm_YYDPETGTWY_amber/replica_379/replica_379.pdb,outputs/reps_Brickwork_entanglement/slurm_YYDPETGTWY_amber/replica_379/replica_379_ca.pdb
512,313297279,random,YYDPETGTWY,amber,9.543322632734109,6.357025772252395,23.620248030354837,7.567000018961027,5.508595556037851,4.848916770784997,194.56,aer,4096,outputs/reps_Brickwork_entanglement/slurm_YYDPETGTWY_amber/replica_512/replica_512.pdb,outputs/reps_Brickwork_entanglement/slurm_YYDPETGTWY_amber/replica_512/replica_512_ca.pdb
629,313297396,random,YYDPETGTWY,amber,-24.74343569472284,6.357055853270584,21.884383111094493,7.312197593876522,5.508595556037851,4.848916770784997,271.37,aer,4096,outputs/reps_Brickwork_entanglement/slurm_YYDPETGTWY_amber/replica_629/replica_629.pdb,outputs/reps_Brickwork_entanglement/slurm_YYDPETGTWY_amber/replica_629/replica_629_ca.pdb
203,313296970,random,YYDPETGTWY,amber,-7.346305093985549,6.359906776481301,21.4304727284859,7.535786742177631,5.508595556037851,4.848916770784997,183.53,aer,4096,outputs/reps_Brickwork_entanglement/slurm_YYDPETGTWY_amber/replica_203/replica_203.pdb,outputs/reps_Brickwork_entanglement/slurm_YYDPETGTWY_amber/replica_203/replica_203_ca.pdb
215,313296982,random,YYDPETGTWY,amber,-35.061722379715185,6.360584552523541,22.03384580947253,7.117177593961518,5.508595556037851,4.848916770784997,260.8,aer,4096,outputs/reps_Brickwork_entanglement/slurm_YYDPETGTWY_amber/replica_215/replica_215.pdb,outputs/reps_Brickwork_entanglement/slurm_YYDPETGTWY_amber/replica_215/replica_215_ca.pdb
763,313297530,random,YYDPETGTWY,amber,22.24222433211094,6.36403494422267,23.11746295512592,7.793812725329983,5.508595556037851,4.848916770784997,234.06,aer,4096,outputs/reps_Brickwork_entanglement/slurm_YYDPETGTWY_amber/replica_763/replica_763.pdb,outputs/reps_Brickwork_entanglement/slurm_YYDPETGTWY_amber/replica_763/replica_763_ca.pdb
60,313296827,random,YYDPETGTWY,amber,48.66824128208885,6.364799322062293,22.312095497780433,7.64351034280623,5.508595556037851,4.848916770784997,183.19,aer,4096,outputs/reps_Brickwork_entanglement/slurm_YYDPETGTWY_amber/replica_60/replica_60.pdb,outputs/reps_Brickwork_entanglement/slurm_YYDPETGTWY_amber/replica_60/replica_60_ca.pdb
829,313297596,random,YYDPETGTWY,amber,-45.810265641066614,6.365803833130487,23.436193372054333,7.550221568868899,5.508595556037851,4.848916770784997,187.03,aer,4096,outputs/reps_Brickwork_entanglement/slurm_YYDPETGTWY_amber/replica_829/replica_829.pdb,outputs/reps_Brickwork_entanglement/slurm_YYDPETGTWY_amber/replica_829/replica_829_ca.pdb
716,313297483,random,YYDPETGTWY,amber,-54.03663560040186,6.370822837141512,22.067476662171927,7.039192087620464,5.508595556037851,4.848916770784997,225.83,aer,4096,outputs/reps_Brickwork_entanglement/slurm_YYDPETGTWY_amber/replica_716/replica_716.pdb,outputs/reps_Brickwork_entanglement/slurm_YYDPETGTWY_amber/replica_716/replica_716_ca.pdb
175,313296942,random,YYDPETGTWY,amber,-63.65905534388317,6.372027605783687,22.83586733302019,7.70922034203386,5.508595556037851,4.848916770784997,266.04,aer,4096,outputs/reps_Brickwork_entanglement/slurm_YYDPETGTWY_amber/replica_175/replica_175.pdb,outputs/reps_Brickwork_entanglement/slurm_YYDPETGTWY_amber/replica_175/replica_175_ca.pdb
564,313297331,random,YYDPETGTWY,amber,1.945009162882333,6.37322949323866,22.994151391427017,7.633287764854961,5.508595556037851,4.848916770784997,293.48,aer,4096,outputs/reps_Brickwork_entanglement/slurm_YYDPETGTWY_amber/replica_564/replica_564.pdb,outputs/reps_Brickwork_entanglement/slurm_YYDPETGTWY_amber/replica_564/replica_564_ca.pdb
778,313297545,random,YYDPETGTWY,amber,8.84699979690562,6.375579322531074,21.9454073319719,7.439133517602415,5.508595556037851,4.848916770784997,430.75,aer,4096,outputs/reps_Brickwork_entanglement/slurm_YYDPETGTWY_amber/replica_778/replica_778.pdb,outputs/reps_Brickwork_entanglement/slurm_YYDPETGTWY_amber/replica_778/replica_778_ca.pdb
920,313297687,random,YYDPETGTWY,amber,38.24315058046275,6.382563866361722,21.875801701728314,7.182844458754372,5.508595556037851,4.848916770784997,341.12,aer,4096,outputs/reps_Brickwork_entanglement/slurm_YYDPETGTWY_amber/replica_920/replica_920.pdb,outputs/reps_Brickwork_entanglement/slurm_YYDPETGTWY_amber/replica_920/replica_920_ca.pdb
896,313297663,random,YYDPETGTWY,amber,-11.939021694548899,6.383874859792432,22.470464345061412,7.577532665491859,5.508595556037851,4.848916770784997,393.59,aer,4096,outputs/reps_Brickwork_entanglement/slurm_YYDPETGTWY_amber/replica_896/replica_896.pdb,outputs/reps_Brickwork_entanglement/slurm_YYDPETGTWY_amber/replica_896/replica_896_ca.pdb
313,313297080,random,YYDPETGTWY,amber,13.54361506637336,6.384171753885254,21.688302108964475,7.266532389696246,5.508595556037851,4.848916770784997,210.38,aer,4096,outputs/reps_Brickwork_entanglement/slurm_YYDPETGTWY_amber/replica_313/replica_313.pdb,outputs/reps_Brickwork_entanglement/slurm_YYDPETGTWY_amber/replica_313/replica_313_ca.pdb
807,313297574,random,YYDPETGTWY,amber,20.579506899814373,6.385227479187119,22.79703753025731,7.347233550122714,5.508595556037851,4.848916770784997,218.62,aer,4096,outputs/reps_Brickwork_entanglement/slurm_YYDPETGTWY_amber/replica_807/replica_807.pdb,outputs/reps_Brickwork_entanglement/slurm_YYDPETGTWY_amber/replica_807/replica_807_ca.pdb
764,313297531,random,YYDPETGTWY,amber,103.09518932989072,6.385347912604302,22.848115940603734,7.614970156584704,5.508595556037851,4.848916770784997,220.88,aer,4096,outputs/reps_Brickwork_entanglement/slurm_YYDPETGTWY_amber/replica_764/replica_764.pdb,outputs/reps_Brickwork_entanglement/slurm_YYDPETGTWY_amber/replica_764/replica_764_ca.pdb
870,313297637,random,YYDPETGTWY,amber,-36.83388919284817,6.386386791997663,22.466227098091032,7.540449213281006,5.508595556037851,4.848916770784997,416.58,aer,4096,outputs/reps_Brickwork_entanglement/slurm_YYDPETGTWY_amber/replica_870/replica_870.pdb,outputs/reps_Brickwork_entanglement/slurm_YYDPETGTWY_amber/replica_870/replica_870_ca.pdb
497,313297264,random,YYDPETGTWY,amber,53.43104487094651,6.390593383588619,21.84043691065657,7.4711945110272335,5.508595556037851,4.848916770784997,198.22,aer,4096,outputs/reps_Brickwork_entanglement/slurm_YYDPETGTWY_amber/replica_497/replica_497.pdb,outputs/reps_Brickwork_entanglement/slurm_YYDPETGTWY_amber/replica_497/replica_497_ca.pdb
997,313297764,random,YYDPETGTWY,amber,-87.13977770027712,6.391672887171272,22.250868265489316,7.715089614117732,5.508595556037851,4.848916770784997,283.83,aer,4096,outputs/reps_Brickwork_entanglement/slurm_YYDPETGTWY_amber/replica_997/replica_997.pdb,outputs/reps_Brickwork_entanglement/slurm_YYDPETGTWY_amber/replica_997/replica_997_ca.pdb
316,313297083,random,YYDPETGTWY,amber,6.260457214732793,6.393106802319135,23.42794118728569,7.495057454309093,5.508595556037851,4.848916770784997,205.58,aer,4096,outputs/reps_Brickwork_entanglement/slurm_YYDPETGTWY_amber/replica_316/replica_316.pdb,outputs/reps_Brickwork_entanglement/slurm_YYDPETGTWY_amber/replica_316/replica_316_ca.pdb
676,313297443,random,YYDPETGTWY,amber,62.27144512256513,6.397952282567203,21.481852775088566,7.4144989929046865,5.508595556037851,4.848916770784997,259.82,aer,4096,outputs/reps_Brickwork_entanglement/slurm_YYDPETGTWY_amber/replica_676/replica_676.pdb,outputs/reps_Brickwork_entanglement/slurm_YYDPETGTWY_amber/replica_676/replica_676_ca.pdb
270,313297037,random,YYDPETGTWY,amber,33.60780938855403,6.398993022504648,23.569752904728773,7.736300440021521,5.508595556037851,4.848916770784997,252.64,aer,4096,outputs/reps_Brickwork_entanglement/slurm_YYDPETGTWY_amber/replica_270/replica_270.pdb,outputs/reps_Brickwork_entanglement/slurm_YYDPETGTWY_amber/replica_270/replica_270_ca.pdb
835,313297602,random,YYDPETGTWY,amber,105.09093903480095,6.399707298156378,23.110711748807176,7.270478001038801,5.508595556037851,4.848916770784997,442.9,aer,4096,outputs/reps_Brickwork_entanglement/slurm_YYDPETGTWY_amber/replica_835/replica_835.pdb,outputs/reps_Brickwork_entanglement/slurm_YYDPETGTWY_amber/replica_835/replica_835_ca.pdb
263,313297030,random,YYDPETGTWY,amber,71.3819273468546,6.401279473164825,23.34121155635994,7.638953908651809,5.508595556037851,4.848916770784997,378.58,aer,4096,outputs/reps_Brickwork_entanglement/slurm_YYDPETGTWY_amber/replica_263/replica_263.pdb,outputs/reps_Brickwork_entanglement/slurm_YYDPETGTWY_amber/replica_263/replica_263_ca.pdb
150,313296917,random,YYDPETGTWY,amber,13.72201167002894,6.402262723152327,21.315984728066216,7.125838658100562,5.508595556037851,4.848916770784997,246.52,aer,4096,outputs/reps_Brickwork_entanglement/slurm_YYDPETGTWY_amber/replica_150/replica_150.pdb,outputs/reps_Brickwork_entanglement/slurm_YYDPETGTWY_amber/replica_150/replica_150_ca.pdb
22,313296789,random,YYDPETGTWY,amber,-48.560078496775105,6.404016366477582,23.027642493590285,7.473895116336086,5.508595556037851,4.848916770784997,265.86,aer,4096,outputs/reps_Brickwork_entanglement/slurm_YYDPETGTWY_amber/replica_22/replica_22.pdb,outputs/reps_Brickwork_entanglement/slurm_YYDPETGTWY_amber/replica_22/replica_22_ca.pdb
21,313296788,random,YYDPETGTWY,amber,-82.64581400044585,6.407482990189989,21.955119487919266,7.1993867179807065,5.508595556037851,4.848916770784997,497.09,aer,4096,outputs/reps_Brickwork_entanglement/slurm_YYDPETGTWY_amber/replica_21/replica_21.pdb,outputs/reps_Brickwork_entanglement/slurm_YYDPETGTWY_amber/replica_21/replica_21_ca.pdb
329,313297096,random,YYDPETGTWY,amber,-13.396587720549872,6.408418305856828,23.088673958894663,7.66284596104403,5.508595556037851,4.848916770784997,281.66,aer,4096,outputs/reps_Brickwork_entanglement/slurm_YYDPETGTWY_amber/replica_329/replica_329.pdb,outputs/reps_Brickwork_entanglement/slurm_YYDPETGTWY_amber/replica_329/replica_329_ca.pdb
531,313297298,random,YYDPETGTWY,amber,-70.60318856532021,6.4106012030646164,23.804965438654545,7.9297705199201625,5.508595556037851,4.848916770784997,304.04,aer,4096,outputs/reps_Brickwork_entanglement/slurm_YYDPETGTWY_amber/replica_531/replica_531.pdb,outputs/reps_Brickwork_entanglement/slurm_YYDPETGTWY_amber/replica_531/replica_531_ca.pdb
483,313297250,random,YYDPETGTWY,amber,-12.303430039475348,6.411064380566525,22.678505522677142,7.555522879667492,5.508595556037851,4.848916770784997,348.07,aer,4096,outputs/reps_Brickwork_entanglement/slurm_YYDPETGTWY_amber/replica_483/replica_483.pdb,outputs/reps_Brickwork_entanglement/slurm_YYDPETGTWY_amber/replica_483/replica_483_ca.pdb
669,313297436,random,YYDPETGTWY,amber,158.5034043187283,6.411698998558553,23.21168020260862,7.5418810325749295,5.508595556037851,4.848916770784997,288.06,aer,4096,outputs/reps_Brickwork_entanglement/slurm_YYDPETGTWY_amber/replica_669/replica_669.pdb,outputs/reps_Brickwork_entanglement/slurm_YYDPETGTWY_amber/replica_669/replica_669_ca.pdb
929,313297696,random,YYDPETGTWY,amber,6.968450392974523,6.412390548219173,23.05683912455704,7.713156446863343,5.508595556037851,4.848916770784997,324.05,aer,4096,outputs/reps_Brickwork_entanglement/slurm_YYDPETGTWY_amber/replica_929/replica_929.pdb,outputs/reps_Brickwork_entanglement/slurm_YYDPETGTWY_amber/replica_929/replica_929_ca.pdb
102,313296869,random,YYDPETGTWY,amber,-52.60777935534052,6.413249666762593,22.275426997575217,7.344614822547606,5.508595556037851,4.848916770784997,256.12,aer,4096,outputs/reps_Brickwork_entanglement/slurm_YYDPETGTWY_amber/replica_102/replica_102.pdb,outputs/reps_Brickwork_entanglement/slurm_YYDPETGTWY_amber/replica_102/replica_102_ca.pdb
462,313297229,random,YYDPETGTWY,amber,-58.977480832264995,6.415131804703225,23.300955926797947,7.711725575768839,5.508595556037851,4.848916770784997,486.7,aer,4096,outputs/reps_Brickwork_entanglement/slurm_YYDPETGTWY_amber/replica_462/replica_462.pdb,outputs/reps_Brickwork_entanglement/slurm_YYDPETGTWY_amber/replica_462/replica_462_ca.pdb
509,313297276,random,YYDPETGTWY,amber,-56.25682383940725,6.415652483018704,22.524596319322164,7.595288170411544,5.508595556037851,4.848916770784997,318.1,aer,4096,outputs/reps_Brickwork_entanglement/slurm_YYDPETGTWY_amber/replica_509/replica_509.pdb,outputs/reps_Brickwork_entanglement/slurm_YYDPETGTWY_amber/replica_509/replica_509_ca.pdb
465,313297232,random,YYDPETGTWY,amber,-14.650861760257497,6.415800244123593,22.787945150176103,7.6914235614694695,5.508595556037851,4.848916770784997,220.59,aer,4096,outputs/reps_Brickwork_entanglement/slurm_YYDPETGTWY_amber/replica_465/replica_465.pdb,outputs/reps_Brickwork_entanglement/slurm_YYDPETGTWY_amber/replica_465/replica_465_ca.pdb
328,313297095,random,YYDPETGTWY,amber,-16.028562207006733,6.420259411749461,23.25057719640988,7.714912725414751,5.508595556037851,4.848916770784997,225.02,aer,4096,outputs/reps_Brickwork_entanglement/slurm_YYDPETGTWY_amber/replica_328/replica_328.pdb,outputs/reps_Brickwork_entanglement/slurm_YYDPETGTWY_amber/replica_328/replica_328_ca.pdb
75,313296842,random,YYDPETGTWY,amber,-3.584938379308399,6.420985353687838,20.559941625637713,6.968215559580064,5.508595556037851,4.848916770784997,322.0,aer,4096,outputs/reps_Brickwork_entanglement/slurm_YYDPETGTWY_amber/replica_75/replica_75.pdb,outputs/reps_Brickwork_entanglement/slurm_YYDPETGTWY_amber/replica_75/replica_75_ca.pdb
136,313296903,random,YYDPETGTWY,amber,-11.560050528396681,6.422929311654045,22.466301949798094,7.519265766634113,5.508595556037851,4.848916770784997,236.81,aer,4096,outputs/reps_Brickwork_entanglement/slurm_YYDPETGTWY_amber/replica_136/replica_136.pdb,outputs/reps_Brickwork_entanglement/slurm_YYDPETGTWY_amber/replica_136/replica_136_ca.pdb
659,313297426,random,YYDPETGTWY,amber,746.8729349215031,6.4280421211252605,23.04856482465994,7.544900055863501,5.508595556037851,4.848916770784997,174.71,aer,4096,outputs/reps_Brickwork_entanglement/slurm_YYDPETGTWY_amber/replica_659/replica_659.pdb,outputs/reps_Brickwork_entanglement/slurm_YYDPETGTWY_amber/replica_659/replica_659_ca.pdb
82,313296849,random,YYDPETGTWY,amber,85.37130675274821,6.428575513938407,19.610066797052923,6.847667405198282,5.508595556037851,4.848916770784997,202.15,aer,4096,outputs/reps_Brickwork_entanglement/slurm_YYDPETGTWY_amber/replica_82/replica_82.pdb,outputs/reps_Brickwork_entanglement/slurm_YYDPETGTWY_amber/replica_82/replica_82_ca.pdb
168,313296935,random,YYDPETGTWY,amber,-1.2403901447708465,6.433328134019336,24.48350793382845,7.885475288364393,5.508595556037851,4.848916770784997,261.53,aer,4096,outputs/reps_Brickwork_entanglement/slurm_YYDPETGTWY_amber/replica_168/replica_168.pdb,outputs/reps_Brickwork_entanglement/slurm_YYDPETGTWY_amber/replica_168/replica_168_ca.pdb
953,313297720,random,YYDPETGTWY,amber,-10.540674683722957,6.435107872524654,23.461819373217374,7.564982378326702,5.508595556037851,4.848916770784997,290.33,aer,4096,outputs/reps_Brickwork_entanglement/slurm_YYDPETGTWY_amber/replica_953/replica_953.pdb,outputs/reps_Brickwork_entanglement/slurm_YYDPETGTWY_amber/replica_953/replica_953_ca.pdb
135,313296902,random,YYDPETGTWY,amber,-50.232530689852474,6.438171195106545,23.331819591180444,7.571299937412824,5.508595556037851,4.848916770784997,380.79,aer,4096,outputs/reps_Brickwork_entanglement/slurm_YYDPETGTWY_amber/replica_135/replica_135.pdb,outputs/reps_Brickwork_entanglement/slurm_YYDPETGTWY_amber/replica_135/replica_135_ca.pdb
727,313297494,random,YYDPETGTWY,amber,98.27874643527282,6.444637534108511,22.793160426543903,7.047705943594884,5.508595556037851,4.848916770784997,348.64,aer,4096,outputs/reps_Brickwork_entanglement/slurm_YYDPETGTWY_amber/replica_727/replica_727.pdb,outputs/reps_Brickwork_entanglement/slurm_YYDPETGTWY_amber/replica_727/replica_727_ca.pdb
103,313296870,random,YYDPETGTWY,amber,10.285019994896013,6.445909832675553,22.93531846574169,7.454731261067526,5.508595556037851,4.848916770784997,244.18,aer,4096,outputs/reps_Brickwork_entanglement/slurm_YYDPETGTWY_amber/replica_103/replica_103.pdb,outputs/reps_Brickwork_entanglement/slurm_YYDPETGTWY_amber/replica_103/replica_103_ca.pdb
114,313296881,random,YYDPETGTWY,amber,-82.0771077374836,6.447076887886235,22.037478020623972,7.319936890316797,5.508595556037851,4.848916770784997,499.93,aer,4096,outputs/reps_Brickwork_entanglement/slurm_YYDPETGTWY_amber/replica_114/replica_114.pdb,outputs/reps_Brickwork_entanglement/slurm_YYDPETGTWY_amber/replica_114/replica_114_ca.pdb
77,313296844,random,YYDPETGTWY,amber,-2.78324934191947,6.452962473689325,22.739948988606642,7.415433034383481,5.508595556037851,4.848916770784997,365.81,aer,4096,outputs/reps_Brickwork_entanglement/slurm_YYDPETGTWY_amber/replica_77/replica_77.pdb,outputs/reps_Brickwork_entanglement/slurm_YYDPETGTWY_amber/replica_77/replica_77_ca.pdb
744,313297511,random,YYDPETGTWY,amber,-85.3103554327868,6.453327562952504,22.149886363145963,7.265766739353921,5.508595556037851,4.848916770784997,296.06,aer,4096,outputs/reps_Brickwork_entanglement/slurm_YYDPETGTWY_amber/replica_744/replica_744.pdb,outputs/reps_Brickwork_entanglement/slurm_YYDPETGTWY_amber/replica_744/replica_744_ca.pdb
722,313297489,random,YYDPETGTWY,amber,4.18352889458793,6.456062275482491,23.823845468001522,7.846087432819887,5.508595556037851,4.848916770784997,322.65,aer,4096,outputs/reps_Brickwork_entanglement/slurm_YYDPETGTWY_amber/replica_722/replica_722.pdb,outputs/reps_Brickwork_entanglement/slurm_YYDPETGTWY_amber/replica_722/replica_722_ca.pdb
10,313296777,random,YYDPETGTWY,amber,-56.13435361559076,6.458015494868335,22.2282294453866,7.4855768184809595,5.508595556037851,4.848916770784997,391.35,aer,4096,outputs/reps_Brickwork_entanglement/slurm_YYDPETGTWY_amber/replica_10/replica_10.pdb,outputs/reps_Brickwork_entanglement/slurm_YYDPETGTWY_amber/replica_10/replica_10_ca.pdb
733,313297500,random,YYDPETGTWY,amber,-23.0700523870425,6.462328862634517,22.735704657977138,7.335768963316545,5.508595556037851,4.848916770784997,270.74,aer,4096,outputs/reps_Brickwork_entanglement/slurm_YYDPETGTWY_amber/replica_733/replica_733.pdb,outputs/reps_Brickwork_entanglement/slurm_YYDPETGTWY_amber/replica_733/replica_733_ca.pdb
876,313297643,random,YYDPETGTWY,amber,-51.34660504527573,6.463725619164422,22.289003702889328,7.335020257521827,5.508595556037851,4.848916770784997,346.25,aer,4096,outputs/reps_Brickwork_entanglement/slurm_YYDPETGTWY_amber/replica_876/replica_876.pdb,outputs/reps_Brickwork_entanglement/slurm_YYDPETGTWY_amber/replica_876/replica_876_ca.pdb
373,313297140,random,YYDPETGTWY,amber,62.38381401841315,6.466760667832683,22.605308836762255,7.457505178375053,5.508595556037851,4.848916770784997,224.41,aer,4096,outputs/reps_Brickwork_entanglement/slurm_YYDPETGTWY_amber/replica_373/replica_373.pdb,outputs/reps_Brickwork_entanglement/slurm_YYDPETGTWY_amber/replica_373/replica_373_ca.pdb
5,313296772,random,YYDPETGTWY,amber,-20.43276786141765,6.469007623873594,22.982459271759865,7.6080958561611585,5.508595556037851,4.848916770784997,251.17,aer,4096,outputs/reps_Brickwork_entanglement/slurm_YYDPETGTWY_amber/replica_5/replica_5.pdb,outputs/reps_Brickwork_entanglement/slurm_YYDPETGTWY_amber/replica_5/replica_5_ca.pdb
467,313297234,random,YYDPETGTWY,amber,-44.07936535830906,6.480544085923878,22.329186198732952,7.25612905773896,5.508595556037851,4.848916770784997,261.91,aer,4096,outputs/reps_Brickwork_entanglement/slurm_YYDPETGTWY_amber/replica_467/replica_467.pdb,outputs/reps_Brickwork_entanglement/slurm_YYDPETGTWY_amber/replica_467/replica_467_ca.pdb
863,313297630,random,YYDPETGTWY,amber,-25.195679516263684,6.48289074014083,23.38204178128312,7.635246858561789,5.508595556037851,4.848916770784997,282.38,aer,4096,outputs/reps_Brickwork_entanglement/slurm_YYDPETGTWY_amber/replica_863/replica_863.pdb,outputs/reps_Brickwork_entanglement/slurm_YYDPETGTWY_amber/replica_863/replica_863_ca.pdb
831,313297598,random,YYDPETGTWY,amber,88.8311178018892,6.485239117337059,21.843553868317002,7.5108762117263455,5.508595556037851,4.848916770784997,323.63,aer,4096,outputs/reps_Brickwork_entanglement/slurm_YYDPETGTWY_amber/replica_831/replica_831.pdb,outputs/reps_Brickwork_entanglement/slurm_YYDPETGTWY_amber/replica_831/replica_831_ca.pdb
475,313297242,random,YYDPETGTWY,amber,-31.402504146373982,6.487728387292552,22.57872681016943,7.4776771595084215,5.508595556037851,4.848916770784997,327.62,aer,4096,outputs/reps_Brickwork_entanglement/slurm_YYDPETGTWY_amber/replica_475/replica_475.pdb,outputs/reps_Brickwork_entanglement/slurm_YYDPETGTWY_amber/replica_475/replica_475_ca.pdb
37,313296804,random,YYDPETGTWY,amber,38.107499743297765,6.488961156537192,23.751295756274747,7.691472027458613,5.508595556037851,4.848916770784997,281.02,aer,4096,outputs/reps_Brickwork_entanglement/slurm_YYDPETGTWY_amber/replica_37/replica_37.pdb,outputs/reps_Brickwork_entanglement/slurm_YYDPETGTWY_amber/replica_37/replica_37_ca.pdb
375,313297142,random,YYDPETGTWY,amber,28.02913565300601,6.498657575923908,22.855583953031143,7.618092147829411,5.508595556037851,4.848916770784997,230.01,aer,4096,outputs/reps_Brickwork_entanglement/slurm_YYDPETGTWY_amber/replica_375/replica_375.pdb,outputs/reps_Brickwork_entanglement/slurm_YYDPETGTWY_amber/replica_375/replica_375_ca.pdb
586,313297353,random,YYDPETGTWY,amber,36.3466502199347,6.4993622353282055,22.677061843339548,7.170185885856079,5.508595556037851,4.848916770784997,271.45,aer,4096,outputs/reps_Brickwork_entanglement/slurm_YYDPETGTWY_amber/replica_586/replica_586.pdb,outputs/reps_Brickwork_entanglement/slurm_YYDPETGTWY_amber/replica_586/replica_586_ca.pdb
479,313297246,random,YYDPETGTWY,amber,-99.33774279166151,6.500036439998981,21.78466257162306,7.589475947642807,5.508595556037851,4.848916770784997,257.88,aer,4096,outputs/reps_Brickwork_entanglement/slurm_YYDPETGTWY_amber/replica_479/replica_479.pdb,outputs/reps_Brickwork_entanglement/slurm_YYDPETGTWY_amber/replica_479/replica_479_ca.pdb
806,313297573,random,YYDPETGTWY,amber,4.90299095728497,6.503437913766058,22.90326012556563,7.357809387547691,5.508595556037851,4.848916770784997,267.92,aer,4096,outputs/reps_Brickwork_entanglement/slurm_YYDPETGTWY_amber/replica_806/replica_806.pdb,outputs/reps_Brickwork_entanglement/slurm_YYDPETGTWY_amber/replica_806/replica_806_ca.pdb
936,313297703,random,YYDPETGTWY,amber,-32.04077651007843,6.51162636665472,23.287183778359843,7.7025168030293045,5.508595556037851,4.848916770784997,220.22,aer,4096,outputs/reps_Brickwork_entanglement/slurm_YYDPETGTWY_amber/replica_936/replica_936.pdb,outputs/reps_Brickwork_entanglement/slurm_YYDPETGTWY_amber/replica_936/replica_936_ca.pdb
476,313297243,random,YYDPETGTWY,amber,4.171137891574114,6.512839294932606,24.065675558035124,7.824565610762394,5.508595556037851,4.848916770784997,431.16,aer,4096,outputs/reps_Brickwork_entanglement/slurm_YYDPETGTWY_amber/replica_476/replica_476.pdb,outputs/reps_Brickwork_entanglement/slurm_YYDPETGTWY_amber/replica_476/replica_476_ca.pdb
380,313297147,random,YYDPETGTWY,amber,34.042300494986215,6.5200258881054225,23.708527973917146,7.590793972856858,5.508595556037851,4.848916770784997,383.83,aer,4096,outputs/reps_Brickwork_entanglement/slurm_YYDPETGTWY_amber/replica_380/replica_380.pdb,outputs/reps_Brickwork_entanglement/slurm_YYDPETGTWY_amber/replica_380/replica_380_ca.pdb
461,313297228,random,YYDPETGTWY,amber,33.888917061702706,6.521028136176851,23.691202985456265,7.6605479462378385,5.508595556037851,4.848916770784997,260.02,aer,4096,outputs/reps_Brickwork_entanglement/slurm_YYDPETGTWY_amber/replica_461/replica_461.pdb,outputs/reps_Brickwork_entanglement/slurm_YYDPETGTWY_amber/replica_461/replica_461_ca.pdb
773,313297540,random,YYDPETGTWY,amber,-69.53220854434,6.521600401032557,22.26978950720063,7.210123365875262,5.508595556037851,4.848916770784997,277.43,aer,4096,outputs/reps_Brickwork_entanglement/slurm_YYDPETGTWY_amber/replica_773/replica_773.pdb,outputs/reps_Brickwork_entanglement/slurm_YYDPETGTWY_amber/replica_773/replica_773_ca.pdb
36,313296803,random,YYDPETGTWY,amber,-36.29861994567373,6.522632153748551,19.838488528669245,6.933491920158008,5.508595556037851,4.848916770784997,376.0,aer,4096,outputs/reps_Brickwork_entanglement/slurm_YYDPETGTWY_amber/replica_36/replica_36.pdb,outputs/reps_Brickwork_entanglement/slurm_YYDPETGTWY_amber/replica_36/replica_36_ca.pdb
689,313297456,random,YYDPETGTWY,amber,84.12242769042132,6.523728109104498,22.42947651148216,7.476070368030536,5.508595556037851,4.848916770784997,318.1,aer,4096,outputs/reps_Brickwork_entanglement/slurm_YYDPETGTWY_amber/replica_689/replica_689.pdb,outputs/reps_Brickwork_entanglement/slurm_YYDPETGTWY_amber/replica_689/replica_689_ca.pdb
530,313297297,random,YYDPETGTWY,amber,98.08336322732814,6.527742020122415,23.24199442385593,7.673433370195535,5.508595556037851,4.848916770784997,243.2,aer,4096,outputs/reps_Brickwork_entanglement/slurm_YYDPETGTWY_amber/replica_530/replica_530.pdb,outputs/reps_Brickwork_entanglement/slurm_YYDPETGTWY_amber/replica_530/replica_530_ca.pdb
484,313297251,random,YYDPETGTWY,amber,-19.30446385824591,6.535813603510111,23.924928345774,7.593367846887114,5.508595556037851,4.848916770784997,333.16,aer,4096,outputs/reps_Brickwork_entanglement/slurm_YYDPETGTWY_amber/replica_484/replica_484.pdb,outputs/reps_Brickwork_entanglement/slurm_YYDPETGTWY_amber/replica_484/replica_484_ca.pdb
725,313297492,random,YYDPETGTWY,amber,34.49986964301603,6.536444036680203,23.364610986906243,7.7450818078768675,5.508595556037851,4.848916770784997,210.45,aer,4096,outputs/reps_Brickwork_entanglement/slurm_YYDPETGTWY_amber/replica_725/replica_725.pdb,outputs/reps_Brickwork_entanglement/slurm_YYDPETGTWY_amber/replica_725/replica_725_ca.pdb
62,313296829,random,YYDPETGTWY,amber,-13.018627487688002,6.5374625723561826,24.39582601305113,7.816273164652965,5.508595556037851,4.848916770784997,233.99,aer,4096,outputs/reps_Brickwork_entanglement/slurm_YYDPETGTWY_amber/replica_62/replica_62.pdb,outputs/reps_Brickwork_entanglement/slurm_YYDPETGTWY_amber/replica_62/replica_62_ca.pdb
786,313297553,random,YYDPETGTWY,amber,17.526239534727875,6.538898850126693,23.469454658300712,7.974301389679633,5.508595556037851,4.848916770784997,413.17,aer,4096,outputs/reps_Brickwork_entanglement/slurm_YYDPETGTWY_amber/replica_786/replica_786.pdb,outputs/reps_Brickwork_entanglement/slurm_YYDPETGTWY_amber/replica_786/replica_786_ca.pdb
816,313297583,random,YYDPETGTWY,amber,36.401463125159694,6.539626061830939,22.796966685018486,7.4104426467093,5.508595556037851,4.848916770784997,321.17,aer,4096,outputs/reps_Brickwork_entanglement/slurm_YYDPETGTWY_amber/replica_816/replica_816.pdb,outputs/reps_Brickwork_entanglement/slurm_YYDPETGTWY_amber/replica_816/replica_816_ca.pdb
258,313297025,random,YYDPETGTWY,amber,-27.521202761398786,6.5396367670241995,22.651347020917488,7.2841837976950705,5.508595556037851,4.848916770784997,341.95,aer,4096,outputs/reps_Brickwork_entanglement/slurm_YYDPETGTWY_amber/replica_258/replica_258.pdb,outputs/reps_Brickwork_entanglement/slurm_YYDPETGTWY_amber/replica_258/replica_258_ca.pdb
640,313297407,random,YYDPETGTWY,amber,71.6993968698792,6.540387151747054,23.962844975410203,7.7612076470258184,5.508595556037851,4.848916770784997,230.27,aer,4096,outputs/reps_Brickwork_entanglement/slurm_YYDPETGTWY_amber/replica_640/replica_640.pdb,outputs/reps_Brickwork_entanglement/slurm_YYDPETGTWY_amber/replica_640/replica_640_ca.pdb
911,313297678,random,YYDPETGTWY,amber,56.91455723974264,6.543611358876505,23.75617441428183,7.82907317186106,5.508595556037851,4.848916770784997,365.18,aer,4096,outputs/reps_Brickwork_entanglement/slurm_YYDPETGTWY_amber/replica_911/replica_911.pdb,outputs/reps_Brickwork_entanglement/slurm_YYDPETGTWY_amber/replica_911/replica_911_ca.pdb
288,313297055,random,YYDPETGTWY,amber,86.2802306985983,6.547633525836548,24.058690459073617,7.584765170989821,5.508595556037851,4.848916770784997,295.64,aer,4096,outputs/reps_Brickwork_entanglement/slurm_YYDPETGTWY_amber/replica_288/replica_288.pdb,outputs/reps_Brickwork_entanglement/slurm_YYDPETGTWY_amber/replica_288/replica_288_ca.pdb
214,313296981,random,YYDPETGTWY,amber,-31.913210282361064,6.556261405255334,21.482299452856097,7.232694174481977,5.508595556037851,4.848916770784997,320.16,aer,4096,outputs/reps_Brickwork_entanglement/slurm_YYDPETGTWY_amber/replica_214/replica_214.pdb,outputs/reps_Brickwork_entanglement/slurm_YYDPETGTWY_amber/replica_214/replica_214_ca.pdb
932,313297699,random,YYDPETGTWY,amber,58.838909637683074,6.557989896239901,23.23776316710185,7.329245211076174,5.508595556037851,4.848916770784997,344.64,aer,4096,outputs/reps_Brickwork_entanglement/slurm_YYDPETGTWY_amber/replica_932/replica_932.pdb,outputs/reps_Brickwork_entanglement/slurm_YYDPETGTWY_amber/replica_932/replica_932_ca.pdb
424,313297191,random,YYDPETGTWY,amber,7.559397699850021,6.559220654673709,23.57364571378177,7.859590406284238,5.508595556037851,4.848916770784997,218.81,aer,4096,outputs/reps_Brickwork_entanglement/slurm_YYDPETGTWY_amber/replica_424/replica_424.pdb,outputs/reps_Brickwork_entanglement/slurm_YYDPETGTWY_amber/replica_424/replica_424_ca.pdb
673,313297440,random,YYDPETGTWY,amber,63.589882609460396,6.564041014438918,23.19328827828302,7.727900337189789,5.508595556037851,4.848916770784997,282.4,aer,4096,outputs/reps_Brickwork_entanglement/slurm_YYDPETGTWY_amber/replica_673/replica_673.pdb,outputs/reps_Brickwork_entanglement/slurm_YYDPETGTWY_amber/replica_673/replica_673_ca.pdb
459,313297226,random,YYDPETGTWY,amber,-9.438922310564834,6.565753538790255,23.039815984499054,7.7979983476843735,5.508595556037851,4.848916770784997,415.03,aer,4096,outputs/reps_Brickwork_entanglement/slurm_YYDPETGTWY_amber/replica_459/replica_459.pdb,outputs/reps_Brickwork_entanglement/slurm_YYDPETGTWY_amber/replica_459/replica_459_ca.pdb
682,313297449,random,YYDPETGTWY,amber,-0.47724998842970445,6.566395212349103,22.107213381435663,7.434024766139208,5.508595556037851,4.848916770784997,548.53,aer,4096,outputs/reps_Brickwork_entanglement/slurm_YYDPETGTWY_amber/replica_682/replica_682.pdb,outputs/reps_Brickwork_entanglement/slurm_YYDPETGTWY_amber/replica_682/replica_682_ca.pdb
366,313297133,random,YYDPETGTWY,amber,28.695539925495215,6.567868830549491,22.725689732985693,7.627338375139335,5.508595556037851,4.848916770784997,251.82,aer,4096,outputs/reps_Brickwork_entanglement/slurm_YYDPETGTWY_amber/replica_366/replica_366.pdb,outputs/reps_Brickwork_entanglement/slurm_YYDPETGTWY_amber/replica_366/replica_366_ca.pdb
648,313297415,random,YYDPETGTWY,amber,11.227306645104553,6.569969199777302,22.360932227858136,7.248204058514009,5.508595556037851,4.848916770784997,282.84,aer,4096,outputs/reps_Brickwork_entanglement/slurm_YYDPETGTWY_amber/replica_648/replica_648.pdb,outputs/reps_Brickwork_entanglement/slurm_YYDPETGTWY_amber/replica_648/replica_648_ca.pdb
843,313297610,random,YYDPETGTWY,amber,59.96496411821347,6.5731091560588695,22.766533846444865,7.734322469027939,5.508595556037851,4.848916770784997,296.64,aer,4096,outputs/reps_Brickwork_entanglement/slurm_YYDPETGTWY_amber/replica_843/replica_843.pdb,outputs/reps_Brickwork_entanglement/slurm_YYDPETGTWY_amber/replica_843/replica_843_ca.pdb
652,313297419,random,YYDPETGTWY,amber,14.385324639437636,6.575432777717045,24.387376095030817,7.917752609099291,5.508595556037851,4.848916770784997,618.8,aer,4096,outputs/reps_Brickwork_entanglement/slurm_YYDPETGTWY_amber/replica_652/replica_652.pdb,outputs/reps_Brickwork_entanglement/slurm_YYDPETGTWY_amber/replica_652/replica_652_ca.pdb
312,313297079,random,YYDPETGTWY,amber,-72.66258901760644,6.579457174877083,24.024999742805974,7.798968548964831,5.508595556037851,4.848916770784997,427.38,aer,4096,outputs/reps_Brickwork_entanglement/slurm_YYDPETGTWY_amber/replica_312/replica_312.pdb,outputs/reps_Brickwork_entanglement/slurm_YYDPETGTWY_amber/replica_312/replica_312_ca.pdb
340,313297107,random,YYDPETGTWY,amber,-86.19900820213147,6.58665826848797,23.105729849568696,7.746272430021677,5.508595556037851,4.848916770784997,211.28,aer,4096,outputs/reps_Brickwork_entanglement/slurm_YYDPETGTWY_amber/replica_340/replica_340.pdb,outputs/reps_Brickwork_entanglement/slurm_YYDPETGTWY_amber/replica_340/replica_340_ca.pdb
115,313296882,random,YYDPETGTWY,amber,-24.844000932144162,6.592898816384681,23.366884111024582,7.511028784154455,5.508595556037851,4.848916770784997,253.32,aer,4096,outputs/reps_Brickwork_entanglement/slurm_YYDPETGTWY_amber/replica_115/replica_115.pdb,outputs/reps_Brickwork_entanglement/slurm_YYDPETGTWY_amber/replica_115/replica_115_ca.pdb
883,313297650,random,YYDPETGTWY,amber,-16.265808029941276,6.594266257175726,23.05645355612764,7.64598686013726,5.508595556037851,4.848916770784997,299.23,aer,4096,outputs/reps_Brickwork_entanglement/slurm_YYDPETGTWY_amber/replica_883/replica_883.pdb,outputs/reps_Brickwork_entanglement/slurm_YYDPETGTWY_amber/replica_883/replica_883_ca.pdb
395,313297162,random,YYDPETGTWY,amber,5.815444404729756,6.594360459669323,23.35627356349998,7.388083124430125,5.508595556037851,4.848916770784997,350.35,aer,4096,outputs/reps_Brickwork_entanglement/slurm_YYDPETGTWY_amber/replica_395/replica_395.pdb,outputs/reps_Brickwork_entanglement/slurm_YYDPETGTWY_amber/replica_395/replica_395_ca.pdb
142,313296909,random,YYDPETGTWY,amber,-13.212629072027694,6.596134618555081,23.152376973160504,7.510918367045522,5.508595556037851,4.848916770784997,431.34,aer,4096,outputs/reps_Brickwork_entanglement/slurm_YYDPETGTWY_amber/replica_142/replica_142.pdb,outputs/reps_Brickwork_entanglement/slurm_YYDPETGTWY_amber/replica_142/replica_142_ca.pdb
685,313297452,random,YYDPETGTWY,amber,-30.736477723830014,6.598301988998549,23.424403943298422,7.472860775934537,5.508595556037851,4.848916770784997,233.87,aer,4096,outputs/reps_Brickwork_entanglement/slurm_YYDPETGTWY_amber/replica_685/replica_685.pdb,outputs/reps_Brickwork_entanglement/slurm_YYDPETGTWY_amber/replica_685/replica_685_ca.pdb
86,313296853,random,YYDPETGTWY,amber,40.49794113260305,6.598625574463964,22.128343430002726,7.53238150533445,5.508595556037851,4.848916770784997,258.58,aer,4096,outputs/reps_Brickwork_entanglement/slurm_YYDPETGTWY_amber/replica_86/replica_86.pdb,outputs/reps_Brickwork_entanglement/slurm_YYDPETGTWY_amber/replica_86/replica_86_ca.pdb
200,313296967,random,YYDPETGTWY,amber,-49.531903111779236,6.606588491620179,23.74049666473313,7.566289285141499,5.508595556037851,4.848916770784997,267.72,aer,4096,outputs/reps_Brickwork_entanglement/slurm_YYDPETGTWY_amber/replica_200/replica_200.pdb,outputs/reps_Brickwork_entanglement/slurm_YYDPETGTWY_amber/replica_200/replica_200_ca.pdb
304,313297071,random,YYDPETGTWY,amber,30.89206983484169,6.60932376704366,23.96324940303418,7.685113061607805,5.508595556037851,4.848916770784997,371.18,aer,4096,outputs/reps_Brickwork_entanglement/slurm_YYDPETGTWY_amber/replica_304/replica_304.pdb,outputs/reps_Brickwork_entanglement/slurm_YYDPETGTWY_amber/replica_304/replica_304_ca.pdb
943,313297710,random,YYDPETGTWY,amber,15.811916076731828,6.610344981447402,22.509477186135978,7.25984324227351,5.508595556037851,4.848916770784997,267.14,aer,4096,outputs/reps_Brickwork_entanglement/slurm_YYDPETGTWY_amber/replica_943/replica_943.pdb,outputs/reps_Brickwork_entanglement/slurm_YYDPETGTWY_amber/replica_943/replica_943_ca.pdb
950,313297717,random,YYDPETGTWY,amber,37.471051879210506,6.6123902789440745,23.07863616218371,7.601645446159941,5.508595556037851,4.848916770784997,245.22,aer,4096,outputs/reps_Brickwork_entanglement/slurm_YYDPETGTWY_amber/replica_950/replica_950.pdb,outputs/reps_Brickwork_entanglement/slurm_YYDPETGTWY_amber/replica_950/replica_950_ca.pdb
376,313297143,random,YYDPETGTWY,amber,-46.59736747931703,6.615563619240135,23.290366272326267,7.726345896406813,5.508595556037851,4.848916770784997,286.19,aer,4096,outputs/reps_Brickwork_entanglement/slurm_YYDPETGTWY_amber/replica_376/replica_376.pdb,outputs/reps_Brickwork_entanglement/slurm_YYDPETGTWY_amber/replica_376/replica_376_ca.pdb
428,313297195,random,YYDPETGTWY,amber,-33.7496040787232,6.616386637325886,22.769116078074607,7.348166777520474,5.508595556037851,4.848916770784997,230.04,aer,4096,outputs/reps_Brickwork_entanglement/slurm_YYDPETGTWY_amber/replica_428/replica_428.pdb,outputs/reps_Brickwork_entanglement/slurm_YYDPETGTWY_amber/replica_428/replica_428_ca.pdb
724,313297491,random,YYDPETGTWY,amber,-34.89921737962882,6.6182497735002235,22.929036403117827,7.400184892446756,5.508595556037851,4.848916770784997,275.15,aer,4096,outputs/reps_Brickwork_entanglement/slurm_YYDPETGTWY_amber/replica_724/replica_724.pdb,outputs/reps_Brickwork_entanglement/slurm_YYDPETGTWY_amber/replica_724/replica_724_ca.pdb
432,313297199,random,YYDPETGTWY,amber,-15.854551163398101,6.619145675529194,23.63298868491452,7.9086319258292,5.508595556037851,4.848916770784997,254.22,aer,4096,outputs/reps_Brickwork_entanglement/slurm_YYDPETGTWY_amber/replica_432/replica_432.pdb,outputs/reps_Brickwork_entanglement/slurm_YYDPETGTWY_amber/replica_432/replica_432_ca.pdb
336,313297103,random,YYDPETGTWY,amber,28.013591186745575,6.619386048795628,23.787946524143823,7.774960972709809,5.508595556037851,4.848916770784997,262.09,aer,4096,outputs/reps_Brickwork_entanglement/slurm_YYDPETGTWY_amber/replica_336/replica_336.pdb,outputs/reps_Brickwork_entanglement/slurm_YYDPETGTWY_amber/replica_336/replica_336_ca.pdb
944,313297711,random,YYDPETGTWY,amber,-6.87367734688849,6.621748235433838,24.635995517859616,7.973285297372216,5.508595556037851,4.848916770784997,275.39,aer,4096,outputs/reps_Brickwork_entanglement/slurm_YYDPETGTWY_amber/replica_944/replica_944.pdb,outputs/reps_Brickwork_entanglement/slurm_YYDPETGTWY_amber/replica_944/replica_944_ca.pdb
172,313296939,random,YYDPETGTWY,amber,53.53841106034884,6.62285850840779,23.424463867021537,7.740021794557467,5.508595556037851,4.848916770784997,318.75,aer,4096,outputs/reps_Brickwork_entanglement/slurm_YYDPETGTWY_amber/replica_172/replica_172.pdb,outputs/reps_Brickwork_entanglement/slurm_YYDPETGTWY_amber/replica_172/replica_172_ca.pdb
381,313297148,random,YYDPETGTWY,amber,-54.075014574504905,6.623502152398115,22.226152568753285,7.351767266145037,5.508595556037851,4.848916770784997,416.9,aer,4096,outputs/reps_Brickwork_entanglement/slurm_YYDPETGTWY_amber/replica_381/replica_381.pdb,outputs/reps_Brickwork_entanglement/slurm_YYDPETGTWY_amber/replica_381/replica_381_ca.pdb
593,313297360,random,YYDPETGTWY,amber,60.43059865192066,6.625177913829552,22.681281087632794,7.441905395226324,5.508595556037851,4.848916770784997,240.03,aer,4096,outputs/reps_Brickwork_entanglement/slurm_YYDPETGTWY_amber/replica_593/replica_593.pdb,outputs/reps_Brickwork_entanglement/slurm_YYDPETGTWY_amber/replica_593/replica_593_ca.pdb
347,313297114,random,YYDPETGTWY,amber,164.20172850876457,6.625773687237261,23.67690787005654,7.579323266501387,5.508595556037851,4.848916770784997,526.49,aer,4096,outputs/reps_Brickwork_entanglement/slurm_YYDPETGTWY_amber/replica_347/replica_347.pdb,outputs/reps_Brickwork_entanglement/slurm_YYDPETGTWY_amber/replica_347/replica_347_ca.pdb
417,313297184,random,YYDPETGTWY,amber,105.37968750479904,6.630390647433718,23.08796835896076,7.798116400378869,5.508595556037851,4.848916770784997,562.94,aer,4096,outputs/reps_Brickwork_entanglement/slurm_YYDPETGTWY_amber/replica_417/replica_417.pdb,outputs/reps_Brickwork_entanglement/slurm_YYDPETGTWY_amber/replica_417/replica_417_ca.pdb
155,313296922,random,YYDPETGTWY,amber,-62.15886850526161,6.6329732229271405,22.525008078801513,7.437411497372368,5.508595556037851,4.848916770784997,303.83,aer,4096,outputs/reps_Brickwork_entanglement/slurm_YYDPETGTWY_amber/replica_155/replica_155.pdb,outputs/reps_Brickwork_entanglement/slurm_YYDPETGTWY_amber/replica_155/replica_155_ca.pdb
858,313297625,random,YYDPETGTWY,amber,9.285107099547245,6.634533224183514,23.634268583295825,7.784555164365368,5.508595556037851,4.848916770784997,206.46,aer,4096,outputs/reps_Brickwork_entanglement/slurm_YYDPETGTWY_amber/replica_858/replica_858.pdb,outputs/reps_Brickwork_entanglement/slurm_YYDPETGTWY_amber/replica_858/replica_858_ca.pdb
823,313297590,random,YYDPETGTWY,amber,65.91066197349674,6.635762179705651,23.679393302474196,7.765559226229396,5.508595556037851,4.848916770784997,261.18,aer,4096,outputs/reps_Brickwork_entanglement/slurm_YYDPETGTWY_amber/replica_823/replica_823.pdb,outputs/reps_Brickwork_entanglement/slurm_YYDPETGTWY_amber/replica_823/replica_823_ca.pdb
485,313297252,random,YYDPETGTWY,amber,124.05959934739091,6.636801189419517,23.681695317264406,7.51250409685825,5.508595556037851,4.848916770784997,480.43,aer,4096,outputs/reps_Brickwork_entanglement/slurm_YYDPETGTWY_amber/replica_485/replica_485.pdb,outputs/reps_Brickwork_entanglement/slurm_YYDPETGTWY_amber/replica_485/replica_485_ca.pdb
319,313297086,random,YYDPETGTWY,amber,29.928264293756623,6.64634678524645,24.486822793533925,7.898858605630286,5.508595556037851,4.848916770784997,360.85,aer,4096,outputs/reps_Brickwork_entanglement/slurm_YYDPETGTWY_amber/replica_319/replica_319.pdb,outputs/reps_Brickwork_entanglement/slurm_YYDPETGTWY_amber/replica_319/replica_319_ca.pdb
954,313297721,random,YYDPETGTWY,amber,-30.18952957159843,6.649791044408047,22.745184952885555,7.313166032033994,5.508595556037851,4.848916770784997,356.44,aer,4096,outputs/reps_Brickwork_entanglement/slurm_YYDPETGTWY_amber/replica_954/replica_954.pdb,outputs/reps_Brickwork_entanglement/slurm_YYDPETGTWY_amber/replica_954/replica_954_ca.pdb
132,313296899,random,YYDPETGTWY,amber,64.57224058744285,6.650881759067592,24.246064512538034,7.965343754098035,5.508595556037851,4.848916770784997,291.9,aer,4096,outputs/reps_Brickwork_entanglement/slurm_YYDPETGTWY_amber/replica_132/replica_132.pdb,outputs/reps_Brickwork_entanglement/slurm_YYDPETGTWY_amber/replica_132/replica_132_ca.pdb
291,313297058,random,YYDPETGTWY,amber,3.5932359602788826,6.65104176810765,22.55236086690527,7.449298253188003,5.508595556037851,4.848916770784997,272.52,aer,4096,outputs/reps_Brickwork_entanglement/slurm_YYDPETGTWY_amber/replica_291/replica_291.pdb,outputs/reps_Brickwork_entanglement/slurm_YYDPETGTWY_amber/replica_291/replica_291_ca.pdb
904,313297671,random,YYDPETGTWY,amber,0.7123655575970486,6.651242998472304,21.23358311589572,7.073283399543116,5.508595556037851,4.848916770784997,372.16,aer,4096,outputs/reps_Brickwork_entanglement/slurm_YYDPETGTWY_amber/replica_904/replica_904.pdb,outputs/reps_Brickwork_entanglement/slurm_YYDPETGTWY_amber/replica_904/replica_904_ca.pdb
554,313297321,random,YYDPETGTWY,amber,-23.538822997789374,6.656477450544073,23.485097264263423,7.613726533202525,5.508595556037851,4.848916770784997,208.7,aer,4096,outputs/reps_Brickwork_entanglement/slurm_YYDPETGTWY_amber/replica_554/replica_554.pdb,outputs/reps_Brickwork_entanglement/slurm_YYDPETGTWY_amber/replica_554/replica_554_ca.pdb
280,313297047,random,YYDPETGTWY,amber,-15.156086500259585,6.65648991304838,22.566176684751756,7.453230451991836,5.508595556037851,4.848916770784997,478.42,aer,4096,outputs/reps_Brickwork_entanglement/slurm_YYDPETGTWY_amber/replica_280/replica_280.pdb,outputs/reps_Brickwork_entanglement/slurm_YYDPETGTWY_amber/replica_280/replica_280_ca.pdb
992,313297759,random,YYDPETGTWY,amber,63.69300740142071,6.657909837602607,22.412999900941493,7.347171486321335,5.508595556037851,4.848916770784997,365.32,aer,4096,outputs/reps_Brickwork_entanglement/slurm_YYDPETGTWY_amber/replica_992/replica_992.pdb,outputs/reps_Brickwork_entanglement/slurm_YYDPETGTWY_amber/replica_992/replica_992_ca.pdb
361,313297128,random,YYDPETGTWY,amber,-39.35525809244733,6.663517641978273,21.826584310773104,7.60459781856537,5.508595556037851,4.848916770784997,244.74,aer,4096,outputs/reps_Brickwork_entanglement/slurm_YYDPETGTWY_amber/replica_361/replica_361.pdb,outputs/reps_Brickwork_entanglement/slurm_YYDPETGTWY_amber/replica_361/replica_361_ca.pdb
338,313297105,random,YYDPETGTWY,amber,-53.92131722985682,6.664442564317344,22.60534444618801,7.21972373380813,5.508595556037851,4.848916770784997,261.25,aer,4096,outputs/reps_Brickwork_entanglement/slurm_YYDPETGTWY_amber/replica_338/replica_338.pdb,outputs/reps_Brickwork_entanglement/slurm_YYDPETGTWY_amber/replica_338/replica_338_ca.pdb
87,313296854,random,YYDPETGTWY,amber,-18.975260166749514,6.674648237508975,23.034571151549983,7.682610036146687,5.508595556037851,4.848916770784997,250.72,aer,4096,outputs/reps_Brickwork_entanglement/slurm_YYDPETGTWY_amber/replica_87/replica_87.pdb,outputs/reps_Brickwork_entanglement/slurm_YYDPETGTWY_amber/replica_87/replica_87_ca.pdb
190,313296957,random,YYDPETGTWY,amber,-91.21218003770653,6.675588336857573,24.23749823548938,7.729951298436188,5.508595556037851,4.848916770784997,340.93,aer,4096,outputs/reps_Brickwork_entanglement/slurm_YYDPETGTWY_amber/replica_190/replica_190.pdb,outputs/reps_Brickwork_entanglement/slurm_YYDPETGTWY_amber/replica_190/replica_190_ca.pdb
443,313297210,random,YYDPETGTWY,amber,38.68282533681495,6.676030107597573,22.919845234863505,7.508162354531571,5.508595556037851,4.848916770784997,241.55,aer,4096,outputs/reps_Brickwork_entanglement/slurm_YYDPETGTWY_amber/replica_443/replica_443.pdb,outputs/reps_Brickwork_entanglement/slurm_YYDPETGTWY_amber/replica_443/replica_443_ca.pdb
290,313297057,random,YYDPETGTWY,amber,23.88803369334684,6.676817728916693,23.66492888050877,7.778244755742794,5.508595556037851,4.848916770784997,291.12,aer,4096,outputs/reps_Brickwork_entanglement/slurm_YYDPETGTWY_amber/replica_290/replica_290.pdb,outputs/reps_Brickwork_entanglement/slurm_YYDPETGTWY_amber/replica_290/replica_290_ca.pdb
330,313297097,random,YYDPETGTWY,amber,39.24160143168842,6.676989063860833,24.02286159936159,7.791473773692064,5.508595556037851,4.848916770784997,244.42,aer,4096,outputs/reps_Brickwork_entanglement/slurm_YYDPETGTWY_amber/replica_330/replica_330.pdb,outputs/reps_Brickwork_entanglement/slurm_YYDPETGTWY_amber/replica_330/replica_330_ca.pdb
444,313297211,random,YYDPETGTWY,amber,-4.448228299145937,6.682322143677038,22.78551120303245,7.794099314288924,5.508595556037851,4.848916770784997,296.65,aer,4096,outputs/reps_Brickwork_entanglement/slurm_YYDPETGTWY_amber/replica_444/replica_444.pdb,outputs/reps_Brickwork_entanglement/slurm_YYDPETGTWY_amber/replica_444/replica_444_ca.pdb
99,313296866,random,YYDPETGTWY,amber,9.776573025415027,6.697143014462285,23.687052403150084,8.043705530779992,5.508595556037851,4.848916770784997,261.41,aer,4096,outputs/reps_Brickwork_entanglement/slurm_YYDPETGTWY_amber/replica_99/replica_99.pdb,outputs/reps_Brickwork_entanglement/slurm_YYDPETGTWY_amber/replica_99/replica_99_ca.pdb
480,313297247,random,YYDPETGTWY,amber,-3.34429976044775,6.700303431262721,22.750955676948703,7.416156883488569,5.508595556037851,4.848916770784997,340.49,aer,4096,outputs/reps_Brickwork_entanglement/slurm_YYDPETGTWY_amber/replica_480/replica_480.pdb,outputs/reps_Brickwork_entanglement/slurm_YYDPETGTWY_amber/replica_480/replica_480_ca.pdb
207,313296974,random,YYDPETGTWY,amber,134.85678932065986,6.701157642803206,23.550397670217443,7.87702219830527,5.508595556037851,4.848916770784997,300.18,aer,4096,outputs/reps_Brickwork_entanglement/slurm_YYDPETGTWY_amber/replica_207/replica_207.pdb,outputs/reps_Brickwork_entanglement/slurm_YYDPETGTWY_amber/replica_207/replica_207_ca.pdb
990,313297757,random,YYDPETGTWY,amber,1.3466780212271239,6.703664027914336,24.093142355150576,7.751770521490618,5.508595556037851,4.848916770784997,311.63,aer,4096,outputs/reps_Brickwork_entanglement/slurm_YYDPETGTWY_amber/replica_990/replica_990.pdb,outputs/reps_Brickwork_entanglement/slurm_YYDPETGTWY_amber/replica_990/replica_990_ca.pdb
702,313297469,random,YYDPETGTWY,amber,-0.8635312100862911,6.711173780762922,23.376613415086894,7.795974428801571,5.508595556037851,4.848916770784997,371.3,aer,4096,outputs/reps_Brickwork_entanglement/slurm_YYDPETGTWY_amber/replica_702/replica_702.pdb,outputs/reps_Brickwork_entanglement/slurm_YYDPETGTWY_amber/replica_702/replica_702_ca.pdb
12,313296779,random,YYDPETGTWY,amber,-14.778332241945886,6.711386417029726,23.227343732574244,7.4844130264692375,5.508595556037851,4.848916770784997,238.16,aer,4096,outputs/reps_Brickwork_entanglement/slurm_YYDPETGTWY_amber/replica_12/replica_12.pdb,outputs/reps_Brickwork_entanglement/slurm_YYDPETGTWY_amber/replica_12/replica_12_ca.pdb
169,313296936,random,YYDPETGTWY,amber,-17.790237561754754,6.721277774695574,22.843352204698558,7.43347246491175,5.508595556037851,4.848916770784997,387.41,aer,4096,outputs/reps_Brickwork_entanglement/slurm_YYDPETGTWY_amber/replica_169/replica_169.pdb,outputs/reps_Brickwork_entanglement/slurm_YYDPETGTWY_amber/replica_169/replica_169_ca.pdb
234,313297001,random,YYDPETGTWY,amber,20.56207701091243,6.721938938561206,23.726691120505226,7.725404477158973,5.508595556037851,4.848916770784997,267.77,aer,4096,outputs/reps_Brickwork_entanglement/slurm_YYDPETGTWY_amber/replica_234/replica_234.pdb,outputs/reps_Brickwork_entanglement/slurm_YYDPETGTWY_amber/replica_234/replica_234_ca.pdb
38,313296805,random,YYDPETGTWY,amber,-13.865805064119208,6.726700806464898,22.56087413387941,7.487157036044491,5.508595556037851,4.848916770784997,640.56,aer,4096,outputs/reps_Brickwork_entanglement/slurm_YYDPETGTWY_amber/replica_38/replica_38.pdb,outputs/reps_Brickwork_entanglement/slurm_YYDPETGTWY_amber/replica_38/replica_38_ca.pdb
651,313297418,random,YYDPETGTWY,amber,-51.472285758109756,6.729017772594085,24.18604876416067,7.766618222430279,5.508595556037851,4.848916770784997,237.19,aer,4096,outputs/reps_Brickwork_entanglement/slurm_YYDPETGTWY_amber/replica_651/replica_651.pdb,outputs/reps_Brickwork_entanglement/slurm_YYDPETGTWY_amber/replica_651/replica_651_ca.pdb
431,313297198,random,YYDPETGTWY,amber,-19.54710657629314,6.729276864117849,23.331610743746932,7.480192388445044,5.508595556037851,4.848916770784997,224.52,aer,4096,outputs/reps_Brickwork_entanglement/slurm_YYDPETGTWY_amber/replica_431/replica_431.pdb,outputs/reps_Brickwork_entanglement/slurm_YYDPETGTWY_amber/replica_431/replica_431_ca.pdb
742,313297509,random,YYDPETGTWY,amber,20.808459517723758,6.729512415580436,23.831883824466534,7.682693015836985,5.508595556037851,4.848916770784997,451.83,aer,4096,outputs/reps_Brickwork_entanglement/slurm_YYDPETGTWY_amber/replica_742/replica_742.pdb,outputs/reps_Brickwork_entanglement/slurm_YYDPETGTWY_amber/replica_742/replica_742_ca.pdb
905,313297672,random,YYDPETGTWY,amber,-35.67621129601267,6.734975216323483,23.514943206092425,7.63066164504426,5.508595556037851,4.848916770784997,321.79,aer,4096,outputs/reps_Brickwork_entanglement/slurm_YYDPETGTWY_amber/replica_905/replica_905.pdb,outputs/reps_Brickwork_entanglement/slurm_YYDPETGTWY_amber/replica_905/replica_905_ca.pdb
927,313297694,random,YYDPETGTWY,amber,11.218061572698726,6.736843166406336,23.42980717273814,7.796474584965751,5.508595556037851,4.848916770784997,357.0,aer,4096,outputs/reps_Brickwork_entanglement/slurm_YYDPETGTWY_amber/replica_927/replica_927.pdb,outputs/reps_Brickwork_entanglement/slurm_YYDPETGTWY_amber/replica_927/replica_927_ca.pdb
556,313297323,random,YYDPETGTWY,amber,87.4998148252654,6.74092144067863,23.228528870584043,7.58418071386525,5.508595556037851,4.848916770784997,205.45,aer,4096,outputs/reps_Brickwork_entanglement/slurm_YYDPETGTWY_amber/replica_556/replica_556.pdb,outputs/reps_Brickwork_entanglement/slurm_YYDPETGTWY_amber/replica_556/replica_556_ca.pdb
220,313296987,random,YYDPETGTWY,amber,0.33882763691610257,6.742996030125998,21.265044019381154,7.423611894732389,5.508595556037851,4.848916770784997,392.94,aer,4096,outputs/reps_Brickwork_entanglement/slurm_YYDPETGTWY_amber/replica_220/replica_220.pdb,outputs/reps_Brickwork_entanglement/slurm_YYDPETGTWY_amber/replica_220/replica_220_ca.pdb
89,313296856,random,YYDPETGTWY,amber,-24.414949784767725,6.754805581510793,23.83312938119193,7.706257070678067,5.508595556037851,4.848916770784997,271.93,aer,4096,outputs/reps_Brickwork_entanglement/slurm_YYDPETGTWY_amber/replica_89/replica_89.pdb,outputs/reps_Brickwork_entanglement/slurm_YYDPETGTWY_amber/replica_89/replica_89_ca.pdb
674,313297441,random,YYDPETGTWY,amber,-1.2828639187470932,6.756666660040449,23.16705472595607,7.511359641365605,5.508595556037851,4.848916770784997,243.45,aer,4096,outputs/reps_Brickwork_entanglement/slurm_YYDPETGTWY_amber/replica_674/replica_674.pdb,outputs/reps_Brickwork_entanglement/slurm_YYDPETGTWY_amber/replica_674/replica_674_ca.pdb
4,313296771,random,YYDPETGTWY,amber,16.088967240284333,6.758084630429599,23.742556059925306,7.614848447242483,5.508595556037851,4.848916770784997,297.29,aer,4096,outputs/reps_Brickwork_entanglement/slurm_YYDPETGTWY_amber/replica_4/replica_4.pdb,outputs/reps_Brickwork_entanglement/slurm_YYDPETGTWY_amber/replica_4/replica_4_ca.pdb
584,313297351,random,YYDPETGTWY,amber,45.01037466228454,6.761793174356553,23.711105173608537,7.4999705963024805,5.508595556037851,4.848916770784997,225.71,aer,4096,outputs/reps_Brickwork_entanglement/slurm_YYDPETGTWY_amber/replica_584/replica_584.pdb,outputs/reps_Brickwork_entanglement/slurm_YYDPETGTWY_amber/replica_584/replica_584_ca.pdb
888,313297655,random,YYDPETGTWY,amber,-65.69387603961087,6.766735217396765,24.31044588540613,7.858482423568856,5.508595556037851,4.848916770784997,195.77,aer,4096,outputs/reps_Brickwork_entanglement/slurm_YYDPETGTWY_amber/replica_888/replica_888.pdb,outputs/reps_Brickwork_entanglement/slurm_YYDPETGTWY_amber/replica_888/replica_888_ca.pdb
633,313297400,random,YYDPETGTWY,amber,83.35813989001691,6.767359866298251,24.0196556737427,7.7059459713533665,5.508595556037851,4.848916770784997,250.09,aer,4096,outputs/reps_Brickwork_entanglement/slurm_YYDPETGTWY_amber/replica_633/replica_633.pdb,outputs/reps_Brickwork_entanglement/slurm_YYDPETGTWY_amber/replica_633/replica_633_ca.pdb
983,313297750,random,YYDPETGTWY,amber,-49.64838348518725,6.769099819222685,23.632449579189984,7.693563252747534,5.508595556037851,4.848916770784997,231.37,aer,4096,outputs/reps_Brickwork_entanglement/slurm_YYDPETGTWY_amber/replica_983/replica_983.pdb,outputs/reps_Brickwork_entanglement/slurm_YYDPETGTWY_amber/replica_983/replica_983_ca.pdb
119,313296886,random,YYDPETGTWY,amber,-44.547265155133715,6.77081992956958,23.596516095146686,7.772133015062408,5.508595556037851,4.848916770784997,298.58,aer,4096,outputs/reps_Brickwork_entanglement/slurm_YYDPETGTWY_amber/replica_119/replica_119.pdb,outputs/reps_Brickwork_entanglement/slurm_YYDPETGTWY_amber/replica_119/replica_119_ca.pdb
729,313297496,random,YYDPETGTWY,amber,89.7543785093972,6.772891611921497,23.459486178004486,7.5709001263595965,5.508595556037851,4.848916770784997,307.68,aer,4096,outputs/reps_Brickwork_entanglement/slurm_YYDPETGTWY_amber/replica_729/replica_729.pdb,outputs/reps_Brickwork_entanglement/slurm_YYDPETGTWY_amber/replica_729/replica_729_ca.pdb
30,313296797,random,YYDPETGTWY,amber,-36.40511368143801,6.775439767318503,24.214591453412734,7.875128430638477,5.508595556037851,4.848916770784997,310.18,aer,4096,outputs/reps_Brickwork_entanglement/slurm_YYDPETGTWY_amber/replica_30/replica_30.pdb,outputs/reps_Brickwork_entanglement/slurm_YYDPETGTWY_amber/replica_30/replica_30_ca.pdb
594,313297361,random,YYDPETGTWY,amber,103.74261260548346,6.786030440600544,22.8861257606958,7.674963677521423,5.508595556037851,4.848916770784997,337.96,aer,4096,outputs/reps_Brickwork_entanglement/slurm_YYDPETGTWY_amber/replica_594/replica_594.pdb,outputs/reps_Brickwork_entanglement/slurm_YYDPETGTWY_amber/replica_594/replica_594_ca.pdb
474,313297241,random,YYDPETGTWY,amber,-0.8303816572712248,6.7891855572278175,23.86795989583864,7.6390360008018545,5.508595556037851,4.848916770784997,298.33,aer,4096,outputs/reps_Brickwork_entanglement/slurm_YYDPETGTWY_amber/replica_474/replica_474.pdb,outputs/reps_Brickwork_entanglement/slurm_YYDPETGTWY_amber/replica_474/replica_474_ca.pdb
964,313297731,random,YYDPETGTWY,amber,-36.35601761207393,6.7927519476352485,23.413643276101286,7.733293756276308,5.508595556037851,4.848916770784997,241.37,aer,4096,outputs/reps_Brickwork_entanglement/slurm_YYDPETGTWY_amber/replica_964/replica_964.pdb,outputs/reps_Brickwork_entanglement/slurm_YYDPETGTWY_amber/replica_964/replica_964_ca.pdb
798,313297565,random,YYDPETGTWY,amber,471.4100419826148,6.7988051640401554,22.881929866388923,7.574399021359475,5.508595556037851,4.848916770784997,173.38,aer,4096,outputs/reps_Brickwork_entanglement/slurm_YYDPETGTWY_amber/replica_798/replica_798.pdb,outputs/reps_Brickwork_entanglement/slurm_YYDPETGTWY_amber/replica_798/replica_798_ca.pdb
259,313297026,random,YYDPETGTWY,amber,9.784106264625994,6.803298772578983,23.79197725829568,7.770561582557206,5.508595556037851,4.848916770784997,403.55,aer,4096,outputs/reps_Brickwork_entanglement/slurm_YYDPETGTWY_amber/replica_259/replica_259.pdb,outputs/reps_Brickwork_entanglement/slurm_YYDPETGTWY_amber/replica_259/replica_259_ca.pdb
978,313297745,random,YYDPETGTWY,amber,-65.01765728475364,6.803936496783126,23.601416858655842,7.599096859456922,5.508595556037851,4.848916770784997,418.7,aer,4096,outputs/reps_Brickwork_entanglement/slurm_YYDPETGTWY_amber/replica_978/replica_978.pdb,outputs/reps_Brickwork_entanglement/slurm_YYDPETGTWY_amber/replica_978/replica_978_ca.pdb
859,313297626,random,YYDPETGTWY,amber,-58.04029467388938,6.809215338103676,23.714554802061247,7.516420792092355,5.508595556037851,4.848916770784997,295.0,aer,4096,outputs/reps_Brickwork_entanglement/slurm_YYDPETGTWY_amber/replica_859/replica_859.pdb,outputs/reps_Brickwork_entanglement/slurm_YYDPETGTWY_amber/replica_859/replica_859_ca.pdb
730,313297497,random,YYDPETGTWY,amber,96.58490841044684,6.812705485832882,21.71308172789586,7.597038312776774,5.508595556037851,4.848916770784997,234.19,aer,4096,outputs/reps_Brickwork_entanglement/slurm_YYDPETGTWY_amber/replica_730/replica_730.pdb,outputs/reps_Brickwork_entanglement/slurm_YYDPETGTWY_amber/replica_730/replica_730_ca.pdb
260,313297027,random,YYDPETGTWY,amber,42.240485827976585,6.814751265887411,24.85564807692961,7.993064192786096,5.508595556037851,4.848916770784997,326.93,aer,4096,outputs/reps_Brickwork_entanglement/slurm_YYDPETGTWY_amber/replica_260/replica_260.pdb,outputs/reps_Brickwork_entanglement/slurm_YYDPETGTWY_amber/replica_260/replica_260_ca.pdb
617,313297384,random,YYDPETGTWY,amber,55.38792920985975,6.825271025163815,21.7830538895408,7.5788204560783425,5.508595556037851,4.848916770784997,312.99,aer,4096,outputs/reps_Brickwork_entanglement/slurm_YYDPETGTWY_amber/replica_617/replica_617.pdb,outputs/reps_Brickwork_entanglement/slurm_YYDPETGTWY_amber/replica_617/replica_617_ca.pdb
33,313296800,random,YYDPETGTWY,amber,644.8707883115835,6.831117817199924,23.920936070753534,7.6546368918548024,5.508595556037851,4.848916770784997,167.96,aer,4096,outputs/reps_Brickwork_entanglement/slurm_YYDPETGTWY_amber/replica_33/replica_33.pdb,outputs/reps_Brickwork_entanglement/slurm_YYDPETGTWY_amber/replica_33/replica_33_ca.pdb
98,313296865,random,YYDPETGTWY,amber,419.8644093570458,6.833559277033856,24.577527915675613,7.9396770407594754,5.508595556037851,4.848916770784997,178.06,aer,4096,outputs/reps_Brickwork_entanglement/slurm_YYDPETGTWY_amber/replica_98/replica_98.pdb,outputs/reps_Brickwork_entanglement/slurm_YYDPETGTWY_amber/replica_98/replica_98_ca.pdb
144,313296911,random,YYDPETGTWY,amber,0.8407470160406134,6.835284230012792,24.970710365288955,8.079921850708056,5.508595556037851,4.848916770784997,246.71,aer,4096,outputs/reps_Brickwork_entanglement/slurm_YYDPETGTWY_amber/replica_144/replica_144.pdb,outputs/reps_Brickwork_entanglement/slurm_YYDPETGTWY_amber/replica_144/replica_144_ca.pdb
930,313297697,random,YYDPETGTWY,amber,38.268748925353094,6.836238353716962,22.452241790822352,7.2858578172437705,5.508595556037851,4.848916770784997,259.1,aer,4096,outputs/reps_Brickwork_entanglement/slurm_YYDPETGTWY_amber/replica_930/replica_930.pdb,outputs/reps_Brickwork_entanglement/slurm_YYDPETGTWY_amber/replica_930/replica_930_ca.pdb
541,313297308,random,YYDPETGTWY,amber,-37.21390538068826,6.837151631229735,23.967698213222906,7.727279755164588,5.508595556037851,4.848916770784997,255.74,aer,4096,outputs/reps_Brickwork_entanglement/slurm_YYDPETGTWY_amber/replica_541/replica_541.pdb,outputs/reps_Brickwork_entanglement/slurm_YYDPETGTWY_amber/replica_541/replica_541_ca.pdb
429,313297196,random,YYDPETGTWY,amber,1.0474270505318584,6.849685079554127,24.014330899245365,7.881737275576481,5.508595556037851,4.848916770784997,401.99,aer,4096,outputs/reps_Brickwork_entanglement/slurm_YYDPETGTWY_amber/replica_429/replica_429.pdb,outputs/reps_Brickwork_entanglement/slurm_YYDPETGTWY_amber/replica_429/replica_429_ca.pdb
973,313297740,random,YYDPETGTWY,amber,-22.78500784576049,6.853767186742075,23.983986032549023,7.689991606065315,5.508595556037851,4.848916770784997,222.38,aer,4096,outputs/reps_Brickwork_entanglement/slurm_YYDPETGTWY_amber/replica_973/replica_973.pdb,outputs/reps_Brickwork_entanglement/slurm_YYDPETGTWY_amber/replica_973/replica_973_ca.pdb
687,313297454,random,YYDPETGTWY,amber,-7.016421103984089,6.8544259694471625,24.34918235688525,7.857289500993573,5.508595556037851,4.848916770784997,240.64,aer,4096,outputs/reps_Brickwork_entanglement/slurm_YYDPETGTWY_amber/replica_687/replica_687.pdb,outputs/reps_Brickwork_entanglement/slurm_YYDPETGTWY_amber/replica_687/replica_687_ca.pdb
824,313297591,random,YYDPETGTWY,amber,-11.824734251318542,6.85910554927764,23.80358350430841,7.780550395009567,5.508595556037851,4.848916770784997,237.98,aer,4096,outputs/reps_Brickwork_entanglement/slurm_YYDPETGTWY_amber/replica_824/replica_824.pdb,outputs/reps_Brickwork_entanglement/slurm_YYDPETGTWY_amber/replica_824/replica_824_ca.pdb
799,313297566,random,YYDPETGTWY,amber,0.6922100453221112,6.860581047168005,24.234837865017262,7.869637251519211,5.508595556037851,4.848916770784997,267.81,aer,4096,outputs/reps_Brickwork_entanglement/slurm_YYDPETGTWY_amber/replica_799/replica_799.pdb,outputs/reps_Brickwork_entanglement/slurm_YYDPETGTWY_amber/replica_799/replica_799_ca.pdb
717,313297484,random,YYDPETGTWY,amber,91.5315180185014,6.863459976701398,24.679551347028667,7.809499203975293,5.508595556037851,4.848916770784997,277.05,aer,4096,outputs/reps_Brickwork_entanglement/slurm_YYDPETGTWY_amber/replica_717/replica_717.pdb,outputs/reps_Brickwork_entanglement/slurm_YYDPETGTWY_amber/replica_717/replica_717_ca.pdb
537,313297304,random,YYDPETGTWY,amber,-22.948878411469757,6.865208624513102,23.009656008987328,7.8768887879700396,5.508595556037851,4.848916770784997,270.31,aer,4096,outputs/reps_Brickwork_entanglement/slurm_YYDPETGTWY_amber/replica_537/replica_537.pdb,outputs/reps_Brickwork_entanglement/slurm_YYDPETGTWY_amber/replica_537/replica_537_ca.pdb
452,313297219,random,YYDPETGTWY,amber,-2.236497817925497,6.877082076080022,24.028193776136902,7.6831154403065325,5.508595556037851,4.848916770784997,233.58,aer,4096,outputs/reps_Brickwork_entanglement/slurm_YYDPETGTWY_amber/replica_452/replica_452.pdb,outputs/reps_Brickwork_entanglement/slurm_YYDPETGTWY_amber/replica_452/replica_452_ca.pdb
349,313297116,random,YYDPETGTWY,amber,-71.53586890900642,6.881378585856061,23.346225594354408,7.527653636040172,5.508595556037851,4.848916770784997,287.83,aer,4096,outputs/reps_Brickwork_entanglement/slurm_YYDPETGTWY_amber/replica_349/replica_349.pdb,outputs/reps_Brickwork_entanglement/slurm_YYDPETGTWY_amber/replica_349/replica_349_ca.pdb
913,313297680,random,YYDPETGTWY,amber,-67.1353707685785,6.889721608247216,24.006514384966845,7.62984941577874,5.508595556037851,4.848916770784997,291.67,aer,4096,outputs/reps_Brickwork_entanglement/slurm_YYDPETGTWY_amber/replica_913/replica_913.pdb,outputs/reps_Brickwork_entanglement/slurm_YYDPETGTWY_amber/replica_913/replica_913_ca.pdb
838,313297605,random,YYDPETGTWY,amber,21.124018947383874,6.89395770089872,24.181215022177692,7.707994701665551,5.508595556037851,4.848916770784997,233.01,aer,4096,outputs/reps_Brickwork_entanglement/slurm_YYDPETGTWY_amber/replica_838/replica_838.pdb,outputs/reps_Brickwork_entanglement/slurm_YYDPETGTWY_amber/replica_838/replica_838_ca.pdb
921,313297688,random,YYDPETGTWY,amber,-5.551698864650517,6.901957110136884,24.75884375402177,7.926875347930555,5.508595556037851,4.848916770784997,298.16,aer,4096,outputs/reps_Brickwork_entanglement/slurm_YYDPETGTWY_amber/replica_921/replica_921.pdb,outputs/reps_Brickwork_entanglement/slurm_YYDPETGTWY_amber/replica_921/replica_921_ca.pdb
342,313297109,random,YYDPETGTWY,amber,50.90213381830357,6.906363044394568,23.844175816265373,7.652924447075024,5.508595556037851,4.848916770784997,522.13,aer,4096,outputs/reps_Brickwork_entanglement/slurm_YYDPETGTWY_amber/replica_342/replica_342.pdb,outputs/reps_Brickwork_entanglement/slurm_YYDPETGTWY_amber/replica_342/replica_342_ca.pdb
468,313297235,random,YYDPETGTWY,amber,-11.885021188399337,6.90694399537238,23.01744896245106,7.743462603745285,5.508595556037851,4.848916770784997,399.65,aer,4096,outputs/reps_Brickwork_entanglement/slurm_YYDPETGTWY_amber/replica_468/replica_468.pdb,outputs/reps_Brickwork_entanglement/slurm_YYDPETGTWY_amber/replica_468/replica_468_ca.pdb
598,313297365,random,YYDPETGTWY,amber,21.973168547616563,6.909572437584514,23.089681188906262,7.7119570164648,5.508595556037851,4.848916770784997,221.6,aer,4096,outputs/reps_Brickwork_entanglement/slurm_YYDPETGTWY_amber/replica_598/replica_598.pdb,outputs/reps_Brickwork_entanglement/slurm_YYDPETGTWY_amber/replica_598/replica_598_ca.pdb
311,313297078,random,YYDPETGTWY,amber,-66.20487240771367,6.918724077342273,24.27098618948809,8.023420895507774,5.508595556037851,4.848916770784997,301.49,aer,4096,outputs/reps_Brickwork_entanglement/slurm_YYDPETGTWY_amber/replica_311/replica_311.pdb,outputs/reps_Brickwork_entanglement/slurm_YYDPETGTWY_amber/replica_311/replica_311_ca.pdb
737,313297504,random,YYDPETGTWY,amber,-47.73187783071455,6.930732345429345,23.9566500320487,8.074722215612208,5.508595556037851,4.848916770784997,412.2,aer,4096,outputs/reps_Brickwork_entanglement/slurm_YYDPETGTWY_amber/replica_737/replica_737.pdb,outputs/reps_Brickwork_entanglement/slurm_YYDPETGTWY_amber/replica_737/replica_737_ca.pdb
125,313296892,random,YYDPETGTWY,amber,33.67560320197305,6.935434996911581,25.07495366076811,8.103734292326571,5.508595556037851,4.848916770784997,426.61,aer,4096,outputs/reps_Brickwork_entanglement/slurm_YYDPETGTWY_amber/replica_125/replica_125.pdb,outputs/reps_Brickwork_entanglement/slurm_YYDPETGTWY_amber/replica_125/replica_125_ca.pdb
972,313297739,random,YYDPETGTWY,amber,0.9764917480391828,6.947436165222665,24.26778772580789,7.898134661357453,5.508595556037851,4.848916770784997,238.74,aer,4096,outputs/reps_Brickwork_entanglement/slurm_YYDPETGTWY_amber/replica_972/replica_972.pdb,outputs/reps_Brickwork_entanglement/slurm_YYDPETGTWY_amber/replica_972/replica_972_ca.pdb
711,313297478,random,YYDPETGTWY,amber,-6.272100375573011,6.948357901046703,24.796577961748035,7.986141892589374,5.508595556037851,4.848916770784997,283.54,aer,4096,outputs/reps_Brickwork_entanglement/slurm_YYDPETGTWY_amber/replica_711/replica_711.pdb,outputs/reps_Brickwork_entanglement/slurm_YYDPETGTWY_amber/replica_711/replica_711_ca.pdb
851,313297618,random,YYDPETGTWY,amber,51.55369157506544,6.949519811549742,24.014339343765947,7.676233514000021,5.508595556037851,4.848916770784997,248.09,aer,4096,outputs/reps_Brickwork_entanglement/slurm_YYDPETGTWY_amber/replica_851/replica_851.pdb,outputs/reps_Brickwork_entanglement/slurm_YYDPETGTWY_amber/replica_851/replica_851_ca.pdb
719,313297486,random,YYDPETGTWY,amber,-1.536808240388001,6.952461403739468,22.621120118269705,7.82437408459762,5.508595556037851,4.848916770784997,275.42,aer,4096,outputs/reps_Brickwork_entanglement/slurm_YYDPETGTWY_amber/replica_719/replica_719.pdb,outputs/reps_Brickwork_entanglement/slurm_YYDPETGTWY_amber/replica_719/replica_719_ca.pdb
7,313296774,random,YYDPETGTWY,amber,-0.4877388134193099,6.952522599805487,24.586162680964797,7.887126961248041,5.508595556037851,4.848916770784997,391.41,aer,4096,outputs/reps_Brickwork_entanglement/slurm_YYDPETGTWY_amber/replica_7/replica_7.pdb,outputs/reps_Brickwork_entanglement/slurm_YYDPETGTWY_amber/replica_7/replica_7_ca.pdb
362,313297129,random,YYDPETGTWY,amber,-4.265439550745178,6.960230189568849,24.51688906136817,8.010272875417327,5.508595556037851,4.848916770784997,291.82,aer,4096,outputs/reps_Brickwork_entanglement/slurm_YYDPETGTWY_amber/replica_362/replica_362.pdb,outputs/reps_Brickwork_entanglement/slurm_YYDPETGTWY_amber/replica_362/replica_362_ca.pdb
571,313297338,random,YYDPETGTWY,amber,-10.848958431388732,6.972323002397766,24.469728437925966,7.916379559992699,5.508595556037851,4.848916770784997,514.37,aer,4096,outputs/reps_Brickwork_entanglement/slurm_YYDPETGTWY_amber/replica_571/replica_571.pdb,outputs/reps_Brickwork_entanglement/slurm_YYDPETGTWY_amber/replica_571/replica_571_ca.pdb
27,313296794,random,YYDPETGTWY,amber,30.953633175160856,6.9729063365012705,24.16988077817376,7.8236693078169335,5.508595556037851,4.848916770784997,320.32,aer,4096,outputs/reps_Brickwork_entanglement/slurm_YYDPETGTWY_amber/replica_27/replica_27.pdb,outputs/reps_Brickwork_entanglement/slurm_YYDPETGTWY_amber/replica_27/replica_27_ca.pdb
852,313297619,random,YYDPETGTWY,amber,53.348870661876354,6.9730164049044765,25.015887157464885,7.937891022698673,5.508595556037851,4.848916770784997,248.4,aer,4096,outputs/reps_Brickwork_entanglement/slurm_YYDPETGTWY_amber/replica_852/replica_852.pdb,outputs/reps_Brickwork_entanglement/slurm_YYDPETGTWY_amber/replica_852/replica_852_ca.pdb
287,313297054,random,YYDPETGTWY,amber,-26.95429864817674,6.9779556124915825,24.457208335237436,7.918495475028875,5.508595556037851,4.848916770784997,251.8,aer,4096,outputs/reps_Brickwork_entanglement/slurm_YYDPETGTWY_amber/replica_287/replica_287.pdb,outputs/reps_Brickwork_entanglement/slurm_YYDPETGTWY_amber/replica_287/replica_287_ca.pdb
182,313296949,random,YYDPETGTWY,amber,-23.527936144215694,6.982916774902411,23.82311343598982,7.795497280813695,5.508595556037851,4.848916770784997,265.26,aer,4096,outputs/reps_Brickwork_entanglement/slurm_YYDPETGTWY_amber/replica_182/replica_182.pdb,outputs/reps_Brickwork_entanglement/slurm_YYDPETGTWY_amber/replica_182/replica_182_ca.pdb
503,313297270,random,YYDPETGTWY,amber,52.42508788384724,6.983883167497268,23.691247864499157,7.669587150424373,5.508595556037851,4.848916770784997,286.7,aer,4096,outputs/reps_Brickwork_entanglement/slurm_YYDPETGTWY_amber/replica_503/replica_503.pdb,outputs/reps_Brickwork_entanglement/slurm_YYDPETGTWY_amber/replica_503/replica_503_ca.pdb
325,313297092,random,YYDPETGTWY,amber,2.8457245590216367,7.002137052864127,24.134100298282323,7.980130739934581,5.508595556037851,4.848916770784997,400.76,aer,4096,outputs/reps_Brickwork_entanglement/slurm_YYDPETGTWY_amber/replica_325/replica_325.pdb,outputs/reps_Brickwork_entanglement/slurm_YYDPETGTWY_amber/replica_325/replica_325_ca.pdb
832,313297599,random,YYDPETGTWY,amber,4.095472421814659,7.004384173338633,25.31090756237175,7.970754431710552,5.508595556037851,4.848916770784997,278.45,aer,4096,outputs/reps_Brickwork_entanglement/slurm_YYDPETGTWY_amber/replica_832/replica_832.pdb,outputs/reps_Brickwork_entanglement/slurm_YYDPETGTWY_amber/replica_832/replica_832_ca.pdb
300,313297067,random,YYDPETGTWY,amber,25.279847189120538,7.009363430145349,24.038676288518147,8.054575461558782,5.508595556037851,4.848916770784997,421.3,aer,4096,outputs/reps_Brickwork_entanglement/slurm_YYDPETGTWY_amber/replica_300/replica_300.pdb,outputs/reps_Brickwork_entanglement/slurm_YYDPETGTWY_amber/replica_300/replica_300_ca.pdb
286,313297053,random,YYDPETGTWY,amber,-23.61631633378242,7.009368627137595,24.379595471582302,7.862008973111325,5.508595556037851,4.848916770784997,405.24,aer,4096,outputs/reps_Brickwork_entanglement/slurm_YYDPETGTWY_amber/replica_286/replica_286.pdb,outputs/reps_Brickwork_entanglement/slurm_YYDPETGTWY_amber/replica_286/replica_286_ca.pdb
15,313296782,random,YYDPETGTWY,amber,52.99794240751359,7.0162235018221635,24.371363036361966,7.843651539754102,5.508595556037851,4.848916770784997,247.72,aer,4096,outputs/reps_Brickwork_entanglement/slurm_YYDPETGTWY_amber/replica_15/replica_15.pdb,outputs/reps_Brickwork_entanglement/slurm_YYDPETGTWY_amber/replica_15/replica_15_ca.pdb
856,313297623,random,YYDPETGTWY,amber,75.74235141856121,7.025428523385547,24.56852132087167,7.905284193098799,5.508595556037851,4.848916770784997,283.59,aer,4096,outputs/reps_Brickwork_entanglement/slurm_YYDPETGTWY_amber/replica_856/replica_856.pdb,outputs/reps_Brickwork_entanglement/slurm_YYDPETGTWY_amber/replica_856/replica_856_ca.pdb
458,313297225,random,YYDPETGTWY,amber,16.966495301024594,7.028253956098592,22.713773456287594,7.573649467696069,5.508595556037851,4.848916770784997,217.72,aer,4096,outputs/reps_Brickwork_entanglement/slurm_YYDPETGTWY_amber/replica_458/replica_458.pdb,outputs/reps_Brickwork_entanglement/slurm_YYDPETGTWY_amber/replica_458/replica_458_ca.pdb
100,313296867,random,YYDPETGTWY,amber,16.111315013399498,7.041473369750593,24.359794595886317,7.996200289107642,5.508595556037851,4.848916770784997,223.1,aer,4096,outputs/reps_Brickwork_entanglement/slurm_YYDPETGTWY_amber/replica_100/replica_100.pdb,outputs/reps_Brickwork_entanglement/slurm_YYDPETGTWY_amber/replica_100/replica_100_ca.pdb
438,313297205,random,YYDPETGTWY,amber,-27.698914284274196,7.044623855728297,24.1815430502249,8.039206800505355,5.508595556037851,4.848916770784997,178.96,aer,4096,outputs/reps_Brickwork_entanglement/slurm_YYDPETGTWY_amber/replica_438/replica_438.pdb,outputs/reps_Brickwork_entanglement/slurm_YYDPETGTWY_amber/replica_438/replica_438_ca.pdb
923,313297690,random,YYDPETGTWY,amber,7.758475285276657,7.046614439234111,25.165911058128767,8.075360821390294,5.508595556037851,4.848916770784997,175.91,aer,4096,outputs/reps_Brickwork_entanglement/slurm_YYDPETGTWY_amber/replica_923/replica_923.pdb,outputs/reps_Brickwork_entanglement/slurm_YYDPETGTWY_amber/replica_923/replica_923_ca.pdb
39,313296806,random,YYDPETGTWY,amber,21.44617615298024,7.050274424303143,25.0950073147615,7.824501604182232,5.508595556037851,4.848916770784997,279.9,aer,4096,outputs/reps_Brickwork_entanglement/slurm_YYDPETGTWY_amber/replica_39/replica_39.pdb,outputs/reps_Brickwork_entanglement/slurm_YYDPETGTWY_amber/replica_39/replica_39_ca.pdb
151,313296918,random,YYDPETGTWY,amber,-22.408380635694634,7.056316496672879,24.563636856447257,7.858422857370522,5.508595556037851,4.848916770784997,207.73,aer,4096,outputs/reps_Brickwork_entanglement/slurm_YYDPETGTWY_amber/replica_151/replica_151.pdb,outputs/reps_Brickwork_entanglement/slurm_YYDPETGTWY_amber/replica_151/replica_151_ca.pdb
97,313296864,random,YYDPETGTWY,amber,-44.75339274625044,7.058755953323618,24.126844555923498,7.9441669441018705,5.508595556037851,4.848916770784997,372.09,aer,4096,outputs/reps_Brickwork_entanglement/slurm_YYDPETGTWY_amber/replica_97/replica_97.pdb,outputs/reps_Brickwork_entanglement/slurm_YYDPETGTWY_amber/replica_97/replica_97_ca.pdb
524,313297291,random,YYDPETGTWY,amber,36.29337325274378,7.058793737777018,24.572736657599823,7.84939393363824,5.508595556037851,4.848916770784997,381.64,aer,4096,outputs/reps_Brickwork_entanglement/slurm_YYDPETGTWY_amber/replica_524/replica_524.pdb,outputs/reps_Brickwork_entanglement/slurm_YYDPETGTWY_amber/replica_524/replica_524_ca.pdb
374,313297141,random,YYDPETGTWY,amber,-117.11259911439858,7.060820704495255,24.183429393588824,7.678350442006645,5.508595556037851,4.848916770784997,178.19,aer,4096,outputs/reps_Brickwork_entanglement/slurm_YYDPETGTWY_amber/replica_374/replica_374.pdb,outputs/reps_Brickwork_entanglement/slurm_YYDPETGTWY_amber/replica_374/replica_374_ca.pdb
335,313297102,random,YYDPETGTWY,amber,6.011460979541696,7.063470854970533,23.531786309403184,8.06740913503886,5.508595556037851,4.848916770784997,287.13,aer,4096,outputs/reps_Brickwork_entanglement/slurm_YYDPETGTWY_amber/replica_335/replica_335.pdb,outputs/reps_Brickwork_entanglement/slurm_YYDPETGTWY_amber/replica_335/replica_335_ca.pdb
382,313297149,random,YYDPETGTWY,amber,-33.22908197177375,7.074624155484662,24.416509844996025,7.969061629906077,5.508595556037851,4.848916770784997,292.68,aer,4096,outputs/reps_Brickwork_entanglement/slurm_YYDPETGTWY_amber/replica_382/replica_382.pdb,outputs/reps_Brickwork_entanglement/slurm_YYDPETGTWY_amber/replica_382/replica_382_ca.pdb
960,313297727,random,YYDPETGTWY,amber,10.222671407675788,7.082021603309187,24.248223244746256,7.981499420548719,5.508595556037851,4.848916770784997,415.53,aer,4096,outputs/reps_Brickwork_entanglement/slurm_YYDPETGTWY_amber/replica_960/replica_960.pdb,outputs/reps_Brickwork_entanglement/slurm_YYDPETGTWY_amber/replica_960/replica_960_ca.pdb
606,313297373,random,YYDPETGTWY,amber,-55.94504205821021,7.084990797871054,24.66495464608218,7.846883847455458,5.508595556037851,4.848916770784997,239.77,aer,4096,outputs/reps_Brickwork_entanglement/slurm_YYDPETGTWY_amber/replica_606/replica_606.pdb,outputs/reps_Brickwork_entanglement/slurm_YYDPETGTWY_amber/replica_606/replica_606_ca.pdb
16,313296783,random,YYDPETGTWY,amber,13.126836379672348,7.085425965892599,24.345378276770276,7.920282439811558,5.508595556037851,4.848916770784997,269.58,aer,4096,outputs/reps_Brickwork_entanglement/slurm_YYDPETGTWY_amber/replica_16/replica_16.pdb,outputs/reps_Brickwork_entanglement/slurm_YYDPETGTWY_amber/replica_16/replica_16_ca.pdb
681,313297448,random,YYDPETGTWY,amber,-48.595253341906954,7.089372803273777,23.801749417332047,8.002627870371496,5.508595556037851,4.848916770784997,342.14,aer,4096,outputs/reps_Brickwork_entanglement/slurm_YYDPETGTWY_amber/replica_681/replica_681.pdb,outputs/reps_Brickwork_entanglement/slurm_YYDPETGTWY_amber/replica_681/replica_681_ca.pdb
688,313297455,random,YYDPETGTWY,amber,-37.40988567351532,7.093704126714058,24.330087850411264,7.941282804944421,5.508595556037851,4.848916770784997,446.31,aer,4096,outputs/reps_Brickwork_entanglement/slurm_YYDPETGTWY_amber/replica_688/replica_688.pdb,outputs/reps_Brickwork_entanglement/slurm_YYDPETGTWY_amber/replica_688/replica_688_ca.pdb
309,313297076,random,YYDPETGTWY,amber,-47.7879567083982,7.094410117301609,24.12644540051079,7.795923805227795,5.508595556037851,4.848916770784997,247.71,aer,4096,outputs/reps_Brickwork_entanglement/slurm_YYDPETGTWY_amber/replica_309/replica_309.pdb,outputs/reps_Brickwork_entanglement/slurm_YYDPETGTWY_amber/replica_309/replica_309_ca.pdb
242,313297009,random,YYDPETGTWY,amber,-89.32941251675429,7.105790873982468,24.440744967159173,7.745302157114284,5.508595556037851,4.848916770784997,251.33,aer,4096,outputs/reps_Brickwork_entanglement/slurm_YYDPETGTWY_amber/replica_242/replica_242.pdb,outputs/reps_Brickwork_entanglement/slurm_YYDPETGTWY_amber/replica_242/replica_242_ca.pdb
817,313297584,random,YYDPETGTWY,amber,-25.07490039834869,7.106075619442763,25.43987976298129,8.093512996581236,5.508595556037851,4.848916770784997,277.3,aer,4096,outputs/reps_Brickwork_entanglement/slurm_YYDPETGTWY_amber/replica_817/replica_817.pdb,outputs/reps_Brickwork_entanglement/slurm_YYDPETGTWY_amber/replica_817/replica_817_ca.pdb
236,313297003,random,YYDPETGTWY,amber,39.84650656169108,7.107700929152949,25.433117903833853,8.170536579148326,5.508595556037851,4.848916770784997,236.49,aer,4096,outputs/reps_Brickwork_entanglement/slurm_YYDPETGTWY_amber/replica_236/replica_236.pdb,outputs/reps_Brickwork_entanglement/slurm_YYDPETGTWY_amber/replica_236/replica_236_ca.pdb
565,313297332,random,YYDPETGTWY,amber,-55.257669477379224,7.108582698479264,25.010787715407385,8.086890705407688,5.508595556037851,4.848916770784997,234.5,aer,4096,outputs/reps_Brickwork_entanglement/slurm_YYDPETGTWY_amber/replica_565/replica_565.pdb,outputs/reps_Brickwork_entanglement/slurm_YYDPETGTWY_amber/replica_565/replica_565_ca.pdb
450,313297217,random,YYDPETGTWY,amber,13.162582216865665,7.120172761772085,25.42077858028507,8.153166162386633,5.508595556037851,4.848916770784997,304.88,aer,4096,outputs/reps_Brickwork_entanglement/slurm_YYDPETGTWY_amber/replica_450/replica_450.pdb,outputs/reps_Brickwork_entanglement/slurm_YYDPETGTWY_amber/replica_450/replica_450_ca.pdb
985,313297752,random,YYDPETGTWY,amber,24.338129599927647,7.135959000444554,24.56546702236625,7.91154484420919,5.508595556037851,4.848916770784997,237.94,aer,4096,outputs/reps_Brickwork_entanglement/slurm_YYDPETGTWY_amber/replica_985/replica_985.pdb,outputs/reps_Brickwork_entanglement/slurm_YYDPETGTWY_amber/replica_985/replica_985_ca.pdb
337,313297104,random,YYDPETGTWY,amber,-16.07371751649336,7.152137854170466,24.94101045905004,8.085187154007162,5.508595556037851,4.848916770784997,208.8,aer,4096,outputs/reps_Brickwork_entanglement/slurm_YYDPETGTWY_amber/replica_337/replica_337.pdb,outputs/reps_Brickwork_entanglement/slurm_YYDPETGTWY_amber/replica_337/replica_337_ca.pdb
792,313297559,random,YYDPETGTWY,amber,-14.816353415255751,7.163000289107514,24.93180321084811,7.9622448571686855,5.508595556037851,4.848916770784997,335.05,aer,4096,outputs/reps_Brickwork_entanglement/slurm_YYDPETGTWY_amber/replica_792/replica_792.pdb,outputs/reps_Brickwork_entanglement/slurm_YYDPETGTWY_amber/replica_792/replica_792_ca.pdb
246,313297013,random,YYDPETGTWY,amber,-47.875879383311364,7.18748413521475,24.355326673255178,7.8457628788990865,5.508595556037851,4.848916770784997,496.9,aer,4096,outputs/reps_Brickwork_entanglement/slurm_YYDPETGTWY_amber/replica_246/replica_246.pdb,outputs/reps_Brickwork_entanglement/slurm_YYDPETGTWY_amber/replica_246/replica_246_ca.pdb
862,313297629,random,YYDPETGTWY,amber,132.50861427067895,7.1964751211251645,24.843526466611838,7.956016564906319,5.508595556037851,4.848916770784997,247.87,aer,4096,outputs/reps_Brickwork_entanglement/slurm_YYDPETGTWY_amber/replica_862/replica_862.pdb,outputs/reps_Brickwork_entanglement/slurm_YYDPETGTWY_amber/replica_862/replica_862_ca.pdb
555,313297322,random,YYDPETGTWY,amber,-57.0295643054099,7.199915153796705,24.574168129337345,7.75639886102199,5.508595556037851,4.848916770784997,237.88,aer,4096,outputs/reps_Brickwork_entanglement/slurm_YYDPETGTWY_amber/replica_555/replica_555.pdb,outputs/reps_Brickwork_entanglement/slurm_YYDPETGTWY_amber/replica_555/replica_555_ca.pdb
664,313297431,random,YYDPETGTWY,amber,17.851581145569018,7.206309033960368,25.10335984469307,8.095981007378619,5.508595556037851,4.848916770784997,215.16,aer,4096,outputs/reps_Brickwork_entanglement/slurm_YYDPETGTWY_amber/replica_664/replica_664.pdb,outputs/reps_Brickwork_entanglement/slurm_YYDPETGTWY_amber/replica_664/replica_664_ca.pdb
587,313297354,random,YYDPETGTWY,amber,-11.11108739106476,7.217417313463578,24.757314807930264,7.970270931880525,5.508595556037851,4.848916770784997,261.53,aer,4096,outputs/reps_Brickwork_entanglement/slurm_YYDPETGTWY_amber/replica_587/replica_587.pdb,outputs/reps_Brickwork_entanglement/slurm_YYDPETGTWY_amber/replica_587/replica_587_ca.pdb
208,313296975,random,YYDPETGTWY,amber,-1.213323123301084,7.230006034554761,24.851414364218137,7.9563170731405926,5.508595556037851,4.848916770784997,231.29,aer,4096,outputs/reps_Brickwork_entanglement/slurm_YYDPETGTWY_amber/replica_208/replica_208.pdb,outputs/reps_Brickwork_entanglement/slurm_YYDPETGTWY_amber/replica_208/replica_208_ca.pdb
957,313297724,random,YYDPETGTWY,amber,-57.599247229315566,7.2345879546222545,25.246709454763298,8.151941863677115,5.508595556037851,4.848916770784997,248.01,aer,4096,outputs/reps_Brickwork_entanglement/slurm_YYDPETGTWY_amber/replica_957/replica_957.pdb,outputs/reps_Brickwork_entanglement/slurm_YYDPETGTWY_amber/replica_957/replica_957_ca.pdb
986,313297753,random,YYDPETGTWY,amber,76.85927640261983,7.256719164587135,24.590862934065072,8.056626195673314,5.508595556037851,4.848916770784997,219.44,aer,4096,outputs/reps_Brickwork_entanglement/slurm_YYDPETGTWY_amber/replica_986/replica_986.pdb,outputs/reps_Brickwork_entanglement/slurm_YYDPETGTWY_amber/replica_986/replica_986_ca.pdb
267,313297034,random,YYDPETGTWY,amber,22.339661692967926,7.309286510468688,25.67530943560471,8.118329040738747,5.508595556037851,4.848916770784997,384.15,aer,4096,outputs/reps_Brickwork_entanglement/slurm_YYDPETGTWY_amber/replica_267/replica_267.pdb,outputs/reps_Brickwork_entanglement/slurm_YYDPETGTWY_amber/replica_267/replica_267_ca.pdb
233,313297000,random,YYDPETGTWY,amber,-33.12984617423353,7.310592928089807,25.22066284928464,7.97314954843302,5.508595556037851,4.848916770784997,280.74,aer,4096,outputs/reps_Brickwork_entanglement/slurm_YYDPETGTWY_amber/replica_233/replica_233.pdb,outputs/reps_Brickwork_entanglement/slurm_YYDPETGTWY_amber/replica_233/replica_233_ca.pdb
613,313297380,random,YYDPETGTWY,amber,329.99321880633966,7.31252670332228,24.637804755610226,7.937290049763006,5.508595556037851,4.848916770784997,343.0,aer,4096,outputs/reps_Brickwork_entanglement/slurm_YYDPETGTWY_amber/replica_613/replica_613.pdb,outputs/reps_Brickwork_entanglement/slurm_YYDPETGTWY_amber/replica_613/replica_613_ca.pdb
865,313297632,random,YYDPETGTWY,amber,15.318538097813915,7.32438072741535,25.03605333492455,8.03671266432617,5.508595556037851,4.848916770784997,257.56,aer,4096,outputs/reps_Brickwork_entanglement/slurm_YYDPETGTWY_amber/replica_865/replica_865.pdb,outputs/reps_Brickwork_entanglement/slurm_YYDPETGTWY_amber/replica_865/replica_865_ca.pdb
171,313296938,random,YYDPETGTWY,amber,486.18651160585256,7.332064481420985,25.230804861301596,8.100138048359616,5.508595556037851,4.848916770784997,212.08,aer,4096,outputs/reps_Brickwork_entanglement/slurm_YYDPETGTWY_amber/replica_171/replica_171.pdb,outputs/reps_Brickwork_entanglement/slurm_YYDPETGTWY_amber/replica_171/replica_171_ca.pdb
134,313296901,random,YYDPETGTWY,amber,86.35856057674064,7.33612881972359,24.3720747178323,7.976879141394461,5.508595556037851,4.848916770784997,382.86,aer,4096,outputs/reps_Brickwork_entanglement/slurm_YYDPETGTWY_amber/replica_134/replica_134.pdb,outputs/reps_Brickwork_entanglement/slurm_YYDPETGTWY_amber/replica_134/replica_134_ca.pdb
624,313297391,random,YYDPETGTWY,amber,1.8905560492858537,7.384658449604031,25.54980799889575,8.194151447640193,5.508595556037851,4.848916770784997,275.17,aer,4096,outputs/reps_Brickwork_entanglement/slurm_YYDPETGTWY_amber/replica_624/replica_624.pdb,outputs/reps_Brickwork_entanglement/slurm_YYDPETGTWY_amber/replica_624/replica_624_ca.pdb
701,313297468,random,YYDPETGTWY,amber,4.342469513126305,7.4030016343815435,25.49033267144739,8.203976414670842,5.508595556037851,4.848916770784997,305.86,aer,4096,outputs/reps_Brickwork_entanglement/slurm_YYDPETGTWY_amber/replica_701/replica_701.pdb,outputs/reps_Brickwork_entanglement/slurm_YYDPETGTWY_amber/replica_701/replica_701_ca.pdb
802,313297569,random,YYDPETGTWY,amber,118.36083885669353,7.467439106285865,25.618206426193023,8.36882675610285,5.508595556037851,4.848916770784997,346.87,aer,4096,outputs/reps_Brickwork_entanglement/slurm_YYDPETGTWY_amber/replica_802/replica_802.pdb,outputs/reps_Brickwork_entanglement/slurm_YYDPETGTWY_amber/replica_802/replica_802_ca.pdb
364,313297131,random,YYDPETGTWY,amber,0.4248911313918661,7.475189665491195,25.614043724796797,8.251686945778356,5.508595556037851,4.848916770784997,299.61,aer,4096,outputs/reps_Brickwork_entanglement/slurm_YYDPETGTWY_amber/replica_364/replica_364.pdb,outputs/reps_Brickwork_entanglement/slurm_YYDPETGTWY_amber/replica_364/replica_364_ca.pdb
959,313297726,random,YYDPETGTWY,amber,-9.831983762012452,7.484559960429231,26.023838868125182,8.344748633605567,5.508595556037851,4.848916770784997,240.91,aer,4096,outputs/reps_Brickwork_entanglement/slurm_YYDPETGTWY_amber/replica_959/replica_959.pdb,outputs/reps_Brickwork_entanglement/slurm_YYDPETGTWY_amber/replica_959/replica_959_ca.pdb
367,313297134,random,YYDPETGTWY,amber,-27.96012225319471,7.535137108867984,25.64113608520635,8.214472367344543,5.508595556037851,4.848916770784997,322.92,aer,4096,outputs/reps_Brickwork_entanglement/slurm_YYDPETGTWY_amber/replica_367/replica_367.pdb,outputs/reps_Brickwork_entanglement/slurm_YYDPETGTWY_amber/replica_367/replica_367_ca.pdb
827,313297594,random,YYDPETGTWY,amber,-2.5656902850181313,7.695757716700613,25.9278894069837,8.406987557407817,5.508595556037851,4.848916770784997,282.52,aer,4096,outputs/reps_Brickwork_entanglement/slurm_YYDPETGTWY_amber/replica_827/replica_827.pdb,outputs/reps_Brickwork_entanglement/slurm_YYDPETGTWY_amber/replica_827/replica_827_ca.pdb
612,313297379,random,YYDPETGTWY,amber,126.83006709084266,7.746865005489197,26.87441341766645,8.635295766534696,5.508595556037851,4.848916770784997,260.42,aer,4096,outputs/reps_Brickwork_entanglement/slurm_YYDPETGTWY_amber/replica_612/replica_612.pdb,outputs/reps_Brickwork_entanglement/slurm_YYDPETGTWY_amber/replica_612/replica_612_ca.pdb
