protein_name,reference_pdb,experiment_id,sequence,forcefield,chi_mode,hbond_scale,sasa_scale,vdw_rep_scale,vdw_attr_scale,energy_rank,energy,depth,angles_deg_json,term_constraint,term_sasa,term_hbond,term_hbond_raw,term_electrostatics,term_disulfide,term_vdw_repulsion,term_vdw_attractive,term_rotamer,term_pi_stacking,term_rama,term_geometry,term_geom_pro_ring,term_geom_chirality,term_geom_planarity,term_burial_mean,term_burial_min,term_burial_max,term_neighbor_mean,term_neighbor_min,term_neighbor_max,term_total,pred_e2e_A,pred_rg_A,rmsd_to_reference_A,ref_e2e_A,ref_rg_A,native_like,rmsd_error
chignolin,/home/raubenb/gitrepos/QTF/5AWL.pdb,chignolin_ff-amber_chi-selective_hb-0.75_sasa-0.7_vdwr-0.1_vdwa-0.1,YYDPETGTWY,amber,selective,0.75,0.7,0.1,0.1,1,88.29984189124634,10,"[29.999999999999996, 75.0, 59.99999999999999, 59.99999999999999, 75.0, 45.0, -59.99999999999999, 59.99999999999999, 45.0, 14.999999999999998, -59.99999999999999, -75.0, 105.00000000000001, 59.99999999999999, 29.999999999999996, 45.0, 59.99999999999999, 29.999999999999996, 59.99999999999999, -59.99999999999999, -59.99999999999999, 175.0, -45.0, -59.99999999999999, 180.0, -59.99999999999999, 150.0, 180.0, 180.0, 75.0, 45.0, 59.99999999999999, -59.99999999999999]",5.559128327385894,47.084185321756244,-44.31532208268039,-59.087096110240516,16.220776763375124,0.0,95.94660033277756,-8.064386644112945,-15.807538799549226,-7.4888023486714905,-1.4231024318057999,0.5883034527713573,0.5883034527713573,0.0,0.0,0.9728229810552634,0.6827325242117765,1.0,42.31545173494209,23.89563834741218,60.38276865300573,88.29984189124634,4.44556855819016,4.560609369576943,3.4631321652513765,5.508594512939453,4.848916530609131,False,
chignolin,/home/raubenb/gitrepos/QTF/5AWL.pdb,chignolin_ff-amber_chi-selective_hb-0.75_sasa-0.7_vdwr-0.1_vdwa-0.1,YYDPETGTWY,amber,selective,0.75,0.7,0.1,0.1,2,90.04432458112674,10,"[29.999999999999996, 75.0, 59.99999999999999, 59.99999999999999, 75.0, 45.0, -59.99999999999999, 59.99999999999999, 45.0, 14.999999999999998, -59.99999999999999, -75.0, 105.00000000000001, 59.99999999999999, 29.999999999999996, 45.0, 59.99999999999999, 29.999999999999996, 59.99999999999999, -59.99999999999999, -59.99999999999999, 175.0, -59.99999999999999, -59.99999999999999, 180.0, -59.99999999999999, 150.0, 180.0, 180.0, 75.0, 45.0, 59.99999999999999, -59.99999999999999]",13.077853055068395,44.972937355337436,-44.31532208268039,-59.087096110240516,16.217575770458236,0.0,92.66736584298549,-8.26800981446738,-15.807538799549226,-7.488802348671488,-1.6000378501256962,0.5883034527713573,0.5883034527713573,0.0,0.0,0.9740415946000938,0.7371758271863882,1.0,42.25018772025842,25.801153951523588,61.24045066742728,90.04432458112674,3.8827274159827976,4.6367521350019825,3.288358451353916,5.508594512939453,4.848916530609131,False,
chignolin,/home/raubenb/gitrepos/QTF/5AWL.pdb,chignolin_ff-amber_chi-selective_hb-0.75_sasa-0.7_vdwr-0.1_vdwa-0.1,YYDPETGTWY,amber,selective,0.75,0.7,0.1,0.1,3,107.91262113852439,10,"[-150.0, 105.00000000000001, -59.99999999999999, 59.99999999999999, 75.0, 45.0, -59.99999999999999, 59.99999999999999, 90.0, 45.0, 180.0, 29.999999999999996, 45.0, 59.99999999999999, -59.99999999999999, -59.99999999999999, -59.99999999999999, -119.99999999999999, 59.99999999999999, 180.0, 59.99999999999999, 75.0, -29.999999999999996, 135.0, 180.0, -90.0, -14.999999999999998, 59.99999999999999, 180.0, -75.0, 175.0, 180.0, 59.99999999999999]",0.20437113861719602,75.26721652144695,-33.48691091939794,-44.64921455919726,17.45236403360082,0.0,74.78318098155825,-11.12548399889035,-15.807538799549237,0.0,0.0371187301760785,0.5883034509626316,0.5883034509626316,0.0,0.0,0.95655571917954,0.6566233039486983,1.0,39.78767087338329,22.98181563820444,61.4360216344301,107.91262113852439,5.702173756267818,4.547789145288556,3.236502341283849,5.508594512939453,4.848916530609131,False,
chignolin,/home/raubenb/gitrepos/QTF/5AWL.pdb,chignolin_ff-amber_chi-selective_hb-0.75_sasa-0.7_vdwr-0.1_vdwa-0.1,YYDPETGTWY,amber,selective,0.75,0.7,0.1,0.1,4,108.53127293298765,10,"[-119.99999999999999, 105.00000000000001, 59.99999999999999, 59.99999999999999, 75.0, 45.0, -59.99999999999999, 59.99999999999999, 90.0, 45.0, 180.0, 29.999999999999996, 45.0, 59.99999999999999, -59.99999999999999, -59.99999999999999, -59.99999999999999, -119.99999999999999, 59.99999999999999, 180.0, 59.99999999999999, 75.0, -29.999999999999996, 135.0, 180.0, -90.0, -14.999999999999998, 59.99999999999999, 180.0, -75.0, 175.0, 180.0, 59.99999999999999]",0.20437113861719602,75.26721652144695,-33.48691091939794,-44.64921455919726,17.45236403360082,0.0,74.78318098155825,-11.12548399889035,-15.807538799549237,0.0,0.6557705246393433,0.5883034509626316,0.5883034509626316,0.0,0.0,0.95655571917954,0.6566233039486983,1.0,39.78767087338329,22.98181563820444,61.4360216344301,108.53127293298765,5.702173756267818,4.547789145288556,3.236502341283849,5.508594512939453,4.848916530609131,False,
chignolin,/home/raubenb/gitrepos/QTF/5AWL.pdb,chignolin_ff-amber_chi-selective_hb-0.75_sasa-0.7_vdwr-0.1_vdwa-0.1,YYDPETGTWY,amber,selective,0.75,0.7,0.1,0.1,5,109.20808087499782,10,"[-150.0, 105.00000000000001, -59.99999999999999, 59.99999999999999, 75.0, 45.0, -59.99999999999999, 59.99999999999999, 90.0, 45.0, 180.0, 29.999999999999996, 45.0, 59.99999999999999, -59.99999999999999, -59.99999999999999, -59.99999999999999, -119.99999999999999, 59.99999999999999, 180.0, 59.99999999999999, 75.0, -29.999999999999996, 119.99999999999999, -59.99999999999999, -90.0, -14.999999999999998, 59.99999999999999, 180.0, -45.0, -29.999999999999996, 180.0, 59.99999999999999]",0.07229582738622525,70.79570707996527,-33.48691091939794,-44.64921455919726,17.516281787769497,0.0,82.67113142001635,-11.167797416705895,-15.807538799549222,0.0,-1.9733915554491186,0.5883034509626316,0.5883034509626316,0.0,0.0,0.9591366770101211,0.6652234685137466,1.0,40.22541357183647,23.28282139798113,61.979318043645335,109.20808087499782,5.379753729882191,4.526242111659975,3.139007034893799,5.508594512939453,4.848916530609131,False,
chignolin,/home/raubenb/gitrepos/QTF/5AWL.pdb,chignolin_ff-amber_chi-selective_hb-0.75_sasa-0.7_vdwr-0.1_vdwa-0.1,YYDPETGTWY,amber,selective,0.75,0.7,0.1,0.1,6,109.55477167953497,10,"[29.999999999999996, 75.0, 59.99999999999999, 59.99999999999999, 75.0, 45.0, -59.99999999999999, 59.99999999999999, 45.0, 14.999999999999998, -59.99999999999999, -75.0, 105.00000000000001, 59.99999999999999, 29.999999999999996, 45.0, 59.99999999999999, 29.999999999999996, 59.99999999999999, -59.99999999999999, -59.99999999999999, 175.0, -45.0, -59.99999999999999, 180.0, -75.0, 130.0, -59.99999999999999, 180.0, 75.0, 45.0, 59.99999999999999, -59.99999999999999]",11.898951112813984,78.85146256073978,-44.31532208268039,-59.087096110240516,16.526022766846243,0.0,74.43828976350572,-7.8321969434614,-15.407562169765258,-3.8781013731388074,-1.3150754080962754,0.5883034527713573,0.5883034527713573,0.0,0.0,0.9544868902968313,0.5692365597050851,1.0,41.09701419913084,19.92327958967798,60.55532194973034,109.55477167953497,3.9573431287020444,4.5004226329708255,3.453912476956034,5.508594512939453,4.848916530609131,False,
chignolin,/home/raubenb/gitrepos/QTF/5AWL.pdb,chignolin_ff-amber_chi-selective_hb-0.75_sasa-0.7_vdwr-0.1_vdwa-0.1,YYDPETGTWY,amber,selective,0.75,0.7,0.1,0.1,7,109.82673266946108,10,"[-119.99999999999999, 105.00000000000001, 59.99999999999999, 59.99999999999999, 75.0, 45.0, -59.99999999999999, 59.99999999999999, 90.0, 45.0, 180.0, 29.999999999999996, 45.0, 59.99999999999999, -59.99999999999999, -59.99999999999999, -59.99999999999999, -119.99999999999999, 59.99999999999999, 180.0, 59.99999999999999, 75.0, -29.999999999999996, 119.99999999999999, -59.99999999999999, -90.0, -14.999999999999998, 59.99999999999999, 180.0, -45.0, -29.999999999999996, 180.0, 59.99999999999999]",0.07229582738622525,70.79570707996527,-33.48691091939794,-44.64921455919726,17.516281787769497,0.0,82.67113142001635,-11.167797416705895,-15.807538799549222,0.0,-1.3547397609858538,0.5883034509626316,0.5883034509626316,0.0,0.0,0.9591366770101211,0.6652234685137466,1.0,40.22541357183647,23.28282139798113,61.979318043645335,109.82673266946108,5.379753729882191,4.526242111659975,3.139007034893799,5.508594512939453,4.848916530609131,False,
chignolin,/home/raubenb/gitrepos/QTF/5AWL.pdb,chignolin_ff-amber_chi-selective_hb-0.75_sasa-0.7_vdwr-0.1_vdwa-0.1,YYDPETGTWY,amber,selective,0.75,0.7,0.1,0.1,8,114.94534302874364,10,"[29.999999999999996, 75.0, 59.99999999999999, 59.99999999999999, 75.0, 45.0, -59.99999999999999, 59.99999999999999, 45.0, 14.999999999999998, -59.99999999999999, -75.0, 105.00000000000001, 59.99999999999999, 29.999999999999996, 45.0, 59.99999999999999, 59.99999999999999, 59.99999999999999, 180.0, -59.99999999999999, 175.0, -59.99999999999999, -59.99999999999999, 180.0, -59.99999999999999, 150.0, 180.0, 180.0, 75.0, 45.0, 59.99999999999999, -59.99999999999999]",0.7353384240355954,80.76950141563717,-44.31532208268039,-59.087096110240516,17.82830351963696,0.0,92.52689030030521,-8.283404863443547,-15.807538799549238,-7.488802348671488,-1.6079259892979998,0.5883034527713573,0.5883034527713573,0.0,0.0,0.9533797971626914,0.5949445475177235,1.0,40.616910684232,20.823059163120323,58.3707863174009,114.94534302874364,5.116505952057768,4.374977086719276,3.4932742207325953,5.508594512939453,4.848916530609131,False,
chignolin,/home/raubenb/gitrepos/QTF/5AWL.pdb,chignolin_ff-amber_chi-selective_hb-0.75_sasa-0.7_vdwr-0.1_vdwa-0.1,YYDPETGTWY,amber,selective,0.75,0.7,0.1,0.1,9,117.2577564568411,10,"[-150.0, 105.00000000000001, -59.99999999999999, 59.99999999999999, 75.0, 45.0, -59.99999999999999, 59.99999999999999, 90.0, 45.0, 180.0, 29.999999999999996, 45.0, 59.99999999999999, -59.99999999999999, -59.99999999999999, -59.99999999999999, -119.99999999999999, 59.99999999999999, 180.0, 59.99999999999999, 75.0, -29.999999999999996, 119.99999999999999, -59.99999999999999, -90.0, -14.999999999999998, 59.99999999999999, 180.0, -119.99999999999999, 150.0, 180.0, 59.99999999999999]",0.07229582738622525,83.93443784047768,-33.48691091939794,-44.64921455919726,17.352452500356875,0.0,76.855292188306,-10.389661869220358,-15.807538799549222,0.0,-1.8609137624807843,0.5883034509626316,0.5883034509626316,0.0,0.0,0.9515529940314703,0.6675057445611863,1.0,39.50180524442445,23.36270105964152,62.822074053866814,117.2577564568411,5.379753729882191,4.526242111659975,3.139007034893799,5.508594512939453,4.848916530609131,False,
chignolin,/home/raubenb/gitrepos/QTF/5AWL.pdb,chignolin_ff-amber_chi-selective_hb-0.75_sasa-0.7_vdwr-0.1_vdwa-0.1,YYDPETGTWY,amber,selective,0.75,0.7,0.1,0.1,10,117.87640825130437,10,"[-119.99999999999999, 105.00000000000001, 59.99999999999999, 59.99999999999999, 75.0, 45.0, -59.99999999999999, 59.99999999999999, 90.0, 45.0, 180.0, 29.999999999999996, 45.0, 59.99999999999999, -59.99999999999999, -59.99999999999999, -59.99999999999999, -119.99999999999999, 59.99999999999999, 180.0, 59.99999999999999, 75.0, -29.999999999999996, 119.99999999999999, -59.99999999999999, -90.0, -14.999999999999998, 59.99999999999999, 180.0, -119.99999999999999, 150.0, 180.0, 59.99999999999999]",0.07229582738622525,83.93443784047768,-33.48691091939794,-44.64921455919726,17.352452500356875,0.0,76.855292188306,-10.389661869220358,-15.807538799549222,0.0,-1.2422619680175195,0.5883034509626316,0.5883034509626316,0.0,0.0,0.9515529940314703,0.6675057445611863,1.0,39.50180524442445,23.36270105964152,62.822074053866814,117.87640825130437,5.379753729882191,4.526242111659975,3.139007034893799,5.508594512939453,4.848916530609131,False,
chignolin,/home/raubenb/gitrepos/QTF/5AWL.pdb,chignolin_ff-amber_chi-selective_hb-0.75_sasa-0.7_vdwr-0.1_vdwa-0.1,YYDPETGTWY,amber,selective,0.75,0.7,0.1,0.1,11,121.22193349387251,10,"[29.999999999999996, 75.0, 59.99999999999999, 59.99999999999999, 75.0, 45.0, -59.99999999999999, 59.99999999999999, 45.0, 14.999999999999998, -59.99999999999999, -75.0, 105.00000000000001, 59.99999999999999, 29.999999999999996, 45.0, 59.99999999999999, 59.99999999999999, 59.99999999999999, 180.0, -75.0, 119.99999999999999, -45.0, -59.99999999999999, 180.0, -59.99999999999999, 150.0, 180.0, 180.0, 75.0, 45.0, 59.99999999999999, -59.99999999999999]",16.31864738456086,44.409013673066944,-44.513198755159365,-59.350931673545816,20.063308901776548,0.0,123.1077928632633,-10.088207586469643,-15.807538799549238,-11.032992490418145,-1.8231951499701073,0.5883034527713573,0.5883034527713573,0.0,0.0,0.9743670916749974,0.6148696102274595,1.0,43.77904251706872,21.52043635796108,63.022851644187554,121.22193349387251,3.6934205035725185,4.43515282821453,2.991732561909014,5.508594512939453,4.848916530609131,False,
chignolin,/home/raubenb/gitrepos/QTF/5AWL.pdb,chignolin_ff-amber_chi-selective_hb-0.75_sasa-0.7_vdwr-0.1_vdwa-0.1,YYDPETGTWY,amber,selective,0.75,0.7,0.1,0.1,12,122.6118503888495,10,"[29.999999999999996, 75.0, 59.99999999999999, 59.99999999999999, 75.0, 45.0, -59.99999999999999, 59.99999999999999, 45.0, 14.999999999999998, -59.99999999999999, -75.0, 105.00000000000001, 59.99999999999999, 75.0, 45.0, 180.0, 90.0, 14.999999999999998, -59.99999999999999, 59.99999999999999, 75.0, -119.99999999999999, 90.0, 59.99999999999999, -59.99999999999999, 105.00000000000001, 180.0, 180.0, -75.0, 175.0, 180.0, 59.99999999999999]",0.48009999872156534,59.640214308824405,-44.31532208268039,-59.087096110240516,19.851180144425044,0.0,113.85091935224827,-10.942711049823572,-13.207980012764171,-5.936816391160894,2.6039626682878843,0.5883034527713573,0.5883034527713573,0.0,0.0,0.9655756338765804,0.7631960343547404,1.0,43.07253605573339,26.711861202415914,64.4514728461363,122.6118503888495,5.809870940464434,4.3897260366097814,2.2956160131031758,5.508594512939453,4.848916530609131,False,
chignolin,/home/raubenb/gitrepos/QTF/5AWL.pdb,chignolin_ff-amber_chi-selective_hb-0.75_sasa-0.7_vdwr-0.1_vdwa-0.1,YYDPETGTWY,amber,selective,0.75,0.7,0.1,0.1,13,123.91315635754515,10,"[29.999999999999996, 75.0, 59.99999999999999, 59.99999999999999, 75.0, 45.0, -59.99999999999999, 59.99999999999999, 45.0, 14.999999999999998, -59.99999999999999, -75.0, 105.00000000000001, 59.99999999999999, 29.999999999999996, 45.0, 59.99999999999999, 59.99999999999999, 59.99999999999999, 180.0, -75.0, 119.99999999999999, -59.99999999999999, -59.99999999999999, 180.0, -59.99999999999999, 150.0, 180.0, 180.0, 75.0, 45.0, 59.99999999999999, -59.99999999999999]",10.075482979406505,64.22296802168252,-44.31532208268039,-59.087096110240516,17.349710339760136,0.0,110.6546369823055,-9.366151619189765,-15.807538799549238,-7.488802348671484,-2.0001305682900035,0.5883034527713573,0.5883034527713573,0.0,0.0,0.9629304657883506,0.5123996415701868,1.0,42.17755443667916,17.933987454956537,62.17759631325325,123.91315635754515,4.080459019301908,4.5572816178897,2.886952600821711,5.508594512939453,4.848916530609131,False,
chignolin,/home/raubenb/gitrepos/QTF/5AWL.pdb,chignolin_ff-amber_chi-selective_hb-0.75_sasa-0.7_vdwr-0.1_vdwa-0.1,YYDPETGTWY,amber,selective,0.75,0.7,0.1,0.1,14,124.01132653952783,10,"[29.999999999999996, 75.0, 59.99999999999999, 59.99999999999999, 75.0, 45.0, -59.99999999999999, 59.99999999999999, 45.0, 14.999999999999998, -59.99999999999999, -75.0, 105.00000000000001, 59.99999999999999, 75.0, 45.0, 180.0, 90.0, 14.999999999999998, -59.99999999999999, 59.99999999999999, 75.0, -119.99999999999999, 90.0, 59.99999999999999, -59.99999999999999, 150.0, 180.0, 180.0, -119.99999999999999, 150.0, 180.0, 59.99999999999999]",1.1557786661518739,62.408575547315145,-44.31532208268039,-59.087096110240516,19.865115177759783,0.0,112.25915677457591,-10.551498179757509,-13.207980012764171,-3.8781013731388074,-0.31270143070535594,0.5883034527713573,0.5883034527713573,0.0,0.0,0.9639777341718239,0.7480413438712019,1.0,42.50818847858144,26.181447035492067,62.89738148669927,124.01132653952783,5.980786577631255,4.475171909428125,2.3047114394469914,5.508594512939453,4.848916530609131,False,
chignolin,/home/raubenb/gitrepos/QTF/5AWL.pdb,chignolin_ff-amber_chi-selective_hb-0.75_sasa-0.7_vdwr-0.1_vdwa-0.1,YYDPETGTWY,amber,selective,0.75,0.7,0.1,0.1,15,124.4434484642718,10,"[-150.0, 105.00000000000001, -59.99999999999999, 59.99999999999999, 75.0, 45.0, -59.99999999999999, 59.99999999999999, 90.0, 45.0, 180.0, 29.999999999999996, 45.0, 59.99999999999999, -59.99999999999999, -59.99999999999999, -59.99999999999999, -119.99999999999999, 59.99999999999999, 180.0, 59.99999999999999, 75.0, -29.999999999999996, 119.99999999999999, -59.99999999999999, -90.0, -14.999999999999998, 59.99999999999999, 180.0, -29.999999999999996, 135.0, 180.0, 59.99999999999999]",0.07229582738622525,73.06604244341888,-33.48691091939794,-44.64921455919726,17.50185436997768,0.0,92.34523412157209,-10.270689590608468,-15.807538799549222,0.0,0.4348575605099469,0.5883034509626316,0.5883034509626316,0.0,0.0,0.9578262381278967,0.6713358444989249,1.0,39.424466131640685,23.49675455746237,61.26213002353794,124.4434484642718,5.379753729882191,4.526242111659975,3.139007034893799,5.508594512939453,4.848916530609131,False,
chignolin,/home/raubenb/gitrepos/QTF/5AWL.pdb,chignolin_ff-amber_chi-selective_hb-0.75_sasa-0.7_vdwr-0.1_vdwa-0.1,YYDPETGTWY,amber,selective,0.75,0.7,0.1,0.1,16,124.79647690278063,10,"[29.999999999999996, 75.0, 59.99999999999999, 59.99999999999999, 75.0, 45.0, -59.99999999999999, 59.99999999999999, 45.0, 14.999999999999998, -59.99999999999999, -75.0, 105.00000000000001, 59.99999999999999, 29.999999999999996, 45.0, 59.99999999999999, 59.99999999999999, 59.99999999999999, 180.0, -59.99999999999999, 175.0, -45.0, -59.99999999999999, 180.0, -59.99999999999999, 150.0, 180.0, 180.0, 75.0, 45.0, 59.99999999999999, -59.99999999999999]",0.3601931935329919,92.27491960376283,-44.31532208268039,-59.087096110240516,17.395799082490605,0.0,91.22090961525139,-8.000994243149332,-15.807538799549238,-7.488802348671486,-1.4309905709781034,0.5883034527713573,0.5883034527713573,0.0,0.0,0.9467388631435713,0.5741891788051349,1.0,39.932497948016355,20.09662125817972,56.447524086256415,124.79647690278063,5.76840014662179,4.333679648978003,3.6698034078610355,5.508594512939453,4.848916530609131,False,
chignolin,/home/raubenb/gitrepos/QTF/5AWL.pdb,chignolin_ff-amber_chi-selective_hb-0.75_sasa-0.7_vdwr-0.1_vdwa-0.1,YYDPETGTWY,amber,selective,0.75,0.7,0.1,0.1,17,125.06210025873507,10,"[-119.99999999999999, 105.00000000000001, 59.99999999999999, 59.99999999999999, 75.0, 45.0, -59.99999999999999, 59.99999999999999, 90.0, 45.0, 180.0, 29.999999999999996, 45.0, 59.99999999999999, -59.99999999999999, -59.99999999999999, -59.99999999999999, -119.99999999999999, 59.99999999999999, 180.0, 59.99999999999999, 75.0, -29.999999999999996, 119.99999999999999, -59.99999999999999, -90.0, -14.999999999999998, 59.99999999999999, 180.0, -29.999999999999996, 135.0, 180.0, 59.99999999999999]",0.07229582738622525,73.06604244341888,-33.48691091939794,-44.64921455919726,17.50185436997768,0.0,92.34523412157209,-10.270689590608468,-15.807538799549222,0.0,1.0535093549732117,0.5883034509626316,0.5883034509626316,0.0,0.0,0.9578262381278967,0.6713358444989249,1.0,39.424466131640685,23.49675455746237,61.26213002353794,125.06210025873507,5.379753729882191,4.526242111659975,3.139007034893799,5.508594512939453,4.848916530609131,False,
chignolin,/home/raubenb/gitrepos/QTF/5AWL.pdb,chignolin_ff-amber_chi-selective_hb-0.75_sasa-0.7_vdwr-0.1_vdwa-0.1,YYDPETGTWY,amber,selective,0.75,0.7,0.1,0.1,18,125.14539034995549,10,"[29.999999999999996, 75.0, 59.99999999999999, 59.99999999999999, 75.0, 45.0, -59.99999999999999, 59.99999999999999, 45.0, 14.999999999999998, -59.99999999999999, -75.0, 105.00000000000001, 59.99999999999999, 75.0, 45.0, 180.0, 90.0, 14.999999999999998, -59.99999999999999, 59.99999999999999, 75.0, -119.99999999999999, 90.0, 59.99999999999999, -75.0, 130.0, -59.99999999999999, 180.0, -119.99999999999999, 150.0, 180.0, 59.99999999999999]",2.3247963997740513,78.36865902686785,-44.31532208268039,-59.087096110240516,19.895318865266276,0.0,95.4997994410464,-10.325385589975214,-12.808003382980202,-3.8781013731388074,-0.2046744069958315,0.5883034527713573,0.5883034527713573,0.0,0.0,0.9547655647752566,0.6997883914962048,1.0,41.72050247409462,24.492593702367166,63.057201864160504,125.14539034995549,6.181879226809858,4.490309055895783,2.3263144857964804,5.508594512939453,4.848916530609131,False,
chignolin,/home/raubenb/gitrepos/QTF/5AWL.pdb,chignolin_ff-amber_chi-selective_hb-0.75_sasa-0.7_vdwr-0.1_vdwa-0.1,YYDPETGTWY,amber,selective,0.75,0.7,0.1,0.1,19,125.92019366254264,10,"[-150.0, 105.00000000000001, -59.99999999999999, 59.99999999999999, 75.0, 45.0, -59.99999999999999, 59.99999999999999, 90.0, 45.0, 180.0, 29.999999999999996, 45.0, 59.99999999999999, -59.99999999999999, -59.99999999999999, -59.99999999999999, -119.99999999999999, 59.99999999999999, 180.0, 59.99999999999999, 75.0, -29.999999999999996, 135.0, 180.0, -90.0, -14.999999999999998, 59.99999999999999, 180.0, -45.0, -29.999999999999996, 180.0, 59.99999999999999]",0.20437113861719602,75.66391948203525,-33.48691091939794,-44.64921455919726,17.48874954978759,0.0,93.89474011321684,-10.569034534444592,-15.807538799549237,0.0,-2.0564058186850875,0.5883034509626316,0.5883034509626316,0.0,0.0,0.9563267420017113,0.6630224570041694,1.0,39.3400380127203,23.205785995145927,60.45814108615133,125.92019366254264,5.702173756267818,4.547789145288556,3.236502341283849,5.508594512939453,4.848916530609131,False,
chignolin,/home/raubenb/gitrepos/QTF/5AWL.pdb,chignolin_ff-amber_chi-selective_hb-0.75_sasa-0.7_vdwr-0.1_vdwa-0.1,YYDPETGTWY,amber,selective,0.75,0.7,0.1,0.1,20,125.95021966303595,10,"[29.999999999999996, 75.0, 59.99999999999999, 59.99999999999999, 75.0, 45.0, -59.99999999999999, 59.99999999999999, 45.0, 14.999999999999998, -59.99999999999999, -75.0, 105.00000000000001, 59.99999999999999, 75.0, 45.0, 180.0, 90.0, 14.999999999999998, -59.99999999999999, 59.99999999999999, 75.0, -119.99999999999999, 90.0, 59.99999999999999, -59.99999999999999, 75.0, 180.0, 180.0, -45.0, -29.999999999999996, 180.0, 59.99999999999999]",0.5318081743953463,56.009956811714616,-44.31532208268039,-59.087096110240516,19.84556665871815,0.0,121.51838867334133,-10.901262993747006,-13.207980012764171,-5.550871703114921,1.4316326844016327,0.5883034527713573,0.5883034527713573,0.0,0.0,0.9676710205992991,0.774588264850098,1.0,43.41963170783629,27.11058926975343,65.19149558921828,125.95021966303595,5.826131315391621,4.346512758644113,2.3143241060071764,5.508594512939453,4.848916530609131,False,
chignolin,/home/raubenb/gitrepos/QTF/5AWL.pdb,chignolin_ff-amber_chi-selective_hb-0.75_sasa-0.7_vdwr-0.1_vdwa-0.1,YYDPETGTWY,amber,selective,0.75,0.7,0.1,0.1,21,126.47298956951533,10,"[29.999999999999996, 75.0, 59.99999999999999, 59.99999999999999, 75.0, 45.0, -59.99999999999999, 59.99999999999999, 45.0, 14.999999999999998, -59.99999999999999, -75.0, 105.00000000000001, 59.99999999999999, 29.999999999999996, 45.0, 59.99999999999999, 59.99999999999999, 59.99999999999999, 180.0, -75.0, 105.00000000000001, -45.0, -59.99999999999999, 180.0, -59.99999999999999, 150.0, 180.0, 180.0, 75.0, 45.0, 59.99999999999999, -59.99999999999999]",12.410819536962128,60.47393005228358,-44.31532208268039,-59.087096110240516,18.50123464783873,0.0,113.12980815620057,-9.354520001388837,-15.807538799549238,-7.488802348671486,-1.6649230442510692,0.5883034527713573,0.5883034527713573,0.0,0.0,0.9650944126682346,0.5333194123788392,1.0,42.44095816037382,18.66617943325937,62.61599875670629,126.47298956951533,3.9245115337164713,4.516202042601683,2.8948055638799253,5.508594512939453,4.848916530609131,False,
chignolin,/home/raubenb/gitrepos/QTF/5AWL.pdb,chignolin_ff-amber_chi-selective_hb-0.75_sasa-0.7_vdwr-0.1_vdwa-0.1,YYDPETGTWY,amber,selective,0.75,0.7,0.1,0.1,22,126.53884545700592,10,"[-119.99999999999999, 105.00000000000001, 59.99999999999999, 59.99999999999999, 75.0, 45.0, -59.99999999999999, 59.99999999999999, 90.0, 45.0, 180.0, 29.999999999999996, 45.0, 59.99999999999999, -59.99999999999999, -59.99999999999999, -59.99999999999999, -119.99999999999999, 59.99999999999999, 180.0, 59.99999999999999, 75.0, -29.999999999999996, 135.0, 180.0, -90.0, -14.999999999999998, 59.99999999999999, 180.0, -45.0, -29.999999999999996, 180.0, 59.99999999999999]",0.20437113861719602,75.66391948203525,-33.48691091939794,-44.64921455919726,17.48874954978759,0.0,93.89474011321684,-10.569034534444592,-15.807538799549237,0.0,-1.437754024221823,0.5883034509626316,0.5883034509626316,0.0,0.0,0.9563267420017113,0.6630224570041694,1.0,39.3400380127203,23.205785995145927,60.45814108615133,126.53884545700592,5.702173756267818,4.547789145288556,3.236502341283849,5.508594512939453,4.848916530609131,False,
chignolin,/home/raubenb/gitrepos/QTF/5AWL.pdb,chignolin_ff-amber_chi-selective_hb-0.75_sasa-0.7_vdwr-0.1_vdwa-0.1,YYDPETGTWY,amber,selective,0.75,0.7,0.1,0.1,23,128.99683133067236,10,"[-150.0, 105.00000000000001, -59.99999999999999, 59.99999999999999, 75.0, 45.0, -59.99999999999999, 59.99999999999999, 90.0, 45.0, 180.0, 29.999999999999996, 45.0, 59.99999999999999, -59.99999999999999, -59.99999999999999, -59.99999999999999, -119.99999999999999, 59.99999999999999, 180.0, 59.99999999999999, 75.0, -29.999999999999996, 135.0, 180.0, -90.0, -14.999999999999998, 59.99999999999999, 180.0, -119.99999999999999, 150.0, 180.0, 59.99999999999999]",0.20437113861719602,105.50239249470647,-33.48691091939794,-44.64921455919726,17.319146244145337,0.0,66.46945422159399,-9.848458474689318,-15.807538799549237,0.0,-1.9439280257167535,0.5883034509626316,0.5883034509626316,0.0,0.0,0.9391039581560136,0.665304733051609,1.0,38.24498153906858,23.285665656806312,61.50896807093316,128.99683133067236,5.702173756267818,4.547789145288556,3.236502341283849,5.508594512939453,4.848916530609131,False,
chignolin,/home/raubenb/gitrepos/QTF/5AWL.pdb,chignolin_ff-amber_chi-selective_hb-0.75_sasa-0.7_vdwr-0.1_vdwa-0.1,YYDPETGTWY,amber,selective,0.75,0.7,0.1,0.1,24,129.00578335991958,10,"[29.999999999999996, 75.0, 59.99999999999999, 59.99999999999999, 75.0, 45.0, -59.99999999999999, 59.99999999999999, 45.0, 14.999999999999998, -59.99999999999999, -75.0, 105.00000000000001, 59.99999999999999, 29.999999999999996, 45.0, 59.99999999999999, 29.999999999999996, 59.99999999999999, -59.99999999999999, -59.99999999999999, 175.0, -45.0, -59.99999999999999, 180.0, -59.99999999999999, 75.0, 180.0, 180.0, -119.99999999999999, 150.0, 180.0, 59.99999999999999]",1.3570695559815649,106.10030067714507,-44.31532208268039,-59.087096110240516,15.701526981040512,0.0,78.85449988921668,-7.4071447431766595,-16.207515429333192,-3.8781013731388074,-1.7878335679065511,0.5883034527713573,0.5883034527713573,0.0,0.0,0.938758845207997,0.635062157061819,1.0,38.587140865497815,22.227175497163664,58.654037787347164,129.00578335991958,4.979025997581153,4.514770033861038,3.5790757452909885,5.508594512939453,4.848916530609131,False,
chignolin,/home/raubenb/gitrepos/QTF/5AWL.pdb,chignolin_ff-amber_chi-selective_hb-0.75_sasa-0.7_vdwr-0.1_vdwa-0.1,YYDPETGTWY,amber,selective,0.75,0.7,0.1,0.1,25,129.0213456853647,10,"[29.999999999999996, 75.0, 59.99999999999999, 59.99999999999999, 75.0, 45.0, -59.99999999999999, 59.99999999999999, 45.0, 14.999999999999998, -59.99999999999999, -75.0, 105.00000000000001, 59.99999999999999, 29.999999999999996, 45.0, 59.99999999999999, 29.999999999999996, 59.99999999999999, -59.99999999999999, -59.99999999999999, 175.0, -59.99999999999999, -59.99999999999999, 180.0, -59.99999999999999, 75.0, 180.0, 180.0, -119.99999999999999, 150.0, 180.0, 59.99999999999999]",8.73254926228307,105.17033216017363,-44.31532208268039,-59.087096110240516,15.527786063728737,0.0,72.63162300079244,-7.263540383005671,-16.207515429333192,-3.8781013731388074,-1.9647689862264475,0.5883034527713573,0.5883034527713573,0.0,0.0,0.9392956235727714,0.660613446242384,1.0,38.773014844453456,23.121470618483443,59.14198365826839,129.0213456853647,4.178444154620542,4.566438176380917,3.423241821478126,5.508594512939453,4.848916530609131,False,
chignolin,/home/raubenb/gitrepos/QTF/5AWL.pdb,chignolin_ff-amber_chi-selective_hb-0.75_sasa-0.7_vdwr-0.1_vdwa-0.1,YYDPETGTWY,amber,selective,0.75,0.7,0.1,0.1,26,129.48913290483236,10,"[29.999999999999996, 75.0, 59.99999999999999, 59.99999999999999, 75.0, 45.0, -59.99999999999999, 59.99999999999999, 45.0, 14.999999999999998, -59.99999999999999, -75.0, 105.00000000000001, 59.99999999999999, 29.999999999999996, 45.0, 59.99999999999999, 59.99999999999999, 59.99999999999999, 180.0, -59.99999999999999, 175.0, -45.0, -59.99999999999999, 180.0, -150.0, 135.0, -59.99999999999999, 59.99999999999999, -119.99999999999999, 150.0, 180.0, 59.99999999999999]",19.048854730296945,66.41519831126305,-45.72959477196831,-60.97279302929108,20.897355850839197,0.0,103.34218889102785,-9.80625429626289,-15.807538799549235,-3.8781013731388074,-5.581279090446804,0.5883034527713573,0.5883034527713573,0.0,0.0,0.9616651091998483,0.6858206111417621,1.0,41.24238319563385,24.003721389961672,58.273354775537165,129.48913290483236,3.5481365452318676,4.2215121589259,3.2750787129071344,5.508594512939453,4.848916530609131,False,
chignolin,/home/raubenb/gitrepos/QTF/5AWL.pdb,chignolin_ff-amber_chi-selective_hb-0.75_sasa-0.7_vdwr-0.1_vdwa-0.1,YYDPETGTWY,amber,selective,0.75,0.7,0.1,0.1,27,129.61548312513563,10,"[-119.99999999999999, 105.00000000000001, 59.99999999999999, 59.99999999999999, 75.0, 45.0, -59.99999999999999, 59.99999999999999, 90.0, 45.0, 180.0, 29.999999999999996, 45.0, 59.99999999999999, -59.99999999999999, -59.99999999999999, -59.99999999999999, -119.99999999999999, 59.99999999999999, 180.0, 59.99999999999999, 75.0, -29.999999999999996, 135.0, 180.0, -90.0, -14.999999999999998, 59.99999999999999, 180.0, -119.99999999999999, 150.0, 180.0, 59.99999999999999]",0.20437113861719602,105.50239249470647,-33.48691091939794,-44.64921455919726,17.319146244145337,0.0,66.46945422159399,-9.848458474689318,-15.807538799549237,0.0,-1.3252762312534887,0.5883034509626316,0.5883034509626316,0.0,0.0,0.9391039581560136,0.665304733051609,1.0,38.24498153906858,23.285665656806312,61.50896807093316,129.61548312513563,5.702173756267818,4.547789145288556,3.236502341283849,5.508594512939453,4.848916530609131,False,
chignolin,/home/raubenb/gitrepos/QTF/5AWL.pdb,chignolin_ff-amber_chi-selective_hb-0.75_sasa-0.7_vdwr-0.1_vdwa-0.1,YYDPETGTWY,amber,selective,0.75,0.7,0.1,0.1,28,129.8089927132549,10,"[29.999999999999996, 75.0, 59.99999999999999, 59.99999999999999, 75.0, 45.0, -59.99999999999999, 59.99999999999999, 45.0, 14.999999999999998, -59.99999999999999, -75.0, 105.00000000000001, 59.99999999999999, 29.999999999999996, 45.0, 59.99999999999999, 29.999999999999996, 59.99999999999999, -59.99999999999999, -75.0, 119.99999999999999, -45.0, -59.99999999999999, 180.0, -59.99999999999999, 150.0, 180.0, 180.0, 75.0, 45.0, 59.99999999999999, -59.99999999999999]",5.6519252949355225,81.18338012287145,-44.31532208268039,-59.087096110240516,16.97593060675304,0.0,102.19284882023277,-7.356425342610324,-15.807538799549226,-7.488802348671488,-1.8153070107978038,0.5883034527713573,0.5883034527713573,0.0,0.0,0.9531409061339847,0.5062446824619199,1.0,40.717844755735214,17.718563886167196,60.289817547208216,129.8089927132549,4.436804317640866,4.7989270868030784,3.003280511527422,5.508594512939453,4.848916530609131,False,
chignolin,/home/raubenb/gitrepos/QTF/5AWL.pdb,chignolin_ff-amber_chi-selective_hb-0.75_sasa-0.7_vdwr-0.1_vdwa-0.1,YYDPETGTWY,amber,selective,0.75,0.7,0.1,0.1,29,130.42278695247154,10,"[29.999999999999996, 75.0, 59.99999999999999, 59.99999999999999, 75.0, 45.0, -59.99999999999999, 59.99999999999999, 45.0, 14.999999999999998, -59.99999999999999, -75.0, 105.00000000000001, 59.99999999999999, 75.0, 45.0, 180.0, 90.0, 14.999999999999998, -59.99999999999999, 45.0, 14.999999999999998, -45.0, -59.99999999999999, 180.0, -59.99999999999999, 150.0, 180.0, 180.0, 75.0, 45.0, 59.99999999999999, -59.99999999999999]",12.225109884805427,49.414978730387595,-52.204910389054376,-69.60654718540583,20.097428689676192,0.0,136.9892928220389,-10.345468048645692,-15.807538799549226,-7.4888023486714905,-3.045607041287133,0.5883034527713573,0.5883034527713573,0.0,0.0,0.9714776457544662,0.6633160390207281,1.0,43.79875549918302,23.216061365725484,62.00138214655288,130.42278695247154,3.936343395447362,4.2009804080097215,2.520395422438851,5.508594512939453,4.848916530609131,False,
chignolin,/home/raubenb/gitrepos/QTF/5AWL.pdb,chignolin_ff-amber_chi-selective_hb-0.75_sasa-0.7_vdwr-0.1_vdwa-0.1,YYDPETGTWY,amber,selective,0.75,0.7,0.1,0.1,30,131.24512276685127,10,"[29.999999999999996, 75.0, 59.99999999999999, 59.99999999999999, 75.0, 45.0, -59.99999999999999, 59.99999999999999, 45.0, 14.999999999999998, -59.99999999999999, -75.0, 105.00000000000001, 59.99999999999999, 29.999999999999996, 45.0, 59.99999999999999, 59.99999999999999, 59.99999999999999, 180.0, -59.99999999999999, 175.0, -59.99999999999999, -59.99999999999999, 180.0, -59.99999999999999, 75.0, 180.0, 180.0, -119.99999999999999, 150.0, 180.0, 59.99999999999999]",1.4519058433526366,93.65575377020258,-44.31532208268039,-59.087096110240516,17.30396040861111,0.0,93.24206793149139,-8.623272629026676,-16.207515429333206,-3.8781013731388074,-1.972657125398751,0.5883034527713573,0.5883034527713573,0.0,0.0,0.945941844865684,0.6849306623516361,1.0,39.36663085044676,23.972573182307265,58.31639138245279,131.24512276685127,4.961129729275656,4.296083812416835,3.5366996610143913,5.508594512939453,4.848916530609131,False,
chignolin,/home/raubenb/gitrepos/QTF/5AWL.pdb,chignolin_ff-amber_chi-selective_hb-0.75_sasa-0.7_vdwr-0.1_vdwa-0.1,YYDPETGTWY,amber,selective,0.75,0.7,0.1,0.1,31,131.82215466605442,10,"[29.999999999999996, 75.0, 59.99999999999999, 59.99999999999999, 75.0, 45.0, -59.99999999999999, 59.99999999999999, 45.0, 14.999999999999998, -59.99999999999999, -75.0, 105.00000000000001, 59.99999999999999, 75.0, 45.0, 180.0, 90.0, 14.999999999999998, -59.99999999999999, 59.99999999999999, 75.0, -119.99999999999999, 90.0, 59.99999999999999, -59.99999999999999, 75.0, 180.0, 180.0, -29.999999999999996, 135.0, 180.0, 59.99999999999999]",0.5318081743953463,61.53405106501205,-44.31532208268039,-59.087096110240516,19.818207221839938,0.0,118.01988432547643,-11.108577905218027,-13.207980012764171,-3.8781013731388074,3.8398818003606983,0.5883034527713573,0.5883034527713573,0.0,0.0,0.9644825102077852,0.7438151434318253,1.0,43.01422860802993,26.033530020113886,64.45320182970434,131.82215466605442,5.826131315391621,4.346512758644113,2.3143241060071764,5.508594512939453,4.848916530609131,False,
chignolin,/home/raubenb/gitrepos/QTF/5AWL.pdb,chignolin_ff-amber_chi-selective_hb-0.75_sasa-0.7_vdwr-0.1_vdwa-0.1,YYDPETGTWY,amber,selective,0.75,0.7,0.1,0.1,32,132.26637050691974,10,"[29.999999999999996, 75.0, 59.99999999999999, 59.99999999999999, 75.0, 45.0, -59.99999999999999, 59.99999999999999, 45.0, 14.999999999999998, -59.99999999999999, -75.0, 105.00000000000001, 59.99999999999999, 75.0, 45.0, 180.0, 90.0, 14.999999999999998, -59.99999999999999, 59.99999999999999, 75.0, -119.99999999999999, 90.0, 59.99999999999999, -59.99999999999999, 115.0, -59.99999999999999, 180.0, -75.0, 175.0, 180.0, 59.99999999999999]",0.5422623877143444,67.11109374448746,-44.31532208268039,-59.087096110240516,19.83424982938343,0.0,113.58763757179169,-10.681451281277933,-12.808003382980202,-3.8781013731388074,2.285701640848782,0.5883034527713573,0.5883034527713573,0.0,0.0,0.9612634379541198,0.7105934989822463,1.0,42.56587047556272,24.87077246437862,63.51703603637506,132.26637050691974,5.829321237612865,4.407880900463438,2.293620962121412,5.508594512939453,4.848916530609131,False,
chignolin,/home/raubenb/gitrepos/QTF/5AWL.pdb,chignolin_ff-amber_chi-selective_hb-0.75_sasa-0.7_vdwr-0.1_vdwa-0.1,YYDPETGTWY,amber,selective,0.75,0.7,0.1,0.1,33,132.30169263715933,10,"[29.999999999999996, 75.0, 59.99999999999999, 59.99999999999999, 75.0, 45.0, -59.99999999999999, 59.99999999999999, 45.0, 14.999999999999998, -59.99999999999999, -59.99999999999999, 175.0, -59.99999999999999, -45.0, 130.0, -59.99999999999999, 29.999999999999996, 59.99999999999999, -59.99999999999999, -119.99999999999999, 119.99999999999999, -59.99999999999999, -59.99999999999999, 180.0, -59.99999999999999, 75.0, 180.0, 180.0, -119.99999999999999, 150.0, 180.0, 59.99999999999999]",0.0016144582261214757,106.94087777369376,-41.719126284388196,-55.6255017125176,16.202250998395563,0.0,84.14414602065776,-8.390994224260215,-16.207515429333192,-3.8781013731388074,-5.379762754980131,0.5883034522867062,0.5883034522867062,0.0,0.0,0.9382736636226876,0.6362914062022753,1.0,39.4389748480844,22.270199217079636,59.52094975006021,132.30169263715933,5.482030814007744,4.22455876026832,3.2549869508117517,5.508594512939453,4.848916530609131,False,
chignolin,/home/raubenb/gitrepos/QTF/5AWL.pdb,chignolin_ff-amber_chi-selective_hb-0.75_sasa-0.7_vdwr-0.1_vdwa-0.1,YYDPETGTWY,amber,selective,0.75,0.7,0.1,0.1,34,132.59034336002614,10,"[29.999999999999996, 75.0, 59.99999999999999, 59.99999999999999, 75.0, 45.0, -59.99999999999999, 59.99999999999999, 45.0, 14.999999999999998, -59.99999999999999, -75.0, 105.00000000000001, 59.99999999999999, 29.999999999999996, 45.0, 59.99999999999999, 59.99999999999999, 59.99999999999999, 180.0, -75.0, 119.99999999999999, -45.0, -59.99999999999999, 180.0, -75.0, 130.0, -59.99999999999999, 180.0, 75.0, 45.0, 59.99999999999999, -59.99999999999999]",27.28547322057418,76.92375474195259,-86.0122573948214,-114.68300985976187,19.592716842388178,0.0,125.20017302725061,-9.986988860924729,-15.40756216976527,-3.8781013731388074,-1.715168126260583,0.5883034527713573,0.5883034527713573,0.0,0.0,0.9555995643625094,0.4544405454394381,1.0,42.83585966698763,15.905419090380335,62.761990337520984,132.59034336002614,3.1639574823829006,4.374117155710029,2.976128163396127,5.508594512939453,4.848916530609131,False,
chignolin,/home/raubenb/gitrepos/QTF/5AWL.pdb,chignolin_ff-amber_chi-selective_hb-0.75_sasa-0.7_vdwr-0.1_vdwa-0.1,YYDPETGTWY,amber,selective,0.75,0.7,0.1,0.1,35,132.73900947909812,10,"[29.999999999999996, 75.0, 59.99999999999999, 59.99999999999999, 75.0, 45.0, -59.99999999999999, 59.99999999999999, 45.0, 14.999999999999998, -59.99999999999999, -59.99999999999999, 175.0, -59.99999999999999, -45.0, 130.0, -59.99999999999999, 29.999999999999996, 59.99999999999999, -59.99999999999999, -119.99999999999999, 119.99999999999999, -45.0, -59.99999999999999, 180.0, -59.99999999999999, 75.0, 180.0, 180.0, -119.99999999999999, 150.0, 180.0, 59.99999999999999]",3.7729702607241404,114.35864504482721,-33.57595026556967,-44.76793368742623,19.086446341086777,0.0,62.632519704581874,-8.835480919706669,-16.207515429333192,-3.8781013731388074,-5.202827336660235,0.5883034522867062,0.5883034522867062,0.0,0.0,0.9339921240722497,0.6097455438681487,1.0,39.42824236823573,21.341094035385204,59.853111160403195,132.73900947909812,6.368673731699554,4.183165347682146,3.4637454522575393,5.508594512939453,4.848916530609131,False,
chignolin,/home/raubenb/gitrepos/QTF/5AWL.pdb,chignolin_ff-amber_chi-selective_hb-0.75_sasa-0.7_vdwr-0.1_vdwa-0.1,YYDPETGTWY,amber,selective,0.75,0.7,0.1,0.1,36,133.2583800523917,10,"[-150.0, 105.00000000000001, -59.99999999999999, 59.99999999999999, 75.0, 45.0, -59.99999999999999, 59.99999999999999, 90.0, 45.0, 180.0, 29.999999999999996, 45.0, 59.99999999999999, -59.99999999999999, -59.99999999999999, -59.99999999999999, -119.99999999999999, 59.99999999999999, 180.0, 59.99999999999999, 75.0, -29.999999999999996, 119.99999999999999, -59.99999999999999, -90.0, -14.999999999999998, 59.99999999999999, 180.0, -75.0, 175.0, 180.0, 59.99999999999999]",0.07229582738622525,67.03661683781371,-33.48691091939794,-44.64921455919726,17.488542985852398,0.0,108.42191752621476,-11.174979850302908,-15.807538799549222,0.0,0.12013299341204767,0.5883034509626316,0.5883034509626316,0.0,0.0,0.96130642606764,0.6588243154582754,1.0,40.92958733152437,23.058851041039638,62.81584019510241,133.2583800523917,5.379753729882191,4.526242111659975,3.139007034893799,5.508594512939453,4.848916530609131,False,
chignolin,/home/raubenb/gitrepos/QTF/5AWL.pdb,chignolin_ff-amber_chi-selective_hb-0.75_sasa-0.7_vdwr-0.1_vdwa-0.1,YYDPETGTWY,amber,selective,0.75,0.7,0.1,0.1,37,133.47194659612123,10,"[29.999999999999996, 75.0, 59.99999999999999, 59.99999999999999, 75.0, 45.0, -59.99999999999999, 59.99999999999999, 45.0, 14.999999999999998, -59.99999999999999, -75.0, 105.00000000000001, 59.99999999999999, 29.999999999999996, 45.0, 59.99999999999999, 59.99999999999999, 59.99999999999999, 180.0, -59.99999999999999, 175.0, -45.0, -59.99999999999999, 180.0, -59.99999999999999, 75.0, 180.0, 180.0, -119.99999999999999, 150.0, 180.0, 59.99999999999999]",0.13597359820154634,99.90401408363931,-44.31532208268039,-59.087096110240516,17.22674626528615,0.0,90.29742720547546,-8.483857417021346,-16.207515429333206,-3.8781013731388074,-1.7957217070788547,0.5883034527713573,0.5883034527713573,0.0,0.0,0.9423353454062688,0.6665636928787891,1.0,38.99289028582144,23.32972925075762,56.906768538523785,133.47194659612123,5.664908215805973,4.271336882109075,3.6631437076429654,5.508594512939453,4.848916530609131,False,
chignolin,/home/raubenb/gitrepos/QTF/5AWL.pdb,chignolin_ff-amber_chi-selective_hb-0.75_sasa-0.7_vdwr-0.1_vdwa-0.1,YYDPETGTWY,amber,selective,0.75,0.7,0.1,0.1,38,133.87703184685495,10,"[-119.99999999999999, 105.00000000000001, 59.99999999999999, 59.99999999999999, 75.0, 45.0, -59.99999999999999, 59.99999999999999, 90.0, 45.0, 180.0, 29.999999999999996, 45.0, 59.99999999999999, -59.99999999999999, -59.99999999999999, -59.99999999999999, -119.99999999999999, 59.99999999999999, 180.0, 59.99999999999999, 75.0, -29.999999999999996, 119.99999999999999, -59.99999999999999, -90.0, -14.999999999999998, 59.99999999999999, 180.0, -75.0, 175.0, 180.0, 59.99999999999999]",0.07229582738622525,67.03661683781371,-33.48691091939794,-44.64921455919726,17.488542985852398,0.0,108.42191752621476,-11.174979850302908,-15.807538799549222,0.0,0.7387847878753124,0.5883034509626316,0.5883034509626316,0.0,0.0,0.96130642606764,0.6588243154582754,1.0,40.92958733152437,23.058851041039638,62.81584019510241,133.87703184685495,5.379753729882191,4.526242111659975,3.139007034893799,5.508594512939453,4.848916530609131,False,
chignolin,/home/raubenb/gitrepos/QTF/5AWL.pdb,chignolin_ff-amber_chi-selective_hb-0.75_sasa-0.7_vdwr-0.1_vdwa-0.1,YYDPETGTWY,amber,selective,0.75,0.7,0.1,0.1,39,136.26647822155553,10,"[29.999999999999996, 75.0, 59.99999999999999, 59.99999999999999, 75.0, 45.0, -59.99999999999999, 59.99999999999999, 45.0, 14.999999999999998, -59.99999999999999, -75.0, 105.00000000000001, 59.99999999999999, 29.999999999999996, 45.0, 59.99999999999999, 29.999999999999996, 59.99999999999999, -59.99999999999999, -59.99999999999999, 175.0, -59.99999999999999, -59.99999999999999, 180.0, -59.99999999999999, 115.0, -59.99999999999999, 180.0, 75.0, 45.0, 59.99999999999999, -59.99999999999999]",8.317310654552442,111.46215751588703,-44.31532208268039,-59.087096110240516,15.68762605548173,0.0,71.80520713077341,-7.010459427861575,-15.407562169765258,-3.8781013731388074,-0.98268153446439,0.5883034527713573,0.5883034527713573,0.0,0.0,0.9356639783458084,0.43689581839060665,1.0,39.22006877540195,15.291353643671233,59.67685187114002,136.26647822155553,4.210247259777872,4.624971644514809,3.365444911029869,5.508594512939453,4.848916530609131,False,
chignolin,/home/raubenb/gitrepos/QTF/5AWL.pdb,chignolin_ff-amber_chi-selective_hb-0.75_sasa-0.7_vdwr-0.1_vdwa-0.1,YYDPETGTWY,amber,selective,0.75,0.7,0.1,0.1,40,137.32176861102707,10,"[29.999999999999996, 75.0, 59.99999999999999, 59.99999999999999, 75.0, 45.0, -59.99999999999999, 59.99999999999999, 45.0, 14.999999999999998, -59.99999999999999, -75.0, 105.00000000000001, 59.99999999999999, 29.999999999999996, 45.0, 59.99999999999999, 29.999999999999996, 59.99999999999999, -59.99999999999999, -59.99999999999999, 175.0, -59.99999999999999, -59.99999999999999, 180.0, -75.0, 130.0, -59.99999999999999, 180.0, 75.0, 45.0, 59.99999999999999, -59.99999999999999]",24.144261674513828,80.23504704572485,-44.31532208268039,-59.087096110240516,16.34573508725253,0.0,88.9459365589067,-7.844518756141567,-15.407562169765258,-3.8781013731388074,-1.4920108264161718,0.5883034527713573,0.5883034527713573,0.0,0.0,0.9536882845334922,0.5303969228451065,1.0,41.06783000949819,18.56389229957873,61.029907362543014,137.32176861102707,3.3025350207789965,4.576152299955264,3.273089782366333,5.508594512939453,4.848916530609131,False,
chignolin,/home/raubenb/gitrepos/QTF/5AWL.pdb,chignolin_ff-amber_chi-selective_hb-0.75_sasa-0.7_vdwr-0.1_vdwa-0.1,YYDPETGTWY,amber,selective,0.75,0.7,0.1,0.1,41,137.41604282144803,10,"[29.999999999999996, 75.0, 59.99999999999999, 59.99999999999999, 75.0, 45.0, -59.99999999999999, 59.99999999999999, 45.0, 14.999999999999998, -59.99999999999999, -75.0, 105.00000000000001, 59.99999999999999, 29.999999999999996, 45.0, 59.99999999999999, 59.99999999999999, 59.99999999999999, 180.0, -59.99999999999999, 175.0, -59.99999999999999, -59.99999999999999, 180.0, -150.0, 135.0, -59.99999999999999, 59.99999999999999, -119.99999999999999, 150.0, 180.0, 59.99999999999999]",23.05697815580229,60.48716116342235,-44.31532208268039,-59.087096110240516,19.505374366005924,0.0,113.82804882031978,-10.290646372738534,-15.807538799549235,-3.8781013731388074,-5.7582145087667005,0.5883034527713573,0.5883034527713573,0.0,0.0,0.9650867756632482,0.7244916500779208,1.0,42.2119173114262,25.357207752727227,60.10626778786365,137.41604282144803,3.35258396411863,4.307712102893876,3.0537339235134193,5.508594512939453,4.848916530609131,False,
chignolin,/home/raubenb/gitrepos/QTF/5AWL.pdb,chignolin_ff-amber_chi-selective_hb-0.75_sasa-0.7_vdwr-0.1_vdwa-0.1,YYDPETGTWY,amber,selective,0.75,0.7,0.1,0.1,42,139.28259140581207,10,"[29.999999999999996, 75.0, 59.99999999999999, 59.99999999999999, 75.0, 45.0, -59.99999999999999, 59.99999999999999, 45.0, 14.999999999999998, -59.99999999999999, -75.0, 105.00000000000001, 59.99999999999999, 29.999999999999996, 45.0, 59.99999999999999, 29.999999999999996, 59.99999999999999, -59.99999999999999, -59.99999999999999, 175.0, -59.99999999999999, -59.99999999999999, 180.0, -59.99999999999999, 150.0, 180.0, 180.0, -29.999999999999996, 135.0, 180.0, 59.99999999999999]",13.077853055068395,118.82138132214047,-57.861919106739194,-77.14922547565226,14.951920670763638,0.0,78.16750603144756,-6.851027645857121,-16.207515429333192,-3.8781013731388074,-1.5258095713110391,0.5883034527713573,0.5883034527713573,0.0,0.0,0.9314162301170906,0.45338861582631884,1.0,38.595928325613194,15.86860155392116,58.88330791624538,139.28259140581207,3.8827274159827976,4.6367521350019825,3.288358451353916,5.508594512939453,4.848916530609131,False,
chignolin,/home/raubenb/gitrepos/QTF/5AWL.pdb,chignolin_ff-amber_chi-selective_hb-0.75_sasa-0.7_vdwr-0.1_vdwa-0.1,YYDPETGTWY,amber,selective,0.75,0.7,0.1,0.1,43,140.45216495456597,10,"[29.999999999999996, 75.0, 59.99999999999999, 59.99999999999999, 75.0, 45.0, -59.99999999999999, 59.99999999999999, 45.0, 14.999999999999998, -59.99999999999999, -75.0, 105.00000000000001, 59.99999999999999, 29.999999999999996, 45.0, 59.99999999999999, 29.999999999999996, 59.99999999999999, -59.99999999999999, -59.99999999999999, 175.0, -45.0, -59.99999999999999, 180.0, -59.99999999999999, 115.0, -59.99999999999999, 180.0, 75.0, 45.0, 59.99999999999999, -59.99999999999999]",1.858560643726498,115.73132994746722,-44.31532208268039,-59.087096110240516,15.812996586309026,0.0,77.7239050076724,-6.856198941651577,-15.407562169765258,-3.8781013731388074,-0.8057461161444937,0.5883034527713573,0.5883034527713573,0.0,0.0,0.9331998095541314,0.43738313198661516,1.0,39.11966175824025,15.308409619531531,58.82436651451556,140.45216495456597,4.890318010151768,4.5614770634401,3.531314368747614,5.508594512939453,4.848916530609131,False,
chignolin,/home/raubenb/gitrepos/QTF/5AWL.pdb,chignolin_ff-amber_chi-selective_hb-0.75_sasa-0.7_vdwr-0.1_vdwa-0.1,YYDPETGTWY,amber,selective,0.75,0.7,0.1,0.1,44,141.20605780391057,10,"[-150.0, 105.00000000000001, -59.99999999999999, 59.99999999999999, 75.0, 45.0, -59.99999999999999, 59.99999999999999, 90.0, 45.0, 180.0, 29.999999999999996, 45.0, 59.99999999999999, -59.99999999999999, -59.99999999999999, -59.99999999999999, -119.99999999999999, 59.99999999999999, 180.0, 59.99999999999999, 75.0, -29.999999999999996, 135.0, 180.0, -90.0, -14.999999999999998, 59.99999999999999, 180.0, -29.999999999999996, 135.0, 180.0, 59.99999999999999]",0.20437113861719602,80.46580136989165,-33.48691091939794,-44.64921455919726,17.479458742503226,0.0,101.34606810014148,-9.935338576532398,-15.807538799549237,0.0,0.35184329727397773,0.5883034509626316,0.5883034509626316,0.0,0.0,0.9535550930043916,0.6691348329893476,1.0,38.723084452530294,23.419719154627167,59.71553712410791,141.20605780391057,5.702173756267818,4.547789145288556,3.236502341283849,5.508594512939453,4.848916530609131,False,
chignolin,/home/raubenb/gitrepos/QTF/5AWL.pdb,chignolin_ff-amber_chi-selective_hb-0.75_sasa-0.7_vdwr-0.1_vdwa-0.1,YYDPETGTWY,amber,selective,0.75,0.7,0.1,0.1,45,141.7181073335086,10,"[29.999999999999996, 75.0, 59.99999999999999, 59.99999999999999, 75.0, 45.0, -59.99999999999999, 59.99999999999999, 45.0, 14.999999999999998, -59.99999999999999, -75.0, 105.00000000000001, 59.99999999999999, 29.999999999999996, 45.0, 59.99999999999999, 59.99999999999999, 59.99999999999999, 180.0, -75.0, 105.00000000000001, -59.99999999999999, -59.99999999999999, 180.0, -59.99999999999999, 150.0, 180.0, 180.0, 75.0, 45.0, 59.99999999999999, -59.99999999999999]",4.118786244914657,89.73130099474642,-44.31532208268039,-59.087096110240516,16.899560253240622,0.0,108.09942463462247,-8.265746553314822,-15.807538799549238,-7.488802348671486,-1.8418584625709655,0.5883034527713573,0.5883034527713573,0.0,0.0,0.9482070412728736,0.4491688237630886,1.0,40.49026536862403,15.720908831708101,60.793588371185294,141.7181073335086,4.592389263514952,4.64544396612987,2.842102315129219,5.508594512939453,4.848916530609131,False,
chignolin,/home/raubenb/gitrepos/QTF/5AWL.pdb,chignolin_ff-amber_chi-selective_hb-0.75_sasa-0.7_vdwr-0.1_vdwa-0.1,YYDPETGTWY,amber,selective,0.75,0.7,0.1,0.1,46,141.77302565422485,10,"[29.999999999999996, 75.0, 59.99999999999999, 59.99999999999999, 75.0, 45.0, -59.99999999999999, 59.99999999999999, 45.0, 14.999999999999998, -59.99999999999999, -75.0, 105.00000000000001, 59.99999999999999, 75.0, 45.0, 180.0, 90.0, 14.999999999999998, -59.99999999999999, 59.99999999999999, 75.0, -119.99999999999999, 90.0, 59.99999999999999, -59.99999999999999, 105.00000000000001, 180.0, 180.0, -45.0, -29.999999999999996, 180.0, 59.99999999999999]",0.48009999872156534,79.54127687081085,-44.31532208268039,-59.087096110240516,19.795227480364304,0.0,112.58470551215316,-10.32562231143974,-13.207980012764171,-3.8781013731388074,0.510438119426718,0.5883034527713573,0.5883034527713573,0.0,0.0,0.9540887290788971,0.6427719090953882,1.0,41.99828699244548,22.497016818338587,62.73964801358325,141.77302565422485,5.809870940464434,4.3897260366097814,2.2956160131031758,5.508594512939453,4.848916530609131,False,
chignolin,/home/raubenb/gitrepos/QTF/5AWL.pdb,chignolin_ff-amber_chi-selective_hb-0.75_sasa-0.7_vdwr-0.1_vdwa-0.1,YYDPETGTWY,amber,selective,0.75,0.7,0.1,0.1,47,141.82470959837383,10,"[-119.99999999999999, 105.00000000000001, 59.99999999999999, 59.99999999999999, 75.0, 45.0, -59.99999999999999, 59.99999999999999, 90.0, 45.0, 180.0, 29.999999999999996, 45.0, 59.99999999999999, -59.99999999999999, -59.99999999999999, -59.99999999999999, -119.99999999999999, 59.99999999999999, 180.0, 59.99999999999999, 75.0, -29.999999999999996, 135.0, 180.0, -90.0, -14.999999999999998, 59.99999999999999, 180.0, -29.999999999999996, 135.0, 180.0, 59.99999999999999]",0.20437113861719602,80.46580136989165,-33.48691091939794,-44.64921455919726,17.479458742503226,0.0,101.34606810014148,-9.935338576532398,-15.807538799549237,0.0,0.9704950917372426,0.5883034509626316,0.5883034509626316,0.0,0.0,0.9535550930043916,0.6691348329893476,1.0,38.723084452530294,23.419719154627167,59.71553712410791,141.82470959837383,5.702173756267818,4.547789145288556,3.236502341283849,5.508594512939453,4.848916530609131,False,
chignolin,/home/raubenb/gitrepos/QTF/5AWL.pdb,chignolin_ff-amber_chi-selective_hb-0.75_sasa-0.7_vdwr-0.1_vdwa-0.1,YYDPETGTWY,amber,selective,0.75,0.7,0.1,0.1,48,145.02024760175922,10,"[-150.0, 105.00000000000001, -59.99999999999999, 59.99999999999999, 75.0, 45.0, -59.99999999999999, 59.99999999999999, 90.0, 45.0, 180.0, 29.999999999999996, 45.0, 59.99999999999999, -59.99999999999999, -59.99999999999999, -59.99999999999999, -119.99999999999999, 59.99999999999999, 180.0, 59.99999999999999, 75.0, -29.999999999999996, 135.0, 180.0, -59.99999999999999, 75.0, 180.0, 180.0, -119.99999999999999, 150.0, 180.0, 59.99999999999999]",17.789815379861942,99.99891949780279,-33.48691091939794,-44.64921455919726,17.443776025943176,0.0,69.21261132158153,-10.405458633689854,-16.207515429333206,0.0,0.08670690802812286,0.5883034509626316,0.5883034509626316,0.0,0.0,0.9422805659464342,0.685594817331774,1.0,37.668640886724106,23.99581860661209,57.50190769777674,145.02024760175922,7.386256365389495,4.621864140394841,3.611020814088689,5.508594512939453,4.848916530609131,False,
chignolin,/home/raubenb/gitrepos/QTF/5AWL.pdb,chignolin_ff-amber_chi-selective_hb-0.75_sasa-0.7_vdwr-0.1_vdwa-0.1,YYDPETGTWY,amber,selective,0.75,0.7,0.1,0.1,49,145.63889939622248,10,"[-119.99999999999999, 105.00000000000001, 59.99999999999999, 59.99999999999999, 75.0, 45.0, -59.99999999999999, 59.99999999999999, 90.0, 45.0, 180.0, 29.999999999999996, 45.0, 59.99999999999999, -59.99999999999999, -59.99999999999999, -59.99999999999999, -119.99999999999999, 59.99999999999999, 180.0, 59.99999999999999, 75.0, -29.999999999999996, 135.0, 180.0, -59.99999999999999, 75.0, 180.0, 180.0, -119.99999999999999, 150.0, 180.0, 59.99999999999999]",17.789815379861942,99.99891949780279,-33.48691091939794,-44.64921455919726,17.443776025943176,0.0,69.21261132158153,-10.405458633689854,-16.207515429333206,0.0,0.7053587024913877,0.5883034509626316,0.5883034509626316,0.0,0.0,0.9422805659464342,0.685594817331774,1.0,37.668640886724106,23.99581860661209,57.50190769777674,145.63889939622248,7.386256365389495,4.621864140394841,3.611020814088689,5.508594512939453,4.848916530609131,False,
chignolin,/home/raubenb/gitrepos/QTF/5AWL.pdb,chignolin_ff-amber_chi-selective_hb-0.75_sasa-0.7_vdwr-0.1_vdwa-0.1,YYDPETGTWY,amber,selective,0.75,0.7,0.1,0.1,50,146.38459058757377,10,"[29.999999999999996, 75.0, 59.99999999999999, 59.99999999999999, 75.0, 45.0, -59.99999999999999, 59.99999999999999, 45.0, 14.999999999999998, -59.99999999999999, -75.0, 105.00000000000001, 59.99999999999999, 75.0, 45.0, 180.0, 90.0, 14.999999999999998, -59.99999999999999, 59.99999999999999, 75.0, -119.99999999999999, 90.0, 59.99999999999999, -75.0, 130.0, -59.99999999999999, 180.0, -75.0, 175.0, 180.0, 59.99999999999999]",2.3247963997740513,107.41365678358068,-44.31532208268039,-59.087096110240516,19.824430339823977,0.0,85.02566887329515,-9.56721077176909,-12.808003382980202,-3.8781013731388074,1.7763723488970005,0.5883034527713573,0.5883034527713573,0.0,0.0,0.9380007753052926,0.5631482938870503,1.0,40.621829360583526,19.710190286046764,60.9502743945703,146.38459058757377,6.181879226809858,4.490309055895783,2.3263144857964804,5.508594512939453,4.848916530609131,False,
chignolin,/home/raubenb/gitrepos/QTF/5AWL.pdb,chignolin_ff-amber_chi-selective_hb-0.75_sasa-0.7_vdwr-0.1_vdwa-0.1,YYDPETGTWY,amber,selective,0.75,0.7,0.1,0.1,51,146.85701064294054,10,"[29.999999999999996, 75.0, 59.99999999999999, 59.99999999999999, 75.0, 45.0, -59.99999999999999, 59.99999999999999, 45.0, 14.999999999999998, -59.99999999999999, -75.0, 105.00000000000001, 59.99999999999999, 29.999999999999996, 45.0, 59.99999999999999, 29.999999999999996, 59.99999999999999, -59.99999999999999, -59.99999999999999, 175.0, -45.0, -59.99999999999999, 180.0, -59.99999999999999, 150.0, 180.0, 180.0, -29.999999999999996, 135.0, 180.0, 59.99999999999999]",5.559128327385894,120.51416607496958,-44.867733167588256,-59.82364422345101,15.149525932482948,0.0,78.0727246207883,-6.7246136424061405,-16.207515429333192,-3.8781013731388074,-1.3488741529911428,0.5883034527713573,0.5883034527713573,0.0,0.0,0.9304391537806813,0.4635354661068086,1.0,38.6126861845136,16.2237413137383,58.292348485773424,146.85701064294054,4.44556855819016,4.560609369576943,3.4631321652513765,5.508594512939453,4.848916530609131,False,
chignolin,/home/raubenb/gitrepos/QTF/5AWL.pdb,chignolin_ff-amber_chi-selective_hb-0.75_sasa-0.7_vdwr-0.1_vdwa-0.1,YYDPETGTWY,amber,selective,0.75,0.7,0.1,0.1,52,147.0325223146713,10,"[-150.0, 105.00000000000001, -59.99999999999999, 59.99999999999999, 75.0, 45.0, -59.99999999999999, 59.99999999999999, 90.0, 45.0, 180.0, 29.999999999999996, 45.0, 59.99999999999999, -59.99999999999999, -59.99999999999999, -59.99999999999999, -119.99999999999999, 59.99999999999999, 180.0, 59.99999999999999, 75.0, -29.999999999999996, 119.99999999999999, -59.99999999999999, -59.99999999999999, 75.0, 180.0, 180.0, -119.99999999999999, 150.0, 180.0, 59.99999999999999]",13.205968436401461,100.61814765297231,-33.48691091939794,-44.64921455919726,17.47943368464086,0.0,74.89037867174885,-10.225004404587747,-16.207515429333192,0.0,0.1697211712640918,0.5883034509626316,0.5883034509626316,0.0,0.0,0.9419231470978514,0.6905966027699618,1.0,37.823308678031204,24.170881096948662,57.90159327933231,147.0325223146713,7.125174971281644,4.615729190602912,3.5427245090629786,5.508594512939453,4.848916530609131,False,
chignolin,/home/raubenb/gitrepos/QTF/5AWL.pdb,chignolin_ff-amber_chi-selective_hb-0.75_sasa-0.7_vdwr-0.1_vdwa-0.1,YYDPETGTWY,amber,selective,0.75,0.7,0.1,0.1,53,147.36467599466874,10,"[29.999999999999996, 75.0, 59.99999999999999, 59.99999999999999, 75.0, 45.0, -59.99999999999999, 59.99999999999999, 45.0, 14.999999999999998, -59.99999999999999, -75.0, 105.00000000000001, 59.99999999999999, 29.999999999999996, 45.0, 59.99999999999999, 29.999999999999996, 59.99999999999999, -59.99999999999999, -59.99999999999999, 175.0, -59.99999999999999, -59.99999999999999, 180.0, -59.99999999999999, 105.00000000000001, 180.0, 180.0, 75.0, 45.0, 59.99999999999999, -59.99999999999999]",7.889849355304651,123.33400033753335,-44.31532208268039,-59.087096110240516,15.580785519690927,0.0,71.60931489802527,-6.972194806263104,-15.807538799549226,-3.8781013731388074,-0.6644205070252879,0.5883034527713573,0.5883034527713573,0.0,0.0,0.9288115438167196,0.3991671769504244,1.0,38.735417671463146,13.970851193264854,59.27905581415103,147.36467599466874,4.2438272925027665,4.614188385741858,3.384002188347016,5.508594512939453,4.848916530609131,False,
chignolin,/home/raubenb/gitrepos/QTF/5AWL.pdb,chignolin_ff-amber_chi-selective_hb-0.75_sasa-0.7_vdwr-0.1_vdwa-0.1,YYDPETGTWY,amber,selective,0.75,0.7,0.1,0.1,54,147.3876315769023,10,"[29.999999999999996, 75.0, 59.99999999999999, 59.99999999999999, 75.0, 45.0, -59.99999999999999, 59.99999999999999, 45.0, 14.999999999999998, -59.99999999999999, -75.0, 105.00000000000001, 59.99999999999999, 75.0, 45.0, 180.0, 90.0, 14.999999999999998, -59.99999999999999, 59.99999999999999, 59.99999999999999, -119.99999999999999, 90.0, 59.99999999999999, -59.99999999999999, 150.0, 180.0, 180.0, -119.99999999999999, 150.0, 180.0, 59.99999999999999]",4.354853643485967,65.51772328701867,-44.31532208268039,-59.087096110240516,20.208501504903108,0.0,133.80804317696268,-10.617503315910065,-13.207980012764171,-7.877622853041799,-1.0713652238430664,0.5883034527713573,0.5883034527713573,0.0,0.0,0.962183132301865,0.6948769170685865,1.0,43.26993578221082,24.320692097400524,65.50943569504366,147.3876315769023,6.433258125438613,4.438154511331508,2.3732607156222296,5.508594512939453,4.848916530609131,False,
chignolin,/home/raubenb/gitrepos/QTF/5AWL.pdb,chignolin_ff-amber_chi-selective_hb-0.75_sasa-0.7_vdwr-0.1_vdwa-0.1,YYDPETGTWY,amber,selective,0.75,0.7,0.1,0.1,55,147.65117410913456,10,"[-119.99999999999999, 105.00000000000001, 59.99999999999999, 59.99999999999999, 75.0, 45.0, -59.99999999999999, 59.99999999999999, 90.0, 45.0, 180.0, 29.999999999999996, 45.0, 59.99999999999999, -59.99999999999999, -59.99999999999999, -59.99999999999999, -119.99999999999999, 59.99999999999999, 180.0, 59.99999999999999, 75.0, -29.999999999999996, 119.99999999999999, -59.99999999999999, -59.99999999999999, 75.0, 180.0, 180.0, -119.99999999999999, 150.0, 180.0, 59.99999999999999]",13.205968436401461,100.61814765297231,-33.48691091939794,-44.64921455919726,17.47943368464086,0.0,74.89037867174885,-10.225004404587747,-16.207515429333192,0.0,0.7883729657273566,0.5883034509626316,0.5883034509626316,0.0,0.0,0.9419231470978514,0.6905966027699618,1.0,37.823308678031204,24.170881096948662,57.90159327933231,147.65117410913456,7.125174971281644,4.615729190602912,3.5427245090629786,5.508594512939453,4.848916530609131,False,
chignolin,/home/raubenb/gitrepos/QTF/5AWL.pdb,chignolin_ff-amber_chi-selective_hb-0.75_sasa-0.7_vdwr-0.1_vdwa-0.1,YYDPETGTWY,amber,selective,0.75,0.7,0.1,0.1,56,148.41773712307858,10,"[29.999999999999996, 75.0, 59.99999999999999, 59.99999999999999, 75.0, 45.0, -59.99999999999999, 59.99999999999999, 45.0, 14.999999999999998, -59.99999999999999, -75.0, 105.00000000000001, 59.99999999999999, 29.999999999999996, 45.0, 59.99999999999999, 59.99999999999999, 59.99999999999999, 180.0, -59.99999999999999, 175.0, -59.99999999999999, -59.99999999999999, 180.0, -75.0, 130.0, -59.99999999999999, 180.0, 75.0, 45.0, 59.99999999999999, -59.99999999999999]",3.373839477639482,111.97931483342948,-45.11482888781261,-60.15310518375014,18.165217972296617,0.0,88.45477917396948,-8.243326390722672,-15.40756216976527,-3.8781013731388074,-1.4998989655884751,0.5883034527713573,0.5883034527713573,0.0,0.0,0.9353654748436193,0.435900872065485,1.0,39.712549603998944,15.256530522291975,58.653003834717275,148.41773712307858,4.67855743017062,4.311219034076321,3.483668856972611,5.508594512939453,4.848916530609131,False,
chignolin,/home/raubenb/gitrepos/QTF/5AWL.pdb,chignolin_ff-amber_chi-selective_hb-0.75_sasa-0.7_vdwr-0.1_vdwa-0.1,YYDPETGTWY,amber,selective,0.75,0.7,0.1,0.1,57,150.80180735491982,10,"[29.999999999999996, 75.0, 59.99999999999999, 59.99999999999999, 75.0, 45.0, -59.99999999999999, 59.99999999999999, 45.0, 14.999999999999998, -59.99999999999999, -75.0, 105.00000000000001, 59.99999999999999, 75.0, 45.0, 180.0, 90.0, 14.999999999999998, -59.99999999999999, 59.99999999999999, 59.99999999999999, -119.99999999999999, 90.0, 59.99999999999999, -59.99999999999999, 75.0, 180.0, 180.0, -119.99999999999999, 150.0, 180.0, 59.99999999999999]",4.292621643727091,42.946720634989035,-44.31532208268039,-59.087096110240516,20.273273434632518,0.0,161.9862296173202,-11.397902233210655,-13.207980012764171,-11.149583784097388,0.7854466842322565,0.5883034527713573,0.5883034527713573,0.0,0.0,0.9752111280606125,0.7068316418095543,1.0,43.93843801462821,24.7391074633344,66.87600145233125,150.80180735491982,6.426565879333692,4.319864367309222,2.4227286361319575,5.508594512939453,4.848916530609131,False,
chignolin,/home/raubenb/gitrepos/QTF/5AWL.pdb,chignolin_ff-amber_chi-selective_hb-0.75_sasa-0.7_vdwr-0.1_vdwa-0.1,YYDPETGTWY,amber,selective,0.75,0.7,0.1,0.1,58,151.86651499421384,10,"[29.999999999999996, 75.0, 59.99999999999999, 59.99999999999999, 75.0, 45.0, -59.99999999999999, 59.99999999999999, 45.0, 14.999999999999998, -59.99999999999999, -75.0, 105.00000000000001, 59.99999999999999, 29.999999999999996, 45.0, 59.99999999999999, 59.99999999999999, 59.99999999999999, 180.0, -59.99999999999999, 175.0, -45.0, -59.99999999999999, 180.0, -75.0, 130.0, -59.99999999999999, 180.0, 75.0, 45.0, 59.99999999999999, -59.99999999999999]",0.0740893030151957,119.13751798505386,-44.649609273825476,-59.53281236510064,17.631652769766752,0.0,87.66090709034387,-7.967719242739054,-15.40756216976527,-3.8781013731388074,-1.3229635472685788,0.5883034527713573,0.5883034527713573,0.0,0.0,0.9312337558527827,0.43592370748937065,1.0,39.11862323311455,15.257329762127974,56.7483442214409,151.86651499421384,5.378271364901108,4.27018121937449,3.6663393606519254,5.508594512939453,4.848916530609131,False,
chignolin,/home/raubenb/gitrepos/QTF/5AWL.pdb,chignolin_ff-amber_chi-selective_hb-0.75_sasa-0.7_vdwr-0.1_vdwa-0.1,YYDPETGTWY,amber,selective,0.75,0.7,0.1,0.1,59,152.52477953381276,10,"[29.999999999999996, 75.0, 59.99999999999999, 59.99999999999999, 75.0, 45.0, -59.99999999999999, 59.99999999999999, 45.0, 14.999999999999998, -59.99999999999999, -75.0, 105.00000000000001, 59.99999999999999, 75.0, 45.0, 180.0, 90.0, 14.999999999999998, -59.99999999999999, 45.0, 14.999999999999998, -45.0, -59.99999999999999, 180.0, -75.0, 130.0, -59.99999999999999, 180.0, 75.0, 45.0, 59.99999999999999, -59.99999999999999]",21.221239880861003,75.25514354635328,-52.204910389054376,-69.60654718540583,19.84114973935733,0.0,120.01293238447106,-9.965835520465209,-15.407562169765258,-3.8781013731388074,-2.937580017577609,0.5883034527713573,0.5883034527713573,0.0,0.0,0.9565626877077326,0.5235490004256237,1.0,43.04503284181414,18.32421501489683,62.465748812269844,152.52477953381276,3.439842730233393,4.1407810395411415,2.546659690782848,5.508594512939453,4.848916530609131,False,
chignolin,/home/raubenb/gitrepos/QTF/5AWL.pdb,chignolin_ff-amber_chi-selective_hb-0.75_sasa-0.7_vdwr-0.1_vdwa-0.1,YYDPETGTWY,amber,selective,0.75,0.7,0.1,0.1,60,152.6389936841232,10,"[29.999999999999996, 75.0, 59.99999999999999, 59.99999999999999, 75.0, 45.0, -59.99999999999999, 59.99999999999999, 45.0, 14.999999999999998, -59.99999999999999, -75.0, 105.00000000000001, 59.99999999999999, 29.999999999999996, 45.0, 59.99999999999999, 29.999999999999996, 59.99999999999999, -59.99999999999999, -59.99999999999999, 175.0, -45.0, -59.99999999999999, 180.0, -59.99999999999999, 105.00000000000001, 180.0, 180.0, 75.0, 45.0, 59.99999999999999, -59.99999999999999]",1.476843540411561,128.46915798897672,-44.31532208268039,-59.087096110240516,15.713445512569644,0.0,77.7239050076724,-6.844214474204685,-15.807538799549226,-3.8781013731388074,-0.48748508870539153,0.5883034527713573,0.5883034527713573,0.0,0.0,0.9258475278562905,0.3944963987310631,1.0,38.614203766911494,13.80737395558721,58.682284808028626,152.6389936841232,4.956521658129496,4.554134347862203,3.547200120702074,5.508594512939453,4.848916530609131,False,
chignolin,/home/raubenb/gitrepos/QTF/5AWL.pdb,chignolin_ff-amber_chi-selective_hb-0.75_sasa-0.7_vdwr-0.1_vdwa-0.1,YYDPETGTWY,amber,selective,0.75,0.7,0.1,0.1,61,154.35110204477425,10,"[29.999999999999996, 75.0, 59.99999999999999, 59.99999999999999, 75.0, 45.0, -59.99999999999999, 59.99999999999999, 45.0, 14.999999999999998, -59.99999999999999, -75.0, 105.00000000000001, 59.99999999999999, 75.0, 45.0, 180.0, 90.0, 14.999999999999998, -59.99999999999999, 59.99999999999999, 75.0, -119.99999999999999, 90.0, 59.99999999999999, -59.99999999999999, 115.0, -59.99999999999999, 180.0, -45.0, -29.999999999999996, 180.0, 59.99999999999999]",0.5422623877143444,92.50620693326582,-44.31532208268039,-59.087096110240516,19.778287645942566,0.0,111.64625694132528,-9.900965569433328,-12.808003382980202,-3.8781013731388074,0.1921770919876158,0.5883034527713573,0.5883034527713573,0.0,0.0,0.9466053639634829,0.5899183736902608,1.0,41.422283050378,20.64714307915913,61.94635133575061,154.35110204477425,5.829321237612865,4.407880900463438,2.293620962121412,5.508594512939453,4.848916530609131,False,
chignolin,/home/raubenb/gitrepos/QTF/5AWL.pdb,chignolin_ff-amber_chi-selective_hb-0.75_sasa-0.7_vdwr-0.1_vdwa-0.1,YYDPETGTWY,amber,selective,0.75,0.7,0.1,0.1,62,154.8500811295988,10,"[29.999999999999996, 75.0, 59.99999999999999, 59.99999999999999, 75.0, 45.0, -59.99999999999999, 59.99999999999999, 45.0, 14.999999999999998, -59.99999999999999, -75.0, 105.00000000000001, 59.99999999999999, 29.999999999999996, 45.0, 59.99999999999999, 29.999999999999996, 59.99999999999999, -59.99999999999999, -59.99999999999999, 175.0, -59.99999999999999, -59.99999999999999, 180.0, -59.99999999999999, 150.0, 180.0, 180.0, -45.0, -29.999999999999996, 180.0, 59.99999999999999]",13.077853055068395,141.131314702934,-61.28675091426811,-81.71566788569082,14.89547115015295,0.0,77.21191547369425,-6.748350301011923,-16.207515429333192,-3.8781013731388074,-3.9340586872701047,0.5883034527713573,0.5883034527713573,0.0,0.0,0.9185389236923901,0.4151962281060272,1.0,37.96436570707615,14.531867983710951,58.13752215383858,154.8500811295988,3.8827274159827976,4.6367521350019825,3.288358451353916,5.508594512939453,4.848916530609131,False,
chignolin,/home/raubenb/gitrepos/QTF/5AWL.pdb,chignolin_ff-amber_chi-selective_hb-0.75_sasa-0.7_vdwr-0.1_vdwa-0.1,YYDPETGTWY,amber,selective,0.75,0.7,0.1,0.1,63,154.93728234897608,10,"[29.999999999999996, 75.0, 59.99999999999999, 59.99999999999999, 75.0, 45.0, -59.99999999999999, 59.99999999999999, 45.0, 14.999999999999998, -59.99999999999999, -75.0, 105.00000000000001, 59.99999999999999, 29.999999999999996, 45.0, 59.99999999999999, 59.99999999999999, 59.99999999999999, 180.0, -59.99999999999999, 175.0, -45.0, -59.99999999999999, 180.0, -105.00000000000001, 130.0, 180.0, 180.0, 75.0, 45.0, 59.99999999999999, -59.99999999999999]",6.525622083694429,120.06642438177168,-49.10346804274367,-65.47129072365823,19.059976175954226,0.0,89.02097541179326,-9.105426047945382,-15.807538799549238,-3.8781013731388074,-2.4294848936317726,0.5883034527713573,0.5883034527713573,0.0,0.0,0.9306975905444318,0.4143386270736575,1.0,39.979044569242035,14.501851947578011,58.19903045244159,154.93728234897608,4.357579579691047,4.1832750704171175,3.563598689637424,5.508594512939453,4.848916530609131,False,
chignolin,/home/raubenb/gitrepos/QTF/5AWL.pdb,chignolin_ff-amber_chi-selective_hb-0.75_sasa-0.7_vdwr-0.1_vdwa-0.1,YYDPETGTWY,amber,selective,0.75,0.7,0.1,0.1,64,155.29811976583747,10,"[29.999999999999996, 75.0, 59.99999999999999, 59.99999999999999, 75.0, 45.0, -59.99999999999999, 59.99999999999999, 45.0, 14.999999999999998, -59.99999999999999, -75.0, 105.00000000000001, 59.99999999999999, 29.999999999999996, 45.0, 59.99999999999999, 29.999999999999996, 59.99999999999999, -59.99999999999999, -119.99999999999999, 119.99999999999999, -45.0, -59.99999999999999, 180.0, -150.0, 135.0, -59.99999999999999, 59.99999999999999, -119.99999999999999, 150.0, 180.0, 59.99999999999999]",40.084113609172014,50.960179505420186,-44.31532208268039,-59.087096110240516,17.411734250662864,0.0,127.58119739410141,-9.467611820609733,-15.807538799549222,-3.8781013731388074,-7.858834370312182,0.5883034527713573,0.5883034527713573,0.0,0.0,0.9705857549752264,0.7792016079640283,1.0,44.81896732431088,27.27205627874099,63.374970355327974,155.29811976583747,8.331399428168764,4.768054348880667,3.074786861626935,5.508594512939453,4.848916530609131,False,
chignolin,/home/raubenb/gitrepos/QTF/5AWL.pdb,chignolin_ff-amber_chi-selective_hb-0.75_sasa-0.7_vdwr-0.1_vdwa-0.1,YYDPETGTWY,amber,selective,0.75,0.7,0.1,0.1,65,155.36938685134695,10,"[29.999999999999996, 75.0, 59.99999999999999, 59.99999999999999, 75.0, 45.0, -59.99999999999999, 59.99999999999999, 45.0, 14.999999999999998, -59.99999999999999, -75.0, 105.00000000000001, 59.99999999999999, 75.0, 45.0, 180.0, 90.0, 14.999999999999998, -59.99999999999999, 59.99999999999999, 75.0, -119.99999999999999, 90.0, 59.99999999999999, -59.99999999999999, 105.00000000000001, 180.0, 180.0, -29.999999999999996, 135.0, 180.0, 59.99999999999999]",0.48009999872156534,91.04961248248749,-44.31532208268039,-59.087096110240516,19.76859111557686,0.0,111.94327753540719,-9.977781500419965,-13.207980012764171,-3.8781013731388074,2.9186872353857836,0.5883034527713573,0.5883034527713573,0.0,0.0,0.9474461111212193,0.5923127467749321,1.0,41.48336183630504,20.730946137122622,61.98453053771627,155.36938685134695,5.809870940464434,4.3897260366097814,2.2956160131031758,5.508594512939453,4.848916530609131,False,
chignolin,/home/raubenb/gitrepos/QTF/5AWL.pdb,chignolin_ff-amber_chi-selective_hb-0.75_sasa-0.7_vdwr-0.1_vdwa-0.1,YYDPETGTWY,amber,selective,0.75,0.7,0.1,0.1,66,156.22328510479227,10,"[29.999999999999996, 75.0, 59.99999999999999, 59.99999999999999, 75.0, 45.0, -59.99999999999999, 59.99999999999999, 45.0, 14.999999999999998, -59.99999999999999, -75.0, 105.00000000000001, 59.99999999999999, 75.0, 45.0, 180.0, 90.0, 14.999999999999998, -59.99999999999999, 59.99999999999999, 59.99999999999999, -119.99999999999999, 90.0, 59.99999999999999, -59.99999999999999, 115.0, -59.99999999999999, 180.0, -75.0, 175.0, 180.0, 59.99999999999999]",3.9724140032601003,69.67731048885877,-44.31532208268039,-59.087096110240516,20.186725396703352,0.0,135.8950202191937,-10.622577985003716,-12.808003382980202,-7.877622853041799,1.5270378477110715,0.5883034527713573,0.5883034527713573,0.0,0.0,0.9597822161680468,0.6602503697589125,1.0,43.236530933416745,23.108762941561938,65.96951622315652,156.22328510479227,6.39133764682752,4.375670973966067,2.384302067581435,5.508594512939453,4.848916530609131,False,
chignolin,/home/raubenb/gitrepos/QTF/5AWL.pdb,chignolin_ff-amber_chi-selective_hb-0.75_sasa-0.7_vdwr-0.1_vdwa-0.1,YYDPETGTWY,amber,selective,0.75,0.7,0.1,0.1,67,156.60980586862004,10,"[29.999999999999996, 75.0, 59.99999999999999, 59.99999999999999, 75.0, 45.0, -59.99999999999999, 59.99999999999999, 45.0, 14.999999999999998, -59.99999999999999, -75.0, 105.00000000000001, 59.99999999999999, 75.0, 45.0, 180.0, 90.0, 14.999999999999998, -59.99999999999999, 59.99999999999999, 59.99999999999999, -119.99999999999999, 90.0, 59.99999999999999, -59.99999999999999, 105.00000000000001, 180.0, 180.0, -45.0, -29.999999999999996, 180.0, 59.99999999999999]",3.9766589650461555,77.05671277330929,-44.31532208268039,-59.087096110240516,20.14880865269462,0.0,130.9711269434143,-10.482654296418303,-13.207980012764171,-7.877622853041799,-0.24822567371099247,0.5883034527713573,0.5883034527713573,0.0,0.0,0.9555228209100668,0.6200921941578346,1.0,42.952089820930425,21.70322679552421,65.32412848662347,156.60980586862004,6.391813765877849,4.359001953613117,2.391925925011527,5.508594512939453,4.848916530609131,False,
chignolin,/home/raubenb/gitrepos/QTF/5AWL.pdb,chignolin_ff-amber_chi-selective_hb-0.75_sasa-0.7_vdwr-0.1_vdwa-0.1,YYDPETGTWY,amber,selective,0.75,0.7,0.1,0.1,68,156.83715732667125,10,"[29.999999999999996, 75.0, 59.99999999999999, 59.99999999999999, 75.0, 45.0, -59.99999999999999, 59.99999999999999, 45.0, 14.999999999999998, -59.99999999999999, -59.99999999999999, 175.0, -59.99999999999999, -45.0, 130.0, -59.99999999999999, 29.999999999999996, 59.99999999999999, -59.99999999999999, -119.99999999999999, 119.99999999999999, -59.99999999999999, -59.99999999999999, 180.0, -59.99999999999999, 75.0, 180.0, 180.0, -45.0, -29.999999999999996, 180.0, 59.99999999999999]",0.0016144582261214757,160.82324871216312,-73.6300055890159,-98.17334078535453,15.85019145061785,0.0,86.97130562305665,-8.189643430242858,-16.207515429333192,-3.8781013731388074,-5.492240547948466,0.5883034522867062,0.5883034522867062,0.0,0.0,0.9071727280160674,0.3796639573809766,1.0,37.84453051454342,13.28823850833418,58.45375856751674,156.83715732667125,5.482030814007744,4.22455876026832,3.2549869508117517,5.508594512939453,4.848916530609131,False,
chignolin,/home/raubenb/gitrepos/QTF/5AWL.pdb,chignolin_ff-amber_chi-selective_hb-0.75_sasa-0.7_vdwr-0.1_vdwa-0.1,YYDPETGTWY,amber,selective,0.75,0.7,0.1,0.1,69,157.2514557489535,10,"[29.999999999999996, 75.0, 59.99999999999999, 59.99999999999999, 75.0, 45.0, -59.99999999999999, 59.99999999999999, 45.0, 14.999999999999998, -59.99999999999999, -75.0, 105.00000000000001, 59.99999999999999, 29.999999999999996, 45.0, 59.99999999999999, 29.999999999999996, 59.99999999999999, -59.99999999999999, -59.99999999999999, 175.0, -45.0, -59.99999999999999, 180.0, -75.0, 130.0, -59.99999999999999, 180.0, -45.0, -29.999999999999996, 180.0, 59.99999999999999]",11.898951112813984,155.09598669567913,-68.68450660773077,-91.57934214364103,14.998104010559677,0.0,73.85223304718521,-7.162879544396366,-15.807538799549224,-3.8781013731388074,-3.649096245240684,0.5883034527713573,0.5883034527713573,0.0,0.0,0.9104785069577609,0.3903680067680743,1.0,37.86332265075263,13.662880236882602,58.40251540358165,157.2514557489535,3.9573431287020444,4.5004226329708255,3.453912476956034,5.508594512939453,4.848916530609131,False,
chignolin,/home/raubenb/gitrepos/QTF/5AWL.pdb,chignolin_ff-amber_chi-selective_hb-0.75_sasa-0.7_vdwr-0.1_vdwa-0.1,YYDPETGTWY,amber,selective,0.75,0.7,0.1,0.1,70,157.50540878588808,10,"[29.999999999999996, 75.0, 59.99999999999999, 59.99999999999999, 75.0, 45.0, -59.99999999999999, 59.99999999999999, 45.0, 14.999999999999998, -59.99999999999999, -75.0, 105.00000000000001, 59.99999999999999, 29.999999999999996, 45.0, 59.99999999999999, 59.99999999999999, 59.99999999999999, 180.0, -59.99999999999999, 175.0, -59.99999999999999, -59.99999999999999, 180.0, -105.00000000000001, 130.0, 180.0, 180.0, 75.0, 45.0, 59.99999999999999, -59.99999999999999]",16.516757884722,118.26762853423385,-57.84451298682561,-77.12601731576748,18.55776721219797,0.0,93.7232288317447,-10.011703658316481,-15.807538799549238,-3.8781013731388074,-2.606420311951669,0.5883034527713573,0.5883034527713573,0.0,0.0,0.9317358565458967,0.4033905685219923,1.0,40.58763681563566,14.11866989826973,59.871750489346084,157.50540878588808,3.682487530456971,4.239886319529725,3.346795748619253,5.508594512939453,4.848916530609131,False,
chignolin,/home/raubenb/gitrepos/QTF/5AWL.pdb,chignolin_ff-amber_chi-selective_hb-0.75_sasa-0.7_vdwr-0.1_vdwa-0.1,YYDPETGTWY,amber,selective,0.75,0.7,0.1,0.1,71,158.40094598349432,10,"[29.999999999999996, 75.0, 59.99999999999999, 59.99999999999999, 75.0, 45.0, -59.99999999999999, 59.99999999999999, 45.0, 14.999999999999998, -59.99999999999999, -59.99999999999999, 175.0, -59.99999999999999, -45.0, 130.0, -59.99999999999999, 29.999999999999996, 59.99999999999999, -59.99999999999999, -119.99999999999999, 119.99999999999999, -59.99999999999999, -59.99999999999999, 180.0, -59.99999999999999, 115.0, -59.99999999999999, 180.0, -75.0, 175.0, 180.0, 59.99999999999999]",0.020563150617720034,168.25224003150512,-75.10352537094113,-100.1380338279215,15.275528525481368,0.0,81.63141662387312,-7.9397686651392325,-15.807538799549224,-3.8781013731388074,-4.638171591501316,0.5883034522867062,0.5883034522867062,0.0,0.0,0.9028847099385251,0.3626594673090231,1.0,37.64281938873701,12.693081355815808,57.84892205835185,158.40094598349432,5.564129791232656,4.287683889675797,3.209985780530147,5.508594512939453,4.848916530609131,False,
chignolin,/home/raubenb/gitrepos/QTF/5AWL.pdb,chignolin_ff-amber_chi-selective_hb-0.75_sasa-0.7_vdwr-0.1_vdwa-0.1,YYDPETGTWY,amber,selective,0.75,0.7,0.1,0.1,72,158.89586744116357,10,"[29.999999999999996, 75.0, 59.99999999999999, 59.99999999999999, 75.0, 45.0, -59.99999999999999, 59.99999999999999, 45.0, 14.999999999999998, -59.99999999999999, -59.99999999999999, 175.0, -59.99999999999999, -45.0, 130.0, -59.99999999999999, 29.999999999999996, 59.99999999999999, -59.99999999999999, -119.99999999999999, 119.99999999999999, -59.99999999999999, -59.99999999999999, 180.0, -59.99999999999999, 75.0, 180.0, 180.0, -75.0, 175.0, 180.0, 59.99999999999999]",0.0016144582261214757,158.9380106059797,-62.68585184009705,-83.58113578679607,15.882632702669783,0.0,77.8271883034255,-8.171697439767897,-16.207515429333192,-3.8781013731388074,-3.3987159990872997,0.5883034522867062,0.5883034522867062,0.0,0.0,0.908260888539117,0.4021639603942907,1.0,37.79786793804286,14.075738613800175,58.43562882295984,158.89586744116357,5.482030814007744,4.22455876026832,3.2549869508117517,5.508594512939453,4.848916530609131,False,
chignolin,/home/raubenb/gitrepos/QTF/5AWL.pdb,chignolin_ff-amber_chi-selective_hb-0.75_sasa-0.7_vdwr-0.1_vdwa-0.1,YYDPETGTWY,amber,selective,0.75,0.7,0.1,0.1,73,159.0801237753512,10,"[29.999999999999996, 75.0, 59.99999999999999, 59.99999999999999, 75.0, 45.0, -59.99999999999999, 59.99999999999999, 45.0, 14.999999999999998, -59.99999999999999, -75.0, 105.00000000000001, 59.99999999999999, 75.0, 45.0, 180.0, 90.0, 14.999999999999998, -59.99999999999999, 59.99999999999999, 75.0, -119.99999999999999, 90.0, 59.99999999999999, -90.0, -14.999999999999998, 59.99999999999999, 180.0, -29.999999999999996, 135.0, 180.0, 59.99999999999999]",6.073445301951761,107.80713690637424,-44.31532208268039,-59.087096110240516,19.940473204271747,0.0,94.14596744589277,-10.28302256372708,-12.808003382980202,-3.8781013731388074,1.809246866615822,0.5883034527713573,0.5883034527713573,0.0,0.0,0.937773658351299,0.6232276373778396,1.0,39.77504117603074,21.812967308224387,60.164916783908154,159.0801237753512,6.602129330156108,4.453774617272495,2.4935359020137207,5.508594512939453,4.848916530609131,False,
chignolin,/home/raubenb/gitrepos/QTF/5AWL.pdb,chignolin_ff-amber_chi-selective_hb-0.75_sasa-0.7_vdwr-0.1_vdwa-0.1,YYDPETGTWY,amber,selective,0.75,0.7,0.1,0.1,74,159.23908144149476,10,"[29.999999999999996, 75.0, 59.99999999999999, 59.99999999999999, 75.0, 45.0, -59.99999999999999, 59.99999999999999, 45.0, 14.999999999999998, -59.99999999999999, -75.0, 105.00000000000001, 59.99999999999999, 29.999999999999996, 45.0, 59.99999999999999, 29.999999999999996, 59.99999999999999, -59.99999999999999, -59.99999999999999, 175.0, -45.0, -59.99999999999999, 180.0, -75.0, 130.0, -59.99999999999999, 180.0, -29.999999999999996, 135.0, 180.0, 59.99999999999999]",11.898951112813984,138.24646015885946,-56.4481482793027,-75.26419770573693,15.040250390086976,0.0,78.11435422496241,-7.274602316727126,-15.807538799549224,-3.8781013731388074,-1.2408471292816183,0.5883034527713573,0.5883034527713573,0.0,0.0,0.9202040634003698,0.4206698561623098,1.0,38.35626647182314,14.723444965680843,58.69058466267832,159.23908144149476,3.9573431287020444,4.5004226329708255,3.453912476956034,5.508594512939453,4.848916530609131,False,
chignolin,/home/raubenb/gitrepos/QTF/5AWL.pdb,chignolin_ff-amber_chi-selective_hb-0.75_sasa-0.7_vdwr-0.1_vdwa-0.1,YYDPETGTWY,amber,selective,0.75,0.7,0.1,0.1,75,159.43765160464127,10,"[29.999999999999996, 75.0, 59.99999999999999, 59.99999999999999, 75.0, 45.0, -59.99999999999999, 59.99999999999999, 45.0, 14.999999999999998, -59.99999999999999, -75.0, 105.00000000000001, 59.99999999999999, 75.0, 45.0, 180.0, 90.0, 14.999999999999998, -59.99999999999999, 45.0, 14.999999999999998, -45.0, -59.99999999999999, 180.0, -59.99999999999999, 75.0, 180.0, 180.0, -119.99999999999999, 150.0, 180.0, 59.99999999999999]",7.795055823151932,104.60116116914747,-52.204910389054376,-69.60654718540583,19.959837261758828,0.0,111.81200390395766,-9.617844637231725,-16.207515429333192,-3.8781013731388074,-3.4103381773878847,0.5883034527713573,0.5883034527713573,0.0,0.0,0.9396241493973175,0.6253492560525613,1.0,39.92741756101291,21.887223961839645,58.83790673115296,159.43765160464127,4.251396314024988,4.117117293717865,2.6485207827276414,5.508594512939453,4.848916530609131,False,
chignolin,/home/raubenb/gitrepos/QTF/5AWL.pdb,chignolin_ff-amber_chi-selective_hb-0.75_sasa-0.7_vdwr-0.1_vdwa-0.1,YYDPETGTWY,amber,selective,0.75,0.7,0.1,0.1,76,159.65230164252856,10,"[29.999999999999996, 75.0, 59.99999999999999, 59.99999999999999, 75.0, 45.0, -59.99999999999999, 59.99999999999999, 45.0, 14.999999999999998, -59.99999999999999, -75.0, 105.00000000000001, 59.99999999999999, 75.0, 45.0, 180.0, 90.0, 14.999999999999998, -59.99999999999999, 59.99999999999999, 59.99999999999999, -119.99999999999999, 90.0, 59.99999999999999, -59.99999999999999, 105.00000000000001, 180.0, 180.0, -75.0, 175.0, 180.0, 59.99999999999999]",3.9766589650461555,61.959009292818436,-44.31532208268039,-59.087096110240516,20.204859724145443,0.0,147.19204417280886,-10.712947891725488,-13.207980012764171,-7.877622853041799,1.8452988751501738,0.5883034527713573,0.5883034527713573,0.0,0.0,0.9642372240734094,0.7009828300538747,1.0,43.50656252493984,24.534399051885615,66.57838483625895,159.65230164252856,6.391813765877849,4.359001953613117,2.391925925011527,5.508594512939453,4.848916530609131,False,
chignolin,/home/raubenb/gitrepos/QTF/5AWL.pdb,chignolin_ff-amber_chi-selective_hb-0.75_sasa-0.7_vdwr-0.1_vdwa-0.1,YYDPETGTWY,amber,selective,0.75,0.7,0.1,0.1,77,159.74434442989266,10,"[29.999999999999996, 75.0, 59.99999999999999, 59.99999999999999, 75.0, 45.0, -59.99999999999999, 59.99999999999999, 45.0, 14.999999999999998, -59.99999999999999, -75.0, 105.00000000000001, 59.99999999999999, 29.999999999999996, 45.0, 59.99999999999999, 59.99999999999999, 59.99999999999999, 180.0, -59.99999999999999, 175.0, -59.99999999999999, -59.99999999999999, 180.0, -105.00000000000001, 130.0, 180.0, 180.0, -45.0, -29.999999999999996, 180.0, 59.99999999999999]",16.516757884722,153.9440124558096,-85.04202565456859,-113.38936753942478,16.955083237019355,0.0,91.04438779839033,-9.236116792683303,-16.207515429333206,-3.8781013731388074,-4.940441149096078,0.5883034527713573,0.5883034527713573,0.0,0.0,0.9111434271539339,0.38817261381286805,1.0,38.713759241401114,13.586041483450382,57.963632160013844,159.74434442989266,3.682487530456971,4.239886319529725,3.346795748619253,5.508594512939453,4.848916530609131,False,
chignolin,/home/raubenb/gitrepos/QTF/5AWL.pdb,chignolin_ff-amber_chi-selective_hb-0.75_sasa-0.7_vdwr-0.1_vdwa-0.1,YYDPETGTWY,amber,selective,0.75,0.7,0.1,0.1,78,159.82213725604333,10,"[29.999999999999996, 75.0, 59.99999999999999, 59.99999999999999, 75.0, 45.0, -59.99999999999999, 59.99999999999999, 45.0, 14.999999999999998, -59.99999999999999, -59.99999999999999, 175.0, -59.99999999999999, -45.0, 130.0, -59.99999999999999, 29.999999999999996, 59.99999999999999, -59.99999999999999, -119.99999999999999, 119.99999999999999, -59.99999999999999, -59.99999999999999, 180.0, -59.99999999999999, 105.00000000000001, 180.0, 180.0, -75.0, 175.0, 180.0, 59.99999999999999]",0.03623485077646249,169.4919194943371,-73.22874584843797,-97.6383277979173,15.442512726542574,0.0,79.8976271056118,-8.000187158539122,-16.207515429333192,-3.8781013731388074,-4.319910564062214,0.5883034522867062,0.5883034522867062,0.0,0.0,0.9021691662370349,0.3652461224690274,1.0,37.56944709554516,12.783614286415958,57.86851535843241,159.82213725604333,5.585129138109654,4.275094181140581,3.225870593538247,5.508594512939453,4.848916530609131,False,
chignolin,/home/raubenb/gitrepos/QTF/5AWL.pdb,chignolin_ff-amber_chi-selective_hb-0.75_sasa-0.7_vdwr-0.1_vdwa-0.1,YYDPETGTWY,amber,selective,0.75,0.7,0.1,0.1,79,160.24671860750044,10,"[29.999999999999996, 75.0, 59.99999999999999, 59.99999999999999, 75.0, 45.0, -59.99999999999999, 59.99999999999999, 45.0, 14.999999999999998, -59.99999999999999, -59.99999999999999, 175.0, -59.99999999999999, -45.0, 130.0, -59.99999999999999, 29.999999999999996, 59.99999999999999, -59.99999999999999, -119.99999999999999, 119.99999999999999, -59.99999999999999, -59.99999999999999, 180.0, -59.99999999999999, 75.0, 180.0, 180.0, -59.99999999999999, 119.99999999999999, -59.99999999999999, 180.0]",0.0016144582261214757,160.00097027500476,-76.79018196669553,-102.38690928892737,16.238390510953636,0.0,91.00189629573927,-8.371536370902096,-15.807538799549226,-3.8781013731388074,-2.737097874424406,0.5883034522867062,0.5883034522867062,0.0,0.0,0.9076473476046149,0.38002823463880026,1.0,37.56488143870289,13.300988212358009,59.17687975365083,160.24671860750044,5.482030814007744,4.22455876026832,3.2549869508117517,5.508594512939453,4.848916530609131,False,
chignolin,/home/raubenb/gitrepos/QTF/5AWL.pdb,chignolin_ff-amber_chi-selective_hb-0.75_sasa-0.7_vdwr-0.1_vdwa-0.1,YYDPETGTWY,amber,selective,0.75,0.7,0.1,0.1,80,161.0842907610081,10,"[29.999999999999996, 75.0, 59.99999999999999, 59.99999999999999, 75.0, 45.0, -59.99999999999999, 59.99999999999999, 45.0, 14.999999999999998, -59.99999999999999, -75.0, 105.00000000000001, 59.99999999999999, 75.0, 45.0, 180.0, 90.0, 14.999999999999998, -59.99999999999999, 45.0, 14.999999999999998, -45.0, -59.99999999999999, 180.0, -59.99999999999999, 150.0, 180.0, 180.0, -29.999999999999996, 135.0, 180.0, 59.99999999999999]",12.225109884805427,102.32102551784332,-52.204910389054376,-69.60654718540583,19.521074469961878,0.0,111.30156115234594,-9.610877762720975,-16.207515429333192,-3.8781013731388074,-2.9713787624724763,0.5883034527713573,0.5883034527713573,0.0,0.0,0.9409402450113458,0.501843273657579,1.0,40.990780661636585,17.564514578015263,60.57977666552763,161.0842907610081,3.936343395447362,4.2009804080097215,2.520395422438851,5.508594512939453,4.848916530609131,False,
chignolin,/home/raubenb/gitrepos/QTF/5AWL.pdb,chignolin_ff-amber_chi-selective_hb-0.75_sasa-0.7_vdwr-0.1_vdwa-0.1,YYDPETGTWY,amber,selective,0.75,0.7,0.1,0.1,81,161.0952612756609,10,"[29.999999999999996, 75.0, 59.99999999999999, 59.99999999999999, 75.0, 45.0, -59.99999999999999, 59.99999999999999, 45.0, 14.999999999999998, -59.99999999999999, -75.0, 105.00000000000001, 59.99999999999999, 29.999999999999996, 45.0, 59.99999999999999, 59.99999999999999, 59.99999999999999, 180.0, -59.99999999999999, 175.0, -45.0, -59.99999999999999, 180.0, -105.00000000000001, 130.0, 180.0, 180.0, -29.999999999999996, 135.0, 180.0, 59.99999999999999]",6.525622083694429,149.3691307789347,-70.19940235759054,-93.59920314345405,16.666127600504982,0.0,89.16947980523126,-8.58312667059617,-16.207515429333206,-3.8781013731388074,-2.3552566148171157,0.5883034527713573,0.5883034527713573,0.0,0.0,0.9137840514984504,0.41047717190917316,1.0,38.418583473112754,14.366701016821061,56.672630112778776,161.0952612756609,4.357579579691047,4.1832750704171175,3.563598689637424,5.508594512939453,4.848916530609131,False,
chignolin,/home/raubenb/gitrepos/QTF/5AWL.pdb,chignolin_ff-amber_chi-selective_hb-0.75_sasa-0.7_vdwr-0.1_vdwa-0.1,YYDPETGTWY,amber,selective,0.75,0.7,0.1,0.1,82,162.50089598194802,10,"[29.999999999999996, 75.0, 59.99999999999999, 59.99999999999999, 75.0, 45.0, -59.99999999999999, 59.99999999999999, 45.0, 14.999999999999998, -59.99999999999999, -75.0, 105.00000000000001, 59.99999999999999, 29.999999999999996, 45.0, 59.99999999999999, 59.99999999999999, 59.99999999999999, 180.0, -75.0, 119.99999999999999, -59.99999999999999, -59.99999999999999, 180.0, -59.99999999999999, 75.0, 180.0, 180.0, -119.99999999999999, 150.0, 180.0, 59.99999999999999]",28.27798685783138,77.90101651079884,-44.31532208268039,-59.087096110240516,17.905838737738115,0.0,114.19805294825892,-9.604501935907438,-16.207515429333206,-3.8781013731388074,-2.364861704390755,0.5883034527713573,0.5883034527713573,0.0,0.0,0.9550354883054553,0.7096349361879382,1.0,41.254579802999004,24.837222766577835,62.808124442905694,162.50089598194802,3.121850010708686,4.4248397515286655,3.0068231951472835,5.508594512939453,4.848916530609131,False,
chignolin,/home/raubenb/gitrepos/QTF/5AWL.pdb,chignolin_ff-amber_chi-selective_hb-0.75_sasa-0.7_vdwr-0.1_vdwa-0.1,YYDPETGTWY,amber,selective,0.75,0.7,0.1,0.1,83,162.65769649871808,10,"[29.999999999999996, 75.0, 59.99999999999999, 59.99999999999999, 75.0, 45.0, -59.99999999999999, 59.99999999999999, 45.0, 14.999999999999998, -59.99999999999999, -75.0, 105.00000000000001, 59.99999999999999, 29.999999999999996, 45.0, 59.99999999999999, 59.99999999999999, 59.99999999999999, 180.0, -75.0, 105.00000000000001, -59.99999999999999, -59.99999999999999, 180.0, -59.99999999999999, 75.0, 180.0, 180.0, -119.99999999999999, 150.0, 180.0, 59.99999999999999]",21.505065588786202,85.46593128434071,-44.31532208268039,-59.087096110240516,17.80651548639772,0.0,113.1501231086488,-9.250713938402612,-16.207515429333206,-3.8781013731388074,-2.206589598671717,0.5883034527713573,0.5883034527713573,0.0,0.0,0.9506690151316937,0.6801185797435997,1.0,40.75546938791556,23.80415029102599,62.18651303579181,162.65769649871808,3.426111594671198,4.498582415109436,2.9425654505562995,5.508594512939453,4.848916530609131,False,
chignolin,/home/raubenb/gitrepos/QTF/5AWL.pdb,chignolin_ff-amber_chi-selective_hb-0.75_sasa-0.7_vdwr-0.1_vdwa-0.1,YYDPETGTWY,amber,selective,0.75,0.7,0.1,0.1,84,162.9710234702951,10,"[29.999999999999996, 75.0, 59.99999999999999, 59.99999999999999, 75.0, 45.0, -59.99999999999999, 59.99999999999999, 45.0, 14.999999999999998, -59.99999999999999, -75.0, 105.00000000000001, 59.99999999999999, 29.999999999999996, 45.0, 59.99999999999999, 29.999999999999996, 59.99999999999999, -59.99999999999999, -59.99999999999999, 175.0, -45.0, -59.99999999999999, 180.0, -59.99999999999999, 150.0, 180.0, 180.0, -45.0, -29.999999999999996, 180.0, 59.99999999999999]",5.559128327385894,145.03885780906631,-50.90688138807465,-67.87584185076621,15.07961508450524,0.0,78.10522975789635,-6.650489501833194,-16.207515429333192,-3.8781013731388074,-3.7571232689502083,0.5883034527713573,0.5883034527713573,0.0,0.0,0.9162834875560945,0.4175790246061008,1.0,37.95769266155563,14.615265861213528,57.93365460538833,162.9710234702951,4.44556855819016,4.560609369576943,3.4631321652513765,5.508594512939453,4.848916530609131,False,
chignolin,/home/raubenb/gitrepos/QTF/5AWL.pdb,chignolin_ff-amber_chi-selective_hb-0.75_sasa-0.7_vdwr-0.1_vdwa-0.1,YYDPETGTWY,amber,selective,0.75,0.7,0.1,0.1,85,163.10261914491838,10,"[29.999999999999996, 75.0, 59.99999999999999, 59.99999999999999, 75.0, 45.0, -59.99999999999999, 59.99999999999999, 45.0, 14.999999999999998, -59.99999999999999, -75.0, 105.00000000000001, 59.99999999999999, 75.0, 45.0, 180.0, 90.0, 14.999999999999998, -59.99999999999999, 59.99999999999999, 75.0, -119.99999999999999, 90.0, 59.99999999999999, -75.0, 130.0, -59.99999999999999, 180.0, -45.0, -29.999999999999996, 180.0, 59.99999999999999]",2.3247963997740513,126.41548278805946,-44.31532208268039,-59.087096110240516,19.78468403929084,0.0,84.85858428996946,-9.550652786183228,-12.808003382980202,-3.8781013731388074,-0.31715219996416577,0.5883034527713573,0.5883034527713573,0.0,0.0,0.9270329103676425,0.500137823035334,1.0,39.904373552446295,17.50482380623669,59.65224947483301,163.10261914491838,6.181879226809858,4.490309055895783,2.3263144857964804,5.508594512939453,4.848916530609131,False,
chignolin,/home/raubenb/gitrepos/QTF/5AWL.pdb,chignolin_ff-amber_chi-selective_hb-0.75_sasa-0.7_vdwr-0.1_vdwa-0.1,YYDPETGTWY,amber,selective,0.75,0.7,0.1,0.1,86,163.41608858370694,10,"[29.999999999999996, 75.0, 59.99999999999999, 59.99999999999999, 75.0, 45.0, -59.99999999999999, 59.99999999999999, 45.0, 14.999999999999998, -59.99999999999999, -75.0, 105.00000000000001, 59.99999999999999, 75.0, 45.0, 180.0, 90.0, 14.999999999999998, -59.99999999999999, 59.99999999999999, 75.0, -119.99999999999999, 90.0, 59.99999999999999, -90.0, -14.999999999999998, 59.99999999999999, 180.0, -45.0, -29.999999999999996, 180.0, 59.99999999999999]",6.073445301951761,119.16424852167097,-44.31532208268039,-59.087096110240516,19.924392364046618,0.0,89.6461531267287,-10.380025095319835,-12.808003382980202,-3.8781013731388074,-0.5990022493432436,0.5883034527713573,0.5883034527713573,0.0,0.0,0.9312183269716184,0.5790356120389286,1.0,39.332684199673984,20.266246421362503,59.63159439959244,163.41608858370694,6.602129330156108,4.453774617272495,2.4935359020137207,5.508594512939453,4.848916530609131,False,
chignolin,/home/raubenb/gitrepos/QTF/5AWL.pdb,chignolin_ff-amber_chi-selective_hb-0.75_sasa-0.7_vdwr-0.1_vdwa-0.1,YYDPETGTWY,amber,selective,0.75,0.7,0.1,0.1,87,163.59235482816496,10,"[29.999999999999996, 75.0, 59.99999999999999, 59.99999999999999, 75.0, 45.0, -59.99999999999999, 59.99999999999999, 45.0, 14.999999999999998, -59.99999999999999, -59.99999999999999, 175.0, -59.99999999999999, -45.0, 130.0, -59.99999999999999, 29.999999999999996, 59.99999999999999, -59.99999999999999, -119.99999999999999, 119.99999999999999, -59.99999999999999, -59.99999999999999, 180.0, -59.99999999999999, 105.00000000000001, 180.0, 180.0, -119.99999999999999, 150.0, 180.0, 59.99999999999999]",0.03623485077646249,145.74365863293337,-42.67335785992288,-56.897810479897174,15.52099821353472,0.0,78.84071997835771,-8.077628317374089,-16.207515429333192,-3.8781013731388074,-6.300957319955046,0.5883034522867062,0.5883034522867062,0.0,0.0,0.915876676113747,0.4528585942455801,1.0,38.101580568977276,15.850050798595305,58.15730291785649,163.59235482816496,5.585129138109654,4.275094181140581,3.225870593538247,5.508594512939453,4.848916530609131,False,
chignolin,/home/raubenb/gitrepos/QTF/5AWL.pdb,chignolin_ff-amber_chi-selective_hb-0.75_sasa-0.7_vdwr-0.1_vdwa-0.1,YYDPETGTWY,amber,selective,0.75,0.7,0.1,0.1,88,163.89624311656684,10,"[29.999999999999996, 75.0, 59.99999999999999, 59.99999999999999, 75.0, 45.0, -59.99999999999999, 59.99999999999999, 45.0, 14.999999999999998, -59.99999999999999, -75.0, 105.00000000000001, 59.99999999999999, 75.0, 45.0, 180.0, 90.0, 14.999999999999998, -59.99999999999999, 59.99999999999999, 59.99999999999999, -119.99999999999999, 90.0, 59.99999999999999, -59.99999999999999, 75.0, 180.0, 180.0, -29.999999999999996, 135.0, 180.0, 59.99999999999999]",4.292621643727091,62.38429063668133,-44.31532208268039,-59.087096110240516,20.168612277689185,0.0,149.52025518976347,-10.738133142802216,-13.207980012764171,-7.877622853041799,3.0812180072229878,0.5883034527713573,0.5883034527713573,0.0,0.0,0.963991751436259,0.6889218178445728,1.0,43.52816427568943,24.11226362456005,66.56428831474545,163.89624311656684,6.426565879333692,4.319864367309222,2.4227286361319575,5.508594512939453,4.848916530609131,False,
chignolin,/home/raubenb/gitrepos/QTF/5AWL.pdb,chignolin_ff-amber_chi-selective_hb-0.75_sasa-0.7_vdwr-0.1_vdwa-0.1,YYDPETGTWY,amber,selective,0.75,0.7,0.1,0.1,89,164.2222179968419,10,"[29.999999999999996, 75.0, 59.99999999999999, 59.99999999999999, 75.0, 45.0, -59.99999999999999, 59.99999999999999, 45.0, 14.999999999999998, -59.99999999999999, -75.0, 105.00000000000001, 59.99999999999999, 75.0, 45.0, 180.0, 90.0, 14.999999999999998, -59.99999999999999, 59.99999999999999, 59.99999999999999, -119.99999999999999, 90.0, 59.99999999999999, -59.99999999999999, 115.0, -59.99999999999999, 180.0, -45.0, -29.999999999999996, 180.0, 59.99999999999999]",3.9724140032601003,85.11593824091503,-44.31532208268039,-59.087096110240516,20.133360875487455,0.0,130.19237713063737,-10.212740686376954,-12.808003382980202,-7.877622853041799,-0.5664867011500947,0.5883034527713573,0.5883034527713573,0.0,0.0,0.9508710313183752,0.5901551218586931,1.0,42.595433110405516,20.65542926505426,64.55638648798072,164.2222179968419,6.39133764682752,4.375670973966067,2.384302067581435,5.508594512939453,4.848916530609131,False,
chignolin,/home/raubenb/gitrepos/QTF/5AWL.pdb,chignolin_ff-amber_chi-selective_hb-0.75_sasa-0.7_vdwr-0.1_vdwa-0.1,YYDPETGTWY,amber,selective,0.75,0.7,0.1,0.1,90,164.89040648688473,10,"[29.999999999999996, 75.0, 59.99999999999999, 59.99999999999999, 75.0, 45.0, -59.99999999999999, 59.99999999999999, 45.0, 14.999999999999998, -59.99999999999999, -75.0, 105.00000000000001, 59.99999999999999, 75.0, 45.0, 180.0, 90.0, 14.999999999999998, -59.99999999999999, 59.99999999999999, 59.99999999999999, -119.99999999999999, 90.0, 59.99999999999999, -59.99999999999999, 105.00000000000001, 180.0, 180.0, -29.999999999999996, 135.0, 180.0, 59.99999999999999]",3.9766589650461555,83.16527814968586,-44.31532208268039,-59.087096110240516,20.124096243963553,0.0,130.60385066064438,-10.32687947898829,-13.207980012764171,-7.877622853041799,2.160023442248073,0.5883034527713573,0.5883034527713573,0.0,0.0,0.9519969534489549,0.5959868554328219,1.0,42.663153236204906,20.859539940148768,64.63437053535091,164.89040648688473,6.391813765877849,4.359001953613117,2.391925925011527,5.508594512939453,4.848916530609131,False,
chignolin,/home/raubenb/gitrepos/QTF/5AWL.pdb,chignolin_ff-amber_chi-selective_hb-0.75_sasa-0.7_vdwr-0.1_vdwa-0.1,YYDPETGTWY,amber,selective,0.75,0.7,0.1,0.1,91,164.93177357262863,10,"[29.999999999999996, 75.0, 59.99999999999999, 59.99999999999999, 75.0, 45.0, -59.99999999999999, 59.99999999999999, 45.0, 14.999999999999998, -59.99999999999999, -75.0, 105.00000000000001, 59.99999999999999, 75.0, 45.0, 180.0, 90.0, 14.999999999999998, -59.99999999999999, 59.99999999999999, 75.0, -119.99999999999999, 90.0, 59.99999999999999, -59.99999999999999, 115.0, -59.99999999999999, 180.0, -119.99999999999999, 150.0, 180.0, 59.99999999999999]",0.5422623877143444,44.77865560423775,-44.31532208268039,-59.087096110240516,19.912121583215054,0.0,170.70411022506994,-10.896907726536359,-12.808003382980202,-3.8781013731388074,0.30465488495595006,0.5883034527713573,0.5883034527713573,0.0,0.0,0.974153734138968,0.7461374838459384,1.0,43.885383387026934,26.114811934607843,65.41390224849131,164.93177357262863,5.829321237612865,4.407880900463438,2.293620962121412,5.508594512939453,4.848916530609131,False,
chignolin,/home/raubenb/gitrepos/QTF/5AWL.pdb,chignolin_ff-amber_chi-selective_hb-0.75_sasa-0.7_vdwr-0.1_vdwa-0.1,YYDPETGTWY,amber,selective,0.75,0.7,0.1,0.1,92,165.5986706808187,10,"[29.999999999999996, 75.0, 59.99999999999999, 59.99999999999999, 75.0, 45.0, -59.99999999999999, 59.99999999999999, 45.0, 14.999999999999998, -59.99999999999999, -59.99999999999999, 175.0, -59.99999999999999, -45.0, 130.0, -59.99999999999999, 29.999999999999996, 59.99999999999999, -59.99999999999999, -119.99999999999999, 119.99999999999999, -59.99999999999999, -59.99999999999999, 180.0, -75.0, 130.0, -59.99999999999999, 180.0, -119.99999999999999, 150.0, 180.0, 59.99999999999999]",2.138196500060067,135.74896922602966,-69.80238343015971,-93.06984457354628,21.026665852713933,0.0,111.27794308656874,-8.564836194646738,-15.807538799549224,-3.8781013731388074,-7.12854763934593,0.5883034522867062,0.5883034522867062,0.0,0.0,0.9216456166083522,0.43717756564588744,1.0,39.03073688986111,15.301214797606061,59.67235211212725,165.5986706808187,4.8460586417636415,4.254380464476761,3.12218306984411,5.508594512939453,4.848916530609131,False,
chignolin,/home/raubenb/gitrepos/QTF/5AWL.pdb,chignolin_ff-amber_chi-selective_hb-0.75_sasa-0.7_vdwr-0.1_vdwa-0.1,YYDPETGTWY,amber,selective,0.75,0.7,0.1,0.1,93,166.38509696713732,10,"[29.999999999999996, 75.0, 59.99999999999999, 59.99999999999999, 75.0, 45.0, -59.99999999999999, 59.99999999999999, 45.0, 14.999999999999998, -59.99999999999999, -75.0, 105.00000000000001, 59.99999999999999, 75.0, 45.0, 180.0, 90.0, 14.999999999999998, -59.99999999999999, 59.99999999999999, 75.0, -119.99999999999999, 90.0, 59.99999999999999, -59.99999999999999, 75.0, 180.0, 180.0, -119.99999999999999, 150.0, 180.0, 59.99999999999999]",0.5318081743953463,52.74950478555153,-44.31532208268039,-59.087096110240516,19.917911167555125,0.0,164.1047919790047,-11.649929600927315,-13.207980012764171,-3.8781013731388074,1.544110477369967,0.5883034527713573,0.5883034527713573,0.0,0.0,0.969552955390735,0.6998647021463764,1.0,43.625364755254786,24.495264575123176,65.92804407978494,166.38509696713732,5.826131315391621,4.346512758644113,2.3143241060071764,5.508594512939453,4.848916530609131,False,
chignolin,/home/raubenb/gitrepos/QTF/5AWL.pdb,chignolin_ff-amber_chi-selective_hb-0.75_sasa-0.7_vdwr-0.1_vdwa-0.1,YYDPETGTWY,amber,selective,0.75,0.7,0.1,0.1,94,166.39767955153465,10,"[29.999999999999996, 75.0, 59.99999999999999, 59.99999999999999, 75.0, 45.0, -59.99999999999999, 59.99999999999999, 45.0, 14.999999999999998, -59.99999999999999, -75.0, 105.00000000000001, 59.99999999999999, 29.999999999999996, 45.0, 59.99999999999999, 59.99999999999999, 59.99999999999999, 180.0, -75.0, 105.00000000000001, -45.0, -59.99999999999999, 180.0, -59.99999999999999, 75.0, 180.0, 180.0, -119.99999999999999, 150.0, 180.0, 59.99999999999999]",29.441020161047238,78.99540524881614,-44.31532208268039,-59.087096110240516,18.91519392332469,0.0,114.25613569288764,-9.367785861808217,-16.207515429333206,-3.8781013731388074,-2.0296541803518204,0.5883034527713573,0.5883034527713573,0.0,0.0,0.9544038064941898,0.7199926921039145,1.0,41.13921586260386,25.19974422363701,62.57694857584517,166.39767955153465,3.073437816125569,4.388285865793188,3.021061935372523,5.508594512939453,4.848916530609131,False,
chignolin,/home/raubenb/gitrepos/QTF/5AWL.pdb,chignolin_ff-amber_chi-selective_hb-0.75_sasa-0.7_vdwr-0.1_vdwa-0.1,YYDPETGTWY,amber,selective,0.75,0.7,0.1,0.1,95,166.47219394255148,10,"[29.999999999999996, 75.0, 59.99999999999999, 59.99999999999999, 75.0, 45.0, -59.99999999999999, 59.99999999999999, 45.0, 14.999999999999998, -59.99999999999999, -75.0, 105.00000000000001, 59.99999999999999, 29.999999999999996, 45.0, 59.99999999999999, 59.99999999999999, 59.99999999999999, 180.0, -59.99999999999999, 175.0, -59.99999999999999, -59.99999999999999, 180.0, -105.00000000000001, 130.0, 180.0, 180.0, -59.99999999999999, 119.99999999999999, -59.99999999999999, 180.0]",16.516757884722,161.03927213192057,-87.50889590566453,-116.67852787421937,17.39931824314815,0.0,89.71109884610601,-9.402722062192026,-15.807538799549238,-3.8781013731388074,-2.1852984755720177,0.5883034527713573,0.5883034527713573,0.0,0.0,0.9070480391734945,0.3547206745549453,1.0,38.377725528087886,12.415223609423085,57.74491439601134,166.47219394255148,3.682487530456971,4.239886319529725,3.346795748619253,5.508594512939453,4.848916530609131,False,
chignolin,/home/raubenb/gitrepos/QTF/5AWL.pdb,chignolin_ff-amber_chi-selective_hb-0.75_sasa-0.7_vdwr-0.1_vdwa-0.1,YYDPETGTWY,amber,selective,0.75,0.7,0.1,0.1,96,167.96834758496004,10,"[29.999999999999996, 75.0, 59.99999999999999, 59.99999999999999, 75.0, 45.0, -59.99999999999999, 59.99999999999999, 45.0, 14.999999999999998, -59.99999999999999, -75.0, 105.00000000000001, 59.99999999999999, 75.0, 45.0, 180.0, 90.0, 14.999999999999998, -59.99999999999999, 59.99999999999999, 75.0, -119.99999999999999, 90.0, 59.99999999999999, -59.99999999999999, 115.0, -59.99999999999999, 180.0, -29.999999999999996, 135.0, 180.0, 59.99999999999999]",0.5422623877143444,103.9599060528888,-44.31532208268039,-59.087096110240516,19.75276790976104,0.0,111.2736076132279,-9.747499200550696,-12.808003382980202,-3.8781013731388074,2.6004262079466813,0.5883034527713573,0.5883034527713573,0.0,0.0,0.9399942822205548,0.5424629864481709,1.0,40.937019784977785,18.98620452568598,61.18035678524198,167.96834758496004,5.829321237612865,4.407880900463438,2.293620962121412,5.508594512939453,4.848916530609131,False,
chignolin,/home/raubenb/gitrepos/QTF/5AWL.pdb,chignolin_ff-amber_chi-selective_hb-0.75_sasa-0.7_vdwr-0.1_vdwa-0.1,YYDPETGTWY,amber,selective,0.75,0.7,0.1,0.1,97,168.12954078622062,10,"[29.999999999999996, 75.0, 59.99999999999999, 59.99999999999999, 75.0, 45.0, -59.99999999999999, 59.99999999999999, 45.0, 14.999999999999998, -59.99999999999999, -75.0, 105.00000000000001, 59.99999999999999, 29.999999999999996, 45.0, 59.99999999999999, 59.99999999999999, 59.99999999999999, 180.0, -59.99999999999999, 175.0, -45.0, -59.99999999999999, 180.0, -105.00000000000001, 130.0, 180.0, 180.0, -119.99999999999999, 150.0, 180.0, 59.99999999999999]",6.525622083694429,137.44985379254388,-49.10346804274367,-65.47129072365823,17.127851700881497,0.0,88.34936756882934,-8.071345029476355,-16.207515429333206,-3.8781013731388074,-4.6510279378078465,0.5883034527713573,0.5883034527713573,0.0,0.0,0.9206638650548087,0.47519264253247706,1.0,38.87709920133427,16.631742488636696,56.725975269015336,168.12954078622062,4.357579579691047,4.1832750704171175,3.563598689637424,5.508594512939453,4.848916530609131,False,
chignolin,/home/raubenb/gitrepos/QTF/5AWL.pdb,chignolin_ff-amber_chi-selective_hb-0.75_sasa-0.7_vdwr-0.1_vdwa-0.1,YYDPETGTWY,amber,selective,0.75,0.7,0.1,0.1,98,168.1901468578252,10,"[29.999999999999996, 75.0, 59.99999999999999, 59.99999999999999, 75.0, 45.0, -59.99999999999999, 59.99999999999999, 45.0, 14.999999999999998, -59.99999999999999, -59.99999999999999, 175.0, -59.99999999999999, -45.0, 130.0, -59.99999999999999, 29.999999999999996, 59.99999999999999, -59.99999999999999, -119.99999999999999, 119.99999999999999, -59.99999999999999, -59.99999999999999, 180.0, -75.0, 130.0, -59.99999999999999, 180.0, -75.0, 175.0, 180.0, 59.99999999999999]",2.138196500060067,145.977185171141,-69.89492823533863,-93.19323764711817,13.993204744125213,0.0,108.65310958685305,-8.431783305161112,-15.807538799549224,-3.8781013731388074,-5.147500883453098,0.5883034522867062,0.5883034522867062,0.0,0.0,0.9157418844611019,0.38317662317633966,1.0,38.785518645025455,13.411181811171888,59.37457002541783,168.1901468578252,4.8460586417636415,4.254380464476761,3.12218306984411,5.508594512939453,4.848916530609131,False,
chignolin,/home/raubenb/gitrepos/QTF/5AWL.pdb,chignolin_ff-amber_chi-selective_hb-0.75_sasa-0.7_vdwr-0.1_vdwa-0.1,YYDPETGTWY,amber,selective,0.75,0.7,0.1,0.1,99,168.4130192517849,10,"[29.999999999999996, 75.0, 59.99999999999999, 59.99999999999999, 75.0, 45.0, -59.99999999999999, 59.99999999999999, 45.0, 14.999999999999998, -59.99999999999999, -75.0, 105.00000000000001, 59.99999999999999, 75.0, 45.0, 180.0, 90.0, 14.999999999999998, -59.99999999999999, 45.0, 14.999999999999998, -45.0, -59.99999999999999, 180.0, -59.99999999999999, 115.0, -59.99999999999999, 180.0, 75.0, 45.0, 59.99999999999999, -59.99999999999999]",7.579155885717238,107.75940797527227,-52.204910389054376,-69.60654718540583,19.85424887283019,0.0,116.17482369109501,-9.624095968316897,-15.407562169765258,-3.8781013731388074,-2.4282507256258272,0.5883034527713573,0.5883034527713573,0.0,0.0,0.9378012075178804,0.4257226296148836,1.0,41.12468711568551,14.900292036520927,60.43160334845769,168.4130192517849,4.268809041154278,4.186920776260139,2.572383507317778,5.508594512939453,4.848916530609131,False,
chignolin,/home/raubenb/gitrepos/QTF/5AWL.pdb,chignolin_ff-amber_chi-selective_hb-0.75_sasa-0.7_vdwr-0.1_vdwa-0.1,YYDPETGTWY,amber,selective,0.75,0.7,0.1,0.1,100,168.74544746141146,10,"[29.999999999999996, 75.0, 59.99999999999999, 59.99999999999999, 75.0, 45.0, -59.99999999999999, 59.99999999999999, 45.0, 14.999999999999998, -59.99999999999999, -75.0, 105.00000000000001, 59.99999999999999, 29.999999999999996, 45.0, 59.99999999999999, 59.99999999999999, 59.99999999999999, 180.0, -75.0, 119.99999999999999, -45.0, -59.99999999999999, 180.0, -59.99999999999999, 105.00000000000001, 180.0, 180.0, 75.0, 45.0, 59.99999999999999, -59.99999999999999]",19.699805983467208,110.38482833496104,-72.8064640120171,-97.07528534935614,19.301919007778558,0.0,121.46454924356675,-9.314276569558615,-15.807538799549238,-3.8781013731388074,-0.887577806869699,0.5883034527713573,0.5883034527713573,0.0,0.0,0.9362858133708739,0.3834263329869309,1.0,40.88070999584557,13.419921654542582,61.84616390707827,168.74544746141146,3.5150664503078595,4.387026653216152,3.0829981174368526,5.508594512939453,4.848916530609131,False,
chignolin,/home/raubenb/gitrepos/QTF/5AWL.pdb,chignolin_ff-amber_chi-selective_hb-0.75_sasa-0.7_vdwr-0.1_vdwa-0.1,YYDPETGTWY,amber,selective,0.75,0.7,0.1,0.1,101,169.1311266077368,10,"[29.999999999999996, 75.0, 59.99999999999999, 59.99999999999999, 75.0, 45.0, -59.99999999999999, 59.99999999999999, 45.0, 14.999999999999998, -59.99999999999999, -75.0, 105.00000000000001, 59.99999999999999, 29.999999999999996, 45.0, 59.99999999999999, 59.99999999999999, 59.99999999999999, 180.0, -75.0, 119.99999999999999, -59.99999999999999, -59.99999999999999, 180.0, -75.0, 130.0, -59.99999999999999, 180.0, 75.0, 45.0, 59.99999999999999, -59.99999999999999]",18.32894780126316,93.63465414365305,-45.351334218941446,-60.46844562525526,16.104619429871647,0.0,116.70733653986218,-9.703633453258554,-15.40756216976527,-3.8781013731388074,-1.8921035445804792,0.5883034527713573,0.5883034527713573,0.0,0.0,0.9459540235823071,0.4088593248046453,1.0,41.43242748441598,14.310076368162585,61.68659151199252,169.1311266077368,3.5853748251282624,4.496121204774569,2.8656529384216958,5.508594512939453,4.848916530609131,False,
chignolin,/home/raubenb/gitrepos/QTF/5AWL.pdb,chignolin_ff-amber_chi-selective_hb-0.75_sasa-0.7_vdwr-0.1_vdwa-0.1,YYDPETGTWY,amber,selective,0.75,0.7,0.1,0.1,102,169.29857000159203,10,"[29.999999999999996, 75.0, 59.99999999999999, 59.99999999999999, 75.0, 45.0, -59.99999999999999, 59.99999999999999, 45.0, 14.999999999999998, -59.99999999999999, -75.0, 105.00000000000001, 59.99999999999999, 29.999999999999996, 45.0, 59.99999999999999, 59.99999999999999, 59.99999999999999, 180.0, -75.0, 119.99999999999999, -45.0, -59.99999999999999, 180.0, -59.99999999999999, 75.0, 180.0, 180.0, -119.99999999999999, 150.0, 180.0, 59.99999999999999]",28.28043575521736,74.02648296575593,-44.31532208268039,-59.087096110240516,19.46016776548284,0.0,122.84349621822294,-9.311450984635183,-16.207515429333206,-3.8781013731388074,-2.1879262860708586,0.5883034527713573,0.5883034527713573,0.0,0.0,0.9572718713040369,0.7113127720658221,1.0,41.45530073208595,24.895947022303773,62.50404744844416,169.29857000159203,3.1217470380458954,4.323795552293829,3.123128747069533,5.508594512939453,4.848916530609131,False,
chignolin,/home/raubenb/gitrepos/QTF/5AWL.pdb,chignolin_ff-amber_chi-selective_hb-0.75_sasa-0.7_vdwr-0.1_vdwa-0.1,YYDPETGTWY,amber,selective,0.75,0.7,0.1,0.1,103,169.41448665253108,10,"[29.999999999999996, 75.0, 59.99999999999999, 59.99999999999999, 75.0, 45.0, -59.99999999999999, 59.99999999999999, 45.0, 14.999999999999998, -59.99999999999999, -59.99999999999999, 175.0, -59.99999999999999, -45.0, 130.0, -59.99999999999999, 29.999999999999996, 59.99999999999999, -59.99999999999999, -119.99999999999999, 119.99999999999999, -59.99999999999999, -59.99999999999999, 180.0, -59.99999999999999, 105.00000000000001, 180.0, 180.0, -45.0, -29.999999999999996, 180.0, 59.99999999999999]",0.03623485077646249,156.2865172347191,-65.05477609968096,-86.73970146624129,15.470559931384729,0.0,96.42673619839591,-7.84003699995548,-16.207515429333192,-3.8781013731388074,-6.413435112923381,0.5883034522867062,0.5883034522867062,0.0,0.0,0.9097913320434522,0.3788651532482862,1.0,38.012945904803814,13.260280363690017,58.17531196369268,169.41448665253108,5.585129138109654,4.275094181140581,3.225870593538247,5.508594512939453,4.848916530609131,False,
chignolin,/home/raubenb/gitrepos/QTF/5AWL.pdb,chignolin_ff-amber_chi-selective_hb-0.75_sasa-0.7_vdwr-0.1_vdwa-0.1,YYDPETGTWY,amber,selective,0.75,0.7,0.1,0.1,104,169.7390629281532,10,"[29.999999999999996, 75.0, 59.99999999999999, 59.99999999999999, 75.0, 45.0, -59.99999999999999, 59.99999999999999, 45.0, 14.999999999999998, -59.99999999999999, -75.0, 105.00000000000001, 59.99999999999999, 29.999999999999996, 45.0, 59.99999999999999, 59.99999999999999, 59.99999999999999, 180.0, -59.99999999999999, 175.0, -59.99999999999999, -59.99999999999999, 180.0, -105.00000000000001, 130.0, 180.0, 180.0, -29.999999999999996, 135.0, 180.0, 59.99999999999999]",16.516757884722,142.9093062844715,-73.7942965109086,-98.39239534787814,16.94012654869734,0.0,98.38969093847322,-9.193016834464618,-16.207515429333206,-3.8781013731388074,-2.532192033137012,0.5883034527713573,0.5883034527713573,0.0,0.0,0.9175126659252689,0.4118453639736824,1.0,39.03059893645294,14.414587739078883,58.18657021432402,169.7390629281532,3.682487530456971,4.239886319529725,3.346795748619253,5.508594512939453,4.848916530609131,False,
chignolin,/home/raubenb/gitrepos/QTF/5AWL.pdb,chignolin_ff-amber_chi-selective_hb-0.75_sasa-0.7_vdwr-0.1_vdwa-0.1,YYDPETGTWY,amber,selective,0.75,0.7,0.1,0.1,105,171.4155244969925,10,"[29.999999999999996, 75.0, 59.99999999999999, 59.99999999999999, 75.0, 45.0, -59.99999999999999, 59.99999999999999, 45.0, 14.999999999999998, -59.99999999999999, -75.0, 105.00000000000001, 59.99999999999999, 29.999999999999996, 45.0, 59.99999999999999, 59.99999999999999, 59.99999999999999, 180.0, -59.99999999999999, 175.0, -59.99999999999999, -59.99999999999999, 180.0, -59.99999999999999, 115.0, -59.99999999999999, 180.0, 75.0, 45.0, 59.99999999999999, -59.99999999999999]",0.3764844444773683,133.3120258711094,-44.31532208268039,-59.087096110240516,17.42070700652729,0.0,92.11147304994708,-7.8019140286188495,-15.40756216976527,-3.8781013731388074,-0.9905696736366936,0.5883034527713573,0.5883034527713573,0.0,0.0,0.9230522217194174,0.3779181046585231,1.0,38.51738052916641,13.227133663048308,57.52775508122048,171.4155244969925,5.225597214125888,4.361817634114259,3.5277474431777653,5.508594512939453,4.848916530609131,False,
chignolin,/home/raubenb/gitrepos/QTF/5AWL.pdb,chignolin_ff-amber_chi-selective_hb-0.75_sasa-0.7_vdwr-0.1_vdwa-0.1,YYDPETGTWY,amber,selective,0.75,0.7,0.1,0.1,106,171.64987406000895,10,"[29.999999999999996, 75.0, 59.99999999999999, 59.99999999999999, 75.0, 45.0, -59.99999999999999, 59.99999999999999, 45.0, 14.999999999999998, -59.99999999999999, -75.0, 105.00000000000001, 59.99999999999999, 29.999999999999996, 45.0, 59.99999999999999, 59.99999999999999, 59.99999999999999, 180.0, -75.0, 119.99999999999999, -45.0, -59.99999999999999, 180.0, -59.99999999999999, 115.0, -59.99999999999999, 180.0, 75.0, 45.0, 59.99999999999999, -59.99999999999999]",18.064755599418493,101.04915830265993,-58.70675232398112,-78.27566976530817,19.41489322914773,0.0,121.06905065671867,-9.338032479513224,-15.40756216976527,-3.8781013731388074,-1.2058388343088013,0.5883034527713573,0.5883034527713573,0.0,0.0,0.9416743675020722,0.406635522424579,1.0,41.29144495754659,14.232243284860266,62.003053196954404,171.64987406000895,3.5992235481562544,4.403629060791528,3.0648923177697114,5.508594512939453,4.848916530609131,False,
chignolin,/home/raubenb/gitrepos/QTF/5AWL.pdb,chignolin_ff-amber_chi-selective_hb-0.75_sasa-0.7_vdwr-0.1_vdwa-0.1,YYDPETGTWY,amber,selective,0.75,0.7,0.1,0.1,107,171.6581691323597,10,"[29.999999999999996, 75.0, 59.99999999999999, 59.99999999999999, 75.0, 45.0, -59.99999999999999, 59.99999999999999, 45.0, 14.999999999999998, -59.99999999999999, -59.99999999999999, 175.0, -59.99999999999999, -45.0, 130.0, -59.99999999999999, 29.999999999999996, 59.99999999999999, -59.99999999999999, -119.99999999999999, 119.99999999999999, -59.99999999999999, -59.99999999999999, 180.0, -59.99999999999999, 75.0, 180.0, 180.0, -75.0, 135.0, -59.99999999999999, 180.0]",0.0016144582261214757,157.29367472554304,-62.68585184009705,-83.58113578679607,16.654299118015423,0.0,91.1035336789169,-8.36450060935754,-15.807538799549226,-3.8781013731388074,-3.247263678485868,0.5883034522867062,0.5883034522867062,0.0,0.0,0.9092100001584167,0.38236968378289155,1.0,37.70427674348037,13.382938932401204,59.321455950051174,171.6581691323597,5.482030814007744,4.22455876026832,3.2549869508117517,5.508594512939453,4.848916530609131,False,
chignolin,/home/raubenb/gitrepos/QTF/5AWL.pdb,chignolin_ff-amber_chi-selective_hb-0.75_sasa-0.7_vdwr-0.1_vdwa-0.1,YYDPETGTWY,amber,selective,0.75,0.7,0.1,0.1,108,171.95319549319876,10,"[29.999999999999996, 75.0, 59.99999999999999, 59.99999999999999, 75.0, 45.0, -59.99999999999999, 59.99999999999999, 45.0, 14.999999999999998, -59.99999999999999, -75.0, 105.00000000000001, 59.99999999999999, 75.0, 45.0, 180.0, 90.0, 14.999999999999998, -59.99999999999999, 59.99999999999999, 75.0, -119.99999999999999, 90.0, 59.99999999999999, -75.0, 130.0, -59.99999999999999, 180.0, -29.999999999999996, 135.0, 180.0, 59.99999999999999]",2.3247963997740513,132.83087632711516,-44.31532208268039,-59.087096110240516,19.768700875118057,0.0,84.85858428996946,-9.507735928744847,-12.808003382980202,-3.8781013731388074,2.0910969159948998,0.5883034527713573,0.5883034527713573,0.0,0.0,0.9233299415139307,0.4843215617013917,1.0,39.68333795276383,16.95125465954871,59.31691386607591,171.95319549319876,6.181879226809858,4.490309055895783,2.3263144857964804,5.508594512939453,4.848916530609131,False,
chignolin,/home/raubenb/gitrepos/QTF/5AWL.pdb,chignolin_ff-amber_chi-selective_hb-0.75_sasa-0.7_vdwr-0.1_vdwa-0.1,YYDPETGTWY,amber,selective,0.75,0.7,0.1,0.1,109,171.9636015508072,10,"[29.999999999999996, 75.0, 59.99999999999999, 59.99999999999999, 75.0, 45.0, -59.99999999999999, 59.99999999999999, 45.0, 14.999999999999998, -59.99999999999999, -59.99999999999999, 175.0, -59.99999999999999, -45.0, 130.0, -59.99999999999999, 29.999999999999996, 59.99999999999999, -59.99999999999999, -119.99999999999999, 119.99999999999999, -59.99999999999999, -59.99999999999999, 180.0, -59.99999999999999, 150.0, 180.0, 180.0, -119.99999999999999, 150.0, 180.0, 59.99999999999999]",0.24153204721773444,158.8616590038824,-47.593756901065234,-63.45834253475364,14.54253733532358,0.0,80.67854099761904,-8.0330229189296,-16.207515429333192,-3.8781013731388074,-7.236574663055454,0.5883034522867062,0.5883034522867062,0.0,0.0,0.9083049587279178,0.38885449198606464,1.0,38.03704586286489,13.609907219512262,57.99532818810756,171.9636015508072,5.2802128087363895,4.3081954909360425,3.1376674343353312,5.508594512939453,4.848916530609131,False,
chignolin,/home/raubenb/gitrepos/QTF/5AWL.pdb,chignolin_ff-amber_chi-selective_hb-0.75_sasa-0.7_vdwr-0.1_vdwa-0.1,YYDPETGTWY,amber,selective,0.75,0.7,0.1,0.1,110,172.1402104491109,10,"[29.999999999999996, 75.0, 59.99999999999999, 59.99999999999999, 75.0, 45.0, -59.99999999999999, 59.99999999999999, 45.0, 14.999999999999998, -59.99999999999999, -59.99999999999999, 175.0, -59.99999999999999, -45.0, 130.0, -59.99999999999999, 29.999999999999996, 59.99999999999999, -59.99999999999999, -119.99999999999999, 119.99999999999999, -59.99999999999999, -59.99999999999999, 180.0, -59.99999999999999, 105.00000000000001, 180.0, 180.0, -75.0, 135.0, -59.99999999999999, 180.0]",0.03623485077646249,168.97906593072955,-73.22874584843797,-97.6383277979173,16.240029142599617,0.0,91.64186498290559,-8.262443645600225,-15.807538799549226,-3.8781013731388074,-4.168458243460782,0.5883034522867062,0.5883034522867062,0.0,0.0,0.9024651856099685,0.36615650719852416,1.0,37.31645319148062,12.815477751948345,58.46925301110551,172.1402104491109,5.585129138109654,4.275094181140581,3.225870593538247,5.508594512939453,4.848916530609131,False,
chignolin,/home/raubenb/gitrepos/QTF/5AWL.pdb,chignolin_ff-amber_chi-selective_hb-0.75_sasa-0.7_vdwr-0.1_vdwa-0.1,YYDPETGTWY,amber,selective,0.75,0.7,0.1,0.1,111,172.32069499170694,10,"[29.999999999999996, 75.0, 59.99999999999999, 59.99999999999999, 75.0, 45.0, -59.99999999999999, 59.99999999999999, 45.0, 14.999999999999998, -59.99999999999999, -75.0, 105.00000000000001, 59.99999999999999, 29.999999999999996, 45.0, 59.99999999999999, 29.999999999999996, 59.99999999999999, -59.99999999999999, -59.99999999999999, 175.0, -59.99999999999999, -59.99999999999999, 180.0, -59.99999999999999, 115.0, -59.99999999999999, 180.0, -29.999999999999996, 135.0, 180.0, 59.99999999999999]",8.317310654552442,157.50127215750985,-53.88243885977731,-71.84325181303642,14.85594523284459,0.0,72.29875823185547,-6.764362449711695,-15.807538799549224,-3.8781013731388074,-0.908453255649733,0.5883034527713573,0.5883034527713573,0.0,0.0,0.9090901748008602,0.400576456579366,1.0,37.43580759582867,14.020175980277811,57.543475481893154,172.32069499170694,4.210247259777872,4.624971644514809,3.365444911029869,5.508594512939453,4.848916530609131,False,
chignolin,/home/raubenb/gitrepos/QTF/5AWL.pdb,chignolin_ff-amber_chi-selective_hb-0.75_sasa-0.7_vdwr-0.1_vdwa-0.1,YYDPETGTWY,amber,selective,0.75,0.7,0.1,0.1,112,172.52243799285375,10,"[29.999999999999996, 75.0, 59.99999999999999, 59.99999999999999, 75.0, 45.0, -59.99999999999999, 59.99999999999999, 45.0, 14.999999999999998, -59.99999999999999, -59.99999999999999, 175.0, -59.99999999999999, -45.0, 130.0, -59.99999999999999, 29.999999999999996, 59.99999999999999, -59.99999999999999, -119.99999999999999, 119.99999999999999, -59.99999999999999, -59.99999999999999, 180.0, -59.99999999999999, 115.0, -59.99999999999999, 180.0, -119.99999999999999, 150.0, 180.0, 59.99999999999999]",0.020563150617720034,153.83500698781745,-43.2858703149075,-57.71449375321,15.263118480801998,0.0,80.33668741725222,-7.930512660932694,-15.807538799549224,-3.8781013731388074,-6.619218347394148,0.5883034522867062,0.5883034522867062,0.0,0.0,0.9112063451729769,0.42539171284732413,1.0,37.93393993478769,14.888709949656345,57.94884457572509,172.52243799285375,5.564129791232656,4.287683889675797,3.209985780530147,5.508594512939453,4.848916530609131,False,
chignolin,/home/raubenb/gitrepos/QTF/5AWL.pdb,chignolin_ff-amber_chi-selective_hb-0.75_sasa-0.7_vdwr-0.1_vdwa-0.1,YYDPETGTWY,amber,selective,0.75,0.7,0.1,0.1,113,172.58752872436966,10,"[29.999999999999996, 75.0, 59.99999999999999, 59.99999999999999, 75.0, 45.0, -59.99999999999999, 59.99999999999999, 45.0, 14.999999999999998, -59.99999999999999, -75.0, 105.00000000000001, 59.99999999999999, 29.999999999999996, 45.0, 59.99999999999999, 59.99999999999999, 59.99999999999999, 180.0, -75.0, 105.00000000000001, -45.0, -59.99999999999999, 180.0, -75.0, 130.0, -59.99999999999999, 180.0, 75.0, 45.0, 59.99999999999999, -59.99999999999999]",21.839637589944275,90.86653337098954,-47.8826374864464,-63.8435166485952,17.365519693219287,0.0,120.34745538431287,-9.694723716975622,-15.40756216976527,-3.8781013731388074,-1.5568960205415447,0.5883034527713573,0.5883034527713573,0.0,0.0,0.9475517844900493,0.4179293786713615,1.0,41.6423470423468,14.627528253497651,62.13386920479684,172.58752872436966,3.4100412640463795,4.45509884806153,2.875254845058935,5.508594512939453,4.848916530609131,False,
chignolin,/home/raubenb/gitrepos/QTF/5AWL.pdb,chignolin_ff-amber_chi-selective_hb-0.75_sasa-0.7_vdwr-0.1_vdwa-0.1,YYDPETGTWY,amber,selective,0.75,0.7,0.1,0.1,114,172.64705176004466,10,"[29.999999999999996, 75.0, 59.99999999999999, 59.99999999999999, 75.0, 45.0, -59.99999999999999, 59.99999999999999, 45.0, 14.999999999999998, -59.99999999999999, -75.0, 105.00000000000001, 59.99999999999999, 75.0, 45.0, 180.0, 90.0, 14.999999999999998, -59.99999999999999, 45.0, 14.999999999999998, -45.0, -59.99999999999999, 180.0, -59.99999999999999, 105.00000000000001, 180.0, 180.0, 75.0, 45.0, 59.99999999999999, -59.99999999999999]",7.137221065520829,117.47605426377662,-52.204910389054376,-69.60654718540583,19.79949457146343,0.0,111.22860668872579,-9.582088022284221,-15.807538799549226,-3.8781013731388074,-2.109989698186725,0.5883034527713573,0.5883034527713573,0.0,0.0,0.9321927536717017,0.3964320133787706,1.0,40.66167890105652,13.875120468256972,60.13088810759765,172.64705176004466,4.3052430317825445,4.174077005129073,2.5906118258023625,5.508594512939453,4.848916530609131,False,
chignolin,/home/raubenb/gitrepos/QTF/5AWL.pdb,chignolin_ff-amber_chi-selective_hb-0.75_sasa-0.7_vdwr-0.1_vdwa-0.1,YYDPETGTWY,amber,selective,0.75,0.7,0.1,0.1,115,173.14301655874408,10,"[29.999999999999996, 75.0, 59.99999999999999, 59.99999999999999, 75.0, 45.0, -59.99999999999999, 59.99999999999999, 45.0, 14.999999999999998, -59.99999999999999, -59.99999999999999, 175.0, -59.99999999999999, -45.0, 130.0, -59.99999999999999, 29.999999999999996, 59.99999999999999, -59.99999999999999, -119.99999999999999, 119.99999999999999, -59.99999999999999, -59.99999999999999, 180.0, -59.99999999999999, 115.0, -59.99999999999999, 180.0, -75.0, 135.0, -59.99999999999999, 180.0]",0.020563150617720034,169.9198018011644,-75.10352537094113,-100.1380338279215,16.187368565255753,0.0,93.5093010545452,-8.206413280380616,-15.407562169765258,-3.8781013731388074,-4.486719270899885,0.5883034522867062,0.5883034522867062,0.0,0.0,0.9019221923225603,0.36552699461365157,1.0,37.32779845651962,12.793444811477805,58.39390141256137,173.14301655874408,5.564129791232656,4.287683889675797,3.209985780530147,5.508594512939453,4.848916530609131,False,
chignolin,/home/raubenb/gitrepos/QTF/5AWL.pdb,chignolin_ff-amber_chi-selective_hb-0.75_sasa-0.7_vdwr-0.1_vdwa-0.1,YYDPETGTWY,amber,selective,0.75,0.7,0.1,0.1,116,173.43016372089858,10,"[29.999999999999996, 75.0, 59.99999999999999, 59.99999999999999, 75.0, 45.0, -59.99999999999999, 59.99999999999999, 45.0, 14.999999999999998, -59.99999999999999, -75.0, 105.00000000000001, 59.99999999999999, 29.999999999999996, 45.0, 59.99999999999999, 29.999999999999996, 59.99999999999999, -59.99999999999999, -75.0, 119.99999999999999, -45.0, -59.99999999999999, 180.0, -59.99999999999999, 75.0, 180.0, 180.0, -119.99999999999999, 150.0, 180.0, 59.99999999999999]",20.69769761006837,102.20271344333351,-44.31532208268039,-59.087096110240516,17.914816997900566,0.0,105.88539055900725,-7.277781310131534,-16.207515429333192,-3.8781013731388074,-2.1800381468985552,0.5883034527713573,0.5883034527713573,0.0,0.0,0.9410085348090427,0.6757474708932117,1.0,39.957964758778225,23.65116148126241,60.79708255295664,173.43016372089858,3.4654141645008747,4.6742563210116685,3.116941693085167,5.508594512939453,4.848916530609131,False,
chignolin,/home/raubenb/gitrepos/QTF/5AWL.pdb,chignolin_ff-amber_chi-selective_hb-0.75_sasa-0.7_vdwr-0.1_vdwa-0.1,YYDPETGTWY,amber,selective,0.75,0.7,0.1,0.1,117,173.67609191335072,10,"[29.999999999999996, 75.0, 59.99999999999999, 59.99999999999999, 75.0, 45.0, -59.99999999999999, 59.99999999999999, 45.0, 14.999999999999998, -59.99999999999999, -75.0, 105.00000000000001, 59.99999999999999, 29.999999999999996, 45.0, 59.99999999999999, 29.999999999999996, 59.99999999999999, -59.99999999999999, -119.99999999999999, 119.99999999999999, -45.0, -59.99999999999999, 180.0, -119.99999999999999, 119.99999999999999, 59.99999999999999, -59.99999999999999, -45.0, -29.999999999999996, 180.0, 59.99999999999999]",9.75381267159128,109.99134795880529,-44.31532208268039,-59.087096110240516,17.21805837433302,0.0,115.35167776783801,-8.342207283247493,-15.807538799549224,-3.8781013731388074,-6.883938773372314,0.5883034527713573,0.5883034527713573,0.0,0.0,0.9365129304711081,0.5303151760438074,1.0,41.418981580754135,18.561031161533258,61.536425431063684,173.67609191335072,6.896697008774006,4.588210935089678,3.0034006340504766,5.508594512939453,4.848916530609131,False,
chignolin,/home/raubenb/gitrepos/QTF/5AWL.pdb,chignolin_ff-amber_chi-selective_hb-0.75_sasa-0.7_vdwr-0.1_vdwa-0.1,YYDPETGTWY,amber,selective,0.75,0.7,0.1,0.1,118,174.02524491656948,10,"[29.999999999999996, 75.0, 59.99999999999999, 59.99999999999999, 75.0, 45.0, -59.99999999999999, 59.99999999999999, 45.0, 14.999999999999998, -59.99999999999999, -75.0, 105.00000000000001, 59.99999999999999, 29.999999999999996, 45.0, 59.99999999999999, 29.999999999999996, 59.99999999999999, -59.99999999999999, -59.99999999999999, 175.0, -59.99999999999999, -59.99999999999999, 180.0, -59.99999999999999, 75.0, 180.0, 180.0, 75.0, 45.0, 59.99999999999999, -59.99999999999999]",8.73254926228307,148.04051106811863,-44.31532208268039,-59.087096110240516,15.345456536642656,0.0,72.0862803221198,-7.023667527947256,-15.807538799549226,-3.8781013731388074,0.2567740579496268,0.5883034527713573,0.5883034527713573,0.0,0.0,0.9145509315624135,0.3462612436994821,1.0,37.99957471535419,12.119143529481873,59.01125080788059,174.02524491656948,4.178444154620542,4.566438176380917,3.423241821478126,5.508594512939453,4.848916530609131,False,
chignolin,/home/raubenb/gitrepos/QTF/5AWL.pdb,chignolin_ff-amber_chi-selective_hb-0.75_sasa-0.7_vdwr-0.1_vdwa-0.1,YYDPETGTWY,amber,selective,0.75,0.7,0.1,0.1,119,174.31085933780142,10,"[29.999999999999996, 75.0, 59.99999999999999, 59.99999999999999, 75.0, 45.0, -59.99999999999999, 59.99999999999999, 45.0, 14.999999999999998, -59.99999999999999, -75.0, 105.00000000000001, 59.99999999999999, 29.999999999999996, 45.0, 59.99999999999999, 59.99999999999999, 59.99999999999999, 180.0, -59.99999999999999, 175.0, -45.0, -59.99999999999999, 180.0, -105.00000000000001, 130.0, 180.0, 180.0, -45.0, -29.999999999999996, 180.0, 59.99999999999999]",6.525622083694429,160.78016175331166,-65.33163783848873,-87.1088504513183,16.637089293895084,0.0,88.51087554902354,-8.550432423157723,-16.207515429333206,-3.8781013731388074,-4.763505730776181,0.5883034527713573,0.5883034527713573,0.0,0.0,0.9071975978335862,0.3866649677920808,1.0,38.10357975461326,13.533273872722829,56.44955593456876,174.31085933780142,4.357579579691047,4.1832750704171175,3.563598689637424,5.508594512939453,4.848916530609131,False,
chignolin,/home/raubenb/gitrepos/QTF/5AWL.pdb,chignolin_ff-amber_chi-selective_hb-0.75_sasa-0.7_vdwr-0.1_vdwa-0.1,YYDPETGTWY,amber,selective,0.75,0.7,0.1,0.1,120,174.38525497056128,10,"[29.999999999999996, 75.0, 59.99999999999999, 59.99999999999999, 75.0, 45.0, -59.99999999999999, 59.99999999999999, 45.0, 14.999999999999998, -59.99999999999999, -75.0, 105.00000000000001, 59.99999999999999, 75.0, 45.0, 180.0, 90.0, 14.999999999999998, -59.99999999999999, 59.99999999999999, 59.99999999999999, -119.99999999999999, 90.0, 59.99999999999999, -59.99999999999999, 115.0, -59.99999999999999, 180.0, -29.999999999999996, 135.0, 180.0, 59.99999999999999]",3.9724140032601003,92.73446350853709,-44.31532208268039,-59.087096110240516,20.11109945254603,0.0,130.19237713063737,-10.054216673297288,-12.808003382980202,-7.877622853041799,1.8417624148089708,0.5883034527713573,0.5883034527713573,0.0,0.0,0.9464736141364866,0.5676123845361204,1.0,42.277989212952185,19.866433458764213,63.91718386722549,174.38525497056128,6.39133764682752,4.375670973966067,2.384302067581435,5.508594512939453,4.848916530609131,False,
chignolin,/home/raubenb/gitrepos/QTF/5AWL.pdb,chignolin_ff-amber_chi-selective_hb-0.75_sasa-0.7_vdwr-0.1_vdwa-0.1,YYDPETGTWY,amber,selective,0.75,0.7,0.1,0.1,121,174.43836802632867,10,"[29.999999999999996, 75.0, 59.99999999999999, 59.99999999999999, 75.0, 45.0, -59.99999999999999, 59.99999999999999, 45.0, 14.999999999999998, -59.99999999999999, -59.99999999999999, 175.0, -59.99999999999999, -45.0, 130.0, -59.99999999999999, 29.999999999999996, 59.99999999999999, -59.99999999999999, -119.99999999999999, 119.99999999999999, -59.99999999999999, -59.99999999999999, 180.0, -59.99999999999999, 105.00000000000001, 180.0, 180.0, -59.99999999999999, 119.99999999999999, -59.99999999999999, 180.0]",0.03623485077646249,169.8972160554948,-79.47201521515291,-105.9626869535372,15.806735472424286,0.0,99.16094514024974,-8.235119117663022,-15.807538799549226,-3.8781013731388074,-3.6582924393993204,0.5883034522867062,0.5883034522867062,0.0,0.0,0.9019352288279971,0.371212924253117,1.0,37.33527100460093,12.992452348859096,58.508870106903714,174.43836802632867,5.585129138109654,4.275094181140581,3.225870593538247,5.508594512939453,4.848916530609131,False,
chignolin,/home/raubenb/gitrepos/QTF/5AWL.pdb,chignolin_ff-amber_chi-selective_hb-0.75_sasa-0.7_vdwr-0.1_vdwa-0.1,YYDPETGTWY,amber,selective,0.75,0.7,0.1,0.1,122,174.94550242543954,10,"[29.999999999999996, 75.0, 59.99999999999999, 59.99999999999999, 75.0, 45.0, -59.99999999999999, 59.99999999999999, 45.0, 14.999999999999998, -59.99999999999999, -75.0, 105.00000000000001, 59.99999999999999, 75.0, 45.0, 180.0, 90.0, 14.999999999999998, -59.99999999999999, 59.99999999999999, 59.99999999999999, -119.99999999999999, 90.0, 59.99999999999999, -59.99999999999999, 105.00000000000001, 180.0, 180.0, -119.99999999999999, 150.0, 180.0, 59.99999999999999]",3.9766589650461555,41.99202209169742,-44.31532208268039,-59.087096110240516,20.27787161180185,0.0,184.69527021428343,-11.047951080931623,-13.207980012764171,-7.877622853041799,-0.1357478807426582,0.5883034527713573,0.5883034527713573,0.0,0.0,0.9757621806108528,0.7181433898393997,1.0,44.23758927101711,25.13501864437899,67.326630735313,174.94550242543954,6.391813765877849,4.359001953613117,2.391925925011527,5.508594512939453,4.848916530609131,False,
chignolin,/home/raubenb/gitrepos/QTF/5AWL.pdb,chignolin_ff-amber_chi-selective_hb-0.75_sasa-0.7_vdwr-0.1_vdwa-0.1,YYDPETGTWY,amber,selective,0.75,0.7,0.1,0.1,123,174.96107424064587,10,"[29.999999999999996, 75.0, 59.99999999999999, 59.99999999999999, 75.0, 45.0, -59.99999999999999, 59.99999999999999, 45.0, 14.999999999999998, -59.99999999999999, -59.99999999999999, 175.0, -59.99999999999999, -45.0, 130.0, -59.99999999999999, 29.999999999999996, 59.99999999999999, -59.99999999999999, -119.99999999999999, 119.99999999999999, -59.99999999999999, -59.99999999999999, 180.0, -59.99999999999999, 150.0, 180.0, 180.0, -75.0, 175.0, 180.0, 59.99999999999999]",0.24153204721773444,150.12804861480518,-60.35267472985921,-80.47023297314561,14.95288772566961,0.0,102.59660527770305,-7.852483437542582,-16.207515429333192,-3.8781013731388074,-5.255527907162622,0.5883034522867062,0.5883034522867062,0.0,0.0,0.9133460036855382,0.3839006758995487,1.0,38.36343011745286,13.436523656484203,58.36410335100812,174.96107424064587,5.2802128087363895,4.3081954909360425,3.1376674343353312,5.508594512939453,4.848916530609131,False,
chignolin,/home/raubenb/gitrepos/QTF/5AWL.pdb,chignolin_ff-amber_chi-selective_hb-0.75_sasa-0.7_vdwr-0.1_vdwa-0.1,YYDPETGTWY,amber,selective,0.75,0.7,0.1,0.1,124,175.2912414784293,10,"[29.999999999999996, 75.0, 59.99999999999999, 59.99999999999999, 75.0, 45.0, -59.99999999999999, 59.99999999999999, 45.0, 14.999999999999998, -59.99999999999999, -59.99999999999999, 175.0, -59.99999999999999, -45.0, 130.0, -59.99999999999999, 29.999999999999996, 59.99999999999999, -59.99999999999999, -119.99999999999999, 119.99999999999999, -59.99999999999999, -59.99999999999999, 180.0, -59.99999999999999, 115.0, -59.99999999999999, 180.0, -45.0, -29.999999999999996, 180.0, 59.99999999999999]",0.020563150617720034,151.2058332863553,-59.74584938319752,-79.66113251093003,15.328470562817373,0.0,102.15708490827122,-7.845828185670957,-15.807538799549224,-3.8781013731388074,-6.731696140362482,0.5883034522867062,0.5883034522867062,0.0,0.0,0.9127239057510214,0.38639873707364963,1.0,38.18905782680639,13.523955797577738,58.2320027442655,175.2912414784293,5.564129791232656,4.287683889675797,3.209985780530147,5.508594512939453,4.848916530609131,False,
chignolin,/home/raubenb/gitrepos/QTF/5AWL.pdb,chignolin_ff-amber_chi-selective_hb-0.75_sasa-0.7_vdwr-0.1_vdwa-0.1,YYDPETGTWY,amber,selective,0.75,0.7,0.1,0.1,125,175.65862289677213,10,"[29.999999999999996, 75.0, 59.99999999999999, 59.99999999999999, 75.0, 45.0, -59.99999999999999, 59.99999999999999, 45.0, 14.999999999999998, -59.99999999999999, -75.0, 105.00000000000001, 59.99999999999999, 29.999999999999996, 45.0, 59.99999999999999, 59.99999999999999, 59.99999999999999, 180.0, -75.0, 119.99999999999999, -59.99999999999999, -59.99999999999999, 180.0, -59.99999999999999, 115.0, -59.99999999999999, 180.0, 75.0, 45.0, 59.99999999999999, -59.99999999999999]",14.467924469304133,109.69361905077596,-46.90922788364479,-62.54563717819305,17.08010523167967,0.0,110.36157333387321,-8.955236962454613,-15.40756216976527,-3.8781013731388074,-1.3827742526286977,0.5883034527713573,0.5883034527713573,0.0,0.0,0.9366847797686718,0.38287819017010055,1.0,40.23152006975517,13.40073665595352,61.315910686465564,175.65862289677213,3.7989459462260387,4.515497823247054,2.953579003531154,5.508594512939453,4.848916530609131,False,
chignolin,/home/raubenb/gitrepos/QTF/5AWL.pdb,chignolin_ff-amber_chi-selective_hb-0.75_sasa-0.7_vdwr-0.1_vdwa-0.1,YYDPETGTWY,amber,selective,0.75,0.7,0.1,0.1,126,175.8537986460276,10,"[29.999999999999996, 75.0, 59.99999999999999, 59.99999999999999, 75.0, 45.0, -59.99999999999999, 59.99999999999999, 45.0, 14.999999999999998, -59.99999999999999, -59.99999999999999, 175.0, -59.99999999999999, -45.0, 130.0, -59.99999999999999, 29.999999999999996, 59.99999999999999, -59.99999999999999, -119.99999999999999, 119.99999999999999, -59.99999999999999, -59.99999999999999, 180.0, -59.99999999999999, 115.0, -59.99999999999999, 180.0, 75.0, 45.0, 59.99999999999999, -59.99999999999999]",0.020563150617720034,95.50918056003957,-41.06065954924212,-54.74754606565616,30.08290258407297,0.0,122.98197704710054,-8.585129752725635,-15.407562169765258,-3.8781013731388074,-4.397675303218074,0.5883034522867062,0.5883034522867062,0.0,0.0,0.944872045852791,0.548781072743917,1.0,41.097010515819896,19.207337546037095,61.066944786241265,175.8537986460276,5.564129791232656,4.287683889675797,3.209985780530147,5.508594512939453,4.848916530609131,False,
chignolin,/home/raubenb/gitrepos/QTF/5AWL.pdb,chignolin_ff-amber_chi-selective_hb-0.75_sasa-0.7_vdwr-0.1_vdwa-0.1,YYDPETGTWY,amber,selective,0.75,0.7,0.1,0.1,127,175.90053380815434,10,"[29.999999999999996, 75.0, 59.99999999999999, 59.99999999999999, 75.0, 45.0, -59.99999999999999, 59.99999999999999, 45.0, 14.999999999999998, -59.99999999999999, -75.0, 105.00000000000001, 59.99999999999999, 29.999999999999996, 45.0, 59.99999999999999, 59.99999999999999, 59.99999999999999, 180.0, -75.0, 105.00000000000001, -45.0, -59.99999999999999, 180.0, -59.99999999999999, 115.0, -59.99999999999999, 180.0, 75.0, 45.0, 59.99999999999999, -59.99999999999999]",16.278276350774604,108.72923772545404,-49.71272350978377,-66.28363134637836,18.196191861464197,0.0,111.23091627197743,-9.076438073009689,-15.40756216976527,-3.8781013731388074,-1.0475667285897632,0.5883034527713573,0.5883034527713573,0.0,0.0,0.9372414212262892,0.388071595092101,1.0,40.36009452638327,13.582505828223534,61.64800185507633,175.90053380815434,3.6956565542683064,4.476637864179433,2.9642055226884203,5.508594512939453,4.848916530609131,False,
chignolin,/home/raubenb/gitrepos/QTF/5AWL.pdb,chignolin_ff-amber_chi-selective_hb-0.75_sasa-0.7_vdwr-0.1_vdwa-0.1,YYDPETGTWY,amber,selective,0.75,0.7,0.1,0.1,128,175.9850006913256,10,"[29.999999999999996, 75.0, 59.99999999999999, 59.99999999999999, 75.0, 45.0, -59.99999999999999, 59.99999999999999, 45.0, 14.999999999999998, -59.99999999999999, -75.0, 105.00000000000001, 59.99999999999999, 29.999999999999996, 45.0, 59.99999999999999, 59.99999999999999, 59.99999999999999, 180.0, -59.99999999999999, 175.0, -59.99999999999999, -59.99999999999999, 180.0, -105.00000000000001, 130.0, 180.0, 180.0, -119.99999999999999, 150.0, 180.0, 59.99999999999999]",16.516757884722,131.97629503017944,-46.40110901784428,-61.868145357125705,17.80706571262141,0.0,89.5281441784784,-9.116876391002993,-16.207515429333206,-3.8781013731388074,-4.827963356127743,0.5883034527713573,0.5883034527713573,0.0,0.0,0.9238232063317867,0.4633502991079455,1.0,39.49665898451899,16.217260468778093,58.53716562926963,175.9850006913256,3.682487530456971,4.239886319529725,3.346795748619253,5.508594512939453,4.848916530609131,False,
chignolin,/home/raubenb/gitrepos/QTF/5AWL.pdb,chignolin_ff-amber_chi-selective_hb-0.75_sasa-0.7_vdwr-0.1_vdwa-0.1,YYDPETGTWY,amber,selective,0.75,0.7,0.1,0.1,129,176.09959594790044,10,"[29.999999999999996, 75.0, 59.99999999999999, 59.99999999999999, 75.0, 45.0, -59.99999999999999, 59.99999999999999, 45.0, 14.999999999999998, -59.99999999999999, -75.0, 105.00000000000001, 59.99999999999999, 75.0, 45.0, 180.0, 90.0, 14.999999999999998, -59.99999999999999, 59.99999999999999, 75.0, -119.99999999999999, 90.0, 59.99999999999999, -59.99999999999999, 150.0, 180.0, 180.0, -75.0, 175.0, 180.0, 59.99999999999999]",1.1557786661518739,114.02200896721006,-44.31532208268039,-59.087096110240516,19.776897890021818,0.0,109.93160883013572,-9.641943714994497,-13.207980012764171,-3.8781013731388074,1.668345325187476,0.5883034527713573,0.5883034527713573,0.0,0.0,0.9341864306105571,0.5254487871508992,1.0,40.47927519976663,18.39070755028147,60.45837575305096,176.09959594790044,5.980786577631255,4.475171909428125,2.3047114394469914,5.508594512939453,4.848916530609131,False,
chignolin,/home/raubenb/gitrepos/QTF/5AWL.pdb,chignolin_ff-amber_chi-selective_hb-0.75_sasa-0.7_vdwr-0.1_vdwa-0.1,YYDPETGTWY,amber,selective,0.75,0.7,0.1,0.1,130,177.260052471939,10,"[29.999999999999996, 75.0, 59.99999999999999, 59.99999999999999, 75.0, 45.0, -59.99999999999999, 59.99999999999999, 45.0, 14.999999999999998, -59.99999999999999, -75.0, 105.00000000000001, 59.99999999999999, 29.999999999999996, 45.0, 59.99999999999999, 29.999999999999996, 59.99999999999999, -59.99999999999999, -119.99999999999999, 119.99999999999999, -45.0, -59.99999999999999, 180.0, -119.99999999999999, 119.99999999999999, 59.99999999999999, -59.99999999999999, -90.0, 90.0, 59.99999999999999, 180.0]",9.75381267159128,114.4209473546231,-44.31532208268039,-59.087096110240516,18.09668455588028,0.0,112.53973742320784,-8.602393457268906,-15.407562169765258,-7.873273111833933,-1.9408821645863625,0.5883034527713573,0.5883034527713573,0.0,0.0,0.9339561631430746,0.4769798201644462,1.0,42.08351710702789,16.694293705755616,62.71425819168834,177.260052471939,6.896697008774006,4.588210935089678,3.0034006340504766,5.508594512939453,4.848916530609131,False,
chignolin,/home/raubenb/gitrepos/QTF/5AWL.pdb,chignolin_ff-amber_chi-selective_hb-0.75_sasa-0.7_vdwr-0.1_vdwa-0.1,YYDPETGTWY,amber,selective,0.75,0.7,0.1,0.1,131,177.49538556396502,10,"[29.999999999999996, 75.0, 59.99999999999999, 59.99999999999999, 75.0, 45.0, -59.99999999999999, 59.99999999999999, 45.0, 14.999999999999998, -59.99999999999999, -75.0, 105.00000000000001, 59.99999999999999, 29.999999999999996, 45.0, 59.99999999999999, 59.99999999999999, 59.99999999999999, 180.0, -59.99999999999999, 175.0, -45.0, -59.99999999999999, 180.0, -59.99999999999999, 115.0, -59.99999999999999, 180.0, 75.0, 45.0, 59.99999999999999, -59.99999999999999]",0.7818919632861464,141.82738473078356,-44.31532208268039,-59.087096110240516,17.11969154925851,0.0,89.16683232393115,-7.574098575164445,-15.40756216976527,-3.8781013731388074,-0.8136342553167972,0.5883034527713573,0.5883034527713573,0.0,0.0,0.9181371516705435,0.37280167961559313,1.0,38.04967134529199,13.04805878654576,55.74791462007649,177.49538556396502,5.895447079464787,4.329217921892547,3.6779366967066056,5.508594512939453,4.848916530609131,False,
chignolin,/home/raubenb/gitrepos/QTF/5AWL.pdb,chignolin_ff-amber_chi-selective_hb-0.75_sasa-0.7_vdwr-0.1_vdwa-0.1,YYDPETGTWY,amber,selective,0.75,0.7,0.1,0.1,132,177.53924449422655,10,"[29.999999999999996, 75.0, 59.99999999999999, 59.99999999999999, 75.0, 45.0, -59.99999999999999, 59.99999999999999, 45.0, 14.999999999999998, -59.99999999999999, -75.0, 105.00000000000001, 59.99999999999999, 29.999999999999996, 45.0, 59.99999999999999, 59.99999999999999, 59.99999999999999, 180.0, -75.0, 105.00000000000001, -45.0, -59.99999999999999, 180.0, -59.99999999999999, 105.00000000000001, 180.0, 180.0, 75.0, 45.0, 59.99999999999999, -59.99999999999999]",18.561379817540374,116.70074189285978,-59.183901050407044,-78.9118680672094,18.135967897996647,0.0,112.40048880475122,-9.248790447447078,-15.807538799549238,-3.8781013731388074,-0.7293057011506608,0.5883034527713573,0.5883034527713573,0.0,0.0,0.9326402644197057,0.37211041046116483,1.0,40.03938734041963,13.023864366140769,61.50331284395057,177.53924449422655,3.5732732514681604,4.457687374438373,2.9816162068426544,5.508594512939453,4.848916530609131,False,
chignolin,/home/raubenb/gitrepos/QTF/5AWL.pdb,chignolin_ff-amber_chi-selective_hb-0.75_sasa-0.7_vdwr-0.1_vdwa-0.1,YYDPETGTWY,amber,selective,0.75,0.7,0.1,0.1,133,177.72631667224763,10,"[29.999999999999996, 75.0, 59.99999999999999, 59.99999999999999, 75.0, 45.0, -59.99999999999999, 59.99999999999999, 45.0, 14.999999999999998, -59.99999999999999, -75.0, 105.00000000000001, 59.99999999999999, 75.0, 45.0, 180.0, 90.0, 14.999999999999998, -59.99999999999999, 59.99999999999999, 75.0, -119.99999999999999, 90.0, 59.99999999999999, -59.99999999999999, 105.00000000000001, 180.0, 180.0, -119.99999999999999, 150.0, 180.0, 59.99999999999999]",0.48009999872156534,45.9364292294757,-44.31532208268039,-59.087096110240516,19.921562628951325,0.0,182.8861343682159,-11.307725449699875,-13.207980012764171,-3.8781013731388074,0.6229159123950523,0.5883034527713573,0.5883034527713573,0.0,0.0,0.9734854665342132,0.7289103145456186,1.0,44.016792799709314,25.511861009096652,65.7798867034818,177.72631667224763,5.809870940464434,4.3897260366097814,2.2956160131031758,5.508594512939453,4.848916530609131,False,
chignolin,/home/raubenb/gitrepos/QTF/5AWL.pdb,chignolin_ff-amber_chi-selective_hb-0.75_sasa-0.7_vdwr-0.1_vdwa-0.1,YYDPETGTWY,amber,selective,0.75,0.7,0.1,0.1,134,177.9781567977785,10,"[29.999999999999996, 75.0, 59.99999999999999, 59.99999999999999, 75.0, 45.0, -59.99999999999999, 59.99999999999999, 45.0, 14.999999999999998, -59.99999999999999, -75.0, 105.00000000000001, 59.99999999999999, 29.999999999999996, 45.0, 59.99999999999999, 29.999999999999996, 59.99999999999999, -59.99999999999999, -59.99999999999999, 175.0, -45.0, -59.99999999999999, 180.0, -59.99999999999999, 105.00000000000001, 180.0, 180.0, -119.99999999999999, 150.0, 180.0, 59.99999999999999]",1.476843540411561,156.75144744107442,-44.31532208268039,-59.087096110240516,15.293057270865487,0.0,77.7239050076724,-6.745432896982853,-16.207515429333192,-3.8781013731388074,-2.709028132881466,0.5883034527713573,0.5883034527713573,0.0,0.0,0.9095229740599861,0.44569973031287297,1.0,37.18098671769187,15.599490560950553,57.30290178251001,177.9781567977785,4.956521658129496,4.554134347862203,3.547200120702074,5.508594512939453,4.848916530609131,False,
chignolin,/home/raubenb/gitrepos/QTF/5AWL.pdb,chignolin_ff-amber_chi-selective_hb-0.75_sasa-0.7_vdwr-0.1_vdwa-0.1,YYDPETGTWY,amber,selective,0.75,0.7,0.1,0.1,135,178.9810192647403,10,"[29.999999999999996, 75.0, 59.99999999999999, 59.99999999999999, 75.0, 45.0, -59.99999999999999, 59.99999999999999, 45.0, 14.999999999999998, -59.99999999999999, -75.0, 105.00000000000001, 59.99999999999999, 29.999999999999996, 45.0, 59.99999999999999, 29.999999999999996, 59.99999999999999, -59.99999999999999, -59.99999999999999, 175.0, -59.99999999999999, -59.99999999999999, 180.0, -59.99999999999999, 105.00000000000001, 180.0, 180.0, -119.99999999999999, 150.0, 180.0, 59.99999999999999]",7.889849355304651,157.76039532181008,-44.31532208268039,-59.087096110240516,15.154673723325502,0.0,71.50102811924815,-6.626328271365656,-16.207515429333192,-3.8781013731388074,-2.885963551201362,0.5883034527713573,0.5883034527713573,0.0,0.0,0.9089406087608599,0.4486705466439819,1.0,37.151478847890054,15.703469132539368,57.38642043386348,178.9810192647403,4.2438272925027665,4.614188385741858,3.384002188347016,5.508594512939453,4.848916530609131,False,
chignolin,/home/raubenb/gitrepos/QTF/5AWL.pdb,chignolin_ff-amber_chi-selective_hb-0.75_sasa-0.7_vdwr-0.1_vdwa-0.1,YYDPETGTWY,amber,selective,0.75,0.7,0.1,0.1,136,179.28774054154158,10,"[29.999999999999996, 75.0, 59.99999999999999, 59.99999999999999, 75.0, 45.0, -59.99999999999999, 59.99999999999999, 45.0, 14.999999999999998, -59.99999999999999, -75.0, 105.00000000000001, 59.99999999999999, 75.0, 45.0, 180.0, 90.0, 14.999999999999998, -59.99999999999999, 59.99999999999999, 59.99999999999999, -119.99999999999999, 90.0, 59.99999999999999, -75.0, 130.0, -59.99999999999999, 180.0, -119.99999999999999, 150.0, 180.0, 59.99999999999999]",5.816812872640032,85.60428255573683,-44.31532208268039,-59.087096110240516,20.468290809030123,0.0,143.30447694382613,-10.549981293448393,-12.808003382980202,-7.85778113322039,-0.963338200133542,0.5883034527713573,0.5883034527713573,0.0,0.0,0.9505891586979873,0.6538672772172707,1.0,42.38481907421302,22.885354702604474,65.13594213200604,179.28774054154158,6.57859286782734,4.454492581348512,2.394012749986777,5.508594512939453,4.848916530609131,False,
chignolin,/home/raubenb/gitrepos/QTF/5AWL.pdb,chignolin_ff-amber_chi-selective_hb-0.75_sasa-0.7_vdwr-0.1_vdwa-0.1,YYDPETGTWY,amber,selective,0.75,0.7,0.1,0.1,137,179.57593581380604,10,"[29.999999999999996, 75.0, 59.99999999999999, 59.99999999999999, 75.0, 45.0, -59.99999999999999, 59.99999999999999, 45.0, 14.999999999999998, -59.99999999999999, -75.0, 105.00000000000001, 59.99999999999999, 29.999999999999996, 45.0, 59.99999999999999, 29.999999999999996, 59.99999999999999, -59.99999999999999, -59.99999999999999, 175.0, -45.0, -59.99999999999999, 180.0, -59.99999999999999, 75.0, 180.0, 180.0, 75.0, 45.0, 59.99999999999999, -59.99999999999999]",1.3570695559815649,154.3326875569971,-44.31532208268039,-59.087096110240516,15.47506994653555,0.0,78.30915721054404,-6.919099129924644,-15.807538799549226,-3.8781013731388074,0.43370947626952316,0.5883034527713573,0.5883034527713573,0.0,0.0,0.9109190836611849,0.3411143281611914,1.0,37.85314111921435,11.939001485641699,58.79712280563352,179.57593581380604,4.979025997581153,4.514770033861038,3.5790757452909885,5.508594512939453,4.848916530609131,False,
chignolin,/home/raubenb/gitrepos/QTF/5AWL.pdb,chignolin_ff-amber_chi-selective_hb-0.75_sasa-0.7_vdwr-0.1_vdwa-0.1,YYDPETGTWY,amber,selective,0.75,0.7,0.1,0.1,138,179.71204999639167,10,"[29.999999999999996, 75.0, 59.99999999999999, 59.99999999999999, 75.0, 45.0, -59.99999999999999, 59.99999999999999, 45.0, 14.999999999999998, -59.99999999999999, -75.0, 105.00000000000001, 59.99999999999999, 29.999999999999996, 45.0, 59.99999999999999, 29.999999999999996, 59.99999999999999, -59.99999999999999, -59.99999999999999, 175.0, -59.99999999999999, -59.99999999999999, 180.0, -59.99999999999999, 105.00000000000001, 180.0, 180.0, -29.999999999999996, 135.0, 180.0, 59.99999999999999]",7.889849355304651,163.32911313134468,-51.32400753379988,-68.4320100450665,14.847840996516318,0.0,71.89119932977961,-6.834439704842426,-16.207515429333192,-3.8781013731388074,-0.5901922282106309,0.5883034527713573,0.5883034527713573,0.0,0.0,0.9057263416269294,0.39016937039153743,1.0,37.25577188804845,13.65592796370381,57.51272746166808,179.71204999639167,4.2438272925027665,4.614188385741858,3.384002188347016,5.508594512939453,4.848916530609131,False,
chignolin,/home/raubenb/gitrepos/QTF/5AWL.pdb,chignolin_ff-amber_chi-selective_hb-0.75_sasa-0.7_vdwr-0.1_vdwa-0.1,YYDPETGTWY,amber,selective,0.75,0.7,0.1,0.1,139,179.7320940388524,10,"[29.999999999999996, 75.0, 59.99999999999999, 59.99999999999999, 75.0, 45.0, -59.99999999999999, 59.99999999999999, 45.0, 14.999999999999998, -59.99999999999999, -75.0, 105.00000000000001, 59.99999999999999, 75.0, 45.0, 180.0, 90.0, 14.999999999999998, -59.99999999999999, 59.99999999999999, 59.99999999999999, -119.99999999999999, 90.0, 59.99999999999999, -59.99999999999999, 75.0, 180.0, 180.0, -45.0, -29.999999999999996, 180.0, 59.99999999999999]",4.292621643727091,58.145522441571984,-44.31532208268039,-59.087096110240516,20.19761025614564,0.0,172.00520953242327,-10.769217230564493,-13.207980012764171,-7.877622853041799,0.6729688912639222,0.5883034527713573,0.5883034527713573,0.0,0.0,0.9664383708850954,0.7327059121888482,1.0,43.708792655485404,25.644706926609686,67.01184485341949,179.7320940388524,6.426565879333692,4.319864367309222,2.4227286361319575,5.508594512939453,4.848916530609131,False,
chignolin,/home/raubenb/gitrepos/QTF/5AWL.pdb,chignolin_ff-amber_chi-selective_hb-0.75_sasa-0.7_vdwr-0.1_vdwa-0.1,YYDPETGTWY,amber,selective,0.75,0.7,0.1,0.1,140,179.81314080508014,10,"[29.999999999999996, 75.0, 59.99999999999999, 59.99999999999999, 75.0, 45.0, -59.99999999999999, 59.99999999999999, 45.0, 14.999999999999998, -59.99999999999999, -59.99999999999999, 175.0, -59.99999999999999, -45.0, 130.0, -59.99999999999999, 29.999999999999996, 59.99999999999999, -59.99999999999999, -119.99999999999999, 119.99999999999999, -45.0, -59.99999999999999, 180.0, -59.99999999999999, 105.00000000000001, 180.0, 180.0, -119.99999999999999, 150.0, 180.0, 59.99999999999999]",4.700236408627278,153.38035151315393,-33.57595026556967,-44.76793368742623,18.61903978450324,0.0,70.83680694955852,-8.526008333372683,-16.207515429333192,-3.8781013731388074,-6.12402190163515,0.5883034522867062,0.5883034522867062,0.0,0.0,0.9114687725753801,0.4403892679664139,1.0,38.31944773688775,15.413624378824487,58.96817630447541,179.81314080508014,6.469560354864748,4.226892586679574,3.45144398952411,5.508594512939453,4.848916530609131,False,
chignolin,/home/raubenb/gitrepos/QTF/5AWL.pdb,chignolin_ff-amber_chi-selective_hb-0.75_sasa-0.7_vdwr-0.1_vdwa-0.1,YYDPETGTWY,amber,selective,0.75,0.7,0.1,0.1,141,179.98800031327568,10,"[29.999999999999996, 75.0, 59.99999999999999, 59.99999999999999, 75.0, 45.0, -59.99999999999999, 59.99999999999999, 45.0, 14.999999999999998, -59.99999999999999, -75.0, 105.00000000000001, 59.99999999999999, 29.999999999999996, 45.0, 59.99999999999999, 59.99999999999999, 59.99999999999999, 180.0, -59.99999999999999, 175.0, -59.99999999999999, -59.99999999999999, 180.0, -59.99999999999999, 105.00000000000001, 180.0, 180.0, 75.0, 45.0, 59.99999999999999, -59.99999999999999]",0.4574365780018918,142.03802207984887,-44.31532208268039,-59.087096110240516,17.32512178244191,0.0,92.11147304994708,-7.859085728169409,-15.807538799549238,-3.8781013731388074,-0.6723086461975915,0.5883034527713573,0.5883034527713573,0.0,0.0,0.9180155716710828,0.3602264982074103,1.0,38.23452012653332,12.607927437259361,57.459727876005736,179.98800031327568,5.197531298147431,4.349726246818808,3.5331795176125556,5.508594512939453,4.848916530609131,False,
chignolin,/home/raubenb/gitrepos/QTF/5AWL.pdb,chignolin_ff-amber_chi-selective_hb-0.75_sasa-0.7_vdwr-0.1_vdwa-0.1,YYDPETGTWY,amber,selective,0.75,0.7,0.1,0.1,142,180.59071764162047,10,"[29.999999999999996, 75.0, 59.99999999999999, 59.99999999999999, 75.0, 45.0, -59.99999999999999, 59.99999999999999, 45.0, 14.999999999999998, -59.99999999999999, -75.0, 105.00000000000001, 59.99999999999999, 29.999999999999996, 45.0, 59.99999999999999, 59.99999999999999, 59.99999999999999, 180.0, -75.0, 119.99999999999999, -59.99999999999999, -59.99999999999999, 180.0, -59.99999999999999, 105.00000000000001, 180.0, 180.0, 75.0, 45.0, 59.99999999999999, -59.99999999999999]",16.896863304271736,117.19012897713078,-53.08354537124433,-70.77806049499243,17.0256935869618,0.0,111.76824601522046,-9.04481892561372,-15.807538799549238,-3.8781013731388074,-1.0645132251895955,0.5883034527713573,0.5883034527713573,0.0,0.0,0.9323577899121901,0.36860339247028384,1.0,39.93692363700996,12.901118736459935,61.20456798308006,180.59071764162047,3.6616929905877127,4.4959058569550185,2.9700764888737883,5.508594512939453,4.848916530609131,False,
chignolin,/home/raubenb/gitrepos/QTF/5AWL.pdb,chignolin_ff-amber_chi-selective_hb-0.75_sasa-0.7_vdwr-0.1_vdwa-0.1,YYDPETGTWY,amber,selective,0.75,0.7,0.1,0.1,143,181.00514113290072,10,"[29.999999999999996, 75.0, 59.99999999999999, 59.99999999999999, 75.0, 45.0, -59.99999999999999, 59.99999999999999, 45.0, 14.999999999999998, -59.99999999999999, -75.0, 105.00000000000001, 59.99999999999999, 29.999999999999996, 45.0, 59.99999999999999, 59.99999999999999, 59.99999999999999, 180.0, -75.0, 105.00000000000001, -59.99999999999999, -59.99999999999999, 180.0, -75.0, 130.0, -59.99999999999999, 180.0, 75.0, 45.0, 59.99999999999999, -59.99999999999999]",9.302550214373504,115.25814608674936,-44.31532208268039,-59.087096110240516,16.293036740434427,0.0,113.4918028224682,-8.593881119450264,-15.40756216976527,-3.8781013731388074,-1.733831438861441,0.5883034527713573,0.5883034527713573,0.0,0.0,0.9334729315516598,0.3817074516525386,1.0,39.945867370397266,13.359760807838851,60.59255770227927,181.00514113290072,4.135994852328372,4.5842636252180675,2.8173814538047672,5.508594512939453,4.848916530609131,False,
chignolin,/home/raubenb/gitrepos/QTF/5AWL.pdb,chignolin_ff-amber_chi-selective_hb-0.75_sasa-0.7_vdwr-0.1_vdwa-0.1,YYDPETGTWY,amber,selective,0.75,0.7,0.1,0.1,144,181.01704010115543,10,"[29.999999999999996, 75.0, 59.99999999999999, 59.99999999999999, 75.0, 45.0, -59.99999999999999, 59.99999999999999, 45.0, 14.999999999999998, -59.99999999999999, -75.0, 105.00000000000001, 59.99999999999999, 75.0, 45.0, 180.0, 90.0, 14.999999999999998, -59.99999999999999, 59.99999999999999, 59.99999999999999, -119.99999999999999, 90.0, 59.99999999999999, -75.0, 130.0, -59.99999999999999, 180.0, -75.0, 175.0, 180.0, 59.99999999999999]",5.816812872640032,104.24921661380951,-44.31532208268039,-59.087096110240516,20.39879045126781,0.0,124.3635418235039,-10.436227069715494,-12.808003382980202,-7.85778113322039,1.01770855575929,0.5883034527713573,0.5883034527713573,0.0,0.0,0.9398272919978011,0.5445419196824961,1.0,41.781305412773946,19.05896718888736,63.66132487000584,181.01704010115543,6.57859286782734,4.454492581348512,2.394012749986777,5.508594512939453,4.848916530609131,False,
chignolin,/home/raubenb/gitrepos/QTF/5AWL.pdb,chignolin_ff-amber_chi-selective_hb-0.75_sasa-0.7_vdwr-0.1_vdwa-0.1,YYDPETGTWY,amber,selective,0.75,0.7,0.1,0.1,145,181.1676135492646,10,"[29.999999999999996, 75.0, 59.99999999999999, 59.99999999999999, 75.0, 45.0, -59.99999999999999, 59.99999999999999, 45.0, 14.999999999999998, -59.99999999999999, -75.0, 105.00000000000001, 59.99999999999999, 75.0, 45.0, 180.0, 90.0, 14.999999999999998, -59.99999999999999, 59.99999999999999, 59.99999999999999, -119.99999999999999, 90.0, 59.99999999999999, -59.99999999999999, 115.0, -59.99999999999999, 180.0, -119.99999999999999, 150.0, 180.0, 59.99999999999999]",3.9724140032601003,45.43349130608214,-44.31532208268039,-59.087096110240516,20.26676344205643,0.0,186.98708464946563,-10.625486077486947,-12.808003382980202,-7.877622853041799,-0.45400890818176043,0.5883034527713573,0.5883034527713573,0.0,0.0,0.973775762593892,0.7254810821015624,1.0,44.10438394341131,25.39183787355468,67.16256797632018,181.1676135492646,6.39133764682752,4.375670973966067,2.384302067581435,5.508594512939453,4.848916530609131,False,
chignolin,/home/raubenb/gitrepos/QTF/5AWL.pdb,chignolin_ff-amber_chi-selective_hb-0.75_sasa-0.7_vdwr-0.1_vdwa-0.1,YYDPETGTWY,amber,selective,0.75,0.7,0.1,0.1,146,181.29986572421709,10,"[29.999999999999996, 75.0, 59.99999999999999, 59.99999999999999, 75.0, 45.0, -59.99999999999999, 59.99999999999999, 45.0, 14.999999999999998, -59.99999999999999, -75.0, 105.00000000000001, 59.99999999999999, 29.999999999999996, 45.0, 59.99999999999999, 59.99999999999999, 59.99999999999999, 180.0, -75.0, 119.99999999999999, -59.99999999999999, -59.99999999999999, 180.0, -59.99999999999999, 150.0, 180.0, 180.0, -29.999999999999996, 135.0, 180.0, 59.99999999999999]",10.075482979406505,118.31606107938822,-44.31532208268039,-59.087096110240516,16.538263985245646,0.0,110.72319207284862,-8.614596670815523,-16.207515429333206,-3.8781013731388074,-1.9259022894753466,0.5883034527713573,0.5883034527713573,0.0,0.0,0.9317079012528784,0.4290649665439157,1.0,39.43448935331514,15.017273829037048,59.9074973372465,181.29986572421709,4.080459019301908,4.5572816178897,2.886952600821711,5.508594512939453,4.848916530609131,False,
chignolin,/home/raubenb/gitrepos/QTF/5AWL.pdb,chignolin_ff-amber_chi-selective_hb-0.75_sasa-0.7_vdwr-0.1_vdwa-0.1,YYDPETGTWY,amber,selective,0.75,0.7,0.1,0.1,147,181.49808033805212,10,"[29.999999999999996, 75.0, 59.99999999999999, 59.99999999999999, 75.0, 45.0, -59.99999999999999, 59.99999999999999, 45.0, 14.999999999999998, -59.99999999999999, -75.0, 105.00000000000001, 59.99999999999999, 29.999999999999996, 45.0, 59.99999999999999, 59.99999999999999, 59.99999999999999, 180.0, -59.99999999999999, 175.0, -59.99999999999999, -59.99999999999999, 180.0, -59.99999999999999, 150.0, 180.0, 180.0, -29.999999999999996, 135.0, 180.0, 59.99999999999999]",0.7353384240355954,144.97842027988125,-44.31532208268039,-59.087096110240516,16.782569888694685,0.0,92.11147304994708,-7.763388161642121,-16.207515429333206,-3.8781013731388074,-1.5336977104833427,0.5883034527713573,0.5883034527713573,0.0,0.0,0.9163183721328247,0.43136593341382445,1.0,38.12993811812184,15.097807669483856,56.84720126033889,181.49808033805212,5.116505952057768,4.374977086719276,3.4932742207325953,5.508594512939453,4.848916530609131,False,
chignolin,/home/raubenb/gitrepos/QTF/5AWL.pdb,chignolin_ff-amber_chi-selective_hb-0.75_sasa-0.7_vdwr-0.1_vdwa-0.1,YYDPETGTWY,amber,selective,0.75,0.7,0.1,0.1,148,181.5423313574174,10,"[29.999999999999996, 75.0, 59.99999999999999, 59.99999999999999, 75.0, 45.0, -59.99999999999999, 59.99999999999999, 45.0, 14.999999999999998, -59.99999999999999, -75.0, 105.00000000000001, 59.99999999999999, 75.0, 45.0, 180.0, 90.0, 14.999999999999998, -59.99999999999999, 59.99999999999999, 59.99999999999999, -119.99999999999999, 90.0, 59.99999999999999, -59.99999999999999, 150.0, 180.0, 180.0, -75.0, 175.0, 180.0, 59.99999999999999]",4.354853643485967,100.8630870314672,-44.31532208268039,-59.087096110240516,20.128823756586037,0.0,129.87387739552088,-9.77537050597747,-13.207980012764171,-7.877622853041799,0.9096815320497655,0.5883034527713573,0.5883034527713573,0.0,0.0,0.941781767947205,0.5489519884793536,1.0,41.89564532540443,19.213319596777374,63.19016296537616,181.5423313574174,6.433258125438613,4.438154511331508,2.3732607156222296,5.508594512939453,4.848916530609131,False,
chignolin,/home/raubenb/gitrepos/QTF/5AWL.pdb,chignolin_ff-amber_chi-selective_hb-0.75_sasa-0.7_vdwr-0.1_vdwa-0.1,YYDPETGTWY,amber,selective,0.75,0.7,0.1,0.1,149,181.57635093174156,10,"[29.999999999999996, 75.0, 59.99999999999999, 59.99999999999999, 75.0, 45.0, -59.99999999999999, 59.99999999999999, 45.0, 14.999999999999998, -59.99999999999999, -75.0, 105.00000000000001, 59.99999999999999, 75.0, 45.0, 180.0, 90.0, 14.999999999999998, -59.99999999999999, 45.0, 14.999999999999998, -45.0, -59.99999999999999, 180.0, -75.0, 130.0, -59.99999999999999, 180.0, -29.999999999999996, 135.0, 180.0, 59.99999999999999]",21.221239880861003,120.44036106404738,-52.53715270795006,-70.0495369439334,19.20549822764882,0.0,104.74828917676612,-9.541196250952046,-15.807538799549224,-3.8781013731388074,-2.863351738762952,0.5883034527713573,0.5883034527713573,0.0,0.0,0.930481754075586,0.44071048415292813,1.0,40.562774591339675,15.424866945352484,60.68686664935433,181.57635093174156,3.439842730233393,4.1407810395411415,2.546659690782848,5.508594512939453,4.848916530609131,False,
chignolin,/home/raubenb/gitrepos/QTF/5AWL.pdb,chignolin_ff-amber_chi-selective_hb-0.75_sasa-0.7_vdwr-0.1_vdwa-0.1,YYDPETGTWY,amber,selective,0.75,0.7,0.1,0.1,150,182.10218815346138,10,"[29.999999999999996, 75.0, 59.99999999999999, 59.99999999999999, 75.0, 45.0, -59.99999999999999, 59.99999999999999, 45.0, 14.999999999999998, -59.99999999999999, -75.0, 105.00000000000001, 59.99999999999999, 29.999999999999996, 45.0, 59.99999999999999, 59.99999999999999, 59.99999999999999, 180.0, -59.99999999999999, 175.0, -59.99999999999999, -59.99999999999999, 180.0, -105.00000000000001, 130.0, 180.0, 180.0, -75.0, 135.0, -59.99999999999999, 180.0]",16.516757884722,157.6238108241058,-68.22423983766049,-90.96565311688065,17.608000491016067,0.0,89.66921273533234,-9.298552944504156,-15.807538799549238,-3.8781013731388074,-2.69546427963348,0.5883034527713573,0.5883034527713573,0.0,0.0,0.9090194454117716,0.3570686800550437,1.0,38.50097046794949,12.49740380192653,57.73345381256324,182.10218815346138,3.682487530456971,4.239886319529725,3.346795748619253,5.508594512939453,4.848916530609131,False,
chignolin,/home/raubenb/gitrepos/QTF/5AWL.pdb,chignolin_ff-amber_chi-selective_hb-0.75_sasa-0.7_vdwr-0.1_vdwa-0.1,YYDPETGTWY,amber,selective,0.75,0.7,0.1,0.1,151,182.29297747347164,10,"[29.999999999999996, 75.0, 59.99999999999999, 59.99999999999999, 75.0, 45.0, -59.99999999999999, 59.99999999999999, 45.0, 14.999999999999998, -59.99999999999999, -75.0, 105.00000000000001, 59.99999999999999, 75.0, 45.0, 180.0, 90.0, 14.999999999999998, -59.99999999999999, 59.99999999999999, 59.99999999999999, -45.0, -59.99999999999999, 180.0, -90.0, -14.999999999999998, 59.99999999999999, 180.0, 75.0, 45.0, 59.99999999999999, -59.99999999999999]",12.763970989449883,125.45318930271436,-58.49585704901133,-77.99447606534844,19.071409745717816,0.0,116.81741787312735,-10.415338510411889,-15.407562169765258,-3.8781013731388074,-4.204454787981835,0.5883034527713573,0.5883034527713573,0.0,0.0,0.92758834672282,0.42525014544009476,1.0,40.19531833563235,14.883755090403316,59.85736080758742,182.29297747347164,3.9022533999754603,3.8819605641576787,2.967244445644036,5.508594512939453,4.848916530609131,False,
chignolin,/home/raubenb/gitrepos/QTF/5AWL.pdb,chignolin_ff-amber_chi-selective_hb-0.75_sasa-0.7_vdwr-0.1_vdwa-0.1,YYDPETGTWY,amber,selective,0.75,0.7,0.1,0.1,152,182.3573849387437,10,"[29.999999999999996, 75.0, 59.99999999999999, 59.99999999999999, 75.0, 45.0, -59.99999999999999, 59.99999999999999, 45.0, 14.999999999999998, -59.99999999999999, -75.0, 105.00000000000001, 59.99999999999999, 29.999999999999996, 45.0, 59.99999999999999, 59.99999999999999, 59.99999999999999, 180.0, -59.99999999999999, 175.0, -45.0, -59.99999999999999, 180.0, -150.0, 135.0, -59.99999999999999, 59.99999999999999, -29.999999999999996, 135.0, 180.0, 59.99999999999999]",19.048854730296945,158.3969334134884,-69.99904665971636,-93.33206221295515,16.905681021920884,0.0,88.79544660968922,-8.407639689562638,-15.807538799549235,-3.8781013731388074,-3.2855077674560724,0.5883034527713573,0.5883034527713573,0.0,0.0,0.9085731986069331,0.39976369082228685,1.0,37.39868634014749,13.99172917878004,56.76025664863207,182.3573849387437,3.5481365452318676,4.2215121589259,3.2750787129071344,5.508594512939453,4.848916530609131,False,
chignolin,/home/raubenb/gitrepos/QTF/5AWL.pdb,chignolin_ff-amber_chi-selective_hb-0.75_sasa-0.7_vdwr-0.1_vdwa-0.1,YYDPETGTWY,amber,selective,0.75,0.7,0.1,0.1,153,182.58274501091972,10,"[29.999999999999996, 75.0, 59.99999999999999, 59.99999999999999, 75.0, 45.0, -59.99999999999999, 59.99999999999999, 45.0, 14.999999999999998, -59.99999999999999, -59.99999999999999, 175.0, -59.99999999999999, -45.0, 130.0, -59.99999999999999, 29.999999999999996, 59.99999999999999, -59.99999999999999, -119.99999999999999, 119.99999999999999, -59.99999999999999, -59.99999999999999, 180.0, -59.99999999999999, 115.0, -59.99999999999999, 180.0, -59.99999999999999, 119.99999999999999, -59.99999999999999, 180.0]",0.020563150617720034,169.29501123121656,-76.10003193827131,-101.46670925102842,15.763887279092625,0.0,104.29557033528295,-8.01834148956302,-15.407562169765258,-3.8781013731388074,-3.9765534668384226,0.5883034522867062,0.5883034522867062,0.0,0.0,0.9022828218001635,0.3732963570871574,1.0,37.39294215275695,13.06537249805051,58.48313955314167,182.58274501091972,5.564129791232656,4.287683889675797,3.209985780530147,5.508594512939453,4.848916530609131,False,
chignolin,/home/raubenb/gitrepos/QTF/5AWL.pdb,chignolin_ff-amber_chi-selective_hb-0.75_sasa-0.7_vdwr-0.1_vdwa-0.1,YYDPETGTWY,amber,selective,0.75,0.7,0.1,0.1,154,182.85784111908856,10,"[29.999999999999996, 75.0, 59.99999999999999, 59.99999999999999, 75.0, 45.0, -59.99999999999999, 59.99999999999999, 45.0, 14.999999999999998, -59.99999999999999, -59.99999999999999, 175.0, -59.99999999999999, -45.0, 130.0, -59.99999999999999, 29.999999999999996, 59.99999999999999, -59.99999999999999, -119.99999999999999, 119.99999999999999, -59.99999999999999, -59.99999999999999, 180.0, -59.99999999999999, 75.0, 180.0, 180.0, -29.999999999999996, 135.0, 180.0, 59.99999999999999]",0.0016144582261214757,152.9018342493789,-55.8683651952782,-74.49115359370427,15.896861525098407,0.0,100.31467045319596,-7.807469589357939,-16.207515429333192,-3.8781013731388074,-3.0839914319894004,0.5883034522867062,0.5883034522867062,0.0,0.0,0.9117449730162316,0.3897452195856439,1.0,38.11253311959549,13.641082685497537,58.59631788414255,182.85784111908856,5.482030814007744,4.22455876026832,3.2549869508117517,5.508594512939453,4.848916530609131,False,
chignolin,/home/raubenb/gitrepos/QTF/5AWL.pdb,chignolin_ff-amber_chi-selective_hb-0.75_sasa-0.7_vdwr-0.1_vdwa-0.1,YYDPETGTWY,amber,selective,0.75,0.7,0.1,0.1,155,183.18130687838175,10,"[29.999999999999996, 75.0, 59.99999999999999, 59.99999999999999, 75.0, 45.0, -59.99999999999999, 59.99999999999999, 45.0, 14.999999999999998, -59.99999999999999, -75.0, 105.00000000000001, 59.99999999999999, 75.0, 45.0, 180.0, 90.0, 14.999999999999998, -59.99999999999999, 45.0, 14.999999999999998, -45.0, -59.99999999999999, 180.0, -59.99999999999999, 150.0, 180.0, 180.0, -45.0, -29.999999999999996, 180.0, 59.99999999999999]",12.225109884805427,126.97422201976012,-52.204910389054376,-69.60654718540583,19.48806807840449,0.0,111.10322715387282,-9.527468641274552,-16.207515429333192,-3.8781013731388074,-5.379627878431542,0.5883034527713573,0.5883034527713573,0.0,0.0,0.9267104057606002,0.4423270551550103,1.0,40.27852718273932,15.48144693042536,60.04451335572177,183.18130687838175,3.936343395447362,4.2009804080097215,2.520395422438851,5.508594512939453,4.848916530609131,False,
chignolin,/home/raubenb/gitrepos/QTF/5AWL.pdb,chignolin_ff-amber_chi-selective_hb-0.75_sasa-0.7_vdwr-0.1_vdwa-0.1,YYDPETGTWY,amber,selective,0.75,0.7,0.1,0.1,156,183.27086460161732,10,"[29.999999999999996, 75.0, 59.99999999999999, 59.99999999999999, 75.0, 45.0, -59.99999999999999, 59.99999999999999, 45.0, 14.999999999999998, -59.99999999999999, -75.0, 105.00000000000001, 59.99999999999999, 75.0, 45.0, 180.0, 90.0, 14.999999999999998, -59.99999999999999, 59.99999999999999, 75.0, -119.99999999999999, 90.0, 59.99999999999999, -105.00000000000001, 130.0, 180.0, 180.0, -119.99999999999999, 150.0, 180.0, 59.99999999999999]",5.263750831882458,133.7787991167884,-44.31532208268039,-59.087096110240516,19.969064529658443,0.0,95.89027018375003,-9.506724291290997,-13.207980012764171,-3.8781013731388074,-1.3111957533590253,0.5883034527713573,0.5883034527713573,0.0,0.0,0.9227827999325896,0.5298619784952758,1.0,39.68152866170624,18.545169247334655,59.89684441702779,183.27086460161732,6.526036142821729,4.56557582984718,2.4068184440214475,5.508594512939453,4.848916530609131,False,
chignolin,/home/raubenb/gitrepos/QTF/5AWL.pdb,chignolin_ff-amber_chi-selective_hb-0.75_sasa-0.7_vdwr-0.1_vdwa-0.1,YYDPETGTWY,amber,selective,0.75,0.7,0.1,0.1,157,183.5439053589459,10,"[29.999999999999996, 75.0, 59.99999999999999, 59.99999999999999, 75.0, 45.0, -59.99999999999999, 59.99999999999999, 45.0, 14.999999999999998, -59.99999999999999, -59.99999999999999, 175.0, -59.99999999999999, -45.0, 130.0, -59.99999999999999, 29.999999999999996, 59.99999999999999, -59.99999999999999, -119.99999999999999, 119.99999999999999, -59.99999999999999, -59.99999999999999, 180.0, -59.99999999999999, 105.00000000000001, 180.0, 180.0, 75.0, 45.0, 59.99999999999999, -59.99999999999999]",0.03623485077646249,106.06469984246114,-41.06065954924212,-54.74754606565616,28.582523939969686,0.0,121.73484713081595,-8.636989859654967,-15.807538799549226,-3.8781013731388074,-4.079414275778972,0.5883034522867062,0.5883034522867062,0.0,0.0,0.9387793940303254,0.5011496830761811,1.0,40.57650209460988,17.54023890766634,60.71814298848386,183.5439053589459,5.585129138109654,4.275094181140581,3.225870593538247,5.508594512939453,4.848916530609131,False,
chignolin,/home/raubenb/gitrepos/QTF/5AWL.pdb,chignolin_ff-amber_chi-selective_hb-0.75_sasa-0.7_vdwr-0.1_vdwa-0.1,YYDPETGTWY,amber,selective,0.75,0.7,0.1,0.1,158,183.57078523927774,10,"[29.999999999999996, 75.0, 59.99999999999999, 59.99999999999999, 75.0, 45.0, -59.99999999999999, 59.99999999999999, 45.0, 14.999999999999998, -59.99999999999999, -75.0, 105.00000000000001, 59.99999999999999, 29.999999999999996, 45.0, 59.99999999999999, 29.999999999999996, 59.99999999999999, -59.99999999999999, -59.99999999999999, 175.0, -45.0, -59.99999999999999, 180.0, -75.0, 130.0, -59.99999999999999, 180.0, -75.0, 175.0, 180.0, 59.99999999999999]",11.898951112813984,173.20869272555393,-59.8429548336308,-79.79060644484106,14.992875184638866,0.0,71.08854742439038,-7.122417958192406,-15.807538799549224,-3.8781013731388074,-1.5555716963795176,0.5883034527713573,0.5883034527713573,0.0,0.0,0.9000238425826529,0.35695549482263117,1.0,37.27430150431916,12.493442318792091,57.99782739187676,183.57078523927774,3.9573431287020444,4.5004226329708255,3.453912476956034,5.508594512939453,4.848916530609131,False,
chignolin,/home/raubenb/gitrepos/QTF/5AWL.pdb,chignolin_ff-amber_chi-selective_hb-0.75_sasa-0.7_vdwr-0.1_vdwa-0.1,YYDPETGTWY,amber,selective,0.75,0.7,0.1,0.1,159,183.93372745240572,10,"[29.999999999999996, 75.0, 59.99999999999999, 59.99999999999999, 75.0, 45.0, -59.99999999999999, 59.99999999999999, 45.0, 14.999999999999998, -59.99999999999999, -75.0, 105.00000000000001, 59.99999999999999, 75.0, 45.0, 180.0, 90.0, 14.999999999999998, -59.99999999999999, 59.99999999999999, 75.0, -119.99999999999999, 90.0, 59.99999999999999, -59.99999999999999, 75.0, 180.0, 180.0, -75.0, 175.0, 180.0, 59.99999999999999]",0.5318081743953463,48.64084654021454,-44.31532208268039,-59.087096110240516,19.89436789598773,0.0,183.25925318714465,-11.104605562787334,-13.207980012764171,-3.8781013731388074,3.525157233262799,0.5883034527713573,0.5883034527713573,0.0,0.0,0.9719244753014635,0.7372722255640665,1.0,43.946950890207454,25.804527894742325,66.02179889754765,183.93372745240572,5.826131315391621,4.346512758644113,2.3143241060071764,5.508594512939453,4.848916530609131,False,
chignolin,/home/raubenb/gitrepos/QTF/5AWL.pdb,chignolin_ff-amber_chi-selective_hb-0.75_sasa-0.7_vdwr-0.1_vdwa-0.1,YYDPETGTWY,amber,selective,0.75,0.7,0.1,0.1,160,183.95780137852898,10,"[29.999999999999996, 75.0, 59.99999999999999, 59.99999999999999, 75.0, 45.0, -59.99999999999999, 59.99999999999999, 45.0, 14.999999999999998, -59.99999999999999, -75.0, 105.00000000000001, 59.99999999999999, 29.999999999999996, 45.0, 59.99999999999999, 29.999999999999996, 59.99999999999999, -59.99999999999999, -59.99999999999999, 175.0, -45.0, -59.99999999999999, 180.0, -105.00000000000001, 130.0, 180.0, 180.0, -119.99999999999999, 150.0, 180.0, 59.99999999999999]",49.06263653627189,121.72140086431642,-57.543389941451665,-76.72451992193555,15.756845728301744,0.0,87.05347684062113,-7.952715501194385,-16.207515429333192,-3.8781013731388074,-4.643139798635543,0.5883034527713573,0.5883034527713573,0.0,0.0,0.9297423371634538,0.4876205658532738,1.0,40.189262645184776,17.066719804864583,60.67487360265211,183.95780137852898,2.3675046197553016,4.424081234997344,3.2958304754115106,5.508594512939453,4.848916530609131,False,
chignolin,/home/raubenb/gitrepos/QTF/5AWL.pdb,chignolin_ff-amber_chi-selective_hb-0.75_sasa-0.7_vdwr-0.1_vdwa-0.1,YYDPETGTWY,amber,selective,0.75,0.7,0.1,0.1,161,183.97851328999712,10,"[29.999999999999996, 75.0, 59.99999999999999, 59.99999999999999, 75.0, 45.0, -59.99999999999999, 59.99999999999999, 45.0, 14.999999999999998, -59.99999999999999, -75.0, 105.00000000000001, 59.99999999999999, 29.999999999999996, 45.0, 59.99999999999999, 29.999999999999996, 59.99999999999999, -59.99999999999999, -75.0, 119.99999999999999, -45.0, -59.99999999999999, 180.0, -59.99999999999999, 150.0, 180.0, 180.0, -29.999999999999996, 135.0, 180.0, 59.99999999999999]",5.6519252949355225,132.21018019061336,-44.31532208268039,-59.087096110240516,16.622835052345305,0.0,101.51041309165457,-6.463126175187453,-16.207515429333192,-3.8781013731388074,-1.7410787319831467,0.5883034527713573,0.5883034527713573,0.0,0.0,0.9236882076821856,0.4274228264112976,1.0,38.1370550091447,14.959798924395416,57.759159231501904,183.97851328999712,4.436804317640866,4.7989270868030784,3.003280511527422,5.508594512939453,4.848916530609131,False,
chignolin,/home/raubenb/gitrepos/QTF/5AWL.pdb,chignolin_ff-amber_chi-selective_hb-0.75_sasa-0.7_vdwr-0.1_vdwa-0.1,YYDPETGTWY,amber,selective,0.75,0.7,0.1,0.1,162,184.54570510410522,10,"[29.999999999999996, 75.0, 59.99999999999999, 59.99999999999999, 75.0, 45.0, -59.99999999999999, 59.99999999999999, 45.0, 14.999999999999998, -59.99999999999999, -75.0, 105.00000000000001, 59.99999999999999, 29.999999999999996, 45.0, 59.99999999999999, 59.99999999999999, 59.99999999999999, 180.0, -59.99999999999999, 175.0, -45.0, -59.99999999999999, 180.0, -105.00000000000001, 130.0, 180.0, 180.0, -29.999999999999996, 150.0, 59.99999999999999, 180.0]",6.525622083694429,172.5925968370749,-70.19940235759054,-93.59920314345405,16.637675668017646,0.0,89.16947980523126,-8.680203992679884,-15.807538799549238,-3.8781013731388074,-2.402726219725914,0.5883034527713573,0.5883034527713573,0.0,0.0,0.9003794534850939,0.36521915576653496,1.0,37.71540708480002,12.782670451828723,56.477288825912275,184.54570510410522,4.357579579691047,4.1832750704171175,3.563598689637424,5.508594512939453,4.848916530609131,False,
chignolin,/home/raubenb/gitrepos/QTF/5AWL.pdb,chignolin_ff-amber_chi-selective_hb-0.75_sasa-0.7_vdwr-0.1_vdwa-0.1,YYDPETGTWY,amber,selective,0.75,0.7,0.1,0.1,163,184.55229627053941,10,"[29.999999999999996, 75.0, 59.99999999999999, 59.99999999999999, 75.0, 45.0, -59.99999999999999, 59.99999999999999, 45.0, 14.999999999999998, -59.99999999999999, -75.0, 105.00000000000001, 59.99999999999999, 29.999999999999996, 45.0, 59.99999999999999, 59.99999999999999, 59.99999999999999, 180.0, -75.0, 105.00000000000001, -45.0, -59.99999999999999, 180.0, -59.99999999999999, 150.0, 180.0, 180.0, -29.999999999999996, 135.0, 180.0, 59.99999999999999]",12.410819536962128,116.56080359642364,-44.31532208268039,-59.087096110240516,17.60835200402631,0.0,112.1108365816199,-8.735185250675157,-16.207515429333206,-3.8781013731388074,-1.590694765436412,0.5883034527713573,0.5883034527713573,0.0,0.0,0.9327210368851812,0.43156395148627574,1.0,39.56279402931203,15.104738302019651,60.32689241009186,184.55229627053941,3.9245115337164713,4.516202042601683,2.8948055638799253,5.508594512939453,4.848916530609131,False,
chignolin,/home/raubenb/gitrepos/QTF/5AWL.pdb,chignolin_ff-amber_chi-selective_hb-0.75_sasa-0.7_vdwr-0.1_vdwa-0.1,YYDPETGTWY,amber,selective,0.75,0.7,0.1,0.1,164,185.17448905906966,10,"[29.999999999999996, 75.0, 59.99999999999999, 59.99999999999999, 75.0, 45.0, -59.99999999999999, 59.99999999999999, 45.0, 14.999999999999998, -59.99999999999999, -59.99999999999999, 175.0, -59.99999999999999, -45.0, 130.0, -59.99999999999999, 29.999999999999996, 59.99999999999999, -59.99999999999999, -119.99999999999999, 119.99999999999999, -59.99999999999999, -59.99999999999999, 180.0, -75.0, 130.0, -59.99999999999999, 180.0, -29.999999999999996, 135.0, 180.0, 59.99999999999999]",2.138196500060067,122.62881688535488,-65.7410405963996,-87.65472079519947,12.870721079323056,0.0,145.94881038130978,-8.740902153822002,-15.807538799549224,-3.8781013731388074,-4.832776316355199,0.5883034522867062,0.5883034522867062,0.0,0.0,0.9292185761123493,0.44465594693148447,1.0,39.90883449308042,15.562958142601957,60.02178765094568,185.17448905906966,4.8460586417636415,4.254380464476761,3.12218306984411,5.508594512939453,4.848916530609131,False,
chignolin,/home/raubenb/gitrepos/QTF/5AWL.pdb,chignolin_ff-amber_chi-selective_hb-0.75_sasa-0.7_vdwr-0.1_vdwa-0.1,YYDPETGTWY,amber,selective,0.75,0.7,0.1,0.1,165,185.28685188316052,10,"[29.999999999999996, 75.0, 59.99999999999999, 59.99999999999999, 75.0, 45.0, -59.99999999999999, 59.99999999999999, 45.0, 14.999999999999998, -59.99999999999999, -75.0, 105.00000000000001, 59.99999999999999, 29.999999999999996, 45.0, 59.99999999999999, 59.99999999999999, 59.99999999999999, 180.0, -59.99999999999999, 175.0, -59.99999999999999, -59.99999999999999, 180.0, -105.00000000000001, 130.0, 180.0, 180.0, -29.999999999999996, 150.0, 59.99999999999999, 180.0]",16.516757884722,158.1435577182567,-73.7942965109086,-98.39239534787814,17.075417762580763,0.0,98.38969093847322,-9.367277552001061,-15.807538799549238,-3.8781013731388074,-2.57966163804581,0.5883034527713573,0.5883034527713573,0.0,0.0,0.9087194472044695,0.3767535650414573,1.0,38.529999751563814,13.186374776451006,57.9683942238724,185.28685188316052,3.682487530456971,4.239886319529725,3.346795748619253,5.508594512939453,4.848916530609131,False,
chignolin,/home/raubenb/gitrepos/QTF/5AWL.pdb,chignolin_ff-amber_chi-selective_hb-0.75_sasa-0.7_vdwr-0.1_vdwa-0.1,YYDPETGTWY,amber,selective,0.75,0.7,0.1,0.1,166,185.84144612491696,10,"[29.999999999999996, 75.0, 59.99999999999999, 59.99999999999999, 75.0, 45.0, -59.99999999999999, 59.99999999999999, 45.0, 14.999999999999998, -59.99999999999999, -75.0, 105.00000000000001, 59.99999999999999, 75.0, 45.0, 180.0, 90.0, 14.999999999999998, -59.99999999999999, 59.99999999999999, 75.0, -119.99999999999999, 90.0, 59.99999999999999, -90.0, -14.999999999999998, 59.99999999999999, 180.0, 75.0, 45.0, 59.99999999999999, -59.99999999999999]",6.073445301951761,138.61305170175225,-44.31532208268039,-59.087096110240516,19.780806017929475,0.0,89.77654302208815,-10.124271750361785,-12.408026753196236,-3.8781013731388074,1.7350185878011648,0.5883034527713573,0.5883034527713573,0.0,0.0,0.9199924665502152,0.3982373211384793,1.0,39.382232687447285,13.938306239846776,59.87133523010848,185.84144612491696,6.602129330156108,4.453774617272495,2.4935359020137207,5.508594512939453,4.848916530609131,False,
chignolin,/home/raubenb/gitrepos/QTF/5AWL.pdb,chignolin_ff-amber_chi-selective_hb-0.75_sasa-0.7_vdwr-0.1_vdwa-0.1,YYDPETGTWY,amber,selective,0.75,0.7,0.1,0.1,167,185.90366882708852,10,"[29.999999999999996, 75.0, 59.99999999999999, 59.99999999999999, 75.0, 45.0, -59.99999999999999, 59.99999999999999, 45.0, 14.999999999999998, -59.99999999999999, -75.0, 105.00000000000001, 59.99999999999999, 75.0, 45.0, 180.0, 90.0, 14.999999999999998, -59.99999999999999, 59.99999999999999, 59.99999999999999, -45.0, -59.99999999999999, 180.0, -105.00000000000001, 130.0, 180.0, 180.0, 75.0, 45.0, 59.99999999999999, -59.99999999999999]",1.931289863523813,140.08643245615445,-44.94395771828251,-59.92527695771002,19.741049110455055,0.0,102.19239437594945,-8.977076455829058,-15.807538799549226,-3.8781013731388074,-5.0291260849659505,0.5883034527713573,0.5883034527713573,0.0,0.0,0.919142030328338,0.3684864270081434,1.0,39.66215999321166,12.897024945285018,57.968516099032406,185.90366882708852,4.878503441115912,4.120479901151677,2.8696581237123637,5.508594512939453,4.848916530609131,False,
chignolin,/home/raubenb/gitrepos/QTF/5AWL.pdb,chignolin_ff-amber_chi-selective_hb-0.75_sasa-0.7_vdwr-0.1_vdwa-0.1,YYDPETGTWY,amber,selective,0.75,0.7,0.1,0.1,168,185.98604591641302,10,"[29.999999999999996, 75.0, 59.99999999999999, 59.99999999999999, 75.0, 45.0, -59.99999999999999, 59.99999999999999, 45.0, 14.999999999999998, -59.99999999999999, -75.0, 105.00000000000001, 59.99999999999999, 29.999999999999996, 45.0, 59.99999999999999, 59.99999999999999, 59.99999999999999, 180.0, -59.99999999999999, 175.0, -45.0, -59.99999999999999, 180.0, -59.99999999999999, 105.00000000000001, 180.0, 180.0, 75.0, 45.0, 59.99999999999999, -59.99999999999999]",0.7019603249363537,150.67560575495568,-44.31532208268039,-59.087096110240516,17.04785035526841,0.0,89.16683232393115,-7.698170812203811,-15.807538799549238,-3.8781013731388074,-0.4953732278776951,0.5883034527713573,0.5883034527713573,0.0,0.0,0.9130299533881929,0.35632922796515826,1.0,37.80153401694954,12.47152297878054,55.70767589067319,185.98604591641302,5.874689291263135,4.319446797594589,3.676353862023544,5.508594512939453,4.848916530609131,False,
chignolin,/home/raubenb/gitrepos/QTF/5AWL.pdb,chignolin_ff-amber_chi-selective_hb-0.75_sasa-0.7_vdwr-0.1_vdwa-0.1,YYDPETGTWY,amber,selective,0.75,0.7,0.1,0.1,169,186.28355798240136,10,"[29.999999999999996, 75.0, 59.99999999999999, 59.99999999999999, 75.0, 45.0, -59.99999999999999, 59.99999999999999, 45.0, 14.999999999999998, -59.99999999999999, -75.0, 105.00000000000001, 59.99999999999999, 29.999999999999996, 45.0, 59.99999999999999, 29.999999999999996, 59.99999999999999, -59.99999999999999, -59.99999999999999, 175.0, -59.99999999999999, -59.99999999999999, 180.0, -75.0, 130.0, -59.99999999999999, 180.0, -29.999999999999996, 135.0, 180.0, 59.99999999999999]",24.144261674513828,133.13508592896704,-50.5799565460332,-67.43994206137761,14.770454166724026,0.0,92.2760696780578,-6.947237652309885,-15.807538799549224,-3.8781013731388074,-1.4177825476015147,0.5883034527713573,0.5883034527713573,0.0,0.0,0.9231543515561517,0.4206258649228064,1.0,38.4717542341401,14.721905272298224,58.71917403563349,186.28355798240136,3.3025350207789965,4.576152299955264,3.273089782366333,5.508594512939453,4.848916530609131,False,
chignolin,/home/raubenb/gitrepos/QTF/5AWL.pdb,chignolin_ff-amber_chi-selective_hb-0.75_sasa-0.7_vdwr-0.1_vdwa-0.1,YYDPETGTWY,amber,selective,0.75,0.7,0.1,0.1,170,186.3939045902066,10,"[29.999999999999996, 75.0, 59.99999999999999, 59.99999999999999, 75.0, 45.0, -59.99999999999999, 59.99999999999999, 45.0, 14.999999999999998, -59.99999999999999, -75.0, 105.00000000000001, 59.99999999999999, 29.999999999999996, 45.0, 59.99999999999999, 59.99999999999999, 59.99999999999999, 180.0, -75.0, 105.00000000000001, -59.99999999999999, -59.99999999999999, 180.0, -59.99999999999999, 115.0, -59.99999999999999, 180.0, 75.0, 45.0, 59.99999999999999, -59.99999999999999]",8.409576152990219,126.12859549125073,-44.31532208268039,-59.087096110240516,16.755846692868758,0.0,107.4616946339942,-8.124624061174526,-15.40756216976527,-3.8781013731388074,-1.2245021469096595,0.5883034527713573,0.5883034527713573,0.0,0.0,0.927198501880952,0.36899300277993036,1.0,39.01944979077814,12.914755097297563,60.03323100658641,186.3939045902066,4.203113254521412,4.5968717938261054,2.8980646785544715,5.508594512939453,4.848916530609131,False,
chignolin,/home/raubenb/gitrepos/QTF/5AWL.pdb,chignolin_ff-amber_chi-selective_hb-0.75_sasa-0.7_vdwr-0.1_vdwa-0.1,YYDPETGTWY,amber,selective,0.75,0.7,0.1,0.1,171,186.43791671785877,10,"[29.999999999999996, 75.0, 59.99999999999999, 59.99999999999999, 75.0, 45.0, -59.99999999999999, 59.99999999999999, 45.0, 14.999999999999998, -59.99999999999999, -75.0, 105.00000000000001, 59.99999999999999, 75.0, 45.0, 180.0, 59.99999999999999, 59.99999999999999, 180.0, 59.99999999999999, 75.0, 59.99999999999999, 75.0, 180.0, -90.0, -14.999999999999998, 59.99999999999999, 180.0, -119.99999999999999, 150.0, 180.0, 59.99999999999999]",63.64895814013484,65.42261345483787,-64.94856748293589,-86.59808997724784,19.0905976604604,0.0,138.06009963207228,-12.564001524504366,-15.807538799549237,-3.8781013731388074,-3.174446442289713,0.5883034527713573,0.5883034527713573,0.0,0.0,0.9622380297518974,0.6726838622986555,1.0,41.620840083053295,23.543935180452944,60.19020660822278,186.43791671785877,9.067883354038774,4.2778091680596235,3.511503577112191,5.508594512939453,4.848916530609131,False,
chignolin,/home/raubenb/gitrepos/QTF/5AWL.pdb,chignolin_ff-amber_chi-selective_hb-0.75_sasa-0.7_vdwr-0.1_vdwa-0.1,YYDPETGTWY,amber,selective,0.75,0.7,0.1,0.1,172,186.6108187347864,10,"[29.999999999999996, 75.0, 59.99999999999999, 59.99999999999999, 75.0, 45.0, -59.99999999999999, 59.99999999999999, 45.0, 14.999999999999998, -59.99999999999999, -75.0, 105.00000000000001, 59.99999999999999, 29.999999999999996, 45.0, 59.99999999999999, 29.999999999999996, 59.99999999999999, -59.99999999999999, -59.99999999999999, 175.0, -45.0, -59.99999999999999, 180.0, -59.99999999999999, 115.0, -59.99999999999999, 180.0, -29.999999999999996, 135.0, 180.0, 59.99999999999999]",1.858560643726498,163.41564964248047,-44.925570535368294,-59.9007607138244,15.02173330560824,0.0,77.7239050076724,-6.654604772086381,-15.807538799549224,-3.8781013731388074,-0.7315178373298367,0.5883034527713573,0.5883034527713573,0.0,0.0,0.9056763927027531,0.3998865035476331,1.0,37.40757377353092,13.996027624167159,57.59506954648472,186.6108187347864,4.890318010151768,4.5614770634401,3.531314368747614,5.508594512939453,4.848916530609131,False,
chignolin,/home/raubenb/gitrepos/QTF/5AWL.pdb,chignolin_ff-amber_chi-selective_hb-0.75_sasa-0.7_vdwr-0.1_vdwa-0.1,YYDPETGTWY,amber,selective,0.75,0.7,0.1,0.1,173,186.65230470897188,10,"[29.999999999999996, 75.0, 59.99999999999999, 59.99999999999999, 75.0, 45.0, -59.99999999999999, 59.99999999999999, 45.0, 14.999999999999998, -59.99999999999999, -75.0, 105.00000000000001, 59.99999999999999, 29.999999999999996, 45.0, 59.99999999999999, 59.99999999999999, 59.99999999999999, 180.0, -59.99999999999999, 175.0, -59.99999999999999, -59.99999999999999, 180.0, -75.0, 130.0, -59.99999999999999, 180.0, -29.999999999999996, 135.0, 180.0, 59.99999999999999]",3.373839477639482,155.80400199607718,-49.02640418425926,-65.36853891234568,16.749897372735145,0.0,88.45477917396948,-8.180801720499623,-15.807538799549237,-3.8781013731388074,-1.425670686773818,0.5883034527713573,0.5883034527713573,0.0,0.0,0.9100698401177043,0.40995932673145846,1.0,37.98179298877912,14.348576435601046,57.139409409149536,186.65230470897188,4.67855743017062,4.311219034076321,3.483668856972611,5.508594512939453,4.848916530609131,False,
chignolin,/home/raubenb/gitrepos/QTF/5AWL.pdb,chignolin_ff-amber_chi-selective_hb-0.75_sasa-0.7_vdwr-0.1_vdwa-0.1,YYDPETGTWY,amber,selective,0.75,0.7,0.1,0.1,174,186.6905402503521,10,"[29.999999999999996, 75.0, 59.99999999999999, 59.99999999999999, 75.0, 45.0, -59.99999999999999, 59.99999999999999, 45.0, 14.999999999999998, -59.99999999999999, -75.0, 105.00000000000001, 59.99999999999999, 75.0, 45.0, 180.0, 59.99999999999999, 59.99999999999999, 180.0, 45.0, 14.999999999999998, -75.0, 150.0, 59.99999999999999, -119.99999999999999, 119.99999999999999, 59.99999999999999, -59.99999999999999, -119.99999999999999, 150.0, 180.0, 59.99999999999999]",64.89631391100048,97.07741198263133,-61.00380848220509,-81.33841130960678,22.8485201439033,0.0,96.5508334289789,-9.745559023907743,-12.808003382980214,-7.78436020810716,-3.929111571733082,0.5883034527713573,0.5883034527713573,0.0,0.0,0.9439668617704868,0.6528015947744492,1.0,39.33438690425581,22.848055817105724,62.0037427319859,186.6905402503521,9.102674393030835,4.638018828467688,2.8957662793552115,5.508594512939453,4.848916530609131,False,
chignolin,/home/raubenb/gitrepos/QTF/5AWL.pdb,chignolin_ff-amber_chi-selective_hb-0.75_sasa-0.7_vdwr-0.1_vdwa-0.1,YYDPETGTWY,amber,selective,0.75,0.7,0.1,0.1,175,186.8763504044562,10,"[29.999999999999996, 75.0, 59.99999999999999, 59.99999999999999, 75.0, 45.0, -59.99999999999999, 59.99999999999999, 45.0, 14.999999999999998, -59.99999999999999, -59.99999999999999, 175.0, -59.99999999999999, -45.0, 130.0, -59.99999999999999, 29.999999999999996, 59.99999999999999, -59.99999999999999, -119.99999999999999, 119.99999999999999, -59.99999999999999, -59.99999999999999, 180.0, -59.99999999999999, 150.0, 180.0, 180.0, -90.0, 90.0, 59.99999999999999, 180.0]",0.24153204721773444,161.2570378918136,-64.21091583532967,-85.61455444710623,16.853726332556654,0.0,102.54097028315962,-8.302667747322586,-15.807538799549226,-3.8781013731388074,-2.405995847237837,0.5883034522867062,0.5883034522867062,0.0,0.0,0.9069223446511898,0.37450547085229635,1.0,37.74959538871195,13.107691479830372,58.708989451636846,186.8763504044562,5.2802128087363895,4.3081954909360425,3.1376674343353312,5.508594512939453,4.848916530609131,False,
chignolin,/home/raubenb/gitrepos/QTF/5AWL.pdb,chignolin_ff-amber_chi-selective_hb-0.75_sasa-0.7_vdwr-0.1_vdwa-0.1,YYDPETGTWY,amber,selective,0.75,0.7,0.1,0.1,176,187.28339709787232,10,"[29.999999999999996, 75.0, 59.99999999999999, 59.99999999999999, 75.0, 45.0, -59.99999999999999, 59.99999999999999, 45.0, 14.999999999999998, -59.99999999999999, -75.0, 105.00000000000001, 59.99999999999999, 29.999999999999996, 45.0, 59.99999999999999, 29.999999999999996, 59.99999999999999, -59.99999999999999, -59.99999999999999, 175.0, -59.99999999999999, -59.99999999999999, 180.0, -59.99999999999999, 115.0, -59.99999999999999, 180.0, -45.0, -29.999999999999996, 180.0, 59.99999999999999]",8.317310654552442,170.28354580354554,-48.814473207295315,-65.08596427639375,14.84328773161208,0.0,71.76167796034102,-6.693912753357935,-15.807538799549224,-3.8781013731388074,-3.3167023716087987,0.5883034527713573,0.5883034527713573,0.0,0.0,0.9017122390744327,0.3739845177209225,1.0,37.047096693448715,13.089458120232289,57.30473261982708,187.28339709787232,4.210247259777872,4.624971644514809,3.365444911029869,5.508594512939453,4.848916530609131,False,
chignolin,/home/raubenb/gitrepos/QTF/5AWL.pdb,chignolin_ff-amber_chi-selective_hb-0.75_sasa-0.7_vdwr-0.1_vdwa-0.1,YYDPETGTWY,amber,selective,0.75,0.7,0.1,0.1,177,187.50221448155241,10,"[29.999999999999996, 75.0, 59.99999999999999, 59.99999999999999, 75.0, 45.0, -59.99999999999999, 59.99999999999999, 45.0, 14.999999999999998, -59.99999999999999, -75.0, 105.00000000000001, 59.99999999999999, 29.999999999999996, 45.0, 59.99999999999999, 59.99999999999999, 59.99999999999999, 180.0, -59.99999999999999, 175.0, -45.0, -59.99999999999999, 180.0, -59.99999999999999, 150.0, 180.0, 180.0, -29.999999999999996, 135.0, 180.0, 59.99999999999999]",0.3601931935329919,153.95939012807776,-44.31532208268039,-59.087096110240516,16.633292790847722,0.0,89.16683232393115,-7.4480962302927285,-16.207515429333206,-3.8781013731388074,-1.3567622921634463,0.5883034527713573,0.5883034527713573,0.0,0.0,0.9111345511526246,0.4312358579678272,1.0,37.724308324962266,15.093255028873951,55.25420272094816,187.50221448155241,5.76840014662179,4.333679648978003,3.6698034078610355,5.508594512939453,4.848916530609131,False,
chignolin,/home/raubenb/gitrepos/QTF/5AWL.pdb,chignolin_ff-amber_chi-selective_hb-0.75_sasa-0.7_vdwr-0.1_vdwa-0.1,YYDPETGTWY,amber,selective,0.75,0.7,0.1,0.1,178,187.58968014281743,10,"[29.999999999999996, 75.0, 59.99999999999999, 59.99999999999999, 75.0, 45.0, -59.99999999999999, 59.99999999999999, 45.0, 14.999999999999998, -59.99999999999999, -75.0, 105.00000000000001, 59.99999999999999, 29.999999999999996, 45.0, 59.99999999999999, 29.999999999999996, 59.99999999999999, -59.99999999999999, -75.0, 119.99999999999999, -45.0, -59.99999999999999, 180.0, -59.99999999999999, 115.0, -59.99999999999999, 180.0, 75.0, 45.0, 59.99999999999999, -59.99999999999999]",10.060988626591447,117.4102473734567,-44.31532208268039,-59.087096110240516,16.93010228701563,0.0,113.91821094027503,-6.519236216571816,-15.407562169765258,-3.8781013731388074,-1.1979506951364975,0.5883034527713573,0.5883034527713573,0.0,0.0,0.9322307374467782,0.40395306917879487,1.0,39.14408949638998,14.13835742125782,59.24128238456666,187.58968014281743,4.081480445916134,4.758321005152637,3.0607399366596706,5.508594512939453,4.848916530609131,False,
chignolin,/home/raubenb/gitrepos/QTF/5AWL.pdb,chignolin_ff-amber_chi-selective_hb-0.75_sasa-0.7_vdwr-0.1_vdwa-0.1,YYDPETGTWY,amber,selective,0.75,0.7,0.1,0.1,179,187.7894536272233,10,"[29.999999999999996, 75.0, 59.99999999999999, 59.99999999999999, 75.0, 45.0, -59.99999999999999, 59.99999999999999, 45.0, 14.999999999999998, -59.99999999999999, -59.99999999999999, 175.0, -59.99999999999999, -45.0, 130.0, -59.99999999999999, 29.999999999999996, 59.99999999999999, -59.99999999999999, -119.99999999999999, 119.99999999999999, -59.99999999999999, -59.99999999999999, 180.0, -59.99999999999999, 150.0, 180.0, 180.0, -29.999999999999996, 135.0, 180.0, 59.99999999999999]",0.24153204721773444,115.63652271632353,-48.635415492394074,-64.84722065652544,15.349846405093247,0.0,138.27498182920664,-8.639897187973718,-16.207515429333192,-3.8781013731388074,-4.940803340064723,0.5883034522867062,0.5883034522867062,0.0,0.0,0.9332545323426704,0.4845803957907161,1.0,40.053483712022974,16.960313852675064,59.696826022386986,187.7894536272233,5.2802128087363895,4.3081954909360425,3.1376674343353312,5.508594512939453,4.848916530609131,False,
chignolin,/home/raubenb/gitrepos/QTF/5AWL.pdb,chignolin_ff-amber_chi-selective_hb-0.75_sasa-0.7_vdwr-0.1_vdwa-0.1,YYDPETGTWY,amber,selective,0.75,0.7,0.1,0.1,180,188.00911381070736,10,"[29.999999999999996, 75.0, 59.99999999999999, 59.99999999999999, 75.0, 45.0, -59.99999999999999, 59.99999999999999, 45.0, 14.999999999999998, -59.99999999999999, -75.0, 105.00000000000001, 59.99999999999999, 29.999999999999996, 45.0, 59.99999999999999, 29.999999999999996, 59.99999999999999, -59.99999999999999, -59.99999999999999, 175.0, -59.99999999999999, -59.99999999999999, 180.0, -59.99999999999999, 115.0, -59.99999999999999, 180.0, -119.99999999999999, 150.0, 180.0, 59.99999999999999]",8.317310654552442,166.22743577543636,-44.31532208268039,-59.087096110240516,15.079786529375754,0.0,71.50102811924815,-6.499563886667793,-15.807538799549224,-3.8781013731388074,-3.2042245786404644,0.5883034527713573,0.5883034527713573,0.0,0.0,0.9040534281238463,0.4150399178358954,1.0,36.9176242562078,14.526397124256338,57.12355560334618,188.00911381070736,4.210247259777872,4.624971644514809,3.365444911029869,5.508594512939453,4.848916530609131,False,
chignolin,/home/raubenb/gitrepos/QTF/5AWL.pdb,chignolin_ff-amber_chi-selective_hb-0.75_sasa-0.7_vdwr-0.1_vdwa-0.1,YYDPETGTWY,amber,selective,0.75,0.7,0.1,0.1,181,188.10079198647213,10,"[29.999999999999996, 75.0, 59.99999999999999, 59.99999999999999, 75.0, 45.0, -59.99999999999999, 59.99999999999999, 45.0, 14.999999999999998, -59.99999999999999, -75.0, 105.00000000000001, 59.99999999999999, 29.999999999999996, 45.0, 59.99999999999999, 29.999999999999996, 59.99999999999999, -59.99999999999999, -119.99999999999999, 119.99999999999999, -45.0, -59.99999999999999, 180.0, -119.99999999999999, 119.99999999999999, 59.99999999999999, -59.99999999999999, -29.999999999999996, 135.0, 180.0, 59.99999999999999]",9.75381267159128,125.33727363223578,-44.31532208268039,-59.087096110240516,17.107328317790987,0.0,111.95010036222281,-8.15937453735841,-15.807538799549224,-3.8781013731388074,-4.475689657413248,0.5883034527713573,0.5883034527713573,0.0,0.0,0.927655253314727,0.48256656002349557,1.0,40.71149141706416,16.889829600822345,61.12898849118081,188.10079198647213,6.896697008774006,4.588210935089678,3.0034006340504766,5.508594512939453,4.848916530609131,False,
chignolin,/home/raubenb/gitrepos/QTF/5AWL.pdb,chignolin_ff-amber_chi-selective_hb-0.75_sasa-0.7_vdwr-0.1_vdwa-0.1,YYDPETGTWY,amber,selective,0.75,0.7,0.1,0.1,182,188.23752412833704,10,"[29.999999999999996, 75.0, 59.99999999999999, 59.99999999999999, 75.0, 45.0, -59.99999999999999, 59.99999999999999, 45.0, 14.999999999999998, -59.99999999999999, -75.0, 105.00000000000001, 59.99999999999999, 29.999999999999996, 45.0, 59.99999999999999, 29.999999999999996, 59.99999999999999, -59.99999999999999, -59.99999999999999, 175.0, -45.0, -59.99999999999999, 180.0, -75.0, 130.0, -59.99999999999999, 180.0, -119.99999999999999, 150.0, 180.0, 59.99999999999999]",11.898951112813984,164.0623136239375,-44.31532208268039,-59.087096110240516,15.194957383653785,0.0,70.9402898145124,-6.90971055171123,-15.807538799549224,-3.8781013731388074,-3.5366184522723496,0.5883034527713573,0.5883034527713573,0.0,0.0,0.9053031378794012,0.39578975423955115,1.0,37.426524330240866,13.852641398384291,57.99283190849321,188.23752412833704,3.9573431287020444,4.5004226329708255,3.453912476956034,5.508594512939453,4.848916530609131,False,
chignolin,/home/raubenb/gitrepos/QTF/5AWL.pdb,chignolin_ff-amber_chi-selective_hb-0.75_sasa-0.7_vdwr-0.1_vdwa-0.1,YYDPETGTWY,amber,selective,0.75,0.7,0.1,0.1,183,188.31103357197193,10,"[29.999999999999996, 75.0, 59.99999999999999, 59.99999999999999, 75.0, 45.0, -59.99999999999999, 59.99999999999999, 45.0, 14.999999999999998, -59.99999999999999, -75.0, 105.00000000000001, 59.99999999999999, 29.999999999999996, 45.0, 59.99999999999999, 59.99999999999999, 59.99999999999999, 180.0, -75.0, 119.99999999999999, -45.0, -59.99999999999999, 180.0, -59.99999999999999, 150.0, 180.0, 180.0, -29.999999999999996, 135.0, 180.0, 59.99999999999999]",16.31864738456086,103.72285253760975,-46.47326529208017,-61.964353722773566,18.49601828887709,0.0,126.25907047519692,-8.76600960133641,-16.207515429333206,-3.8781013731388074,-1.7489668711554502,0.5883034527713573,0.5883034527713573,0.0,0.0,0.9401311096464012,0.439125007642312,1.0,40.48246289309253,15.369375267480919,60.850155797959644,188.31103357197193,3.6934205035725185,4.43515282821453,2.991732561909014,5.508594512939453,4.848916530609131,False,
chignolin,/home/raubenb/gitrepos/QTF/5AWL.pdb,chignolin_ff-amber_chi-selective_hb-0.75_sasa-0.7_vdwr-0.1_vdwa-0.1,YYDPETGTWY,amber,selective,0.75,0.7,0.1,0.1,184,188.37997516786166,10,"[29.999999999999996, 75.0, 59.99999999999999, 59.99999999999999, 75.0, 45.0, -59.99999999999999, 59.99999999999999, 45.0, 14.999999999999998, -59.99999999999999, -75.0, 105.00000000000001, 59.99999999999999, 75.0, 45.0, 180.0, 90.0, 14.999999999999998, -59.99999999999999, 59.99999999999999, 59.99999999999999, -119.99999999999999, 90.0, 59.99999999999999, -75.0, 130.0, -59.99999999999999, 180.0, -45.0, -29.999999999999996, 180.0, 59.99999999999999]",5.816812872640032,113.54194444213496,-44.31532208268039,-59.087096110240516,20.364539820378916,0.0,124.3635418235039,-10.238244651584623,-12.808003382980202,-7.85778113322039,-1.0758159931018763,0.5883034527713573,0.5883034527713573,0.0,0.0,0.9344635241315238,0.5172153888720549,1.0,41.384143119711645,18.102538610521922,62.57826134219466,188.37997516786166,6.57859286782734,4.454492581348512,2.394012749986777,5.508594512939453,4.848916530609131,False,
chignolin,/home/raubenb/gitrepos/QTF/5AWL.pdb,chignolin_ff-amber_chi-selective_hb-0.75_sasa-0.7_vdwr-0.1_vdwa-0.1,YYDPETGTWY,amber,selective,0.75,0.7,0.1,0.1,185,188.64557595927002,10,"[29.999999999999996, 75.0, 59.99999999999999, 59.99999999999999, 75.0, 45.0, -59.99999999999999, 59.99999999999999, 45.0, 14.999999999999998, -59.99999999999999, -75.0, 105.00000000000001, 59.99999999999999, 29.999999999999996, 45.0, 59.99999999999999, 29.999999999999996, 59.99999999999999, -59.99999999999999, -59.99999999999999, 175.0, -45.0, -59.99999999999999, 180.0, -105.00000000000001, 130.0, 180.0, 180.0, -90.0, 90.0, 59.99999999999999, 180.0]",49.06263653627189,125.92344487043337,-63.194403028876366,-84.25920403850182,15.702441197263425,0.0,88.79760203163862,-8.736247944726319,-15.807538799549226,-3.8781013731388074,0.1874390171820739,0.5883034527713573,0.5883034527713573,0.0,0.0,0.9273169149377009,0.47663580407523554,1.0,40.39007812424706,16.682253142633243,60.540980518600314,188.64557595927002,2.3675046197553016,4.424081234997344,3.2958304754115106,5.508594512939453,4.848916530609131,False,
chignolin,/home/raubenb/gitrepos/QTF/5AWL.pdb,chignolin_ff-amber_chi-selective_hb-0.75_sasa-0.7_vdwr-0.1_vdwa-0.1,YYDPETGTWY,amber,selective,0.75,0.7,0.1,0.1,186,188.68461669131204,10,"[29.999999999999996, 75.0, 59.99999999999999, 59.99999999999999, 75.0, 45.0, -59.99999999999999, 59.99999999999999, 45.0, 14.999999999999998, -59.99999999999999, -75.0, 105.00000000000001, 59.99999999999999, 29.999999999999996, 45.0, 59.99999999999999, 29.999999999999996, 59.99999999999999, -59.99999999999999, -59.99999999999999, 175.0, -45.0, -59.99999999999999, 180.0, -59.99999999999999, 115.0, -59.99999999999999, 180.0, -119.99999999999999, 150.0, 180.0, 59.99999999999999]",1.858560643726498,166.92143977419943,-44.31532208268039,-59.087096110240516,15.217118904949254,0.0,77.7239050076724,-6.596459676317869,-15.807538799549224,-3.8781013731388074,-3.027289160320568,0.5883034527713573,0.5883034527713573,0.0,0.0,0.9036528486151807,0.4139742740591048,1.0,36.966343332630856,14.48909959206867,57.1199179008208,188.68461669131204,4.890318010151768,4.5614770634401,3.531314368747614,5.508594512939453,4.848916530609131,False,
chignolin,/home/raubenb/gitrepos/QTF/5AWL.pdb,chignolin_ff-amber_chi-selective_hb-0.75_sasa-0.7_vdwr-0.1_vdwa-0.1,YYDPETGTWY,amber,selective,0.75,0.7,0.1,0.1,187,188.9584246489465,10,"[29.999999999999996, 75.0, 59.99999999999999, 59.99999999999999, 75.0, 45.0, -59.99999999999999, 59.99999999999999, 45.0, 14.999999999999998, -59.99999999999999, -75.0, 105.00000000000001, 59.99999999999999, 29.999999999999996, 45.0, 59.99999999999999, 59.99999999999999, 59.99999999999999, 180.0, -59.99999999999999, 175.0, -59.99999999999999, -59.99999999999999, 180.0, -59.99999999999999, 105.00000000000001, 180.0, 180.0, -119.99999999999999, 150.0, 180.0, 59.99999999999999]",0.4574365780018918,154.1496463082858,-44.31532208268039,-59.087096110240516,16.953662268696082,0.0,92.11147304994708,-8.007306433229665,-16.207515429333206,-3.8781013731388074,-2.8938516903736655,0.5883034527713573,0.5883034527713573,0.0,0.0,0.9110247351755927,0.45117556627306826,1.0,37.580585145571646,15.791144819557388,56.58174933194152,188.9584246489465,5.197531298147431,4.349726246818808,3.5331795176125556,5.508594512939453,4.848916530609131,False,
chignolin,/home/raubenb/gitrepos/QTF/5AWL.pdb,chignolin_ff-amber_chi-selective_hb-0.75_sasa-0.7_vdwr-0.1_vdwa-0.1,YYDPETGTWY,amber,selective,0.75,0.7,0.1,0.1,188,189.3404446113605,10,"[29.999999999999996, 75.0, 59.99999999999999, 59.99999999999999, 75.0, 45.0, -59.99999999999999, 59.99999999999999, 45.0, 14.999999999999998, -59.99999999999999, -75.0, 105.00000000000001, 59.99999999999999, 29.999999999999996, 45.0, 59.99999999999999, 59.99999999999999, 59.99999999999999, 180.0, -59.99999999999999, 175.0, -59.99999999999999, -59.99999999999999, 180.0, -105.00000000000001, 130.0, 180.0, 180.0, -75.0, 175.0, 180.0, 59.99999999999999]",16.516757884722,165.76961579528628,-68.22423983766049,-90.96565311688065,17.103914912354973,0.0,89.5281441784784,-9.009518371885086,-16.207515429333206,-3.8781013731388074,-2.8469166002349113,0.5883034527713573,0.5883034527713573,0.0,0.0,0.9043176820806429,0.3606161297942474,1.0,38.43150718428051,12.621564542798659,57.79216020246534,189.3404446113605,3.682487530456971,4.239886319529725,3.346795748619253,5.508594512939453,4.848916530609131,False,
chignolin,/home/raubenb/gitrepos/QTF/5AWL.pdb,chignolin_ff-amber_chi-selective_hb-0.75_sasa-0.7_vdwr-0.1_vdwa-0.1,YYDPETGTWY,amber,selective,0.75,0.7,0.1,0.1,189,189.44612227458262,10,"[29.999999999999996, 75.0, 59.99999999999999, 59.99999999999999, 75.0, 45.0, -59.99999999999999, 59.99999999999999, 45.0, 14.999999999999998, -59.99999999999999, -75.0, 105.00000000000001, 59.99999999999999, 29.999999999999996, 45.0, 59.99999999999999, 29.999999999999996, 59.99999999999999, -59.99999999999999, -59.99999999999999, 175.0, -59.99999999999999, -59.99999999999999, 180.0, -75.0, 130.0, -59.99999999999999, 180.0, -45.0, -29.999999999999996, 180.0, 59.99999999999999]",24.144261674513828,149.2519477612271,-54.94416120438605,-73.25888160584806,14.745108103977808,0.0,86.13567786694243,-6.963343544215206,-15.807538799549224,-3.8781013731388074,-3.82603166356058,0.5883034527713573,0.5883034527713573,0.0,0.0,0.9138516896039094,0.3915816584534135,1.0,37.9926040453028,13.705358045869472,58.32149813732085,189.44612227458262,3.3025350207789965,4.576152299955264,3.273089782366333,5.508594512939453,4.848916530609131,False,
chignolin,/home/raubenb/gitrepos/QTF/5AWL.pdb,chignolin_ff-amber_chi-selective_hb-0.75_sasa-0.7_vdwr-0.1_vdwa-0.1,YYDPETGTWY,amber,selective,0.75,0.7,0.1,0.1,190,189.63704084483948,10,"[29.999999999999996, 75.0, 59.99999999999999, 59.99999999999999, 75.0, 45.0, -59.99999999999999, 59.99999999999999, 45.0, 14.999999999999998, -59.99999999999999, -59.99999999999999, 175.0, -59.99999999999999, -45.0, 130.0, -59.99999999999999, 29.999999999999996, 59.99999999999999, -59.99999999999999, -119.99999999999999, 119.99999999999999, -59.99999999999999, -59.99999999999999, 180.0, -59.99999999999999, 105.00000000000001, 180.0, 180.0, -90.0, 90.0, 59.99999999999999, 180.0]",0.03623485077646249,164.70046126046367,-57.03033943220852,-76.04045257627803,16.641718507414552,0.0,93.93762683735898,-8.080945954426923,-15.807538799549226,-3.8781013731388074,-1.4703785041374289,0.5883034522867062,0.5883034522867062,0.0,0.0,0.9049347986952592,0.36785954410576144,1.0,37.40447560103362,12.87508404370165,58.538415035128196,189.63704084483948,5.585129138109654,4.275094181140581,3.225870593538247,5.508594512939453,4.848916530609131,False,
chignolin,/home/raubenb/gitrepos/QTF/5AWL.pdb,chignolin_ff-amber_chi-selective_hb-0.75_sasa-0.7_vdwr-0.1_vdwa-0.1,YYDPETGTWY,amber,selective,0.75,0.7,0.1,0.1,191,189.89247241869225,10,"[29.999999999999996, 75.0, 59.99999999999999, 59.99999999999999, 75.0, 45.0, -59.99999999999999, 59.99999999999999, 45.0, 14.999999999999998, -59.99999999999999, -59.99999999999999, 175.0, -59.99999999999999, -45.0, 130.0, -59.99999999999999, 29.999999999999996, 59.99999999999999, -59.99999999999999, -119.99999999999999, 119.99999999999999, -59.99999999999999, -59.99999999999999, 180.0, -75.0, 130.0, -59.99999999999999, 180.0, -45.0, -29.999999999999996, 180.0, 59.99999999999999]",2.138196500060067,131.33798304266978,-59.7474635346767,-79.66328471290227,11.860888047854244,0.0,139.38265055635347,-8.741420040853015,-15.807538799549224,-3.8781013731388074,-7.241025432314265,0.5883034522867062,0.5883034522867062,0.0,0.0,0.9241916403794114,0.41356795629677495,1.0,39.38963509412782,14.474878470387123,59.68796679088862,189.89247241869225,4.8460586417636415,4.254380464476761,3.12218306984411,5.508594512939453,4.848916530609131,False,
chignolin,/home/raubenb/gitrepos/QTF/5AWL.pdb,chignolin_ff-amber_chi-selective_hb-0.75_sasa-0.7_vdwr-0.1_vdwa-0.1,YYDPETGTWY,amber,selective,0.75,0.7,0.1,0.1,192,190.05276788796996,10,"[29.999999999999996, 75.0, 59.99999999999999, 59.99999999999999, 75.0, 45.0, -59.99999999999999, 59.99999999999999, 45.0, 14.999999999999998, -59.99999999999999, -75.0, 105.00000000000001, 59.99999999999999, 75.0, 45.0, 180.0, 90.0, 14.999999999999998, -59.99999999999999, 59.99999999999999, 59.99999999999999, -119.99999999999999, 90.0, 59.99999999999999, -59.99999999999999, 75.0, 180.0, 180.0, -75.0, 175.0, 180.0, 59.99999999999999]",4.292621643727091,46.892165646372334,-44.31532208268039,-59.087096110240516,20.249193005750996,0.0,191.7315391357912,-11.06662348808173,-13.207980012764171,-7.877622853041799,2.7664934401250885,0.5883034527713573,0.5883034527713573,0.0,0.0,0.9729338149227288,0.7189370457546786,1.0,44.053456254402725,25.162796601413753,67.43735598662101,190.05276788796996,6.426565879333692,4.319864367309222,2.4227286361319575,5.508594512939453,4.848916530609131,False,
chignolin,/home/raubenb/gitrepos/QTF/5AWL.pdb,chignolin_ff-amber_chi-selective_hb-0.75_sasa-0.7_vdwr-0.1_vdwa-0.1,YYDPETGTWY,amber,selective,0.75,0.7,0.1,0.1,193,190.1185089764644,10,"[29.999999999999996, 75.0, 59.99999999999999, 59.99999999999999, 75.0, 45.0, -59.99999999999999, 59.99999999999999, 45.0, 14.999999999999998, -59.99999999999999, -75.0, 105.00000000000001, 59.99999999999999, 29.999999999999996, 45.0, 59.99999999999999, 29.999999999999996, 59.99999999999999, -59.99999999999999, -59.99999999999999, 175.0, -59.99999999999999, -59.99999999999999, 180.0, -59.99999999999999, 150.0, 180.0, 180.0, -75.0, 175.0, 180.0, 59.99999999999999]",13.077853055068395,167.03225601718339,-49.02389481120086,-65.36519308160115,14.849591700832175,0.0,72.22683218537104,-6.706281682680167,-16.207515429333192,-3.8781013731388074,-1.8405341384089384,0.5883034527713573,0.5883034527713573,0.0,0.0,0.903588885415767,0.3724636230640763,1.0,37.19328561372671,13.036226807242672,57.29786899257242,190.1185089764644,3.8827274159827976,4.6367521350019825,3.288358451353916,5.508594512939453,4.848916530609131,False,
chignolin,/home/raubenb/gitrepos/QTF/5AWL.pdb,chignolin_ff-amber_chi-selective_hb-0.75_sasa-0.7_vdwr-0.1_vdwa-0.1,YYDPETGTWY,amber,selective,0.75,0.7,0.1,0.1,194,190.31427619474192,10,"[-150.0, 105.00000000000001, -59.99999999999999, 59.99999999999999, 75.0, 45.0, -59.99999999999999, 59.99999999999999, 90.0, 45.0, 180.0, 29.999999999999996, 45.0, 59.99999999999999, -59.99999999999999, -59.99999999999999, -59.99999999999999, -119.99999999999999, 59.99999999999999, 180.0, 59.99999999999999, 75.0, -29.999999999999996, 119.99999999999999, -59.99999999999999, -90.0, -14.999999999999998, 59.99999999999999, 180.0, 75.0, 45.0, 59.99999999999999, -59.99999999999999]",0.07229582738622525,163.94408244598023,-33.48691091939794,-44.64921455919726,17.117934511234594,0.0,66.71632487814102,-9.590821111494863,-15.407562169765256,0.0,0.36062928169528996,0.5883034509626316,0.5883034509626316,0.0,0.0,0.9053713809835613,0.37690381350215973,1.0,36.55760956219957,13.19163347257559,58.4265718863926,190.31427619474192,5.379753729882191,4.526242111659975,3.139007034893799,5.508594512939453,4.848916530609131,False,
chignolin,/home/raubenb/gitrepos/QTF/5AWL.pdb,chignolin_ff-amber_chi-selective_hb-0.75_sasa-0.7_vdwr-0.1_vdwa-0.1,YYDPETGTWY,amber,selective,0.75,0.7,0.1,0.1,195,190.42530933500709,10,"[29.999999999999996, 75.0, 59.99999999999999, 59.99999999999999, 75.0, 45.0, -59.99999999999999, 59.99999999999999, 45.0, 14.999999999999998, -59.99999999999999, -59.99999999999999, 175.0, -59.99999999999999, -45.0, 130.0, -59.99999999999999, 29.999999999999996, 59.99999999999999, -59.99999999999999, -119.99999999999999, 119.99999999999999, -59.99999999999999, -59.99999999999999, 180.0, -59.99999999999999, 105.00000000000001, 180.0, 180.0, -29.999999999999996, 135.0, 180.0, 59.99999999999999]",0.03623485077646249,142.8109590131183,-48.70545349893733,-64.94060466524978,15.521667612186318,0.0,112.19563824652106,-7.931237541508082,-16.207515429333192,-3.8781013731388074,-4.005185996964315,0.5883034522867062,0.5883034522867062,0.0,0.0,0.9175694320270602,0.4050369689258294,1.0,38.443460145883165,14.176293912404029,58.45239403195106,190.42530933500709,5.585129138109654,4.275094181140581,3.225870593538247,5.508594512939453,4.848916530609131,False,
chignolin,/home/raubenb/gitrepos/QTF/5AWL.pdb,chignolin_ff-amber_chi-selective_hb-0.75_sasa-0.7_vdwr-0.1_vdwa-0.1,YYDPETGTWY,amber,selective,0.75,0.7,0.1,0.1,196,190.4677340561694,10,"[29.999999999999996, 75.0, 59.99999999999999, 59.99999999999999, 75.0, 45.0, -59.99999999999999, 59.99999999999999, 45.0, 14.999999999999998, -59.99999999999999, -75.0, 105.00000000000001, 59.99999999999999, 29.999999999999996, 45.0, 59.99999999999999, 59.99999999999999, 59.99999999999999, 180.0, -59.99999999999999, 175.0, -59.99999999999999, -59.99999999999999, 180.0, -150.0, 135.0, -59.99999999999999, 59.99999999999999, -75.0, 175.0, 180.0, 59.99999999999999]",23.05697815580229,135.33765672061136,-44.31532208268039,-59.087096110240516,17.80853286619754,0.0,89.76327632633115,-8.308883457301977,-15.807538799549235,-3.8781013731388074,-3.777167752873868,0.5883034527713573,0.5883034527713573,0.0,0.0,0.9218830264238895,0.44967971098909215,1.0,38.59166196114872,15.738789884618225,58.204081704119325,190.4677340561694,3.35258396411863,4.307712102893876,3.0537339235134193,5.508594512939453,4.848916530609131,False,
chignolin,/home/raubenb/gitrepos/QTF/5AWL.pdb,chignolin_ff-amber_chi-selective_hb-0.75_sasa-0.7_vdwr-0.1_vdwa-0.1,YYDPETGTWY,amber,selective,0.75,0.7,0.1,0.1,197,190.78374703773997,10,"[29.999999999999996, 75.0, 59.99999999999999, 59.99999999999999, 75.0, 45.0, -59.99999999999999, 59.99999999999999, 45.0, 14.999999999999998, -59.99999999999999, -75.0, 105.00000000000001, 59.99999999999999, 29.999999999999996, 45.0, 59.99999999999999, 59.99999999999999, 59.99999999999999, 180.0, -59.99999999999999, 175.0, -45.0, -59.99999999999999, 180.0, -59.99999999999999, 105.00000000000001, 180.0, 180.0, -119.99999999999999, 150.0, 180.0, 59.99999999999999]",0.7019603249363537,158.44543183210578,-44.31532208268039,-59.087096110240516,16.822860803592963,0.0,89.16683232393115,-7.823786542391482,-16.207515429333206,-3.8781013731388074,-2.716916272053769,0.5883034527713573,0.5883034527713573,0.0,0.0,0.9085452052917139,0.4488123507767151,1.0,37.33538807402172,15.708432277185029,55.10585401222794,190.78374703773997,5.874689291263135,4.319446797594589,3.676353862023544,5.508594512939453,4.848916530609131,False,
chignolin,/home/raubenb/gitrepos/QTF/5AWL.pdb,chignolin_ff-amber_chi-selective_hb-0.75_sasa-0.7_vdwr-0.1_vdwa-0.1,YYDPETGTWY,amber,selective,0.75,0.7,0.1,0.1,198,190.93292798920518,10,"[-119.99999999999999, 105.00000000000001, 59.99999999999999, 59.99999999999999, 75.0, 45.0, -59.99999999999999, 59.99999999999999, 90.0, 45.0, 180.0, 29.999999999999996, 45.0, 59.99999999999999, -59.99999999999999, -59.99999999999999, -59.99999999999999, -119.99999999999999, 59.99999999999999, 180.0, 59.99999999999999, 75.0, -29.999999999999996, 119.99999999999999, -59.99999999999999, -90.0, -14.999999999999998, 59.99999999999999, 180.0, 75.0, 45.0, 59.99999999999999, -59.99999999999999]",0.07229582738622525,163.94408244598023,-33.48691091939794,-44.64921455919726,17.117934511234594,0.0,66.71632487814102,-9.590821111494863,-15.407562169765256,0.0,0.9792810761585548,0.5883034509626316,0.5883034509626316,0.0,0.0,0.9053713809835613,0.37690381350215973,1.0,36.55760956219957,13.19163347257559,58.4265718863926,190.93292798920518,5.379753729882191,4.526242111659975,3.139007034893799,5.508594512939453,4.848916530609131,False,
chignolin,/home/raubenb/gitrepos/QTF/5AWL.pdb,chignolin_ff-amber_chi-selective_hb-0.75_sasa-0.7_vdwr-0.1_vdwa-0.1,YYDPETGTWY,amber,selective,0.75,0.7,0.1,0.1,199,190.93863985837677,10,"[29.999999999999996, 75.0, 59.99999999999999, 59.99999999999999, 75.0, 45.0, -59.99999999999999, 59.99999999999999, 45.0, 14.999999999999998, -59.99999999999999, -75.0, 105.00000000000001, 59.99999999999999, 29.999999999999996, 45.0, 59.99999999999999, 29.999999999999996, 59.99999999999999, -59.99999999999999, -59.99999999999999, 175.0, -59.99999999999999, -59.99999999999999, 180.0, -59.99999999999999, 150.0, 180.0, 180.0, -29.999999999999996, 150.0, 59.99999999999999, 180.0]",13.077853055068395,170.1483156935634,-57.861919106739194,-77.14922547565226,14.813579852289168,0.0,78.16750603144756,-6.7360797711160805,-15.807538799549226,-3.8781013731388074,-1.5732791762198373,0.5883034527713573,0.5883034527713573,0.0,0.0,0.9017902939719692,0.39058754282997316,1.0,37.06382859216517,13.67056399904906,57.981810435318664,190.93863985837677,3.8827274159827976,4.6367521350019825,3.288358451353916,5.508594512939453,4.848916530609131,False,
chignolin,/home/raubenb/gitrepos/QTF/5AWL.pdb,chignolin_ff-amber_chi-selective_hb-0.75_sasa-0.7_vdwr-0.1_vdwa-0.1,YYDPETGTWY,amber,selective,0.75,0.7,0.1,0.1,200,191.21238827566162,10,"[29.999999999999996, 75.0, 59.99999999999999, 59.99999999999999, 75.0, 45.0, -59.99999999999999, 59.99999999999999, 45.0, 14.999999999999998, -59.99999999999999, -75.0, 105.00000000000001, 59.99999999999999, 29.999999999999996, 45.0, 59.99999999999999, 29.999999999999996, 59.99999999999999, -59.99999999999999, -75.0, 119.99999999999999, -45.0, -59.99999999999999, 180.0, -59.99999999999999, 150.0, 180.0, 180.0, -45.0, -29.999999999999996, 180.0, 59.99999999999999]",5.6519252949355225,148.4407158494491,-44.31532208268039,-59.087096110240516,16.613321784763205,0.0,95.03984387383929,-6.571455247002257,-16.207515429333192,-3.8781013731388074,-4.149327847942212,0.5883034527713573,0.5883034527713573,0.0,0.0,0.9143199331316312,0.4052533868761712,1.0,37.65070502982531,14.183868540665992,57.39191577629636,191.21238827566162,4.436804317640866,4.7989270868030784,3.003280511527422,5.508594512939453,4.848916530609131,False,
