energy_rank,energy,depth,angles_deg_json,term_constraint,term_sasa,term_hbond,term_hbond_raw,term_electrostatics,term_disulfide,term_vdw_repulsion,term_vdw_attractive,term_rotamer,term_pi_stacking,term_rama,term_geometry,term_geom_pro_ring,term_geom_chirality,term_geom_planarity,term_burial_mean,term_burial_min,term_burial_max,term_neighbor_mean,term_neighbor_min,term_neighbor_max,term_total,pred_e2e_A,pred_rg_A,rmsd_to_reference_A,ref_e2e_A,ref_rg_A,native_like
1,68.84008104460108,10,"[-90.0, -45.0, -59.99999999999999, 180.0, 90.0, 45.0, -59.99999999999999, 180.0, 45.0, 59.99999999999999, 180.0, -135.0, 150.0, -59.99999999999999, 45.0, 45.0, 180.0, 59.99999999999999, 59.99999999999999, -59.99999999999999, -119.99999999999999, 135.0, -45.0, 160.0, 180.0, -75.0, 105.00000000000001, 180.0, -59.99999999999999, -150.0, 105.00000000000001, -59.99999999999999, 59.99999999999999]",1.2148180698782858,143.07011394872436,-115.2751399470925,-76.85009329806167,16.79297850359715,0.0,46.60770489155098,-2.9908544086644655,-15.807538799549228,0.0,-5.360304665468173,0.5883034516246725,0.5883034516246725,0.0,0.0,0.9174198476486439,0.3908252128689067,1.0,37.43083664910173,13.678882450411734,54.991460071175304,68.84008104460108,5.992913393990929,4.545731957504525,2.7242962245550593,5.508595556037851,4.848916770784997,False
2,76.67684934102867,10,"[-90.0, -45.0, -59.99999999999999, 180.0, 90.0, 45.0, -59.99999999999999, 180.0, 45.0, 59.99999999999999, 180.0, -135.0, 150.0, -59.99999999999999, 45.0, 45.0, 180.0, 59.99999999999999, 59.99999999999999, -59.99999999999999, -135.0, 135.0, -75.0, 150.0, 59.99999999999999, -45.0, 145.0, 180.0, -59.99999999999999, -90.0, -75.0, 180.0, 59.99999999999999]",0.2035910567254501,123.904511460172,-115.2751399470925,-76.85009329806167,18.62434113156424,0.0,72.83374499754181,-2.6390902075437044,-13.207980012764175,0.0,-8.35543258919913,0.5883034516246725,0.5883034516246725,0.0,0.0,0.9284822444674331,0.41230152793032315,1.0,37.104354858851416,14.430553477561311,55.24771945022205,76.67684934102867,5.298212459886419,4.549401576568294,2.4701845892812377,5.508595556037851,4.848916770784997,False
3,76.72987053294713,10,"[-90.0, -45.0, -59.99999999999999, 180.0, 90.0, 45.0, -59.99999999999999, 180.0, 45.0, 59.99999999999999, 180.0, -135.0, 150.0, -59.99999999999999, 45.0, 45.0, 180.0, 59.99999999999999, 59.99999999999999, -59.99999999999999, -119.99999999999999, 135.0, -45.0, 160.0, 180.0, -75.0, 115.0, 180.0, -59.99999999999999, -150.0, 105.00000000000001, -59.99999999999999, 59.99999999999999]",2.0844060028094678,136.97965305691432,-115.2751399470925,-76.85009329806167,16.832053479412785,0.0,63.06158729789013,-2.875632632285893,-15.807538799549228,-2.9616264210181233,-5.896194955758493,0.5883034516246725,0.5883034516246725,0.0,0.0,0.9209352651908143,0.3919488311215039,1.0,38.12804892666593,13.718209089252637,55.64725097956161,76.72987053294713,6.1456633802236995,4.560853642489402,2.7491641293206386,5.508595556037851,4.848916770784997,False
4,77.84179454958614,10,"[-90.0, -45.0, -59.99999999999999, 180.0, 90.0, 45.0, -59.99999999999999, 180.0, 45.0, 59.99999999999999, 180.0, -135.0, 150.0, -59.99999999999999, 45.0, 45.0, 180.0, 59.99999999999999, 59.99999999999999, -59.99999999999999, -135.0, 135.0, -75.0, 150.0, 59.99999999999999, -59.99999999999999, 115.0, -59.99999999999999, -59.99999999999999, -150.0, 105.00000000000001, -59.99999999999999, 59.99999999999999]",0.08159864469908372,112.99107916440897,-115.2751399470925,-76.85009329806167,19.040307840624646,0.0,82.06879358608829,-2.7412658406234107,-12.408026753196237,0.0,-6.503855596947369,0.5883034516246725,0.5883034516246725,0.0,0.0,0.9347814838877869,0.39422966634529505,1.0,37.64572807041314,13.798038322085327,55.062805195645126,77.84179454958614,5.627748694474021,4.562913599264479,2.452900763273037,5.508595556037851,4.848916770784997,False
5,78.97282244727919,10,"[-90.0, -45.0, -59.99999999999999, 180.0, 90.0, 45.0, -59.99999999999999, 180.0, 45.0, 59.99999999999999, 180.0, -135.0, 150.0, -59.99999999999999, 45.0, 45.0, 180.0, 59.99999999999999, 59.99999999999999, -59.99999999999999, -135.0, 119.99999999999999, -45.0, 160.0, 180.0, -75.0, 115.0, 180.0, -59.99999999999999, -150.0, 105.00000000000001, -59.99999999999999, 59.99999999999999]",0.022885379022547996,103.22278760866594,-115.2751399470925,-76.85009329806167,19.64313529332275,0.0,95.24764747105715,-3.0059629535985337,-15.807538799549228,0.0,-5.663295056173624,0.5883034516246725,0.5883034516246725,0.0,0.0,0.9404197474120254,0.396323923337062,1.0,38.55748869026482,13.87133731679717,56.70874960832833,78.97282244727919,5.567654089340627,4.5047032375299425,2.570248788819294,5.508595556037851,4.848916770784997,False
6,81.59707639695748,10,"[-90.0, -45.0, -59.99999999999999, 180.0, 90.0, 45.0, -59.99999999999999, 180.0, 45.0, 59.99999999999999, 180.0, -135.0, 150.0, -59.99999999999999, 45.0, 45.0, 180.0, 59.99999999999999, 59.99999999999999, -59.99999999999999, -135.0, 135.0, -90.0, 160.0, 180.0, -59.99999999999999, 115.0, -59.99999999999999, -59.99999999999999, -150.0, 105.00000000000001, -59.99999999999999, 59.99999999999999]",2.3022097890522684,149.4211512993604,-115.2751399470925,-76.85009329806167,17.657070577290586,0.0,51.81598793807921,-2.5248934847206543,-15.40756216976526,0.0,-6.98005105687122,0.5883034516246725,0.5883034516246725,0.0,0.0,0.9137540252240345,0.3871190422018553,1.0,35.78402884426116,13.549166477064935,52.47445920838783,81.59707639695748,6.1785587357115475,4.674075327367813,2.37814896173899,5.508595556037851,4.848916770784997,False
7,82.98047077083186,10,"[-90.0, -45.0, -59.99999999999999, 180.0, 90.0, 45.0, -59.99999999999999, 180.0, 45.0, 59.99999999999999, 180.0, -135.0, 150.0, -59.99999999999999, 45.0, 45.0, 180.0, 59.99999999999999, 59.99999999999999, -59.99999999999999, -135.0, 135.0, -45.0, 160.0, 180.0, -75.0, 105.00000000000001, 180.0, -59.99999999999999, -150.0, 105.00000000000001, -59.99999999999999, 59.99999999999999]",1.2214335341329488,90.44749690616526,-115.2751399470925,-76.85009329806167,20.052192224974828,0.0,111.18896285990208,-3.887191114110207,-15.807538799549228,0.0,-5.548048345215974,0.5883034516246725,0.5883034516246725,0.0,0.0,0.947793652579414,0.4095015853299711,1.0,40.29512897333014,14.332555486548989,59.519259828687645,82.98047077083186,5.005746313289835,4.410689234614565,2.6767563574151403,5.508595556037851,4.848916770784997,False
8,84.99480966228214,10,"[-90.0, -45.0, -59.99999999999999, 180.0, 90.0, 45.0, -59.99999999999999, 180.0, 45.0, 59.99999999999999, 180.0, -135.0, 150.0, -59.99999999999999, 45.0, 45.0, 180.0, 59.99999999999999, 59.99999999999999, -59.99999999999999, -135.0, 119.99999999999999, -45.0, 160.0, 180.0, -75.0, 105.00000000000001, 180.0, -59.99999999999999, -150.0, 105.00000000000001, -59.99999999999999, 59.99999999999999]",0.002656862174502833,110.34733428689904,-115.2751399470925,-76.85009329806167,19.629431499092085,0.0,93.65896109857732,-3.021794023560457,-15.807538799549228,0.0,-5.127404765883305,0.5883034516246725,0.5883034516246725,0.0,0.0,0.9363074549570569,0.3959109959110213,1.0,38.02068237119806,13.856884856885745,56.276849845182944,84.99480966228214,5.476948483023875,4.491244118535086,2.552305694713192,5.508595556037851,4.848916770784997,False
9,94.4531223581919,10,"[-90.0, -45.0, -59.99999999999999, 180.0, 90.0, 45.0, -59.99999999999999, 180.0, 45.0, 59.99999999999999, 180.0, -135.0, 150.0, -59.99999999999999, 45.0, 45.0, 180.0, 59.99999999999999, 59.99999999999999, -59.99999999999999, -119.99999999999999, 135.0, -75.0, 150.0, 59.99999999999999, -59.99999999999999, 115.0, -59.99999999999999, -59.99999999999999, -150.0, 105.00000000000001, -59.99999999999999, 59.99999999999999]",3.1868133267532883,160.82823399580676,-115.2751399470925,-76.85009329806167,16.878110103094134,0.0,49.310356257730824,-2.3394161593294474,-12.408026753196237,0.0,-6.316111917199568,0.5883034516246725,0.5883034516246725,0.0,0.0,0.9071698505074708,0.38458640545750866,1.0,35.42788164054381,13.460524191012803,51.90671927572798,94.4531223581919,6.298349964207839,4.678075366496456,2.4857834512212946,5.508595556037851,4.848916770784997,False
10,95.0854575741386,10,"[-90.0, -45.0, -59.99999999999999, 180.0, 90.0, 45.0, -59.99999999999999, 180.0, 45.0, 59.99999999999999, 180.0, -135.0, 150.0, -59.99999999999999, 45.0, 45.0, 180.0, 59.99999999999999, 59.99999999999999, -59.99999999999999, -119.99999999999999, 135.0, -75.0, 150.0, 59.99999999999999, -45.0, 145.0, 180.0, -59.99999999999999, -90.0, -75.0, 180.0, 59.99999999999999]",1.456213444947021,170.83399489382447,-115.2751399470925,-76.85009329806167,16.61613591578029,0.0,44.44112494121766,-2.199506203947507,-13.207980012764175,0.0,-8.16768890945133,0.5883034516246725,0.5883034516246725,0.0,0.0,0.901394519541804,0.4056359042678108,1.0,34.78349373690606,14.19725664937338,51.969116119300196,95.0854575741386,6.039669055060047,4.66475094614043,2.512461782105863,5.508595556037851,4.848916770784997,False
11,98.40040071035342,10,"[-90.0, -45.0, -59.99999999999999, 180.0, 90.0, 45.0, -59.99999999999999, 180.0, 45.0, 59.99999999999999, 180.0, -135.0, 150.0, -59.99999999999999, 45.0, 45.0, 180.0, 59.99999999999999, 59.99999999999999, -59.99999999999999, -119.99999999999999, 135.0, -45.0, 160.0, 180.0, -90.0, 105.00000000000001, -59.99999999999999, -59.99999999999999, -150.0, 105.00000000000001, -59.99999999999999, 59.99999999999999]",8.789873530011079,159.94752979127435,-115.2751399470925,-76.85009329806167,17.07517857599811,0.0,50.31819700028071,-2.42244917709142,-15.40756216976526,0.0,-5.2135303448863155,0.5883034516246725,0.5883034516246725,0.0,0.0,0.9076781934826699,0.38739699272213635,1.0,35.201534542810734,13.558894745274772,52.83835884745994,98.40040071035342,6.825886385027848,4.6344759889892115,2.74661053010197,5.508595556037851,4.848916770784997,False
12,104.78093013472272,10,"[-90.0, -45.0, -59.99999999999999, 180.0, 90.0, 45.0, -59.99999999999999, 180.0, 45.0, 59.99999999999999, 180.0, -135.0, 150.0, -59.99999999999999, 45.0, 45.0, 180.0, 59.99999999999999, 59.99999999999999, -59.99999999999999, -135.0, 135.0, -45.0, 160.0, 180.0, -75.0, 115.0, 180.0, -59.99999999999999, -150.0, 105.00000000000001, -59.99999999999999, 59.99999999999999]",0.6428785635466914,85.57992745881522,-115.2751399470925,-76.85009329806167,20.08257912142979,0.0,138.78220016151042,-3.7283412400560443,-15.807538799549228,0.0,-6.083938635506294,0.5883034516246725,0.5883034516246725,0.0,0.0,0.9506032164739883,0.4112954292903377,1.0,40.96578425922765,14.395340025161818,60.11971196769058,104.78093013472272,5.14142544330455,4.424359901967266,2.699386706666084,5.508595556037851,4.848916770784997,False
13,105.05511801965001,10,"[-90.0, -45.0, -59.99999999999999, 180.0, 90.0, 45.0, -59.99999999999999, 180.0, 45.0, 59.99999999999999, 180.0, -135.0, 150.0, -59.99999999999999, 45.0, 45.0, 180.0, 59.99999999999999, 59.99999999999999, -59.99999999999999, -119.99999999999999, 135.0, -59.99999999999999, 115.0, 59.99999999999999, -45.0, 145.0, 180.0, -59.99999999999999, -90.0, -75.0, 180.0, 59.99999999999999]",8.105253288583068,111.84716358292015,-115.2751399470925,-76.85009329806167,19.046776846113666,0.0,103.88958001141411,-2.6460990427158424,-13.207980012764175,0.0,-7.292740158433139,0.5883034516246725,0.5883034516246725,0.0,0.0,0.935441752621691,0.4218144387863913,1.0,37.27510191468517,14.763505357523695,55.58901559835151,105.05511801965001,6.77320487656803,4.5745661384888985,2.756141438762126,5.508595556037851,4.848916770784997,False
14,105.99189081145448,10,"[-90.0, -45.0, -59.99999999999999, 180.0, 90.0, 45.0, -59.99999999999999, 180.0, 45.0, 59.99999999999999, 180.0, -135.0, 150.0, -59.99999999999999, 45.0, 45.0, 180.0, 59.99999999999999, 59.99999999999999, -59.99999999999999, -119.99999999999999, 135.0, -45.0, 160.0, 180.0, -75.0, 115.0, 180.0, -59.99999999999999, -105.00000000000001, 105.00000000000001, 59.99999999999999, -59.99999999999999]",2.0844060028094678,184.71124923890727,-115.2751399470925,-76.85009329806167,16.79683295053141,0.0,40.36917823818386,-2.566970453237637,-15.80753879954923,0.0,-4.908429870722795,0.5883034516246725,0.5883034516246725,0.0,0.0,0.893384560323863,0.3905620039255261,1.0,35.93061225054913,13.669670137393414,54.10237884391304,105.99189081145448,6.1456633802236995,4.560853642489402,2.7491641293206386,5.508595556037851,4.848916770784997,False
15,109.68374132395891,10,"[-90.0, -45.0, -59.99999999999999, 180.0, 90.0, 45.0, -59.99999999999999, 180.0, 45.0, 59.99999999999999, 180.0, -135.0, 150.0, -59.99999999999999, 45.0, 45.0, 180.0, 59.99999999999999, 59.99999999999999, -59.99999999999999, -135.0, 135.0, -45.0, 160.0, 180.0, -90.0, 105.00000000000001, -59.99999999999999, -59.99999999999999, -150.0, 105.00000000000001, -59.99999999999999, 59.99999999999999]",0.6682190025161685,109.88081926568884,-115.2751399470925,-76.85009329806167,21.0764805678829,0.0,116.7445036752708,-3.1906084975326037,-15.40756216976526,0.0,-5.401274024634116,0.5883034516246725,0.5883034516246725,0.0,0.0,0.9365767276965721,0.4050994037864371,1.0,38.27468952676181,14.178479132525299,57.41908901534563,109.68374132395891,5.865573249162509,4.494470636971433,2.6997317600560278,5.508595556037851,4.848916770784997,False
16,113.52885544775864,10,"[-90.0, -45.0, -59.99999999999999, 180.0, 90.0, 45.0, -59.99999999999999, 180.0, 45.0, 59.99999999999999, 180.0, -135.0, 150.0, -59.99999999999999, 45.0, 45.0, 180.0, 59.99999999999999, 59.99999999999999, -59.99999999999999, -135.0, 119.99999999999999, -45.0, 160.0, 180.0, -59.99999999999999, 115.0, -59.99999999999999, -59.99999999999999, -105.00000000000001, 105.00000000000001, 59.99999999999999, -59.99999999999999]",3.0255254008765813,136.34796640345735,-115.2751399470925,-76.85009329806167,18.937086111750723,0.0,93.21569018737702,-3.1159163769697855,-15.407562169765262,0.0,-4.787097613500151,0.5883034516246725,0.5883034516246725,0.0,0.0,0.9212998750917994,0.3973439719798616,1.0,38.65593652369582,13.907039019295157,57.558103677018856,113.52885544775864,4.722114995532555,4.422921538324989,2.5585925715608027,5.508595556037851,4.848916770784997,False
17,114.54090442200628,10,"[-90.0, -45.0, -59.99999999999999, 180.0, 90.0, 45.0, -59.99999999999999, 180.0, 45.0, 59.99999999999999, 180.0, -135.0, 150.0, -59.99999999999999, -75.0, 75.0, 180.0, 59.99999999999999, 59.99999999999999, -59.99999999999999, -135.0, 135.0, -45.0, 160.0, 180.0, -75.0, 115.0, 180.0, -59.99999999999999, -150.0, 105.00000000000001, -59.99999999999999, 59.99999999999999]",38.235203258091374,53.3581133810876,-40.465631421094756,-26.97708761406317,15.411593383658207,0.0,69.16445382123014,-2.5952547622547915,-15.807538799549228,0.0,-3.348337890786926,0.5883034516246725,0.5883034516246725,0.0,0.0,0.9692016661581023,0.7076889950508249,1.0,39.19866377615099,24.76911482677887,58.25780678751829,114.54090442200628,8.265328308107064,4.800984981977588,2.6768707919533847,5.508595556037851,4.848916770784997,False
18,116.39484085492846,10,"[-90.0, -45.0, -59.99999999999999, 180.0, 90.0, 45.0, -59.99999999999999, 180.0, 45.0, 59.99999999999999, 180.0, -135.0, 150.0, -59.99999999999999, 45.0, 45.0, 180.0, 59.99999999999999, 59.99999999999999, -59.99999999999999, -135.0, 135.0, -90.0, 160.0, 180.0, -45.0, 145.0, 180.0, -59.99999999999999, -105.00000000000001, 105.00000000000001, 59.99999999999999, -59.99999999999999]",0.6003446414641908,183.90794898870737,-115.2751399470925,-76.85009329806167,17.308275321558042,0.0,53.832365304801925,-2.251635365948307,-15.80753879954923,0.0,-6.508082740637711,0.5883034516246725,0.5883034516246725,0.0,0.0,0.8938482256919438,0.3858351306598195,1.0,35.011160712247914,13.504229573093683,52.35625990219133,116.39484085492846,5.846509636652198,4.668405133036536,2.376701971869677,5.508595556037851,4.848916770784997,False
19,116.95589750520601,10,"[-90.0, -45.0, -59.99999999999999, 180.0, 90.0, 45.0, -59.99999999999999, 180.0, 45.0, 59.99999999999999, 180.0, -135.0, 150.0, -59.99999999999999, 45.0, 45.0, 180.0, 59.99999999999999, 59.99999999999999, -59.99999999999999, -135.0, 135.0, -75.0, 150.0, 59.99999999999999, -59.99999999999999, 115.0, -59.99999999999999, -59.99999999999999, -90.0, -75.0, 180.0, 59.99999999999999]",0.08159864469908372,121.56260870972015,-115.2751399470925,-76.85009329806167,19.01338144738965,0.0,114.1708626657672,-2.5380782635251107,-12.808003382980205,0.0,-7.839635820396942,0.5883034516246725,0.5883034516246725,0.0,0.0,0.9298339920867416,0.3967259583034944,1.0,37.33036204646561,13.885408540622304,55.74386209201607,116.95589750520601,5.627748694474021,4.562913599264479,2.452900763273037,5.508595556037851,4.848916770784997,False
20,117.00371351728955,10,"[-90.0, -45.0, -59.99999999999999, 180.0, 90.0, 45.0, -59.99999999999999, 180.0, 45.0, 59.99999999999999, 180.0, -135.0, 150.0, -59.99999999999999, 45.0, 45.0, 180.0, 59.99999999999999, 59.99999999999999, -59.99999999999999, -119.99999999999999, 135.0, -45.0, 160.0, 180.0, -75.0, 115.0, 180.0, -59.99999999999999, -59.99999999999999, -14.999999999999998, -59.99999999999999, -59.99999999999999]",2.0844060028094678,149.11731078868166,-115.2751399470925,-76.85009329806167,16.76042063150915,0.0,89.70380466049349,-2.6136278115340827,-15.80753879954923,0.0,-7.5542254596530345,0.5883034516246725,0.5883034516246725,0.0,0.0,0.9139294021421751,0.39877606267560717,1.0,37.33310180127115,13.957162193646251,55.664198998036944,117.00371351728955,6.1456633802236995,4.560853642489402,2.7491641293206386,5.508595556037851,4.848916770784997,False
21,117.34554203874767,10,"[-90.0, -45.0, -59.99999999999999, 180.0, 90.0, 45.0, -59.99999999999999, 180.0, 45.0, 59.99999999999999, 180.0, -135.0, 150.0, -59.99999999999999, 45.0, 45.0, 180.0, 59.99999999999999, 59.99999999999999, -59.99999999999999, -135.0, 135.0, -90.0, 160.0, 180.0, -59.99999999999999, 115.0, -59.99999999999999, -59.99999999999999, -90.0, -75.0, 180.0, 59.99999999999999]",2.3022097890522684,175.04426686162748,-115.2751399470925,-76.85009329806167,17.606505913061937,0.0,63.51464455116853,-2.311878500824678,-15.807538799549228,0.0,-8.315831280320793,0.5883034516246725,0.5883034516246725,0.0,0.0,0.8989643481318167,0.3879069184033428,1.0,34.7179983750005,13.576742144116997,52.56743557071849,117.34554203874767,6.1785587357115475,4.674075327367813,2.37814896173899,5.508595556037851,4.848916770784997,False
22,117.63280853215626,10,"[-90.0, -45.0, -59.99999999999999, 180.0, 90.0, 45.0, -59.99999999999999, 180.0, 45.0, 59.99999999999999, 180.0, -135.0, 150.0, -59.99999999999999, -75.0, 75.0, 180.0, 59.99999999999999, 59.99999999999999, -59.99999999999999, -135.0, 135.0, -45.0, 160.0, 180.0, -59.99999999999999, 115.0, -59.99999999999999, -59.99999999999999, -150.0, 105.00000000000001, -59.99999999999999, 59.99999999999999]",28.04743101288022,32.88162841706369,-40.465631421094756,-26.97708761406317,15.376805438212,0.0,104.25960892012705,-2.5645869399133066,-15.40756216976526,-1.6232826438289047,-3.4599055331491524,0.5883034516246725,0.5883034516246725,0.0,0.0,0.981020705098376,0.8376709081307089,1.0,40.7463799610366,29.31848178457481,60.94228954593212,117.63280853215626,7.868435391260662,4.71737544964809,2.6698855842594362,5.508595556037851,4.848916770784997,False
23,118.33316499452616,10,"[-90.0, -45.0, -59.99999999999999, 180.0, 90.0, 45.0, -59.99999999999999, 180.0, 45.0, 59.99999999999999, 180.0, -135.0, 150.0, -59.99999999999999, 45.0, 45.0, 180.0, 59.99999999999999, 59.99999999999999, -59.99999999999999, -135.0, 119.99999999999999, -75.0, 150.0, 59.99999999999999, -59.99999999999999, 115.0, -59.99999999999999, -59.99999999999999, -150.0, 105.00000000000001, -59.99999999999999, 59.99999999999999]",5.61695359989263,157.6610055149614,-115.2751399470925,-76.85009329806167,18.172208816070903,0.0,72.41206418148893,-2.3509918516089545,-12.408026753196237,0.0,-6.083212017614699,0.5883034516246725,0.5883034516246725,0.0,0.0,0.9089979766147408,0.3895060392214783,1.0,35.48954351544286,13.632711372751741,52.683122649459776,118.33316499452616,6.5599012784115915,4.663625190423311,2.4217572119106756,5.508595556037851,4.848916770784997,False
24,118.9786352864786,10,"[-90.0, -45.0, -59.99999999999999, 180.0, 90.0, 45.0, -59.99999999999999, 180.0, 45.0, 59.99999999999999, 180.0, -135.0, 150.0, -59.99999999999999, 45.0, 45.0, 180.0, 59.99999999999999, 59.99999999999999, -59.99999999999999, -119.99999999999999, 135.0, -45.0, 160.0, 180.0, -75.0, 105.00000000000001, 180.0, -59.99999999999999, -105.00000000000001, 105.00000000000001, 59.99999999999999, -59.99999999999999]",1.2148180698782858,198.7646863657171,-115.2751399470925,-76.85009329806167,16.779408274654795,0.0,39.67632005669699,-2.5896826050190254,-15.80753879954923,0.0,-4.372539580432475,0.5883034516246725,0.5883034516246725,0.0,0.0,0.8852729083026165,0.38999277516336556,1.0,35.41760110595078,13.649747130717794,53.802861604051536,118.9786352864786,5.992913393990929,4.545731957504525,2.7242962245550593,5.508595556037851,4.848916770784997,False
25,119.15324929880221,10,"[-90.0, -45.0, -59.99999999999999, 180.0, 90.0, 45.0, -59.99999999999999, 180.0, 45.0, 59.99999999999999, 180.0, -165.0, 105.00000000000001, 59.99999999999999, -59.99999999999999, 145.0, 59.99999999999999, 29.999999999999996, 14.999999999999998, 59.99999999999999, -119.99999999999999, 135.0, 59.99999999999999, 45.0, 180.0, -59.99999999999999, 115.0, -59.99999999999999, -59.99999999999999, -150.0, 105.00000000000001, -59.99999999999999, 59.99999999999999]",0.32474904951281414,66.79369746421139,-40.465631421094756,-26.97708761406317,16.52469459853257,0.0,97.18705558221266,-2.8303479030783816,-12.408026753196252,-3.1189757198413366,-3.4422690489345094,0.5883034504779852,0.5883034504779852,0.0,0.0,0.9614466392702964,0.5901543604445617,1.0,39.55290730505793,20.65540261555966,54.28132866509145,119.15324929880221,5.245147474207998,4.598259897929998,3.465698097784928,5.508595556037851,4.848916770784997,False
26,119.5146579150876,10,"[-90.0, -45.0, -59.99999999999999, 180.0, 90.0, 45.0, -59.99999999999999, 180.0, 45.0, 59.99999999999999, 180.0, -135.0, 150.0, -59.99999999999999, 45.0, 45.0, 180.0, 59.99999999999999, 59.99999999999999, -59.99999999999999, -135.0, 135.0, -75.0, 150.0, 59.99999999999999, -75.0, 75.0, -59.99999999999999, 59.99999999999999, -90.0, -75.0, 180.0, 59.99999999999999]",4.855327147616923,168.03594954842802,-115.2751399470925,-76.85009329806167,17.747370759444852,0.0,64.57951880927156,-2.544557067292076,-12.808003382980203,0.0,-5.664111403933631,0.5883034516246725,0.5883034516246725,0.0,0.0,0.9030095529302001,0.3934029912170803,1.0,36.57185558683775,13.76910469259781,54.573052666426904,119.5146579150876,6.48542652162573,4.602323891726824,2.4848408981414205,5.508595556037851,4.848916770784997,False
27,119.80964492470142,10,"[-90.0, -45.0, -59.99999999999999, 180.0, 90.0, 45.0, -59.99999999999999, 180.0, 45.0, 59.99999999999999, 180.0, -135.0, 150.0, -59.99999999999999, 45.0, 45.0, 180.0, 59.99999999999999, 59.99999999999999, -59.99999999999999, -119.99999999999999, 135.0, -45.0, 160.0, 180.0, -90.0, 105.00000000000001, -59.99999999999999, -59.99999999999999, -90.0, -75.0, 180.0, 59.99999999999999]",8.789873530011079,122.12532198228232,-115.2751399470925,-76.85009329806167,17.162380892034687,0.0,111.19565816227222,-2.419903778545935,-15.807538799549228,0.0,-6.549310568335889,0.5883034516246725,0.5883034516246725,0.0,0.0,0.9295091936610204,0.3962325004057127,1.0,37.03722184663113,13.868137514199944,54.96161086405377,119.80964492470142,6.825886385027848,4.6344759889892115,2.74661053010197,5.508595556037851,4.848916770784997,False
28,121.44000453438997,10,"[-90.0, -45.0, -59.99999999999999, 180.0, 90.0, 45.0, -59.99999999999999, 180.0, 45.0, 59.99999999999999, 180.0, -135.0, 150.0, -59.99999999999999, 45.0, 45.0, 180.0, 59.99999999999999, 59.99999999999999, -59.99999999999999, -135.0, 119.99999999999999, -45.0, 160.0, 180.0, -59.99999999999999, 115.0, -59.99999999999999, -59.99999999999999, -150.0, 105.00000000000001, -59.99999999999999, 59.99999999999999]",3.0255254008765813,101.87560912168891,-115.2751399470925,-76.85009329806167,19.05034610740407,0.0,136.6474092446586,-3.2896239764692536,-15.40756216976526,0.0,-5.774862698535849,0.5883034516246725,0.5883034516246725,0.0,0.0,0.9411973396123008,0.3982176715728181,1.0,40.8467639812473,13.937618505048635,59.177230358560394,121.44000453438997,4.722114995532555,4.422921538324989,2.5585925715608027,5.508595556037851,4.848916770784997,False
29,122.02962005353079,10,"[-90.0, -45.0, -59.99999999999999, 180.0, 90.0, 45.0, -59.99999999999999, 180.0, 45.0, 59.99999999999999, 180.0, -165.0, 105.00000000000001, 59.99999999999999, -59.99999999999999, 145.0, 59.99999999999999, 29.999999999999996, 14.999999999999998, 59.99999999999999, -119.99999999999999, 135.0, 59.99999999999999, 45.0, 180.0, -45.0, 145.0, 180.0, -59.99999999999999, -105.00000000000001, 105.00000000000001, 59.99999999999999, -59.99999999999999]",1.787766774154569,91.40468872423833,-40.465631421094756,-26.97708761406317,16.318607160691702,0.0,72.45647669663211,-2.6938377560746325,-12.808003382980221,-1.5884494598132863,-2.970300732701,0.5883034504779852,0.5883034504779852,0.0,0.0,0.9472411609095305,0.5342372452562606,1.0,38.35111023743884,18.69830358396912,55.037049365944696,122.02962005353079,4.9020423469584875,4.582461720077931,3.5323052215697657,5.508595556037851,4.848916770784997,False
30,122.72774504708022,10,"[-90.0, -45.0, -59.99999999999999, 180.0, 90.0, 45.0, -59.99999999999999, 180.0, 45.0, 59.99999999999999, 180.0, -135.0, 150.0, -59.99999999999999, 45.0, 45.0, 180.0, 59.99999999999999, 59.99999999999999, -59.99999999999999, -135.0, 135.0, -75.0, 150.0, 59.99999999999999, -45.0, 145.0, 180.0, -59.99999999999999, -105.00000000000001, 105.00000000000001, 59.99999999999999, -59.99999999999999]",0.2035910567254501,138.96559836721045,-115.2751399470925,-76.85009329806167,18.537232031608223,0.0,101.2406560063635,-2.6926052556654905,-12.808003382980209,0.0,-6.03188728071386,0.5883034516246725,0.5883034516246725,0.0,0.0,0.9197889764114227,0.392991768526776,1.0,37.47155713989614,13.75471189843716,55.49655040637467,122.72774504708022,5.298212459886419,4.549401576568294,2.4701845892812377,5.508595556037851,4.848916770784997,False
31,122.96791677263815,10,"[-90.0, -45.0, -59.99999999999999, 180.0, 90.0, 45.0, -59.99999999999999, 180.0, 45.0, 59.99999999999999, 180.0, -135.0, 150.0, -59.99999999999999, 45.0, 45.0, 180.0, 59.99999999999999, 59.99999999999999, -59.99999999999999, -135.0, 135.0, -90.0, 160.0, 180.0, -45.0, 145.0, 180.0, -59.99999999999999, -90.0, -75.0, 180.0, 59.99999999999999]",0.6003446414641908,202.74564832696143,-115.2751399470925,-76.85009329806167,17.359165029367297,0.0,44.07119330981047,-2.082454561041227,-16.207515429333196,0.0,-8.831628049122983,0.5883034516246725,0.5883034516246725,0.0,0.0,0.8829750947607725,0.3891115806040321,1.0,33.83597109435586,13.618905321141124,51.76600817769151,122.96791677263815,5.846509636652198,4.668405133036536,2.376701971869677,5.508595556037851,4.848916770784997,False
32,123.88548968369619,10,"[-90.0, -45.0, -59.99999999999999, 180.0, 90.0, 45.0, -59.99999999999999, 180.0, 45.0, 59.99999999999999, 180.0, -135.0, 150.0, -59.99999999999999, 45.0, 45.0, 180.0, 59.99999999999999, 59.99999999999999, -59.99999999999999, -135.0, 135.0, -45.0, 160.0, 180.0, -75.0, 115.0, 180.0, -59.99999999999999, -105.00000000000001, 105.00000000000001, 59.99999999999999, -59.99999999999999]",0.6428785635466914,132.01028937169923,-115.2751399470925,-76.85009329806167,19.977816393176166,0.0,110.218210578155,-3.37315637739326,-15.80753879954923,0.0,-5.096173550470596,0.5883034516246725,0.5883034516246725,0.0,0.0,0.92380358477824,0.4099554582870537,1.0,38.86593188558409,14.34844104004688,58.67456737240183,123.88548968369619,5.14142544330455,4.424359901967266,2.699386706666084,5.508595556037851,4.848916770784997,False
33,124.26305048754055,10,"[-90.0, -45.0, -59.99999999999999, 180.0, 90.0, 45.0, -59.99999999999999, 180.0, 45.0, 59.99999999999999, 180.0, -135.0, 150.0, -59.99999999999999, 45.0, 45.0, 180.0, 59.99999999999999, 59.99999999999999, -59.99999999999999, -135.0, 135.0, -119.99999999999999, 59.99999999999999, 59.99999999999999, 90.0, 29.999999999999996, 59.99999999999999, 59.99999999999999, -150.0, 105.00000000000001, -59.99999999999999, 59.99999999999999]",4.08936497475689,172.09392041613665,-115.2751399470925,-76.85009329806167,17.86359604365523,0.0,61.814646042545405,-2.5617748003656735,-12.408026753196236,0.0,-1.9418389405239103,0.5883034516246725,0.5883034516246725,0.0,0.0,0.9006672898030956,0.3832067422835075,1.0,36.17316996510039,13.412235979922762,55.07033882237974,124.26305048754055,4.595636690841906,4.35802634181897,2.2821160144177353,5.508595556037851,4.848916770784997,False
34,124.51672189795119,10,"[-90.0, -45.0, -59.99999999999999, 180.0, 90.0, 45.0, -59.99999999999999, 180.0, 45.0, 59.99999999999999, 180.0, -135.0, 150.0, -59.99999999999999, 45.0, 45.0, 180.0, 59.99999999999999, 59.99999999999999, -59.99999999999999, -135.0, 135.0, -45.0, 160.0, 180.0, -75.0, 105.00000000000001, 180.0, -59.99999999999999, -105.00000000000001, 105.00000000000001, 59.99999999999999, -59.99999999999999]",1.2214335341329488,142.22402424723322,-115.2751399470925,-76.85009329806167,19.96825165583334,0.0,99.57034286012937,-3.4126718441803927,-15.80753879954923,0.0,-4.560283260180276,0.5883034516246725,0.5883034516246725,0.0,0.0,0.9179082111127082,0.4089470446718285,1.0,38.35877368799072,14.313146563513998,58.4001998121939,124.51672189795119,5.005746313289835,4.410689234614565,2.6767563574151403,5.508595556037851,4.848916770784997,False
35,124.73911407297888,10,"[-90.0, -45.0, -59.99999999999999, 180.0, 90.0, 45.0, -59.99999999999999, 180.0, 45.0, 59.99999999999999, 180.0, -135.0, 150.0, -59.99999999999999, 45.0, 45.0, 180.0, 59.99999999999999, 59.99999999999999, -59.99999999999999, -119.99999999999999, 135.0, -75.0, 150.0, 59.99999999999999, -45.0, 145.0, 180.0, -59.99999999999999, -105.00000000000001, 105.00000000000001, 59.99999999999999, -59.99999999999999]",1.456213444947021,184.32846699595805,-115.2751399470925,-76.85009329806167,16.530995498029785,0.0,57.9940593855033,-2.23163777204517,-12.808003382980209,0.0,-5.84414360096606,0.5883034516246725,0.5883034516246725,0.0,0.0,0.8936055024554355,0.38578435435033515,1.0,35.44981691642935,13.50245240226173,52.5895878410433,124.73911407297888,6.039669055060047,4.66475094614043,2.512461782105863,5.508595556037851,4.848916770784997,False
36,124.82356360344697,10,"[-90.0, -45.0, -59.99999999999999, 180.0, 90.0, 45.0, -59.99999999999999, 180.0, 45.0, 59.99999999999999, 180.0, -135.0, 150.0, -59.99999999999999, -75.0, 75.0, 180.0, 59.99999999999999, 59.99999999999999, -59.99999999999999, -135.0, 135.0, -45.0, 160.0, 180.0, -75.0, 105.00000000000001, 180.0, -59.99999999999999, -90.0, -75.0, 180.0, 59.99999999999999]",38.31901561412994,31.25076668778911,-40.465631421094756,-26.97708761406317,15.449523406327128,0.0,102.58619611195974,-2.548866994009473,-16.207515429333196,0.0,-4.148227823946179,0.5883034516246725,0.5883034516246725,0.0,0.0,0.9819620394298475,0.8159435097337799,1.0,40.528061576544786,28.5580228406823,59.78822114573186,124.82356360344697,8.268357477427001,4.792008292724593,2.685942693125778,5.508595556037851,4.848916770784997,False
37,125.11729883664006,10,"[-90.0, -45.0, -59.99999999999999, 180.0, 90.0, 45.0, -59.99999999999999, 180.0, 45.0, 59.99999999999999, 180.0, -135.0, 150.0, -59.99999999999999, 45.0, 45.0, 180.0, 59.99999999999999, 59.99999999999999, -59.99999999999999, -119.99999999999999, 135.0, -45.0, 160.0, 180.0, -75.0, 105.00000000000001, 180.0, -59.99999999999999, -59.99999999999999, -14.999999999999998, -59.99999999999999, -59.99999999999999]",1.2148180698782858,156.53596712035588,-115.2751399470925,-76.85009329806167,16.789807623902725,0.0,90.79808190455562,-2.708665417672654,-15.80753879954923,0.0,-7.0183351693627145,0.5883034516246725,0.5883034516246725,0.0,0.0,0.9096473494254801,0.39442801749377204,1.0,37.18204853563178,13.804980612282021,56.34988865778354,125.11729883664006,5.992913393990929,4.545731957504525,2.7242962245550593,5.508595556037851,4.848916770784997,False
38,125.58622957360632,10,"[-90.0, -45.0, -59.99999999999999, 180.0, 90.0, 45.0, -59.99999999999999, 180.0, 45.0, 59.99999999999999, 180.0, -135.0, 150.0, -59.99999999999999, 45.0, 45.0, 180.0, 59.99999999999999, 59.99999999999999, -59.99999999999999, -119.99999999999999, 135.0, -45.0, 160.0, 180.0, -59.99999999999999, 115.0, -59.99999999999999, -59.99999999999999, -105.00000000000001, 105.00000000000001, 59.99999999999999, -59.99999999999999]",0.02082388774955465,154.9927719737206,-115.2751399470925,-76.85009329806167,16.87409380471994,0.0,91.9680992323395,-3.155163146605154,-15.407562169765262,0.0,-5.019997513085022,0.5883034516246725,0.5883034516246725,0.0,0.0,0.910538082554851,0.39877617736021337,1.0,38.550450134652145,13.957166207607468,59.919328947958874,125.58622957360632,5.435464912257665,4.476252607718327,2.7625670351793405,5.508595556037851,4.848916770784997,False
39,125.63539310274116,10,"[-90.0, -45.0, -59.99999999999999, 180.0, 90.0, 45.0, -59.99999999999999, 180.0, 45.0, 59.99999999999999, 180.0, -135.0, 150.0, -59.99999999999999, 45.0, 45.0, 180.0, 59.99999999999999, 59.99999999999999, -59.99999999999999, -119.99999999999999, 135.0, -75.0, 150.0, 59.99999999999999, -45.0, 145.0, 180.0, -59.99999999999999, -59.99999999999999, -14.999999999999998, -59.99999999999999, -59.99999999999999]",1.456213444947021,199.17275470608612,-115.2751399470925,-76.85009329806167,16.42160619792919,0.0,46.67538754995563,-2.1057897278324718,-12.808003382980209,0.0,-8.489939189896297,0.5883034516246725,0.5883034516246725,0.0,0.0,0.8850373710210182,0.3897394295452491,1.0,34.42972761043306,13.640880034083718,52.01053906353608,125.63539310274116,6.039669055060047,4.66475094614043,2.512461782105863,5.508595556037851,4.848916770784997,False
40,125.71808816913673,10,"[-90.0, -45.0, -59.99999999999999, 180.0, 90.0, 45.0, -59.99999999999999, 180.0, 45.0, 59.99999999999999, 180.0, -135.0, 150.0, -59.99999999999999, -75.0, 75.0, 180.0, 59.99999999999999, 59.99999999999999, -59.99999999999999, -135.0, 135.0, -45.0, 160.0, 180.0, -75.0, 105.00000000000001, 180.0, -59.99999999999999, -150.0, 105.00000000000001, -59.99999999999999, 59.99999999999999]",38.31901561412994,63.81196704091683,-40.465631421094756,-26.97708761406317,15.404119908356138,0.0,69.37284201127484,-2.692542036025058,-15.807538799549228,0.0,-2.812447600496607,0.5883034516246725,0.5883034516246725,0.0,0.0,0.9631676957916785,0.6761872763545607,1.0,38.68025527322216,23.666554672409625,57.74047587031864,125.71808816913673,8.268357477427001,4.792008292724593,2.685942693125778,5.508595556037851,4.848916770784997,False
41,126.13545014398585,10,"[-90.0, -45.0, -59.99999999999999, 180.0, 90.0, 45.0, -59.99999999999999, 180.0, 45.0, 59.99999999999999, 180.0, -135.0, 150.0, -59.99999999999999, 45.0, 45.0, 180.0, 59.99999999999999, 59.99999999999999, -59.99999999999999, -135.0, 135.0, -75.0, 150.0, 59.99999999999999, -45.0, 145.0, 180.0, -59.99999999999999, -59.99999999999999, -14.999999999999998, -59.99999999999999, -59.99999999999999]",0.2035910567254501,157.44366877360804,-115.2751399470925,-76.85009329806167,18.451433355345202,0.0,88.71452448249403,-2.5052447760947514,-12.808003382980209,0.0,-8.677682869644098,0.5883034516246725,0.5883034516246725,0.0,0.0,0.909123423507297,0.39626931610057026,1.0,36.47075914805907,13.86942606351996,55.06726530185184,126.13545014398585,5.298212459886419,4.549401576568294,2.4701845892812377,5.508595556037851,4.848916770784997,False
42,126.62943356438142,10,"[-90.0, -45.0, -59.99999999999999, 180.0, 90.0, 45.0, -59.99999999999999, 180.0, 45.0, 59.99999999999999, 180.0, -135.0, 150.0, -59.99999999999999, 45.0, 45.0, 180.0, 29.999999999999996, 14.999999999999998, 59.99999999999999, -90.0, 130.0, -45.0, 160.0, 180.0, -59.99999999999999, 115.0, -59.99999999999999, -59.99999999999999, -90.0, -75.0, 180.0, 59.99999999999999]",9.18190104488636,136.29629758531715,-115.2751399470925,-76.85009329806167,15.169030714498174,0.0,107.41856929259188,-3.130288449875141,-12.80800338298022,-5.047909321533608,-5.763327423055356,0.5883034516246725,0.5883034516246725,0.0,0.0,0.9213296983634532,0.3854120259023749,1.0,40.051972055605205,13.48942090658312,61.99704104215343,126.62943356438142,4.144868932915612,4.545795907794879,2.418075999955013,5.508595556037851,4.848916770784997,False
43,126.94138022743279,10,"[-90.0, -45.0, -59.99999999999999, 180.0, 90.0, 45.0, -59.99999999999999, 180.0, 45.0, 59.99999999999999, 180.0, -135.0, 150.0, -59.99999999999999, 45.0, 45.0, 180.0, 29.999999999999996, 14.999999999999998, 59.99999999999999, -75.0, 145.0, -45.0, 160.0, 180.0, -90.0, 105.00000000000001, -59.99999999999999, -59.99999999999999, -90.0, -75.0, 180.0, 59.99999999999999]",2.8666956417670315,162.23836971277478,-115.2751399470925,-76.85009329806167,15.083975937182986,0.0,86.71555296113294,-2.6061401668186592,-12.80800338298022,-5.527448368255893,-4.3347856119023565,0.5883034516246725,0.5883034516246725,0.0,0.0,0.9063559193577059,0.3827402310877191,1.0,37.8924418917792,13.395908088070168,60.21252943170558,126.94138022743279,4.742808393896627,4.6734287241236,2.515232915748184,5.508595556037851,4.848916770784997,False
44,127.21307523399999,10,"[-90.0, -45.0, -59.99999999999999, 180.0, 90.0, 45.0, -59.99999999999999, 180.0, 45.0, 59.99999999999999, 180.0, -135.0, 150.0, -59.99999999999999, 45.0, 45.0, 180.0, 59.99999999999999, 59.99999999999999, -59.99999999999999, -119.99999999999999, 135.0, -59.99999999999999, 115.0, 59.99999999999999, -45.0, 145.0, 180.0, -59.99999999999999, -150.0, 105.00000000000001, -59.99999999999999, 59.99999999999999]",8.105253288583068,109.18644696271839,-115.2751399470925,-76.85009329806167,19.06622107230283,0.0,126.91882101269894,-2.6118672888716414,-12.808003382980207,0.0,-5.956959934983566,0.5883034516246725,0.5883034516246725,0.0,0.0,0.9369775197906388,0.39400613696718584,1.0,38.01179517784324,13.790214793851504,56.20209334288084,127.21307523399999,6.77320487656803,4.5745661384888985,2.756141438762126,5.508595556037851,4.848916770784997,False
45,127.86024343550756,10,"[-90.0, -45.0, -59.99999999999999, 180.0, 90.0, 45.0, -59.99999999999999, 180.0, 45.0, 59.99999999999999, 180.0, -135.0, 150.0, -59.99999999999999, 45.0, 45.0, 180.0, 59.99999999999999, 59.99999999999999, -59.99999999999999, -135.0, 135.0, -45.0, 160.0, 180.0, -75.0, 105.00000000000001, 180.0, -59.99999999999999, 59.99999999999999, 29.999999999999996, -59.99999999999999, -59.99999999999999]",1.2214335341329488,151.0129759772299,-115.2751399470925,-76.85009329806167,19.764719207331172,0.0,95.26214081595795,-3.134717660253683,-15.80753879954923,0.0,-5.771933143873683,0.5883034516246725,0.5883034516246725,0.0,0.0,0.912835223101166,0.4252777247606316,1.0,37.481122889975076,14.884720366622105,57.16864308904091,127.86024343550756,5.005746313289835,4.410689234614565,2.6767563574151403,5.508595556037851,4.848916770784997,False
46,128.32750719502653,10,"[-90.0, -45.0, -59.99999999999999, 180.0, 90.0, 45.0, -59.99999999999999, 180.0, 45.0, 59.99999999999999, 180.0, -135.0, 150.0, -59.99999999999999, 45.0, 45.0, 180.0, 59.99999999999999, 59.99999999999999, -59.99999999999999, -119.99999999999999, 135.0, -45.0, 160.0, 180.0, -59.99999999999999, 115.0, -59.99999999999999, -59.99999999999999, -75.0, 175.0, -59.99999999999999, 180.0]",0.02082388774955465,197.34654310249874,-115.2751399470925,-76.85009329806167,17.430233324134825,0.0,52.8797912123062,-2.78319970652999,-15.407562169765262,0.0,-6.472285959899714,0.5883034516246725,0.5883034516246725,0.0,0.0,0.886091461412699,0.413910273272901,1.0,35.64009511442119,14.486859564551533,55.10334141232486,128.32750719502653,5.435464912257665,4.476252607718327,2.7625670351793405,5.508595556037851,4.848916770784997,False
47,128.35834793014925,10,"[-90.0, -45.0, -59.99999999999999, 180.0, 90.0, 45.0, -59.99999999999999, 180.0, 45.0, 59.99999999999999, 180.0, -135.0, 150.0, -59.99999999999999, 45.0, 45.0, 180.0, 59.99999999999999, 59.99999999999999, -59.99999999999999, -135.0, 119.99999999999999, -75.0, 150.0, 59.99999999999999, -45.0, 145.0, 180.0, -59.99999999999999, -150.0, 105.00000000000001, -59.99999999999999, 59.99999999999999]",2.2524937627240753,134.980811573219,-115.2751399470925,-76.85009329806167,17.93423500012976,0.0,109.65476924535199,-2.370112986410631,-12.808003382980207,0.0,-6.599008786416888,0.5883034516246725,0.5883034516246725,0.0,0.0,0.9220889976489357,0.38781493616068136,1.0,36.57070984942864,13.573522765623848,53.81844823709524,128.35834793014925,6.171192038499277,4.652666029781473,2.412203038354482,5.508595556037851,4.848916770784997,False
48,131.3768509244817,10,"[-90.0, -45.0, -59.99999999999999, 180.0, 90.0, 45.0, -59.99999999999999, 180.0, 45.0, 59.99999999999999, 180.0, -135.0, 150.0, -59.99999999999999, 45.0, 45.0, 180.0, 59.99999999999999, 59.99999999999999, -59.99999999999999, -135.0, 119.99999999999999, -75.0, 150.0, 59.99999999999999, -45.0, 145.0, 180.0, -59.99999999999999, -90.0, -75.0, 180.0, 59.99999999999999]",2.2524937627240753,192.09705011290754,-115.2751399470925,-76.85009329806167,17.829547627775028,0.0,57.213530353603836,-2.1861654144303575,-13.207980012764175,0.0,-7.934789009866461,0.5883034516246725,0.5883034516246725,0.0,0.0,0.8891214717963016,0.3898727850358824,1.0,34.17643642900983,13.645547476255885,52.30209692115998,131.3768509244817,6.171192038499277,4.652666029781473,2.412203038354482,5.508595556037851,4.848916770784997,False
49,131.53482786599432,10,"[-90.0, -45.0, -59.99999999999999, 180.0, 90.0, 45.0, -59.99999999999999, 180.0, 45.0, 59.99999999999999, 180.0, -135.0, 150.0, -59.99999999999999, 45.0, 45.0, 180.0, 59.99999999999999, 59.99999999999999, -59.99999999999999, -105.00000000000001, 175.0, -59.99999999999999, 90.0, 180.0, -45.0, 145.0, 180.0, -59.99999999999999, -150.0, 105.00000000000001, -59.99999999999999, 59.99999999999999]",61.70575290188599,109.58806373710843,-115.2751399470925,-76.85009329806167,16.622605785942863,0.0,80.3172841873754,-2.8376532048471637,-15.807538799549228,0.0,-3.366850246454173,0.5883034516246725,0.5883034516246725,0.0,0.0,0.9367457063566473,0.4029835338240623,1.0,37.28669719729731,14.104423683842182,55.58189165560296,131.53482786599432,9.012997378361845,4.582194166694072,3.38081631535604,5.508595556037851,4.848916770784997,False
50,131.58249659134813,10,"[-90.0, -45.0, -59.99999999999999, 180.0, 90.0, 45.0, -59.99999999999999, 180.0, 45.0, 59.99999999999999, 180.0, -135.0, 150.0, -59.99999999999999, 45.0, 45.0, 180.0, 59.99999999999999, 59.99999999999999, -59.99999999999999, -135.0, 135.0, -90.0, 160.0, 180.0, -75.0, 75.0, -59.99999999999999, 59.99999999999999, -90.0, -75.0, 180.0, 59.99999999999999]",11.201719905274105,203.2901898641482,-115.2751399470925,-76.85009329806167,17.001344048327777,0.0,38.94220771790092,-2.2182827854283405,-15.807538799549226,0.0,-6.140306863857482,0.5883034516246725,0.5883034516246725,0.0,0.0,0.8826607850711987,0.3852569619515573,1.0,34.694024672935,13.483993668304505,51.93053345568419,131.58249659134813,6.996777866303087,4.70191376291136,2.437990108132949,5.508595556037851,4.848916770784997,False
51,131.68489688649578,10,"[-90.0, -45.0, -59.99999999999999, 180.0, 90.0, 45.0, -59.99999999999999, 180.0, 45.0, 59.99999999999999, 180.0, -165.0, 105.00000000000001, 59.99999999999999, -59.99999999999999, 145.0, 59.99999999999999, 29.999999999999996, 14.999999999999998, 59.99999999999999, -135.0, 135.0, 59.99999999999999, 45.0, 180.0, -75.0, 105.00000000000001, 180.0, -59.99999999999999, -150.0, 105.00000000000001, -59.99999999999999, 59.99999999999999]",6.0297887730979935,34.07703674315474,-43.83807476960876,-29.225383179739172,17.34809804516165,0.0,136.81394366064038,-3.5436408374181947,-12.80800338298022,0.0,-2.9825547960297634,0.5883034504779852,0.5883034504779852,0.0,0.0,0.9803307147225658,0.6534891823798912,1.0,42.59196192979435,22.87212138329619,57.5471418345257,131.68489688649578,4.401838921369183,4.422593949552346,3.3696131215280545,5.508595556037851,4.848916770784997,False
52,132.17575542570714,10,"[-90.0, -45.0, -59.99999999999999, 180.0, 90.0, 45.0, -59.99999999999999, 180.0, 45.0, 59.99999999999999, 180.0, -135.0, 150.0, -59.99999999999999, 45.0, 45.0, 180.0, 59.99999999999999, 59.99999999999999, -59.99999999999999, -135.0, 119.99999999999999, -45.0, 160.0, 180.0, -90.0, 119.99999999999999, 180.0, 59.99999999999999, -150.0, 105.00000000000001, -59.99999999999999, 59.99999999999999]",4.625681384996908,153.77556373162335,-115.2751399470925,-76.85009329806167,16.051563856882908,0.0,97.18077313002226,-2.823815150986723,-15.807538799549226,0.0,-6.139636231814524,0.5883034516246725,0.5883034516246725,0.0,0.0,0.9112406558547628,0.40154331354889944,1.0,37.531561443715084,14.054015974211481,55.917128771499975,132.17575542570714,6.461840047512777,4.590464447499566,2.626302530513703,5.508595556037851,4.848916770784997,False
53,132.82183313127328,10,"[-90.0, -45.0, -59.99999999999999, 180.0, 90.0, 45.0, -59.99999999999999, 180.0, 45.0, 59.99999999999999, 180.0, -135.0, 150.0, -59.99999999999999, 45.0, 45.0, 180.0, 59.99999999999999, 59.99999999999999, -59.99999999999999, -119.99999999999999, 135.0, -75.0, 150.0, 59.99999999999999, -59.99999999999999, 115.0, -59.99999999999999, -59.99999999999999, -90.0, -75.0, 180.0, 59.99999999999999]",3.1868133267532883,157.55035733656354,-115.2751399470925,-76.85009329806167,16.874641409552183,0.0,92.53881700264212,-2.1820639251406675,-12.808003382980205,0.0,-7.651892140649141,0.5883034516246725,0.5883034516246725,0.0,0.0,0.9090618428071783,0.3889416901726485,1.0,35.26924321977726,13.612959156042697,52.78580599480723,132.82183313127328,6.298349964207839,4.678075366496456,2.4857834512212946,5.508595556037851,4.848916770784997,False
54,132.88702845194533,10,"[-90.0, -45.0, -59.99999999999999, 180.0, 90.0, 45.0, -59.99999999999999, 180.0, 45.0, 59.99999999999999, 180.0, -165.0, 105.00000000000001, 59.99999999999999, -59.99999999999999, 145.0, 59.99999999999999, 29.999999999999996, 14.999999999999998, 59.99999999999999, -119.99999999999999, 135.0, 59.99999999999999, 45.0, 180.0, -59.99999999999999, 115.0, -59.99999999999999, -59.99999999999999, -105.00000000000001, 105.00000000000001, 59.99999999999999, -59.99999999999999]",0.32474904951281414,114.37421065672228,-40.465631421094756,-26.97708761406317,16.378701459826555,0.0,62.122968009483266,-2.4547663160464386,-12.408026753196253,-3.1189757198413366,-2.4545039638988113,0.5883034504779852,0.5883034504779852,0.0,0.0,0.9339831395920796,0.5655970370451195,1.0,37.542611618645296,19.795896296579183,53.48831034245437,132.88702845194533,5.245147474207998,4.598259897929998,3.465698097784928,5.508595556037851,4.848916770784997,False
55,133.53650013041994,10,"[-90.0, -45.0, -59.99999999999999, 180.0, 90.0, 45.0, -59.99999999999999, 180.0, 45.0, 59.99999999999999, 180.0, -135.0, 150.0, -59.99999999999999, 45.0, 45.0, 180.0, 59.99999999999999, 59.99999999999999, -59.99999999999999, -135.0, 119.99999999999999, -75.0, 150.0, 59.99999999999999, -45.0, 145.0, 180.0, -59.99999999999999, -105.00000000000001, 105.00000000000001, 59.99999999999999, -59.99999999999999]",2.2524937627240753,185.9884137078391,-115.2751399470925,-76.85009329806167,17.773391100271624,0.0,62.89280297633894,-2.264517836924557,-12.808003382980209,0.0,-5.6112437013811896,0.5883034516246725,0.5883034516246725,0.0,0.0,0.8926473802552155,0.38735177652296726,1.0,34.85934422005472,13.557312178303855,52.55655263419446,133.53650013041994,6.171192038499277,4.652666029781473,2.412203038354482,5.508595556037851,4.848916770784997,False
56,133.6593031453416,10,"[-90.0, -45.0, -59.99999999999999, 180.0, 90.0, 45.0, -59.99999999999999, 180.0, 45.0, 59.99999999999999, 180.0, -135.0, 150.0, -59.99999999999999, 45.0, 45.0, 180.0, 29.999999999999996, 14.999999999999998, 59.99999999999999, -90.0, 130.0, -45.0, 160.0, 180.0, -75.0, 105.00000000000001, 180.0, -59.99999999999999, -150.0, 105.00000000000001, -59.99999999999999, 59.99999999999999]",2.8458617584304196,151.45234280654324,-115.2751399470925,-76.85009329806167,15.448570421830512,0.0,101.46892117137283,-3.22648964600454,-12.80800338298022,-3.054974221429614,-3.7800892669532375,0.5883034516246725,0.5883034516246725,0.0,0.0,0.9125816203136835,0.38371202388618914,1.0,38.96939026254769,13.42992083601662,60.16955394968347,133.6593031453416,4.745564879074361,4.610001569820352,2.440876288568856,5.508595556037851,4.848916770784997,False
57,134.02275698006326,10,"[-90.0, -45.0, -59.99999999999999, 180.0, 90.0, 45.0, -59.99999999999999, 180.0, 45.0, 59.99999999999999, 180.0, -135.0, 150.0, -59.99999999999999, 45.0, 45.0, 180.0, 29.999999999999996, 14.999999999999998, 59.99999999999999, -90.0, 130.0, -45.0, 160.0, 180.0, -75.0, 115.0, 180.0, -59.99999999999999, -150.0, 105.00000000000001, -59.99999999999999, 59.99999999999999]",3.2328124951299033,148.01502866554785,-115.2751399470925,-76.85009329806167,15.450263408616618,0.0,105.30676224663257,-3.1163161787424927,-12.80800338298022,-3.054974221429614,-4.3159795572435575,0.5883034516246725,0.5883034516246725,0.0,0.0,0.9145656400198858,0.38374334267206844,1.0,39.20119500686505,13.431016993522395,60.48482244291995,134.02275698006326,4.695908898801895,4.618447726181618,2.4364805007606516,5.508595556037851,4.848916770784997,False
58,134.58525934718259,10,"[-90.0, -45.0, -59.99999999999999, 180.0, 90.0, 45.0, -59.99999999999999, 180.0, 45.0, 59.99999999999999, 180.0, -135.0, 150.0, -59.99999999999999, 45.0, 45.0, 180.0, 29.999999999999996, 14.999999999999998, 59.99999999999999, -75.0, 145.0, -45.0, 160.0, 180.0, -90.0, 105.00000000000001, -59.99999999999999, -59.99999999999999, -150.0, 105.00000000000001, -59.99999999999999, 59.99999999999999]",2.8666956417670315,172.6803189000829,-115.2751399470925,-76.85009329806167,15.079957617870665,0.0,78.49617170038022,-2.7142171262305084,-12.408026753196252,-1.7297987495708704,-2.999005388452783,0.5883034516246725,0.5883034516246725,0.0,0.0,0.9003288202596924,0.3820638733390251,1.0,37.2311344528369,13.372235566865879,58.951717275178424,134.58525934718259,4.742808393896627,4.6734287241236,2.515232915748184,5.508595556037851,4.848916770784997,False
59,134.60025062222707,10,"[-90.0, -45.0, -59.99999999999999, 180.0, 90.0, 45.0, -59.99999999999999, 180.0, 45.0, 59.99999999999999, 180.0, -135.0, 150.0, -59.99999999999999, 45.0, 45.0, 180.0, 59.99999999999999, 59.99999999999999, -59.99999999999999, -119.99999999999999, 135.0, -45.0, 160.0, 180.0, -90.0, 105.00000000000001, -59.99999999999999, -59.99999999999999, -59.99999999999999, -14.999999999999998, -59.99999999999999, -59.99999999999999]",8.789873530011079,193.0505083177061,-115.2751399470925,-76.85009329806167,17.02396436595638,0.0,55.032261406537614,-2.3303974839701675,-15.407562169765262,0.0,-6.871560848780856,0.5883034516246725,0.5883034516246725,0.0,0.0,0.8885711351701552,0.38854106860888626,1.0,34.74090129799962,13.59893740131102,53.14917862677753,134.60025062222707,6.825886385027848,4.6344759889892115,2.74661053010197,5.508595556037851,4.848916770784997,False
60,136.53257365079992,10,"[-90.0, -45.0, -59.99999999999999, 180.0, 90.0, 45.0, -59.99999999999999, 180.0, 45.0, 59.99999999999999, 180.0, -135.0, 150.0, -59.99999999999999, 45.0, 45.0, 180.0, 59.99999999999999, 59.99999999999999, -59.99999999999999, -105.00000000000001, 175.0, -59.99999999999999, 90.0, 180.0, -59.99999999999999, 115.0, -59.99999999999999, -59.99999999999999, -90.0, -75.0, 180.0, 59.99999999999999]",66.04137310237763,134.36187421254857,-115.2751399470925,-76.85009329806167,16.663504290341653,0.0,56.78156726921061,-2.634536227559946,-15.807538799549228,0.0,-4.186833701101557,0.5883034516246725,0.5883034516246725,0.0,0.0,0.9224462486507656,0.40693545320186925,1.0,35.747561479869205,14.242740862065423,54.3495189509345,136.53257365079992,9.134319003675314,4.606764008009442,3.3230164690776873,5.508595556037851,4.848916770784997,False
61,137.58325841359184,10,"[-90.0, -45.0, -59.99999999999999, 180.0, 90.0, 45.0, -59.99999999999999, 180.0, 45.0, 59.99999999999999, 180.0, -135.0, 150.0, -59.99999999999999, 45.0, 45.0, 180.0, 29.999999999999996, 14.999999999999998, 59.99999999999999, -75.0, 145.0, -45.0, 160.0, 180.0, -75.0, 105.00000000000001, 180.0, -59.99999999999999, -150.0, 105.00000000000001, -59.99999999999999, 59.99999999999999]",11.81315967231205,153.9741796763195,-115.2751399470925,-76.85009329806167,14.882975849337917,0.0,90.58861410627496,-3.035051303169893,-12.80800338298022,0.0,-3.1457797090346418,0.5883034516246725,0.5883034516246725,0.0,0.0,0.911126014616843,0.382214752876199,1.0,38.341229658453216,13.377516350666966,60.53474765886826,137.58325841359184,3.962914467421409,4.593955879882737,2.483099179767458,5.508595556037851,4.848916770784997,False
62,137.74414938546167,10,"[-90.0, -45.0, -59.99999999999999, 180.0, 90.0, 45.0, -59.99999999999999, 180.0, 45.0, 59.99999999999999, 180.0, -135.0, 150.0, -59.99999999999999, 45.0, 45.0, 180.0, 29.999999999999996, 14.999999999999998, 59.99999999999999, -90.0, 130.0, -45.0, 160.0, 180.0, -59.99999999999999, 115.0, -59.99999999999999, -59.99999999999999, -150.0, 105.00000000000001, -59.99999999999999, 59.99999999999999]",9.18190104488636,130.6443404822186,-115.2751399470925,-76.85009329806167,15.196006736026952,0.0,119.43941324666241,-3.439260932124765,-12.408026753196252,-1.755840743938047,-4.427547199605783,0.5883034516246725,0.5883034516246725,0.0,0.0,0.9245920112656747,0.38321394016136134,1.0,40.29910558915355,13.412487905647646,61.851815707411895,137.74414938546167,4.144868932915612,4.545795907794879,2.418075999955013,5.508595556037851,4.848916770784997,False
63,138.04865053184648,10,"[-90.0, -45.0, -59.99999999999999, 180.0, 90.0, 45.0, -59.99999999999999, 180.0, 45.0, 59.99999999999999, 180.0, -135.0, 150.0, -59.99999999999999, 45.0, 45.0, 180.0, 59.99999999999999, 59.99999999999999, -59.99999999999999, -119.99999999999999, 135.0, -45.0, 160.0, 180.0, -90.0, 119.99999999999999, 180.0, 59.99999999999999, -150.0, 105.00000000000001, -59.99999999999999, 59.99999999999999]",11.548811685827483,167.45619538912916,-115.2751399470925,-76.85009329806167,15.113993694211985,0.0,83.57349952821748,-2.7769383391232108,-15.807538799549226,0.0,-6.372536131399394,0.5883034516246725,0.5883034516246725,0.0,0.0,0.903344187365582,0.3957335490933932,1.0,36.91814911361323,13.850674218268763,54.485231960918796,138.04865053184648,7.019790228013556,4.654123022288037,2.785912824085922,5.508595556037851,4.848916770784997,False
64,138.37989347283496,10,"[-90.0, -45.0, -59.99999999999999, 180.0, 90.0, 45.0, -59.99999999999999, 180.0, 45.0, 59.99999999999999, 180.0, -135.0, 150.0, -59.99999999999999, 45.0, 45.0, 180.0, 29.999999999999996, 14.999999999999998, 59.99999999999999, -75.0, 145.0, -59.99999999999999, 115.0, 59.99999999999999, -45.0, 145.0, 180.0, -59.99999999999999, -150.0, 105.00000000000001, -59.99999999999999, 59.99999999999999]",4.0483794088281675,155.31271294767652,-115.2751399470925,-76.85009329806167,15.855635617578619,0.0,98.28422590258461,-3.0727801559615897,-9.808467966411198,-3.8105408074423344,-3.7424349785500333,0.5883034516246725,0.5883034516246725,0.0,0.0,0.9103534124400136,0.3838551824627662,1.0,39.47166260000134,13.434931386196816,60.629826431499666,138.37989347283496,4.6001800837025035,4.621509036712794,2.523071907490384,5.508595556037851,4.848916770784997,False
65,138.6990861667128,10,"[-90.0, -45.0, -59.99999999999999, 180.0, 90.0, 45.0, -59.99999999999999, 180.0, 45.0, 59.99999999999999, 180.0, -135.0, 150.0, -59.99999999999999, 45.0, 45.0, 180.0, 59.99999999999999, 59.99999999999999, -59.99999999999999, -119.99999999999999, 135.0, -45.0, 160.0, 180.0, -75.0, 105.00000000000001, 180.0, -59.99999999999999, 59.99999999999999, 29.999999999999996, -59.99999999999999, -59.99999999999999]",1.2148180698782858,219.8035731617311,-115.2751399470925,-76.85009329806167,16.4760848336329,0.0,39.490497602732,-2.2073227421185573,-15.80753879954923,0.0,-5.584189464125883,0.5883034516246725,0.5883034516246725,0.0,0.0,0.8731292507002996,0.39375355569572995,1.0,33.79417252066173,13.78137444935055,52.41844248564958,138.6990861667128,5.992913393990929,4.545731957504525,2.7242962245550593,5.508595556037851,4.848916770784997,False
66,138.90564281126865,10,"[-90.0, -45.0, -59.99999999999999, 180.0, 90.0, 45.0, -59.99999999999999, 180.0, 45.0, 59.99999999999999, 180.0, -135.0, 150.0, -59.99999999999999, 45.0, 45.0, 180.0, 59.99999999999999, 59.99999999999999, -59.99999999999999, -135.0, 135.0, -45.0, 160.0, 180.0, -75.0, 115.0, 180.0, -59.99999999999999, 59.99999999999999, 29.999999999999996, -59.99999999999999, -59.99999999999999]",0.6428785635466914,163.11143489786852,-115.2751399470925,-76.85009329806167,19.761276202203256,0.0,95.22302037810316,-3.0307685012719627,-15.80753879954923,0.0,-6.307823434164003,0.5883034516246725,0.5883034516246725,0.0,0.0,0.9058519856289359,0.419462997306808,1.0,36.986375472354915,14.681204905738282,56.90924187672713,138.90564281126865,5.14142544330455,4.424359901967266,2.699386706666084,5.508595556037851,4.848916770784997,False
67,139.41083078203562,10,"[-90.0, -45.0, -59.99999999999999, 180.0, 90.0, 45.0, -59.99999999999999, 180.0, 45.0, 59.99999999999999, 180.0, -135.0, 150.0, -59.99999999999999, -75.0, 75.0, 180.0, 59.99999999999999, 59.99999999999999, -59.99999999999999, -135.0, 119.99999999999999, 59.99999999999999, 45.0, 180.0, -45.0, 145.0, 180.0, -59.99999999999999, -150.0, 105.00000000000001, -59.99999999999999, 59.99999999999999]",2.193907202527013,100.53277616155427,-40.465631421094756,-26.97708761406317,15.409050769696352,0.0,83.07982251967518,-2.5699090018926185,-15.807538799549228,0.0,-3.54995010050526,0.5883034516246725,0.5883034516246725,0.0,0.0,0.9419724235719744,0.4395089181833902,1.0,39.59889502547125,15.382812136418657,56.61010746017714,139.41083078203562,4.8375942025424274,4.722336848469079,3.4251542225068836,5.508595556037851,4.848916770784997,False
68,139.58775228162912,10,"[-90.0, -45.0, -59.99999999999999, 180.0, 90.0, 45.0, -59.99999999999999, 180.0, 45.0, 59.99999999999999, 180.0, -135.0, 150.0, -59.99999999999999, 45.0, 45.0, 180.0, 59.99999999999999, 59.99999999999999, -59.99999999999999, -135.0, 135.0, -90.0, 160.0, 180.0, -75.0, 115.0, 180.0, -59.99999999999999, -150.0, 105.00000000000001, -59.99999999999999, 59.99999999999999]",10.780452838472254,187.26197418711817,-115.2751399470925,-76.85009329806167,17.837405361449125,0.0,63.357413989665524,-2.286635385549925,-15.807538799549228,0.0,-6.868483414508995,0.5883034516246725,0.5883034516246725,0.0,0.0,0.8919122804114759,0.38936036024857695,1.0,34.59415842715269,13.627612608700193,52.088278387235,139.58775228162912,6.968363227438787,4.749130673924817,2.4432219567466436,5.508595556037851,4.848916770784997,False
69,140.18452171824998,10,"[-90.0, -45.0, -59.99999999999999, 180.0, 90.0, 45.0, -59.99999999999999, 180.0, 45.0, 59.99999999999999, 180.0, -135.0, 150.0, -59.99999999999999, 45.0, 45.0, 180.0, 29.999999999999996, 14.999999999999998, 59.99999999999999, -75.0, 145.0, -45.0, 160.0, 180.0, -75.0, 115.0, 180.0, -59.99999999999999, -150.0, 105.00000000000001, -59.99999999999999, 59.99999999999999]",11.990469770710725,146.5588092616322,-115.2751399470925,-76.85009329806167,14.89431753536705,0.0,100.85268107010926,-2.93524604179627,-12.80800338298022,0.0,-3.681669999324961,0.5883034516246725,0.5883034516246725,0.0,0.0,0.9154061707003567,0.38233162822484806,1.0,38.74042113602264,13.381606987869683,60.900959865121244,140.18452171824998,3.9514219573614815,4.6023455675291425,2.488005362739883,5.508595556037851,4.848916770784997,False
70,140.44485075624496,10,"[-90.0, -45.0, -59.99999999999999, 180.0, 90.0, 45.0, -59.99999999999999, 180.0, 45.0, 59.99999999999999, 180.0, -165.0, 105.00000000000001, 59.99999999999999, -59.99999999999999, 145.0, 59.99999999999999, 29.999999999999996, 14.999999999999998, 59.99999999999999, -135.0, 135.0, 59.99999999999999, 45.0, 180.0, -75.0, 115.0, 180.0, -59.99999999999999, -90.0, -75.0, 180.0, 59.99999999999999]",5.9711706521356325,68.8769350087057,-43.83807476960876,-29.225383179739172,17.38425959984691,0.0,112.77115978901898,-3.2466976517976613,-13.207980012764187,0.0,-4.854225309769656,0.5883034504779852,0.5883034504779852,0.0,0.0,0.9602441933571684,0.558493980841625,1.0,41.34491672407868,19.547289329456877,58.63444026821993,140.44485075624496,4.407189801279689,4.43160263449389,3.394469569823174,5.508595556037851,4.848916770784997,False
71,140.58050803767463,10,"[-90.0, -45.0, -59.99999999999999, 180.0, 90.0, 45.0, -59.99999999999999, 180.0, 45.0, 59.99999999999999, 180.0, -135.0, 150.0, -59.99999999999999, 45.0, 45.0, 180.0, 59.99999999999999, 59.99999999999999, -59.99999999999999, -135.0, 119.99999999999999, -45.0, 160.0, 180.0, -75.0, 115.0, 180.0, -59.99999999999999, -105.00000000000001, 105.00000000000001, 59.99999999999999, -59.99999999999999]",0.022885379022547996,165.41347506239222,-115.2751399470925,-76.85009329806167,19.53812832182571,0.0,93.45484896610232,-2.678924425513177,-15.80753879954923,0.0,-4.675529971137927,0.5883034516246725,0.5883034516246725,0.0,0.0,0.904523246717234,0.39605854196893503,1.0,36.603620348358575,13.862048968912726,55.754055303997326,140.58050803767463,5.567654089340627,4.5047032375299425,2.570248788819294,5.508595556037851,4.848916770784997,False
72,140.80101887585815,10,"[-90.0, -45.0, -59.99999999999999, 180.0, 90.0, 45.0, -59.99999999999999, 180.0, 45.0, 59.99999999999999, 180.0, -135.0, 150.0, -59.99999999999999, 45.0, 45.0, 180.0, 59.99999999999999, 59.99999999999999, -59.99999999999999, -135.0, 135.0, -75.0, 150.0, 59.99999999999999, -59.99999999999999, 115.0, -59.99999999999999, -59.99999999999999, -105.00000000000001, 105.00000000000001, 59.99999999999999, -59.99999999999999]",0.08159864469908372,174.89610750835985,-115.2751399470925,-76.85009329806167,18.920985307167257,0.0,81.93770983239892,-2.4244286561912554,-12.40802675319624,0.0,-5.5160905119116705,0.5883034516246725,0.5883034516246725,0.0,0.0,0.8990498657960405,0.3941278070536276,1.0,35.773628918405954,13.794473246876965,54.337290186756015,140.80101887585815,5.627748694474021,4.562913599264479,2.452900763273037,5.508595556037851,4.848916770784997,False
73,141.17326774911095,10,"[-90.0, -45.0, -59.99999999999999, 180.0, 90.0, 45.0, -59.99999999999999, 180.0, 45.0, 59.99999999999999, 180.0, -165.0, 105.00000000000001, 59.99999999999999, -59.99999999999999, 145.0, 59.99999999999999, 29.999999999999996, 14.999999999999998, 59.99999999999999, -119.99999999999999, 135.0, 59.99999999999999, 45.0, 180.0, -75.0, 75.0, -59.99999999999999, 59.99999999999999, -90.0, -75.0, 180.0, 59.99999999999999]",1.661627940184378,103.19423493659119,-40.465631421094756,-26.97708761406317,16.16586792926388,0.0,81.64696084942828,-2.565476216721772,-12.808003382980218,-3.6420914801172537,-2.6025248559207705,0.5883034504779852,0.5883034504779852,0.0,0.0,0.9404362280308276,0.5817958499052179,1.0,38.00190915560463,20.36285474668263,53.59035624772489,141.17326774911095,6.076476875543916,4.636743065731283,3.397662724568792,5.508595556037851,4.848916770784997,False
74,141.90953243498626,10,"[-90.0, -45.0, -59.99999999999999, 180.0, 90.0, 45.0, -59.99999999999999, 180.0, 45.0, 59.99999999999999, 180.0, -165.0, 105.00000000000001, 59.99999999999999, -59.99999999999999, 145.0, 59.99999999999999, 29.999999999999996, 14.999999999999998, 59.99999999999999, -135.0, 135.0, 59.99999999999999, 45.0, 180.0, -75.0, 115.0, 180.0, -59.99999999999999, -105.00000000000001, 105.00000000000001, 59.99999999999999, -59.99999999999999]",5.9711706521356325,83.89208665687362,-43.83807476960876,-29.225383179739172,17.26115858845189,0.0,96.71515310229708,-3.341581861376582,-12.808003382980221,0.0,-2.530680001284385,0.5883034504779852,0.5883034504779852,0.0,0.0,0.9515774391590918,0.6060496175856829,1.0,40.90587153901821,21.2117366154989,57.29162386625629,141.90953243498626,4.407189801279689,4.43160263449389,3.394469569823174,5.508595556037851,4.848916770784997,False
75,142.28940940163673,10,"[-90.0, -45.0, -59.99999999999999, 180.0, 90.0, 45.0, -59.99999999999999, 180.0, 45.0, 59.99999999999999, 180.0, -135.0, 150.0, -59.99999999999999, 45.0, 45.0, 180.0, 59.99999999999999, 59.99999999999999, -59.99999999999999, -135.0, 135.0, -119.99999999999999, 59.99999999999999, 59.99999999999999, 90.0, 29.999999999999996, 59.99999999999999, 59.99999999999999, -59.99999999999999, -14.999999999999998, -59.99999999999999, -59.99999999999999]",4.08936497475689,183.50621508178506,-115.2751399470925,-76.85009329806167,18.091001472899357,0.0,70.0493814072855,-2.7518208420075965,-12.408026753196237,0.0,-3.599869444418451,0.5883034516246725,0.5883034516246725,0.0,0.0,0.8940801067349003,0.3832627395297183,1.0,37.06744564177058,13.41419588354014,56.29648488738937,142.28940940163673,4.595636690841906,4.35802634181897,2.2821160144177353,5.508595556037851,4.848916770784997,False
76,142.34380754391967,10,"[-90.0, -45.0, -59.99999999999999, 180.0, 90.0, 45.0, -59.99999999999999, 180.0, 45.0, 59.99999999999999, 180.0, -135.0, 150.0, -59.99999999999999, 45.0, 45.0, 180.0, 59.99999999999999, 59.99999999999999, -59.99999999999999, -135.0, 135.0, -90.0, 160.0, 180.0, -45.0, 145.0, 180.0, -59.99999999999999, -59.99999999999999, -14.999999999999998, -59.99999999999999, -59.99999999999999]",0.6003446414641908,219.90404150781006,-115.2751399470925,-76.85009329806167,17.222583398700273,0.0,46.36191060517599,-2.096818984645838,-15.80753879954923,0.0,-9.15387832956795,0.5883034516246725,0.5883034516246725,0.0,0.0,0.8730712603129523,0.386384656355842,1.0,33.60303239371227,13.523462972454471,51.79275806052799,142.34380754391967,5.846509636652198,4.668405133036536,2.376701971869677,5.508595556037851,4.848916770784997,False
77,142.74326394987176,10,"[-90.0, -45.0, -59.99999999999999, 180.0, 90.0, 45.0, -59.99999999999999, 180.0, 45.0, 59.99999999999999, 180.0, -135.0, 150.0, -59.99999999999999, 45.0, 45.0, 180.0, 59.99999999999999, 59.99999999999999, -59.99999999999999, -119.99999999999999, 135.0, -75.0, 150.0, 59.99999999999999, -75.0, 75.0, -59.99999999999999, 59.99999999999999, -90.0, -75.0, 180.0, 59.99999999999999]",12.686924704086827,210.76725379898915,-115.2751399470925,-76.85009329806167,15.83885618166658,0.0,38.730210355594245,-2.308773487831228,-12.808003382980203,0.0,-5.47636772418583,0.5883034516246725,0.5883034516246725,0.0,0.0,0.8783450194522429,0.3855026613731314,1.0,34.68978741504319,13.492593148059598,51.628518561415966,142.74326394987176,7.092917116744423,4.721190122353393,2.5058169403777155,5.508595556037851,4.848916770784997,False
78,142.9572167877483,10,"[-90.0, -45.0, -59.99999999999999, 180.0, 90.0, 45.0, -59.99999999999999, 180.0, 45.0, 59.99999999999999, 180.0, -135.0, 150.0, -59.99999999999999, 45.0, 45.0, 180.0, 59.99999999999999, 59.99999999999999, -59.99999999999999, -135.0, 119.99999999999999, -45.0, 160.0, 180.0, -75.0, 105.00000000000001, 180.0, -59.99999999999999, -59.99999999999999, -14.999999999999998, -59.99999999999999, -59.99999999999999]",0.002656862174502833,148.11372720829746,-115.2751399470925,-76.85009329806167,19.518152518210986,0.0,115.36762516653586,-2.7651344026755753,-15.80753879954923,0.0,-6.785435269777846,0.5883034516246725,0.5883034516246725,0.0,0.0,0.9145086711640418,0.39670666785325714,1.0,37.33769341217015,13.884733374864,56.443916785211215,142.9572167877483,5.476948483023875,4.491244118535086,2.552305694713192,5.508595556037851,4.848916770784997,False
79,143.66134389517555,10,"[-90.0, -45.0, -59.99999999999999, 180.0, 90.0, 45.0, -59.99999999999999, 180.0, 45.0, 59.99999999999999, 180.0, -135.0, 150.0, -59.99999999999999, 45.0, 45.0, 180.0, 59.99999999999999, 59.99999999999999, -59.99999999999999, -135.0, 119.99999999999999, -75.0, 150.0, 59.99999999999999, -59.99999999999999, 115.0, -59.99999999999999, -59.99999999999999, -90.0, -75.0, 180.0, 59.99999999999999]",5.61695359989263,182.73634159857653,-115.2751399470925,-76.85009329806167,18.120529688395816,0.0,74.37428349506389,-2.2729323672410318,-12.808003382980205,0.0,-7.418992241064272,0.5883034516246725,0.5883034516246725,0.0,0.0,0.8945244781537799,0.3899303433446783,1.0,34.760153464952616,13.64756201706374,52.876604986538915,143.66134389517555,6.5599012784115915,4.663625190423311,2.4217572119106756,5.508595556037851,4.848916770784997,False
80,143.71686513245012,10,"[-90.0, -45.0, -59.99999999999999, 180.0, 90.0, 45.0, -59.99999999999999, 180.0, 45.0, 59.99999999999999, 180.0, -135.0, 150.0, -59.99999999999999, 45.0, 45.0, 180.0, 59.99999999999999, 59.99999999999999, -59.99999999999999, -135.0, 135.0, -75.0, 150.0, 59.99999999999999, -59.99999999999999, 115.0, -59.99999999999999, -59.99999999999999, -59.99999999999999, -14.999999999999998, -59.99999999999999, -59.99999999999999]",0.08159864469908372,168.51338371940045,-115.2751399470925,-76.85009329806167,18.875115651005938,0.0,93.89690634267848,-2.3933898758278938,-12.40802675319624,0.0,-8.16188610084191,0.5883034516246725,0.5883034516246725,0.0,0.0,0.9027339776511397,0.39463108359216736,1.0,36.06140827444075,13.812087925725857,54.7058275574794,143.71686513245012,5.627748694474021,4.562913599264479,2.452900763273037,5.508595556037851,4.848916770784997,False
81,144.43879578352232,10,"[-90.0, -45.0, -59.99999999999999, 180.0, 90.0, 45.0, -59.99999999999999, 180.0, 45.0, 59.99999999999999, 180.0, -135.0, 150.0, -59.99999999999999, 45.0, 45.0, 180.0, 59.99999999999999, 59.99999999999999, -59.99999999999999, -119.99999999999999, 135.0, -45.0, 160.0, 180.0, -59.99999999999999, 115.0, -59.99999999999999, -59.99999999999999, -45.0, -45.0, -59.99999999999999, 180.0]",0.02082388774955465,218.6615696692826,-115.2751399470925,-76.85009329806167,17.35545093846226,0.0,50.14304007127519,-2.6856592432729274,-15.407562169765262,0.0,-8.962030874741268,0.5883034516246725,0.5883034516246725,0.0,0.0,0.8737884157753059,0.4105136446227816,1.0,34.931074513638706,14.367977561797357,54.39186324691073,144.43879578352232,5.435464912257665,4.476252607718327,2.7625670351793405,5.508595556037851,4.848916770784997,False
82,144.49919162536622,10,"[-90.0, -45.0, -59.99999999999999, 180.0, 90.0, 45.0, -59.99999999999999, 180.0, 45.0, 59.99999999999999, 180.0, -135.0, 150.0, -59.99999999999999, 45.0, 45.0, 180.0, 29.999999999999996, 14.999999999999998, 59.99999999999999, -75.0, 145.0, -59.99999999999999, 115.0, 59.99999999999999, -45.0, 145.0, 180.0, -59.99999999999999, -90.0, -75.0, 180.0, 59.99999999999999]",4.0483794088281675,169.83586522901706,-115.2751399470925,-76.85009329806167,15.808684906943517,0.0,91.61786183133036,-3.0275626496479675,-10.208444596195166,-3.8105408074423344,-5.0782152019996065,0.5883034516246725,0.5883034516246725,0.0,0.0,0.9019706405604518,0.3864636944583136,1.0,38.90315014145569,13.526229306040975,59.96461067255236,144.49919162536622,4.6001800837025035,4.621509036712794,2.523071907490384,5.508595556037851,4.848916770784997,False
83,145.1157526012527,10,"[-90.0, -45.0, -59.99999999999999, 180.0, 90.0, 45.0, -59.99999999999999, 180.0, 45.0, 59.99999999999999, 180.0, -135.0, 150.0, -59.99999999999999, 45.0, 45.0, 180.0, 29.999999999999996, 14.999999999999998, 59.99999999999999, -90.0, 130.0, -45.0, 160.0, 180.0, -75.0, 105.00000000000001, 180.0, -59.99999999999999, -90.0, -75.0, 180.0, 59.99999999999999]",2.8458617584304196,157.16571547962005,-115.2751399470925,-76.85009329806167,15.423896495668844,0.0,112.48120837111794,-2.899271186283201,-13.207980012764187,-6.890972318666538,-5.115869490402811,0.5883034516246725,0.5883034516246725,0.0,0.0,0.9092838583090216,0.3840149094936156,1.0,39.029917734859836,13.440521832276547,60.92561963679124,145.1157526012527,4.745564879074361,4.610001569820352,2.440876288568856,5.508595556037851,4.848916770784997,False
84,145.20924342922663,10,"[-90.0, -45.0, -59.99999999999999, 180.0, 90.0, 45.0, -59.99999999999999, 180.0, 45.0, 59.99999999999999, 180.0, -135.0, 150.0, -59.99999999999999, 45.0, 45.0, 180.0, 29.999999999999996, 14.999999999999998, 59.99999999999999, -90.0, 130.0, -45.0, 160.0, 180.0, -75.0, 115.0, 180.0, -59.99999999999999, -90.0, -75.0, 180.0, 59.99999999999999]",3.2328124951299033,163.71137213956303,-115.2751399470925,-76.85009329806167,15.413391136243073,0.0,106.21077891353555,-2.9411727429361267,-13.207980012764187,-6.871362223383665,-5.651759780693131,0.5883034516246725,0.5883034516246725,0.0,0.0,0.9055057015067457,0.3842771043750243,1.0,38.83575644506993,13.449698653125852,60.857250998228935,145.20924342922663,4.695908898801895,4.618447726181618,2.4364805007606516,5.508595556037851,4.848916770784997,False
85,145.87834200825375,10,"[-90.0, -45.0, -59.99999999999999, 180.0, 90.0, 45.0, -59.99999999999999, 180.0, 45.0, 59.99999999999999, 180.0, -135.0, 150.0, -59.99999999999999, 45.0, 45.0, 180.0, 59.99999999999999, 59.99999999999999, -59.99999999999999, -135.0, 135.0, -90.0, 160.0, 180.0, -59.99999999999999, 115.0, -59.99999999999999, -59.99999999999999, -59.99999999999999, -14.999999999999998, -59.99999999999999, -59.99999999999999]",2.3022097890522684,212.2453966444262,-115.2751399470925,-76.85009329806167,17.477451445496357,0.0,54.72274289832489,-2.136978543047104,-15.407562169765262,0.0,-8.63808156076576,0.5883034516246725,0.5883034516246725,0.0,0.0,0.8774918345486717,0.3872192602817974,1.0,33.86756623443797,13.552674109862908,51.96837149540442,145.87834200825375,6.1785587357115475,4.674075327367813,2.37814896173899,5.508595556037851,4.848916770784997,False
86,145.89126279703774,10,"[-90.0, -45.0, -59.99999999999999, 180.0, 90.0, 45.0, -59.99999999999999, 180.0, 45.0, 59.99999999999999, 180.0, -135.0, 150.0, -59.99999999999999, 45.0, 45.0, 180.0, 59.99999999999999, 59.99999999999999, -59.99999999999999, -135.0, 135.0, -90.0, 160.0, 180.0, -75.0, 105.00000000000001, 180.0, -59.99999999999999, -150.0, 105.00000000000001, -59.99999999999999, 59.99999999999999]",10.161851318206654,193.42643180924722,-115.2751399470925,-76.85009329806167,17.84116034693984,0.0,63.6858661042363,-2.397078362356554,-15.807538799549228,0.0,-6.332593124218675,0.5883034516246725,0.5883034516246725,0.0,0.0,0.8883541519138544,0.3893418895462792,1.0,34.38786530780334,13.62696613411977,52.02631435938394,145.89126279703774,6.9256122416847195,4.73367631795977,2.4349119901801783,5.508595556037851,4.848916770784997,False
87,145.96266850139753,10,"[-90.0, -45.0, -59.99999999999999, 180.0, 90.0, 45.0, -59.99999999999999, 180.0, 45.0, 59.99999999999999, 180.0, -135.0, 150.0, -59.99999999999999, 45.0, 45.0, 180.0, 59.99999999999999, 59.99999999999999, -59.99999999999999, -135.0, 119.99999999999999, -45.0, 160.0, 180.0, -75.0, 115.0, 180.0, -59.99999999999999, -59.99999999999999, -14.999999999999998, -59.99999999999999, -59.99999999999999]",0.022885379022547996,145.65660033185046,-115.2751399470925,-76.85009329806167,19.5060475882682,0.0,121.37246033865,-2.779624281308417,-15.80753879954923,0.0,-7.321325560068164,0.5883034516246725,0.5883034516246725,0.0,0.0,0.9159269262153822,0.3976581288475309,1.0,37.40159100497883,13.918034509663581,56.53228326543193,145.96266850139753,5.567654089340627,4.5047032375299425,2.570248788819294,5.508595556037851,4.848916770784997,False
88,146.15748825290606,10,"[-90.0, -45.0, -59.99999999999999, 180.0, 90.0, 45.0, -59.99999999999999, 180.0, 45.0, 59.99999999999999, 180.0, -135.0, 150.0, -59.99999999999999, 45.0, 45.0, 180.0, 59.99999999999999, 59.99999999999999, -59.99999999999999, -135.0, 119.99999999999999, -45.0, 160.0, 180.0, -59.99999999999999, 115.0, -59.99999999999999, -59.99999999999999, 59.99999999999999, 29.999999999999996, -59.99999999999999, -59.99999999999999]",3.0255254008765813,187.69926790722997,-115.2751399470925,-76.85009329806167,18.680007113770372,0.0,75.49097765306827,-2.645143659612475,-15.407562169765262,0.0,-5.998747497193559,0.5883034516246725,0.5883034516246725,0.0,0.0,0.8916598742238211,0.39974379070598454,1.0,35.75219787150488,13.991032674709459,55.45388268816916,146.15748825290606,4.722114995532555,4.422921538324989,2.5585925715608027,5.508595556037851,4.848916770784997,False
89,146.43080144595294,10,"[-90.0, -45.0, -59.99999999999999, 180.0, 90.0, 45.0, -59.99999999999999, 180.0, 45.0, 59.99999999999999, 180.0, -135.0, 150.0, -59.99999999999999, 45.0, 45.0, 180.0, 59.99999999999999, 59.99999999999999, -59.99999999999999, -119.99999999999999, 135.0, -119.99999999999999, 59.99999999999999, 59.99999999999999, 90.0, 29.999999999999996, 59.99999999999999, 59.99999999999999, -150.0, 105.00000000000001, -59.99999999999999, 59.99999999999999]",7.4491810043119475,186.16340784950285,-115.2751399470925,-76.85009329806167,17.054239804233465,0.0,67.03628605153862,-2.423354754193822,-12.408026753196236,0.0,-1.75409526077611,0.5883034516246725,0.5883034516246725,0.0,0.0,0.8925463735356406,0.38283323295557564,1.0,35.84744399891321,13.399163153445148,53.97509124605502,146.43080144595294,4.279411535011743,4.40350312186135,2.2451713305694274,5.508595556037851,4.848916770784997,False
90,146.65033860234604,10,"[-90.0, -45.0, -59.99999999999999, 180.0, 90.0, 45.0, -59.99999999999999, 180.0, 45.0, 59.99999999999999, 180.0, -135.0, 150.0, -59.99999999999999, 45.0, 45.0, 180.0, 59.99999999999999, 59.99999999999999, -59.99999999999999, -105.00000000000001, 175.0, -59.99999999999999, 90.0, 180.0, -45.0, 145.0, 180.0, -59.99999999999999, -90.0, -75.0, 180.0, 59.99999999999999]",61.70575290188599,130.29477201245524,-115.2751399470925,-76.85009329806167,16.634003995225775,0.0,76.2191923902235,-2.6064003027397087,-16.207515429333196,0.0,-4.702630469903745,0.5883034516246725,0.5883034516246725,0.0,0.0,0.9247937823881932,0.4444885450836396,1.0,35.54441640798955,15.557099077927386,54.15308117064069,146.65033860234604,9.012997378361845,4.582194166694072,3.38081631535604,5.508595556037851,4.848916770784997,False
91,146.83510303300653,10,"[-90.0, -45.0, -59.99999999999999, 180.0, 90.0, 45.0, -59.99999999999999, 180.0, 45.0, 59.99999999999999, 180.0, -135.0, 150.0, -59.99999999999999, 45.0, 45.0, 180.0, 59.99999999999999, 59.99999999999999, -59.99999999999999, -135.0, 135.0, -90.0, 160.0, 180.0, -59.99999999999999, 115.0, -59.99999999999999, -59.99999999999999, -105.00000000000001, 105.00000000000001, 59.99999999999999, -59.99999999999999]",2.3022097890522684,213.459390878362,-115.2751399470925,-76.85009329806167,17.5372852529594,0.0,51.819322600452956,-2.1964208507514806,-15.407562169765262,0.0,-5.992285971835523,0.5883034516246725,0.5883034516246725,0.0,0.0,0.8767911163761258,0.38705752321140574,1.0,33.887317038444756,13.547013312399201,51.81595095992371,146.83510303300653,6.1785587357115475,4.674075327367813,2.37814896173899,5.508595556037851,4.848916770784997,False
92,146.9407884020693,10,"[-90.0, -45.0, -59.99999999999999, 180.0, 90.0, 45.0, -59.99999999999999, 180.0, 45.0, 59.99999999999999, 180.0, -135.0, 150.0, -59.99999999999999, 45.0, 45.0, 180.0, 29.999999999999996, 14.999999999999998, 59.99999999999999, -75.0, 145.0, -45.0, 160.0, 180.0, -75.0, 115.0, 180.0, -59.99999999999999, -90.0, -75.0, 180.0, 59.99999999999999]",11.990469770710725,135.27132631247682,-115.2751399470925,-76.85009329806167,14.915155391535773,0.0,120.57413230856335,-2.898028650210845,-13.207980012764187,0.0,-5.017450222774534,0.5883034516246725,0.5883034516246725,0.0,0.0,0.9219213123737507,0.38756011303034826,1.0,39.58081083225355,13.56460395606219,61.191791515866846,146.9407884020693,3.9514219573614815,4.6023455675291425,2.488005362739883,5.508595556037851,4.848916770784997,False
93,147.2991011520936,10,"[-90.0, -45.0, -59.99999999999999, 180.0, 90.0, 45.0, -59.99999999999999, 180.0, 45.0, 59.99999999999999, 180.0, -135.0, 150.0, -59.99999999999999, 45.0, 45.0, 180.0, 59.99999999999999, 59.99999999999999, -59.99999999999999, -135.0, 119.99999999999999, -45.0, 160.0, 180.0, -75.0, 115.0, 180.0, -59.99999999999999, -90.0, -75.0, 180.0, 59.99999999999999]",0.022885379022547996,93.20166709658608,-115.2751399470925,-76.85009329806167,19.675300763154798,0.0,175.1959538053169,-2.903278687562513,-16.207515429333196,0.0,-6.999075279623197,0.5883034516246725,0.5883034516246725,0.0,0.0,0.9462039439557945,0.4052527628877483,1.0,39.23487609709139,14.183846701071191,58.107839539482626,147.2991011520936,5.567654089340627,4.5047032375299425,2.570248788819294,5.508595556037851,4.848916770784997,False
94,147.5329923886085,10,"[-90.0, -45.0, -59.99999999999999, 180.0, 90.0, 45.0, -59.99999999999999, 180.0, 45.0, 59.99999999999999, 180.0, -135.0, 150.0, -59.99999999999999, 45.0, 45.0, 180.0, 59.99999999999999, 59.99999999999999, -59.99999999999999, -119.99999999999999, 135.0, -45.0, 160.0, 180.0, -59.99999999999999, 115.0, -59.99999999999999, -59.99999999999999, -45.0, 115.0, 59.99999999999999, 180.0]",0.02082388774955465,218.6615696692826,-115.2751399470925,-76.85009329806167,17.35545093846226,0.0,50.14304007127519,-2.6856592432729274,-15.407562169765262,0.0,-5.8678342696550665,0.5883034516246725,0.5883034516246725,0.0,0.0,0.8737884157753059,0.4105136446227816,1.0,34.931074513638706,14.367977561797357,54.39186324691073,147.5329923886085,5.435464912257665,4.476252607718327,2.7625670351793405,5.508595556037851,4.848916770784997,False
95,147.5735157931095,10,"[-90.0, -45.0, -59.99999999999999, 180.0, 90.0, 45.0, -59.99999999999999, 180.0, 45.0, 59.99999999999999, 180.0, -135.0, 150.0, -59.99999999999999, 45.0, 45.0, 180.0, 59.99999999999999, 59.99999999999999, -59.99999999999999, -119.99999999999999, 135.0, -45.0, 160.0, 180.0, -59.99999999999999, 115.0, -59.99999999999999, -59.99999999999999, -45.0, 90.0, 180.0, 180.0]",0.02082388774955465,218.6615696692826,-115.2751399470925,-76.85009329806167,17.35545093846226,0.0,50.14304007127519,-2.6856592432729274,-15.80753879954923,0.0,-5.427334235370138,0.5883034516246725,0.5883034516246725,0.0,0.0,0.8737884157753059,0.4105136446227816,1.0,34.931074513638706,14.367977561797357,54.39186324691073,147.5735157931095,5.435464912257665,4.476252607718327,2.7625670351793405,5.508595556037851,4.848916770784997,False
96,147.60557323727622,10,"[-90.0, -45.0, -59.99999999999999, 180.0, 90.0, 45.0, -59.99999999999999, 180.0, 45.0, 59.99999999999999, 180.0, -165.0, 105.00000000000001, 59.99999999999999, -59.99999999999999, 145.0, 59.99999999999999, 29.999999999999996, 14.999999999999998, 59.99999999999999, -135.0, 135.0, 59.99999999999999, 45.0, 180.0, -75.0, 105.00000000000001, 180.0, -59.99999999999999, -90.0, -75.0, 180.0, 59.99999999999999]",6.0297887730979935,55.11945715487133,-43.83807476960876,-29.225383179739172,17.410157085162652,0.0,133.23725480712395,-3.4149982316053924,-13.207980012764187,0.0,-4.318335019479337,0.5883034504779852,0.5883034504779852,0.0,0.0,0.9681850175152258,0.5670790919618206,1.0,42.026439644692736,19.84776821866372,58.558090421172885,147.60557323727622,4.401838921369183,4.422593949552346,3.3696131215280545,5.508595556037851,4.848916770784997,False
97,147.67203705830624,10,"[-90.0, -45.0, -59.99999999999999, 180.0, 90.0, 45.0, -59.99999999999999, 180.0, 45.0, 59.99999999999999, 180.0, -135.0, 150.0, -59.99999999999999, 45.0, 45.0, 180.0, 59.99999999999999, 59.99999999999999, -59.99999999999999, -135.0, 119.99999999999999, -45.0, 160.0, 180.0, -90.0, 119.99999999999999, 180.0, 59.99999999999999, -90.0, -75.0, 180.0, 59.99999999999999]",4.625681384996908,148.43029224029604,-115.2751399470925,-76.85009329806167,16.046423902913762,0.0,119.7292910805254,-2.789883170360744,-16.207515429333192,0.0,-7.475416455264098,0.5883034516246725,0.5883034516246725,0.0,0.0,0.9143259496448507,0.4051660160083547,1.0,37.94028865510055,14.180810560292414,56.786603374950104,147.67203705830624,6.461840047512777,4.590464447499566,2.626302530513703,5.508595556037851,4.848916770784997,False
98,147.75805096180386,10,"[-90.0, -45.0, -59.99999999999999, 180.0, 90.0, 45.0, -59.99999999999999, 180.0, 45.0, 59.99999999999999, 180.0, -165.0, 105.00000000000001, 59.99999999999999, -59.99999999999999, 145.0, 59.99999999999999, 29.999999999999996, 14.999999999999998, 59.99999999999999, -135.0, 135.0, 59.99999999999999, 45.0, 180.0, -75.0, 105.00000000000001, 180.0, -59.99999999999999, -105.00000000000001, 105.00000000000001, 59.99999999999999, -59.99999999999999]",6.0297887730979935,90.3132080162729,-43.83807476960876,-29.225383179739172,17.261626296782744,0.0,95.41910038572017,-3.2131080969648753,-12.808003382980221,0.0,-1.9947897109940653,0.5883034504779852,0.5883034504779852,0.0,0.0,0.9478711642041713,0.5583818774068607,1.0,40.71180183332678,19.543365709240124,57.17855272020102,147.75805096180386,4.401838921369183,4.422593949552346,3.3696131215280545,5.508595556037851,4.848916770784997,False
99,147.96736424778703,10,"[-90.0, -45.0, -59.99999999999999, 180.0, 90.0, 45.0, -59.99999999999999, 180.0, 45.0, 59.99999999999999, 180.0, -165.0, 105.00000000000001, 59.99999999999999, -59.99999999999999, 145.0, 59.99999999999999, 29.999999999999996, 14.999999999999998, 59.99999999999999, -135.0, 135.0, 59.99999999999999, 45.0, 180.0, -75.0, 105.00000000000001, 180.0, -59.99999999999999, -59.99999999999999, -14.999999999999998, -59.99999999999999, -59.99999999999999]",6.0297887730979935,82.0731483953429,-43.83807476960876,-29.225383179739172,17.19535758240299,0.0,106.68625269132617,-3.3188231923477183,-12.808003382980221,0.0,-4.640585299924304,0.5883034504779852,0.5883034504779852,0.0,0.0,0.9526273313735395,0.582654331046142,1.0,41.015119986831,20.39290158661497,57.57239716512467,147.96736424778703,4.401838921369183,4.422593949552346,3.3696131215280545,5.508595556037851,4.848916770784997,False
100,148.17974605766776,10,"[-90.0, -45.0, -59.99999999999999, 180.0, 90.0, 45.0, -59.99999999999999, 180.0, 45.0, 59.99999999999999, 180.0, -135.0, 150.0, -59.99999999999999, 45.0, 45.0, 180.0, 59.99999999999999, 59.99999999999999, -59.99999999999999, -119.99999999999999, 135.0, -119.99999999999999, 59.99999999999999, 59.99999999999999, 90.0, 29.999999999999996, 59.99999999999999, 59.99999999999999, -59.99999999999999, -14.999999999999998, -59.99999999999999, -59.99999999999999]",7.4491810043119475,189.3581290511691,-115.2751399470925,-76.85009329806167,17.464834064228704,0.0,67.09037905200684,-2.6757881007141178,-12.408026753196237,0.0,-3.412125764670651,0.5883034516246725,0.5883034516246725,0.0,0.0,0.8907023786140439,0.3829093991554696,1.0,36.99172769930418,13.401828970441438,55.38932529068531,148.17974605766776,4.279411535011743,4.40350312186135,2.2451713305694274,5.508595556037851,4.848916770784997,False
101,148.33281667530932,10,"[-90.0, -45.0, -59.99999999999999, 180.0, 90.0, 45.0, -59.99999999999999, 180.0, 45.0, 59.99999999999999, 180.0, -135.0, 150.0, -59.99999999999999, 45.0, 45.0, 180.0, 59.99999999999999, 59.99999999999999, -59.99999999999999, -119.99999999999999, 135.0, -45.0, 160.0, 180.0, -45.0, 145.0, 180.0, -59.99999999999999, -90.0, -75.0, 180.0, 59.99999999999999]",0.032390002518333155,127.1720488489266,-115.2751399470925,-76.85009329806167,17.20551835327845,0.0,150.72035499712882,-3.179368882866875,-16.207515429333196,-4.864435128502479,-7.859339590372481,0.5883034516246725,0.5883034516246725,0.0,0.0,0.9265962200006196,0.5104568183776268,1.0,38.777404356702505,17.865988643216937,57.935245963887525,148.33281667530932,5.580486026760343,4.470401274325146,2.8522512522127275,5.508595556037851,4.848916770784997,False
102,148.37803619149258,10,"[-90.0, -45.0, -59.99999999999999, 180.0, 90.0, 45.0, -59.99999999999999, 180.0, 45.0, 59.99999999999999, 180.0, -135.0, 150.0, -59.99999999999999, 45.0, 45.0, 180.0, 59.99999999999999, 59.99999999999999, -59.99999999999999, -135.0, 135.0, -45.0, 160.0, 180.0, -59.99999999999999, 115.0, -59.99999999999999, -59.99999999999999, 59.99999999999999, 29.999999999999996, -59.99999999999999, -59.99999999999999]",6.2182327169870435,156.64398615994176,-115.2751399470925,-76.85009329806167,18.913204658237234,0.0,106.37659745652985,-3.2601950584440047,-15.407562169765262,0.0,-6.419391076526229,0.5883034516246725,0.5883034516246725,0.0,0.0,0.9095850007734824,0.4346865833055838,1.0,37.96458762812363,15.214030415695433,58.147383641468565,148.37803619149258,4.384810983107613,4.343289958095234,2.711587682789818,5.508595556037851,4.848916770784997,False
103,148.60485240959707,10,"[-90.0, -45.0, -59.99999999999999, 180.0, 90.0, 45.0, -59.99999999999999, 180.0, 45.0, 59.99999999999999, 180.0, -165.0, 105.00000000000001, 59.99999999999999, -59.99999999999999, 145.0, 59.99999999999999, 29.999999999999996, 14.999999999999998, 59.99999999999999, -119.99999999999999, 135.0, 59.99999999999999, 45.0, 180.0, -59.99999999999999, 115.0, -59.99999999999999, -59.99999999999999, -59.99999999999999, -14.999999999999998, -59.99999999999999, -59.99999999999999]",0.32474904951281414,127.41116779235327,-40.465631421094756,-26.97708761406317,16.29535848048919,0.0,67.5162734659748,-2.4380663822495823,-12.408026753196253,-3.1189757198413366,-5.10029955282905,0.5883034504779852,0.5883034504779852,0.0,0.0,0.9264582004084541,0.5316844135635218,1.0,37.11756306065603,18.608954474723262,53.97278838877938,148.60485240959707,5.245147474207998,4.598259897929998,3.465698097784928,5.508595556037851,4.848916770784997,False
104,148.60776041097455,10,"[-90.0, -45.0, -59.99999999999999, 180.0, 90.0, 45.0, -59.99999999999999, 180.0, 45.0, 59.99999999999999, 180.0, -135.0, 150.0, -59.99999999999999, 45.0, 45.0, 180.0, 59.99999999999999, 59.99999999999999, -59.99999999999999, -105.00000000000001, 175.0, -90.0, 160.0, 180.0, -90.0, 119.99999999999999, 180.0, 59.99999999999999, -90.0, -75.0, 180.0, 59.99999999999999]",22.643228037478753,190.81350581128322,-115.2751399470925,-76.85009329806167,15.218484842684784,0.0,59.918617531265525,-2.3646921415146047,-16.207515429333192,0.0,-6.727031745422136,0.5883034516246725,0.5883034516246725,0.0,0.0,0.8898623343080616,0.4038553018434856,1.0,35.15824742879476,14.134935564521996,52.542990089218684,148.60776041097455,7.628061467038899,4.796590545357496,2.7941163457377693,5.508595556037851,4.848916770784997,False
105,148.9213519836377,10,"[-90.0, -45.0, -59.99999999999999, 180.0, 90.0, 45.0, -59.99999999999999, 180.0, 45.0, 59.99999999999999, 180.0, -165.0, 105.00000000000001, 59.99999999999999, -59.99999999999999, 145.0, 59.99999999999999, 29.999999999999996, 14.999999999999998, 59.99999999999999, -119.99999999999999, 135.0, 59.99999999999999, 45.0, 180.0, -59.99999999999999, 115.0, -59.99999999999999, -59.99999999999999, -90.0, -75.0, 180.0, 59.99999999999999]",0.32474904951281414,107.10031431882521,-40.465631421094756,-26.97708761406317,16.47513293647085,0.0,88.0620752185833,-2.4585631939320667,-12.80800338298022,-3.1189757198413366,-4.778049272384083,0.5883034504779852,0.5883034504779852,0.0,0.0,0.9381816367568109,0.526956355752287,1.0,37.645090648053866,18.443472451330045,55.22417591869049,148.9213519836377,5.245147474207998,4.598259897929998,3.465698097784928,5.508595556037851,4.848916770784997,False
106,149.69628526686498,10,"[-90.0, -45.0, -59.99999999999999, 180.0, 90.0, 45.0, -59.99999999999999, 180.0, 45.0, 59.99999999999999, 180.0, -135.0, 150.0, -59.99999999999999, -90.0, 135.0, -59.99999999999999, 29.999999999999996, 14.999999999999998, 59.99999999999999, -119.99999999999999, 135.0, -90.0, 160.0, 180.0, -45.0, 145.0, 180.0, -59.99999999999999, -150.0, 105.00000000000001, -59.99999999999999, 59.99999999999999]",52.14147200048128,55.50037526478605,-40.465631421094756,-26.97708761406317,16.093378039345417,0.0,89.10522866499466,-2.572169546246835,-12.80800338298022,0.0,-7.8866678040453015,0.5883034516246725,0.5883034516246725,0.0,0.0,0.9679651513623169,0.7186910369907266,1.0,39.928373486112314,25.15418629467543,60.45012875233598,149.69628526686498,8.729286980139154,4.821725794164488,2.740780312083955,5.508595556037851,4.848916770784997,False
107,149.77880092537725,10,"[-90.0, -45.0, -59.99999999999999, 180.0, 90.0, 45.0, -59.99999999999999, 180.0, 45.0, 59.99999999999999, 180.0, -135.0, 150.0, -59.99999999999999, 45.0, 45.0, 180.0, 59.99999999999999, 59.99999999999999, -59.99999999999999, -119.99999999999999, 135.0, -45.0, 160.0, 180.0, -59.99999999999999, 115.0, -59.99999999999999, -59.99999999999999, 59.99999999999999, 29.999999999999996, -59.99999999999999, -59.99999999999999]",0.02082388774955465,223.03378421205448,-115.2751399470925,-76.85009329806167,16.190789488340954,0.0,49.332082590991426,-2.4726331917476285,-15.407562169765262,0.0,-6.2316473967784285,0.5883034516246725,0.5883034516246725,0.0,0.0,0.8712647710175733,0.39858922962038373,1.0,34.32217662626684,13.95062303671343,53.48121484078269,149.77880092537725,5.435464912257665,4.476252607718327,2.7625670351793405,5.508595556037851,4.848916770784997,False
108,149.90824708708152,10,"[-90.0, -45.0, -59.99999999999999, 180.0, 90.0, 45.0, -59.99999999999999, 180.0, 45.0, 59.99999999999999, 180.0, -135.0, 150.0, -59.99999999999999, 45.0, 45.0, 180.0, 59.99999999999999, 59.99999999999999, -59.99999999999999, -135.0, 135.0, -90.0, 160.0, 180.0, -45.0, 145.0, 180.0, -59.99999999999999, -150.0, 105.00000000000001, -59.99999999999999, 59.99999999999999]",0.6003446414641908,141.4408157604729,-115.2751399470925,-76.85009329806167,17.486049462406736,0.0,130.6258217862787,-2.25456144285055,-15.807538799549228,0.0,-7.495847825673409,0.5883034516246725,0.5883034516246725,0.0,0.0,0.9183602795033344,0.3868044677576079,1.0,36.757363756328665,13.538156371516276,53.83777335248789,149.90824708708152,5.846509636652198,4.668405133036536,2.376701971869677,5.508595556037851,4.848916770784997,False
109,149.9289420534637,10,"[-90.0, -45.0, -59.99999999999999, 180.0, 90.0, 45.0, -59.99999999999999, 180.0, 45.0, 59.99999999999999, 180.0, -135.0, 150.0, -59.99999999999999, 45.0, 45.0, 180.0, 59.99999999999999, 59.99999999999999, -59.99999999999999, -119.99999999999999, 135.0, -75.0, 150.0, 59.99999999999999, -59.99999999999999, 115.0, -59.99999999999999, -59.99999999999999, -59.99999999999999, -14.999999999999998, -59.99999999999999, -59.99999999999999]",3.1868133267532883,212.32353858138882,-115.2751399470925,-76.85009329806167,16.732627198305906,0.0,54.82567999832417,-2.070711381550288,-12.40802675319624,0.0,-7.974142421094109,0.5883034516246725,0.5883034516246725,0.0,0.0,0.8774467309775533,0.3850759825050425,1.0,33.88396112526784,13.477659387676487,51.58201392398069,149.9289420534637,6.298349964207839,4.678075366496456,2.4857834512212946,5.508595556037851,4.848916770784997,False
110,150.02071208230703,10,"[-90.0, -45.0, -59.99999999999999, 180.0, 90.0, 45.0, -59.99999999999999, 180.0, 45.0, 59.99999999999999, 180.0, -135.0, 150.0, -59.99999999999999, 45.0, 45.0, 180.0, 59.99999999999999, 59.99999999999999, -59.99999999999999, -135.0, 119.99999999999999, -45.0, 160.0, 180.0, -75.0, 105.00000000000001, 180.0, -59.99999999999999, -105.00000000000001, 105.00000000000001, 59.99999999999999, -59.99999999999999]",0.002656862174502833,174.29183152402155,-115.2751399470925,-76.85009329806167,19.537951302748663,0.0,93.50834215032937,-2.6860547811023916,-15.80753879954923,0.0,-4.139639680847607,0.5883034516246725,0.5883034516246725,0.0,0.0,0.8993986542429889,0.3958021975380604,1.0,36.22398756599416,13.853076913832114,55.58363300367544,150.02071208230703,5.476948483023875,4.491244118535086,2.552305694713192,5.508595556037851,4.848916770784997,False
111,150.1659211489153,10,"[-90.0, -45.0, -59.99999999999999, 180.0, 90.0, 45.0, -59.99999999999999, 180.0, 45.0, 59.99999999999999, 180.0, -135.0, 150.0, -59.99999999999999, 45.0, 45.0, 180.0, 59.99999999999999, 59.99999999999999, -59.99999999999999, -135.0, 119.99999999999999, -90.0, 160.0, 180.0, 90.0, 29.999999999999996, 59.99999999999999, 59.99999999999999, 59.99999999999999, 29.999999999999996, -59.99999999999999, -59.99999999999999]",0.5304931524981381,205.67202549257962,-143.42103297533671,-95.6140219835578,15.568264249338538,0.0,96.83045577912992,-2.849850776043753,-15.40756216976526,0.0,-7.345175055109885,0.5883034516246725,0.5883034516246725,0.0,0.0,0.881285988171671,0.4022788374468403,1.0,34.866796233223255,14.07975931063941,55.52151499618556,150.1659211489153,5.174272152710844,4.385590692498762,2.9070472404308263,5.508595556037851,4.848916770784997,False
112,150.31371527278247,10,"[-90.0, -45.0, -59.99999999999999, 180.0, 90.0, 45.0, -59.99999999999999, 180.0, 45.0, 59.99999999999999, 180.0, -135.0, 150.0, -59.99999999999999, 45.0, 45.0, 180.0, 59.99999999999999, 59.99999999999999, -59.99999999999999, -119.99999999999999, 135.0, -59.99999999999999, 115.0, 59.99999999999999, -45.0, 145.0, 180.0, -59.99999999999999, -59.99999999999999, -14.999999999999998, -59.99999999999999, -59.99999999999999]",8.105253288583068,165.62989209901895,-115.2751399470925,-76.85009329806167,18.885585830471193,0.0,95.31263435886832,-2.509819986832924,-12.808003382980209,0.0,-7.614990438878106,0.5883034516246725,0.5883034516246725,0.0,0.0,0.904398330678777,0.39739834411107744,1.0,36.012974418810835,13.908942043887711,54.95282867585069,150.31371527278247,6.77320487656803,4.5745661384888985,2.756141438762126,5.508595556037851,4.848916770784997,False
113,150.50468968668653,10,"[-90.0, -45.0, -59.99999999999999, 180.0, 90.0, 45.0, -59.99999999999999, 180.0, 45.0, 59.99999999999999, 180.0, -135.0, 150.0, -59.99999999999999, 45.0, 45.0, 180.0, 59.99999999999999, 59.99999999999999, -59.99999999999999, -135.0, 135.0, -45.0, 160.0, 180.0, -90.0, 119.99999999999999, 180.0, 59.99999999999999, -150.0, 105.00000000000001, -59.99999999999999, 59.99999999999999]",1.4179649132610839,116.53658201369525,-115.2751399470925,-76.85009329806167,12.637276379970164,0.0,160.12263005894783,-3.1551085730235657,-15.807538799549226,0.0,-6.560279811147194,0.5883034516246725,0.5883034516246725,0.0,0.0,0.9327350175967127,0.42184766806098306,1.0,39.70940756774206,14.764668382134408,58.514222859920466,150.50468968668653,6.032534489636321,4.51201077285572,2.736002690965224,5.508595556037851,4.848916770784997,False
114,150.5469819261873,10,"[-90.0, -45.0, -59.99999999999999, 180.0, 90.0, 45.0, -59.99999999999999, 180.0, 45.0, 59.99999999999999, 180.0, -135.0, 150.0, -59.99999999999999, -75.0, 75.0, 180.0, 59.99999999999999, 59.99999999999999, -59.99999999999999, -135.0, 135.0, -45.0, 160.0, 180.0, -75.0, 105.00000000000001, 180.0, -59.99999999999999, 59.99999999999999, 29.999999999999996, -59.99999999999999, -59.99999999999999]",38.31901561412994,91.4087359831865,-40.465631421094756,-26.97708761406317,15.222464806329336,0.0,66.82976771900204,-2.5118030282869332,-15.80753879954923,0.0,-3.036332399154316,0.5883034516246725,0.5883034516246725,0.0,0.0,0.9472388248293295,0.49763527884597014,1.0,38.50086074202096,17.417234759608956,55.93124726054647,150.5469819261873,8.268357477427001,4.792008292724593,2.685942693125778,5.508595556037851,4.848916770784997,False
115,151.47350819044308,10,"[-90.0, -45.0, -59.99999999999999, 180.0, 90.0, 45.0, -59.99999999999999, 180.0, 45.0, 59.99999999999999, 180.0, -135.0, 150.0, -59.99999999999999, 45.0, 45.0, 180.0, 59.99999999999999, 59.99999999999999, -59.99999999999999, -135.0, 135.0, -75.0, 150.0, 59.99999999999999, -90.0, 119.99999999999999, 180.0, 59.99999999999999, -150.0, 105.00000000000001, -59.99999999999999, 59.99999999999999]",14.715414989295468,196.8917885277119,-115.2751399470925,-76.85009329806167,18.18070532292361,0.0,58.563536026248336,-2.514467667062113,-12.808003382980205,0.0,-6.868629130226044,0.5883034516246725,0.5883034516246725,0.0,0.0,0.8863539460157508,0.3932673269409197,1.0,35.35228422381612,13.76435644293219,53.92398682641711,151.47350819044308,7.215541604817293,4.710626152104579,2.5965806317957774,5.508595556037851,4.848916770784997,False
116,152.2920633983039,10,"[-90.0, -45.0, -59.99999999999999, 180.0, 90.0, 45.0, -59.99999999999999, 180.0, 45.0, 59.99999999999999, 180.0, -135.0, 150.0, -59.99999999999999, 45.0, 45.0, 180.0, 59.99999999999999, 59.99999999999999, -59.99999999999999, -135.0, 119.99999999999999, -45.0, 160.0, 180.0, -75.0, 75.0, -59.99999999999999, 59.99999999999999, -90.0, -75.0, 180.0, 59.99999999999999]",0.0025419415364926726,128.08955391127216,-115.2751399470925,-76.85009329806167,16.010326905033523,0.0,146.84569340581288,-3.226558964812025,-15.807538799549226,0.0,-4.935118505522111,0.5883034516246725,0.5883034516246725,0.0,0.0,0.9260666355490492,0.40587042613651647,1.0,39.639883512819104,14.205464914778076,57.96021524959819,152.2920633983039,5.477452532131112,4.470288333250228,2.516612299655968,5.508595556037851,4.848916770784997,False
117,152.69269687155986,10,"[-90.0, -45.0, -59.99999999999999, 180.0, 90.0, 45.0, -59.99999999999999, 180.0, 45.0, 59.99999999999999, 180.0, -135.0, 150.0, -59.99999999999999, -90.0, 135.0, -59.99999999999999, 29.999999999999996, 14.999999999999998, 59.99999999999999, -119.99999999999999, 135.0, 59.99999999999999, 45.0, 180.0, -59.99999999999999, 115.0, -59.99999999999999, -59.99999999999999, -90.0, -75.0, 180.0, 59.99999999999999]",8.823116807927846,120.04689454706423,-40.60796006616949,-27.071973377446326,16.002725707063703,0.0,75.5014854851741,-3.237048135058566,-12.80800338298022,-3.6998196855098464,-7.916997857576575,0.5883034516246725,0.5883034516246725,0.0,0.0,0.9307088631762976,0.4278793658066018,1.0,39.830454071143805,14.975777803231063,61.93906094777843,152.69269687155986,4.171608731741446,4.6267202245892145,3.500614695961601,5.508595556037851,4.848916770784997,False
118,153.0830243856188,10,"[-90.0, -45.0, -59.99999999999999, 180.0, 90.0, 45.0, -59.99999999999999, 180.0, 45.0, 59.99999999999999, 180.0, -135.0, 150.0, -59.99999999999999, 45.0, 45.0, 180.0, 59.99999999999999, 59.99999999999999, -59.99999999999999, -135.0, 119.99999999999999, -45.0, 160.0, 180.0, -45.0, 145.0, 180.0, -59.99999999999999, -59.99999999999999, -14.999999999999998, -59.99999999999999, -59.99999999999999]",4.124740137280949,104.62375898759001,-115.2751399470925,-76.85009329806167,18.26324922457949,0.0,167.96576160525674,-3.451420302838768,-15.80753879954923,0.0,-7.948689971232579,0.5883034516246725,0.5883034516246725,0.0,0.0,0.9396111059234691,0.4512370333326965,1.0,40.53861657598542,15.793296166644378,59.964142075030246,153.0830243856188,4.59173350416511,4.411959429929279,2.617540398879397,5.508595556037851,4.848916770784997,False
119,153.13715558053775,10,"[-90.0, -45.0, -59.99999999999999, 180.0, 90.0, 45.0, -59.99999999999999, 180.0, 45.0, 59.99999999999999, 180.0, -165.0, 105.00000000000001, 59.99999999999999, -59.99999999999999, 145.0, 59.99999999999999, 29.999999999999996, 14.999999999999998, 59.99999999999999, -135.0, 135.0, 59.99999999999999, 45.0, 180.0, -59.99999999999999, 115.0, -59.99999999999999, -59.99999999999999, -105.00000000000001, 105.00000000000001, 59.99999999999999, -59.99999999999999]",16.623261301255276,48.577508516560044,-46.429611700511984,-30.953074467007987,17.299604926687813,0.0,138.71291520995342,-3.5012230923901164,-12.408026753196253,-3.6833286346518124,-2.642247643646611,0.5883034504779852,0.5883034504779852,0.0,0.0,0.9719610340452757,0.6329300892233286,1.0,42.433885108770234,22.152553122816503,58.44673254069181,153.13715558053775,3.6766371013286863,4.369982659063782,3.3898051535045712,5.508595556037851,4.848916770784997,False
120,153.28866226645243,10,"[-90.0, -45.0, -59.99999999999999, 180.0, 90.0, 45.0, -59.99999999999999, 180.0, 45.0, 59.99999999999999, 180.0, -135.0, 150.0, -59.99999999999999, -75.0, 75.0, 180.0, 59.99999999999999, 59.99999999999999, -59.99999999999999, -135.0, 135.0, -45.0, 160.0, 180.0, -75.0, 115.0, 180.0, -59.99999999999999, 59.99999999999999, 29.999999999999996, -59.99999999999999, -59.99999999999999]",38.235203258091374,100.76908747373693,-40.465631421094756,-26.97708761406317,15.21242783176764,0.0,60.75724943821183,-2.428216276891404,-15.80753879954923,0.0,-3.5722226894446356,0.5883034516246725,0.5883034516246725,0.0,0.0,0.9418360245461835,0.456986793088386,1.0,38.18119831688651,15.99453775809351,55.72095203166612,153.28866226645243,8.265328308107064,4.800984981977588,2.6768707919533847,5.508595556037851,4.848916770784997,False
121,153.73702323890646,10,"[-90.0, -45.0, -59.99999999999999, 180.0, 90.0, 45.0, -59.99999999999999, 180.0, 45.0, 59.99999999999999, 180.0, -135.0, 150.0, -59.99999999999999, 45.0, 45.0, 180.0, 59.99999999999999, 59.99999999999999, -59.99999999999999, -135.0, 135.0, -45.0, 160.0, 180.0, -75.0, 115.0, 180.0, -59.99999999999999, -59.99999999999999, -14.999999999999998, -59.99999999999999, -59.99999999999999]",0.6428785635466914,110.32466305736158,-115.2751399470925,-76.85009329806167,19.942485642652695,0.0,164.46375149461247,-3.4004110848490683,-15.80753879954923,0.0,-7.741969139400835,0.5883034516246725,0.5883034516246725,0.0,0.0,0.9363205408038318,0.41722826223007814,1.0,40.013961834469946,14.602989178052734,59.94929716121075,153.73702323890646,5.14142544330455,4.424359901967266,2.699386706666084,5.508595556037851,4.848916770784997,False
122,153.9096830524829,10,"[-90.0, -45.0, -59.99999999999999, 180.0, 90.0, 45.0, -59.99999999999999, 180.0, 45.0, 59.99999999999999, 180.0, -135.0, 150.0, -59.99999999999999, 45.0, 45.0, 180.0, 59.99999999999999, 59.99999999999999, -59.99999999999999, -135.0, 135.0, -75.0, 150.0, 59.99999999999999, -75.0, 115.0, 180.0, -59.99999999999999, -150.0, 105.00000000000001, -59.99999999999999, 59.99999999999999]",4.464938944002103,146.40200338869187,-115.2751399470925,-76.85009329806167,19.429391494178233,0.0,119.97306254193839,-2.472585483294499,-12.808003382980207,0.0,-6.392287954585143,0.5883034516246725,0.5883034516246725,0.0,0.0,0.9154966791407261,0.39765741888922285,1.0,36.29040876160489,13.918009661122799,54.34399497525466,153.9096830524829,6.444980311329512,4.637957628106795,2.50933241038732,5.508595556037851,4.848916770784997,False
123,154.19858211614238,10,"[-90.0, -45.0, -59.99999999999999, 180.0, 90.0, 45.0, -59.99999999999999, 180.0, 45.0, 59.99999999999999, 180.0, -135.0, 150.0, -59.99999999999999, 45.0, 45.0, 180.0, 59.99999999999999, 59.99999999999999, -59.99999999999999, -135.0, 135.0, -45.0, 160.0, 180.0, -75.0, 105.00000000000001, 180.0, -59.99999999999999, -59.99999999999999, -14.999999999999998, -59.99999999999999, -59.99999999999999]",1.2214335341329488,114.73252825056282,-115.2751399470925,-76.85009329806167,19.955802244837443,0.0,159.5237798908762,-3.5345076601394805,-15.80753879954923,0.0,-7.206078849110515,0.5883034516246725,0.5883034516246725,0.0,0.0,0.9337763184700936,0.41270870512805247,1.0,39.85360005010431,14.444804679481836,59.797917390167584,154.19858211614238,5.005746313289835,4.410689234614565,2.6767563574151403,5.508595556037851,4.848916770784997,False
124,154.63535358143596,10,"[-90.0, -45.0, -59.99999999999999, 180.0, 90.0, 45.0, -59.99999999999999, 180.0, 45.0, 59.99999999999999, 180.0, -165.0, 105.00000000000001, 59.99999999999999, -59.99999999999999, 145.0, 59.99999999999999, 29.999999999999996, 14.999999999999998, 59.99999999999999, -135.0, 135.0, 59.99999999999999, 45.0, 180.0, -75.0, 115.0, 180.0, -59.99999999999999, -150.0, 105.00000000000001, -59.99999999999999, 59.99999999999999]",5.9711706521356325,34.88124806608465,-43.83807476960876,-29.225383179739172,17.38111365232269,0.0,159.63361654030547,-3.655575540981416,-12.80800338298022,0.0,-3.5184450863200825,0.5883034504779852,0.5883034504779852,0.0,0.0,0.9798665234827794,0.639746834789432,1.0,42.79705691872193,22.39113921763012,57.77527761416248,154.63535358143596,4.407189801279689,4.43160263449389,3.394469569823174,5.508595556037851,4.848916770784997,False
125,154.7642849502218,10,"[-90.0, -45.0, -59.99999999999999, 180.0, 90.0, 45.0, -59.99999999999999, 180.0, 45.0, 59.99999999999999, 180.0, -135.0, 150.0, -59.99999999999999, 45.0, 45.0, 180.0, 59.99999999999999, 59.99999999999999, -59.99999999999999, -105.00000000000001, 175.0, -90.0, 160.0, 180.0, -90.0, 119.99999999999999, 180.0, 59.99999999999999, -150.0, 105.00000000000001, -59.99999999999999, 59.99999999999999]",22.643228037478753,202.22266186694253,-115.2751399470925,-76.85009329806167,15.19451159624199,0.0,52.89345076037965,-2.303940493831533,-15.807538799549226,0.0,-5.3912515219725625,0.5883034516246725,0.5883034516246725,0.0,0.0,0.8832769628473637,0.388324821751373,1.0,34.95108852845237,13.591368761298055,51.9423011375165,154.7642849502218,7.628061467038899,4.796590545357496,2.7941163457377693,5.508595556037851,4.848916770784997,False
126,154.8167440405203,10,"[-90.0, -45.0, -59.99999999999999, 180.0, 90.0, 45.0, -59.99999999999999, 180.0, 45.0, 59.99999999999999, 180.0, -135.0, 150.0, -59.99999999999999, 45.0, 45.0, 180.0, 59.99999999999999, 59.99999999999999, -59.99999999999999, -135.0, 135.0, -45.0, 160.0, 180.0, -90.0, 105.00000000000001, -59.99999999999999, -59.99999999999999, -90.0, -75.0, 180.0, 59.99999999999999]",0.6682190025161685,84.7388723814595,-115.2751399470925,-76.85009329806167,21.132535023611915,0.0,188.69334099254053,-3.184793816507058,-15.807538799549228,0.0,-6.737054248083689,0.5883034516246725,0.5883034516246725,0.0,0.0,0.9510886739500956,0.4128065330006762,1.0,39.930189504355226,14.448228655023668,59.369749981771676,154.8167440405203,5.865573249162509,4.494470636971433,2.6997317600560278,5.508595556037851,4.848916770784997,False
127,154.84385792406144,10,"[-90.0, -45.0, -59.99999999999999, 180.0, 90.0, 45.0, -59.99999999999999, 180.0, 45.0, 59.99999999999999, 180.0, -135.0, 150.0, -59.99999999999999, 45.0, 45.0, 180.0, 29.999999999999996, 14.999999999999998, 59.99999999999999, -75.0, 145.0, -59.99999999999999, 115.0, 59.99999999999999, -59.99999999999999, 115.0, -59.99999999999999, -59.99999999999999, -150.0, 105.00000000000001, -59.99999999999999, 59.99999999999999]",0.7000863477922652,178.00314666086877,-115.2751399470925,-76.85009329806167,16.25871201794063,0.0,94.23835431718935,-3.192142179314951,-9.40849133662723,-3.8423331985717395,-3.226638209747845,0.5883034516246725,0.5883034516246725,0.0,0.0,0.8972564810038275,0.3843701901931606,1.0,38.81180175022496,13.452956656760621,58.48827916831291,154.84385792406144,5.125811184616038,4.64959240010718,2.554519307948756,5.508595556037851,4.848916770784997,False
128,155.3969463010391,10,"[-90.0, -45.0, -59.99999999999999, 180.0, 90.0, 45.0, -59.99999999999999, 180.0, 45.0, 59.99999999999999, 180.0, -135.0, 150.0, -59.99999999999999, -75.0, 75.0, 180.0, 59.99999999999999, 59.99999999999999, -59.99999999999999, -135.0, 135.0, -45.0, 160.0, 180.0, -59.99999999999999, 115.0, -59.99999999999999, -59.99999999999999, 59.99999999999999, 29.999999999999996, -59.99999999999999, -59.99999999999999]",28.04743101288022,94.45145154438389,-40.465631421094756,-26.97708761406317,15.103707083799588,0.0,80.81482683896789,-2.4285070641213746,-15.407562169765262,-1.6232826438289047,-3.6837903318068617,0.5883034516246725,0.5883034516246725,0.0,0.0,0.9454825676511494,0.48418072207171975,1.0,38.54385352677606,16.94632527251019,56.70265476723129,155.3969463010391,7.868435391260662,4.71737544964809,2.6698855842594362,5.508595556037851,4.848916770784997,False
129,155.48919837718054,10,"[-90.0, -45.0, -59.99999999999999, 180.0, 90.0, 45.0, -59.99999999999999, 180.0, 45.0, 59.99999999999999, 180.0, -135.0, 150.0, -59.99999999999999, 45.0, 45.0, 180.0, 59.99999999999999, 59.99999999999999, -59.99999999999999, -135.0, 119.99999999999999, -75.0, 150.0, 59.99999999999999, -45.0, 145.0, 180.0, -59.99999999999999, -59.99999999999999, -14.999999999999998, -59.99999999999999, -59.99999999999999]",2.2524937627240753,214.55160206075988,-115.2751399470925,-76.85009329806167,17.702607818643852,0.0,58.95271945425133,-2.218345550439137,-12.808003382980209,0.0,-8.257039290311429,0.5883034516246725,0.5883034516246725,0.0,0.0,0.8761606914512208,0.387778714716688,1.0,33.77180401074622,13.57225501508408,52.21533940409972,155.48919837718054,6.171192038499277,4.652666029781473,2.412203038354482,5.508595556037851,4.848916770784997,False
130,156.47573175914994,10,"[-90.0, -45.0, -59.99999999999999, 180.0, 90.0, 45.0, -59.99999999999999, 180.0, 45.0, 59.99999999999999, 180.0, -135.0, 150.0, -59.99999999999999, -75.0, 75.0, 180.0, 59.99999999999999, 59.99999999999999, -59.99999999999999, -135.0, 135.0, -45.0, 160.0, 180.0, -75.0, 115.0, 180.0, -59.99999999999999, -90.0, -75.0, 180.0, 59.99999999999999]",38.235203258091374,28.363184819465896,-40.465631421094756,-26.97708761406317,15.453940178433944,0.0,137.77374185586027,-2.581376839661766,-16.207515429333196,0.0,-4.684118114236499,0.5883034516246725,0.5883034516246725,0.0,0.0,0.9836287533509578,0.8478768849768786,1.0,40.74237969982337,29.67569097419075,59.672183905785346,156.47573175914994,8.265328308107064,4.800984981977588,2.6768707919533847,5.508595556037851,4.848916770784997,False
131,156.6310881350922,10,"[-90.0, -45.0, -59.99999999999999, 180.0, 90.0, 45.0, -59.99999999999999, 180.0, 45.0, 59.99999999999999, 180.0, -165.0, 105.00000000000001, 59.99999999999999, -59.99999999999999, 145.0, 59.99999999999999, 29.999999999999996, 14.999999999999998, 59.99999999999999, -135.0, 135.0, 59.99999999999999, 45.0, 180.0, -90.0, 119.99999999999999, 180.0, 59.99999999999999, -150.0, 105.00000000000001, -59.99999999999999, 59.99999999999999]",0.9182834774647339,69.61117372252941,-43.83807476960876,-29.225383179739172,16.950086515299464,0.0,132.37814157796313,-3.174036194092576,-12.808003382980218,0.0,-3.994786261960983,0.5883034504779852,0.5883034504779852,0.0,0.0,0.9598203903477464,0.6194792487761088,1.0,40.910743834651726,21.68177370716381,57.12903054206517,156.6310881350922,5.07144814141933,4.490203915895135,3.435610166741981,5.508595556037851,4.848916770784997,False
132,157.1158490435606,10,"[-90.0, -45.0, -59.99999999999999, 180.0, 90.0, 45.0, -59.99999999999999, 180.0, 45.0, 59.99999999999999, 180.0, -135.0, 150.0, -59.99999999999999, 45.0, 45.0, 180.0, 59.99999999999999, 59.99999999999999, -59.99999999999999, -105.00000000000001, 175.0, -105.00000000000001, 165.0, 180.0, -90.0, 119.99999999999999, 180.0, 59.99999999999999, -150.0, 105.00000000000001, -59.99999999999999, 59.99999999999999]",20.19439161283968,223.6038119734421,-115.2751399470925,-76.85009329806167,15.244546338147488,0.0,36.51018108140323,-2.0624195157970897,-15.807538799549226,0.0,-5.880287151457756,0.5883034516246725,0.5883034516246725,0.0,0.0,0.87093575066468,0.38480158790398195,1.0,33.98677488973714,13.468055576639369,50.57858753843285,157.1158490435606,7.509696077163892,4.863658871716324,2.645710704672761,5.508595556037851,4.848916770784997,False
133,157.3230576982084,10,"[-90.0, -45.0, -59.99999999999999, 180.0, 90.0, 45.0, -59.99999999999999, 180.0, 45.0, 59.99999999999999, 180.0, -135.0, 150.0, -59.99999999999999, 45.0, 45.0, 180.0, 59.99999999999999, 59.99999999999999, -59.99999999999999, -119.99999999999999, 135.0, -45.0, 160.0, 180.0, -45.0, 145.0, 180.0, -59.99999999999999, -75.0, 175.0, -59.99999999999999, 180.0]",0.032390002518333155,200.99965660409322,-115.2751399470925,-76.85009329806167,17.646430232744716,0.0,79.06253772269837,-2.935498840127268,-15.80753879954923,0.0,-6.988082728701903,0.5883034516246725,0.5883034516246725,0.0,0.0,0.8839828821909996,0.4472304567674379,1.0,36.0976156421761,15.653065986860327,55.565588341999906,157.3230576982084,5.580486026760343,4.470401274325146,2.8522512522127275,5.508595556037851,4.848916770784997,False
134,157.34486322409492,10,"[-90.0, -45.0, -59.99999999999999, 180.0, 90.0, 45.0, -59.99999999999999, 180.0, 45.0, 59.99999999999999, 180.0, -135.0, 150.0, -59.99999999999999, 45.0, 45.0, 180.0, 59.99999999999999, 59.99999999999999, -59.99999999999999, -119.99999999999999, 135.0, -75.0, 150.0, 59.99999999999999, -59.99999999999999, 115.0, -59.99999999999999, -59.99999999999999, -105.00000000000001, 105.00000000000001, 59.99999999999999, -59.99999999999999]",3.1868133267532883,223.2634582041696,-115.2751399470925,-76.85009329806167,16.77756138009094,0.0,48.57782571174486,-2.0375853178358625,-12.40802675319624,0.0,-5.32834683216387,0.5883034516246725,0.5883034516246725,0.0,0.0,0.8711322030567564,0.3844485472554202,1.0,33.51656360600766,13.455699153939708,51.081953128112126,157.34486322409492,6.298349964207839,4.678075366496456,2.4857834512212946,5.508595556037851,4.848916770784997,False
135,157.417448961391,10,"[-90.0, -45.0, -59.99999999999999, 180.0, 90.0, 45.0, -59.99999999999999, 180.0, 45.0, 59.99999999999999, 180.0, -135.0, 150.0, -59.99999999999999, 45.0, 45.0, 180.0, 59.99999999999999, 59.99999999999999, -59.99999999999999, -135.0, 135.0, -90.0, 160.0, 180.0, -75.0, 105.00000000000001, 180.0, -59.99999999999999, -90.0, -75.0, 180.0, 59.99999999999999]",10.161851318206654,206.76233003702163,-115.2751399470925,-76.85009329806167,17.793773704869967,0.0,63.50378178960873,-2.241562615846734,-16.207515429333196,0.0,-7.668373347668248,0.5883034516246725,0.5883034516246725,0.0,0.0,0.8806566637592949,0.38947937968113655,1.0,34.163374202354554,13.63177828883978,52.2359977032673,157.417448961391,6.9256122416847195,4.73367631795977,2.4349119901801783,5.508595556037851,4.848916770784997,False
136,157.67264435953263,10,"[-90.0, -45.0, -59.99999999999999, 180.0, 90.0, 45.0, -59.99999999999999, 180.0, 45.0, 59.99999999999999, 180.0, -165.0, 105.00000000000001, 59.99999999999999, -59.99999999999999, 145.0, 59.99999999999999, 29.999999999999996, 14.999999999999998, 59.99999999999999, -135.0, 135.0, 59.99999999999999, 45.0, 180.0, -75.0, 115.0, 180.0, -59.99999999999999, -59.99999999999999, -14.999999999999998, -59.99999999999999, -59.99999999999999]",5.9711706521356325,92.2340168286996,-43.83807476960876,-29.225383179739172,17.174081998202762,0.0,106.77632831127522,-3.2487031384549563,-12.808003382980221,0.0,-5.176475590214624,0.5883034504779852,0.5883034504779852,0.0,0.0,0.9467624722489469,0.5673867254131891,1.0,40.62870139094358,19.85853538946162,57.65291918764534,157.67264435953263,4.407189801279689,4.43160263449389,3.394469569823174,5.508595556037851,4.848916770784997,False
137,157.7496180276903,10,"[-90.0, -45.0, -59.99999999999999, 180.0, 90.0, 45.0, -59.99999999999999, 180.0, 45.0, 59.99999999999999, 180.0, -135.0, 150.0, -59.99999999999999, 45.0, 45.0, 180.0, 59.99999999999999, 59.99999999999999, -59.99999999999999, -135.0, 119.99999999999999, -75.0, 150.0, 59.99999999999999, -75.0, 75.0, -59.99999999999999, 59.99999999999999, -90.0, -75.0, 180.0, 59.99999999999999]",18.329325857837485,213.30404635895908,-115.2751399470925,-76.85009329806167,17.34416401959258,0.0,43.764239203080486,-2.253849708730308,-12.808003382980203,0.0,-5.243467824600961,0.5883034516246725,0.5883034516246725,0.0,0.0,0.8768807813223901,0.38615347303205605,1.0,34.35183958786679,13.515371556121961,52.151186345177955,157.7496180276903,7.414644920492439,4.6952754621516135,2.4950428925572927,5.508595556037851,4.848916770784997,False
138,158.90164838122234,10,"[-90.0, -45.0, -59.99999999999999, 180.0, 90.0, 45.0, -59.99999999999999, 180.0, 45.0, 59.99999999999999, 180.0, -135.0, 150.0, -59.99999999999999, 45.0, 45.0, 180.0, 59.99999999999999, 59.99999999999999, -59.99999999999999, -119.99999999999999, 135.0, -45.0, 160.0, 180.0, -75.0, 115.0, 180.0, -59.99999999999999, 59.99999999999999, 29.999999999999996, -59.99999999999999, -59.99999999999999]",2.0844060028094678,239.78094346117132,-115.2751399470925,-76.85009329806167,16.469495801331526,0.0,39.37677653464849,-2.1955183693052027,-15.80753879954923,0.0,-6.120079754416203,0.5883034516246725,0.5883034516246725,0.0,0.0,0.861598301032513,0.3914993093855465,1.0,33.32296505202518,13.702475828494128,52.237436067418486,158.90164838122234,6.1456633802236995,4.560853642489402,2.7491641293206386,5.508595556037851,4.848916770784997,False
139,159.0354053404867,10,"[-90.0, -45.0, -59.99999999999999, 180.0, 90.0, 45.0, -59.99999999999999, 180.0, 45.0, 59.99999999999999, 180.0, -135.0, 150.0, -59.99999999999999, -75.0, 75.0, 180.0, 59.99999999999999, 59.99999999999999, -59.99999999999999, -135.0, 135.0, -45.0, 160.0, 180.0, -90.0, 105.00000000000001, -59.99999999999999, -59.99999999999999, -90.0, -75.0, 180.0, 59.99999999999999]",46.78334677392827,68.7087339937353,-40.465631421094756,-26.97708761406317,15.537490364100854,0.0,90.02887767362238,-2.3367231925164753,-15.807538799549228,0.0,-4.0014535033643215,0.5883034516246725,0.5883034516246725,0.0,0.0,0.9603412790800951,0.6217218882768442,1.0,39.16522351394333,21.760266089689544,57.63483397843128,159.0354053404867,8.558867332001448,4.872255677413498,2.7051836236432685,5.508595556037851,4.848916770784997,False
140,159.1206031694835,10,"[-90.0, -45.0, -59.99999999999999, 180.0, 90.0, 45.0, -59.99999999999999, 180.0, 45.0, 59.99999999999999, 180.0, -165.0, 105.00000000000001, 59.99999999999999, -59.99999999999999, 145.0, 59.99999999999999, 29.999999999999996, 14.999999999999998, 59.99999999999999, -119.99999999999999, 135.0, 59.99999999999999, 45.0, 180.0, -90.0, 119.99999999999999, 180.0, 59.99999999999999, -150.0, 105.00000000000001, -59.99999999999999, 59.99999999999999]",7.524554179594558,143.00681335842813,-40.465631421094756,-26.97708761406317,16.195487939677207,0.0,51.257973274769896,-2.3718516471761344,-12.808003382980218,0.0,-3.8070425822131835,0.5883034504779852,0.5883034504779852,0.0,0.0,0.9174563847859,0.5593520913104524,1.0,36.364322814943606,19.577323195865834,52.89013575128401,159.1206031694835,6.726748073533809,4.726853093661284,3.5447467244290713,5.508595556037851,4.848916770784997,False
141,159.25492470047385,10,"[-90.0, -45.0, -59.99999999999999, 180.0, 90.0, 45.0, -59.99999999999999, 180.0, 45.0, 59.99999999999999, 180.0, -165.0, 105.00000000000001, 59.99999999999999, -59.99999999999999, 145.0, 59.99999999999999, 29.999999999999996, 14.999999999999998, 59.99999999999999, -135.0, 135.0, 59.99999999999999, 45.0, 180.0, -59.99999999999999, 115.0, -59.99999999999999, -59.99999999999999, -59.99999999999999, -14.999999999999998, -59.99999999999999, -59.99999999999999]",16.623261301255276,65.61992593475776,-46.429611700511984,-30.953074467007987,17.12870045295268,0.0,130.5525410853524,-3.4487972033853396,-12.408026753196253,-3.6833286346518124,-5.288043232576849,0.5883034504779852,0.5883034504779852,0.0,0.0,0.9621241408745986,0.5689395934872121,1.0,41.91532584412422,19.912885772052423,59.05146822911034,159.25492470047385,3.6766371013286863,4.369982659063782,3.3898051535045712,5.508595556037851,4.848916770784997,False
142,159.57858469862632,10,"[-90.0, -45.0, -59.99999999999999, 180.0, 90.0, 45.0, -59.99999999999999, 180.0, 45.0, 59.99999999999999, 180.0, -135.0, 150.0, -59.99999999999999, -75.0, 75.0, 180.0, 59.99999999999999, 59.99999999999999, -59.99999999999999, -135.0, 135.0, -45.0, 160.0, 180.0, -75.0, 105.00000000000001, 180.0, -59.99999999999999, -59.99999999999999, -14.999999999999998, -59.99999999999999, -59.99999999999999]",38.31901561412994,100.25813840177743,-40.465631421094756,-26.97708761406317,15.367233087797473,0.0,68.20541618097953,-2.4158737126475947,-15.80753879954923,0.0,-4.470478104391147,0.5883034516246725,0.5883034516246725,0.0,0.0,0.9421309446454388,0.40944238854871856,1.0,38.38659120048412,14.33048359920515,57.90781365747152,159.57858469862632,8.268357477427001,4.792008292724593,2.685942693125778,5.508595556037851,4.848916770784997,False
143,160.12213472367353,10,"[-90.0, -45.0, -59.99999999999999, 180.0, 90.0, 45.0, -59.99999999999999, 180.0, 45.0, 59.99999999999999, 180.0, -135.0, 150.0, -59.99999999999999, -75.0, 75.0, 180.0, 59.99999999999999, 59.99999999999999, -59.99999999999999, -135.0, 135.0, -45.0, 160.0, 180.0, -75.0, 115.0, 180.0, -59.99999999999999, -105.00000000000001, 105.00000000000001, 59.99999999999999, -59.99999999999999]",38.235203258091374,104.42303953222117,-40.465631421094756,-26.97708761406317,15.361111454198124,0.0,62.65737976317082,-2.50915970923746,-15.80753879954923,0.0,-2.3605728057512283,0.5883034516246725,0.5883034516246725,0.0,0.0,0.9397269613089633,0.4169416672690178,1.0,37.902064387025725,14.592958354415623,57.05696670185552,160.12213472367353,8.265328308107064,4.800984981977588,2.6768707919533847,5.508595556037851,4.848916770784997,False
144,160.16030597624749,10,"[-90.0, -45.0, -59.99999999999999, 180.0, 90.0, 45.0, -59.99999999999999, 180.0, 45.0, 59.99999999999999, 180.0, -135.0, 150.0, -59.99999999999999, -75.0, 75.0, 180.0, 59.99999999999999, 59.99999999999999, -59.99999999999999, -135.0, 135.0, -45.0, 160.0, 180.0, -90.0, 105.00000000000001, -59.99999999999999, -59.99999999999999, -150.0, 105.00000000000001, -59.99999999999999, 59.99999999999999]",46.78334677392827,87.06700218286493,-40.465631421094756,-26.97708761406317,15.525965141269422,0.0,71.21758159443388,-2.4830262970989097,-15.40756216976526,0.0,-2.6656732799147482,0.5883034516246725,0.5883034516246725,0.0,0.0,0.9497448760849265,0.6129673095655652,1.0,37.953593598306064,21.453855834794783,56.08694244443049,160.16030597624749,8.558867332001448,4.872255677413498,2.7051836236432685,5.508595556037851,4.848916770784997,False
145,160.29465491557838,10,"[-90.0, -45.0, -59.99999999999999, 180.0, 90.0, 45.0, -59.99999999999999, 180.0, 45.0, 59.99999999999999, 180.0, -135.0, 150.0, -59.99999999999999, 45.0, 45.0, 180.0, 59.99999999999999, 59.99999999999999, -59.99999999999999, -135.0, 119.99999999999999, -45.0, 160.0, 180.0, -90.0, 105.00000000000001, -59.99999999999999, -59.99999999999999, -150.0, 105.00000000000001, -59.99999999999999, 59.99999999999999]",3.6699653204009857,142.98457609555254,-115.2751399470925,-76.85009329806167,20.468460213474025,0.0,130.92445657632453,-2.6777741796391963,-15.40756216976526,0.0,-4.980630445301446,0.5883034516246725,0.5883034516246725,0.0,0.0,0.9174692201468673,0.39747520377788964,1.0,36.403218974570585,13.911632132226137,55.1609825983136,160.29465491557838,6.3567339517494315,4.5734460368672085,2.597634946257271,5.508595556037851,4.848916770784997,False
146,160.66725638601892,10,"[-90.0, -45.0, -59.99999999999999, 180.0, 90.0, 45.0, -59.99999999999999, 180.0, 45.0, 59.99999999999999, 180.0, -135.0, 150.0, -59.99999999999999, 45.0, 45.0, 180.0, 59.99999999999999, 59.99999999999999, -59.99999999999999, -119.99999999999999, 135.0, -59.99999999999999, 115.0, 59.99999999999999, -45.0, 145.0, 180.0, -59.99999999999999, -105.00000000000001, 105.00000000000001, 59.99999999999999, -59.99999999999999]",8.105253288583068,169.41003486663365,-115.2751399470925,-76.85009329806167,18.93242080446312,0.0,99.14975954206466,-2.4661773873296893,-12.808003382980209,0.0,-4.969194849947868,0.5883034516246725,0.5883034516246725,0.0,0.0,0.9022164300914091,0.392754688210038,1.0,36.066487607279946,13.74641408735133,54.89124056756323,160.66725638601892,6.77320487656803,4.5745661384888985,2.756141438762126,5.508595556037851,4.848916770784997,False
147,161.01343518986616,10,"[-90.0, -45.0, -59.99999999999999, 180.0, 90.0, 45.0, -59.99999999999999, 180.0, 45.0, 59.99999999999999, 180.0, -135.0, 150.0, -59.99999999999999, 45.0, 45.0, 180.0, 59.99999999999999, 59.99999999999999, -59.99999999999999, -135.0, 135.0, -75.0, 150.0, 59.99999999999999, -75.0, 105.00000000000001, 180.0, -59.99999999999999, -90.0, -75.0, 180.0, 59.99999999999999]",4.057453041555995,152.9639166301013,-115.2751399470925,-76.85009329806167,19.395917237546357,0.0,122.14833501515432,-2.4651923385153975,-13.207980012764175,0.0,-7.192177887744397,0.5883034516246725,0.5883034516246725,0.0,0.0,0.9117091390302445,0.39802262567960106,1.0,36.23928133960418,13.930791898786037,54.757824975774106,161.01343518986616,6.40082773509212,4.625412934509172,2.4965069062240524,5.508595556037851,4.848916770784997,False
148,161.06631394300913,10,"[-90.0, -45.0, -59.99999999999999, 180.0, 90.0, 45.0, -59.99999999999999, 180.0, 45.0, 59.99999999999999, 180.0, -135.0, 150.0, -59.99999999999999, 45.0, 45.0, 180.0, 59.99999999999999, 59.99999999999999, -59.99999999999999, -135.0, 135.0, -45.0, 160.0, 180.0, -90.0, 105.00000000000001, -59.99999999999999, -59.99999999999999, -59.99999999999999, -14.999999999999998, -59.99999999999999, -59.99999999999999]",0.6682190025161685,146.8373863077129,-115.2751399470925,-76.85009329806167,20.985872817787637,0.0,132.71886261603365,-2.990323607279489,-15.407562169765262,0.0,-7.059304528528656,0.5883034516246725,0.5883034516246725,0.0,0.0,0.915245375868564,0.4064352984727902,1.0,37.76095756004161,14.225235446547657,57.64240440950363,161.06631394300913,5.865573249162509,4.494470636971433,2.6997317600560278,5.508595556037851,4.848916770784997,False
149,161.50147641017003,10,"[-90.0, -45.0, -59.99999999999999, 180.0, 90.0, 45.0, -59.99999999999999, 180.0, 45.0, 59.99999999999999, 180.0, -135.0, 150.0, -59.99999999999999, 45.0, 45.0, 180.0, 59.99999999999999, 59.99999999999999, -59.99999999999999, -119.99999999999999, 135.0, -45.0, 160.0, 180.0, -90.0, 105.00000000000001, -59.99999999999999, -59.99999999999999, -105.00000000000001, 105.00000000000001, 59.99999999999999, -59.99999999999999]",8.789873530011079,222.35971515507083,-115.2751399470925,-76.85009329806167,17.01726830667832,0.0,49.88396203383074,-2.229178690337216,-15.407562169765262,0.0,-4.225765259850618,0.5883034516246725,0.5883034516246725,0.0,0.0,0.8716538440663373,0.3871576061487109,1.0,33.56377285789713,13.550516215204881,52.289345778913166,161.50147641017003,6.825886385027848,4.6344759889892115,2.74661053010197,5.508595556037851,4.848916770784997,False
150,161.54879333456662,10,"[-90.0, -45.0, -59.99999999999999, 180.0, 90.0, 45.0, -59.99999999999999, 180.0, 45.0, 59.99999999999999, 180.0, -135.0, 150.0, -59.99999999999999, 45.0, 45.0, 180.0, 59.99999999999999, 59.99999999999999, -59.99999999999999, -135.0, 135.0, -45.0, 160.0, 180.0, -90.0, 105.00000000000001, -59.99999999999999, -59.99999999999999, 59.99999999999999, 29.999999999999996, -59.99999999999999, -59.99999999999999]",0.6682190025161685,163.21874218613243,-115.2751399470925,-76.85009329806167,20.866295341362772,0.0,115.33040000199304,-2.815305708912859,-15.407562169765262,0.0,-5.625158823291826,0.5883034516246725,0.5883034516246725,0.0,0.0,0.9057900478002121,0.4154691790425972,1.0,36.704256455214114,14.541421266490904,56.375791561459316,161.54879333456662,5.865573249162509,4.494470636971433,2.6997317600560278,5.508595556037851,4.848916770784997,False
151,162.49602529762518,10,"[-90.0, -45.0, -59.99999999999999, 180.0, 90.0, 45.0, -59.99999999999999, 180.0, 45.0, 59.99999999999999, 180.0, -135.0, 150.0, -59.99999999999999, 45.0, 45.0, 180.0, 59.99999999999999, 59.99999999999999, -59.99999999999999, -119.99999999999999, 135.0, -45.0, 160.0, 180.0, -90.0, 119.99999999999999, 180.0, 59.99999999999999, -90.0, -75.0, 180.0, 59.99999999999999]",11.548811685827483,146.53767977800084,-115.2751399470925,-76.85009329806167,15.182506539373597,0.0,130.59308450327535,-2.7633889292020966,-16.207515429333192,0.0,-7.708316354848967,0.5883034516246725,0.5883034516246725,0.0,0.0,0.9154183666505045,0.4181133922462407,1.0,37.80540991519186,14.633968728618425,55.76256497164069,162.49602529762518,7.019790228013556,4.654123022288037,2.785912824085922,5.508595556037851,4.848916770784997,False
152,162.69083661225122,10,"[-90.0, -45.0, -59.99999999999999, 180.0, 90.0, 45.0, -59.99999999999999, 180.0, 45.0, 59.99999999999999, 180.0, -165.0, 105.00000000000001, 59.99999999999999, -59.99999999999999, 145.0, 59.99999999999999, 29.999999999999996, 14.999999999999998, 59.99999999999999, -119.99999999999999, 135.0, 59.99999999999999, 45.0, 180.0, -45.0, 145.0, 180.0, -59.99999999999999, -59.99999999999999, -14.999999999999998, -59.99999999999999, -59.99999999999999]",1.787766774154569,154.81844495129312,-40.465631421094756,-26.97708761406317,16.18492777807772,0.0,52.146098016128946,-2.356523772361605,-12.808003382980221,-1.5884494598132863,-5.616096321631238,0.5883034504779852,0.5883034504779852,0.0,0.0,0.9106387042128178,0.524321568236117,1.0,36.14156205038234,18.351254888264094,54.736670137759866,162.69083661225122,4.9020423469584875,4.582461720077931,3.5323052215697657,5.508595556037851,4.848916770784997,False
153,162.7834943257303,10,"[-90.0, -45.0, -59.99999999999999, 180.0, 90.0, 45.0, -59.99999999999999, 180.0, 45.0, 59.99999999999999, 180.0, -135.0, 150.0, -59.99999999999999, 45.0, 45.0, 180.0, 59.99999999999999, 59.99999999999999, -59.99999999999999, -119.99999999999999, 135.0, -45.0, 160.0, 180.0, -75.0, 115.0, 180.0, -59.99999999999999, -90.0, -75.0, 180.0, 59.99999999999999]",2.0844060028094678,117.01199940131467,-115.2751399470925,-76.85009329806167,17.015521113547894,0.0,167.7666138178086,-2.968718905741278,-16.207515429333196,0.0,-7.231975179208066,0.5883034516246725,0.5883034516246725,0.0,0.0,0.9324606064061676,0.4362433229132984,1.0,39.08614113788458,15.268516301965445,56.89677536301025,162.7834943257303,6.1456633802236995,4.560853642489402,2.7491641293206386,5.508595556037851,4.848916770784997,False
154,162.96995987066526,10,"[-90.0, -45.0, -59.99999999999999, 180.0, 90.0, 45.0, -59.99999999999999, 180.0, 45.0, 59.99999999999999, 180.0, -135.0, 150.0, -59.99999999999999, 45.0, 45.0, 180.0, 59.99999999999999, 59.99999999999999, -59.99999999999999, -135.0, 119.99999999999999, -45.0, 160.0, 180.0, -75.0, 105.00000000000001, 180.0, -59.99999999999999, -90.0, -75.0, 180.0, 59.99999999999999]",0.002656862174502833,94.75813227756692,-115.2751399470925,-76.85009329806167,19.676481715242407,0.0,190.70199562965007,-2.8222556704765385,-16.207515429333196,-1.9895140293581894,-6.463184989332878,0.5883034516246725,0.5883034516246725,0.0,0.0,0.9453055513549398,0.4006774073437071,1.0,39.344819130210595,14.023709257029749,58.21561989142311,162.96995987066526,5.476948483023875,4.491244118535086,2.552305694713192,5.508595556037851,4.848916770784997,False
155,163.13099041294157,10,"[-90.0, -45.0, -59.99999999999999, 180.0, 90.0, 45.0, -59.99999999999999, 180.0, 45.0, 59.99999999999999, 180.0, -135.0, 150.0, -59.99999999999999, 45.0, 45.0, 180.0, 59.99999999999999, 59.99999999999999, -59.99999999999999, -135.0, 119.99999999999999, -45.0, 160.0, 180.0, -75.0, 105.00000000000001, 180.0, -59.99999999999999, 59.99999999999999, 29.999999999999996, -59.99999999999999, -59.99999999999999]",0.002656862174502833,188.81427697997097,-115.2751399470925,-76.85009329806167,19.380765603257668,0.0,93.19883063682327,-2.4198748097267684,-15.80753879954923,0.0,-5.351289564541014,0.5883034516246725,0.5883034516246725,0.0,0.0,0.8910162903434511,0.3990238495952931,1.0,35.41426627714329,13.965834735835257,54.90190602857777,163.13099041294157,5.476948483023875,4.491244118535086,2.552305694713192,5.508595556037851,4.848916770784997,False
156,163.56594160470868,10,"[-90.0, -45.0, -59.99999999999999, 180.0, 90.0, 45.0, -59.99999999999999, 180.0, 45.0, 59.99999999999999, 180.0, -165.0, 105.00000000000001, 59.99999999999999, -59.99999999999999, 145.0, 59.99999999999999, 29.999999999999996, 14.999999999999998, 59.99999999999999, -119.99999999999999, 135.0, 59.99999999999999, 45.0, 180.0, -45.0, 145.0, 180.0, -59.99999999999999, -90.0, -75.0, 180.0, 59.99999999999999]",1.787766774154569,156.67163899505474,-40.465631421094756,-26.97708761406317,16.34257397769089,0.0,51.01580900614159,-2.284243663952574,-13.207980012764187,-1.5884494598132863,-5.293846041186271,0.5883034504779852,0.5883034504779852,0.0,0.0,0.909569039541094,0.5238824557544928,1.0,36.116401079138605,18.335885951407246,55.09751849615003,163.56594160470868,4.9020423469584875,4.582461720077931,3.5323052215697657,5.508595556037851,4.848916770784997,False
157,163.7358070080061,10,"[-90.0, -45.0, -59.99999999999999, 180.0, 90.0, 45.0, -59.99999999999999, 180.0, 45.0, 59.99999999999999, 180.0, -135.0, 150.0, -59.99999999999999, -75.0, 75.0, 180.0, 59.99999999999999, 59.99999999999999, -59.99999999999999, -135.0, 119.99999999999999, 59.99999999999999, 45.0, 180.0, -45.0, 145.0, 180.0, -59.99999999999999, -105.00000000000001, 105.00000000000001, 59.99999999999999, -59.99999999999999]",2.193907202527013,154.46419333312988,-40.465631421094756,-26.97708761406317,15.26592408792714,0.0,52.3294986627575,-2.2706644938465264,-15.80753879954923,0.0,-2.562185015469562,0.5883034516246725,0.5883034516246725,0.0,0.0,0.9108431784512959,0.4276853135047091,1.0,37.620293633385494,14.96898597266482,55.58099462209877,163.7358070080061,4.8375942025424274,4.722336848469079,3.4251542225068836,5.508595556037851,4.848916770784997,False
158,164.15459982972442,10,"[-90.0, -45.0, -59.99999999999999, 180.0, 90.0, 45.0, -59.99999999999999, 180.0, 45.0, 59.99999999999999, 180.0, -135.0, 150.0, -59.99999999999999, 45.0, 45.0, 180.0, 59.99999999999999, 59.99999999999999, -59.99999999999999, -135.0, 135.0, -75.0, 150.0, 59.99999999999999, -75.0, 105.00000000000001, 180.0, -59.99999999999999, -150.0, 105.00000000000001, -59.99999999999999, 59.99999999999999]",4.057453041555995,155.6557475182187,-115.2751399470925,-76.85009329806167,19.430466950640508,0.0,120.89576600428633,-2.533596142234233,-12.808003382980207,0.0,-5.856397664294824,0.5883034516246725,0.5883034516246725,0.0,0.0,0.9101554126878969,0.39758821260390476,1.0,36.0007411782232,13.915587441136667,54.236170271073156,164.15459982972442,6.40082773509212,4.625412934509172,2.4965069062240524,5.508595556037851,4.848916770784997,False
159,164.5629369041476,10,"[-90.0, -45.0, -59.99999999999999, 180.0, 90.0, 45.0, -59.99999999999999, 180.0, 45.0, 59.99999999999999, 180.0, -135.0, 150.0, -59.99999999999999, -75.0, 75.0, 180.0, 59.99999999999999, 59.99999999999999, -59.99999999999999, -135.0, 119.99999999999999, 59.99999999999999, 45.0, 180.0, -45.0, 145.0, 180.0, -59.99999999999999, -90.0, -75.0, 180.0, 59.99999999999999]",2.193907202527013,169.28532112977746,-40.465631421094756,-26.97708761406317,15.322063826751387,0.0,40.966409893454085,-2.234191425604254,-16.207515429333196,0.0,-4.885730323954833,0.5883034516246725,0.5883034516246725,0.0,0.0,0.9022884149323074,0.4212853617985438,1.0,37.178468618188624,14.744987662949033,56.40496745388051,164.5629369041476,4.8375942025424274,4.722336848469079,3.4251542225068836,5.508595556037851,4.848916770784997,False
160,164.84700889920293,10,"[-90.0, -45.0, -59.99999999999999, 180.0, 90.0, 45.0, -59.99999999999999, 180.0, 45.0, 59.99999999999999, 180.0, -135.0, 150.0, -59.99999999999999, 45.0, 45.0, 180.0, 59.99999999999999, 59.99999999999999, -59.99999999999999, -135.0, 119.99999999999999, -45.0, 160.0, 180.0, -90.0, 105.00000000000001, -59.99999999999999, -59.99999999999999, -90.0, -75.0, 180.0, 59.99999999999999]",3.6699653204009857,124.90170003868229,-115.2751399470925,-76.85009329806167,20.475085276506555,0.0,155.2538491761921,-2.642804948810911,-15.807538799549228,0.0,-6.316410668751019,0.5883034516246725,0.5883034516246725,0.0,0.0,0.9279066666443392,0.39897617333354146,1.0,37.39925958268784,13.96416606667395,56.34136578827499,164.84700889920293,6.3567339517494315,4.5734460368672085,2.597634946257271,5.508595556037851,4.848916770784997,False
161,165.27890839371625,10,"[-90.0, -45.0, -59.99999999999999, 180.0, 90.0, 45.0, -59.99999999999999, 180.0, 45.0, 59.99999999999999, 180.0, -135.0, 150.0, -59.99999999999999, 45.0, 45.0, 180.0, 59.99999999999999, 59.99999999999999, -59.99999999999999, -105.00000000000001, 175.0, -59.99999999999999, 90.0, 180.0, -45.0, 145.0, 180.0, -59.99999999999999, -59.99999999999999, -14.999999999999998, -59.99999999999999, -59.99999999999999]",61.70575290188599,153.0147879642411,-115.2751399470925,-76.85009329806167,16.273965544649137,0.0,72.31079361494024,-2.507135586634458,-15.80753879954923,0.0,-5.024880750348713,0.5883034516246725,0.5883034516246725,0.0,0.0,0.9116797760668162,0.416611011709631,1.0,35.12917538726173,14.581385409837084,53.79007646619055,165.27890839371625,9.012997378361845,4.582194166694072,3.38081631535604,5.508595556037851,4.848916770784997,False
162,165.9674482839342,10,"[-90.0, -45.0, -59.99999999999999, 180.0, 90.0, 45.0, -59.99999999999999, 180.0, 45.0, 59.99999999999999, 180.0, -135.0, 150.0, -59.99999999999999, 45.0, 45.0, 180.0, 59.99999999999999, 59.99999999999999, -59.99999999999999, -135.0, 135.0, -90.0, 160.0, 180.0, -75.0, 115.0, 180.0, -59.99999999999999, -90.0, -75.0, 180.0, 59.99999999999999]",10.780452838472254,215.35619274789664,-115.2751399470925,-76.85009329806167,17.779166269148696,0.0,63.357413989665524,-2.2071619984893345,-16.207515429333196,0.0,-8.204263637958569,0.5883034516246725,0.5883034516246725,0.0,0.0,0.8756962812421953,0.38954604271734106,1.0,33.888213467069086,13.634111495106938,52.14230520235725,165.9674482839342,6.968363227438787,4.749130673924817,2.4432219567466436,5.508595556037851,4.848916770784997,False
163,165.97518118165988,10,"[-90.0, -45.0, -59.99999999999999, 180.0, 90.0, 45.0, -59.99999999999999, 180.0, 45.0, 59.99999999999999, 180.0, -135.0, 150.0, -59.99999999999999, 45.0, 45.0, 180.0, 59.99999999999999, 59.99999999999999, -59.99999999999999, -135.0, 135.0, -105.00000000000001, 165.0, 180.0, 90.0, 29.999999999999996, 59.99999999999999, 59.99999999999999, 59.99999999999999, 29.999999999999996, -59.99999999999999, -59.99999999999999]",0.18089189029099909,223.6537975501173,-126.1619202257078,-84.10794681713854,15.662491746018368,0.0,78.3102804969847,-2.596247293975391,-15.40756216976526,0.0,-8.254854263927749,0.5883034516246725,0.5883034516246725,0.0,0.0,0.8709068989609713,0.37193376202546513,1.0,34.33790828101269,13.01768167089128,54.82279804885491,165.97518118165988,5.309793853784375,4.43060451238519,2.8975316217423175,5.508595556037851,4.848916770784997,False
164,166.09960767605526,10,"[-90.0, -45.0, -59.99999999999999, 180.0, 90.0, 45.0, -59.99999999999999, 180.0, 45.0, 59.99999999999999, 180.0, -135.0, 150.0, -59.99999999999999, 45.0, 45.0, 180.0, 59.99999999999999, 59.99999999999999, -59.99999999999999, -105.00000000000001, 175.0, -59.99999999999999, 90.0, 180.0, -45.0, 145.0, 180.0, -59.99999999999999, -105.00000000000001, 105.00000000000001, 59.99999999999999, -59.99999999999999]",61.70575290188599,163.36609075861247,-115.2751399470925,-76.85009329806167,16.39418385149532,0.0,59.90991902673403,-2.402878406237027,-15.80753879954923,0.0,-2.379085161418475,0.5883034516246725,0.5883034516246725,0.0,0.0,0.905704998119127,0.3933235102630683,1.0,35.207792138366266,13.76632285920739,53.9485926133548,166.09960767605526,9.012997378361845,4.582194166694072,3.38081631535604,5.508595556037851,4.848916770784997,False
165,166.76720933137426,10,"[-90.0, -45.0, -59.99999999999999, 180.0, 90.0, 45.0, -59.99999999999999, 180.0, 45.0, 59.99999999999999, 180.0, -135.0, 150.0, -59.99999999999999, -75.0, 75.0, 180.0, 59.99999999999999, 59.99999999999999, -59.99999999999999, -135.0, 135.0, -45.0, 160.0, 180.0, -75.0, 105.00000000000001, 180.0, -59.99999999999999, -105.00000000000001, 105.00000000000001, 59.99999999999999, -59.99999999999999]",38.31901561412994,108.17315148982281,-40.465631421094756,-26.97708761406317,15.357600707208187,0.0,64.94101644341637,-2.5140256387227997,-15.80753879954923,0.0,-1.8246825154609088,0.5883034516246725,0.5883034516246725,0.0,0.0,0.9375623945224688,0.4139234345281175,1.0,37.577943980182916,14.487320208484112,56.83760070450413,166.76720933137426,8.268357477427001,4.792008292724593,2.685942693125778,5.508595556037851,4.848916770784997,False
166,167.43558997381072,10,"[-90.0, -45.0, -59.99999999999999, 180.0, 90.0, 45.0, -59.99999999999999, 180.0, 45.0, 59.99999999999999, 180.0, -135.0, 150.0, -59.99999999999999, 45.0, 45.0, 180.0, 59.99999999999999, 59.99999999999999, -59.99999999999999, -105.00000000000001, 175.0, -59.99999999999999, 90.0, 180.0, -59.99999999999999, 115.0, -59.99999999999999, -59.99999999999999, -150.0, 105.00000000000001, -59.99999999999999, 59.99999999999999]",66.04137310237763,168.355902666141,-115.2751399470925,-76.85009329806167,16.59937002230299,0.0,51.9085013193521,-2.5241049934779145,-15.40756216976526,0.0,-2.851053477651985,0.5883034516246725,0.5883034516246725,0.0,0.0,0.9028248758059791,0.3864353958230448,1.0,34.83642197353615,13.525238853806568,53.39781365199354,167.43558997381072,9.134319003675314,4.606764008009442,3.3230164690776873,5.508595556037851,4.848916770784997,False
167,167.6450922840955,10,"[-90.0, -45.0, -59.99999999999999, 180.0, 90.0, 45.0, -59.99999999999999, 180.0, 45.0, 59.99999999999999, 180.0, -165.0, 105.00000000000001, 59.99999999999999, -59.99999999999999, 145.0, 59.99999999999999, 29.999999999999996, 14.999999999999998, 59.99999999999999, -119.99999999999999, 135.0, 59.99999999999999, 45.0, 180.0, -75.0, 75.0, -59.99999999999999, 59.99999999999999, -150.0, 105.00000000000001, -59.99999999999999, 59.99999999999999]",1.661627940184378,141.60373975568172,-40.465631421094756,-26.97708761406317,16.070468613424552,0.0,64.24075467052182,-2.379399339432743,-12.40802675319625,0.0,-1.2667446324711975,0.5883034504779852,0.5883034504779852,0.0,0.0,0.9182662396792602,0.5854776409062049,1.0,36.24127383015801,20.491717431717174,52.92816894549146,167.6450922840955,6.076476875543916,4.636743065731283,3.397662724568792,5.508595556037851,4.848916770784997,False
168,167.65382938431745,10,"[-90.0, -45.0, -59.99999999999999, 180.0, 90.0, 45.0, -59.99999999999999, 180.0, 45.0, 59.99999999999999, 180.0, -165.0, 105.00000000000001, 59.99999999999999, -59.99999999999999, 145.0, 59.99999999999999, 29.999999999999996, 14.999999999999998, 59.99999999999999, -135.0, 135.0, 59.99999999999999, 45.0, 180.0, -59.99999999999999, 115.0, -59.99999999999999, -59.99999999999999, -90.0, -75.0, 180.0, 59.99999999999999]",16.623261301255276,58.36998247694866,-46.429611700511984,-30.953074467007987,17.452640316178957,0.0,145.962445241152,-3.456066731419524,-12.80800338298022,-3.6833286346518124,-4.965792952131881,0.5883034504779852,0.5883034504779852,0.0,0.0,0.9663088124231176,0.5589710592554595,1.0,42.29501408571162,19.563987073941085,60.51567213917832,167.65382938431745,3.6766371013286863,4.369982659063782,3.3898051535045712,5.508595556037851,4.848916770784997,False
169,167.881125218116,10,"[-90.0, -45.0, -59.99999999999999, 180.0, 90.0, 45.0, -59.99999999999999, 180.0, 45.0, 59.99999999999999, 180.0, -135.0, 150.0, -59.99999999999999, 45.0, 45.0, 180.0, 59.99999999999999, 59.99999999999999, -59.99999999999999, -135.0, 135.0, -75.0, 150.0, 59.99999999999999, -75.0, 115.0, 180.0, -59.99999999999999, -90.0, -75.0, 180.0, 59.99999999999999]",4.464938944002103,157.99676666598265,-115.2751399470925,-76.85009329806167,19.38657055584703,0.0,124.03529081070258,-2.3795570721516563,-13.207980012764175,0.0,-7.728068178034716,0.5883034516246725,0.5883034516246725,0.0,0.0,0.9088041750845699,0.39834583303251675,1.0,36.0868949996831,13.942104156138086,54.71263635305539,167.881125218116,6.444980311329512,4.637957628106795,2.50933241038732,5.508595556037851,4.848916770784997,False
170,168.10009417331747,10,"[-90.0, -45.0, -59.99999999999999, 180.0, 90.0, 45.0, -59.99999999999999, 180.0, 45.0, 59.99999999999999, 180.0, -135.0, 150.0, -59.99999999999999, 45.0, 45.0, 180.0, 29.999999999999996, 14.999999999999998, 59.99999999999999, -75.0, 145.0, -45.0, 160.0, 180.0, -75.0, 105.00000000000001, 180.0, -59.99999999999999, -90.0, -75.0, 180.0, 59.99999999999999]",11.81315967231205,138.66962833140204,-115.2751399470925,-76.85009329806167,14.918472264578748,0.0,137.92233956742606,-2.8471292216852304,-13.207980012764187,0.0,-4.481559932484215,0.5883034516246725,0.5883034516246725,0.0,0.0,0.9199598104869252,0.38471629952006325,1.0,39.57209300507187,13.465070483202213,61.34546143813148,168.10009417331747,3.962914467421409,4.593955879882737,2.483099179767458,5.508595556037851,4.848916770784997,False
171,168.31819360708363,10,"[-90.0, -45.0, -59.99999999999999, 180.0, 90.0, 45.0, -59.99999999999999, 180.0, 45.0, 59.99999999999999, 180.0, -135.0, 150.0, -59.99999999999999, 45.0, 45.0, 180.0, 59.99999999999999, 59.99999999999999, -59.99999999999999, -105.00000000000001, 175.0, -105.00000000000001, 165.0, 180.0, -90.0, 119.99999999999999, 180.0, 59.99999999999999, -90.0, -75.0, 180.0, 59.99999999999999]",20.19439161283968,235.60444041458987,-115.2751399470925,-76.85009329806167,15.229219369727598,0.0,37.40622702574388,-2.0056655161090413,-16.207515429333192,0.0,-7.216067374907329,0.5883034516246725,0.5883034516246725,0.0,0.0,0.8640089810016797,0.3890895415426901,1.0,33.64070849629662,13.618133953994153,50.87837041106532,168.31819360708363,7.509696077163892,4.863658871716324,2.645710704672761,5.508595556037851,4.848916770784997,False
172,168.49336983650173,10,"[-90.0, -45.0, -59.99999999999999, 180.0, 90.0, 45.0, -59.99999999999999, 180.0, 45.0, 59.99999999999999, 180.0, -135.0, 150.0, -59.99999999999999, 45.0, 45.0, 180.0, 59.99999999999999, 59.99999999999999, -59.99999999999999, -135.0, 119.99999999999999, -45.0, 160.0, 180.0, -59.99999999999999, 115.0, -59.99999999999999, -59.99999999999999, -59.99999999999999, -14.999999999999998, -59.99999999999999, -59.99999999999999]",3.0255254008765813,117.54063747024907,-115.2751399470925,-76.85009329806167,18.871281595787273,0.0,169.70765493211272,-3.124437694860421,-15.407562169765262,0.0,-7.432893202430391,0.5883034516246725,0.5883034516246725,0.0,0.0,0.9321554762076485,0.40219299395607655,1.0,39.57600954433505,14.07675478846268,58.88870981135436,168.49336983650173,4.722114995532555,4.422921538324989,2.5585925715608027,5.508595556037851,4.848916770784997,False
173,168.6813264269462,10,"[-90.0, -45.0, -59.99999999999999, 180.0, 90.0, 45.0, -59.99999999999999, 180.0, 45.0, 59.99999999999999, 180.0, -135.0, 150.0, -59.99999999999999, 45.0, 45.0, 180.0, 59.99999999999999, 59.99999999999999, -59.99999999999999, -119.99999999999999, 135.0, -45.0, 160.0, 180.0, -75.0, 105.00000000000001, 180.0, -59.99999999999999, -75.0, 175.0, -59.99999999999999, 180.0]",1.2148180698782858,249.45991069247464,-115.2751399470925,-76.85009329806167,17.102738741983345,0.0,39.490497602732,-2.267435357857802,-15.80753879954923,0.0,-5.824828027247168,0.5883034516246725,0.5883034516246725,0.0,0.0,0.8560115955598993,0.3924686163080304,1.0,33.48248678015734,13.736401570781064,52.99973925316756,168.6813264269462,5.992913393990929,4.545731957504525,2.7242962245550593,5.508595556037851,4.848916770784997,False
174,169.31311803401397,10,"[-90.0, -45.0, -59.99999999999999, 180.0, 90.0, 45.0, -59.99999999999999, 180.0, 45.0, 59.99999999999999, 180.0, -135.0, 150.0, -59.99999999999999, -75.0, 75.0, 180.0, 59.99999999999999, 59.99999999999999, -59.99999999999999, -135.0, 135.0, -45.0, 160.0, 180.0, -59.99999999999999, 115.0, -59.99999999999999, -59.99999999999999, -105.00000000000001, 105.00000000000001, 59.99999999999999, -59.99999999999999]",28.04743101288022,94.81767888409429,-40.465631421094756,-26.97708761406317,15.354777290158177,0.0,92.76073296908812,-2.287188891029128,-15.407562169765262,-1.6232826438289047,-2.4721404481134543,0.5883034516246725,0.5883034516246725,0.0,0.0,0.9452711810192818,0.4731847143054149,1.0,38.92063567517566,16.561465000689523,59.26119617630658,169.31311803401397,7.868435391260662,4.71737544964809,2.6698855842594362,5.508595556037851,4.848916770784997,False
175,169.42914738195074,10,"[-90.0, -45.0, -59.99999999999999, 180.0, 90.0, 45.0, -59.99999999999999, 180.0, 45.0, 59.99999999999999, 180.0, -135.0, 150.0, -59.99999999999999, -75.0, 75.0, 180.0, 59.99999999999999, 59.99999999999999, -59.99999999999999, -135.0, 135.0, -45.0, 160.0, 180.0, -75.0, 115.0, 180.0, -59.99999999999999, -59.99999999999999, -14.999999999999998, -59.99999999999999, -59.99999999999999]",38.235203258091374,94.7743737965343,-40.465631421094756,-26.97708761406317,15.364671192587885,0.0,84.1720870147489,-2.4259527163109746,-15.80753879954923,0.0,-5.006368394681466,0.5883034516246725,0.5883034516246725,0.0,0.0,0.9452961767408171,0.4330906099059524,1.0,38.68973185369945,15.158171346708333,58.032156636625515,169.42914738195074,8.265328308107064,4.800984981977588,2.6768707919533847,5.508595556037851,4.848916770784997,False
176,169.66028372176172,10,"[-90.0, -45.0, -59.99999999999999, 180.0, 90.0, 45.0, -59.99999999999999, 180.0, 45.0, 59.99999999999999, 180.0, -135.0, 150.0, -59.99999999999999, 45.0, 45.0, 180.0, 59.99999999999999, 59.99999999999999, -59.99999999999999, -135.0, 135.0, -75.0, 150.0, 59.99999999999999, -90.0, 119.99999999999999, 180.0, 59.99999999999999, -90.0, -75.0, 180.0, 59.99999999999999]",14.715414989295468,216.74929700101114,-115.2751399470925,-76.85009329806167,18.12694621843284,0.0,58.563536026248336,-2.39568465131846,-13.207980012764173,0.0,-8.204409353675617,0.5883034516246725,0.5883034516246725,0.0,0.0,0.8748921806631971,0.3935634407521385,1.0,35.075535504410475,13.774720426324848,54.03413789792627,169.66028372176172,7.215541604817293,4.710626152104579,2.5965806317957774,5.508595556037851,4.848916770784997,False
177,169.80884210625612,10,"[-90.0, -45.0, -59.99999999999999, 180.0, 90.0, 45.0, -59.99999999999999, 180.0, 45.0, 59.99999999999999, 180.0, -135.0, 150.0, -59.99999999999999, -75.0, 75.0, 180.0, 59.99999999999999, 59.99999999999999, -59.99999999999999, -135.0, 135.0, -45.0, 160.0, 180.0, -90.0, 105.00000000000001, -59.99999999999999, -59.99999999999999, 59.99999999999999, 29.999999999999996, -59.99999999999999, -59.99999999999999]",46.78334677392827,102.1169668514148,-40.465631421094756,-26.97708761406317,15.386753775950675,0.0,69.2184446449857,-2.3544666257685027,-15.407562169765262,-3.167755096447038,-2.889558078572458,0.5883034516246725,0.5883034516246725,0.0,0.0,0.9410580277913911,0.46652672210352214,1.0,38.27820928812122,16.328435273623274,55.35316963670511,169.80884210625612,8.558867332001448,4.872255677413498,2.7051836236432685,5.508595556037851,4.848916770784997,False
178,170.58961795639024,10,"[-90.0, -45.0, -59.99999999999999, 180.0, 90.0, 45.0, -59.99999999999999, 180.0, 45.0, 59.99999999999999, 180.0, -135.0, 150.0, -59.99999999999999, 45.0, 45.0, 180.0, 59.99999999999999, 59.99999999999999, -59.99999999999999, -135.0, 135.0, -119.99999999999999, 59.99999999999999, 59.99999999999999, 90.0, 29.999999999999996, 59.99999999999999, 59.99999999999999, 59.99999999999999, 29.999999999999996, -59.99999999999999, -59.99999999999999]",4.08936497475689,208.0177070821268,-115.2751399470925,-76.85009329806167,17.683004015161995,0.0,72.42739384249336,-2.3672649703031245,-12.408026753196237,0.0,-2.1657237391816198,0.5883034516246725,0.5883034516246725,0.0,0.0,0.8799320594042559,0.3836312198486646,1.0,35.733753388874334,13.42709269470326,57.13534639068801,170.58961795639024,4.595636690841906,4.35802634181897,2.2821160144177353,5.508595556037851,4.848916770784997,False
179,170.66516552414143,10,"[-90.0, -45.0, -59.99999999999999, 180.0, 90.0, 45.0, -59.99999999999999, 180.0, 45.0, 59.99999999999999, 180.0, -135.0, 150.0, -59.99999999999999, 45.0, 45.0, 180.0, 59.99999999999999, 59.99999999999999, -59.99999999999999, -119.99999999999999, 135.0, -45.0, 160.0, 180.0, -75.0, 115.0, 180.0, -59.99999999999999, -75.0, 175.0, -59.99999999999999, 180.0]",2.0844060028094678,251.1643871337009,-115.2751399470925,-76.85009329806167,17.147708943548597,0.0,39.37677653464849,-2.253019478011476,-15.80753879954923,0.0,-6.360718317537488,0.5883034516246725,0.5883034516246725,0.0,0.0,0.8550277707741984,0.39344983590194904,1.0,33.40092840800397,13.770744256568216,52.83548147928621,170.66516552414143,6.1456633802236995,4.560853642489402,2.7491641293206386,5.508595556037851,4.848916770784997,False
180,170.68343106683278,10,"[-90.0, -45.0, -59.99999999999999, 180.0, 90.0, 45.0, -59.99999999999999, 180.0, 45.0, 59.99999999999999, 180.0, -135.0, 150.0, -59.99999999999999, 45.0, 45.0, 180.0, 59.99999999999999, 59.99999999999999, -59.99999999999999, -105.00000000000001, 175.0, -105.00000000000001, 165.0, 180.0, -75.0, 75.0, -59.99999999999999, 59.99999999999999, -59.99999999999999, -14.999999999999998, -59.99999999999999, -59.99999999999999]",3.1160318444278534,250.15410576599925,-115.2751399470925,-76.85009329806167,15.20424576455989,0.0,39.43454872277675,-2.1330826600875668,-15.40756216976526,0.0,-4.998019705610311,0.5883034516246725,0.5883034516246725,0.0,0.0,0.855610905762771,0.3863474085845942,1.0,33.890922972316055,13.522159300460798,51.197470976786036,170.68343106683278,6.28943420807916,4.71746714669762,2.5178492101243726,5.508595556037851,4.848916770784997,False
181,170.71614356482576,10,"[-90.0, -45.0, -59.99999999999999, 180.0, 90.0, 45.0, -59.99999999999999, 180.0, 45.0, 59.99999999999999, 180.0, -135.0, 150.0, -59.99999999999999, 45.0, 45.0, 180.0, 59.99999999999999, 59.99999999999999, -59.99999999999999, -135.0, 135.0, -90.0, 160.0, 180.0, -90.0, 119.99999999999999, 180.0, 59.99999999999999, -150.0, 105.00000000000001, -59.99999999999999, 59.99999999999999]",24.227200925310267,227.98130122186203,-115.2751399470925,-76.85009329806167,17.16120577659563,0.0,41.37635291658072,-2.190717390355915,-15.807538799549226,0.0,-7.344824590149895,0.5883034516246725,0.5883034516246725,0.0,0.0,0.8684090613438027,0.3854544242188997,1.0,33.521323397246476,13.49090484766149,51.40769111934339,170.71614356482576,7.701236058459441,4.824306514640005,2.532411178650948,5.508595556037851,4.848916770784997,False
182,171.36565219871193,10,"[-90.0, -45.0, -59.99999999999999, 180.0, 90.0, 45.0, -59.99999999999999, 180.0, 45.0, 59.99999999999999, 180.0, -135.0, 150.0, -59.99999999999999, 45.0, 45.0, 180.0, 59.99999999999999, 59.99999999999999, -59.99999999999999, -135.0, 135.0, -45.0, 160.0, 180.0, -59.99999999999999, 115.0, -59.99999999999999, -59.99999999999999, -45.0, -45.0, -59.99999999999999, 180.0]",6.2182327169870435,172.13102671623827,-115.2751399470925,-76.85009329806167,19.928304096760733,0.0,115.69217293547682,-3.359911047028789,-15.407562169765262,0.0,-9.149774554489069,0.5883034516246725,0.5883034516246725,0.0,0.0,0.9006458720252593,0.43535813152223873,1.0,37.71401608155376,15.237534603278355,58.83125552720238,171.36565219871193,4.384810983107613,4.343289958095234,2.711587682789818,5.508595556037851,4.848916770784997,False
183,171.43610594361581,10,"[-90.0, -45.0, -59.99999999999999, 180.0, 90.0, 45.0, -59.99999999999999, 180.0, 45.0, 59.99999999999999, 180.0, -135.0, 150.0, -59.99999999999999, -75.0, 75.0, 180.0, 59.99999999999999, 59.99999999999999, -59.99999999999999, -135.0, 135.0, -45.0, 160.0, 180.0, -59.99999999999999, 115.0, -59.99999999999999, -59.99999999999999, -59.99999999999999, -14.999999999999998, -59.99999999999999, -59.99999999999999]",28.04743101288022,69.45969182274757,-40.465631421094756,-26.97708761406317,15.356014158221921,0.0,123.04037816893462,-2.4413003990605575,-15.407562169765262,-1.6232826438289047,-5.117936037043693,0.5883034516246725,0.5883034516246725,0.0,0.0,0.959907825787736,0.5952734246126948,1.0,40.17011731422442,20.83456986144432,60.656574752918644,171.43610594361581,7.868435391260662,4.71737544964809,2.6698855842594362,5.508595556037851,4.848916770784997,False
184,171.44296531006754,10,"[-90.0, -45.0, -59.99999999999999, 180.0, 90.0, 45.0, -59.99999999999999, 180.0, 45.0, 59.99999999999999, 180.0, -135.0, 150.0, -59.99999999999999, 45.0, 45.0, 180.0, 59.99999999999999, 59.99999999999999, -59.99999999999999, -105.00000000000001, 175.0, -105.00000000000001, 165.0, 180.0, -75.0, 75.0, -59.99999999999999, 59.99999999999999, -90.0, -75.0, 180.0, 59.99999999999999]",3.1160318444278534,188.43655139255318,-115.2751399470925,-76.85009329806167,15.316650914040894,0.0,105.22896584705968,-2.202616773574958,-15.807538799549226,-3.282473194256718,-4.675769425165343,0.5883034516246725,0.5883034516246725,0.0,0.0,0.8912343137705321,0.38747358608224053,1.0,36.384104680642366,13.561575512878418,53.133359461984895,171.44296531006754,6.28943420807916,4.71746714669762,2.5178492101243726,5.508595556037851,4.848916770784997,False
185,171.46424817794946,10,"[-90.0, -45.0, -59.99999999999999, 180.0, 90.0, 45.0, -59.99999999999999, 180.0, 45.0, 59.99999999999999, 180.0, -135.0, 150.0, -59.99999999999999, 45.0, 45.0, 180.0, 59.99999999999999, 59.99999999999999, -59.99999999999999, -119.99999999999999, 135.0, -59.99999999999999, 115.0, 59.99999999999999, -59.99999999999999, 115.0, -59.99999999999999, -59.99999999999999, -90.0, -75.0, 180.0, 59.99999999999999]",13.161698747546469,143.1516814978561,-115.2751399470925,-76.85009329806167,20.32080509718295,0.0,131.47906750948295,-2.377221406040017,-12.808003382980205,0.0,-6.77694338963095,0.5883034516246725,0.5883034516246725,0.0,0.0,0.9173727668122043,0.3952310308208943,1.0,36.43956246823503,13.8330860787313,55.233043764186625,171.46424817794946,7.122448689330203,4.599331798598443,2.7401024312736104,5.508595556037851,4.848916770784997,False
186,171.5872499914313,10,"[-90.0, -45.0, -59.99999999999999, 180.0, 90.0, 45.0, -59.99999999999999, 180.0, 45.0, 59.99999999999999, 180.0, -135.0, 150.0, -59.99999999999999, 45.0, 45.0, 180.0, 59.99999999999999, 59.99999999999999, -59.99999999999999, -135.0, 135.0, -105.00000000000001, 165.0, 180.0, -75.0, 115.0, 180.0, -59.99999999999999, -150.0, 105.00000000000001, -59.99999999999999, 59.99999999999999]",26.23420397406258,225.64794039494342,-115.2751399470925,-76.85009329806167,17.029505888891727,0.0,42.68120140348909,-2.1537073309442847,-15.807538799549228,0.0,-7.357519043994187,0.5883034516246725,0.5883034516246725,0.0,0.0,0.8697558785599172,0.38507434451690903,1.0,33.09115293930713,13.477602058091817,50.534024142155786,171.5872499914313,7.790598348644414,4.862654029090425,2.469919066324741,5.508595556037851,4.848916770784997,False
187,171.71295369190568,10,"[-90.0, -45.0, -59.99999999999999, 180.0, 90.0, 45.0, -59.99999999999999, 180.0, 45.0, 59.99999999999999, 180.0, -135.0, 150.0, -59.99999999999999, 45.0, 45.0, 180.0, 59.99999999999999, 59.99999999999999, -59.99999999999999, -135.0, 119.99999999999999, -45.0, 160.0, 180.0, -45.0, 145.0, 180.0, -59.99999999999999, -75.0, 175.0, -59.99999999999999, 180.0]",4.124740137280949,206.03829005079837,-115.2751399470925,-76.85009329806167,19.031583565076016,0.0,82.655798219344,-2.8879001564595472,-15.80753879954923,0.0,-6.755182829117033,0.5883034516246725,0.5883034516246725,0.0,0.0,0.8810745800572594,0.3855327360523147,1.0,36.117825304609575,13.493645761831015,56.59971015953058,171.71295369190568,4.59173350416511,4.411959429929279,2.617540398879397,5.508595556037851,4.848916770784997,False
188,171.8605525041607,10,"[-90.0, -45.0, -59.99999999999999, 180.0, 90.0, 45.0, -59.99999999999999, 180.0, 45.0, 59.99999999999999, 180.0, -135.0, 150.0, -59.99999999999999, 45.0, 45.0, 180.0, 59.99999999999999, 59.99999999999999, -59.99999999999999, -135.0, 135.0, -45.0, 160.0, 180.0, -90.0, 105.00000000000001, -59.99999999999999, -59.99999999999999, -105.00000000000001, 105.00000000000001, 59.99999999999999, -59.99999999999999]",0.6682190025161685,171.57013259157145,-115.2751399470925,-76.85009329806167,20.987489282892167,0.0,116.12212161958266,-2.97950238757026,-15.407562169765262,0.0,-4.413508939598419,0.5883034516246725,0.5883034516246725,0.0,0.0,0.9009696204377654,0.405015739911711,1.0,36.66213828034972,14.175550896909886,56.85539789837999,171.8605525041607,5.865573249162509,4.494470636971433,2.6997317600560278,5.508595556037851,4.848916770784997,False
189,172.14158296483538,10,"[-90.0, -45.0, -59.99999999999999, 180.0, 90.0, 45.0, -59.99999999999999, 180.0, 45.0, 59.99999999999999, 180.0, -135.0, 150.0, -59.99999999999999, 45.0, 45.0, 180.0, 29.999999999999996, 14.999999999999998, 59.99999999999999, -75.0, 145.0, -59.99999999999999, 115.0, 59.99999999999999, -59.99999999999999, 115.0, -59.99999999999999, -59.99999999999999, -90.0, -75.0, 180.0, 59.99999999999999]",0.7000863477922652,197.50255728073483,-115.2751399470925,-76.85009329806167,16.20142964745664,0.0,93.69667469171088,-3.05910890921108,-9.808467966411198,-3.8423331985717395,-4.5624184331974185,0.5883034516246725,0.5883034516246725,0.0,0.0,0.8860014099389697,0.38454038314740197,1.0,38.51670615042819,13.458913410159068,59.35702263344313,172.14158296483538,5.125811184616038,4.64959240010718,2.554519307948756,5.508595556037851,4.848916770784997,False
190,172.15461942526548,10,"[-90.0, -45.0, -59.99999999999999, 180.0, 90.0, 45.0, -59.99999999999999, 180.0, 45.0, 59.99999999999999, 180.0, -135.0, 150.0, -59.99999999999999, 45.0, 45.0, 180.0, 59.99999999999999, 59.99999999999999, -59.99999999999999, -119.99999999999999, 135.0, -45.0, 160.0, 180.0, -90.0, 105.00000000000001, -59.99999999999999, -59.99999999999999, 59.99999999999999, 29.999999999999996, -59.99999999999999, -59.99999999999999]",8.789873530011079,235.03474442579278,-115.2751399470925,-76.85009329806167,16.849814729415204,0.0,49.09224041624111,-2.080239867417597,-15.407562169765262,0.0,-5.437415143544025,0.5883034516246725,0.5883034516246725,0.0,0.0,0.8643378098552423,0.3893717559754462,1.0,32.99221277925697,13.628011459140618,51.756812881118655,172.15461942526548,6.825886385027848,4.6344759889892115,2.74661053010197,5.508595556037851,4.848916770784997,False
191,173.09020018256066,10,"[-90.0, -45.0, -59.99999999999999, 180.0, 90.0, 45.0, -59.99999999999999, 180.0, 45.0, 59.99999999999999, 180.0, -135.0, 150.0, -59.99999999999999, 45.0, 45.0, 180.0, 59.99999999999999, 59.99999999999999, -59.99999999999999, -135.0, 119.99999999999999, -45.0, 160.0, 180.0, -75.0, 115.0, 180.0, -59.99999999999999, 59.99999999999999, 29.999999999999996, -59.99999999999999, -59.99999999999999]",0.022885379022547996,199.44518425310397,-115.2751399470925,-76.85009329806167,19.378456602399073,0.0,93.05246283688007,-2.4272337389965926,-15.80753879954923,0.0,-5.887179854831333,0.5883034516246725,0.5883034516246725,0.0,0.0,0.8848801245292329,0.3899286410673398,1.0,35.08318482709963,13.647502437356893,54.76227329040127,173.09020018256066,5.567654089340627,4.5047032375299425,2.570248788819294,5.508595556037851,4.848916770784997,False
192,173.25344931566033,10,"[-90.0, -45.0, -59.99999999999999, 180.0, 90.0, 45.0, -59.99999999999999, 180.0, 45.0, 59.99999999999999, 180.0, -135.0, 150.0, -59.99999999999999, 45.0, 45.0, 180.0, 59.99999999999999, 59.99999999999999, -59.99999999999999, -119.99999999999999, 135.0, -45.0, 160.0, 180.0, -75.0, 105.00000000000001, 180.0, -59.99999999999999, -45.0, -45.0, -59.99999999999999, 180.0]",1.2148180698782858,256.39088989582353,-115.2751399470925,-76.85009329806167,17.190782569556752,0.0,39.490497602732,-2.2245905852244614,-15.80753879954923,0.0,-8.314572942088722,0.5883034516246725,0.5883034516246725,0.0,0.0,0.852011030363161,0.3820550788993963,1.0,33.26024567118524,13.37192776147887,52.76002554960462,173.25344931566033,5.992913393990929,4.545731957504525,2.7242962245550593,5.508595556037851,4.848916770784997,False
193,173.3089347174951,10,"[-90.0, -45.0, -59.99999999999999, 180.0, 90.0, 45.0, -59.99999999999999, 180.0, 45.0, 59.99999999999999, 180.0, -135.0, 150.0, -59.99999999999999, 45.0, 45.0, 180.0, 59.99999999999999, 59.99999999999999, -59.99999999999999, -119.99999999999999, 135.0, -59.99999999999999, 115.0, 59.99999999999999, -59.99999999999999, 115.0, -59.99999999999999, -59.99999999999999, -150.0, 105.00000000000001, -59.99999999999999, 59.99999999999999]",13.161698747546469,153.98739282167264,-115.2751399470925,-76.85009329806167,20.337283589032097,0.0,120.78092307868413,-2.422337104594818,-12.408026753196237,0.0,-5.441163166181377,0.5883034516246725,0.5883034516246725,0.0,0.0,0.9111183879817185,0.3928708066537823,1.0,35.93310141842156,13.750478232882381,54.409625872808775,173.3089347174951,7.122448689330203,4.599331798598443,2.7401024312736104,5.508595556037851,4.848916770784997,False
194,174.07198388069935,10,"[-90.0, -45.0, -59.99999999999999, 180.0, 90.0, 45.0, -59.99999999999999, 180.0, 45.0, 59.99999999999999, 180.0, -135.0, 150.0, -59.99999999999999, 45.0, 45.0, 180.0, 59.99999999999999, 59.99999999999999, -59.99999999999999, -135.0, 135.0, -45.0, 160.0, 180.0, -75.0, 115.0, 180.0, -59.99999999999999, -75.0, 175.0, -59.99999999999999, 180.0]",0.6428785635466914,196.34995845174953,-115.2751399470925,-76.85009329806167,20.36844303099251,0.0,96.81398571413287,-3.0604445874199033,-15.80753879954923,0.0,-6.548461997285289,0.5883034516246725,0.5883034516246725,0.0,0.0,0.8866666906483408,0.39605167658721774,1.0,36.25935448781449,13.86180868055262,57.35650752400604,174.07198388069935,5.14142544330455,4.424359901967266,2.699386706666084,5.508595556037851,4.848916770784997,False
195,174.25007789819927,10,"[-90.0, -45.0, -59.99999999999999, 180.0, 90.0, 45.0, -59.99999999999999, 180.0, 45.0, 59.99999999999999, 180.0, -135.0, 150.0, -59.99999999999999, 45.0, 45.0, 180.0, 59.99999999999999, 59.99999999999999, -59.99999999999999, -135.0, 135.0, -105.00000000000001, 165.0, 180.0, -75.0, 105.00000000000001, 180.0, -59.99999999999999, -150.0, 105.00000000000001, -59.99999999999999, 59.99999999999999]",25.19978345281839,228.60747547851275,-115.2751399470925,-76.85009329806167,17.036541791976184,0.0,42.98542701203927,-2.2631457884263995,-15.807538799549228,0.0,-6.821628753703867,0.5883034516246725,0.5883034516246725,0.0,0.0,0.8680476332014357,0.38506966890305444,1.0,32.98732378515272,13.477438411606906,50.513602735633015,174.25007789819927,7.744984786265528,4.844770246030112,2.464684752282883,5.508595556037851,4.848916770784997,False
196,174.4598488037981,10,"[-90.0, -45.0, -59.99999999999999, 180.0, 90.0, 45.0, -59.99999999999999, 180.0, 45.0, 59.99999999999999, 180.0, -135.0, 150.0, -59.99999999999999, 45.0, 45.0, 180.0, 59.99999999999999, 59.99999999999999, -59.99999999999999, -135.0, 135.0, -45.0, 160.0, 180.0, -59.99999999999999, 115.0, -59.99999999999999, -59.99999999999999, -45.0, 115.0, 59.99999999999999, 180.0]",6.2182327169870435,172.13102671623827,-115.2751399470925,-76.85009329806167,19.928304096760733,0.0,115.69217293547682,-3.359911047028789,-15.407562169765262,0.0,-6.055577949402867,0.5883034516246725,0.5883034516246725,0.0,0.0,0.9006458720252593,0.43535813152223873,1.0,37.71401608155376,15.237534603278355,58.83125552720238,174.4598488037981,4.384810983107613,4.343289958095234,2.711587682789818,5.508595556037851,4.848916770784997,False
197,174.48628663258376,10,"[-90.0, -45.0, -59.99999999999999, 180.0, 90.0, 45.0, -59.99999999999999, 180.0, 45.0, 59.99999999999999, 180.0, -135.0, 150.0, -59.99999999999999, 45.0, 45.0, 180.0, 59.99999999999999, 59.99999999999999, -59.99999999999999, -135.0, 119.99999999999999, -45.0, 160.0, 180.0, -75.0, 75.0, -59.99999999999999, 59.99999999999999, 59.99999999999999, 29.999999999999996, -59.99999999999999, -59.99999999999999]",0.0025419415364926726,187.3461155582972,-115.2751399470925,-76.85009329806167,15.753077459233186,0.0,108.1714617098025,-2.869288290322287,-15.40756216976526,0.0,-3.823223080730248,0.5883034516246725,0.5883034516246725,0.0,0.0,0.891863713963465,0.4102271369062436,1.0,37.03412546070694,14.357949791718525,56.13936149494117,174.48628663258376,5.477452532131112,4.470288333250228,2.516612299655968,5.508595556037851,4.848916770784997,False
198,174.50037220829907,10,"[-90.0, -45.0, -59.99999999999999, 180.0, 90.0, 45.0, -59.99999999999999, 180.0, 45.0, 59.99999999999999, 180.0, -135.0, 150.0, -59.99999999999999, 45.0, 45.0, 180.0, 59.99999999999999, 59.99999999999999, -59.99999999999999, -135.0, 135.0, -45.0, 160.0, 180.0, -59.99999999999999, 115.0, -59.99999999999999, -59.99999999999999, -45.0, 90.0, 180.0, 180.0]",6.2182327169870435,172.13102671623827,-115.2751399470925,-76.85009329806167,19.928304096760733,0.0,115.69217293547682,-3.359911047028789,-15.80753879954923,0.0,-5.615077915117938,0.5883034516246725,0.5883034516246725,0.0,0.0,0.9006458720252593,0.43535813152223873,1.0,37.71401608155376,15.237534603278355,58.83125552720238,174.50037220829907,4.384810983107613,4.343289958095234,2.711587682789818,5.508595556037851,4.848916770784997,False
199,174.52835962186845,10,"[-90.0, -45.0, -59.99999999999999, 180.0, 90.0, 45.0, -59.99999999999999, 180.0, 45.0, 59.99999999999999, 180.0, -135.0, 150.0, -59.99999999999999, 45.0, 45.0, 180.0, 59.99999999999999, 59.99999999999999, -59.99999999999999, -135.0, 135.0, -45.0, 160.0, 180.0, -75.0, 105.00000000000001, 180.0, -59.99999999999999, -45.0, -45.0, -59.99999999999999, 180.0]",1.2214335341329488,198.93458281537062,-115.2751399470925,-76.85009329806167,20.405127968782033,0.0,96.0644476656666,-3.1005404452302168,-15.80753879954923,0.0,-8.502316621836522,0.5883034516246725,0.5883034516246725,0.0,0.0,0.8851748439738121,0.38435399870680603,1.0,36.1779509333624,13.45238995473821,57.279598180224255,174.52835962186845,5.005746313289835,4.410689234614565,2.6767563574151403,5.508595556037851,4.848916770784997,False
200,175.97803407455302,10,"[-90.0, -45.0, -59.99999999999999, 180.0, 90.0, 45.0, -59.99999999999999, 180.0, 45.0, 59.99999999999999, 180.0, -135.0, 150.0, -59.99999999999999, 45.0, 45.0, 180.0, 59.99999999999999, 59.99999999999999, -59.99999999999999, -135.0, 135.0, -45.0, 160.0, 180.0, -45.0, 145.0, 180.0, -59.99999999999999, -75.0, 175.0, -59.99999999999999, 180.0]",5.260075584176031,156.03676750404446,-115.2751399470925,-76.85009329806167,19.657001139924112,0.0,136.4929599867826,-3.7985684369074666,-15.80753879954923,0.0,-7.175826408449703,0.5883034516246725,0.5883034516246725,0.0,0.0,0.9099354877321534,0.48589533106236593,1.0,38.921010447019896,17.00633658718281,59.94874644145849,175.97803407455302,4.474322118384526,4.334803037975611,2.795067185680404,5.508595556037851,4.848916770784997,False
