protein_name,reference_pdb,experiment_id,sequence,forcefield,chi_mode,hbond_scale,sasa_scale,vdw_rep_scale,vdw_attr_scale,energy_rank,energy,depth,angles_deg_json,term_constraint,term_sasa,term_hbond,term_hbond_raw,term_electrostatics,term_disulfide,term_vdw_repulsion,term_vdw_attractive,term_rotamer,term_pi_stacking,term_rama,term_geometry,term_geom_pro_ring,term_geom_chirality,term_geom_planarity,term_burial_mean,term_burial_min,term_burial_max,term_neighbor_mean,term_neighbor_min,term_neighbor_max,term_total,pred_e2e_A,pred_rg_A,rmsd_to_reference_A,ref_e2e_A,ref_rg_A,native_like,rmsd_error
1513_MSP-1,/home/raubenb/gitrepos/QTF/2MU7.pdb,1513_MSP-1_ff-amber_chi-selective_hb-0.75_sasa-0.7_vdwr-0.1_vdwa-0.1,GYSLFQKEKMVLNEGTSGTA,amber,selective,0.75,0.7,0.1,0.1,1,40.85470045131297,20,"[-119.99999999999999, 75.0, -165.0, 135.0, -59.99999999999999, 180.0, -29.999999999999996, -14.999999999999998, 180.0, -165.0, 150.0, 180.0, 75.0, 59.99999999999999, 180.0, 59.99999999999999, 90.0, 59.99999999999999, 180.0, -90.0, -59.99999999999999, -59.99999999999999, -59.99999999999999, -59.99999999999999, 180.0, -59.99999999999999, 75.0, -59.99999999999999, 75.0, 45.0, -59.99999999999999, -59.99999999999999, -29.999999999999996, -59.99999999999999, -75.0, 105.00000000000001, 59.99999999999999, 45.0, 45.0, -59.99999999999999, 45.0, 45.0, -59.99999999999999, 59.99999999999999, 59.99999999999999, 75.0, 59.99999999999999, -59.99999999999999, 75.0, 29.999999999999996, 59.99999999999999, -59.99999999999999, 145.0, -29.999999999999996, 150.0, -59.99999999999999, -150.0, 150.0]",3.559930849871254,52.86324399502642,-191.10787516695962,-254.8105002226128,40.79498890120102,0.0,182.49458488047262,-19.27722662715853,-15.601812681706363,0.0,-12.871133699433848,0.0,0.0,0.0,0.0,0.9652786574745311,0.8136298107251436,1.0,40.09325523067529,28.477043375380028,58.93316990072793,40.85470045131297,6.3437927292731615,5.664386525257831,6.493338456697015,27.29861068725586,8.756583213806152,False,
1513_MSP-1,/home/raubenb/gitrepos/QTF/2MU7.pdb,1513_MSP-1_ff-amber_chi-selective_hb-0.75_sasa-0.7_vdwr-0.1_vdwa-0.1,GYSLFQKEKMVLNEGTSGTA,amber,selective,0.75,0.7,0.1,0.1,2,41.32002714642418,20,"[-119.99999999999999, 75.0, -165.0, 135.0, -59.99999999999999, 180.0, -29.999999999999996, -14.999999999999998, 180.0, -165.0, 150.0, 180.0, 75.0, 59.99999999999999, 180.0, 59.99999999999999, 90.0, 59.99999999999999, 180.0, -90.0, -59.99999999999999, -59.99999999999999, -59.99999999999999, -59.99999999999999, 180.0, -59.99999999999999, 75.0, -59.99999999999999, 75.0, 45.0, -59.99999999999999, -59.99999999999999, -29.999999999999996, -59.99999999999999, -75.0, 105.00000000000001, 59.99999999999999, 45.0, 45.0, -59.99999999999999, 45.0, 45.0, -59.99999999999999, 59.99999999999999, 59.99999999999999, 75.0, 59.99999999999999, -59.99999999999999, 75.0, 29.999999999999996, 59.99999999999999, -59.99999999999999, 145.0, -29.999999999999996, 150.0, -59.99999999999999, -150.0, 165.0]",3.559930849871254,52.86324399502642,-191.10787516695962,-254.8105002226128,40.79498890120102,0.0,182.49458488047262,-19.27722662715853,-15.601812681706363,0.0,-12.405807004322636,0.0,0.0,0.0,0.0,0.9652786574745311,0.8136298107251436,1.0,40.09325523067529,28.477043375380028,58.93316990072793,41.32002714642418,6.3437927292731615,5.664386525257831,6.493338456697015,27.29861068725586,8.756583213806152,False,
1513_MSP-1,/home/raubenb/gitrepos/QTF/2MU7.pdb,1513_MSP-1_ff-amber_chi-selective_hb-0.75_sasa-0.7_vdwr-0.1_vdwa-0.1,GYSLFQKEKMVLNEGTSGTA,amber,selective,0.75,0.7,0.1,0.1,3,42.90729187352683,20,"[-119.99999999999999, 75.0, -165.0, 135.0, -59.99999999999999, 180.0, -29.999999999999996, -14.999999999999998, 180.0, -165.0, 150.0, 180.0, 75.0, 59.99999999999999, 180.0, 59.99999999999999, 90.0, 59.99999999999999, 180.0, -90.0, -59.99999999999999, -59.99999999999999, -59.99999999999999, -59.99999999999999, 180.0, -59.99999999999999, 75.0, -59.99999999999999, 75.0, 45.0, -59.99999999999999, -59.99999999999999, -29.999999999999996, -59.99999999999999, -75.0, 105.00000000000001, 59.99999999999999, 45.0, 45.0, -59.99999999999999, 45.0, 45.0, -59.99999999999999, 59.99999999999999, 59.99999999999999, 75.0, 59.99999999999999, -59.99999999999999, 75.0, 29.999999999999996, 59.99999999999999, -59.99999999999999, 115.0, -29.999999999999996, 150.0, -59.99999999999999, -150.0, 150.0]",3.4563203325523,53.935670568106985,-191.10787516695962,-254.8105002226128,41.192786773435785,0.0,183.06833471401703,-19.208586030660644,-15.601812681706363,0.0,-12.827546635258656,0.0,0.0,0.0,0.0,0.9645742722048557,0.8090581117805016,1.0,40.22793115271748,28.317033912317555,58.5245930625406,42.90729187352683,6.331422916758048,5.68130224456733,6.500938556262258,27.29861068725586,8.756583213806152,False,
1513_MSP-1,/home/raubenb/gitrepos/QTF/2MU7.pdb,1513_MSP-1_ff-amber_chi-selective_hb-0.75_sasa-0.7_vdwr-0.1_vdwa-0.1,GYSLFQKEKMVLNEGTSGTA,amber,selective,0.75,0.7,0.1,0.1,4,43.372618568638046,20,"[-119.99999999999999, 75.0, -165.0, 135.0, -59.99999999999999, 180.0, -29.999999999999996, -14.999999999999998, 180.0, -165.0, 150.0, 180.0, 75.0, 59.99999999999999, 180.0, 59.99999999999999, 90.0, 59.99999999999999, 180.0, -90.0, -59.99999999999999, -59.99999999999999, -59.99999999999999, -59.99999999999999, 180.0, -59.99999999999999, 75.0, -59.99999999999999, 75.0, 45.0, -59.99999999999999, -59.99999999999999, -29.999999999999996, -59.99999999999999, -75.0, 105.00000000000001, 59.99999999999999, 45.0, 45.0, -59.99999999999999, 45.0, 45.0, -59.99999999999999, 59.99999999999999, 59.99999999999999, 75.0, 59.99999999999999, -59.99999999999999, 75.0, 29.999999999999996, 59.99999999999999, -59.99999999999999, 115.0, -29.999999999999996, 150.0, -59.99999999999999, -150.0, 165.0]",3.4563203325523,53.935670568106985,-191.10787516695962,-254.8105002226128,41.192786773435785,0.0,183.06833471401703,-19.208586030660644,-15.601812681706363,0.0,-12.362219940147444,0.0,0.0,0.0,0.0,0.9645742722048557,0.8090581117805016,1.0,40.22793115271748,28.317033912317555,58.5245930625406,43.372618568638046,6.331422916758048,5.68130224456733,6.500938556262258,27.29861068725586,8.756583213806152,False,
1513_MSP-1,/home/raubenb/gitrepos/QTF/2MU7.pdb,1513_MSP-1_ff-amber_chi-selective_hb-0.75_sasa-0.7_vdwr-0.1_vdwa-0.1,GYSLFQKEKMVLNEGTSGTA,amber,selective,0.75,0.7,0.1,0.1,5,49.16276509083179,20,"[-119.99999999999999, 75.0, -165.0, 135.0, -59.99999999999999, 180.0, -29.999999999999996, -14.999999999999998, 180.0, -165.0, 150.0, 180.0, 75.0, 59.99999999999999, 180.0, 59.99999999999999, 90.0, 59.99999999999999, 180.0, -90.0, -59.99999999999999, -59.99999999999999, -59.99999999999999, -59.99999999999999, 180.0, -59.99999999999999, 75.0, -59.99999999999999, 75.0, 45.0, -59.99999999999999, -59.99999999999999, -29.999999999999996, -59.99999999999999, -75.0, 105.00000000000001, 59.99999999999999, 45.0, 45.0, -59.99999999999999, 45.0, 45.0, -59.99999999999999, 59.99999999999999, 59.99999999999999, 75.0, 59.99999999999999, -59.99999999999999, 75.0, 29.999999999999996, 59.99999999999999, -59.99999999999999, 145.0, -75.0, 105.00000000000001, 180.0, -90.0, 119.99999999999999]",0.410581752150148,55.21805291796769,-191.10787516695962,-254.8105002226128,41.066131171306395,0.0,188.90021453271606,-20.323743810089198,-15.601812681706377,0.0,-9.398783624553309,0.0,0.0,0.0,0.0,0.9637319849471477,0.7980084288875234,1.0,40.79823760808029,27.930295011063322,59.09841414780411,49.16276509083179,5.213440494085383,5.602912414599619,6.6200071652821055,27.29861068725586,8.756583213806152,False,
1513_MSP-1,/home/raubenb/gitrepos/QTF/2MU7.pdb,1513_MSP-1_ff-amber_chi-selective_hb-0.75_sasa-0.7_vdwr-0.1_vdwa-0.1,GYSLFQKEKMVLNEGTSGTA,amber,selective,0.75,0.7,0.1,0.1,6,50.31284600942616,20,"[-119.99999999999999, 75.0, -165.0, 135.0, -59.99999999999999, 180.0, -29.999999999999996, -14.999999999999998, 180.0, -165.0, 150.0, 180.0, 75.0, 59.99999999999999, 180.0, 59.99999999999999, 90.0, 59.99999999999999, 180.0, -90.0, -59.99999999999999, -59.99999999999999, -59.99999999999999, -59.99999999999999, 180.0, -59.99999999999999, 75.0, -59.99999999999999, 75.0, 45.0, -59.99999999999999, -59.99999999999999, -29.999999999999996, -59.99999999999999, -75.0, 105.00000000000001, 59.99999999999999, 45.0, 45.0, -59.99999999999999, 45.0, 45.0, -59.99999999999999, 59.99999999999999, 59.99999999999999, 75.0, 59.99999999999999, -59.99999999999999, 75.0, 29.999999999999996, 59.99999999999999, -59.99999999999999, 115.0, -29.999999999999996, 150.0, -59.99999999999999, -90.0, 119.99999999999999]",3.4563203325523,59.3651689426294,-191.10787516695962,-254.8105002226128,41.192786773435785,0.0,182.9302554091208,-19.384287698231176,-15.601812681706363,0.0,-10.537709901414976,0.0,0.0,0.0,0.0,0.9610080992166637,0.8013385436151196,1.0,39.720952683136254,28.046849026529184,58.29733255901506,50.31284600942616,6.331422916758048,5.68130224456733,6.500938556262258,27.29861068725586,8.756583213806152,False,
1513_MSP-1,/home/raubenb/gitrepos/QTF/2MU7.pdb,1513_MSP-1_ff-amber_chi-selective_hb-0.75_sasa-0.7_vdwr-0.1_vdwa-0.1,GYSLFQKEKMVLNEGTSGTA,amber,selective,0.75,0.7,0.1,0.1,7,50.817095729780306,20,"[-119.99999999999999, 75.0, -165.0, 135.0, -59.99999999999999, 180.0, -29.999999999999996, -14.999999999999998, 180.0, -165.0, 150.0, 180.0, 75.0, 59.99999999999999, 180.0, 59.99999999999999, 90.0, 59.99999999999999, 180.0, -90.0, -59.99999999999999, -59.99999999999999, -59.99999999999999, -59.99999999999999, 180.0, -59.99999999999999, 75.0, -59.99999999999999, 75.0, 45.0, -59.99999999999999, -59.99999999999999, -29.999999999999996, -59.99999999999999, -75.0, 105.00000000000001, 59.99999999999999, 45.0, 45.0, -59.99999999999999, 45.0, 45.0, -59.99999999999999, 59.99999999999999, 59.99999999999999, 75.0, 59.99999999999999, -59.99999999999999, 75.0, 29.999999999999996, 59.99999999999999, -59.99999999999999, 115.0, -29.999999999999996, 150.0, -59.99999999999999, -105.00000000000001, 59.99999999999999]",3.4563203325523,55.246643170916194,-191.10787516695962,-254.8105002226128,41.192786773435785,0.0,182.90254333346277,-19.285780268426727,-15.601812681706363,0.0,-5.985729763494036,0.0,0.0,0.0,0.0,0.9637132064558842,0.8036787729422575,1.0,39.83121865706239,28.128757052979015,58.32144428536438,50.817095729780306,6.331422916758048,5.68130224456733,6.500938556262258,27.29861068725586,8.756583213806152,False,
1513_MSP-1,/home/raubenb/gitrepos/QTF/2MU7.pdb,1513_MSP-1_ff-amber_chi-selective_hb-0.75_sasa-0.7_vdwr-0.1_vdwa-0.1,GYSLFQKEKMVLNEGTSGTA,amber,selective,0.75,0.7,0.1,0.1,8,51.33010942362975,20,"[-119.99999999999999, 75.0, -165.0, 135.0, -59.99999999999999, 180.0, -29.999999999999996, -14.999999999999998, 180.0, -165.0, 150.0, 180.0, 75.0, 59.99999999999999, 180.0, 59.99999999999999, 90.0, 59.99999999999999, 180.0, -90.0, -59.99999999999999, -59.99999999999999, -59.99999999999999, -59.99999999999999, 180.0, -59.99999999999999, 75.0, -59.99999999999999, 75.0, 45.0, -59.99999999999999, -59.99999999999999, -29.999999999999996, -59.99999999999999, -75.0, 105.00000000000001, 59.99999999999999, 45.0, 45.0, -59.99999999999999, 45.0, 45.0, -59.99999999999999, 59.99999999999999, 59.99999999999999, 75.0, 59.99999999999999, -59.99999999999999, 75.0, 29.999999999999996, 59.99999999999999, -59.99999999999999, 145.0, -75.0, 105.00000000000001, 180.0, -75.0, -75.0]",0.410581752150148,55.85235574756913,-191.10787516695962,-254.8105002226128,41.066131171306395,0.0,192.36174579077772,-20.408679496563018,-15.601812681706377,0.0,-11.242337692944629,0.0,0.0,0.0,0.0,0.9633153656830417,0.7949896770496291,1.0,40.65782147057042,27.82463869673702,58.98263167379228,51.33010942362975,5.213440494085383,5.602912414599619,6.6200071652821055,27.29861068725586,8.756583213806152,False,
1513_MSP-1,/home/raubenb/gitrepos/QTF/2MU7.pdb,1513_MSP-1_ff-amber_chi-selective_hb-0.75_sasa-0.7_vdwr-0.1_vdwa-0.1,GYSLFQKEKMVLNEGTSGTA,amber,selective,0.75,0.7,0.1,0.1,9,52.201761922889276,20,"[-119.99999999999999, 75.0, -165.0, 135.0, -59.99999999999999, 180.0, -29.999999999999996, -14.999999999999998, 180.0, -165.0, 150.0, 180.0, 75.0, 59.99999999999999, 180.0, 59.99999999999999, 90.0, 59.99999999999999, 180.0, -90.0, -59.99999999999999, -59.99999999999999, -59.99999999999999, -59.99999999999999, 180.0, -59.99999999999999, 75.0, -59.99999999999999, 75.0, 45.0, -59.99999999999999, -59.99999999999999, -29.999999999999996, -59.99999999999999, -75.0, 105.00000000000001, 59.99999999999999, 45.0, 45.0, -59.99999999999999, 45.0, 45.0, -59.99999999999999, 59.99999999999999, 59.99999999999999, 75.0, 59.99999999999999, -59.99999999999999, 75.0, 29.999999999999996, 59.99999999999999, -59.99999999999999, 115.0, -29.999999999999996, 150.0, -59.99999999999999, -75.0, -75.0]",3.4563203325523,62.97554818360011,-191.10787516695962,-254.8105002226128,41.192786773435785,0.0,183.16077806473365,-19.49271961296028,-15.601812681706363,0.0,-12.381263969806296,0.0,0.0,0.0,0.0,0.9586367499615104,0.799050688695353,1.0,39.633017831496176,27.966774104337354,58.29999894841068,52.201761922889276,6.331422916758048,5.68130224456733,6.500938556262258,27.29861068725586,8.756583213806152,False,
1513_MSP-1,/home/raubenb/gitrepos/QTF/2MU7.pdb,1513_MSP-1_ff-amber_chi-selective_hb-0.75_sasa-0.7_vdwr-0.1_vdwa-0.1,GYSLFQKEKMVLNEGTSGTA,amber,selective,0.75,0.7,0.1,0.1,10,53.41326463662044,20,"[-119.99999999999999, 75.0, -165.0, 135.0, -59.99999999999999, 180.0, -29.999999999999996, -14.999999999999998, 180.0, -165.0, 150.0, 180.0, 75.0, 59.99999999999999, 180.0, 59.99999999999999, 90.0, 59.99999999999999, 180.0, -90.0, -59.99999999999999, -59.99999999999999, -59.99999999999999, -59.99999999999999, 180.0, -59.99999999999999, 75.0, -59.99999999999999, 75.0, 45.0, -59.99999999999999, -59.99999999999999, -29.999999999999996, -59.99999999999999, -75.0, 105.00000000000001, 59.99999999999999, 45.0, 45.0, -59.99999999999999, 45.0, 45.0, -59.99999999999999, 59.99999999999999, 59.99999999999999, 75.0, 59.99999999999999, -59.99999999999999, 75.0, 29.999999999999996, 59.99999999999999, -59.99999999999999, 145.0, -75.0, 105.00000000000001, 180.0, -75.0, 119.99999999999999]",0.410581752150148,55.85235574756913,-191.10787516695962,-254.8105002226128,41.066131171306395,0.0,192.36174579077772,-20.408679496563018,-15.601812681706377,0.0,-9.15918247995394,0.0,0.0,0.0,0.0,0.9633153656830417,0.7949896770496291,1.0,40.65782147057042,27.82463869673702,58.98263167379228,53.41326463662044,5.213440494085383,5.602912414599619,6.6200071652821055,27.29861068725586,8.756583213806152,False,
1513_MSP-1,/home/raubenb/gitrepos/QTF/2MU7.pdb,1513_MSP-1_ff-amber_chi-selective_hb-0.75_sasa-0.7_vdwr-0.1_vdwa-0.1,GYSLFQKEKMVLNEGTSGTA,amber,selective,0.75,0.7,0.1,0.1,11,53.98884777742697,20,"[-119.99999999999999, 75.0, -165.0, 135.0, -59.99999999999999, 180.0, -29.999999999999996, -14.999999999999998, 180.0, -165.0, 150.0, 180.0, 75.0, 59.99999999999999, 180.0, 59.99999999999999, 90.0, 59.99999999999999, 180.0, -90.0, -59.99999999999999, -59.99999999999999, -59.99999999999999, -59.99999999999999, 180.0, -59.99999999999999, 75.0, -59.99999999999999, 75.0, 45.0, -59.99999999999999, -59.99999999999999, -29.999999999999996, -59.99999999999999, -75.0, 105.00000000000001, 59.99999999999999, 45.0, 45.0, -59.99999999999999, 45.0, 45.0, -59.99999999999999, 59.99999999999999, 59.99999999999999, 75.0, 59.99999999999999, -59.99999999999999, 75.0, 29.999999999999996, 59.99999999999999, -75.0, 90.0, -29.999999999999996, 150.0, -59.99999999999999, -150.0, 150.0]",0.011294334187539985,51.76221003338301,-191.10787516695962,-254.8105002226128,41.79157230877358,0.0,201.05923876931547,-21.082203428314077,-15.601812681706363,0.0,-12.843576391252586,0.0,0.0,0.0,0.0,0.9660018324903888,0.8154553002787109,1.0,41.19517342947435,28.540935509754885,60.01250723601765,53.98884777742697,5.4524724623243745,5.597411138037226,6.6208195616129615,27.29861068725586,8.756583213806152,False,
1513_MSP-1,/home/raubenb/gitrepos/QTF/2MU7.pdb,1513_MSP-1_ff-amber_chi-selective_hb-0.75_sasa-0.7_vdwr-0.1_vdwa-0.1,GYSLFQKEKMVLNEGTSGTA,amber,selective,0.75,0.7,0.1,0.1,12,54.18589495795229,20,"[-119.99999999999999, 75.0, -165.0, 135.0, -59.99999999999999, 180.0, -29.999999999999996, -14.999999999999998, 180.0, -165.0, 150.0, 180.0, 75.0, 59.99999999999999, 180.0, 59.99999999999999, 90.0, 59.99999999999999, 180.0, -90.0, -59.99999999999999, -59.99999999999999, -59.99999999999999, -59.99999999999999, 180.0, -59.99999999999999, 75.0, -59.99999999999999, 75.0, 45.0, -59.99999999999999, -59.99999999999999, -29.999999999999996, -59.99999999999999, -75.0, 105.00000000000001, 59.99999999999999, 45.0, 45.0, -59.99999999999999, 45.0, 45.0, -59.99999999999999, 59.99999999999999, 59.99999999999999, 75.0, 59.99999999999999, -59.99999999999999, 75.0, 29.999999999999996, 59.99999999999999, -59.99999999999999, 145.0, -75.0, 105.00000000000001, 180.0, -75.0, 105.00000000000001]",0.410581752150148,55.85235574756913,-191.10787516695962,-254.8105002226128,41.066131171306395,0.0,192.36174579077772,-20.408679496563018,-15.601812681706377,0.0,-8.386552158622088,0.0,0.0,0.0,0.0,0.9633153656830417,0.7949896770496291,1.0,40.65782147057042,27.82463869673702,58.98263167379228,54.18589495795229,5.213440494085383,5.602912414599619,6.6200071652821055,27.29861068725586,8.756583213806152,False,
1513_MSP-1,/home/raubenb/gitrepos/QTF/2MU7.pdb,1513_MSP-1_ff-amber_chi-selective_hb-0.75_sasa-0.7_vdwr-0.1_vdwa-0.1,GYSLFQKEKMVLNEGTSGTA,amber,selective,0.75,0.7,0.1,0.1,13,54.284917135879965,20,"[-119.99999999999999, 75.0, -165.0, 135.0, -59.99999999999999, 180.0, -29.999999999999996, -14.999999999999998, 180.0, -165.0, 150.0, 180.0, 75.0, 59.99999999999999, 180.0, 59.99999999999999, 90.0, 59.99999999999999, 180.0, -90.0, -59.99999999999999, -59.99999999999999, -59.99999999999999, -59.99999999999999, 180.0, -59.99999999999999, 75.0, -59.99999999999999, 75.0, 45.0, -59.99999999999999, -59.99999999999999, -29.999999999999996, -59.99999999999999, -75.0, 105.00000000000001, 59.99999999999999, 45.0, 45.0, -59.99999999999999, 45.0, 45.0, -59.99999999999999, 59.99999999999999, 59.99999999999999, 75.0, 59.99999999999999, -59.99999999999999, 75.0, 29.999999999999996, 59.99999999999999, -59.99999999999999, 115.0, -29.999999999999996, 150.0, -59.99999999999999, -75.0, 119.99999999999999]",3.4563203325523,62.97554818360011,-191.10787516695962,-254.8105002226128,41.192786773435785,0.0,183.16077806473365,-19.49271961296028,-15.601812681706363,0.0,-10.298108756815607,0.0,0.0,0.0,0.0,0.9586367499615104,0.799050688695353,1.0,39.633017831496176,27.966774104337354,58.29999894841068,54.284917135879965,6.331422916758048,5.68130224456733,6.500938556262258,27.29861068725586,8.756583213806152,False,
1513_MSP-1,/home/raubenb/gitrepos/QTF/2MU7.pdb,1513_MSP-1_ff-amber_chi-selective_hb-0.75_sasa-0.7_vdwr-0.1_vdwa-0.1,GYSLFQKEKMVLNEGTSGTA,amber,selective,0.75,0.7,0.1,0.1,14,54.45417447253818,20,"[-119.99999999999999, 75.0, -165.0, 135.0, -59.99999999999999, 180.0, -29.999999999999996, -14.999999999999998, 180.0, -165.0, 150.0, 180.0, 75.0, 59.99999999999999, 180.0, 59.99999999999999, 90.0, 59.99999999999999, 180.0, -90.0, -59.99999999999999, -59.99999999999999, -59.99999999999999, -59.99999999999999, 180.0, -59.99999999999999, 75.0, -59.99999999999999, 75.0, 45.0, -59.99999999999999, -59.99999999999999, -29.999999999999996, -59.99999999999999, -75.0, 105.00000000000001, 59.99999999999999, 45.0, 45.0, -59.99999999999999, 45.0, 45.0, -59.99999999999999, 59.99999999999999, 59.99999999999999, 75.0, 59.99999999999999, -59.99999999999999, 75.0, 29.999999999999996, 59.99999999999999, -75.0, 90.0, -29.999999999999996, 150.0, -59.99999999999999, -150.0, 165.0]",0.011294334187539985,51.76221003338301,-191.10787516695962,-254.8105002226128,41.79157230877358,0.0,201.05923876931547,-21.082203428314077,-15.601812681706363,0.0,-12.378249696141374,0.0,0.0,0.0,0.0,0.9660018324903888,0.8154553002787109,1.0,41.19517342947435,28.540935509754885,60.01250723601765,54.45417447253818,5.4524724623243745,5.597411138037226,6.6208195616129615,27.29861068725586,8.756583213806152,False,
1513_MSP-1,/home/raubenb/gitrepos/QTF/2MU7.pdb,1513_MSP-1_ff-amber_chi-selective_hb-0.75_sasa-0.7_vdwr-0.1_vdwa-0.1,GYSLFQKEKMVLNEGTSGTA,amber,selective,0.75,0.7,0.1,0.1,15,55.05754745721182,20,"[-119.99999999999999, 75.0, -165.0, 135.0, -59.99999999999999, 180.0, -29.999999999999996, -14.999999999999998, 180.0, -165.0, 150.0, 180.0, 75.0, 59.99999999999999, 180.0, 59.99999999999999, 90.0, 59.99999999999999, 180.0, -90.0, -59.99999999999999, -59.99999999999999, -59.99999999999999, -59.99999999999999, 180.0, -59.99999999999999, 75.0, -59.99999999999999, 75.0, 45.0, -59.99999999999999, -59.99999999999999, -29.999999999999996, -59.99999999999999, -75.0, 105.00000000000001, 59.99999999999999, 45.0, 45.0, -59.99999999999999, 45.0, 45.0, -59.99999999999999, 59.99999999999999, 59.99999999999999, 75.0, 59.99999999999999, -59.99999999999999, 75.0, 29.999999999999996, 59.99999999999999, -59.99999999999999, 115.0, -29.999999999999996, 150.0, -59.99999999999999, -75.0, 105.00000000000001]",3.4563203325523,62.97554818360011,-191.10787516695962,-254.8105002226128,41.192786773435785,0.0,183.16077806473365,-19.49271961296028,-15.601812681706363,0.0,-9.525478435483755,0.0,0.0,0.0,0.0,0.9586367499615104,0.799050688695353,1.0,39.633017831496176,27.966774104337354,58.29999894841068,55.05754745721182,6.331422916758048,5.68130224456733,6.500938556262258,27.29861068725586,8.756583213806152,False,
1513_MSP-1,/home/raubenb/gitrepos/QTF/2MU7.pdb,1513_MSP-1_ff-amber_chi-selective_hb-0.75_sasa-0.7_vdwr-0.1_vdwa-0.1,GYSLFQKEKMVLNEGTSGTA,amber,selective,0.75,0.7,0.1,0.1,16,55.55394676529342,20,"[-119.99999999999999, 75.0, -165.0, 135.0, -59.99999999999999, 180.0, -29.999999999999996, -14.999999999999998, 180.0, -165.0, 150.0, 180.0, 75.0, 59.99999999999999, 180.0, 59.99999999999999, 90.0, 59.99999999999999, 180.0, -90.0, -59.99999999999999, -59.99999999999999, -59.99999999999999, -59.99999999999999, 180.0, -59.99999999999999, 75.0, -59.99999999999999, 75.0, 45.0, -59.99999999999999, -59.99999999999999, -29.999999999999996, -59.99999999999999, -75.0, 105.00000000000001, 59.99999999999999, 45.0, 45.0, -59.99999999999999, 45.0, 45.0, -59.99999999999999, 59.99999999999999, 59.99999999999999, 75.0, 59.99999999999999, -59.99999999999999, 75.0, 29.999999999999996, 59.99999999999999, -59.99999999999999, 145.0, -75.0, 105.00000000000001, 180.0, -105.00000000000001, 59.99999999999999]",0.410581752150148,54.61680291260869,-191.10787516695962,-254.8105002226128,41.066131171306395,0.0,191.5826784738611,-20.565756209334566,-15.601812681706377,0.0,-4.846803486632369,0.0,0.0,0.0,0.0,0.9641268946386806,0.8001841071373142,1.0,40.92421622971188,28.006443749806,59.22584904430789,55.55394676529342,5.213440494085383,5.602912414599619,6.6200071652821055,27.29861068725586,8.756583213806152,False,
1513_MSP-1,/home/raubenb/gitrepos/QTF/2MU7.pdb,1513_MSP-1_ff-amber_chi-selective_hb-0.75_sasa-0.7_vdwr-0.1_vdwa-0.1,GYSLFQKEKMVLNEGTSGTA,amber,selective,0.75,0.7,0.1,0.1,17,56.64404406471422,20,"[-119.99999999999999, 75.0, -165.0, 135.0, -59.99999999999999, 180.0, -29.999999999999996, -14.999999999999998, 180.0, -165.0, 150.0, 180.0, 75.0, 59.99999999999999, 180.0, 59.99999999999999, 90.0, 59.99999999999999, 180.0, -90.0, -59.99999999999999, -59.99999999999999, -59.99999999999999, -59.99999999999999, 180.0, -59.99999999999999, 75.0, -59.99999999999999, 75.0, 45.0, -59.99999999999999, -59.99999999999999, -29.999999999999996, -59.99999999999999, -75.0, 105.00000000000001, 59.99999999999999, 45.0, 45.0, -59.99999999999999, 45.0, 45.0, -59.99999999999999, 59.99999999999999, 59.99999999999999, 75.0, 59.99999999999999, -59.99999999999999, 75.0, 29.999999999999996, 59.99999999999999, -59.99999999999999, 145.0, -105.00000000000001, 119.99999999999999, 180.0, -29.999999999999996, -75.0]",3.8489339400302987,64.39437868773423,-191.10787516695962,-254.8105002226128,41.158629604477625,0.0,186.21796806546521,-19.812916368851337,-15.601812681706377,0.0,-12.453262015475811,0.0,0.0,0.0,0.0,0.957704841584411,0.7533653529738333,1.0,39.25630012488602,26.367787354084168,56.77732260738624,56.64404406471422,6.377374941519337,5.653293449165265,6.6815494957180155,27.29861068725586,8.756583213806152,False,
1513_MSP-1,/home/raubenb/gitrepos/QTF/2MU7.pdb,1513_MSP-1_ff-amber_chi-selective_hb-0.75_sasa-0.7_vdwr-0.1_vdwa-0.1,GYSLFQKEKMVLNEGTSGTA,amber,selective,0.75,0.7,0.1,0.1,18,57.9809133823049,20,"[-119.99999999999999, 75.0, -165.0, 135.0, -59.99999999999999, 180.0, -29.999999999999996, -14.999999999999998, 180.0, -165.0, 150.0, 180.0, 75.0, 59.99999999999999, 180.0, 59.99999999999999, 90.0, 59.99999999999999, 180.0, -90.0, -59.99999999999999, -59.99999999999999, -59.99999999999999, -59.99999999999999, 180.0, -59.99999999999999, 75.0, -59.99999999999999, 75.0, 45.0, -59.99999999999999, -59.99999999999999, -29.999999999999996, -59.99999999999999, -75.0, 105.00000000000001, 59.99999999999999, 45.0, 45.0, -59.99999999999999, 45.0, 45.0, -59.99999999999999, 59.99999999999999, 59.99999999999999, 75.0, 59.99999999999999, -59.99999999999999, 75.0, 29.999999999999996, 59.99999999999999, -75.0, 90.0, -29.999999999999996, 150.0, -59.99999999999999, -105.00000000000001, 59.99999999999999]",0.011294334187539985,53.74380428932015,-191.10787516695962,-254.8105002226128,41.79157230877358,0.0,195.99607017089133,-20.850380352713778,-15.601812681706363,0.0,-6.001759519487966,0.0,0.0,0.0,0.0,0.9647002927492151,0.8074848724678672,1.0,40.836133602005226,28.26197053637535,59.603665165201235,57.9809133823049,5.4524724623243745,5.597411138037226,6.6208195616129615,27.29861068725586,8.756583213806152,False,
1513_MSP-1,/home/raubenb/gitrepos/QTF/2MU7.pdb,1513_MSP-1_ff-amber_chi-selective_hb-0.75_sasa-0.7_vdwr-0.1_vdwa-0.1,GYSLFQKEKMVLNEGTSGTA,amber,selective,0.75,0.7,0.1,0.1,19,58.38724869088373,20,"[-119.99999999999999, 75.0, -165.0, 135.0, -59.99999999999999, 180.0, -29.999999999999996, -14.999999999999998, 180.0, -165.0, 150.0, 180.0, 75.0, 59.99999999999999, 180.0, 59.99999999999999, 90.0, 59.99999999999999, 180.0, -90.0, -59.99999999999999, -59.99999999999999, -59.99999999999999, -59.99999999999999, 180.0, -59.99999999999999, 75.0, -59.99999999999999, 75.0, 45.0, -59.99999999999999, -59.99999999999999, -29.999999999999996, -59.99999999999999, -75.0, 105.00000000000001, 59.99999999999999, 45.0, 45.0, -59.99999999999999, 45.0, 45.0, -59.99999999999999, 59.99999999999999, 59.99999999999999, 75.0, 59.99999999999999, -59.99999999999999, 75.0, 29.999999999999996, 59.99999999999999, -75.0, 90.0, -29.999999999999996, 150.0, -59.99999999999999, -90.0, 119.99999999999999]",0.011294334187539985,54.410205387671766,-191.10787516695962,-254.8105002226128,41.79157230877358,0.0,200.30823213094214,-20.87062796461642,-15.601812681706363,0.0,-10.553739657408906,0.0,0.0,0.0,0.0,0.9642625908783767,0.8035011997312319,1.0,40.68786986416582,28.122541990593117,59.50536914085572,58.38724869088373,5.4524724623243745,5.597411138037226,6.6208195616129615,27.29861068725586,8.756583213806152,False,
1513_MSP-1,/home/raubenb/gitrepos/QTF/2MU7.pdb,1513_MSP-1_ff-amber_chi-selective_hb-0.75_sasa-0.7_vdwr-0.1_vdwa-0.1,GYSLFQKEKMVLNEGTSGTA,amber,selective,0.75,0.7,0.1,0.1,20,58.41420298153138,20,"[-59.99999999999999, -45.0, -59.99999999999999, 145.0, -59.99999999999999, 180.0, -29.999999999999996, -14.999999999999998, 180.0, -165.0, 150.0, 180.0, 75.0, 59.99999999999999, 180.0, 59.99999999999999, -75.0, 175.0, 180.0, 75.0, 29.999999999999996, -59.99999999999999, 59.99999999999999, 75.0, 180.0, -150.0, 119.99999999999999, 180.0, 75.0, 45.0, -59.99999999999999, 59.99999999999999, 75.0, -59.99999999999999, -59.99999999999999, -29.999999999999996, -59.99999999999999, 75.0, 59.99999999999999, 59.99999999999999, 29.999999999999996, 59.99999999999999, 180.0, 59.99999999999999, 59.99999999999999, -45.0, -75.0, -59.99999999999999, -75.0, -14.999999999999998, 180.0, 75.0, 14.999999999999998, -45.0, -45.0, 180.0, -75.0, -75.0]",3.7377444646165454,18.140834749670532,-123.78313067231127,-165.04417422974836,47.732429449584274,0.0,169.20866580185083,-20.240772568664426,-15.601812681706377,0.0,-20.779755561508715,0.0,0.0,0.0,0.0,0.9880848376028437,0.8181606585731718,1.0,48.089139790479344,28.63562305006101,74.10394960247334,58.41420298153138,4.635390901665204,5.687189390651965,7.714200014328109,27.29861068725586,8.756583213806152,False,
1513_MSP-1,/home/raubenb/gitrepos/QTF/2MU7.pdb,1513_MSP-1_ff-amber_chi-selective_hb-0.75_sasa-0.7_vdwr-0.1_vdwa-0.1,GYSLFQKEKMVLNEGTSGTA,amber,selective,0.75,0.7,0.1,0.1,21,58.44115855166338,20,"[-119.99999999999999, 75.0, -165.0, 135.0, -59.99999999999999, 180.0, -29.999999999999996, -14.999999999999998, 180.0, -165.0, 150.0, 180.0, 75.0, 59.99999999999999, 180.0, 59.99999999999999, 90.0, 59.99999999999999, 180.0, -90.0, -59.99999999999999, -59.99999999999999, -59.99999999999999, -59.99999999999999, 180.0, -59.99999999999999, 75.0, -59.99999999999999, 75.0, 45.0, -59.99999999999999, -59.99999999999999, -29.999999999999996, -59.99999999999999, -75.0, 105.00000000000001, 59.99999999999999, 45.0, 45.0, -59.99999999999999, 45.0, 45.0, -59.99999999999999, 59.99999999999999, 59.99999999999999, 75.0, 59.99999999999999, -59.99999999999999, 75.0, 29.999999999999996, 59.99999999999999, -59.99999999999999, 145.0, -75.0, 105.00000000000001, 180.0, -150.0, 150.0]",0.410581752150148,53.549350790943635,-191.10787516695962,-254.8105002226128,41.066131171306395,0.0,202.56579123916615,-20.75238819483996,-15.601812681706377,0.0,-11.688620358396989,0.0,0.0,0.0,0.0,0.964828012616786,0.8009017228116206,1.0,41.096312686635244,28.031560298406724,60.307338731501304,58.44115855166338,5.213440494085383,5.602912414599619,6.6200071652821055,27.29861068725586,8.756583213806152,False,
1513_MSP-1,/home/raubenb/gitrepos/QTF/2MU7.pdb,1513_MSP-1_ff-amber_chi-selective_hb-0.75_sasa-0.7_vdwr-0.1_vdwa-0.1,GYSLFQKEKMVLNEGTSGTA,amber,selective,0.75,0.7,0.1,0.1,22,58.906485246774594,20,"[-119.99999999999999, 75.0, -165.0, 135.0, -59.99999999999999, 180.0, -29.999999999999996, -14.999999999999998, 180.0, -165.0, 150.0, 180.0, 75.0, 59.99999999999999, 180.0, 59.99999999999999, 90.0, 59.99999999999999, 180.0, -90.0, -59.99999999999999, -59.99999999999999, -59.99999999999999, -59.99999999999999, 180.0, -59.99999999999999, 75.0, -59.99999999999999, 75.0, 45.0, -59.99999999999999, -59.99999999999999, -29.999999999999996, -59.99999999999999, -75.0, 105.00000000000001, 59.99999999999999, 45.0, 45.0, -59.99999999999999, 45.0, 45.0, -59.99999999999999, 59.99999999999999, 59.99999999999999, 75.0, 59.99999999999999, -59.99999999999999, 75.0, 29.999999999999996, 59.99999999999999, -59.99999999999999, 145.0, -75.0, 105.00000000000001, 180.0, -150.0, 165.0]",0.410581752150148,53.549350790943635,-191.10787516695962,-254.8105002226128,41.066131171306395,0.0,202.56579123916615,-20.75238819483996,-15.601812681706377,0.0,-11.223293663285776,0.0,0.0,0.0,0.0,0.964828012616786,0.8009017228116206,1.0,41.096312686635244,28.031560298406724,60.307338731501304,58.906485246774594,5.213440494085383,5.602912414599619,6.6200071652821055,27.29861068725586,8.756583213806152,False,
1513_MSP-1,/home/raubenb/gitrepos/QTF/2MU7.pdb,1513_MSP-1_ff-amber_chi-selective_hb-0.75_sasa-0.7_vdwr-0.1_vdwa-0.1,GYSLFQKEKMVLNEGTSGTA,amber,selective,0.75,0.7,0.1,0.1,23,59.34038623296944,20,"[-59.99999999999999, -45.0, -59.99999999999999, 145.0, -59.99999999999999, 180.0, -29.999999999999996, -14.999999999999998, 180.0, -165.0, 150.0, 180.0, 75.0, 59.99999999999999, 180.0, 59.99999999999999, -75.0, 175.0, 180.0, 75.0, 29.999999999999996, -59.99999999999999, 59.99999999999999, 75.0, 180.0, -150.0, 119.99999999999999, 180.0, 75.0, 45.0, -59.99999999999999, 59.99999999999999, 75.0, -59.99999999999999, -59.99999999999999, -29.999999999999996, -59.99999999999999, 75.0, 59.99999999999999, 59.99999999999999, 29.999999999999996, 59.99999999999999, 180.0, 59.99999999999999, 59.99999999999999, 29.999999999999996, 14.999999999999998, -59.99999999999999, 75.0, 29.999999999999996, 59.99999999999999, 75.0, 14.999999999999998, -119.99999999999999, 135.0, -59.99999999999999, -150.0, 150.0]",17.83910685834107,33.548137754802006,-147.54672005072584,-196.72896006763446,43.902985078220226,0.0,163.84157835388032,-18.889386998722507,-15.601812681706363,0.0,-17.75350208111947,0.0,0.0,0.0,0.0,0.9779650983548099,0.784244693595969,1.0,46.51468099215828,27.448564275858917,69.7529878358709,59.34038623296944,7.3888677485912595,6.132757077277732,7.171112804634631,27.29861068725586,8.756583213806152,False,
1513_MSP-1,/home/raubenb/gitrepos/QTF/2MU7.pdb,1513_MSP-1_ff-amber_chi-selective_hb-0.75_sasa-0.7_vdwr-0.1_vdwa-0.1,GYSLFQKEKMVLNEGTSGTA,amber,selective,0.75,0.7,0.1,0.1,24,59.349599829420065,20,"[-59.99999999999999, -45.0, -59.99999999999999, 145.0, -59.99999999999999, 180.0, -29.999999999999996, -14.999999999999998, 180.0, -165.0, 150.0, 180.0, 75.0, 59.99999999999999, 180.0, 59.99999999999999, -75.0, 175.0, 180.0, 75.0, 29.999999999999996, -59.99999999999999, 59.99999999999999, 75.0, 180.0, -150.0, 119.99999999999999, 180.0, 75.0, 45.0, -59.99999999999999, 59.99999999999999, 75.0, -59.99999999999999, -59.99999999999999, -29.999999999999996, -59.99999999999999, 75.0, 59.99999999999999, 59.99999999999999, 29.999999999999996, 59.99999999999999, 180.0, 59.99999999999999, 59.99999999999999, -45.0, -75.0, -59.99999999999999, -75.0, -14.999999999999998, 180.0, 75.0, 14.999999999999998, -45.0, -59.99999999999999, -59.99999999999999, -75.0, -75.0]",4.151503422889419,18.134638942140207,-123.78313067231127,-165.04417422974836,47.732429449584274,0.0,169.7349703991052,-20.477391924070922,-15.601812681706363,0.0,-20.5416071062105,0.0,0.0,0.0,0.0,0.9880889070987585,0.8181627293190564,1.0,48.12834824616829,28.635695526166973,74.1229551270448,59.349599829420065,4.588791634927618,5.683550102266308,7.737247260789939,27.29861068725586,8.756583213806152,False,
1513_MSP-1,/home/raubenb/gitrepos/QTF/2MU7.pdb,1513_MSP-1_ff-amber_chi-selective_hb-0.75_sasa-0.7_vdwr-0.1_vdwa-0.1,GYSLFQKEKMVLNEGTSGTA,amber,selective,0.75,0.7,0.1,0.1,25,59.667940336973984,20,"[-119.99999999999999, 75.0, -165.0, 135.0, -59.99999999999999, 180.0, -29.999999999999996, -14.999999999999998, 180.0, -165.0, 150.0, 180.0, 75.0, 59.99999999999999, 180.0, 59.99999999999999, 90.0, 59.99999999999999, 180.0, -90.0, -59.99999999999999, -59.99999999999999, -59.99999999999999, -59.99999999999999, 180.0, -59.99999999999999, 75.0, -59.99999999999999, 75.0, 45.0, -59.99999999999999, -59.99999999999999, -29.999999999999996, -59.99999999999999, -75.0, 105.00000000000001, 59.99999999999999, 45.0, 45.0, -59.99999999999999, 45.0, 45.0, -59.99999999999999, 59.99999999999999, 59.99999999999999, 75.0, 59.99999999999999, -59.99999999999999, 75.0, 29.999999999999996, 59.99999999999999, -59.99999999999999, 145.0, -29.999999999999996, 150.0, -59.99999999999999, -29.999999999999996, -75.0]",3.559930849871254,64.76709341566942,-191.10787516695962,-254.8105002226128,40.79498890120102,0.0,189.10011003480741,-19.734320352578482,-15.601812681706363,0.0,-12.110174663330664,0.0,0.0,0.0,0.0,0.957460037165406,0.7661014646681904,1.0,39.91270108923089,26.813551263386664,59.345197890786814,59.667940336973984,6.3437927292731615,5.664386525257831,6.493338456697015,27.29861068725586,8.756583213806152,False,
1513_MSP-1,/home/raubenb/gitrepos/QTF/2MU7.pdb,1513_MSP-1_ff-amber_chi-selective_hb-0.75_sasa-0.7_vdwr-0.1_vdwa-0.1,GYSLFQKEKMVLNEGTSGTA,amber,selective,0.75,0.7,0.1,0.1,26,59.80571292808065,20,"[-59.99999999999999, -45.0, -59.99999999999999, 145.0, -59.99999999999999, 180.0, -29.999999999999996, -14.999999999999998, 180.0, -165.0, 150.0, 180.0, 75.0, 59.99999999999999, 180.0, 59.99999999999999, -75.0, 175.0, 180.0, 75.0, 29.999999999999996, -59.99999999999999, 59.99999999999999, 75.0, 180.0, -150.0, 119.99999999999999, 180.0, 75.0, 45.0, -59.99999999999999, 59.99999999999999, 75.0, -59.99999999999999, -59.99999999999999, -29.999999999999996, -59.99999999999999, 75.0, 59.99999999999999, 59.99999999999999, 29.999999999999996, 59.99999999999999, 180.0, 59.99999999999999, 59.99999999999999, 29.999999999999996, 14.999999999999998, -59.99999999999999, 75.0, 29.999999999999996, 59.99999999999999, 75.0, 14.999999999999998, -119.99999999999999, 135.0, -59.99999999999999, -150.0, 165.0]",17.83910685834107,33.548137754802006,-147.54672005072584,-196.72896006763446,43.902985078220226,0.0,163.84157835388032,-18.889386998722507,-15.601812681706363,0.0,-17.28817538600826,0.0,0.0,0.0,0.0,0.9779650983548099,0.784244693595969,1.0,46.51468099215828,27.448564275858917,69.7529878358709,59.80571292808065,7.3888677485912595,6.132757077277732,7.171112804634631,27.29861068725586,8.756583213806152,False,
1513_MSP-1,/home/raubenb/gitrepos/QTF/2MU7.pdb,1513_MSP-1_ff-amber_chi-selective_hb-0.75_sasa-0.7_vdwr-0.1_vdwa-0.1,GYSLFQKEKMVLNEGTSGTA,amber,selective,0.75,0.7,0.1,0.1,27,59.87079745854753,20,"[-119.99999999999999, 75.0, -165.0, 135.0, -59.99999999999999, 180.0, -29.999999999999996, -14.999999999999998, 180.0, -165.0, 150.0, 180.0, 75.0, 59.99999999999999, 180.0, 59.99999999999999, 90.0, 59.99999999999999, 180.0, -90.0, -59.99999999999999, -59.99999999999999, -59.99999999999999, -59.99999999999999, 180.0, -59.99999999999999, 75.0, -59.99999999999999, 75.0, 45.0, -59.99999999999999, -59.99999999999999, -29.999999999999996, -59.99999999999999, -75.0, 105.00000000000001, 59.99999999999999, 45.0, 45.0, -59.99999999999999, 45.0, 45.0, -59.99999999999999, 59.99999999999999, 59.99999999999999, 75.0, 59.99999999999999, -59.99999999999999, 75.0, 29.999999999999996, 59.99999999999999, -75.0, 90.0, -29.999999999999996, 150.0, -59.99999999999999, -75.0, -75.0]",0.011294334187539985,55.02876106515379,-191.10787516695962,-254.8105002226128,41.79157230877358,0.0,202.9492647845424,-20.803113459643583,-15.601812681706363,0.0,-12.397293725800226,0.0,0.0,0.0,0.0,0.9638563145713277,0.7997693055738343,1.0,40.54132279336044,27.991925695084202,59.43327998120748,59.87079745854753,5.4524724623243745,5.597411138037226,6.6208195616129615,27.29861068725586,8.756583213806152,False,
1513_MSP-1,/home/raubenb/gitrepos/QTF/2MU7.pdb,1513_MSP-1_ff-amber_chi-selective_hb-0.75_sasa-0.7_vdwr-0.1_vdwa-0.1,GYSLFQKEKMVLNEGTSGTA,amber,selective,0.75,0.7,0.1,0.1,28,60.43596449210317,20,"[-59.99999999999999, -45.0, -59.99999999999999, 145.0, -59.99999999999999, 180.0, -29.999999999999996, -14.999999999999998, 180.0, -165.0, 150.0, 180.0, 75.0, 59.99999999999999, 180.0, 59.99999999999999, -75.0, 175.0, 180.0, 75.0, 29.999999999999996, -59.99999999999999, 59.99999999999999, 75.0, 180.0, -150.0, 119.99999999999999, 180.0, 75.0, 45.0, -59.99999999999999, 59.99999999999999, 75.0, -59.99999999999999, -59.99999999999999, -29.999999999999996, -59.99999999999999, 75.0, 59.99999999999999, 59.99999999999999, 29.999999999999996, 59.99999999999999, 180.0, 59.99999999999999, 59.99999999999999, -45.0, -75.0, -59.99999999999999, -75.0, -14.999999999999998, 180.0, 75.0, 14.999999999999998, -45.0, -59.99999999999999, -59.99999999999999, -29.999999999999996, -75.0]",4.151503422889419,20.015965331440015,-123.78313067231127,-165.04417422974836,47.732429449584274,0.0,168.47903845910378,-20.331098081337007,-15.601812681706363,0.0,-20.226930735559677,0.0,0.0,0.0,0.0,0.9868532247412544,0.8181596136498593,1.0,48.03845251737107,28.635586477745075,74.10434650979877,60.43596449210317,4.588791634927618,5.683550102266308,7.737247260789939,27.29861068725586,8.756583213806152,False,
1513_MSP-1,/home/raubenb/gitrepos/QTF/2MU7.pdb,1513_MSP-1_ff-amber_chi-selective_hb-0.75_sasa-0.7_vdwr-0.1_vdwa-0.1,GYSLFQKEKMVLNEGTSGTA,amber,selective,0.75,0.7,0.1,0.1,29,60.44185783022503,20,"[-59.99999999999999, -45.0, -59.99999999999999, 145.0, -59.99999999999999, 180.0, -29.999999999999996, -14.999999999999998, 180.0, -165.0, 150.0, 180.0, 75.0, 59.99999999999999, 180.0, 59.99999999999999, -75.0, 175.0, 180.0, 75.0, 29.999999999999996, -59.99999999999999, 59.99999999999999, 75.0, 180.0, -150.0, 119.99999999999999, 180.0, 75.0, 45.0, -59.99999999999999, 59.99999999999999, 75.0, -59.99999999999999, -59.99999999999999, -29.999999999999996, -59.99999999999999, 75.0, 59.99999999999999, 59.99999999999999, 29.999999999999996, 59.99999999999999, 180.0, 59.99999999999999, 59.99999999999999, -45.0, -75.0, -59.99999999999999, -75.0, -14.999999999999998, 180.0, 75.0, 14.999999999999998, -45.0, -45.0, 180.0, -90.0, 119.99999999999999]",3.7377444646165454,18.13985438686162,-123.78313067231127,-165.04417422974836,47.732429449584274,0.0,169.4063179595441,-20.253343583246473,-15.601812681706377,0.0,-18.936201493117395,0.0,0.0,0.0,0.0,0.9880854815193026,0.8181610307492111,1.0,48.09627538277377,28.63563607622239,74.10775125856604,60.44185783022503,4.635390901665204,5.687189390651965,7.714200014328109,27.29861068725586,8.756583213806152,False,
1513_MSP-1,/home/raubenb/gitrepos/QTF/2MU7.pdb,1513_MSP-1_ff-amber_chi-selective_hb-0.75_sasa-0.7_vdwr-0.1_vdwa-0.1,GYSLFQKEKMVLNEGTSGTA,amber,selective,0.75,0.7,0.1,0.1,30,60.49735819452207,20,"[-59.99999999999999, -45.0, -59.99999999999999, 145.0, -59.99999999999999, 180.0, -29.999999999999996, -14.999999999999998, 180.0, -165.0, 150.0, 180.0, 75.0, 59.99999999999999, 180.0, 59.99999999999999, -75.0, 175.0, 180.0, 75.0, 29.999999999999996, -59.99999999999999, 59.99999999999999, 75.0, 180.0, -150.0, 119.99999999999999, 180.0, 75.0, 45.0, -59.99999999999999, 59.99999999999999, 75.0, -59.99999999999999, -59.99999999999999, -29.999999999999996, -59.99999999999999, 75.0, 59.99999999999999, 59.99999999999999, 29.999999999999996, 59.99999999999999, 180.0, 59.99999999999999, 59.99999999999999, -45.0, -75.0, -59.99999999999999, -75.0, -14.999999999999998, 180.0, 75.0, 14.999999999999998, -45.0, -45.0, 180.0, -75.0, 119.99999999999999]",3.7377444646165454,18.140834749670532,-123.78313067231127,-165.04417422974836,47.732429449584274,0.0,169.20866580185083,-20.240772568664426,-15.601812681706377,0.0,-18.696600348518025,0.0,0.0,0.0,0.0,0.9880848376028437,0.8181606585731718,1.0,48.089139790479344,28.63562305006101,74.10394960247334,60.49735819452207,4.635390901665204,5.687189390651965,7.714200014328109,27.29861068725586,8.756583213806152,False,
1513_MSP-1,/home/raubenb/gitrepos/QTF/2MU7.pdb,1513_MSP-1_ff-amber_chi-selective_hb-0.75_sasa-0.7_vdwr-0.1_vdwa-0.1,GYSLFQKEKMVLNEGTSGTA,amber,selective,0.75,0.7,0.1,0.1,31,60.966693830352774,20,"[-119.99999999999999, 75.0, -165.0, 135.0, -59.99999999999999, 180.0, -29.999999999999996, -14.999999999999998, 180.0, -165.0, 150.0, 180.0, 75.0, 59.99999999999999, 180.0, 59.99999999999999, 90.0, 59.99999999999999, 180.0, -90.0, -59.99999999999999, -59.99999999999999, -59.99999999999999, -59.99999999999999, 180.0, -59.99999999999999, 75.0, -59.99999999999999, 75.0, 45.0, -59.99999999999999, -59.99999999999999, -29.999999999999996, -59.99999999999999, -75.0, 105.00000000000001, 59.99999999999999, 45.0, 45.0, -59.99999999999999, 45.0, 45.0, -59.99999999999999, 59.99999999999999, 59.99999999999999, 75.0, 59.99999999999999, -59.99999999999999, 75.0, 29.999999999999996, 59.99999999999999, -59.99999999999999, 145.0, -29.999999999999996, 150.0, -59.99999999999999, -105.00000000000001, 59.99999999999999]",3.559930849871254,62.71774557013199,-191.10787516695962,-254.8105002226128,40.79498890120102,0.0,185.9202659026493,-19.2872327171656,-15.601812681706363,0.0,-6.029316827669228,0.0,0.0,0.0,0.0,0.958806078443263,0.805651115655245,1.0,39.85735514305017,28.197789047933576,59.001958342278584,60.966693830352774,6.3437927292731615,5.664386525257831,6.493338456697015,27.29861068725586,8.756583213806152,False,
1513_MSP-1,/home/raubenb/gitrepos/QTF/2MU7.pdb,1513_MSP-1_ff-amber_chi-selective_hb-0.75_sasa-0.7_vdwr-0.1_vdwa-0.1,GYSLFQKEKMVLNEGTSGTA,amber,selective,0.75,0.7,0.1,0.1,32,61.17487153676128,20,"[-119.99999999999999, 75.0, -165.0, 135.0, -59.99999999999999, 180.0, -29.999999999999996, -14.999999999999998, 180.0, -165.0, 150.0, 180.0, 75.0, 59.99999999999999, 180.0, 59.99999999999999, 90.0, 59.99999999999999, 180.0, -90.0, -59.99999999999999, -59.99999999999999, -59.99999999999999, -59.99999999999999, 180.0, -59.99999999999999, 75.0, -59.99999999999999, 75.0, 45.0, -59.99999999999999, -59.99999999999999, -29.999999999999996, -59.99999999999999, -75.0, 105.00000000000001, 59.99999999999999, 45.0, 45.0, -59.99999999999999, 45.0, 45.0, -59.99999999999999, 59.99999999999999, 59.99999999999999, 75.0, 59.99999999999999, -59.99999999999999, 75.0, 29.999999999999996, 59.99999999999999, -59.99999999999999, 145.0, -29.999999999999996, 150.0, -59.99999999999999, -75.0, -75.0]",3.559930849871254,66.34397662450034,-191.10787516695962,-254.8105002226128,40.79498890120102,0.0,189.06064287732033,-19.4501288334842,-15.601812681706363,0.0,-12.424851033981488,0.0,0.0,0.0,0.0,0.9564243174880128,0.7341711761297259,1.0,39.81450773917156,25.69599116454041,59.13658728610537,61.17487153676128,6.3437927292731615,5.664386525257831,6.493338456697015,27.29861068725586,8.756583213806152,False,
1513_MSP-1,/home/raubenb/gitrepos/QTF/2MU7.pdb,1513_MSP-1_ff-amber_chi-selective_hb-0.75_sasa-0.7_vdwr-0.1_vdwa-0.1,GYSLFQKEKMVLNEGTSGTA,amber,selective,0.75,0.7,0.1,0.1,33,61.2184470462622,20,"[-119.99999999999999, 75.0, -165.0, 135.0, -59.99999999999999, 180.0, -29.999999999999996, -14.999999999999998, 180.0, -165.0, 150.0, 180.0, 75.0, 59.99999999999999, 180.0, 59.99999999999999, 90.0, 59.99999999999999, 180.0, -90.0, -59.99999999999999, -59.99999999999999, -59.99999999999999, -59.99999999999999, 180.0, -59.99999999999999, 75.0, -59.99999999999999, 75.0, 45.0, -59.99999999999999, -59.99999999999999, -29.999999999999996, -59.99999999999999, -75.0, 105.00000000000001, 59.99999999999999, 45.0, 45.0, -59.99999999999999, 45.0, 45.0, -59.99999999999999, 59.99999999999999, 59.99999999999999, 75.0, 59.99999999999999, -59.99999999999999, 75.0, 29.999999999999996, 59.99999999999999, -59.99999999999999, 145.0, -29.999999999999996, 150.0, -59.99999999999999, -90.0, 119.99999999999999]",3.559930849871254,65.01982093732938,-191.10787516695962,-254.8105002226128,40.79498890120102,0.0,188.45495254742278,-19.320261375306092,-15.601812681706363,0.0,-10.581296965590168,0.0,0.0,0.0,0.0,0.9572940420772876,0.760301205449172,1.0,39.82366244170589,26.61054219072102,59.06443128096671,61.2184470462622,6.3437927292731615,5.664386525257831,6.493338456697015,27.29861068725586,8.756583213806152,False,
1513_MSP-1,/home/raubenb/gitrepos/QTF/2MU7.pdb,1513_MSP-1_ff-amber_chi-selective_hb-0.75_sasa-0.7_vdwr-0.1_vdwa-0.1,GYSLFQKEKMVLNEGTSGTA,amber,selective,0.75,0.7,0.1,0.1,34,61.269988515853925,20,"[-59.99999999999999, -45.0, -59.99999999999999, 145.0, -59.99999999999999, 180.0, -29.999999999999996, -14.999999999999998, 180.0, -165.0, 150.0, 180.0, 75.0, 59.99999999999999, 180.0, 59.99999999999999, -75.0, 175.0, 180.0, 75.0, 29.999999999999996, -59.99999999999999, 59.99999999999999, 75.0, 180.0, -150.0, 119.99999999999999, 180.0, 75.0, 45.0, -59.99999999999999, 59.99999999999999, 75.0, -59.99999999999999, -59.99999999999999, -29.999999999999996, -59.99999999999999, 75.0, 59.99999999999999, 59.99999999999999, 29.999999999999996, 59.99999999999999, 180.0, 59.99999999999999, 59.99999999999999, -45.0, -75.0, -59.99999999999999, -75.0, -14.999999999999998, 180.0, 75.0, 14.999999999999998, -45.0, -45.0, 180.0, -75.0, 105.00000000000001]",3.7377444646165454,18.140834749670532,-123.78313067231127,-165.04417422974836,47.732429449584274,0.0,169.20866580185083,-20.240772568664426,-15.601812681706377,0.0,-17.923970027186176,0.0,0.0,0.0,0.0,0.9880848376028437,0.8181606585731718,1.0,48.089139790479344,28.63562305006101,74.10394960247334,61.269988515853925,4.635390901665204,5.687189390651965,7.714200014328109,27.29861068725586,8.756583213806152,False,
1513_MSP-1,/home/raubenb/gitrepos/QTF/2MU7.pdb,1513_MSP-1_ff-amber_chi-selective_hb-0.75_sasa-0.7_vdwr-0.1_vdwa-0.1,GYSLFQKEKMVLNEGTSGTA,amber,selective,0.75,0.7,0.1,0.1,35,61.432755042410754,20,"[-59.99999999999999, -45.0, -59.99999999999999, 145.0, -59.99999999999999, 180.0, -29.999999999999996, -14.999999999999998, 180.0, -165.0, 150.0, 180.0, 75.0, 59.99999999999999, 180.0, 59.99999999999999, -75.0, 175.0, 180.0, 75.0, 29.999999999999996, -59.99999999999999, 59.99999999999999, 75.0, 180.0, -150.0, 119.99999999999999, 180.0, 75.0, 45.0, -59.99999999999999, 59.99999999999999, 75.0, -59.99999999999999, -59.99999999999999, -29.999999999999996, -59.99999999999999, 75.0, 59.99999999999999, 59.99999999999999, 29.999999999999996, 59.99999999999999, 180.0, 59.99999999999999, 59.99999999999999, -45.0, -75.0, -59.99999999999999, -75.0, -14.999999999999998, 180.0, 75.0, 14.999999999999998, -45.0, -59.99999999999999, -59.99999999999999, -75.0, 119.99999999999999]",4.151503422889419,18.134638942140207,-123.78313067231127,-165.04417422974836,47.732429449584274,0.0,169.7349703991052,-20.477391924070922,-15.601812681706363,0.0,-18.45845189321981,0.0,0.0,0.0,0.0,0.9880889070987585,0.8181627293190564,1.0,48.12834824616829,28.635695526166973,74.1229551270448,61.432755042410754,4.588791634927618,5.683550102266308,7.737247260789939,27.29861068725586,8.756583213806152,False,
1513_MSP-1,/home/raubenb/gitrepos/QTF/2MU7.pdb,1513_MSP-1_ff-amber_chi-selective_hb-0.75_sasa-0.7_vdwr-0.1_vdwa-0.1,GYSLFQKEKMVLNEGTSGTA,amber,selective,0.75,0.7,0.1,0.1,36,61.95395267153822,20,"[-119.99999999999999, 75.0, -165.0, 135.0, -59.99999999999999, 180.0, -29.999999999999996, -14.999999999999998, 180.0, -165.0, 150.0, 180.0, 75.0, 59.99999999999999, 180.0, 59.99999999999999, 90.0, 59.99999999999999, 180.0, -90.0, -59.99999999999999, -59.99999999999999, -59.99999999999999, -59.99999999999999, 180.0, -59.99999999999999, 75.0, -59.99999999999999, 75.0, 45.0, -59.99999999999999, -59.99999999999999, -29.999999999999996, -59.99999999999999, -75.0, 105.00000000000001, 59.99999999999999, 45.0, 45.0, -59.99999999999999, 45.0, 45.0, -59.99999999999999, 59.99999999999999, 59.99999999999999, 75.0, 59.99999999999999, -59.99999999999999, 75.0, 29.999999999999996, 59.99999999999999, -75.0, 90.0, -29.999999999999996, 150.0, -59.99999999999999, -75.0, 119.99999999999999]",0.011294334187539985,55.02876106515379,-191.10787516695962,-254.8105002226128,41.79157230877358,0.0,202.9492647845424,-20.803113459643583,-15.601812681706363,0.0,-10.314138512809537,0.0,0.0,0.0,0.0,0.9638563145713277,0.7997693055738343,1.0,40.54132279336044,27.991925695084202,59.43327998120748,61.95395267153822,5.4524724623243745,5.597411138037226,6.6208195616129615,27.29861068725586,8.756583213806152,False,
1513_MSP-1,/home/raubenb/gitrepos/QTF/2MU7.pdb,1513_MSP-1_ff-amber_chi-selective_hb-0.75_sasa-0.7_vdwr-0.1_vdwa-0.1,GYSLFQKEKMVLNEGTSGTA,amber,selective,0.75,0.7,0.1,0.1,37,62.20538536374261,20,"[-59.99999999999999, -45.0, -59.99999999999999, 145.0, -59.99999999999999, 180.0, -29.999999999999996, -14.999999999999998, 180.0, -165.0, 150.0, 180.0, 75.0, 59.99999999999999, 180.0, 59.99999999999999, -75.0, 175.0, 180.0, 75.0, 29.999999999999996, -59.99999999999999, 59.99999999999999, 75.0, 180.0, -150.0, 119.99999999999999, 180.0, 75.0, 45.0, -59.99999999999999, 59.99999999999999, 75.0, -59.99999999999999, -59.99999999999999, -29.999999999999996, -59.99999999999999, 75.0, 59.99999999999999, 59.99999999999999, 29.999999999999996, 59.99999999999999, 180.0, 59.99999999999999, 59.99999999999999, -45.0, -75.0, -59.99999999999999, -75.0, -14.999999999999998, 180.0, 75.0, 14.999999999999998, -45.0, -59.99999999999999, -59.99999999999999, -75.0, 105.00000000000001]",4.151503422889419,18.134638942140207,-123.78313067231127,-165.04417422974836,47.732429449584274,0.0,169.7349703991052,-20.477391924070922,-15.601812681706363,0.0,-17.68582157188796,0.0,0.0,0.0,0.0,0.9880889070987585,0.8181627293190564,1.0,48.12834824616829,28.635695526166973,74.1229551270448,62.20538536374261,4.588791634927618,5.683550102266308,7.737247260789939,27.29861068725586,8.756583213806152,False,
1513_MSP-1,/home/raubenb/gitrepos/QTF/2MU7.pdb,1513_MSP-1_ff-amber_chi-selective_hb-0.75_sasa-0.7_vdwr-0.1_vdwa-0.1,GYSLFQKEKMVLNEGTSGTA,amber,selective,0.75,0.7,0.1,0.1,38,62.726582992870064,20,"[-119.99999999999999, 75.0, -165.0, 135.0, -59.99999999999999, 180.0, -29.999999999999996, -14.999999999999998, 180.0, -165.0, 150.0, 180.0, 75.0, 59.99999999999999, 180.0, 59.99999999999999, 90.0, 59.99999999999999, 180.0, -90.0, -59.99999999999999, -59.99999999999999, -59.99999999999999, -59.99999999999999, 180.0, -59.99999999999999, 75.0, -59.99999999999999, 75.0, 45.0, -59.99999999999999, -59.99999999999999, -29.999999999999996, -59.99999999999999, -75.0, 105.00000000000001, 59.99999999999999, 45.0, 45.0, -59.99999999999999, 45.0, 45.0, -59.99999999999999, 59.99999999999999, 59.99999999999999, 75.0, 59.99999999999999, -59.99999999999999, 75.0, 29.999999999999996, 59.99999999999999, -75.0, 90.0, -29.999999999999996, 150.0, -59.99999999999999, -75.0, 105.00000000000001]",0.011294334187539985,55.02876106515379,-191.10787516695962,-254.8105002226128,41.79157230877358,0.0,202.9492647845424,-20.803113459643583,-15.601812681706363,0.0,-9.541508191477686,0.0,0.0,0.0,0.0,0.9638563145713277,0.7997693055738343,1.0,40.54132279336044,27.991925695084202,59.43327998120748,62.726582992870064,5.4524724623243745,5.597411138037226,6.6208195616129615,27.29861068725586,8.756583213806152,False,
1513_MSP-1,/home/raubenb/gitrepos/QTF/2MU7.pdb,1513_MSP-1_ff-amber_chi-selective_hb-0.75_sasa-0.7_vdwr-0.1_vdwa-0.1,GYSLFQKEKMVLNEGTSGTA,amber,selective,0.75,0.7,0.1,0.1,39,63.177018678953885,20,"[-59.99999999999999, -45.0, -59.99999999999999, 145.0, -59.99999999999999, 180.0, -29.999999999999996, -14.999999999999998, 180.0, -165.0, 150.0, 180.0, 75.0, 59.99999999999999, 180.0, 59.99999999999999, -75.0, 175.0, 180.0, 75.0, 29.999999999999996, -59.99999999999999, 59.99999999999999, 75.0, 180.0, -150.0, 119.99999999999999, 180.0, 75.0, 45.0, -59.99999999999999, 59.99999999999999, 75.0, -59.99999999999999, -59.99999999999999, -29.999999999999996, -59.99999999999999, 75.0, 59.99999999999999, 59.99999999999999, 29.999999999999996, 59.99999999999999, 180.0, 59.99999999999999, 59.99999999999999, -45.0, -75.0, -59.99999999999999, -75.0, -14.999999999999998, 180.0, 75.0, 14.999999999999998, -45.0, -59.99999999999999, -59.99999999999999, -90.0, 119.99999999999999]",4.151503422889419,18.13371026069558,-123.78313067231127,-165.04417422974836,47.732429449584274,0.0,171.72500208429145,-20.482630146670015,-15.601812681706363,0.0,-18.69805303781918,0.0,0.0,0.0,0.0,0.9880895170701507,0.8181626247781515,1.0,48.10513040025133,28.635691867235302,74.12458773358496,63.177018678953885,4.588791634927618,5.683550102266308,7.737247260789939,27.29861068725586,8.756583213806152,False,
1513_MSP-1,/home/raubenb/gitrepos/QTF/2MU7.pdb,1513_MSP-1_ff-amber_chi-selective_hb-0.75_sasa-0.7_vdwr-0.1_vdwa-0.1,GYSLFQKEKMVLNEGTSGTA,amber,selective,0.75,0.7,0.1,0.1,40,63.19819017701063,20,"[-59.99999999999999, -45.0, -59.99999999999999, 145.0, -59.99999999999999, 180.0, -29.999999999999996, -14.999999999999998, 180.0, -165.0, 150.0, 180.0, 75.0, 59.99999999999999, 180.0, 59.99999999999999, -75.0, 175.0, 180.0, 75.0, 29.999999999999996, -59.99999999999999, 59.99999999999999, 75.0, 180.0, -150.0, 119.99999999999999, 180.0, 75.0, 45.0, -59.99999999999999, 59.99999999999999, 75.0, -59.99999999999999, -59.99999999999999, -29.999999999999996, -59.99999999999999, 75.0, 59.99999999999999, 59.99999999999999, 29.999999999999996, 59.99999999999999, 180.0, 59.99999999999999, 59.99999999999999, -45.0, -75.0, -59.99999999999999, -119.99999999999999, 119.99999999999999, 59.99999999999999, -59.99999999999999, 145.0, 29.999999999999996, 14.999999999999998, -59.99999999999999, -105.00000000000001, 59.99999999999999]",7.784721641825309,22.534678900284415,-132.80492051556777,-177.07322735409036,43.24129668495874,0.0,167.88974675425536,-19.603464616022812,-15.601812681706363,0.0,-10.242055991016226,0.0,0.0,0.0,0.0,0.9851988972740332,0.8180153790601179,1.0,47.85812467794454,28.630538267104125,72.9558531981578,63.19819017701063,6.747775752435133,5.911315648017231,7.958078042860021,27.29861068725586,8.756583213806152,False,
1513_MSP-1,/home/raubenb/gitrepos/QTF/2MU7.pdb,1513_MSP-1_ff-amber_chi-selective_hb-0.75_sasa-0.7_vdwr-0.1_vdwa-0.1,GYSLFQKEKMVLNEGTSGTA,amber,selective,0.75,0.7,0.1,0.1,41,63.25802674975197,20,"[-119.99999999999999, 75.0, -165.0, 135.0, -59.99999999999999, 180.0, -29.999999999999996, -14.999999999999998, 180.0, -165.0, 150.0, 180.0, 75.0, 59.99999999999999, 180.0, 59.99999999999999, 90.0, 59.99999999999999, 180.0, -90.0, -59.99999999999999, -59.99999999999999, -59.99999999999999, -59.99999999999999, 180.0, -59.99999999999999, 75.0, -59.99999999999999, 75.0, 45.0, -59.99999999999999, -59.99999999999999, -29.999999999999996, -59.99999999999999, -75.0, 105.00000000000001, 59.99999999999999, 45.0, 45.0, -59.99999999999999, 45.0, 45.0, -59.99999999999999, 59.99999999999999, 59.99999999999999, 75.0, 59.99999999999999, -59.99999999999999, 75.0, 29.999999999999996, 59.99999999999999, -59.99999999999999, 145.0, -29.999999999999996, 150.0, -59.99999999999999, -75.0, 119.99999999999999]",3.559930849871254,66.34397662450034,-191.10787516695962,-254.8105002226128,40.79498890120102,0.0,189.06064287732033,-19.4501288334842,-15.601812681706363,0.0,-10.341695820990799,0.0,0.0,0.0,0.0,0.9564243174880128,0.7341711761297259,1.0,39.81450773917156,25.69599116454041,59.13658728610537,63.25802674975197,6.3437927292731615,5.664386525257831,6.493338456697015,27.29861068725586,8.756583213806152,False,
1513_MSP-1,/home/raubenb/gitrepos/QTF/2MU7.pdb,1513_MSP-1_ff-amber_chi-selective_hb-0.75_sasa-0.7_vdwr-0.1_vdwa-0.1,GYSLFQKEKMVLNEGTSGTA,amber,selective,0.75,0.7,0.1,0.1,42,63.78721309967831,20,"[-119.99999999999999, 75.0, -165.0, 135.0, -59.99999999999999, 180.0, -29.999999999999996, -14.999999999999998, 180.0, -165.0, 150.0, 180.0, 75.0, 59.99999999999999, 180.0, 59.99999999999999, 90.0, 59.99999999999999, 180.0, -90.0, -59.99999999999999, -59.99999999999999, -59.99999999999999, -59.99999999999999, 180.0, -59.99999999999999, 75.0, -59.99999999999999, 75.0, 45.0, -59.99999999999999, -59.99999999999999, -29.999999999999996, -59.99999999999999, -75.0, 105.00000000000001, 59.99999999999999, 45.0, 45.0, -59.99999999999999, 45.0, 45.0, -59.99999999999999, 59.99999999999999, 59.99999999999999, 75.0, 59.99999999999999, -59.99999999999999, 75.0, 29.999999999999996, 59.99999999999999, -59.99999999999999, 115.0, 29.999999999999996, 14.999999999999998, -59.99999999999999, -29.999999999999996, -75.0]",1.0435118746210523,61.985940590810955,-191.10787516695962,-254.8105002226128,40.869359989805076,0.0,198.78013570746606,-20.084026832342033,-15.601812681706363,0.0,-12.098020382016816,0.0,0.0,0.0,0.0,0.9592867385282029,0.757071683566569,1.0,39.3623607777786,26.497508924829912,57.97373597397842,63.78721309967831,5.956839550525357,5.663118147775915,6.211488000655372,27.29861068725586,8.756583213806152,False,
1513_MSP-1,/home/raubenb/gitrepos/QTF/2MU7.pdb,1513_MSP-1_ff-amber_chi-selective_hb-0.75_sasa-0.7_vdwr-0.1_vdwa-0.1,GYSLFQKEKMVLNEGTSGTA,amber,selective,0.75,0.7,0.1,0.1,43,64.03065707108382,20,"[-119.99999999999999, 75.0, -165.0, 135.0, -59.99999999999999, 180.0, -29.999999999999996, -14.999999999999998, 180.0, -165.0, 150.0, 180.0, 75.0, 59.99999999999999, 180.0, 59.99999999999999, 90.0, 59.99999999999999, 180.0, -90.0, -59.99999999999999, -59.99999999999999, -59.99999999999999, -59.99999999999999, 180.0, -59.99999999999999, 75.0, -59.99999999999999, 75.0, 45.0, -59.99999999999999, -59.99999999999999, -29.999999999999996, -59.99999999999999, -75.0, 105.00000000000001, 59.99999999999999, 45.0, 45.0, -59.99999999999999, 45.0, 45.0, -59.99999999999999, 59.99999999999999, 59.99999999999999, 75.0, 59.99999999999999, -59.99999999999999, 75.0, 29.999999999999996, 59.99999999999999, -59.99999999999999, 145.0, -29.999999999999996, 150.0, -59.99999999999999, -75.0, 105.00000000000001]",3.559930849871254,66.34397662450034,-191.10787516695962,-254.8105002226128,40.79498890120102,0.0,189.06064287732033,-19.4501288334842,-15.601812681706363,0.0,-9.569065499658947,0.0,0.0,0.0,0.0,0.9564243174880128,0.7341711761297259,1.0,39.81450773917156,25.69599116454041,59.13658728610537,64.03065707108382,6.3437927292731615,5.664386525257831,6.493338456697015,27.29861068725586,8.756583213806152,False,
1513_MSP-1,/home/raubenb/gitrepos/QTF/2MU7.pdb,1513_MSP-1_ff-amber_chi-selective_hb-0.75_sasa-0.7_vdwr-0.1_vdwa-0.1,GYSLFQKEKMVLNEGTSGTA,amber,selective,0.75,0.7,0.1,0.1,44,65.01328222984537,20,"[-119.99999999999999, 75.0, -165.0, 135.0, -59.99999999999999, 180.0, -29.999999999999996, -14.999999999999998, 180.0, -165.0, 150.0, 180.0, 75.0, 59.99999999999999, 180.0, 59.99999999999999, 90.0, 59.99999999999999, 180.0, -90.0, -59.99999999999999, -59.99999999999999, -59.99999999999999, -59.99999999999999, 180.0, -59.99999999999999, 75.0, -59.99999999999999, 75.0, 45.0, -59.99999999999999, -59.99999999999999, -29.999999999999996, -59.99999999999999, -75.0, 105.00000000000001, 59.99999999999999, 45.0, 45.0, -59.99999999999999, 45.0, 45.0, -59.99999999999999, 59.99999999999999, 59.99999999999999, 75.0, 59.99999999999999, -59.99999999999999, 75.0, 29.999999999999996, 59.99999999999999, -59.99999999999999, 145.0, -105.00000000000001, 119.99999999999999, 180.0, -75.0, -75.0]",3.8489339400302987,62.74810192241016,-191.10787516695962,-254.8105002226128,41.158629604477625,0.0,196.40606479713418,-19.670821799414256,-15.601812681706377,0.0,-12.767938386126634,0.0,0.0,0.0,0.0,0.9587861399524399,0.756432952928927,1.0,39.64617114416198,26.475153352512443,57.02118741738192,65.01328222984537,6.377374941519337,5.653293449165265,6.6815494957180155,27.29861068725586,8.756583213806152,False,
1513_MSP-1,/home/raubenb/gitrepos/QTF/2MU7.pdb,1513_MSP-1_ff-amber_chi-selective_hb-0.75_sasa-0.7_vdwr-0.1_vdwa-0.1,GYSLFQKEKMVLNEGTSGTA,amber,selective,0.75,0.7,0.1,0.1,45,65.1167849687579,20,"[-59.99999999999999, -45.0, -59.99999999999999, 145.0, -59.99999999999999, 180.0, -29.999999999999996, -14.999999999999998, 180.0, -165.0, 150.0, 180.0, 75.0, 59.99999999999999, 180.0, 59.99999999999999, -75.0, 175.0, 180.0, 75.0, 29.999999999999996, -59.99999999999999, 59.99999999999999, 75.0, 180.0, -150.0, 119.99999999999999, 180.0, 75.0, 45.0, -59.99999999999999, 59.99999999999999, 75.0, -59.99999999999999, -59.99999999999999, -29.999999999999996, -59.99999999999999, 75.0, 59.99999999999999, 59.99999999999999, 29.999999999999996, 59.99999999999999, 180.0, 59.99999999999999, 59.99999999999999, -45.0, -75.0, -59.99999999999999, -75.0, -14.999999999999998, 180.0, 75.0, 14.999999999999998, -45.0, -45.0, 180.0, -29.999999999999996, -75.0]",3.7377444646165454,24.759031908135448,-123.78313067231127,-165.04417422974836,47.732429449584274,0.0,168.96219207094444,-20.224590379647264,-15.601812681706377,0.0,-20.465079190857892,0.0,0.0,0.0,0.0,0.9837379100767584,0.8181563415395872,1.0,47.92114971818414,28.63547195388555,74.08199339424672,65.1167849687579,4.635390901665204,5.687189390651965,7.714200014328109,27.29861068725586,8.756583213806152,False,
1513_MSP-1,/home/raubenb/gitrepos/QTF/2MU7.pdb,1513_MSP-1_ff-amber_chi-selective_hb-0.75_sasa-0.7_vdwr-0.1_vdwa-0.1,GYSLFQKEKMVLNEGTSGTA,amber,selective,0.75,0.7,0.1,0.1,46,65.37760088191474,20,"[-59.99999999999999, -45.0, -59.99999999999999, 145.0, -59.99999999999999, 180.0, -29.999999999999996, -14.999999999999998, 180.0, -165.0, 150.0, 180.0, 75.0, 59.99999999999999, 180.0, 59.99999999999999, -75.0, 175.0, 180.0, 75.0, 29.999999999999996, -59.99999999999999, 59.99999999999999, 75.0, 180.0, -150.0, 119.99999999999999, 180.0, 75.0, 45.0, -59.99999999999999, 59.99999999999999, 75.0, -59.99999999999999, -59.99999999999999, -29.999999999999996, -59.99999999999999, 75.0, 59.99999999999999, 59.99999999999999, 45.0, 45.0, -59.99999999999999, 59.99999999999999, 59.99999999999999, -29.999999999999996, -59.99999999999999, -59.99999999999999, -119.99999999999999, 119.99999999999999, 59.99999999999999, -59.99999999999999, 145.0, 29.999999999999996, 14.999999999999998, -59.99999999999999, -29.999999999999996, -75.0]",0.43670834145886606,20.286429576943746,-112.81720580207258,-150.4229410694301,43.828194700174635,0.0,164.62556111841596,-19.00180238359691,-15.601812681706363,0.0,-16.378471987702607,0.0,0.0,0.0,0.0,0.9866755799166216,0.814979972470935,1.0,47.59050134875087,28.524299036482727,71.66187388798365,65.37760088191474,5.795536238542371,5.889087887990144,7.853953305620963,27.29861068725586,8.756583213806152,False,
1513_MSP-1,/home/raubenb/gitrepos/QTF/2MU7.pdb,1513_MSP-1_ff-amber_chi-selective_hb-0.75_sasa-0.7_vdwr-0.1_vdwa-0.1,GYSLFQKEKMVLNEGTSGTA,amber,selective,0.75,0.7,0.1,0.1,47,65.52144195599367,20,"[-59.99999999999999, -45.0, -59.99999999999999, 145.0, -59.99999999999999, 180.0, -29.999999999999996, -14.999999999999998, 180.0, -165.0, 150.0, 180.0, 75.0, 59.99999999999999, 180.0, 59.99999999999999, -75.0, 175.0, 180.0, 75.0, 29.999999999999996, -59.99999999999999, 59.99999999999999, 75.0, 180.0, -150.0, 119.99999999999999, 180.0, 75.0, 45.0, -59.99999999999999, 59.99999999999999, 75.0, -59.99999999999999, -59.99999999999999, -29.999999999999996, -59.99999999999999, 75.0, 59.99999999999999, 59.99999999999999, 29.999999999999996, 59.99999999999999, 180.0, 59.99999999999999, 59.99999999999999, -45.0, -75.0, -59.99999999999999, -119.99999999999999, 119.99999999999999, 59.99999999999999, -59.99999999999999, 145.0, 29.999999999999996, 14.999999999999998, -59.99999999999999, -90.0, 119.99999999999999]",7.784721641825309,19.187631245016565,-123.85330529209195,-165.13774038945593,43.24129668495874,0.0,169.0777687177305,-19.520822230801972,-15.601812681706363,0.0,-14.794036128937167,0.0,0.0,0.0,0.0,0.9873972865385771,0.8180085151767251,1.0,47.92230830370264,28.63029803118538,72.87791987442758,65.52144195599367,6.747775752435133,5.911315648017231,7.958078042860021,27.29861068725586,8.756583213806152,False,
1513_MSP-1,/home/raubenb/gitrepos/QTF/2MU7.pdb,1513_MSP-1_ff-amber_chi-selective_hb-0.75_sasa-0.7_vdwr-0.1_vdwa-0.1,GYSLFQKEKMVLNEGTSGTA,amber,selective,0.75,0.7,0.1,0.1,48,65.61976499113199,20,"[-59.99999999999999, -45.0, -59.99999999999999, 145.0, -59.99999999999999, 180.0, -29.999999999999996, -14.999999999999998, 180.0, -165.0, 150.0, 180.0, 75.0, 59.99999999999999, 180.0, 59.99999999999999, -75.0, 175.0, 180.0, 75.0, 29.999999999999996, -59.99999999999999, 59.99999999999999, 75.0, 180.0, -150.0, 119.99999999999999, 180.0, 75.0, 45.0, -59.99999999999999, 59.99999999999999, 75.0, -59.99999999999999, -59.99999999999999, -29.999999999999996, -59.99999999999999, 75.0, 59.99999999999999, 59.99999999999999, 29.999999999999996, 59.99999999999999, 180.0, 59.99999999999999, 59.99999999999999, -45.0, -75.0, -59.99999999999999, -75.0, -14.999999999999998, 180.0, 75.0, 14.999999999999998, -45.0, -45.0, 180.0, -105.00000000000001, 59.99999999999999]",3.7377444646165454,18.535153889017433,-123.78313067231127,-165.04417422974836,47.732429449584274,0.0,169.74087798619388,-20.357276089066033,-15.601812681706377,0.0,-14.384221355196456,0.0,0.0,0.0,0.0,0.9878258430942414,0.8181609479041821,1.0,48.076779533273815,28.635633176646376,74.10938925692057,65.61976499113199,4.635390901665204,5.687189390651965,7.714200014328109,27.29861068725586,8.756583213806152,False,
1513_MSP-1,/home/raubenb/gitrepos/QTF/2MU7.pdb,1513_MSP-1_ff-amber_chi-selective_hb-0.75_sasa-0.7_vdwr-0.1_vdwa-0.1,GYSLFQKEKMVLNEGTSGTA,amber,selective,0.75,0.7,0.1,0.1,49,65.69258608957124,20,"[-119.99999999999999, 75.0, -165.0, 135.0, -59.99999999999999, 180.0, -29.999999999999996, -14.999999999999998, 180.0, -165.0, 150.0, 180.0, 75.0, 59.99999999999999, 180.0, 59.99999999999999, 90.0, 59.99999999999999, 180.0, -90.0, -59.99999999999999, -59.99999999999999, -59.99999999999999, -59.99999999999999, 180.0, -59.99999999999999, 75.0, -59.99999999999999, 75.0, 45.0, -59.99999999999999, -59.99999999999999, -29.999999999999996, -59.99999999999999, -75.0, 105.00000000000001, 59.99999999999999, 45.0, 45.0, -59.99999999999999, 45.0, 45.0, -59.99999999999999, 59.99999999999999, 59.99999999999999, 75.0, 59.99999999999999, -59.99999999999999, 75.0, 29.999999999999996, 59.99999999999999, -59.99999999999999, 115.0, -29.999999999999996, 150.0, -59.99999999999999, -29.999999999999996, -75.0]",3.4563203325523,68.43882556899258,-191.10787516695962,-254.8105002226128,41.192786773435785,0.0,191.05739944092306,-19.676470578511047,-15.601812681706363,0.0,-12.066587599155472,0.0,0.0,0.0,0.0,0.9550483904308751,0.7790990460968227,1.0,39.53258962528133,27.268466613388792,58.48299500418963,65.69258608957124,6.331422916758048,5.68130224456733,6.500938556262258,27.29861068725586,8.756583213806152,False,
1513_MSP-1,/home/raubenb/gitrepos/QTF/2MU7.pdb,1513_MSP-1_ff-amber_chi-selective_hb-0.75_sasa-0.7_vdwr-0.1_vdwa-0.1,GYSLFQKEKMVLNEGTSGTA,amber,selective,0.75,0.7,0.1,0.1,50,66.21518344125441,20,"[-59.99999999999999, -45.0, -59.99999999999999, 145.0, -59.99999999999999, 180.0, -29.999999999999996, -14.999999999999998, 180.0, -165.0, 150.0, 180.0, 75.0, 59.99999999999999, 180.0, 59.99999999999999, -75.0, 175.0, 180.0, 75.0, 29.999999999999996, -59.99999999999999, 59.99999999999999, 75.0, 180.0, -150.0, 119.99999999999999, 180.0, 75.0, 45.0, -59.99999999999999, 59.99999999999999, 75.0, -59.99999999999999, -59.99999999999999, -29.999999999999996, -59.99999999999999, 75.0, 59.99999999999999, 59.99999999999999, 29.999999999999996, 59.99999999999999, 180.0, 59.99999999999999, 59.99999999999999, -45.0, -75.0, -59.99999999999999, -75.0, -14.999999999999998, 180.0, 75.0, 14.999999999999998, -45.0, -45.0, 180.0, -150.0, 150.0]",3.7377444646165454,26.050935965632053,-123.78313067231127,-165.04417422974836,47.732429449584274,0.0,169.50620743372082,-20.201152291320557,-15.601812681706377,0.0,-21.226038226961077,0.0,0.0,0.0,0.0,0.982889368823887,0.8181624817276022,1.0,47.91169953619368,28.635686860466077,74.11468423488249,66.21518344125441,4.635390901665204,5.687189390651965,7.714200014328109,27.29861068725586,8.756583213806152,False,
1513_MSP-1,/home/raubenb/gitrepos/QTF/2MU7.pdb,1513_MSP-1_ff-amber_chi-selective_hb-0.75_sasa-0.7_vdwr-0.1_vdwa-0.1,GYSLFQKEKMVLNEGTSGTA,amber,selective,0.75,0.7,0.1,0.1,51,66.68051013636563,20,"[-59.99999999999999, -45.0, -59.99999999999999, 145.0, -59.99999999999999, 180.0, -29.999999999999996, -14.999999999999998, 180.0, -165.0, 150.0, 180.0, 75.0, 59.99999999999999, 180.0, 59.99999999999999, -75.0, 175.0, 180.0, 75.0, 29.999999999999996, -59.99999999999999, 59.99999999999999, 75.0, 180.0, -150.0, 119.99999999999999, 180.0, 75.0, 45.0, -59.99999999999999, 59.99999999999999, 75.0, -59.99999999999999, -59.99999999999999, -29.999999999999996, -59.99999999999999, 75.0, 59.99999999999999, 59.99999999999999, 29.999999999999996, 59.99999999999999, 180.0, 59.99999999999999, 59.99999999999999, -45.0, -75.0, -59.99999999999999, -75.0, -14.999999999999998, 180.0, 75.0, 14.999999999999998, -45.0, -45.0, 180.0, -150.0, 165.0]",3.7377444646165454,26.050935965632053,-123.78313067231127,-165.04417422974836,47.732429449584274,0.0,169.50620743372082,-20.201152291320557,-15.601812681706377,0.0,-20.760711531849864,0.0,0.0,0.0,0.0,0.982889368823887,0.8181624817276022,1.0,47.91169953619368,28.635686860466077,74.11468423488249,66.68051013636563,4.635390901665204,5.687189390651965,7.714200014328109,27.29861068725586,8.756583213806152,False,
1513_MSP-1,/home/raubenb/gitrepos/QTF/2MU7.pdb,1513_MSP-1_ff-amber_chi-selective_hb-0.75_sasa-0.7_vdwr-0.1_vdwa-0.1,GYSLFQKEKMVLNEGTSGTA,amber,selective,0.75,0.7,0.1,0.1,52,66.78209080453021,20,"[-59.99999999999999, -45.0, -59.99999999999999, 145.0, -59.99999999999999, 180.0, -29.999999999999996, -14.999999999999998, 180.0, -165.0, 150.0, 180.0, 75.0, 59.99999999999999, 180.0, 59.99999999999999, -75.0, 175.0, 180.0, 75.0, 29.999999999999996, -59.99999999999999, 59.99999999999999, 75.0, 180.0, -150.0, 119.99999999999999, 180.0, 75.0, 45.0, -59.99999999999999, 59.99999999999999, 75.0, -59.99999999999999, -59.99999999999999, -29.999999999999996, -59.99999999999999, 75.0, 59.99999999999999, 59.99999999999999, 29.999999999999996, 59.99999999999999, 180.0, 59.99999999999999, 59.99999999999999, -45.0, -75.0, -59.99999999999999, -119.99999999999999, 119.99999999999999, 59.99999999999999, -59.99999999999999, 145.0, 29.999999999999996, 14.999999999999998, -59.99999999999999, -29.999999999999996, -75.0]",7.784721641825309,17.14892478642433,-115.11509656732754,-153.4867954231034,43.24129668495874,0.0,164.92494766147118,-19.277976894437785,-15.601812681706363,0.0,-16.322913826677663,0.0,0.0,0.0,0.0,0.9887363383997212,0.8179985083363759,1.0,48.10354916433011,28.629947791773155,72.69311072436396,66.78209080453021,6.747775752435133,5.911315648017231,7.958078042860021,27.29861068725586,8.756583213806152,False,
1513_MSP-1,/home/raubenb/gitrepos/QTF/2MU7.pdb,1513_MSP-1_ff-amber_chi-selective_hb-0.75_sasa-0.7_vdwr-0.1_vdwa-0.1,GYSLFQKEKMVLNEGTSGTA,amber,selective,0.75,0.7,0.1,0.1,53,67.0393614183308,20,"[-119.99999999999999, 75.0, -165.0, 135.0, -59.99999999999999, 180.0, -29.999999999999996, -14.999999999999998, 180.0, -165.0, 150.0, 180.0, 75.0, 59.99999999999999, 180.0, 59.99999999999999, 90.0, 59.99999999999999, 180.0, -90.0, -59.99999999999999, -59.99999999999999, -59.99999999999999, -59.99999999999999, 180.0, -59.99999999999999, 75.0, -59.99999999999999, 75.0, 45.0, -59.99999999999999, -59.99999999999999, -29.999999999999996, -59.99999999999999, -75.0, 105.00000000000001, 59.99999999999999, 45.0, 45.0, -59.99999999999999, 45.0, 45.0, -59.99999999999999, 59.99999999999999, 59.99999999999999, 75.0, 59.99999999999999, -59.99999999999999, 75.0, 29.999999999999996, 59.99999999999999, -75.0, 90.0, -75.0, 105.00000000000001, 180.0, -29.999999999999996, -75.0]",3.6426839089115957,63.35882746076312,-191.10787516695962,-254.8105002226128,41.470220047922375,0.0,196.0247075141262,-19.847285650613934,-15.601812681706377,0.0,-10.900104014112543,0.0,0.0,0.0,0.0,0.9583850065939159,0.7522171263430288,1.0,39.41036795458688,26.32759942200601,57.20452282515805,67.0393614183308,6.353543661321622,5.6339912090182,6.627244565993252,27.29861068725586,8.756583213806152,False,
1513_MSP-1,/home/raubenb/gitrepos/QTF/2MU7.pdb,1513_MSP-1_ff-amber_chi-selective_hb-0.75_sasa-0.7_vdwr-0.1_vdwa-0.1,GYSLFQKEKMVLNEGTSGTA,amber,selective,0.75,0.7,0.1,0.1,54,67.09643744283606,20,"[-119.99999999999999, 75.0, -165.0, 135.0, -59.99999999999999, 180.0, -29.999999999999996, -14.999999999999998, 180.0, -165.0, 150.0, 180.0, 75.0, 59.99999999999999, 180.0, 59.99999999999999, 90.0, 59.99999999999999, 180.0, -90.0, -59.99999999999999, -59.99999999999999, -59.99999999999999, -59.99999999999999, 180.0, -59.99999999999999, 75.0, -59.99999999999999, 75.0, 45.0, -59.99999999999999, -59.99999999999999, -29.999999999999996, -59.99999999999999, -75.0, 105.00000000000001, 59.99999999999999, 45.0, 45.0, -59.99999999999999, 45.0, 45.0, -59.99999999999999, 59.99999999999999, 59.99999999999999, 75.0, 59.99999999999999, -59.99999999999999, 75.0, 29.999999999999996, 59.99999999999999, -59.99999999999999, 145.0, -105.00000000000001, 119.99999999999999, 180.0, -75.0, 119.99999999999999]",3.8489339400302987,62.74810192241016,-191.10787516695962,-254.8105002226128,41.158629604477625,0.0,196.40606479713418,-19.670821799414256,-15.601812681706377,0.0,-10.684783173135944,0.0,0.0,0.0,0.0,0.9587861399524399,0.756432952928927,1.0,39.64617114416198,26.475153352512443,57.02118741738192,67.09643744283606,6.377374941519337,5.653293449165265,6.6815494957180155,27.29861068725586,8.756583213806152,False,
1513_MSP-1,/home/raubenb/gitrepos/QTF/2MU7.pdb,1513_MSP-1_ff-amber_chi-selective_hb-0.75_sasa-0.7_vdwr-0.1_vdwa-0.1,GYSLFQKEKMVLNEGTSGTA,amber,selective,0.75,0.7,0.1,0.1,55,67.86906776416791,20,"[-119.99999999999999, 75.0, -165.0, 135.0, -59.99999999999999, 180.0, -29.999999999999996, -14.999999999999998, 180.0, -165.0, 150.0, 180.0, 75.0, 59.99999999999999, 180.0, 59.99999999999999, 90.0, 59.99999999999999, 180.0, -90.0, -59.99999999999999, -59.99999999999999, -59.99999999999999, -59.99999999999999, 180.0, -59.99999999999999, 75.0, -59.99999999999999, 75.0, 45.0, -59.99999999999999, -59.99999999999999, -29.999999999999996, -59.99999999999999, -75.0, 105.00000000000001, 59.99999999999999, 45.0, 45.0, -59.99999999999999, 45.0, 45.0, -59.99999999999999, 59.99999999999999, 59.99999999999999, 75.0, 59.99999999999999, -59.99999999999999, 75.0, 29.999999999999996, 59.99999999999999, -59.99999999999999, 145.0, -105.00000000000001, 119.99999999999999, 180.0, -75.0, 105.00000000000001]",3.8489339400302987,62.74810192241016,-191.10787516695962,-254.8105002226128,41.158629604477625,0.0,196.40606479713418,-19.670821799414256,-15.601812681706377,0.0,-9.912152851804093,0.0,0.0,0.0,0.0,0.9587861399524399,0.756432952928927,1.0,39.64617114416198,26.475153352512443,57.02118741738192,67.86906776416791,6.377374941519337,5.653293449165265,6.6815494957180155,27.29861068725586,8.756583213806152,False,
1513_MSP-1,/home/raubenb/gitrepos/QTF/2MU7.pdb,1513_MSP-1_ff-amber_chi-selective_hb-0.75_sasa-0.7_vdwr-0.1_vdwa-0.1,GYSLFQKEKMVLNEGTSGTA,amber,selective,0.75,0.7,0.1,0.1,56,68.71637344716189,20,"[-59.99999999999999, -45.0, -59.99999999999999, 145.0, -59.99999999999999, 180.0, -29.999999999999996, -14.999999999999998, 180.0, -165.0, 150.0, 180.0, 75.0, 59.99999999999999, 180.0, 59.99999999999999, -75.0, 175.0, 180.0, 75.0, 29.999999999999996, -59.99999999999999, 59.99999999999999, 75.0, 180.0, -150.0, 119.99999999999999, 180.0, 75.0, 45.0, -59.99999999999999, 59.99999999999999, 75.0, -59.99999999999999, -59.99999999999999, -29.999999999999996, -59.99999999999999, 75.0, 59.99999999999999, 59.99999999999999, 29.999999999999996, 59.99999999999999, 180.0, 59.99999999999999, 59.99999999999999, -45.0, -75.0, -59.99999999999999, -75.0, -14.999999999999998, 180.0, 75.0, 14.999999999999998, -45.0, -59.99999999999999, -59.99999999999999, -150.0, 150.0]",4.151503422889419,28.57781765504173,-123.78313067231127,-165.04417422974836,47.732429449584274,0.0,168.95889611198257,-20.33144006665561,-15.601812681706363,0.0,-20.98788977166286,0.0,0.0,0.0,0.0,0.9812296764170498,0.8010228571322767,1.0,47.8635323633069,28.035799999629685,74.1362031317703,68.71637344716189,4.588791634927618,5.683550102266308,7.737247260789939,27.29861068725586,8.756583213806152,False,
1513_MSP-1,/home/raubenb/gitrepos/QTF/2MU7.pdb,1513_MSP-1_ff-amber_chi-selective_hb-0.75_sasa-0.7_vdwr-0.1_vdwa-0.1,GYSLFQKEKMVLNEGTSGTA,amber,selective,0.75,0.7,0.1,0.1,57,68.9389813067248,20,"[-59.99999999999999, -45.0, -59.99999999999999, 145.0, -59.99999999999999, 180.0, -29.999999999999996, -14.999999999999998, 180.0, -165.0, 150.0, 180.0, 75.0, 59.99999999999999, 180.0, 59.99999999999999, -75.0, 175.0, 180.0, 75.0, 29.999999999999996, -59.99999999999999, 59.99999999999999, 75.0, 180.0, -150.0, 119.99999999999999, 180.0, 75.0, 45.0, -59.99999999999999, 59.99999999999999, 75.0, -59.99999999999999, -59.99999999999999, -29.999999999999996, -59.99999999999999, 75.0, 59.99999999999999, 59.99999999999999, 29.999999999999996, 59.99999999999999, 180.0, 59.99999999999999, 59.99999999999999, -45.0, -75.0, -59.99999999999999, -75.0, -14.999999999999998, 180.0, 75.0, 14.999999999999998, -105.00000000000001, 119.99999999999999, 180.0, -150.0, 150.0]",4.588145179259914,18.661774057408728,-123.78313067231127,-165.04417422974836,47.14005080794481,0.0,177.0057634724568,-20.259683154252244,-15.601812681706377,0.0,-18.81212570207557,0.0,0.0,0.0,0.0,0.987742677137991,0.8181007304653883,1.0,47.96278872603267,28.63352556628859,73.49734686415472,68.9389813067248,4.542070443168193,5.671912563072605,7.860675329722088,27.29861068725586,8.756583213806152,False,
1513_MSP-1,/home/raubenb/gitrepos/QTF/2MU7.pdb,1513_MSP-1_ff-amber_chi-selective_hb-0.75_sasa-0.7_vdwr-0.1_vdwa-0.1,GYSLFQKEKMVLNEGTSGTA,amber,selective,0.75,0.7,0.1,0.1,58,69.0805531445252,20,"[-119.99999999999999, 75.0, -165.0, 135.0, -59.99999999999999, 180.0, -29.999999999999996, -14.999999999999998, 180.0, -165.0, 150.0, 180.0, 75.0, 59.99999999999999, 180.0, 59.99999999999999, 90.0, 59.99999999999999, 180.0, -90.0, -59.99999999999999, -59.99999999999999, -59.99999999999999, -59.99999999999999, 180.0, -59.99999999999999, 75.0, -59.99999999999999, 75.0, 45.0, -59.99999999999999, -59.99999999999999, -29.999999999999996, -59.99999999999999, -75.0, 105.00000000000001, 59.99999999999999, 45.0, 45.0, -59.99999999999999, 45.0, 45.0, -59.99999999999999, 59.99999999999999, 59.99999999999999, 75.0, 59.99999999999999, -59.99999999999999, 75.0, 29.999999999999996, 59.99999999999999, -59.99999999999999, 145.0, -105.00000000000001, 119.99999999999999, 180.0, -90.0, 119.99999999999999]",3.8489339400302987,62.66309086749934,-191.10787516695962,-254.8105002226128,41.158629604477625,0.0,198.73270598893913,-19.68873509001989,-15.601812681706377,0.0,-10.924384317735313,0.0,0.0,0.0,0.0,0.958841976441708,0.7572519183126056,1.0,39.75510548503021,26.503817140941198,57.09078669150506,69.0805531445252,6.377374941519337,5.653293449165265,6.6815494957180155,27.29861068725586,8.756583213806152,False,
1513_MSP-1,/home/raubenb/gitrepos/QTF/2MU7.pdb,1513_MSP-1_ff-amber_chi-selective_hb-0.75_sasa-0.7_vdwr-0.1_vdwa-0.1,GYSLFQKEKMVLNEGTSGTA,amber,selective,0.75,0.7,0.1,0.1,59,69.15902246147877,20,"[-119.99999999999999, 75.0, -165.0, 135.0, -59.99999999999999, 180.0, -29.999999999999996, -14.999999999999998, 180.0, -165.0, 150.0, 180.0, 75.0, 59.99999999999999, 180.0, 59.99999999999999, 90.0, 59.99999999999999, 180.0, -90.0, -59.99999999999999, -59.99999999999999, -59.99999999999999, -59.99999999999999, 180.0, -59.99999999999999, 75.0, -59.99999999999999, 75.0, 45.0, -59.99999999999999, -59.99999999999999, -29.999999999999996, -59.99999999999999, -75.0, 105.00000000000001, 59.99999999999999, 45.0, 45.0, -59.99999999999999, 45.0, 45.0, -59.99999999999999, 59.99999999999999, 59.99999999999999, 75.0, 59.99999999999999, -59.99999999999999, 75.0, 29.999999999999996, 59.99999999999999, -59.99999999999999, 115.0, 29.999999999999996, 14.999999999999998, -59.99999999999999, -150.0, 150.0]",1.0435118746210523,62.83444404153931,-191.10787516695962,-254.8105002226128,40.869359989805076,0.0,204.5151418107633,-20.53476798846399,-15.601812681706363,0.0,-12.85897941812,0.0,0.0,0.0,0.0,0.9587294292009594,0.7503473381288465,1.0,39.73891422731353,26.262156834509625,58.17478569740672,69.15902246147877,5.956839550525357,5.663118147775915,6.211488000655372,27.29861068725586,8.756583213806152,False,
1513_MSP-1,/home/raubenb/gitrepos/QTF/2MU7.pdb,1513_MSP-1_ff-amber_chi-selective_hb-0.75_sasa-0.7_vdwr-0.1_vdwa-0.1,GYSLFQKEKMVLNEGTSGTA,amber,selective,0.75,0.7,0.1,0.1,60,69.1817001422731,20,"[-59.99999999999999, -45.0, -59.99999999999999, 145.0, -59.99999999999999, 180.0, -29.999999999999996, -14.999999999999998, 180.0, -165.0, 150.0, 180.0, 75.0, 59.99999999999999, 180.0, 59.99999999999999, -75.0, 175.0, 180.0, 75.0, 29.999999999999996, -59.99999999999999, 59.99999999999999, 75.0, 180.0, -150.0, 119.99999999999999, 180.0, 75.0, 45.0, -59.99999999999999, 59.99999999999999, 75.0, -59.99999999999999, -59.99999999999999, -29.999999999999996, -59.99999999999999, 75.0, 59.99999999999999, 59.99999999999999, 29.999999999999996, 59.99999999999999, 180.0, 59.99999999999999, 59.99999999999999, -45.0, -75.0, -59.99999999999999, -75.0, -14.999999999999998, 180.0, 75.0, 14.999999999999998, -45.0, -59.99999999999999, -59.99999999999999, -150.0, 165.0]",4.151503422889419,28.57781765504173,-123.78313067231127,-165.04417422974836,47.732429449584274,0.0,168.95889611198257,-20.33144006665561,-15.601812681706363,0.0,-20.52256307655165,0.0,0.0,0.0,0.0,0.9812296764170498,0.8010228571322767,1.0,47.8635323633069,28.035799999629685,74.1362031317703,69.1817001422731,4.588791634927618,5.683550102266308,7.737247260789939,27.29861068725586,8.756583213806152,False,
1513_MSP-1,/home/raubenb/gitrepos/QTF/2MU7.pdb,1513_MSP-1_ff-amber_chi-selective_hb-0.75_sasa-0.7_vdwr-0.1_vdwa-0.1,GYSLFQKEKMVLNEGTSGTA,amber,selective,0.75,0.7,0.1,0.1,61,69.404308001836,20,"[-59.99999999999999, -45.0, -59.99999999999999, 145.0, -59.99999999999999, 180.0, -29.999999999999996, -14.999999999999998, 180.0, -165.0, 150.0, 180.0, 75.0, 59.99999999999999, 180.0, 59.99999999999999, -75.0, 175.0, 180.0, 75.0, 29.999999999999996, -59.99999999999999, 59.99999999999999, 75.0, 180.0, -150.0, 119.99999999999999, 180.0, 75.0, 45.0, -59.99999999999999, 59.99999999999999, 75.0, -59.99999999999999, -59.99999999999999, -29.999999999999996, -59.99999999999999, 75.0, 59.99999999999999, 59.99999999999999, 29.999999999999996, 59.99999999999999, 180.0, 59.99999999999999, 59.99999999999999, -45.0, -75.0, -59.99999999999999, -75.0, -14.999999999999998, 180.0, 75.0, 14.999999999999998, -105.00000000000001, 119.99999999999999, 180.0, -150.0, 165.0]",4.588145179259914,18.661774057408728,-123.78313067231127,-165.04417422974836,47.14005080794481,0.0,177.0057634724568,-20.259683154252244,-15.601812681706377,0.0,-18.346799006964357,0.0,0.0,0.0,0.0,0.987742677137991,0.8181007304653883,1.0,47.96278872603267,28.63352556628859,73.49734686415472,69.404308001836,4.542070443168193,5.671912563072605,7.860675329722088,27.29861068725586,8.756583213806152,False,
1513_MSP-1,/home/raubenb/gitrepos/QTF/2MU7.pdb,1513_MSP-1_ff-amber_chi-selective_hb-0.75_sasa-0.7_vdwr-0.1_vdwa-0.1,GYSLFQKEKMVLNEGTSGTA,amber,selective,0.75,0.7,0.1,0.1,62,69.5963690455632,20,"[-59.99999999999999, -45.0, -59.99999999999999, 145.0, -59.99999999999999, 180.0, -29.999999999999996, -14.999999999999998, 180.0, -165.0, 150.0, 180.0, 75.0, 59.99999999999999, 180.0, 59.99999999999999, -75.0, 175.0, 180.0, 75.0, 29.999999999999996, -59.99999999999999, 59.99999999999999, 75.0, 180.0, -150.0, 119.99999999999999, 180.0, 75.0, 45.0, -59.99999999999999, 59.99999999999999, 75.0, -59.99999999999999, -59.99999999999999, -29.999999999999996, -59.99999999999999, 75.0, 59.99999999999999, 59.99999999999999, 29.999999999999996, 59.99999999999999, 180.0, 59.99999999999999, 59.99999999999999, -45.0, -75.0, -59.99999999999999, -119.99999999999999, 119.99999999999999, 59.99999999999999, -59.99999999999999, 145.0, 29.999999999999996, 14.999999999999998, -59.99999999999999, -75.0, -75.0]",7.784721641825309,16.507027941212016,-116.96172129130174,-155.94896172173566,43.24129668495874,0.0,170.57474397048372,-19.310297022579984,-15.601812681706363,0.0,-16.637590197328485,0.0,0.0,0.0,0.0,0.9891579455230135,0.8180028331223514,1.0,47.98126728905025,28.6300991592823,72.80062055155395,69.5963690455632,6.747775752435133,5.911315648017231,7.958078042860021,27.29861068725586,8.756583213806152,False,
1513_MSP-1,/home/raubenb/gitrepos/QTF/2MU7.pdb,1513_MSP-1_ff-amber_chi-selective_hb-0.75_sasa-0.7_vdwr-0.1_vdwa-0.1,GYSLFQKEKMVLNEGTSGTA,amber,selective,0.75,0.7,0.1,0.1,63,69.62434915658999,20,"[-119.99999999999999, 75.0, -165.0, 135.0, -59.99999999999999, 180.0, -29.999999999999996, -14.999999999999998, 180.0, -165.0, 150.0, 180.0, 75.0, 59.99999999999999, 180.0, 59.99999999999999, 90.0, 59.99999999999999, 180.0, -90.0, -59.99999999999999, -59.99999999999999, -59.99999999999999, -59.99999999999999, 180.0, -59.99999999999999, 75.0, -59.99999999999999, 75.0, 45.0, -59.99999999999999, -59.99999999999999, -29.999999999999996, -59.99999999999999, -75.0, 105.00000000000001, 59.99999999999999, 45.0, 45.0, -59.99999999999999, 45.0, 45.0, -59.99999999999999, 59.99999999999999, 59.99999999999999, 75.0, 59.99999999999999, -59.99999999999999, 75.0, 29.999999999999996, 59.99999999999999, -59.99999999999999, 115.0, 29.999999999999996, 14.999999999999998, -59.99999999999999, -150.0, 165.0]",1.0435118746210523,62.83444404153931,-191.10787516695962,-254.8105002226128,40.869359989805076,0.0,204.5151418107633,-20.53476798846399,-15.601812681706363,0.0,-12.393652723008788,0.0,0.0,0.0,0.0,0.9587294292009594,0.7503473381288465,1.0,39.73891422731353,26.262156834509625,58.17478569740672,69.62434915658999,5.956839550525357,5.663118147775915,6.211488000655372,27.29861068725586,8.756583213806152,False,
1513_MSP-1,/home/raubenb/gitrepos/QTF/2MU7.pdb,1513_MSP-1_ff-amber_chi-selective_hb-0.75_sasa-0.7_vdwr-0.1_vdwa-0.1,GYSLFQKEKMVLNEGTSGTA,amber,selective,0.75,0.7,0.1,0.1,64,70.755846479025,20,"[-59.99999999999999, -45.0, -59.99999999999999, 145.0, -59.99999999999999, 180.0, -29.999999999999996, -14.999999999999998, 180.0, -165.0, 150.0, 180.0, 75.0, 59.99999999999999, 180.0, 59.99999999999999, -75.0, 175.0, 180.0, 75.0, 29.999999999999996, -59.99999999999999, 59.99999999999999, 75.0, 180.0, -150.0, 119.99999999999999, 180.0, 75.0, 45.0, -59.99999999999999, 59.99999999999999, 75.0, -59.99999999999999, -59.99999999999999, -29.999999999999996, -59.99999999999999, 75.0, 59.99999999999999, 59.99999999999999, 29.999999999999996, 59.99999999999999, 180.0, 59.99999999999999, 59.99999999999999, -45.0, -75.0, -59.99999999999999, -75.0, -14.999999999999998, 180.0, 75.0, 14.999999999999998, -45.0, -59.99999999999999, -59.99999999999999, -105.00000000000001, 59.99999999999999]",4.151503422889419,19.464123565257157,-123.78313067231127,-165.04417422974836,47.732429449584274,0.0,173.3730089267503,-20.434202631540252,-15.601812681706363,0.0,-14.14607289989824,0.0,0.0,0.0,0.0,0.9872156823873517,0.8181625617887709,1.0,48.060656276204405,28.635689662606982,74.12536768045433,70.755846479025,4.588791634927618,5.683550102266308,7.737247260789939,27.29861068725586,8.756583213806152,False,
1513_MSP-1,/home/raubenb/gitrepos/QTF/2MU7.pdb,1513_MSP-1_ff-amber_chi-selective_hb-0.75_sasa-0.7_vdwr-0.1_vdwa-0.1,GYSLFQKEKMVLNEGTSGTA,amber,selective,0.75,0.7,0.1,0.1,65,71.27687982863941,20,"[-119.99999999999999, 75.0, -165.0, 135.0, -59.99999999999999, 180.0, -29.999999999999996, -14.999999999999998, 180.0, -165.0, 150.0, 180.0, 75.0, 59.99999999999999, 180.0, 59.99999999999999, 90.0, 59.99999999999999, 180.0, -90.0, -59.99999999999999, -59.99999999999999, -59.99999999999999, -59.99999999999999, 180.0, -59.99999999999999, 75.0, -59.99999999999999, 75.0, 45.0, -59.99999999999999, -59.99999999999999, -29.999999999999996, -59.99999999999999, -75.0, 105.00000000000001, 59.99999999999999, 45.0, 45.0, -59.99999999999999, 45.0, 45.0, -59.99999999999999, 59.99999999999999, 59.99999999999999, 75.0, 59.99999999999999, -59.99999999999999, 75.0, 29.999999999999996, 59.99999999999999, -59.99999999999999, 145.0, -119.99999999999999, 135.0, -59.99999999999999, -150.0, 150.0]",16.23468495439439,64.38367856352868,-191.10787516695962,-254.8105002226128,41.2036801382364,0.0,190.4793817404881,-19.41753081177859,-15.601812681706363,0.0,-14.89732690756357,0.0,0.0,0.0,0.0,0.9577118695806052,0.7470381322573558,1.0,39.19506495126475,26.146334629007455,56.26230746132528,71.27687982863941,7.30192591159539,5.703078854220821,6.6744823973392915,27.29861068725586,8.756583213806152,False,
1513_MSP-1,/home/raubenb/gitrepos/QTF/2MU7.pdb,1513_MSP-1_ff-amber_chi-selective_hb-0.75_sasa-0.7_vdwr-0.1_vdwa-0.1,GYSLFQKEKMVLNEGTSGTA,amber,selective,0.75,0.7,0.1,0.1,66,71.67952425855388,20,"[-59.99999999999999, -45.0, -59.99999999999999, 145.0, -59.99999999999999, 180.0, -29.999999999999996, -14.999999999999998, 180.0, -165.0, 150.0, 180.0, 75.0, 59.99999999999999, 180.0, 59.99999999999999, -75.0, 175.0, 180.0, 75.0, 29.999999999999996, -59.99999999999999, 59.99999999999999, 75.0, 180.0, -150.0, 119.99999999999999, 180.0, 75.0, 45.0, -59.99999999999999, 59.99999999999999, 75.0, -59.99999999999999, -59.99999999999999, -29.999999999999996, -59.99999999999999, 75.0, 59.99999999999999, 59.99999999999999, 29.999999999999996, 59.99999999999999, 180.0, 59.99999999999999, 59.99999999999999, -45.0, -75.0, -59.99999999999999, -119.99999999999999, 119.99999999999999, 59.99999999999999, -59.99999999999999, 145.0, 29.999999999999996, 14.999999999999998, -59.99999999999999, -75.0, 119.99999999999999]",7.784721641825309,16.507027941212016,-116.96172129130174,-155.94896172173566,43.24129668495874,0.0,170.57474397048372,-19.310297022579984,-15.601812681706363,0.0,-14.554434984337798,0.0,0.0,0.0,0.0,0.9891579455230135,0.8180028331223514,1.0,47.98126728905025,28.6300991592823,72.80062055155395,71.67952425855388,6.747775752435133,5.911315648017231,7.958078042860021,27.29861068725586,8.756583213806152,False,
1513_MSP-1,/home/raubenb/gitrepos/QTF/2MU7.pdb,1513_MSP-1_ff-amber_chi-selective_hb-0.75_sasa-0.7_vdwr-0.1_vdwa-0.1,GYSLFQKEKMVLNEGTSGTA,amber,selective,0.75,0.7,0.1,0.1,67,71.74220652375061,20,"[-119.99999999999999, 75.0, -165.0, 135.0, -59.99999999999999, 180.0, -29.999999999999996, -14.999999999999998, 180.0, -165.0, 150.0, 180.0, 75.0, 59.99999999999999, 180.0, 59.99999999999999, 90.0, 59.99999999999999, 180.0, -90.0, -59.99999999999999, -59.99999999999999, -59.99999999999999, -59.99999999999999, 180.0, -59.99999999999999, 75.0, -59.99999999999999, 75.0, 45.0, -59.99999999999999, -59.99999999999999, -29.999999999999996, -59.99999999999999, -75.0, 105.00000000000001, 59.99999999999999, 45.0, 45.0, -59.99999999999999, 45.0, 45.0, -59.99999999999999, 59.99999999999999, 59.99999999999999, 75.0, 59.99999999999999, -59.99999999999999, 75.0, 29.999999999999996, 59.99999999999999, -59.99999999999999, 145.0, -119.99999999999999, 135.0, -59.99999999999999, -150.0, 165.0]",16.23468495439439,64.38367856352868,-191.10787516695962,-254.8105002226128,41.2036801382364,0.0,190.4793817404881,-19.41753081177859,-15.601812681706363,0.0,-14.432000212452358,0.0,0.0,0.0,0.0,0.9577118695806052,0.7470381322573558,1.0,39.19506495126475,26.146334629007455,56.26230746132528,71.74220652375061,7.30192591159539,5.703078854220821,6.6744823973392915,27.29861068725586,8.756583213806152,False,
1513_MSP-1,/home/raubenb/gitrepos/QTF/2MU7.pdb,1513_MSP-1_ff-amber_chi-selective_hb-0.75_sasa-0.7_vdwr-0.1_vdwa-0.1,GYSLFQKEKMVLNEGTSGTA,amber,selective,0.75,0.7,0.1,0.1,68,72.03417468765942,20,"[-119.99999999999999, 75.0, -165.0, 135.0, -59.99999999999999, 180.0, -29.999999999999996, -14.999999999999998, 180.0, -165.0, 150.0, 180.0, 75.0, 59.99999999999999, 180.0, 59.99999999999999, 90.0, 59.99999999999999, 180.0, -90.0, -59.99999999999999, -59.99999999999999, -59.99999999999999, -59.99999999999999, 180.0, -59.99999999999999, 75.0, -59.99999999999999, 75.0, 45.0, -59.99999999999999, -59.99999999999999, -29.999999999999996, -59.99999999999999, -75.0, 105.00000000000001, 59.99999999999999, 45.0, 45.0, -59.99999999999999, 45.0, 45.0, -59.99999999999999, 59.99999999999999, 59.99999999999999, 75.0, 59.99999999999999, -59.99999999999999, 75.0, 29.999999999999996, 59.99999999999999, -59.99999999999999, 145.0, 29.999999999999996, 14.999999999999998, -59.99999999999999, -75.0, -75.0]",13.84896024169809,64.27025562965441,-191.10787516695962,-254.8105002226128,40.345825558216944,0.0,192.89433389751818,-20.15922897391941,-15.601812681706363,0.0,-12.456283816842832,0.0,0.0,0.0,0.0,0.9577863674025257,0.7445492182459497,1.0,39.14510762392071,26.059222638608237,57.05822623955947,72.03417468765942,7.164269223515119,5.7077335726565614,6.175521037564036,27.29861068725586,8.756583213806152,False,
1513_MSP-1,/home/raubenb/gitrepos/QTF/2MU7.pdb,1513_MSP-1_ff-amber_chi-selective_hb-0.75_sasa-0.7_vdwr-0.1_vdwa-0.1,GYSLFQKEKMVLNEGTSGTA,amber,selective,0.75,0.7,0.1,0.1,69,72.446304911889,20,"[-59.99999999999999, -45.0, -59.99999999999999, 145.0, -59.99999999999999, 180.0, -29.999999999999996, -14.999999999999998, 180.0, -165.0, 150.0, 180.0, 75.0, 59.99999999999999, 180.0, 59.99999999999999, -75.0, 175.0, 180.0, 75.0, 29.999999999999996, -59.99999999999999, 59.99999999999999, 75.0, 180.0, -150.0, 119.99999999999999, 180.0, 75.0, 45.0, -59.99999999999999, 59.99999999999999, 75.0, -59.99999999999999, -59.99999999999999, -29.999999999999996, -59.99999999999999, 75.0, 59.99999999999999, 59.99999999999999, 29.999999999999996, 59.99999999999999, 180.0, 59.99999999999999, 59.99999999999999, 29.999999999999996, 14.999999999999998, -59.99999999999999, 75.0, 29.999999999999996, 59.99999999999999, 75.0, 14.999999999999998, -119.99999999999999, 135.0, -59.99999999999999, -75.0, -75.0]",17.83910685834107,46.38665116142661,-147.54672005072584,-196.72896006763446,43.902985078220226,0.0,163.84157835388032,-19.068264391879925,-15.601812681706363,0.0,-17.307219415667113,0.0,0.0,0.0,0.0,0.9695325772338741,0.5306871024094771,1.0,46.28522729557409,18.5740485843317,69.7615110254743,72.446304911889,7.3888677485912595,6.132757077277732,7.171112804634631,27.29861068725586,8.756583213806152,False,
1513_MSP-1,/home/raubenb/gitrepos/QTF/2MU7.pdb,1513_MSP-1_ff-amber_chi-selective_hb-0.75_sasa-0.7_vdwr-0.1_vdwa-0.1,GYSLFQKEKMVLNEGTSGTA,amber,selective,0.75,0.7,0.1,0.1,70,72.45215457988574,20,"[-59.99999999999999, -45.0, -59.99999999999999, 145.0, -59.99999999999999, 180.0, -29.999999999999996, -14.999999999999998, 180.0, -165.0, 150.0, 180.0, 75.0, 59.99999999999999, 180.0, 59.99999999999999, -75.0, 175.0, 180.0, 75.0, 29.999999999999996, -59.99999999999999, 59.99999999999999, 75.0, 180.0, -150.0, 119.99999999999999, 180.0, 75.0, 45.0, -59.99999999999999, 59.99999999999999, 75.0, -59.99999999999999, -59.99999999999999, -29.999999999999996, -59.99999999999999, 75.0, 59.99999999999999, 59.99999999999999, 29.999999999999996, 59.99999999999999, 180.0, 59.99999999999999, 59.99999999999999, -45.0, -75.0, -59.99999999999999, -119.99999999999999, 119.99999999999999, 59.99999999999999, -59.99999999999999, 145.0, 29.999999999999996, 14.999999999999998, -59.99999999999999, -75.0, 105.00000000000001]",7.784721641825309,16.507027941212016,-116.96172129130174,-155.94896172173566,43.24129668495874,0.0,170.57474397048372,-19.310297022579984,-15.601812681706363,0.0,-13.781804663005946,0.0,0.0,0.0,0.0,0.9891579455230135,0.8180028331223514,1.0,47.98126728905025,28.6300991592823,72.80062055155395,72.45215457988574,6.747775752435133,5.911315648017231,7.958078042860021,27.29861068725586,8.756583213806152,False,
1513_MSP-1,/home/raubenb/gitrepos/QTF/2MU7.pdb,1513_MSP-1_ff-amber_chi-selective_hb-0.75_sasa-0.7_vdwr-0.1_vdwa-0.1,GYSLFQKEKMVLNEGTSGTA,amber,selective,0.75,0.7,0.1,0.1,71,72.58478413988414,20,"[-59.99999999999999, -45.0, -59.99999999999999, 145.0, -59.99999999999999, 180.0, -29.999999999999996, -14.999999999999998, 180.0, -165.0, 150.0, 180.0, 75.0, 59.99999999999999, 180.0, 59.99999999999999, -75.0, 175.0, 180.0, 75.0, 29.999999999999996, -59.99999999999999, 59.99999999999999, 75.0, 180.0, -150.0, 119.99999999999999, 180.0, 75.0, 45.0, -59.99999999999999, 59.99999999999999, 75.0, -59.99999999999999, -59.99999999999999, -29.999999999999996, -59.99999999999999, 75.0, 59.99999999999999, 59.99999999999999, 29.999999999999996, 59.99999999999999, 180.0, 59.99999999999999, 59.99999999999999, 29.999999999999996, 14.999999999999998, -59.99999999999999, 75.0, 29.999999999999996, 59.99999999999999, 75.0, 14.999999999999998, -119.99999999999999, 135.0, -59.99999999999999, -29.999999999999996, -75.0]",17.83910685834107,45.999828716124725,-147.54672005072584,-196.72896006763446,43.902985078220226,0.0,164.2942809483837,-19.310341683737082,-15.601812681706363,0.0,-16.99254304501629,0.0,0.0,0.0,0.0,0.9697866478055011,0.5299883153926203,1.0,46.37773751445562,18.54959103874171,69.79860165221774,72.58478413988414,7.3888677485912595,6.132757077277732,7.171112804634631,27.29861068725586,8.756583213806152,False,
1513_MSP-1,/home/raubenb/gitrepos/QTF/2MU7.pdb,1513_MSP-1_ff-amber_chi-selective_hb-0.75_sasa-0.7_vdwr-0.1_vdwa-0.1,GYSLFQKEKMVLNEGTSGTA,amber,selective,0.75,0.7,0.1,0.1,72,72.63176303080114,20,"[-119.99999999999999, 75.0, -165.0, 135.0, -59.99999999999999, 180.0, -29.999999999999996, -14.999999999999998, 180.0, -165.0, 150.0, 180.0, 75.0, 59.99999999999999, 180.0, 59.99999999999999, 90.0, 59.99999999999999, 180.0, -90.0, -59.99999999999999, -59.99999999999999, -59.99999999999999, -59.99999999999999, 180.0, -59.99999999999999, 75.0, -59.99999999999999, 75.0, 45.0, -59.99999999999999, -59.99999999999999, -29.999999999999996, -59.99999999999999, -75.0, 105.00000000000001, 59.99999999999999, 45.0, 45.0, -59.99999999999999, 45.0, 45.0, -59.99999999999999, 59.99999999999999, 59.99999999999999, 75.0, 59.99999999999999, -59.99999999999999, 75.0, 29.999999999999996, 59.99999999999999, -59.99999999999999, 145.0, -45.0, -59.99999999999999, -59.99999999999999, -29.999999999999996, -75.0]",4.569095110412213,58.32234935445173,-191.10787516695962,-254.8105002226128,40.8983332987833,0.0,211.412475528995,-21.231776328112034,-15.601812681706363,0.0,-14.629026085063106,0.0,0.0,0.0,0.0,0.9616930381908363,0.7733569771557289,1.0,41.04321316438306,27.06749420045051,62.11298375333501,72.63176303080114,4.544061182877041,5.570632165656798,6.635692658635588,27.29861068725586,8.756583213806152,False,
1513_MSP-1,/home/raubenb/gitrepos/QTF/2MU7.pdb,1513_MSP-1_ff-amber_chi-selective_hb-0.75_sasa-0.7_vdwr-0.1_vdwa-0.1,GYSLFQKEKMVLNEGTSGTA,amber,selective,0.75,0.7,0.1,0.1,73,72.64200843077327,20,"[-119.99999999999999, 75.0, -165.0, 135.0, -59.99999999999999, 180.0, -29.999999999999996, -14.999999999999998, 180.0, -165.0, 150.0, 180.0, 75.0, 59.99999999999999, 180.0, 59.99999999999999, 90.0, 59.99999999999999, 180.0, -90.0, -59.99999999999999, -59.99999999999999, -59.99999999999999, -59.99999999999999, 180.0, -59.99999999999999, 75.0, -59.99999999999999, 75.0, 45.0, -59.99999999999999, -59.99999999999999, -29.999999999999996, -59.99999999999999, -75.0, 105.00000000000001, 59.99999999999999, 45.0, 45.0, -59.99999999999999, 45.0, 45.0, -59.99999999999999, 59.99999999999999, 59.99999999999999, 75.0, 59.99999999999999, -59.99999999999999, 75.0, 29.999999999999996, 59.99999999999999, -59.99999999999999, 145.0, -75.0, 105.00000000000001, 180.0, -29.999999999999996, -75.0]",0.410581752150148,57.58544588789851,-191.10787516695962,-254.8105002226128,41.066131171306395,0.0,211.4260439484683,-20.208845158090277,-15.601812681706377,0.0,-10.927661322293805,0.0,0.0,0.0,0.0,0.962177047035863,0.7849969917932075,1.0,40.247156370122184,27.47489471276226,58.771768347164695,72.64200843077327,5.213440494085383,5.602912414599619,6.6200071652821055,27.29861068725586,8.756583213806152,False,
1513_MSP-1,/home/raubenb/gitrepos/QTF/2MU7.pdb,1513_MSP-1_ff-amber_chi-selective_hb-0.75_sasa-0.7_vdwr-0.1_vdwa-0.1,GYSLFQKEKMVLNEGTSGTA,amber,selective,0.75,0.7,0.1,0.1,74,73.23014315641674,20,"[-59.99999999999999, -45.0, -59.99999999999999, 145.0, -59.99999999999999, 180.0, -29.999999999999996, -14.999999999999998, 180.0, -165.0, 150.0, 180.0, 75.0, 59.99999999999999, 180.0, 59.99999999999999, -75.0, 175.0, 180.0, 75.0, 29.999999999999996, -59.99999999999999, 59.99999999999999, 75.0, 180.0, -150.0, 119.99999999999999, 180.0, 75.0, 45.0, -59.99999999999999, 59.99999999999999, 75.0, -59.99999999999999, -59.99999999999999, -29.999999999999996, -59.99999999999999, 75.0, 59.99999999999999, 59.99999999999999, 29.999999999999996, 59.99999999999999, 180.0, 59.99999999999999, 59.99999999999999, 29.999999999999996, 14.999999999999998, -59.99999999999999, 75.0, 29.999999999999996, 59.99999999999999, 75.0, 14.999999999999998, -119.99999999999999, 135.0, -59.99999999999999, -90.0, 119.99999999999999]",17.83910685834107,45.22548085436256,-147.54672005072584,-196.72896006763446,43.902985078220226,0.0,163.84157835388032,-18.966809908679437,-15.601812681706363,0.0,-15.463665347275793,0.0,0.0,0.0,0.0,0.9702952506703694,0.5557707400014434,1.0,46.28608016051144,19.45197590005052,69.7555204164217,73.23014315641674,7.3888677485912595,6.132757077277732,7.171112804634631,27.29861068725586,8.756583213806152,False,
1513_MSP-1,/home/raubenb/gitrepos/QTF/2MU7.pdb,1513_MSP-1_ff-amber_chi-selective_hb-0.75_sasa-0.7_vdwr-0.1_vdwa-0.1,GYSLFQKEKMVLNEGTSGTA,amber,selective,0.75,0.7,0.1,0.1,75,73.38240449775415,20,"[-119.99999999999999, 75.0, -165.0, 135.0, -59.99999999999999, 180.0, -29.999999999999996, -14.999999999999998, 180.0, -165.0, 150.0, 180.0, 75.0, 59.99999999999999, 180.0, 59.99999999999999, 90.0, 59.99999999999999, 180.0, -90.0, -59.99999999999999, -59.99999999999999, -59.99999999999999, -59.99999999999999, 180.0, -59.99999999999999, 75.0, -59.99999999999999, 75.0, 45.0, -59.99999999999999, -59.99999999999999, -29.999999999999996, -59.99999999999999, -75.0, 105.00000000000001, 59.99999999999999, 45.0, 45.0, -59.99999999999999, 45.0, 45.0, -59.99999999999999, 59.99999999999999, 59.99999999999999, 75.0, 59.99999999999999, -59.99999999999999, 75.0, 29.999999999999996, 59.99999999999999, -59.99999999999999, 145.0, 29.999999999999996, 14.999999999999998, -59.99999999999999, -150.0, 150.0]",13.84896024169809,63.97787347210785,-191.10787516695962,-254.8105002226128,40.345825558216944,0.0,195.29821861093382,-20.476219054241366,-15.601812681706363,0.0,-12.902566482295192,0.0,0.0,0.0,0.0,0.9579784082285003,0.7458477495924161,1.0,39.2673785977981,26.10467123573456,57.365187267167876,73.38240449775415,7.164269223515119,5.7077335726565614,6.175521037564036,27.29861068725586,8.756583213806152,False,
1513_MSP-1,/home/raubenb/gitrepos/QTF/2MU7.pdb,1513_MSP-1_ff-amber_chi-selective_hb-0.75_sasa-0.7_vdwr-0.1_vdwa-0.1,GYSLFQKEKMVLNEGTSGTA,amber,selective,0.75,0.7,0.1,0.1,76,73.4309241259012,20,"[-119.99999999999999, 75.0, -165.0, 135.0, -59.99999999999999, 180.0, -29.999999999999996, -14.999999999999998, 180.0, -165.0, 150.0, 180.0, 75.0, 59.99999999999999, 180.0, 59.99999999999999, 90.0, 59.99999999999999, 180.0, -90.0, -59.99999999999999, -59.99999999999999, -59.99999999999999, -59.99999999999999, 180.0, -59.99999999999999, 75.0, -59.99999999999999, 75.0, 45.0, -59.99999999999999, -59.99999999999999, -29.999999999999996, -59.99999999999999, -75.0, 105.00000000000001, 59.99999999999999, 45.0, 45.0, -59.99999999999999, 45.0, 45.0, -59.99999999999999, 59.99999999999999, 59.99999999999999, 75.0, 59.99999999999999, -59.99999999999999, 75.0, 29.999999999999996, 59.99999999999999, -59.99999999999999, 145.0, -105.00000000000001, 119.99999999999999, 180.0, -150.0, 150.0]",3.8489339400302987,61.45001466916934,-191.10787516695962,-254.8105002226128,41.158629604477625,0.0,206.934336654606,-20.037081842137084,-15.601812681706377,0.0,-13.214221051578992,0.0,0.0,0.0,0.0,0.9596387424176228,0.7653420511604813,1.0,39.92644337092315,26.786971790616846,57.42166637989987,73.4309241259012,6.377374941519337,5.653293449165265,6.6815494957180155,27.29861068725586,8.756583213806152,False,
1513_MSP-1,/home/raubenb/gitrepos/QTF/2MU7.pdb,1513_MSP-1_ff-amber_chi-selective_hb-0.75_sasa-0.7_vdwr-0.1_vdwa-0.1,GYSLFQKEKMVLNEGTSGTA,amber,selective,0.75,0.7,0.1,0.1,77,73.45786905958828,20,"[-59.99999999999999, 90.0, -165.0, 135.0, -59.99999999999999, 180.0, -29.999999999999996, -14.999999999999998, 180.0, -165.0, 150.0, 180.0, 75.0, 59.99999999999999, 180.0, 59.99999999999999, 90.0, 59.99999999999999, 180.0, -90.0, -59.99999999999999, -59.99999999999999, -45.0, -59.99999999999999, 180.0, -59.99999999999999, 75.0, -59.99999999999999, 75.0, 45.0, -59.99999999999999, -29.999999999999996, -14.999999999999998, -59.99999999999999, -75.0, 105.00000000000001, 59.99999999999999, -59.99999999999999, 105.00000000000001, 59.99999999999999, 45.0, 45.0, -59.99999999999999, 59.99999999999999, 59.99999999999999, -165.0, 105.00000000000001, 180.0, 75.0, 29.999999999999996, 59.99999999999999, -59.99999999999999, 115.0, -135.0, 119.99999999999999, 59.99999999999999, -150.0, 150.0]",50.673163485818655,50.734752206879485,-234.80003552773618,-313.0667140369816,52.830237053637155,0.0,198.1473714638853,-20.247961339534676,-12.60227726513737,0.0,-11.277381018224077,0.0,0.0,0.0,0.0,0.9666766816375175,0.7449142587353981,1.0,41.32182647882946,26.07199905573893,61.98230357464328,73.45786905958828,8.68349378783181,5.710156133335423,7.140053410473637,27.29861068725586,8.756583213806152,False,
1513_MSP-1,/home/raubenb/gitrepos/QTF/2MU7.pdb,1513_MSP-1_ff-amber_chi-selective_hb-0.75_sasa-0.7_vdwr-0.1_vdwa-0.1,GYSLFQKEKMVLNEGTSGTA,amber,selective,0.75,0.7,0.1,0.1,78,73.54175326321187,20,"[-119.99999999999999, 75.0, -165.0, 135.0, -59.99999999999999, 180.0, -29.999999999999996, -14.999999999999998, 180.0, -165.0, 150.0, 180.0, 75.0, 59.99999999999999, 180.0, 59.99999999999999, 90.0, 59.99999999999999, 180.0, -90.0, -59.99999999999999, -59.99999999999999, -59.99999999999999, -59.99999999999999, 180.0, -59.99999999999999, 75.0, -59.99999999999999, 75.0, 45.0, -59.99999999999999, -59.99999999999999, -29.999999999999996, -59.99999999999999, -75.0, 105.00000000000001, 59.99999999999999, 45.0, 45.0, -59.99999999999999, 45.0, 45.0, -59.99999999999999, 59.99999999999999, 59.99999999999999, 75.0, 59.99999999999999, -59.99999999999999, 75.0, 29.999999999999996, 59.99999999999999, -59.99999999999999, 145.0, 29.999999999999996, 14.999999999999998, -59.99999999999999, -90.0, 119.99999999999999]",13.84896024169809,64.28007959871513,-191.10787516695962,-254.8105002226128,40.345825558216944,0.0,192.67286536605647,-20.283559904357276,-15.601812681706363,0.0,-10.612729748451512,0.0,0.0,0.0,0.0,0.9577799148776913,0.7443555562156617,1.0,39.198802252490474,26.05244446754816,57.095016046742074,73.54175326321187,7.164269223515119,5.7077335726565614,6.175521037564036,27.29861068725586,8.756583213806152,False,
1513_MSP-1,/home/raubenb/gitrepos/QTF/2MU7.pdb,1513_MSP-1_ff-amber_chi-selective_hb-0.75_sasa-0.7_vdwr-0.1_vdwa-0.1,GYSLFQKEKMVLNEGTSGTA,amber,selective,0.75,0.7,0.1,0.1,79,73.66563916658932,20,"[-59.99999999999999, -45.0, -59.99999999999999, 145.0, -59.99999999999999, 180.0, -29.999999999999996, -14.999999999999998, 180.0, -165.0, 150.0, 180.0, 75.0, 59.99999999999999, 180.0, 59.99999999999999, -75.0, 175.0, 180.0, 75.0, 29.999999999999996, -59.99999999999999, 59.99999999999999, 75.0, 180.0, -150.0, 119.99999999999999, 180.0, 75.0, 45.0, -59.99999999999999, 59.99999999999999, 75.0, -59.99999999999999, -59.99999999999999, -29.999999999999996, -59.99999999999999, 75.0, 59.99999999999999, 59.99999999999999, 29.999999999999996, 59.99999999999999, 180.0, 59.99999999999999, 59.99999999999999, -45.0, -75.0, -59.99999999999999, -75.0, -14.999999999999998, 180.0, 75.0, 14.999999999999998, -119.99999999999999, 135.0, -59.99999999999999, -150.0, 150.0]",6.855358474384321,18.32451741019154,-123.78313067231127,-165.04417422974836,46.690629055591955,0.0,182.26506712324255,-20.58975798474327,-15.601812681706363,0.0,-20.495231558060144,0.0,0.0,0.0,0.0,0.987964192177214,0.8181084687674272,1.0,48.10973013187804,28.63379640685995,73.5027762278327,73.66563916658932,4.329072293061239,5.6517206173362124,7.924409657464335,27.29861068725586,8.756583213806152,False,
1513_MSP-1,/home/raubenb/gitrepos/QTF/2MU7.pdb,1513_MSP-1_ff-amber_chi-selective_hb-0.75_sasa-0.7_vdwr-0.1_vdwa-0.1,GYSLFQKEKMVLNEGTSGTA,amber,selective,0.75,0.7,0.1,0.1,80,73.67933126583706,20,"[-119.99999999999999, 75.0, -165.0, 135.0, -59.99999999999999, 180.0, -29.999999999999996, -14.999999999999998, 180.0, -165.0, 150.0, 180.0, 75.0, 59.99999999999999, 180.0, 59.99999999999999, 90.0, 59.99999999999999, 180.0, -90.0, -59.99999999999999, -59.99999999999999, -59.99999999999999, -59.99999999999999, 180.0, -59.99999999999999, 75.0, -59.99999999999999, 75.0, 45.0, -59.99999999999999, -59.99999999999999, -29.999999999999996, -59.99999999999999, -75.0, 105.00000000000001, 59.99999999999999, 45.0, 45.0, -59.99999999999999, 45.0, 45.0, -59.99999999999999, 59.99999999999999, 59.99999999999999, 75.0, 59.99999999999999, -59.99999999999999, 75.0, 29.999999999999996, 59.99999999999999, -59.99999999999999, 115.0, 29.999999999999996, 14.999999999999998, -59.99999999999999, -75.0, -75.0]",1.0435118746210523,63.18524248778269,-191.10787516695962,-254.8105002226128,40.869359989805076,0.0,207.78512635993343,-20.08152484497156,-15.601812681706363,0.0,-12.41269675266764,0.0,0.0,0.0,0.0,0.958499019712458,0.7493291516865818,1.0,39.536491306526784,26.226520309030363,57.81913329130898,73.67933126583706,5.956839550525357,5.663118147775915,6.211488000655372,27.29861068725586,8.756583213806152,False,
1513_MSP-1,/home/raubenb/gitrepos/QTF/2MU7.pdb,1513_MSP-1_ff-amber_chi-selective_hb-0.75_sasa-0.7_vdwr-0.1_vdwa-0.1,GYSLFQKEKMVLNEGTSGTA,amber,selective,0.75,0.7,0.1,0.1,81,73.84773119286537,20,"[-119.99999999999999, 75.0, -165.0, 135.0, -59.99999999999999, 180.0, -29.999999999999996, -14.999999999999998, 180.0, -165.0, 150.0, 180.0, 75.0, 59.99999999999999, 180.0, 59.99999999999999, 90.0, 59.99999999999999, 180.0, -90.0, -59.99999999999999, -59.99999999999999, -59.99999999999999, -59.99999999999999, 180.0, -59.99999999999999, 75.0, -59.99999999999999, 75.0, 45.0, -59.99999999999999, -59.99999999999999, -29.999999999999996, -59.99999999999999, -75.0, 105.00000000000001, 59.99999999999999, 45.0, 45.0, -59.99999999999999, 45.0, 45.0, -59.99999999999999, 59.99999999999999, 59.99999999999999, 75.0, 59.99999999999999, -59.99999999999999, 75.0, 29.999999999999996, 59.99999999999999, -59.99999999999999, 145.0, 29.999999999999996, 14.999999999999998, -59.99999999999999, -150.0, 165.0]",13.84896024169809,63.97787347210785,-191.10787516695962,-254.8105002226128,40.345825558216944,0.0,195.29821861093382,-20.476219054241366,-15.601812681706363,0.0,-12.43723978718398,0.0,0.0,0.0,0.0,0.9579784082285003,0.7458477495924161,1.0,39.2673785977981,26.10467123573456,57.365187267167876,73.84773119286537,7.164269223515119,5.7077335726565614,6.175521037564036,27.29861068725586,8.756583213806152,False,
1513_MSP-1,/home/raubenb/gitrepos/QTF/2MU7.pdb,1513_MSP-1_ff-amber_chi-selective_hb-0.75_sasa-0.7_vdwr-0.1_vdwa-0.1,GYSLFQKEKMVLNEGTSGTA,amber,selective,0.75,0.7,0.1,0.1,82,73.8962508210124,20,"[-119.99999999999999, 75.0, -165.0, 135.0, -59.99999999999999, 180.0, -29.999999999999996, -14.999999999999998, 180.0, -165.0, 150.0, 180.0, 75.0, 59.99999999999999, 180.0, 59.99999999999999, 90.0, 59.99999999999999, 180.0, -90.0, -59.99999999999999, -59.99999999999999, -59.99999999999999, -59.99999999999999, 180.0, -59.99999999999999, 75.0, -59.99999999999999, 75.0, 45.0, -59.99999999999999, -59.99999999999999, -29.999999999999996, -59.99999999999999, -75.0, 105.00000000000001, 59.99999999999999, 45.0, 45.0, -59.99999999999999, 45.0, 45.0, -59.99999999999999, 59.99999999999999, 59.99999999999999, 75.0, 59.99999999999999, -59.99999999999999, 75.0, 29.999999999999996, 59.99999999999999, -59.99999999999999, 145.0, -105.00000000000001, 119.99999999999999, 180.0, -150.0, 165.0]",3.8489339400302987,61.45001466916934,-191.10787516695962,-254.8105002226128,41.158629604477625,0.0,206.934336654606,-20.037081842137084,-15.601812681706377,0.0,-12.748894356467781,0.0,0.0,0.0,0.0,0.9596387424176228,0.7653420511604813,1.0,39.92644337092315,26.786971790616846,57.42166637989987,73.8962508210124,6.377374941519337,5.653293449165265,6.6815494957180155,27.29861068725586,8.756583213806152,False,
1513_MSP-1,/home/raubenb/gitrepos/QTF/2MU7.pdb,1513_MSP-1_ff-amber_chi-selective_hb-0.75_sasa-0.7_vdwr-0.1_vdwa-0.1,GYSLFQKEKMVLNEGTSGTA,amber,selective,0.75,0.7,0.1,0.1,83,73.92319575469949,20,"[-59.99999999999999, 90.0, -165.0, 135.0, -59.99999999999999, 180.0, -29.999999999999996, -14.999999999999998, 180.0, -165.0, 150.0, 180.0, 75.0, 59.99999999999999, 180.0, 59.99999999999999, 90.0, 59.99999999999999, 180.0, -90.0, -59.99999999999999, -59.99999999999999, -45.0, -59.99999999999999, 180.0, -59.99999999999999, 75.0, -59.99999999999999, 75.0, 45.0, -59.99999999999999, -29.999999999999996, -14.999999999999998, -59.99999999999999, -75.0, 105.00000000000001, 59.99999999999999, -59.99999999999999, 105.00000000000001, 59.99999999999999, 45.0, 45.0, -59.99999999999999, 59.99999999999999, 59.99999999999999, -165.0, 105.00000000000001, 180.0, 75.0, 29.999999999999996, 59.99999999999999, -59.99999999999999, 115.0, -135.0, 119.99999999999999, 59.99999999999999, -150.0, 165.0]",50.673163485818655,50.734752206879485,-234.80003552773618,-313.0667140369816,52.830237053637155,0.0,198.1473714638853,-20.247961339534676,-12.60227726513737,0.0,-10.812054323112866,0.0,0.0,0.0,0.0,0.9666766816375175,0.7449142587353981,1.0,41.32182647882946,26.07199905573893,61.98230357464328,73.92319575469949,8.68349378783181,5.710156133335423,7.140053410473637,27.29861068725586,8.756583213806152,False,
1513_MSP-1,/home/raubenb/gitrepos/QTF/2MU7.pdb,1513_MSP-1_ff-amber_chi-selective_hb-0.75_sasa-0.7_vdwr-0.1_vdwa-0.1,GYSLFQKEKMVLNEGTSGTA,amber,selective,0.75,0.7,0.1,0.1,84,74.1173299006501,20,"[-119.99999999999999, 75.0, -165.0, 135.0, -59.99999999999999, 180.0, -29.999999999999996, -14.999999999999998, 180.0, -165.0, 150.0, 180.0, 75.0, 59.99999999999999, 180.0, 59.99999999999999, 90.0, 59.99999999999999, 180.0, -90.0, -59.99999999999999, -59.99999999999999, -59.99999999999999, -59.99999999999999, 180.0, -59.99999999999999, 75.0, -59.99999999999999, 75.0, 45.0, -59.99999999999999, -59.99999999999999, -29.999999999999996, -59.99999999999999, -75.0, 105.00000000000001, 59.99999999999999, 45.0, 45.0, -59.99999999999999, 45.0, 45.0, -59.99999999999999, 59.99999999999999, 59.99999999999999, 75.0, 59.99999999999999, -59.99999999999999, 75.0, 29.999999999999996, 59.99999999999999, -59.99999999999999, 145.0, 29.999999999999996, 14.999999999999998, -59.99999999999999, -75.0, 119.99999999999999]",13.84896024169809,64.27025562965441,-191.10787516695962,-254.8105002226128,40.345825558216944,0.0,192.89433389751818,-20.15922897391941,-15.601812681706363,0.0,-10.373128603852143,0.0,0.0,0.0,0.0,0.9577863674025257,0.7445492182459497,1.0,39.14510762392071,26.059222638608237,57.05822623955947,74.1173299006501,7.164269223515119,5.7077335726565614,6.175521037564036,27.29861068725586,8.756583213806152,False,
1513_MSP-1,/home/raubenb/gitrepos/QTF/2MU7.pdb,1513_MSP-1_ff-amber_chi-selective_hb-0.75_sasa-0.7_vdwr-0.1_vdwa-0.1,GYSLFQKEKMVLNEGTSGTA,amber,selective,0.75,0.7,0.1,0.1,85,74.13096586170053,20,"[-59.99999999999999, -45.0, -59.99999999999999, 145.0, -59.99999999999999, 180.0, -29.999999999999996, -14.999999999999998, 180.0, -165.0, 150.0, 180.0, 75.0, 59.99999999999999, 180.0, 59.99999999999999, -75.0, 175.0, 180.0, 75.0, 29.999999999999996, -59.99999999999999, 59.99999999999999, 75.0, 180.0, -150.0, 119.99999999999999, 180.0, 75.0, 45.0, -59.99999999999999, 59.99999999999999, 75.0, -59.99999999999999, -59.99999999999999, -29.999999999999996, -59.99999999999999, 75.0, 59.99999999999999, 59.99999999999999, 29.999999999999996, 59.99999999999999, 180.0, 59.99999999999999, 59.99999999999999, -45.0, -75.0, -59.99999999999999, -75.0, -14.999999999999998, 180.0, 75.0, 14.999999999999998, -119.99999999999999, 135.0, -59.99999999999999, -150.0, 165.0]",6.855358474384321,18.32451741019154,-123.78313067231127,-165.04417422974836,46.690629055591955,0.0,182.26506712324255,-20.58975798474327,-15.601812681706363,0.0,-20.029904862948932,0.0,0.0,0.0,0.0,0.987964192177214,0.8181084687674272,1.0,48.10973013187804,28.63379640685995,73.5027762278327,74.13096586170053,4.329072293061239,5.6517206173362124,7.924409657464335,27.29861068725586,8.756583213806152,False,
1513_MSP-1,/home/raubenb/gitrepos/QTF/2MU7.pdb,1513_MSP-1_ff-amber_chi-selective_hb-0.75_sasa-0.7_vdwr-0.1_vdwa-0.1,GYSLFQKEKMVLNEGTSGTA,amber,selective,0.75,0.7,0.1,0.1,86,74.13345817161014,20,"[-119.99999999999999, 75.0, -165.0, 135.0, -59.99999999999999, 180.0, -29.999999999999996, -14.999999999999998, 180.0, -165.0, 150.0, 180.0, 75.0, 59.99999999999999, 180.0, 59.99999999999999, 90.0, 59.99999999999999, 180.0, -90.0, -59.99999999999999, -59.99999999999999, -59.99999999999999, -59.99999999999999, 180.0, -59.99999999999999, 75.0, -59.99999999999999, 75.0, 45.0, -59.99999999999999, -59.99999999999999, -29.999999999999996, -59.99999999999999, -75.0, 105.00000000000001, 59.99999999999999, 45.0, 45.0, -59.99999999999999, 45.0, 45.0, -59.99999999999999, 59.99999999999999, 59.99999999999999, 75.0, 59.99999999999999, -59.99999999999999, 75.0, 29.999999999999996, 59.99999999999999, -59.99999999999999, 145.0, -119.99999999999999, 135.0, -59.99999999999999, -90.0, 119.99999999999999]",16.23468495439439,66.30985700795539,-191.10787516695962,-254.8105002226128,41.2036801382364,0.0,188.9696862537913,-19.267272160381452,-15.601812681706363,0.0,-12.60749017371989,0.0,0.0,0.0,0.0,0.9564467277451851,0.7443843996095971,1.0,39.03031706661015,26.0534539863359,56.189180912804,74.13345817161014,7.30192591159539,5.703078854220821,6.6744823973392915,27.29861068725586,8.756583213806152,False,
1513_MSP-1,/home/raubenb/gitrepos/QTF/2MU7.pdb,1513_MSP-1_ff-amber_chi-selective_hb-0.75_sasa-0.7_vdwr-0.1_vdwa-0.1,GYSLFQKEKMVLNEGTSGTA,amber,selective,0.75,0.7,0.1,0.1,87,74.25063235479854,20,"[-59.99999999999999, -45.0, -59.99999999999999, 145.0, -59.99999999999999, 180.0, -29.999999999999996, -14.999999999999998, 180.0, -165.0, 150.0, 180.0, 75.0, 59.99999999999999, 180.0, 59.99999999999999, -75.0, 175.0, 180.0, 75.0, 29.999999999999996, -59.99999999999999, 59.99999999999999, 75.0, 180.0, -150.0, 119.99999999999999, 180.0, 75.0, 45.0, -59.99999999999999, 59.99999999999999, 75.0, -59.99999999999999, -59.99999999999999, -29.999999999999996, -59.99999999999999, 75.0, 59.99999999999999, 59.99999999999999, 29.999999999999996, 59.99999999999999, 180.0, 59.99999999999999, 59.99999999999999, -45.0, -75.0, -59.99999999999999, -75.0, -14.999999999999998, 180.0, 75.0, 14.999999999999998, -75.0, 105.00000000000001, 180.0, -150.0, 150.0]",0.0026127727801700234,35.877550734325744,-123.78313067231127,-165.04417422974836,47.831791179327254,0.0,167.14276605004363,-19.93262001876705,-15.601812681706377,0.0,-17.286525008893562,0.0,0.0,0.0,0.0,0.9764351062500324,0.6622833639664476,1.0,47.587966611653854,23.179917738825665,73.73635961160707,74.25063235479854,5.522859452225152,5.743917194655468,7.7459055893126045,27.29861068725586,8.756583213806152,False,
1513_MSP-1,/home/raubenb/gitrepos/QTF/2MU7.pdb,1513_MSP-1_ff-amber_chi-selective_hb-0.75_sasa-0.7_vdwr-0.1_vdwa-0.1,GYSLFQKEKMVLNEGTSGTA,amber,selective,0.75,0.7,0.1,0.1,88,74.3707689614787,20,"[-119.99999999999999, 75.0, -165.0, 135.0, -59.99999999999999, 180.0, -29.999999999999996, -14.999999999999998, 180.0, -165.0, 150.0, 180.0, 75.0, 59.99999999999999, 180.0, 59.99999999999999, 90.0, 59.99999999999999, 180.0, -90.0, -59.99999999999999, -59.99999999999999, -59.99999999999999, -59.99999999999999, 180.0, -59.99999999999999, 75.0, -59.99999999999999, 75.0, 45.0, -59.99999999999999, -59.99999999999999, -29.999999999999996, -59.99999999999999, -75.0, 105.00000000000001, 59.99999999999999, 45.0, 45.0, -59.99999999999999, 45.0, 45.0, -59.99999999999999, 59.99999999999999, 59.99999999999999, 75.0, 59.99999999999999, -59.99999999999999, 75.0, 29.999999999999996, 59.99999999999999, -59.99999999999999, 145.0, -119.99999999999999, 135.0, -59.99999999999999, -75.0, -75.0]",16.23468495439439,69.4421202939817,-191.10787516695962,-254.8105002226128,41.2036801382364,0.0,187.913129136071,-19.262113470427607,-15.601812681706363,0.0,-14.45104424211121,0.0,0.0,0.0,0.0,0.954389411957976,0.7442911322955987,1.0,38.94051745110302,26.050189630345955,56.14741778920798,74.3707689614787,7.30192591159539,5.703078854220821,6.6744823973392915,27.29861068725586,8.756583213806152,False,
1513_MSP-1,/home/raubenb/gitrepos/QTF/2MU7.pdb,1513_MSP-1_ff-amber_chi-selective_hb-0.75_sasa-0.7_vdwr-0.1_vdwa-0.1,GYSLFQKEKMVLNEGTSGTA,amber,selective,0.75,0.7,0.1,0.1,89,74.49368896098517,20,"[-59.99999999999999, -45.0, -59.99999999999999, 145.0, -59.99999999999999, 180.0, -29.999999999999996, -14.999999999999998, 180.0, -165.0, 150.0, 180.0, 75.0, 59.99999999999999, 180.0, 59.99999999999999, -75.0, 175.0, 180.0, 75.0, 29.999999999999996, -59.99999999999999, 59.99999999999999, 75.0, 180.0, -150.0, 119.99999999999999, 180.0, 75.0, 45.0, -59.99999999999999, 59.99999999999999, 75.0, -59.99999999999999, -59.99999999999999, -29.999999999999996, -59.99999999999999, 75.0, 59.99999999999999, 59.99999999999999, 45.0, 45.0, -59.99999999999999, 59.99999999999999, 59.99999999999999, -29.999999999999996, -59.99999999999999, -59.99999999999999, -119.99999999999999, 119.99999999999999, 59.99999999999999, -59.99999999999999, 145.0, 29.999999999999996, 14.999999999999998, -59.99999999999999, -75.0, -75.0]",0.43670834145886606,24.151370784490272,-112.81720580207258,-150.4229410694301,43.828194700174635,0.0,170.09606329131032,-18.90648131431655,-15.601812681706363,0.0,-16.69314835835343,0.0,0.0,0.0,0.0,0.9841370306834218,0.8149811912309329,1.0,47.4419931785107,28.524341693082654,71.70250880992165,74.49368896098517,5.795536238542371,5.889087887990144,7.853953305620963,27.29861068725586,8.756583213806152,False,
1513_MSP-1,/home/raubenb/gitrepos/QTF/2MU7.pdb,1513_MSP-1_ff-amber_chi-selective_hb-0.75_sasa-0.7_vdwr-0.1_vdwa-0.1,GYSLFQKEKMVLNEGTSGTA,amber,selective,0.75,0.7,0.1,0.1,90,74.52946012487968,20,"[-59.99999999999999, -45.0, -59.99999999999999, 145.0, -59.99999999999999, 180.0, -29.999999999999996, -14.999999999999998, 180.0, -165.0, 150.0, 180.0, 75.0, 59.99999999999999, 180.0, 59.99999999999999, -75.0, 175.0, 180.0, 75.0, 29.999999999999996, -59.99999999999999, 59.99999999999999, 75.0, 180.0, -150.0, 119.99999999999999, 180.0, 75.0, 45.0, -59.99999999999999, 59.99999999999999, 75.0, -59.99999999999999, -59.99999999999999, -29.999999999999996, -59.99999999999999, 75.0, 59.99999999999999, 59.99999999999999, 29.999999999999996, 59.99999999999999, 180.0, 59.99999999999999, 59.99999999999999, 29.999999999999996, 14.999999999999998, -59.99999999999999, 75.0, 29.999999999999996, 59.99999999999999, 75.0, 14.999999999999998, -119.99999999999999, 135.0, -59.99999999999999, -75.0, 119.99999999999999]",17.83910685834107,46.38665116142661,-147.54672005072584,-196.72896006763446,43.902985078220226,0.0,163.84157835388032,-19.068264391879925,-15.601812681706363,0.0,-15.224064202676423,0.0,0.0,0.0,0.0,0.9695325772338741,0.5306871024094771,1.0,46.28522729557409,18.5740485843317,69.7615110254743,74.52946012487968,7.3888677485912595,6.132757077277732,7.171112804634631,27.29861068725586,8.756583213806152,False,
1513_MSP-1,/home/raubenb/gitrepos/QTF/2MU7.pdb,1513_MSP-1_ff-amber_chi-selective_hb-0.75_sasa-0.7_vdwr-0.1_vdwa-0.1,GYSLFQKEKMVLNEGTSGTA,amber,selective,0.75,0.7,0.1,0.1,91,74.71595904990976,20,"[-59.99999999999999, -45.0, -59.99999999999999, 145.0, -59.99999999999999, 180.0, -29.999999999999996, -14.999999999999998, 180.0, -165.0, 150.0, 180.0, 75.0, 59.99999999999999, 180.0, 59.99999999999999, -75.0, 175.0, 180.0, 75.0, 29.999999999999996, -59.99999999999999, 59.99999999999999, 75.0, 180.0, -150.0, 119.99999999999999, 180.0, 75.0, 45.0, -59.99999999999999, 59.99999999999999, 75.0, -59.99999999999999, -59.99999999999999, -29.999999999999996, -59.99999999999999, 75.0, 59.99999999999999, 59.99999999999999, 29.999999999999996, 59.99999999999999, 180.0, 59.99999999999999, 59.99999999999999, -45.0, -75.0, -59.99999999999999, -75.0, -14.999999999999998, 180.0, 75.0, 14.999999999999998, -75.0, 105.00000000000001, 180.0, -150.0, 165.0]",0.0026127727801700234,35.877550734325744,-123.78313067231127,-165.04417422974836,47.831791179327254,0.0,167.14276605004363,-19.93262001876705,-15.601812681706377,0.0,-16.82119831378235,0.0,0.0,0.0,0.0,0.9764351062500324,0.6622833639664476,1.0,47.587966611653854,23.179917738825665,73.73635961160707,74.71595904990976,5.522859452225152,5.743917194655468,7.7459055893126045,27.29861068725586,8.756583213806152,False,
1513_MSP-1,/home/raubenb/gitrepos/QTF/2MU7.pdb,1513_MSP-1_ff-amber_chi-selective_hb-0.75_sasa-0.7_vdwr-0.1_vdwa-0.1,GYSLFQKEKMVLNEGTSGTA,amber,selective,0.75,0.7,0.1,0.1,92,74.88996022198195,20,"[-119.99999999999999, 75.0, -165.0, 135.0, -59.99999999999999, 180.0, -29.999999999999996, -14.999999999999998, 180.0, -165.0, 150.0, 180.0, 75.0, 59.99999999999999, 180.0, 59.99999999999999, 90.0, 59.99999999999999, 180.0, -90.0, -59.99999999999999, -59.99999999999999, -59.99999999999999, -59.99999999999999, 180.0, -59.99999999999999, 75.0, -59.99999999999999, 75.0, 45.0, -59.99999999999999, -59.99999999999999, -29.999999999999996, -59.99999999999999, -75.0, 105.00000000000001, 59.99999999999999, 45.0, 45.0, -59.99999999999999, 45.0, 45.0, -59.99999999999999, 59.99999999999999, 59.99999999999999, 75.0, 59.99999999999999, -59.99999999999999, 75.0, 29.999999999999996, 59.99999999999999, -59.99999999999999, 145.0, 29.999999999999996, 14.999999999999998, -59.99999999999999, -75.0, 105.00000000000001]",13.84896024169809,64.27025562965441,-191.10787516695962,-254.8105002226128,40.345825558216944,0.0,192.89433389751818,-20.15922897391941,-15.601812681706363,0.0,-9.600498282520292,0.0,0.0,0.0,0.0,0.9577863674025257,0.7445492182459497,1.0,39.14510762392071,26.059222638608237,57.05822623955947,74.88996022198195,7.164269223515119,5.7077335726565614,6.175521037564036,27.29861068725586,8.756583213806152,False,
1513_MSP-1,/home/raubenb/gitrepos/QTF/2MU7.pdb,1513_MSP-1_ff-amber_chi-selective_hb-0.75_sasa-0.7_vdwr-0.1_vdwa-0.1,GYSLFQKEKMVLNEGTSGTA,amber,selective,0.75,0.7,0.1,0.1,93,75.30209044621154,20,"[-59.99999999999999, -45.0, -59.99999999999999, 145.0, -59.99999999999999, 180.0, -29.999999999999996, -14.999999999999998, 180.0, -165.0, 150.0, 180.0, 75.0, 59.99999999999999, 180.0, 59.99999999999999, -75.0, 175.0, 180.0, 75.0, 29.999999999999996, -59.99999999999999, 59.99999999999999, 75.0, 180.0, -150.0, 119.99999999999999, 180.0, 75.0, 45.0, -59.99999999999999, 59.99999999999999, 75.0, -59.99999999999999, -59.99999999999999, -29.999999999999996, -59.99999999999999, 75.0, 59.99999999999999, 59.99999999999999, 29.999999999999996, 59.99999999999999, 180.0, 59.99999999999999, 59.99999999999999, 29.999999999999996, 14.999999999999998, -59.99999999999999, 75.0, 29.999999999999996, 59.99999999999999, 75.0, 14.999999999999998, -119.99999999999999, 135.0, -59.99999999999999, -75.0, 105.00000000000001]",17.83910685834107,46.38665116142661,-147.54672005072584,-196.72896006763446,43.902985078220226,0.0,163.84157835388032,-19.068264391879925,-15.601812681706363,0.0,-14.451433881344572,0.0,0.0,0.0,0.0,0.9695325772338741,0.5306871024094771,1.0,46.28522729557409,18.5740485843317,69.7615110254743,75.30209044621154,7.3888677485912595,6.132757077277732,7.171112804634631,27.29861068725586,8.756583213806152,False,
1513_MSP-1,/home/raubenb/gitrepos/QTF/2MU7.pdb,1513_MSP-1_ff-amber_chi-selective_hb-0.75_sasa-0.7_vdwr-0.1_vdwa-0.1,GYSLFQKEKMVLNEGTSGTA,amber,selective,0.75,0.7,0.1,0.1,94,75.37062014890662,20,"[-119.99999999999999, 75.0, -165.0, 135.0, -59.99999999999999, 180.0, -29.999999999999996, -14.999999999999998, 180.0, -165.0, 150.0, 180.0, 75.0, 59.99999999999999, 180.0, 59.99999999999999, 90.0, 59.99999999999999, 180.0, -90.0, -59.99999999999999, -59.99999999999999, -59.99999999999999, -59.99999999999999, 180.0, -59.99999999999999, 75.0, -59.99999999999999, 75.0, 45.0, -59.99999999999999, -59.99999999999999, -29.999999999999996, -59.99999999999999, -75.0, 105.00000000000001, 59.99999999999999, 45.0, 45.0, -59.99999999999999, 45.0, 45.0, -59.99999999999999, 59.99999999999999, 59.99999999999999, 75.0, 59.99999999999999, -59.99999999999999, 75.0, 29.999999999999996, 59.99999999999999, -75.0, 90.0, -75.0, 105.00000000000001, 180.0, -75.0, -75.0]",3.6426839089115957,63.250809488911706,-191.10787516695962,-254.8105002226128,41.470220047922375,0.0,204.8853589295831,-19.95398399299279,-15.601812681706377,0.0,-11.214780384763367,0.0,0.0,0.0,0.0,0.9584559543586788,0.7533485806403144,1.0,39.658763915583165,26.367200322411005,57.33519997948554,75.37062014890662,6.353543661321622,5.6339912090182,6.627244565993252,27.29861068725586,8.756583213806152,False,
1513_MSP-1,/home/raubenb/gitrepos/QTF/2MU7.pdb,1513_MSP-1_ff-amber_chi-selective_hb-0.75_sasa-0.7_vdwr-0.1_vdwa-0.1,GYSLFQKEKMVLNEGTSGTA,amber,selective,0.75,0.7,0.1,0.1,95,75.76248647882775,20,"[-119.99999999999999, 75.0, -165.0, 135.0, -59.99999999999999, 180.0, -29.999999999999996, -14.999999999999998, 180.0, -165.0, 150.0, 180.0, 75.0, 59.99999999999999, 180.0, 59.99999999999999, 90.0, 59.99999999999999, 180.0, -90.0, -59.99999999999999, -59.99999999999999, -59.99999999999999, -59.99999999999999, 180.0, -59.99999999999999, 75.0, -59.99999999999999, 75.0, 45.0, -59.99999999999999, -59.99999999999999, -29.999999999999996, -59.99999999999999, -75.0, 105.00000000000001, 59.99999999999999, 45.0, 45.0, -59.99999999999999, 45.0, 45.0, -59.99999999999999, 59.99999999999999, 59.99999999999999, 75.0, 59.99999999999999, -59.99999999999999, 75.0, 29.999999999999996, 59.99999999999999, -59.99999999999999, 115.0, 29.999999999999996, 14.999999999999998, -59.99999999999999, -75.0, 119.99999999999999]",1.0435118746210523,63.18524248778269,-191.10787516695962,-254.8105002226128,40.869359989805076,0.0,207.78512635993343,-20.08152484497156,-15.601812681706363,0.0,-10.329541539676951,0.0,0.0,0.0,0.0,0.958499019712458,0.7493291516865818,1.0,39.536491306526784,26.226520309030363,57.81913329130898,75.76248647882775,5.956839550525357,5.663118147775915,6.211488000655372,27.29861068725586,8.756583213806152,False,
1513_MSP-1,/home/raubenb/gitrepos/QTF/2MU7.pdb,1513_MSP-1_ff-amber_chi-selective_hb-0.75_sasa-0.7_vdwr-0.1_vdwa-0.1,GYSLFQKEKMVLNEGTSGTA,amber,selective,0.75,0.7,0.1,0.1,96,75.91551163527816,20,"[-119.99999999999999, 75.0, -165.0, 135.0, -59.99999999999999, 180.0, -29.999999999999996, -14.999999999999998, 180.0, -165.0, 150.0, 180.0, 75.0, 59.99999999999999, 180.0, 59.99999999999999, 90.0, 59.99999999999999, 180.0, -90.0, -59.99999999999999, -59.99999999999999, -59.99999999999999, -59.99999999999999, 180.0, -59.99999999999999, 75.0, -59.99999999999999, 75.0, 45.0, -59.99999999999999, -59.99999999999999, -29.999999999999996, -59.99999999999999, -75.0, 105.00000000000001, 59.99999999999999, 45.0, 45.0, -59.99999999999999, 45.0, 45.0, -59.99999999999999, 59.99999999999999, 59.99999999999999, 75.0, 59.99999999999999, -59.99999999999999, 75.0, 29.999999999999996, 59.99999999999999, -59.99999999999999, 115.0, -45.0, -45.0, 180.0, -29.999999999999996, -75.0]",0.05170659166585614,62.68113913398989,-191.10787516695962,-254.8105002226128,41.26207490768497,0.0,213.30692264730777,-19.853056320518185,-15.601812681706377,0.0,-14.823587476186127,0.0,0.0,0.0,0.0,0.9588301220794812,0.7534909925564969,1.0,39.93946999707319,26.37218473947739,57.78712662775095,75.91551163527816,5.601692272730878,5.631389683196005,6.576706905139589,27.29861068725586,8.756583213806152,False,
1513_MSP-1,/home/raubenb/gitrepos/QTF/2MU7.pdb,1513_MSP-1_ff-amber_chi-selective_hb-0.75_sasa-0.7_vdwr-0.1_vdwa-0.1,GYSLFQKEKMVLNEGTSGTA,amber,selective,0.75,0.7,0.1,0.1,97,75.94786312653677,20,"[-59.99999999999999, -45.0, -59.99999999999999, 145.0, -59.99999999999999, 180.0, -29.999999999999996, -14.999999999999998, 180.0, -165.0, 150.0, 180.0, 75.0, 59.99999999999999, 180.0, 59.99999999999999, -75.0, 175.0, 180.0, 75.0, 29.999999999999996, -59.99999999999999, 59.99999999999999, 75.0, 180.0, -150.0, 119.99999999999999, 180.0, 75.0, 45.0, -59.99999999999999, 59.99999999999999, 75.0, -59.99999999999999, -59.99999999999999, -29.999999999999996, -59.99999999999999, 75.0, 59.99999999999999, 59.99999999999999, 29.999999999999996, 59.99999999999999, 180.0, 59.99999999999999, 59.99999999999999, 29.999999999999996, 14.999999999999998, -59.99999999999999, 75.0, 29.999999999999996, 59.99999999999999, 75.0, 14.999999999999998, -119.99999999999999, 135.0, -59.99999999999999, -105.00000000000001, 59.99999999999999]",17.83910685834107,43.3282682899372,-147.54672005072584,-196.72896006763446,43.902985078220226,0.0,163.84157835388032,-18.903857512054987,-15.601812681706363,0.0,-10.911685209354854,0.0,0.0,0.0,0.0,0.9715413672972498,0.5943594248148525,1.0,46.310046842628026,20.80257986851984,69.75213472629885,75.94786312653677,7.3888677485912595,6.132757077277732,7.171112804634631,27.29861068725586,8.756583213806152,False,
1513_MSP-1,/home/raubenb/gitrepos/QTF/2MU7.pdb,1513_MSP-1_ff-amber_chi-selective_hb-0.75_sasa-0.7_vdwr-0.1_vdwa-0.1,GYSLFQKEKMVLNEGTSGTA,amber,selective,0.75,0.7,0.1,0.1,98,75.97863813639728,20,"[-119.99999999999999, 75.0, -165.0, 135.0, -59.99999999999999, 180.0, -29.999999999999996, -14.999999999999998, 180.0, -165.0, 150.0, 180.0, 75.0, 59.99999999999999, 180.0, 59.99999999999999, 90.0, 59.99999999999999, 180.0, -90.0, -59.99999999999999, -59.99999999999999, -59.99999999999999, -59.99999999999999, 180.0, -59.99999999999999, 75.0, -59.99999999999999, 75.0, 45.0, -59.99999999999999, -59.99999999999999, -29.999999999999996, -59.99999999999999, -75.0, 105.00000000000001, 59.99999999999999, 45.0, 45.0, -59.99999999999999, 45.0, 45.0, -59.99999999999999, 59.99999999999999, 59.99999999999999, 75.0, 59.99999999999999, -59.99999999999999, 75.0, 29.999999999999996, 59.99999999999999, -75.0, 90.0, -45.0, -45.0, 180.0, -150.0, 150.0]",3.12439356404264,79.53848932177884,-191.10787516695962,-254.8105002226128,41.77580650876701,0.0,193.61741614419014,-19.767203285432124,-15.601812681706377,0.0,-15.600576268283241,0.0,0.0,0.0,0.0,0.9477579708888151,0.7186236302770516,1.0,38.842871245952736,25.151827059696807,56.696722485266946,75.97863813639728,6.290492702565007,5.6254145067983155,6.586771020238117,27.29861068725586,8.756583213806152,False,
1513_MSP-1,/home/raubenb/gitrepos/QTF/2MU7.pdb,1513_MSP-1_ff-amber_chi-selective_hb-0.75_sasa-0.7_vdwr-0.1_vdwa-0.1,GYSLFQKEKMVLNEGTSGTA,amber,selective,0.75,0.7,0.1,0.1,99,76.17380387201649,20,"[-59.99999999999999, -45.0, -59.99999999999999, 145.0, -59.99999999999999, 180.0, -29.999999999999996, -14.999999999999998, 180.0, -165.0, 150.0, 180.0, 75.0, 59.99999999999999, 180.0, 59.99999999999999, -75.0, 175.0, 180.0, 75.0, 29.999999999999996, -59.99999999999999, 59.99999999999999, 75.0, 180.0, -150.0, 119.99999999999999, 180.0, 75.0, 45.0, -59.99999999999999, 59.99999999999999, 75.0, -59.99999999999999, -59.99999999999999, -29.999999999999996, -59.99999999999999, 75.0, 59.99999999999999, 59.99999999999999, 29.999999999999996, 59.99999999999999, 180.0, 59.99999999999999, 59.99999999999999, -45.0, -75.0, -59.99999999999999, -75.0, -14.999999999999998, 180.0, 75.0, 14.999999999999998, -119.99999999999999, 165.0, 59.99999999999999, -150.0, 150.0]",4.554888469823878,20.32655181465622,-123.78313067231127,-165.04417422974836,46.690629055591955,0.0,181.61188513316557,-20.368557459727285,-12.602277265137356,0.0,-20.256185204045227,0.0,0.0,0.0,0.0,0.9866492270511289,0.8181023101354542,1.0,47.937681563194936,28.633580854740895,73.50403498940935,76.17380387201649,4.545548485272942,5.6587629266444885,7.9570996228911826,27.29861068725586,8.756583213806152,False,
1513_MSP-1,/home/raubenb/gitrepos/QTF/2MU7.pdb,1513_MSP-1_ff-amber_chi-selective_hb-0.75_sasa-0.7_vdwr-0.1_vdwa-0.1,GYSLFQKEKMVLNEGTSGTA,amber,selective,0.75,0.7,0.1,0.1,100,76.35531367220842,20,"[-119.99999999999999, 75.0, -165.0, 135.0, -59.99999999999999, 180.0, -29.999999999999996, -14.999999999999998, 180.0, -165.0, 150.0, 180.0, 75.0, 59.99999999999999, 180.0, 59.99999999999999, 90.0, 59.99999999999999, 180.0, -90.0, -59.99999999999999, -59.99999999999999, -59.99999999999999, -59.99999999999999, 180.0, -59.99999999999999, 75.0, -59.99999999999999, 75.0, 45.0, -59.99999999999999, -59.99999999999999, -29.999999999999996, -59.99999999999999, -75.0, 105.00000000000001, 59.99999999999999, 45.0, 45.0, -59.99999999999999, 45.0, 45.0, -59.99999999999999, 59.99999999999999, 59.99999999999999, 75.0, 59.99999999999999, -59.99999999999999, 75.0, 29.999999999999996, 59.99999999999999, -90.0, 105.00000000000001, -105.00000000000001, 119.99999999999999, 180.0, -29.999999999999996, -75.0]",8.054265292393008,64.24397513713144,-192.83025631867488,-257.10700842489985,41.429656589313964,0.0,203.7839972193389,-19.761298659187744,-15.601812681706377,0.0,-12.963212906399875,0.0,0.0,0.0,0.0,0.9578036288097658,0.7540251448869303,1.0,39.41875772896191,26.39088007104256,57.6923757220584,76.35531367220842,6.769193861661252,5.612429746917221,6.731974227543483,27.29861068725586,8.756583213806152,False,
1513_MSP-1,/home/raubenb/gitrepos/QTF/2MU7.pdb,1513_MSP-1_ff-amber_chi-selective_hb-0.75_sasa-0.7_vdwr-0.1_vdwa-0.1,GYSLFQKEKMVLNEGTSGTA,amber,selective,0.75,0.7,0.1,0.1,101,76.4439648315085,20,"[-119.99999999999999, 75.0, -165.0, 135.0, -59.99999999999999, 180.0, -29.999999999999996, -14.999999999999998, 180.0, -165.0, 150.0, 180.0, 75.0, 59.99999999999999, 180.0, 59.99999999999999, 90.0, 59.99999999999999, 180.0, -90.0, -59.99999999999999, -59.99999999999999, -59.99999999999999, -59.99999999999999, 180.0, -59.99999999999999, 75.0, -59.99999999999999, 75.0, 45.0, -59.99999999999999, -59.99999999999999, -29.999999999999996, -59.99999999999999, -75.0, 105.00000000000001, 59.99999999999999, 45.0, 45.0, -59.99999999999999, 45.0, 45.0, -59.99999999999999, 59.99999999999999, 59.99999999999999, 75.0, 59.99999999999999, -59.99999999999999, 75.0, 29.999999999999996, 59.99999999999999, -75.0, 90.0, -45.0, -45.0, 180.0, -150.0, 165.0]",3.12439356404264,79.53848932177884,-191.10787516695962,-254.8105002226128,41.77580650876701,0.0,193.61741614419014,-19.767203285432124,-15.601812681706377,0.0,-15.135249573172029,0.0,0.0,0.0,0.0,0.9477579708888151,0.7186236302770516,1.0,38.842871245952736,25.151827059696807,56.696722485266946,76.4439648315085,6.290492702565007,5.6254145067983155,6.586771020238117,27.29861068725586,8.756583213806152,False,
1513_MSP-1,/home/raubenb/gitrepos/QTF/2MU7.pdb,1513_MSP-1_ff-amber_chi-selective_hb-0.75_sasa-0.7_vdwr-0.1_vdwa-0.1,GYSLFQKEKMVLNEGTSGTA,amber,selective,0.75,0.7,0.1,0.1,102,76.45392417446939,20,"[-119.99999999999999, 75.0, -165.0, 135.0, -59.99999999999999, 180.0, -29.999999999999996, -14.999999999999998, 180.0, -165.0, 150.0, 180.0, 75.0, 59.99999999999999, 180.0, 59.99999999999999, 90.0, 59.99999999999999, 180.0, -90.0, -59.99999999999999, -59.99999999999999, -59.99999999999999, -59.99999999999999, 180.0, -59.99999999999999, 75.0, -59.99999999999999, 75.0, 45.0, -59.99999999999999, -59.99999999999999, -29.999999999999996, -59.99999999999999, -75.0, 105.00000000000001, 59.99999999999999, 45.0, 45.0, -59.99999999999999, 45.0, 45.0, -59.99999999999999, 59.99999999999999, 59.99999999999999, 75.0, 59.99999999999999, -59.99999999999999, 75.0, 29.999999999999996, 59.99999999999999, -59.99999999999999, 145.0, -119.99999999999999, 135.0, -59.99999999999999, -75.0, 119.99999999999999]",16.23468495439439,69.4421202939817,-191.10787516695962,-254.8105002226128,41.2036801382364,0.0,187.913129136071,-19.262113470427607,-15.601812681706363,0.0,-12.367889029120521,0.0,0.0,0.0,0.0,0.954389411957976,0.7442911322955987,1.0,38.94051745110302,26.050189630345955,56.14741778920798,76.45392417446939,7.30192591159539,5.703078854220821,6.6744823973392915,27.29861068725586,8.756583213806152,False,
1513_MSP-1,/home/raubenb/gitrepos/QTF/2MU7.pdb,1513_MSP-1_ff-amber_chi-selective_hb-0.75_sasa-0.7_vdwr-0.1_vdwa-0.1,GYSLFQKEKMVLNEGTSGTA,amber,selective,0.75,0.7,0.1,0.1,103,76.51176705152179,20,"[-59.99999999999999, -45.0, -59.99999999999999, 145.0, -59.99999999999999, 180.0, -29.999999999999996, -14.999999999999998, 180.0, -165.0, 150.0, 180.0, 75.0, 59.99999999999999, 180.0, 59.99999999999999, -75.0, 175.0, 180.0, 75.0, 29.999999999999996, -59.99999999999999, 59.99999999999999, 75.0, 180.0, -150.0, 119.99999999999999, 180.0, 75.0, 45.0, -59.99999999999999, 59.99999999999999, 75.0, -59.99999999999999, -59.99999999999999, -29.999999999999996, -59.99999999999999, 75.0, 59.99999999999999, 59.99999999999999, 29.999999999999996, 59.99999999999999, 180.0, 59.99999999999999, 59.99999999999999, -45.0, -75.0, -59.99999999999999, -59.99999999999999, -45.0, 59.99999999999999, -135.0, 150.0, -45.0, -45.0, 180.0, -29.999999999999996, -75.0]",0.24871895524206292,31.405533562255687,-115.11509656732754,-153.4867954231034,44.895046233633735,0.0,173.90300246159035,-19.6235449370635,-15.601812681706377,0.0,-23.600079975102645,0.0,0.0,0.0,0.0,0.979372391748929,0.7669152762412215,1.0,47.6261806405584,26.84203466844275,72.36585775092156,76.51176705152179,5.276966838679956,5.793771642365669,7.201028120476422,27.29861068725586,8.756583213806152,False,
1513_MSP-1,/home/raubenb/gitrepos/QTF/2MU7.pdb,1513_MSP-1_ff-amber_chi-selective_hb-0.75_sasa-0.7_vdwr-0.1_vdwa-0.1,GYSLFQKEKMVLNEGTSGTA,amber,selective,0.75,0.7,0.1,0.1,104,76.52326852558998,20,"[-119.99999999999999, 75.0, -165.0, 135.0, -59.99999999999999, 180.0, -29.999999999999996, -14.999999999999998, 180.0, -165.0, 150.0, 180.0, 75.0, 59.99999999999999, 180.0, 59.99999999999999, 90.0, 59.99999999999999, 180.0, -90.0, -59.99999999999999, -59.99999999999999, -59.99999999999999, -59.99999999999999, 180.0, -59.99999999999999, 75.0, -59.99999999999999, 75.0, 45.0, -59.99999999999999, -59.99999999999999, -29.999999999999996, -59.99999999999999, -75.0, 105.00000000000001, 59.99999999999999, 45.0, 45.0, -59.99999999999999, 45.0, 45.0, -59.99999999999999, 59.99999999999999, 59.99999999999999, 75.0, 59.99999999999999, -59.99999999999999, 75.0, 29.999999999999996, 59.99999999999999, -59.99999999999999, 115.0, 29.999999999999996, 14.999999999999998, -59.99999999999999, -90.0, 119.99999999999999]",1.0435118746210523,63.30433274294486,-191.10787516695962,-254.8105002226128,40.869359989805076,0.0,208.70467575335033,-20.11978130218904,-15.601812681706363,0.0,-10.56914268427632,0.0,0.0,0.0,0.0,0.9584207995120231,0.7483497009545735,1.0,39.60428761853438,26.192239533410074,57.854654511357374,76.52326852558998,5.956839550525357,5.663118147775915,6.211488000655372,27.29861068725586,8.756583213806152,False,
1513_MSP-1,/home/raubenb/gitrepos/QTF/2MU7.pdb,1513_MSP-1_ff-amber_chi-selective_hb-0.75_sasa-0.7_vdwr-0.1_vdwa-0.1,GYSLFQKEKMVLNEGTSGTA,amber,selective,0.75,0.7,0.1,0.1,105,76.53511680015961,20,"[-119.99999999999999, 75.0, -165.0, 135.0, -59.99999999999999, 180.0, -29.999999999999996, -14.999999999999998, 180.0, -165.0, 150.0, 180.0, 75.0, 59.99999999999999, 180.0, 59.99999999999999, 90.0, 59.99999999999999, 180.0, -90.0, -59.99999999999999, -59.99999999999999, -59.99999999999999, -59.99999999999999, 180.0, -59.99999999999999, 75.0, -59.99999999999999, 75.0, 45.0, -59.99999999999999, -59.99999999999999, -29.999999999999996, -59.99999999999999, -75.0, 105.00000000000001, 59.99999999999999, 45.0, 45.0, -59.99999999999999, 45.0, 45.0, -59.99999999999999, 59.99999999999999, 59.99999999999999, 75.0, 59.99999999999999, -59.99999999999999, 75.0, 29.999999999999996, 59.99999999999999, -59.99999999999999, 115.0, 29.999999999999996, 14.999999999999998, -59.99999999999999, -75.0, 105.00000000000001]",1.0435118746210523,63.18524248778269,-191.10787516695962,-254.8105002226128,40.869359989805076,0.0,207.78512635993343,-20.08152484497156,-15.601812681706363,0.0,-9.5569112183451,0.0,0.0,0.0,0.0,0.958499019712458,0.7493291516865818,1.0,39.536491306526784,26.226520309030363,57.81913329130898,76.53511680015961,5.956839550525357,5.663118147775915,6.211488000655372,27.29861068725586,8.756583213806152,False,
1513_MSP-1,/home/raubenb/gitrepos/QTF/2MU7.pdb,1513_MSP-1_ff-amber_chi-selective_hb-0.75_sasa-0.7_vdwr-0.1_vdwa-0.1,GYSLFQKEKMVLNEGTSGTA,amber,selective,0.75,0.7,0.1,0.1,106,76.57684417397586,20,"[-59.99999999999999, -45.0, -59.99999999999999, 145.0, -59.99999999999999, 180.0, -29.999999999999996, -14.999999999999998, 180.0, -165.0, 150.0, 180.0, 75.0, 59.99999999999999, 180.0, 59.99999999999999, -75.0, 175.0, 180.0, 75.0, 29.999999999999996, -59.99999999999999, 59.99999999999999, 75.0, 180.0, -150.0, 119.99999999999999, 180.0, 75.0, 45.0, -59.99999999999999, 59.99999999999999, 75.0, -59.99999999999999, -59.99999999999999, -29.999999999999996, -59.99999999999999, 75.0, 59.99999999999999, 59.99999999999999, 45.0, 45.0, -59.99999999999999, 59.99999999999999, 59.99999999999999, -29.999999999999996, -59.99999999999999, -59.99999999999999, -119.99999999999999, 119.99999999999999, 59.99999999999999, -59.99999999999999, 145.0, 29.999999999999996, 14.999999999999998, -59.99999999999999, -75.0, 119.99999999999999]",0.43670834145886606,24.151370784490272,-112.81720580207258,-150.4229410694301,43.828194700174635,0.0,170.09606329131032,-18.90648131431655,-15.601812681706363,0.0,-14.609993145362742,0.0,0.0,0.0,0.0,0.9841370306834218,0.8149811912309329,1.0,47.4419931785107,28.524341693082654,71.70250880992165,76.57684417397586,5.795536238542371,5.889087887990144,7.853953305620963,27.29861068725586,8.756583213806152,False,
1513_MSP-1,/home/raubenb/gitrepos/QTF/2MU7.pdb,1513_MSP-1_ff-amber_chi-selective_hb-0.75_sasa-0.7_vdwr-0.1_vdwa-0.1,GYSLFQKEKMVLNEGTSGTA,amber,selective,0.75,0.7,0.1,0.1,107,76.6391305671277,20,"[-59.99999999999999, -45.0, -59.99999999999999, 145.0, -59.99999999999999, 180.0, -29.999999999999996, -14.999999999999998, 180.0, -165.0, 150.0, 180.0, 75.0, 59.99999999999999, 180.0, 59.99999999999999, -75.0, 175.0, 180.0, 75.0, 29.999999999999996, -59.99999999999999, 59.99999999999999, 75.0, 180.0, -150.0, 119.99999999999999, 180.0, 75.0, 45.0, -59.99999999999999, 59.99999999999999, 75.0, -59.99999999999999, -59.99999999999999, -29.999999999999996, -59.99999999999999, 75.0, 59.99999999999999, 59.99999999999999, 29.999999999999996, 59.99999999999999, 180.0, 59.99999999999999, 59.99999999999999, -45.0, -75.0, -59.99999999999999, -75.0, -14.999999999999998, 180.0, 75.0, 14.999999999999998, -119.99999999999999, 165.0, 59.99999999999999, -150.0, 165.0]",4.554888469823878,20.32655181465622,-123.78313067231127,-165.04417422974836,46.690629055591955,0.0,181.61188513316557,-20.368557459727285,-12.602277265137356,0.0,-19.790858508934015,0.0,0.0,0.0,0.0,0.9866492270511289,0.8181023101354542,1.0,47.937681563194936,28.633580854740895,73.50403498940935,76.6391305671277,4.545548485272942,5.6587629266444885,7.9570996228911826,27.29861068725586,8.756583213806152,False,
1513_MSP-1,/home/raubenb/gitrepos/QTF/2MU7.pdb,1513_MSP-1_ff-amber_chi-selective_hb-0.75_sasa-0.7_vdwr-0.1_vdwa-0.1,GYSLFQKEKMVLNEGTSGTA,amber,selective,0.75,0.7,0.1,0.1,108,77.01071739878336,20,"[-59.99999999999999, -45.0, -59.99999999999999, 145.0, -59.99999999999999, 180.0, -29.999999999999996, -14.999999999999998, 180.0, -165.0, 150.0, 180.0, 75.0, 59.99999999999999, 180.0, 59.99999999999999, -75.0, 175.0, 180.0, 75.0, 29.999999999999996, -59.99999999999999, 59.99999999999999, 75.0, 180.0, -150.0, 119.99999999999999, 180.0, 75.0, 45.0, -59.99999999999999, 59.99999999999999, 75.0, -59.99999999999999, -59.99999999999999, -29.999999999999996, -59.99999999999999, 75.0, 59.99999999999999, 59.99999999999999, 29.999999999999996, 59.99999999999999, 180.0, 59.99999999999999, 59.99999999999999, -45.0, -75.0, -59.99999999999999, -119.99999999999999, 119.99999999999999, 59.99999999999999, -59.99999999999999, 145.0, 29.999999999999996, 14.999999999999998, -59.99999999999999, -150.0, 150.0]",7.784721641825309,31.14748587549462,-118.72528972270625,-158.30038629694167,43.24129668495874,0.0,165.86976388084466,-19.6215754171465,-15.601812681706363,0.0,-17.083872862780847,0.0,0.0,0.0,0.0,0.9795418811983615,0.7331017456983748,1.0,47.63375132103921,25.65856109944312,72.96563604210435,77.01071739878336,6.747775752435133,5.911315648017231,7.958078042860021,27.29861068725586,8.756583213806152,False,
1513_MSP-1,/home/raubenb/gitrepos/QTF/2MU7.pdb,1513_MSP-1_ff-amber_chi-selective_hb-0.75_sasa-0.7_vdwr-0.1_vdwa-0.1,GYSLFQKEKMVLNEGTSGTA,amber,selective,0.75,0.7,0.1,0.1,109,77.10034604703304,20,"[-59.99999999999999, -45.0, -59.99999999999999, 145.0, -59.99999999999999, 180.0, -29.999999999999996, -14.999999999999998, 180.0, -165.0, 150.0, 180.0, 75.0, 59.99999999999999, 180.0, 59.99999999999999, -75.0, 175.0, 180.0, 75.0, 29.999999999999996, -59.99999999999999, 59.99999999999999, 75.0, 180.0, -150.0, 119.99999999999999, 180.0, 75.0, 45.0, -59.99999999999999, 59.99999999999999, 75.0, -59.99999999999999, -59.99999999999999, -29.999999999999996, -59.99999999999999, 75.0, 59.99999999999999, 59.99999999999999, 45.0, 45.0, -59.99999999999999, 59.99999999999999, 59.99999999999999, -29.999999999999996, -59.99999999999999, -59.99999999999999, -119.99999999999999, 119.99999999999999, 59.99999999999999, -59.99999999999999, 145.0, 29.999999999999996, 14.999999999999998, -59.99999999999999, -90.0, 119.99999999999999]",0.43670834145886606,27.272805631039446,-112.81720580207258,-150.4229410694301,43.828194700174635,0.0,167.87563460885926,-19.04438446075811,-15.601812681706363,0.0,-14.849594289962111,0.0,0.0,0.0,0.0,0.9820868271717311,0.8149831826752076,1.0,47.38051331947539,28.524411393632267,71.74921623381624,77.10034604703304,5.795536238542371,5.889087887990144,7.853953305620963,27.29861068725586,8.756583213806152,False,
1513_MSP-1,/home/raubenb/gitrepos/QTF/2MU7.pdb,1513_MSP-1_ff-amber_chi-selective_hb-0.75_sasa-0.7_vdwr-0.1_vdwa-0.1,GYSLFQKEKMVLNEGTSGTA,amber,selective,0.75,0.7,0.1,0.1,110,77.22655449580124,20,"[-119.99999999999999, 75.0, -165.0, 135.0, -59.99999999999999, 180.0, -29.999999999999996, -14.999999999999998, 180.0, -165.0, 150.0, 180.0, 75.0, 59.99999999999999, 180.0, 59.99999999999999, 90.0, 59.99999999999999, 180.0, -90.0, -59.99999999999999, -59.99999999999999, -59.99999999999999, -59.99999999999999, 180.0, -59.99999999999999, 75.0, -59.99999999999999, 75.0, 45.0, -59.99999999999999, -59.99999999999999, -29.999999999999996, -59.99999999999999, -75.0, 105.00000000000001, 59.99999999999999, 45.0, 45.0, -59.99999999999999, 45.0, 45.0, -59.99999999999999, 59.99999999999999, 59.99999999999999, 75.0, 59.99999999999999, -59.99999999999999, 75.0, 29.999999999999996, 59.99999999999999, -59.99999999999999, 145.0, -119.99999999999999, 135.0, -59.99999999999999, -75.0, 105.00000000000001]",16.23468495439439,69.4421202939817,-191.10787516695962,-254.8105002226128,41.2036801382364,0.0,187.913129136071,-19.262113470427607,-15.601812681706363,0.0,-11.59525870778867,0.0,0.0,0.0,0.0,0.954389411957976,0.7442911322955987,1.0,38.94051745110302,26.050189630345955,56.14741778920798,77.22655449580124,7.30192591159539,5.703078854220821,6.6744823973392915,27.29861068725586,8.756583213806152,False,
1513_MSP-1,/home/raubenb/gitrepos/QTF/2MU7.pdb,1513_MSP-1_ff-amber_chi-selective_hb-0.75_sasa-0.7_vdwr-0.1_vdwa-0.1,GYSLFQKEKMVLNEGTSGTA,amber,selective,0.75,0.7,0.1,0.1,111,77.26815734587674,20,"[-119.99999999999999, 75.0, -165.0, 135.0, -59.99999999999999, 180.0, -29.999999999999996, -14.999999999999998, 180.0, -165.0, 150.0, 180.0, 75.0, 59.99999999999999, 180.0, 59.99999999999999, 90.0, 59.99999999999999, 180.0, -90.0, -59.99999999999999, -59.99999999999999, -59.99999999999999, -59.99999999999999, 180.0, -59.99999999999999, 75.0, -59.99999999999999, 75.0, 45.0, -59.99999999999999, -59.99999999999999, -29.999999999999996, -59.99999999999999, -75.0, 105.00000000000001, 59.99999999999999, 45.0, 45.0, -59.99999999999999, 45.0, 45.0, -59.99999999999999, 59.99999999999999, 59.99999999999999, 75.0, 59.99999999999999, -59.99999999999999, 75.0, 29.999999999999996, 59.99999999999999, -59.99999999999999, 145.0, -45.0, -45.0, 180.0, -29.999999999999996, -75.0]",8.070711006921584,57.88718885411042,-191.10787516695962,-254.8105002226128,40.8983332987833,0.0,213.16729797319266,-21.178511398103907,-15.601812681706377,0.0,-14.867174540361319,0.0,0.0,0.0,0.0,0.961978857895494,0.7747164355922692,1.0,41.25351434859971,27.11507524572942,67.02776827186291,77.26815734587674,4.229511038464199,5.559105713993609,6.617655640260644,27.29861068725586,8.756583213806152,False,
1513_MSP-1,/home/raubenb/gitrepos/QTF/2MU7.pdb,1513_MSP-1_ff-amber_chi-selective_hb-0.75_sasa-0.7_vdwr-0.1_vdwa-0.1,GYSLFQKEKMVLNEGTSGTA,amber,selective,0.75,0.7,0.1,0.1,112,77.31183647631156,20,"[-119.99999999999999, 75.0, -165.0, 135.0, -59.99999999999999, 180.0, -29.999999999999996, -14.999999999999998, 180.0, -165.0, 150.0, 180.0, 75.0, 59.99999999999999, 180.0, 59.99999999999999, 90.0, 59.99999999999999, 180.0, -90.0, -59.99999999999999, -59.99999999999999, -59.99999999999999, -59.99999999999999, 180.0, -59.99999999999999, 75.0, -59.99999999999999, 75.0, 45.0, -59.99999999999999, -59.99999999999999, -29.999999999999996, -59.99999999999999, -75.0, 105.00000000000001, 59.99999999999999, 45.0, 45.0, -59.99999999999999, 45.0, 45.0, -59.99999999999999, 59.99999999999999, 59.99999999999999, 75.0, 59.99999999999999, -59.99999999999999, 75.0, 29.999999999999996, 59.99999999999999, -75.0, 90.0, -29.999999999999996, 150.0, -59.99999999999999, -29.999999999999996, -75.0]",0.011294334187539985,56.70111878113003,-191.10787516695962,-254.8105002226128,41.79157230877358,0.0,218.14674282684402,-20.546586570808223,-15.601812681706363,0.0,-12.082617355149402,0.0,0.0,0.0,0.0,0.9627578858580428,0.7911545940537767,1.0,40.17792210686156,27.690410791882186,59.36642677010235,77.31183647631156,5.4524724623243745,5.597411138037226,6.6208195616129615,27.29861068725586,8.756583213806152,False,
1513_MSP-1,/home/raubenb/gitrepos/QTF/2MU7.pdb,1513_MSP-1_ff-amber_chi-selective_hb-0.75_sasa-0.7_vdwr-0.1_vdwa-0.1,GYSLFQKEKMVLNEGTSGTA,amber,selective,0.75,0.7,0.1,0.1,113,77.3494744953077,20,"[-59.99999999999999, -45.0, -59.99999999999999, 145.0, -59.99999999999999, 180.0, -29.999999999999996, -14.999999999999998, 180.0, -165.0, 150.0, 180.0, 75.0, 59.99999999999999, 180.0, 59.99999999999999, -75.0, 175.0, 180.0, 75.0, 29.999999999999996, -59.99999999999999, 59.99999999999999, 75.0, 180.0, -150.0, 119.99999999999999, 180.0, 75.0, 45.0, -59.99999999999999, 59.99999999999999, 75.0, -59.99999999999999, -59.99999999999999, -29.999999999999996, -59.99999999999999, 75.0, 59.99999999999999, 59.99999999999999, 45.0, 45.0, -59.99999999999999, 59.99999999999999, 59.99999999999999, -29.999999999999996, -59.99999999999999, -59.99999999999999, -119.99999999999999, 119.99999999999999, 59.99999999999999, -59.99999999999999, 145.0, 29.999999999999996, 14.999999999999998, -59.99999999999999, -75.0, 105.00000000000001]",0.43670834145886606,24.151370784490272,-112.81720580207258,-150.4229410694301,43.828194700174635,0.0,170.09606329131032,-18.90648131431655,-15.601812681706363,0.0,-13.83736282403089,0.0,0.0,0.0,0.0,0.9841370306834218,0.8149811912309329,1.0,47.4419931785107,28.524341693082654,71.70250880992165,77.3494744953077,5.795536238542371,5.889087887990144,7.853953305620963,27.29861068725586,8.756583213806152,False,
1513_MSP-1,/home/raubenb/gitrepos/QTF/2MU7.pdb,1513_MSP-1_ff-amber_chi-selective_hb-0.75_sasa-0.7_vdwr-0.1_vdwa-0.1,GYSLFQKEKMVLNEGTSGTA,amber,selective,0.75,0.7,0.1,0.1,114,77.45377536189731,20,"[-119.99999999999999, 75.0, -165.0, 135.0, -59.99999999999999, 180.0, -29.999999999999996, -14.999999999999998, 180.0, -165.0, 150.0, 180.0, 75.0, 59.99999999999999, 180.0, 59.99999999999999, 90.0, 59.99999999999999, 180.0, -90.0, -59.99999999999999, -59.99999999999999, -59.99999999999999, -59.99999999999999, 180.0, -59.99999999999999, 75.0, -59.99999999999999, 75.0, 45.0, -59.99999999999999, -59.99999999999999, -29.999999999999996, -59.99999999999999, -75.0, 105.00000000000001, 59.99999999999999, 45.0, 45.0, -59.99999999999999, 45.0, 45.0, -59.99999999999999, 59.99999999999999, 59.99999999999999, 75.0, 59.99999999999999, -59.99999999999999, 75.0, 29.999999999999996, 59.99999999999999, -75.0, 90.0, -75.0, 105.00000000000001, 180.0, -75.0, 119.99999999999999]",3.6426839089115957,63.250809488911706,-191.10787516695962,-254.8105002226128,41.470220047922375,0.0,204.8853589295831,-19.95398399299279,-15.601812681706377,0.0,-9.131625171772678,0.0,0.0,0.0,0.0,0.9584559543586788,0.7533485806403144,1.0,39.658763915583165,26.367200322411005,57.33519997948554,77.45377536189731,6.353543661321622,5.6339912090182,6.627244565993252,27.29861068725586,8.756583213806152,False,
1513_MSP-1,/home/raubenb/gitrepos/QTF/2MU7.pdb,1513_MSP-1_ff-amber_chi-selective_hb-0.75_sasa-0.7_vdwr-0.1_vdwa-0.1,GYSLFQKEKMVLNEGTSGTA,amber,selective,0.75,0.7,0.1,0.1,115,77.47604409389457,20,"[-59.99999999999999, -45.0, -59.99999999999999, 145.0, -59.99999999999999, 180.0, -29.999999999999996, -14.999999999999998, 180.0, -165.0, 150.0, 180.0, 75.0, 59.99999999999999, 180.0, 59.99999999999999, -75.0, 175.0, 180.0, 75.0, 29.999999999999996, -59.99999999999999, 59.99999999999999, 75.0, 180.0, -150.0, 119.99999999999999, 180.0, 75.0, 45.0, -59.99999999999999, 59.99999999999999, 75.0, -59.99999999999999, -59.99999999999999, -29.999999999999996, -59.99999999999999, 75.0, 59.99999999999999, 59.99999999999999, 29.999999999999996, 59.99999999999999, 180.0, 59.99999999999999, 59.99999999999999, -45.0, -75.0, -59.99999999999999, -119.99999999999999, 119.99999999999999, 59.99999999999999, -59.99999999999999, 145.0, 29.999999999999996, 14.999999999999998, -59.99999999999999, -150.0, 165.0]",7.784721641825309,31.14748587549462,-118.72528972270625,-158.30038629694167,43.24129668495874,0.0,165.86976388084466,-19.6215754171465,-15.601812681706363,0.0,-16.618546167669635,0.0,0.0,0.0,0.0,0.9795418811983615,0.7331017456983748,1.0,47.63375132103921,25.65856109944312,72.96563604210435,77.47604409389457,6.747775752435133,5.911315648017231,7.958078042860021,27.29861068725586,8.756583213806152,False,
1513_MSP-1,/home/raubenb/gitrepos/QTF/2MU7.pdb,1513_MSP-1_ff-amber_chi-selective_hb-0.75_sasa-0.7_vdwr-0.1_vdwa-0.1,GYSLFQKEKMVLNEGTSGTA,amber,selective,0.75,0.7,0.1,0.1,116,77.50677638963586,20,"[-119.99999999999999, 75.0, -165.0, 135.0, -59.99999999999999, 180.0, -29.999999999999996, -14.999999999999998, 180.0, -165.0, 150.0, 180.0, 75.0, 59.99999999999999, 180.0, 59.99999999999999, 90.0, 59.99999999999999, 180.0, -90.0, -59.99999999999999, -59.99999999999999, -59.99999999999999, -59.99999999999999, 180.0, -59.99999999999999, 75.0, -59.99999999999999, 75.0, 45.0, -59.99999999999999, -59.99999999999999, -29.999999999999996, -59.99999999999999, -75.0, 105.00000000000001, 59.99999999999999, 45.0, 45.0, -59.99999999999999, 45.0, 45.0, -59.99999999999999, 59.99999999999999, 59.99999999999999, 75.0, 59.99999999999999, -59.99999999999999, 75.0, 29.999999999999996, 59.99999999999999, -90.0, 119.99999999999999, -119.99999999999999, 135.0, -59.99999999999999, -75.0, -75.0]",12.341696958651564,64.208577543871,-193.73022646669455,-258.3069686222594,41.411354913878846,0.0,203.90985152653147,-19.736413231245866,-15.601812681706363,0.0,-15.296252173650261,0.0,0.0,0.0,0.0,0.9578268784605117,0.7520675383239674,1.0,39.41891995695041,26.32236384133886,57.48784226581419,77.50677638963586,7.071094965853533,5.626855771704684,6.76268709458999,27.29861068725586,8.756583213806152,False,
1513_MSP-1,/home/raubenb/gitrepos/QTF/2MU7.pdb,1513_MSP-1_ff-amber_chi-selective_hb-0.75_sasa-0.7_vdwr-0.1_vdwa-0.1,GYSLFQKEKMVLNEGTSGTA,amber,selective,0.75,0.7,0.1,0.1,117,77.77985699882025,20,"[-119.99999999999999, 75.0, -165.0, 135.0, -59.99999999999999, 180.0, -29.999999999999996, -14.999999999999998, 180.0, -165.0, 150.0, 180.0, 75.0, 59.99999999999999, 180.0, 59.99999999999999, 90.0, 59.99999999999999, 180.0, -90.0, -59.99999999999999, -59.99999999999999, -59.99999999999999, -59.99999999999999, 180.0, -59.99999999999999, 75.0, -59.99999999999999, 75.0, 45.0, -59.99999999999999, -59.99999999999999, -29.999999999999996, -59.99999999999999, -75.0, 105.00000000000001, 59.99999999999999, 45.0, 45.0, -59.99999999999999, 45.0, 45.0, -59.99999999999999, 59.99999999999999, 59.99999999999999, 75.0, 59.99999999999999, -59.99999999999999, 75.0, 29.999999999999996, 59.99999999999999, -59.99999999999999, 145.0, -119.99999999999999, 135.0, -59.99999999999999, -105.00000000000001, 59.99999999999999]",16.23468495439439,64.67243391891202,-191.10787516695962,-254.8105002226128,41.2036801382364,0.0,189.75790419456376,-19.323648322821395,-15.601812681706363,0.0,-8.05551003579895,0.0,0.0,0.0,0.0,0.9575222108906981,0.744455131145801,1.0,39.104468250678345,26.055929590103034,56.21684986970924,77.77985699882025,7.30192591159539,5.703078854220821,6.6744823973392915,27.29861068725586,8.756583213806152,False,
1513_MSP-1,/home/raubenb/gitrepos/QTF/2MU7.pdb,1513_MSP-1_ff-amber_chi-selective_hb-0.75_sasa-0.7_vdwr-0.1_vdwa-0.1,GYSLFQKEKMVLNEGTSGTA,amber,selective,0.75,0.7,0.1,0.1,118,77.81709830701884,20,"[-119.99999999999999, 75.0, -165.0, 135.0, -59.99999999999999, 180.0, -29.999999999999996, -14.999999999999998, 180.0, -165.0, 150.0, 180.0, 75.0, 59.99999999999999, 180.0, 59.99999999999999, 90.0, 59.99999999999999, 180.0, -90.0, -59.99999999999999, -59.99999999999999, -59.99999999999999, -59.99999999999999, 180.0, -59.99999999999999, 75.0, -59.99999999999999, 75.0, 45.0, -59.99999999999999, -59.99999999999999, -29.999999999999996, -59.99999999999999, -75.0, 105.00000000000001, 59.99999999999999, 45.0, 45.0, -59.99999999999999, 45.0, 45.0, -59.99999999999999, 59.99999999999999, 59.99999999999999, 75.0, 59.99999999999999, -59.99999999999999, 75.0, 29.999999999999996, 59.99999999999999, -59.99999999999999, 145.0, -105.00000000000001, 119.99999999999999, 180.0, -105.00000000000001, 59.99999999999999]",3.8489339400302987,62.52513357475469,-191.10787516695962,-254.8105002226128,41.158629604477625,0.0,203.09443891128453,-19.727945695047932,-15.601812681706377,0.0,-6.372404179814374,0.0,0.0,0.0,0.0,0.9589325887850544,0.7585778078387607,1.0,39.84212990638546,26.550223274356625,57.160889059739205,77.81709830701884,6.377374941519337,5.653293449165265,6.6815494957180155,27.29861068725586,8.756583213806152,False,
1513_MSP-1,/home/raubenb/gitrepos/QTF/2MU7.pdb,1513_MSP-1_ff-amber_chi-selective_hb-0.75_sasa-0.7_vdwr-0.1_vdwa-0.1,GYSLFQKEKMVLNEGTSGTA,amber,selective,0.75,0.7,0.1,0.1,119,77.93112339918133,20,"[-119.99999999999999, 75.0, -165.0, 135.0, -59.99999999999999, 180.0, -29.999999999999996, -14.999999999999998, 180.0, -165.0, 150.0, 180.0, 75.0, 59.99999999999999, 180.0, 59.99999999999999, 90.0, 59.99999999999999, 180.0, -90.0, -59.99999999999999, -59.99999999999999, -59.99999999999999, -59.99999999999999, 180.0, -59.99999999999999, 75.0, -59.99999999999999, 75.0, 45.0, -59.99999999999999, -59.99999999999999, -29.999999999999996, -59.99999999999999, -75.0, 105.00000000000001, 59.99999999999999, 45.0, 45.0, -59.99999999999999, 45.0, 45.0, -59.99999999999999, 59.99999999999999, 59.99999999999999, 75.0, 59.99999999999999, -59.99999999999999, 75.0, 29.999999999999996, 59.99999999999999, -75.0, 90.0, -75.0, 105.00000000000001, 180.0, -90.0, 119.99999999999999]",3.6426839089115957,63.09520229286408,-191.10787516695962,-254.8105002226128,41.470220047922375,0.0,205.75730308126114,-19.95337176673984,-15.601812681706377,0.0,-9.371226316372047,0.0,0.0,0.0,0.0,0.958558159413554,0.7546263696320523,1.0,39.69713337678872,26.41192293712183,57.37365587028621,77.93112339918133,6.353543661321622,5.6339912090182,6.627244565993252,27.29861068725586,8.756583213806152,False,
1513_MSP-1,/home/raubenb/gitrepos/QTF/2MU7.pdb,1513_MSP-1_ff-amber_chi-selective_hb-0.75_sasa-0.7_vdwr-0.1_vdwa-0.1,GYSLFQKEKMVLNEGTSGTA,amber,selective,0.75,0.7,0.1,0.1,120,78.22640568322917,20,"[-119.99999999999999, 75.0, -165.0, 135.0, -59.99999999999999, 180.0, -29.999999999999996, -14.999999999999998, 180.0, -165.0, 150.0, 180.0, 75.0, 59.99999999999999, 180.0, 59.99999999999999, 90.0, 59.99999999999999, 180.0, -90.0, -59.99999999999999, -59.99999999999999, -59.99999999999999, -59.99999999999999, 180.0, -59.99999999999999, 75.0, -59.99999999999999, 75.0, 45.0, -59.99999999999999, -59.99999999999999, -29.999999999999996, -59.99999999999999, -75.0, 105.00000000000001, 59.99999999999999, 45.0, 45.0, -59.99999999999999, 45.0, 45.0, -59.99999999999999, 59.99999999999999, 59.99999999999999, 75.0, 59.99999999999999, -59.99999999999999, 75.0, 29.999999999999996, 59.99999999999999, -75.0, 90.0, -75.0, 105.00000000000001, 180.0, -75.0, 105.00000000000001]",3.6426839089115957,63.250809488911706,-191.10787516695962,-254.8105002226128,41.470220047922375,0.0,204.8853589295831,-19.95398399299279,-15.601812681706377,0.0,-8.358994850440826,0.0,0.0,0.0,0.0,0.9584559543586788,0.7533485806403144,1.0,39.658763915583165,26.367200322411005,57.33519997948554,78.22640568322917,6.353543661321622,5.6339912090182,6.627244565993252,27.29861068725586,8.756583213806152,False,
1513_MSP-1,/home/raubenb/gitrepos/QTF/2MU7.pdb,1513_MSP-1_ff-amber_chi-selective_hb-0.75_sasa-0.7_vdwr-0.1_vdwa-0.1,GYSLFQKEKMVLNEGTSGTA,amber,selective,0.75,0.7,0.1,0.1,121,78.73489067431697,20,"[-119.99999999999999, 75.0, -165.0, 135.0, -59.99999999999999, 180.0, -29.999999999999996, -14.999999999999998, 180.0, -165.0, 150.0, 180.0, 75.0, 59.99999999999999, 180.0, 59.99999999999999, 90.0, 59.99999999999999, 180.0, -90.0, -59.99999999999999, -59.99999999999999, -59.99999999999999, -59.99999999999999, 180.0, -59.99999999999999, 75.0, -59.99999999999999, 75.0, 45.0, -59.99999999999999, -59.99999999999999, -29.999999999999996, -59.99999999999999, -75.0, 105.00000000000001, 59.99999999999999, 45.0, 45.0, -59.99999999999999, 45.0, 45.0, -59.99999999999999, 59.99999999999999, 59.99999999999999, 75.0, 59.99999999999999, -59.99999999999999, 75.0, 29.999999999999996, 59.99999999999999, -90.0, 119.99999999999999, -119.99999999999999, 135.0, -59.99999999999999, -150.0, 150.0]",12.341696958651564,68.6322014264253,-193.73022646669455,-258.3069686222594,41.411354913878846,0.0,201.3563639129158,-19.932152550051033,-15.601812681706363,0.0,-15.742534839102621,0.0,0.0,0.0,0.0,0.9549213783734483,0.7539679065308158,1.0,39.38145444753352,26.388876728578552,57.55693852259219,78.73489067431697,7.071094965853533,5.626855771704684,6.76268709458999,27.29861068725586,8.756583213806152,False,
1513_MSP-1,/home/raubenb/gitrepos/QTF/2MU7.pdb,1513_MSP-1_ff-amber_chi-selective_hb-0.75_sasa-0.7_vdwr-0.1_vdwa-0.1,GYSLFQKEKMVLNEGTSGTA,amber,selective,0.75,0.7,0.1,0.1,122,78.80354586887748,20,"[-119.99999999999999, 75.0, -165.0, 135.0, -59.99999999999999, 180.0, -29.999999999999996, -14.999999999999998, 180.0, -165.0, 150.0, 180.0, 75.0, 59.99999999999999, 180.0, 59.99999999999999, 90.0, 59.99999999999999, 180.0, -90.0, -59.99999999999999, -59.99999999999999, -59.99999999999999, -59.99999999999999, 180.0, -59.99999999999999, 75.0, -59.99999999999999, 75.0, 45.0, -59.99999999999999, -59.99999999999999, -29.999999999999996, -59.99999999999999, -75.0, 105.00000000000001, 59.99999999999999, 45.0, 45.0, -59.99999999999999, 45.0, 45.0, -59.99999999999999, 59.99999999999999, 59.99999999999999, 75.0, 59.99999999999999, -59.99999999999999, 75.0, 29.999999999999996, 59.99999999999999, -75.0, 90.0, -45.0, -59.99999999999999, -59.99999999999999, -150.0, 150.0]",5.848405064229501,80.29436443216646,-191.10787516695962,-254.8105002226128,41.77580650876701,0.0,192.63268363874775,-19.675598113382232,-15.601812681706363,0.0,-15.362427812985025,0.0,0.0,0.0,0.0,0.9472615011939794,0.7038283110496327,1.0,38.775229712530994,24.633990886737145,56.64529571811751,78.80354586887748,6.581517920723416,5.641577871699927,6.588365570667601,27.29861068725586,8.756583213806152,False,
1513_MSP-1,/home/raubenb/gitrepos/QTF/2MU7.pdb,1513_MSP-1_ff-amber_chi-selective_hb-0.75_sasa-0.7_vdwr-0.1_vdwa-0.1,GYSLFQKEKMVLNEGTSGTA,amber,selective,0.75,0.7,0.1,0.1,123,79.20021736942817,20,"[-119.99999999999999, 75.0, -165.0, 135.0, -59.99999999999999, 180.0, -29.999999999999996, -14.999999999999998, 180.0, -165.0, 150.0, 180.0, 75.0, 59.99999999999999, 180.0, 59.99999999999999, 90.0, 59.99999999999999, 180.0, -90.0, -59.99999999999999, -59.99999999999999, -59.99999999999999, -59.99999999999999, 180.0, -59.99999999999999, 75.0, -59.99999999999999, 75.0, 45.0, -59.99999999999999, -59.99999999999999, -29.999999999999996, -59.99999999999999, -75.0, 105.00000000000001, 59.99999999999999, 45.0, 45.0, -59.99999999999999, 45.0, 45.0, -59.99999999999999, 59.99999999999999, 59.99999999999999, 75.0, 59.99999999999999, -59.99999999999999, 75.0, 29.999999999999996, 59.99999999999999, -90.0, 119.99999999999999, -119.99999999999999, 135.0, -59.99999999999999, -150.0, 165.0]",12.341696958651564,68.6322014264253,-193.73022646669455,-258.3069686222594,41.411354913878846,0.0,201.3563639129158,-19.932152550051033,-15.601812681706363,0.0,-15.277208143991409,0.0,0.0,0.0,0.0,0.9549213783734483,0.7539679065308158,1.0,39.38145444753352,26.388876728578552,57.55693852259219,79.20021736942817,7.071094965853533,5.626855771704684,6.76268709458999,27.29861068725586,8.756583213806152,False,
1513_MSP-1,/home/raubenb/gitrepos/QTF/2MU7.pdb,1513_MSP-1_ff-amber_chi-selective_hb-0.75_sasa-0.7_vdwr-0.1_vdwa-0.1,GYSLFQKEKMVLNEGTSGTA,amber,selective,0.75,0.7,0.1,0.1,124,79.2688725639887,20,"[-119.99999999999999, 75.0, -165.0, 135.0, -59.99999999999999, 180.0, -29.999999999999996, -14.999999999999998, 180.0, -165.0, 150.0, 180.0, 75.0, 59.99999999999999, 180.0, 59.99999999999999, 90.0, 59.99999999999999, 180.0, -90.0, -59.99999999999999, -59.99999999999999, -59.99999999999999, -59.99999999999999, 180.0, -59.99999999999999, 75.0, -59.99999999999999, 75.0, 45.0, -59.99999999999999, -59.99999999999999, -29.999999999999996, -59.99999999999999, -75.0, 105.00000000000001, 59.99999999999999, 45.0, 45.0, -59.99999999999999, 45.0, 45.0, -59.99999999999999, 59.99999999999999, 59.99999999999999, 75.0, 59.99999999999999, -59.99999999999999, 75.0, 29.999999999999996, 59.99999999999999, -75.0, 90.0, -45.0, -59.99999999999999, -59.99999999999999, -150.0, 165.0]",5.848405064229501,80.29436443216646,-191.10787516695962,-254.8105002226128,41.77580650876701,0.0,192.63268363874775,-19.675598113382232,-15.601812681706363,0.0,-14.897101117873815,0.0,0.0,0.0,0.0,0.9472615011939794,0.7038283110496327,1.0,38.775229712530994,24.633990886737145,56.64529571811751,79.2688725639887,6.581517920723416,5.641577871699927,6.588365570667601,27.29861068725586,8.756583213806152,False,
1513_MSP-1,/home/raubenb/gitrepos/QTF/2MU7.pdb,1513_MSP-1_ff-amber_chi-selective_hb-0.75_sasa-0.7_vdwr-0.1_vdwa-0.1,GYSLFQKEKMVLNEGTSGTA,amber,selective,0.75,0.7,0.1,0.1,125,79.40022967934148,20,"[-59.99999999999999, -45.0, -59.99999999999999, 145.0, -59.99999999999999, 180.0, -29.999999999999996, -14.999999999999998, 180.0, -165.0, 150.0, 180.0, 75.0, 59.99999999999999, 180.0, 59.99999999999999, -75.0, 175.0, 180.0, 75.0, 29.999999999999996, -59.99999999999999, 59.99999999999999, 75.0, 180.0, -150.0, 119.99999999999999, 180.0, 75.0, 45.0, -59.99999999999999, 59.99999999999999, 75.0, -59.99999999999999, -59.99999999999999, -29.999999999999996, -59.99999999999999, 75.0, 59.99999999999999, 59.99999999999999, 29.999999999999996, 59.99999999999999, 180.0, 59.99999999999999, 59.99999999999999, -29.999999999999996, -59.99999999999999, -59.99999999999999, -75.0, -14.999999999999998, 180.0, 75.0, 14.999999999999998, -119.99999999999999, 135.0, -59.99999999999999, -150.0, 150.0]",0.004434601455179011,36.85288034695438,-116.82280119906113,-155.76373493208152,47.840074904472345,0.0,165.96055426041914,-18.288837017766504,-15.601812681706363,0.0,-20.54426353542559,0.0,0.0,0.0,0.0,0.9757944956670251,0.6909331086474264,1.0,46.99760850445233,24.182658802659923,70.92357912981694,79.40022967934148,5.470218792988937,5.905650805102226,7.418111195021848,27.29861068725586,8.756583213806152,False,
1513_MSP-1,/home/raubenb/gitrepos/QTF/2MU7.pdb,1513_MSP-1_ff-amber_chi-selective_hb-0.75_sasa-0.7_vdwr-0.1_vdwa-0.1,GYSLFQKEKMVLNEGTSGTA,amber,selective,0.75,0.7,0.1,0.1,126,79.42063291447573,20,"[-119.99999999999999, 75.0, -165.0, 135.0, -59.99999999999999, 180.0, -29.999999999999996, -14.999999999999998, 180.0, -165.0, 150.0, 180.0, 75.0, 59.99999999999999, 180.0, 59.99999999999999, 90.0, 59.99999999999999, 180.0, -90.0, -59.99999999999999, -59.99999999999999, -59.99999999999999, -59.99999999999999, 180.0, -59.99999999999999, 75.0, -59.99999999999999, 75.0, 45.0, -59.99999999999999, -59.99999999999999, -29.999999999999996, -59.99999999999999, -75.0, 105.00000000000001, 59.99999999999999, 45.0, 45.0, -59.99999999999999, 45.0, 45.0, -59.99999999999999, 59.99999999999999, 59.99999999999999, 75.0, 59.99999999999999, -59.99999999999999, 75.0, 29.999999999999996, 59.99999999999999, -59.99999999999999, 145.0, 29.999999999999996, 14.999999999999998, -59.99999999999999, -29.999999999999996, -75.0]",13.84896024169809,71.92625681920012,-191.10787516695962,-254.8105002226128,40.345825558216944,0.0,192.17637885727004,-20.02549326705147,-15.601812681706363,0.0,-12.141607446192008,0.0,0.0,0.0,0.0,0.9527577951926436,0.7471147206037534,1.0,38.96596163919947,26.149015221131368,57.11869747004651,79.42063291447573,7.164269223515119,5.7077335726565614,6.175521037564036,27.29861068725586,8.756583213806152,False,
1513_MSP-1,/home/raubenb/gitrepos/QTF/2MU7.pdb,1513_MSP-1_ff-amber_chi-selective_hb-0.75_sasa-0.7_vdwr-0.1_vdwa-0.1,GYSLFQKEKMVLNEGTSGTA,amber,selective,0.75,0.7,0.1,0.1,127,79.47921862018349,20,"[-119.99999999999999, 75.0, -165.0, 135.0, -59.99999999999999, 180.0, -29.999999999999996, -14.999999999999998, 180.0, -165.0, 150.0, 180.0, 75.0, 59.99999999999999, 180.0, 59.99999999999999, 90.0, 59.99999999999999, 180.0, -90.0, -59.99999999999999, -59.99999999999999, -59.99999999999999, -59.99999999999999, 180.0, -59.99999999999999, 75.0, -59.99999999999999, 75.0, 45.0, -59.99999999999999, -59.99999999999999, -29.999999999999996, -59.99999999999999, -75.0, 105.00000000000001, 59.99999999999999, 45.0, 45.0, -59.99999999999999, 45.0, 45.0, -59.99999999999999, 59.99999999999999, 59.99999999999999, 75.0, 59.99999999999999, -59.99999999999999, 75.0, 29.999999999999996, 59.99999999999999, -59.99999999999999, 115.0, -45.0, -59.99999999999999, -59.99999999999999, -29.999999999999996, -75.0]",0.9931333080043578,63.10491922371953,-191.10787516695962,-254.8105002226128,41.26207490768497,0.0,215.2184916254389,-19.804273575110354,-15.601812681706363,0.0,-14.585439020887915,0.0,0.0,0.0,0.0,0.9585517771929593,0.7514237288901193,1.0,39.63819973305893,26.299830511154177,57.57688242639497,79.47921862018349,5.94567551155619,5.6479277039107805,6.582805832369884,27.29861068725586,8.756583213806152,False,
1513_MSP-1,/home/raubenb/gitrepos/QTF/2MU7.pdb,1513_MSP-1_ff-amber_chi-selective_hb-0.75_sasa-0.7_vdwr-0.1_vdwa-0.1,GYSLFQKEKMVLNEGTSGTA,amber,selective,0.75,0.7,0.1,0.1,128,79.4801326381372,20,"[-119.99999999999999, 75.0, -165.0, 135.0, -59.99999999999999, 180.0, -29.999999999999996, -14.999999999999998, 180.0, -165.0, 150.0, 180.0, 75.0, 59.99999999999999, 180.0, 59.99999999999999, 90.0, 59.99999999999999, 180.0, -90.0, -59.99999999999999, -59.99999999999999, -59.99999999999999, -59.99999999999999, 180.0, -59.99999999999999, 75.0, -59.99999999999999, 75.0, 45.0, -59.99999999999999, -59.99999999999999, -29.999999999999996, -59.99999999999999, -75.0, 105.00000000000001, 59.99999999999999, 45.0, 45.0, -59.99999999999999, 45.0, 45.0, -59.99999999999999, 59.99999999999999, 59.99999999999999, 75.0, 59.99999999999999, -59.99999999999999, 75.0, 29.999999999999996, 59.99999999999999, -75.0, 90.0, -75.0, 105.00000000000001, 180.0, -150.0, 150.0]",3.6426839089115957,62.56282998743808,-191.10787516695962,-254.8105002226128,41.470220047922375,0.0,210.31252742008374,-20.137377827336863,-15.601812681706377,0.0,-11.661063050215727,0.0,0.0,0.0,0.0,0.9589078292364939,0.7571560547776034,1.0,39.528333808309256,26.500461917216118,57.577564553108004,79.4801326381372,6.353543661321622,5.6339912090182,6.627244565993252,27.29861068725586,8.756583213806152,False,
1513_MSP-1,/home/raubenb/gitrepos/QTF/2MU7.pdb,1513_MSP-1_ff-amber_chi-selective_hb-0.75_sasa-0.7_vdwr-0.1_vdwa-0.1,GYSLFQKEKMVLNEGTSGTA,amber,selective,0.75,0.7,0.1,0.1,129,79.57205340154034,20,"[-119.99999999999999, 75.0, -165.0, 135.0, -59.99999999999999, 180.0, -29.999999999999996, -14.999999999999998, 180.0, -165.0, 150.0, 180.0, 75.0, 59.99999999999999, 180.0, 59.99999999999999, 90.0, 59.99999999999999, 180.0, -90.0, -59.99999999999999, -59.99999999999999, -59.99999999999999, -59.99999999999999, 180.0, -59.99999999999999, 75.0, -59.99999999999999, 75.0, 45.0, -59.99999999999999, -59.99999999999999, -29.999999999999996, -59.99999999999999, -75.0, 105.00000000000001, 59.99999999999999, 45.0, 45.0, -59.99999999999999, 45.0, 45.0, -59.99999999999999, 59.99999999999999, 59.99999999999999, 75.0, 59.99999999999999, -59.99999999999999, 75.0, 29.999999999999996, 59.99999999999999, -90.0, 119.99999999999999, -119.99999999999999, 135.0, -59.99999999999999, -90.0, 119.99999999999999]",12.341696958651564,63.385450977523945,-193.73022646669455,-258.3069686222594,41.411354913878846,0.0,204.97706968505815,-19.758781879912306,-15.601812681706363,0.0,-13.452698105258941,0.0,0.0,0.0,0.0,0.9583675198833996,0.752502997724538,1.0,39.45443641038006,26.337604920358828,57.49666314621432,79.57205340154034,7.071094965853533,5.626855771704684,6.76268709458999,27.29861068725586,8.756583213806152,False,
1513_MSP-1,/home/raubenb/gitrepos/QTF/2MU7.pdb,1513_MSP-1_ff-amber_chi-selective_hb-0.75_sasa-0.7_vdwr-0.1_vdwa-0.1,GYSLFQKEKMVLNEGTSGTA,amber,selective,0.75,0.7,0.1,0.1,130,79.58993160262655,20,"[-119.99999999999999, 75.0, -165.0, 135.0, -59.99999999999999, 180.0, -29.999999999999996, -14.999999999999998, 180.0, -165.0, 150.0, 180.0, 75.0, 59.99999999999999, 180.0, 59.99999999999999, 90.0, 59.99999999999999, 180.0, -90.0, -59.99999999999999, -59.99999999999999, -59.99999999999999, -59.99999999999999, 180.0, -59.99999999999999, 75.0, -59.99999999999999, 75.0, 45.0, -59.99999999999999, -59.99999999999999, -29.999999999999996, -59.99999999999999, -75.0, 105.00000000000001, 59.99999999999999, 45.0, 45.0, -59.99999999999999, 45.0, 45.0, -59.99999999999999, 59.99999999999999, 59.99999999999999, 75.0, 59.99999999999999, -59.99999999999999, 75.0, 29.999999999999996, 59.99999999999999, -90.0, 119.99999999999999, -119.99999999999999, 135.0, -59.99999999999999, -75.0, 119.99999999999999]",12.341696958651564,64.208577543871,-193.73022646669455,-258.3069686222594,41.411354913878846,0.0,203.90985152653147,-19.736413231245866,-15.601812681706363,0.0,-13.213096960659572,0.0,0.0,0.0,0.0,0.9578268784605117,0.7520675383239674,1.0,39.41891995695041,26.32236384133886,57.48784226581419,79.58993160262655,7.071094965853533,5.626855771704684,6.76268709458999,27.29861068725586,8.756583213806152,False,
1513_MSP-1,/home/raubenb/gitrepos/QTF/2MU7.pdb,1513_MSP-1_ff-amber_chi-selective_hb-0.75_sasa-0.7_vdwr-0.1_vdwa-0.1,GYSLFQKEKMVLNEGTSGTA,amber,selective,0.75,0.7,0.1,0.1,131,79.75907227799934,20,"[-59.99999999999999, -45.0, -59.99999999999999, 145.0, -59.99999999999999, 180.0, -29.999999999999996, -14.999999999999998, 180.0, -165.0, 150.0, 180.0, 75.0, 59.99999999999999, 180.0, 59.99999999999999, -75.0, 175.0, 180.0, 75.0, 29.999999999999996, -59.99999999999999, 59.99999999999999, 75.0, 180.0, -150.0, 119.99999999999999, 180.0, 75.0, 45.0, -59.99999999999999, 59.99999999999999, 75.0, -59.99999999999999, -59.99999999999999, -29.999999999999996, -59.99999999999999, 75.0, 59.99999999999999, 59.99999999999999, 29.999999999999996, 59.99999999999999, 180.0, 59.99999999999999, 59.99999999999999, -45.0, -75.0, -59.99999999999999, -59.99999999999999, -45.0, 59.99999999999999, -135.0, 150.0, -45.0, -59.99999999999999, -59.99999999999999, -29.999999999999996, -75.0]",0.07099501291704975,37.38498123828858,-115.11509656732754,-153.4867954231034,44.895046233633735,0.0,170.9921987056203,-19.50530814362198,-15.601812681706363,0.0,-23.36193151980443,0.0,0.0,0.0,0.0,0.9754450041127825,0.6531056309654929,1.0,47.468595128963855,22.85869708379225,72.33267711095824,79.75907227799934,5.619159567737593,5.811073849291166,7.186748615556402,27.29861068725586,8.756583213806152,False,
1513_MSP-1,/home/raubenb/gitrepos/QTF/2MU7.pdb,1513_MSP-1_ff-amber_chi-selective_hb-0.75_sasa-0.7_vdwr-0.1_vdwa-0.1,GYSLFQKEKMVLNEGTSGTA,amber,selective,0.75,0.7,0.1,0.1,132,79.81539566544771,20,"[-59.99999999999999, 90.0, -165.0, 135.0, -59.99999999999999, 180.0, -29.999999999999996, -14.999999999999998, 180.0, -165.0, 150.0, 180.0, 75.0, 59.99999999999999, 180.0, 59.99999999999999, 90.0, 59.99999999999999, 180.0, -90.0, -59.99999999999999, -59.99999999999999, -45.0, -59.99999999999999, 180.0, -59.99999999999999, 75.0, -59.99999999999999, 75.0, 45.0, -59.99999999999999, -29.999999999999996, -14.999999999999998, -59.99999999999999, -75.0, 105.00000000000001, 59.99999999999999, -75.0, 105.00000000000001, 180.0, 45.0, 45.0, -59.99999999999999, 59.99999999999999, 59.99999999999999, -165.0, 105.00000000000001, 180.0, 75.0, 29.999999999999996, 59.99999999999999, -59.99999999999999, 115.0, -135.0, 119.99999999999999, 59.99999999999999, -150.0, 150.0]",44.235385115868915,50.46145984012941,-244.18161445992592,-325.5754859465679,54.35845593480074,0.0,219.47742764303658,-20.985257030314003,-12.60227726513737,0.0,-10.948184113010633,0.0,0.0,0.0,0.0,0.9668561840130513,0.7489762290918007,1.0,41.60039647845658,26.214168018213027,63.23243763942759,79.81539566544771,8.474403641601755,5.698310046101648,7.254172610672216,27.29861068725586,8.756583213806152,False,
1513_MSP-1,/home/raubenb/gitrepos/QTF/2MU7.pdb,1513_MSP-1_ff-amber_chi-selective_hb-0.75_sasa-0.7_vdwr-0.1_vdwa-0.1,GYSLFQKEKMVLNEGTSGTA,amber,selective,0.75,0.7,0.1,0.1,133,79.8655563744527,20,"[-59.99999999999999, -45.0, -59.99999999999999, 145.0, -59.99999999999999, 180.0, -29.999999999999996, -14.999999999999998, 180.0, -165.0, 150.0, 180.0, 75.0, 59.99999999999999, 180.0, 59.99999999999999, -75.0, 175.0, 180.0, 75.0, 29.999999999999996, -59.99999999999999, 59.99999999999999, 75.0, 180.0, -150.0, 119.99999999999999, 180.0, 75.0, 45.0, -59.99999999999999, 59.99999999999999, 75.0, -59.99999999999999, -59.99999999999999, -29.999999999999996, -59.99999999999999, 75.0, 59.99999999999999, 59.99999999999999, 29.999999999999996, 59.99999999999999, 180.0, 59.99999999999999, 59.99999999999999, -29.999999999999996, -59.99999999999999, -59.99999999999999, -75.0, -14.999999999999998, 180.0, 75.0, 14.999999999999998, -119.99999999999999, 135.0, -59.99999999999999, -150.0, 165.0]",0.004434601455179011,36.85288034695438,-116.82280119906113,-155.76373493208152,47.840074904472345,0.0,165.96055426041914,-18.288837017766504,-15.601812681706363,0.0,-20.078936840314377,0.0,0.0,0.0,0.0,0.9757944956670251,0.6909331086474264,1.0,46.99760850445233,24.182658802659923,70.92357912981694,79.8655563744527,5.470218792988937,5.905650805102226,7.418111195021848,27.29861068725586,8.756583213806152,False,
1513_MSP-1,/home/raubenb/gitrepos/QTF/2MU7.pdb,1513_MSP-1_ff-amber_chi-selective_hb-0.75_sasa-0.7_vdwr-0.1_vdwa-0.1,GYSLFQKEKMVLNEGTSGTA,amber,selective,0.75,0.7,0.1,0.1,134,79.94545933324842,20,"[-119.99999999999999, 75.0, -165.0, 135.0, -59.99999999999999, 180.0, -29.999999999999996, -14.999999999999998, 180.0, -165.0, 150.0, 180.0, 75.0, 59.99999999999999, 180.0, 59.99999999999999, 90.0, 59.99999999999999, 180.0, -90.0, -59.99999999999999, -59.99999999999999, -59.99999999999999, -59.99999999999999, 180.0, -59.99999999999999, 75.0, -59.99999999999999, 75.0, 45.0, -59.99999999999999, -59.99999999999999, -29.999999999999996, -59.99999999999999, -75.0, 105.00000000000001, 59.99999999999999, 45.0, 45.0, -59.99999999999999, 45.0, 45.0, -59.99999999999999, 59.99999999999999, 59.99999999999999, 75.0, 59.99999999999999, -59.99999999999999, 75.0, 29.999999999999996, 59.99999999999999, -75.0, 90.0, -75.0, 105.00000000000001, 180.0, -150.0, 165.0]",3.6426839089115957,62.56282998743808,-191.10787516695962,-254.8105002226128,41.470220047922375,0.0,210.31252742008374,-20.137377827336863,-15.601812681706377,0.0,-11.195736355104515,0.0,0.0,0.0,0.0,0.9589078292364939,0.7571560547776034,1.0,39.528333808309256,26.500461917216118,57.577564553108004,79.94545933324842,6.353543661321622,5.6339912090182,6.627244565993252,27.29861068725586,8.756583213806152,False,
1513_MSP-1,/home/raubenb/gitrepos/QTF/2MU7.pdb,1513_MSP-1_ff-amber_chi-selective_hb-0.75_sasa-0.7_vdwr-0.1_vdwa-0.1,GYSLFQKEKMVLNEGTSGTA,amber,selective,0.75,0.7,0.1,0.1,135,80.05812713420269,20,"[-59.99999999999999, 90.0, -165.0, 135.0, -59.99999999999999, 180.0, -29.999999999999996, -14.999999999999998, 180.0, -165.0, 150.0, 180.0, 75.0, 59.99999999999999, 180.0, 59.99999999999999, 90.0, 59.99999999999999, 180.0, -90.0, -59.99999999999999, -59.99999999999999, -45.0, -59.99999999999999, 180.0, -59.99999999999999, 75.0, -59.99999999999999, 75.0, 45.0, -59.99999999999999, -29.999999999999996, -14.999999999999998, -59.99999999999999, -75.0, 105.00000000000001, 59.99999999999999, -75.0, 105.00000000000001, 180.0, 45.0, 45.0, -59.99999999999999, 59.99999999999999, 59.99999999999999, -165.0, 105.00000000000001, 180.0, 75.0, 29.999999999999996, 59.99999999999999, -135.0, 150.0, -45.0, -45.0, 180.0, -29.999999999999996, -75.0]",54.159954778252825,50.83007886519453,-210.646458948392,-280.86194526452266,53.06768742742534,0.0,182.57666064995686,-20.04765364024059,-15.601812681706392,0.0,-14.280329316287908,0.0,0.0,0.0,0.0,0.9666140697108738,0.7487686375996074,1.0,41.71543187466222,26.20690231598626,61.32171097475179,80.05812713420269,8.79119901489572,5.8381339137009345,6.716565264115199,27.29861068725586,8.756583213806152,False,
1513_MSP-1,/home/raubenb/gitrepos/QTF/2MU7.pdb,1513_MSP-1_ff-amber_chi-selective_hb-0.75_sasa-0.7_vdwr-0.1_vdwa-0.1,GYSLFQKEKMVLNEGTSGTA,amber,selective,0.75,0.7,0.1,0.1,136,80.1499547284771,20,"[-119.99999999999999, 75.0, -165.0, 135.0, -59.99999999999999, 180.0, -29.999999999999996, -14.999999999999998, 180.0, -165.0, 150.0, 180.0, 75.0, 59.99999999999999, 180.0, 59.99999999999999, 90.0, 59.99999999999999, 180.0, -90.0, -59.99999999999999, -59.99999999999999, -59.99999999999999, -59.99999999999999, 180.0, -59.99999999999999, 75.0, -59.99999999999999, 75.0, 45.0, -59.99999999999999, -59.99999999999999, -29.999999999999996, -59.99999999999999, -75.0, 105.00000000000001, 59.99999999999999, 45.0, 45.0, -59.99999999999999, 45.0, 45.0, -59.99999999999999, 59.99999999999999, 59.99999999999999, 75.0, 59.99999999999999, -59.99999999999999, 75.0, 29.999999999999996, 59.99999999999999, -59.99999999999999, 145.0, -119.99999999999999, 135.0, -59.99999999999999, -29.999999999999996, -75.0]",16.23468495439439,80.29323963789868,-191.10787516695962,-254.8105002226128,41.2036801382364,0.0,182.49458488047262,-19.23017916239861,-15.601812681706363,0.0,-14.136367871460386,0.0,0.0,0.0,0.0,0.9472622399751077,0.7093364307514125,1.0,38.64296092706818,24.826775076299437,55.99350714204229,80.1499547284771,7.30192591159539,5.703078854220821,6.6744823973392915,27.29861068725586,8.756583213806152,False,
1513_MSP-1,/home/raubenb/gitrepos/QTF/2MU7.pdb,1513_MSP-1_ff-amber_chi-selective_hb-0.75_sasa-0.7_vdwr-0.1_vdwa-0.1,GYSLFQKEKMVLNEGTSGTA,amber,selective,0.75,0.7,0.1,0.1,137,80.28072236055891,20,"[-59.99999999999999, 90.0, -165.0, 135.0, -59.99999999999999, 180.0, -29.999999999999996, -14.999999999999998, 180.0, -165.0, 150.0, 180.0, 75.0, 59.99999999999999, 180.0, 59.99999999999999, 90.0, 59.99999999999999, 180.0, -90.0, -59.99999999999999, -59.99999999999999, -45.0, -59.99999999999999, 180.0, -59.99999999999999, 75.0, -59.99999999999999, 75.0, 45.0, -59.99999999999999, -29.999999999999996, -14.999999999999998, -59.99999999999999, -75.0, 105.00000000000001, 59.99999999999999, -75.0, 105.00000000000001, 180.0, 45.0, 45.0, -59.99999999999999, 59.99999999999999, 59.99999999999999, -165.0, 105.00000000000001, 180.0, 75.0, 29.999999999999996, 59.99999999999999, -59.99999999999999, 115.0, -135.0, 119.99999999999999, 59.99999999999999, -150.0, 165.0]",44.235385115868915,50.46145984012941,-244.18161445992592,-325.5754859465679,54.35845593480074,0.0,219.47742764303658,-20.985257030314003,-12.60227726513737,0.0,-10.482857417899423,0.0,0.0,0.0,0.0,0.9668561840130513,0.7489762290918007,1.0,41.60039647845658,26.214168018213027,63.23243763942759,80.28072236055891,8.474403641601755,5.698310046101648,7.254172610672216,27.29861068725586,8.756583213806152,False,
1513_MSP-1,/home/raubenb/gitrepos/QTF/2MU7.pdb,1513_MSP-1_ff-amber_chi-selective_hb-0.75_sasa-0.7_vdwr-0.1_vdwa-0.1,GYSLFQKEKMVLNEGTSGTA,amber,selective,0.75,0.7,0.1,0.1,138,80.3625619239584,20,"[-119.99999999999999, 75.0, -165.0, 135.0, -59.99999999999999, 180.0, -29.999999999999996, -14.999999999999998, 180.0, -165.0, 150.0, 180.0, 75.0, 59.99999999999999, 180.0, 59.99999999999999, 90.0, 59.99999999999999, 180.0, -90.0, -59.99999999999999, -59.99999999999999, -59.99999999999999, -59.99999999999999, 180.0, -59.99999999999999, 75.0, -59.99999999999999, 75.0, 45.0, -59.99999999999999, -59.99999999999999, -29.999999999999996, -59.99999999999999, -75.0, 105.00000000000001, 59.99999999999999, 45.0, 45.0, -59.99999999999999, 45.0, 45.0, -59.99999999999999, 59.99999999999999, 59.99999999999999, 75.0, 59.99999999999999, -59.99999999999999, 75.0, 29.999999999999996, 59.99999999999999, -90.0, 119.99999999999999, -119.99999999999999, 135.0, -59.99999999999999, -75.0, 105.00000000000001]",12.341696958651564,64.208577543871,-193.73022646669455,-258.3069686222594,41.411354913878846,0.0,203.90985152653147,-19.736413231245866,-15.601812681706363,0.0,-12.44046663932772,0.0,0.0,0.0,0.0,0.9578268784605117,0.7520675383239674,1.0,39.41891995695041,26.32236384133886,57.48784226581419,80.3625619239584,7.071094965853533,5.626855771704684,6.76268709458999,27.29861068725586,8.756583213806152,False,
1513_MSP-1,/home/raubenb/gitrepos/QTF/2MU7.pdb,1513_MSP-1_ff-amber_chi-selective_hb-0.75_sasa-0.7_vdwr-0.1_vdwa-0.1,GYSLFQKEKMVLNEGTSGTA,amber,selective,0.75,0.7,0.1,0.1,139,80.40236076608446,20,"[-119.99999999999999, 75.0, -165.0, 135.0, -59.99999999999999, 180.0, -29.999999999999996, -14.999999999999998, 180.0, -165.0, 150.0, 180.0, 75.0, 59.99999999999999, 180.0, 59.99999999999999, 90.0, 59.99999999999999, 180.0, -90.0, -59.99999999999999, -59.99999999999999, -59.99999999999999, -59.99999999999999, 180.0, -59.99999999999999, 75.0, -59.99999999999999, 75.0, 45.0, -59.99999999999999, -59.99999999999999, -29.999999999999996, -59.99999999999999, -75.0, 105.00000000000001, 59.99999999999999, 45.0, 45.0, -59.99999999999999, 45.0, 45.0, -59.99999999999999, 59.99999999999999, 59.99999999999999, 75.0, 59.99999999999999, -59.99999999999999, 75.0, 29.999999999999996, 59.99999999999999, -90.0, 119.99999999999999, -119.99999999999999, 135.0, -59.99999999999999, -29.999999999999996, -75.0]",12.341696958651564,70.29326563614518,-193.73022646669455,-258.3069686222594,41.411354913878846,0.0,200.4083828857362,-19.73872467692697,-15.601812681706363,0.0,-14.981575802999437,0.0,0.0,0.0,0.0,0.9538303673982627,0.7518466716202602,1.0,39.23812837881307,26.314633506709107,57.43175286791912,80.40236076608446,7.071094965853533,5.626855771704684,6.76268709458999,27.29861068725586,8.756583213806152,False,
1513_MSP-1,/home/raubenb/gitrepos/QTF/2MU7.pdb,1513_MSP-1_ff-amber_chi-selective_hb-0.75_sasa-0.7_vdwr-0.1_vdwa-0.1,GYSLFQKEKMVLNEGTSGTA,amber,selective,0.75,0.7,0.1,0.1,140,80.58512647820345,20,"[-119.99999999999999, 75.0, -165.0, 135.0, -59.99999999999999, 180.0, -29.999999999999996, -14.999999999999998, 180.0, -165.0, 150.0, 180.0, 75.0, 59.99999999999999, 180.0, 59.99999999999999, 90.0, 59.99999999999999, 180.0, -90.0, -59.99999999999999, -59.99999999999999, -59.99999999999999, -59.99999999999999, 180.0, -59.99999999999999, 75.0, -59.99999999999999, 75.0, 45.0, -59.99999999999999, -59.99999999999999, -29.999999999999996, -59.99999999999999, -75.0, 105.00000000000001, 59.99999999999999, 45.0, 45.0, -59.99999999999999, 45.0, 45.0, -59.99999999999999, 59.99999999999999, 59.99999999999999, 75.0, 59.99999999999999, -59.99999999999999, 75.0, 29.999999999999996, 59.99999999999999, -59.99999999999999, 145.0, 29.999999999999996, 14.999999999999998, -59.99999999999999, -105.00000000000001, 59.99999999999999]",13.84896024169809,64.2534385092201,-191.10787516695962,-254.8105002226128,40.345825558216944,0.0,195.16145914210406,-20.254119513839207,-15.601812681706363,0.0,-6.060749610530572,0.0,0.0,0.0,0.0,0.9577974131302331,0.7444002052360292,1.0,39.24131947285882,26.054007183261024,57.153643224273665,80.58512647820345,7.164269223515119,5.7077335726565614,6.175521037564036,27.29861068725586,8.756583213806152,False,
1513_MSP-1,/home/raubenb/gitrepos/QTF/2MU7.pdb,1513_MSP-1_ff-amber_chi-selective_hb-0.75_sasa-0.7_vdwr-0.1_vdwa-0.1,GYSLFQKEKMVLNEGTSGTA,amber,selective,0.75,0.7,0.1,0.1,141,81.13024164404928,20,"[-59.99999999999999, -45.0, -59.99999999999999, 145.0, -59.99999999999999, 180.0, -29.999999999999996, -14.999999999999998, 180.0, -165.0, 150.0, 180.0, 75.0, 59.99999999999999, 180.0, 59.99999999999999, -75.0, 175.0, 180.0, 75.0, 29.999999999999996, -59.99999999999999, 59.99999999999999, 75.0, 180.0, -150.0, 119.99999999999999, 180.0, 75.0, 45.0, -59.99999999999999, 59.99999999999999, 75.0, -59.99999999999999, -59.99999999999999, -29.999999999999996, -59.99999999999999, 75.0, 59.99999999999999, 59.99999999999999, 29.999999999999996, 59.99999999999999, 180.0, 59.99999999999999, 59.99999999999999, -29.999999999999996, -59.99999999999999, -59.99999999999999, -119.99999999999999, 119.99999999999999, 59.99999999999999, 75.0, 14.999999999999998, 29.999999999999996, 14.999999999999998, -59.99999999999999, -29.999999999999996, -75.0]",1.958939985478064,30.32381917426734,-115.24942187546861,-153.66589583395816,46.35428888836558,0.0,170.0969978653968,-19.014903565804175,-15.601812681706363,0.0,-17.73766614647934,0.0,0.0,0.0,0.0,0.9800828773896438,0.814092497045396,1.0,47.242051260140116,28.49323739658886,70.90706253965992,81.13024164404928,4.874070293806395,5.851107545533286,7.219792078697197,27.29861068725586,8.756583213806152,False,
1513_MSP-1,/home/raubenb/gitrepos/QTF/2MU7.pdb,1513_MSP-1_ff-amber_chi-selective_hb-0.75_sasa-0.7_vdwr-0.1_vdwa-0.1,GYSLFQKEKMVLNEGTSGTA,amber,selective,0.75,0.7,0.1,0.1,142,81.2811881085243,20,"[-119.99999999999999, 75.0, -165.0, 135.0, -59.99999999999999, 180.0, -29.999999999999996, -14.999999999999998, 180.0, -165.0, 150.0, 180.0, 75.0, 59.99999999999999, 180.0, 59.99999999999999, 90.0, 59.99999999999999, 180.0, -90.0, -59.99999999999999, -59.99999999999999, -59.99999999999999, -59.99999999999999, 180.0, -59.99999999999999, 75.0, -59.99999999999999, 75.0, 45.0, -59.99999999999999, -59.99999999999999, -29.999999999999996, -59.99999999999999, -75.0, 105.00000000000001, 59.99999999999999, 45.0, 45.0, -59.99999999999999, 45.0, 45.0, -59.99999999999999, 59.99999999999999, 59.99999999999999, 75.0, 59.99999999999999, -59.99999999999999, 75.0, 29.999999999999996, 59.99999999999999, -59.99999999999999, 115.0, 29.999999999999996, 14.999999999999998, -59.99999999999999, -105.00000000000001, 59.99999999999999]",1.0435118746210523,63.317221711830285,-191.10787516695962,-254.8105002226128,40.869359989805076,0.0,209.05010891540005,-20.272163988110798,-15.601812681706363,0.0,-6.01716254635538,0.0,0.0,0.0,0.0,0.9584123338510145,0.748047311212013,1.0,39.66471647723954,26.181655892420455,57.914845898496,81.2811881085243,5.956839550525357,5.663118147775915,6.211488000655372,27.29861068725586,8.756583213806152,False,
1513_MSP-1,/home/raubenb/gitrepos/QTF/2MU7.pdb,1513_MSP-1_ff-amber_chi-selective_hb-0.75_sasa-0.7_vdwr-0.1_vdwa-0.1,GYSLFQKEKMVLNEGTSGTA,amber,selective,0.75,0.7,0.1,0.1,143,81.3576576631144,20,"[-59.99999999999999, -45.0, -59.99999999999999, 145.0, -59.99999999999999, 180.0, -29.999999999999996, -14.999999999999998, 180.0, -165.0, 150.0, 180.0, 75.0, 59.99999999999999, 180.0, 59.99999999999999, -75.0, 175.0, 180.0, 75.0, 29.999999999999996, -59.99999999999999, 59.99999999999999, 75.0, 180.0, -150.0, 119.99999999999999, 180.0, 75.0, 45.0, -59.99999999999999, 59.99999999999999, 75.0, -59.99999999999999, -59.99999999999999, -29.999999999999996, -59.99999999999999, 75.0, 59.99999999999999, 59.99999999999999, 45.0, 45.0, -59.99999999999999, 59.99999999999999, 59.99999999999999, -29.999999999999996, -59.99999999999999, -59.99999999999999, -119.99999999999999, 119.99999999999999, 59.99999999999999, 75.0, 14.999999999999998, 29.999999999999996, 14.999999999999998, -59.99999999999999, -29.999999999999996, -75.0]",8.02218051218338,20.606718487041167,-112.89539536873147,-150.52719382497528,46.57690382402581,0.0,172.86894034973568,-20.47568512929498,-15.601812681706363,0.0,-17.744192330138837,0.0,0.0,0.0,0.0,0.9864652095323211,0.8151180561684002,1.0,47.968275932135306,28.529131965894006,73.12744934065849,81.3576576631144,4.233336626235417,5.627227759154144,7.48234304312949,27.29861068725586,8.756583213806152,False,
1513_MSP-1,/home/raubenb/gitrepos/QTF/2MU7.pdb,1513_MSP-1_ff-amber_chi-selective_hb-0.75_sasa-0.7_vdwr-0.1_vdwa-0.1,GYSLFQKEKMVLNEGTSGTA,amber,selective,0.75,0.7,0.1,0.1,144,81.4991277562857,20,"[-119.99999999999999, 75.0, -165.0, 135.0, -59.99999999999999, 180.0, -29.999999999999996, -14.999999999999998, 180.0, -165.0, 150.0, 180.0, 75.0, 59.99999999999999, 180.0, 59.99999999999999, 90.0, 59.99999999999999, 180.0, -90.0, -59.99999999999999, -59.99999999999999, -59.99999999999999, -59.99999999999999, 180.0, -59.99999999999999, 75.0, -59.99999999999999, 75.0, 45.0, -59.99999999999999, -59.99999999999999, -29.999999999999996, -59.99999999999999, -75.0, 105.00000000000001, 59.99999999999999, 45.0, 45.0, -59.99999999999999, 45.0, 45.0, -59.99999999999999, 59.99999999999999, 59.99999999999999, 75.0, 59.99999999999999, -59.99999999999999, 75.0, 29.999999999999996, 59.99999999999999, -59.99999999999999, 115.0, -45.0, -45.0, 180.0, -150.0, 150.0]",0.05170659166585614,71.37245227524559,-191.10787516695962,-254.8105002226128,41.26207490768497,0.0,210.68472320050662,-19.57759485786204,-15.601812681706377,0.0,-15.584546512289311,0.0,0.0,0.0,0.0,0.9531215420195431,0.7407959248092775,1.0,39.11647977460567,25.927857368324712,56.82036356345557,81.4991277562857,5.601692272730878,5.631389683196005,6.576706905139589,27.29861068725586,8.756583213806152,False,
1513_MSP-1,/home/raubenb/gitrepos/QTF/2MU7.pdb,1513_MSP-1_ff-amber_chi-selective_hb-0.75_sasa-0.7_vdwr-0.1_vdwa-0.1,GYSLFQKEKMVLNEGTSGTA,amber,selective,0.75,0.7,0.1,0.1,145,81.63160778085677,20,"[-119.99999999999999, 75.0, -165.0, 135.0, -59.99999999999999, 180.0, -29.999999999999996, -14.999999999999998, 180.0, -165.0, 150.0, 180.0, 75.0, 59.99999999999999, 180.0, 59.99999999999999, 90.0, 59.99999999999999, 180.0, -90.0, -59.99999999999999, -59.99999999999999, -59.99999999999999, -59.99999999999999, 180.0, -59.99999999999999, 75.0, -59.99999999999999, 75.0, 45.0, -59.99999999999999, -59.99999999999999, -29.999999999999996, -59.99999999999999, -75.0, 105.00000000000001, 59.99999999999999, 45.0, 45.0, -59.99999999999999, 45.0, 45.0, -59.99999999999999, 59.99999999999999, 59.99999999999999, 75.0, 59.99999999999999, -59.99999999999999, 75.0, 29.999999999999996, 59.99999999999999, -90.0, 105.00000000000001, -105.00000000000001, 119.99999999999999, 180.0, -75.0, -75.0]",8.054265292393008,62.921725063432326,-192.83025631867488,-257.10700842489985,41.429656589313964,0.0,210.7232735567198,-19.787354443570365,-15.601812681706377,0.0,-13.277889277050697,0.0,0.0,0.0,0.0,0.9586721017645763,0.7547689131883234,1.0,39.583144525481025,26.416911961591317,57.74419560538646,81.63160778085677,6.769193861661252,5.612429746917221,6.731974227543483,27.29861068725586,8.756583213806152,False,
1513_MSP-1,/home/raubenb/gitrepos/QTF/2MU7.pdb,1513_MSP-1_ff-amber_chi-selective_hb-0.75_sasa-0.7_vdwr-0.1_vdwa-0.1,GYSLFQKEKMVLNEGTSGTA,amber,selective,0.75,0.7,0.1,0.1,146,81.63650261369989,20,"[-59.99999999999999, -45.0, -59.99999999999999, 145.0, -59.99999999999999, 180.0, -29.999999999999996, -14.999999999999998, 180.0, -165.0, 150.0, 180.0, 75.0, 59.99999999999999, 180.0, 59.99999999999999, -75.0, 175.0, 180.0, 75.0, 29.999999999999996, -59.99999999999999, 59.99999999999999, 75.0, 180.0, -150.0, 119.99999999999999, 180.0, 75.0, 45.0, -59.99999999999999, 59.99999999999999, 75.0, -59.99999999999999, -59.99999999999999, -29.999999999999996, -59.99999999999999, 75.0, 59.99999999999999, 59.99999999999999, 45.0, 45.0, -59.99999999999999, 59.99999999999999, 59.99999999999999, -29.999999999999996, -59.99999999999999, -59.99999999999999, -119.99999999999999, 119.99999999999999, 59.99999999999999, -59.99999999999999, 145.0, 29.999999999999996, 14.999999999999998, -59.99999999999999, -105.00000000000001, 59.99999999999999]",0.43670834145886606,30.302590127436343,-112.81720580207258,-150.4229410694301,43.828194700174635,0.0,164.96686798583815,-19.181225905388004,-15.601812681706363,0.0,-10.29761415204117,0.0,0.0,0.0,0.0,0.9800968209343605,0.8036780963607892,1.0,47.32066895755527,28.128733372627625,71.80620840578307,81.63650261369989,5.795536238542371,5.889087887990144,7.853953305620963,27.29861068725586,8.756583213806152,False,
1513_MSP-1,/home/raubenb/gitrepos/QTF/2MU7.pdb,1513_MSP-1_ff-amber_chi-selective_hb-0.75_sasa-0.7_vdwr-0.1_vdwa-0.1,GYSLFQKEKMVLNEGTSGTA,amber,selective,0.75,0.7,0.1,0.1,147,81.9644544513969,20,"[-119.99999999999999, 75.0, -165.0, 135.0, -59.99999999999999, 180.0, -29.999999999999996, -14.999999999999998, 180.0, -165.0, 150.0, 180.0, 75.0, 59.99999999999999, 180.0, 59.99999999999999, 90.0, 59.99999999999999, 180.0, -90.0, -59.99999999999999, -59.99999999999999, -59.99999999999999, -59.99999999999999, 180.0, -59.99999999999999, 75.0, -59.99999999999999, 75.0, 45.0, -59.99999999999999, -59.99999999999999, -29.999999999999996, -59.99999999999999, -75.0, 105.00000000000001, 59.99999999999999, 45.0, 45.0, -59.99999999999999, 45.0, 45.0, -59.99999999999999, 59.99999999999999, 59.99999999999999, 75.0, 59.99999999999999, -59.99999999999999, 75.0, 29.999999999999996, 59.99999999999999, -59.99999999999999, 115.0, -45.0, -45.0, 180.0, -150.0, 165.0]",0.05170659166585614,71.37245227524559,-191.10787516695962,-254.8105002226128,41.26207490768497,0.0,210.68472320050662,-19.57759485786204,-15.601812681706377,0.0,-15.119219817178099,0.0,0.0,0.0,0.0,0.9531215420195431,0.7407959248092775,1.0,39.11647977460567,25.927857368324712,56.82036356345557,81.9644544513969,5.601692272730878,5.631389683196005,6.576706905139589,27.29861068725586,8.756583213806152,False,
1513_MSP-1,/home/raubenb/gitrepos/QTF/2MU7.pdb,1513_MSP-1_ff-amber_chi-selective_hb-0.75_sasa-0.7_vdwr-0.1_vdwa-0.1,GYSLFQKEKMVLNEGTSGTA,amber,selective,0.75,0.7,0.1,0.1,148,81.97874718041076,20,"[-119.99999999999999, 75.0, -165.0, 135.0, -59.99999999999999, 180.0, -29.999999999999996, -14.999999999999998, 180.0, -165.0, 150.0, 180.0, 75.0, 59.99999999999999, 180.0, 59.99999999999999, 90.0, 59.99999999999999, 180.0, -90.0, -59.99999999999999, -59.99999999999999, -59.99999999999999, -59.99999999999999, 180.0, -59.99999999999999, 75.0, -59.99999999999999, 75.0, 45.0, -59.99999999999999, -59.99999999999999, -29.999999999999996, -59.99999999999999, -75.0, 105.00000000000001, 59.99999999999999, 45.0, 45.0, -59.99999999999999, 45.0, 45.0, -59.99999999999999, 59.99999999999999, 59.99999999999999, 75.0, 59.99999999999999, -59.99999999999999, 75.0, 29.999999999999996, 59.99999999999999, -59.99999999999999, 115.0, -45.0, -45.0, 180.0, -75.0, -75.0]",0.05170659166585614,63.887098696568195,-191.10787516695962,-254.8105002226128,41.26207490768497,0.0,218.47617834648554,-19.850359666490853,-15.601812681706377,0.0,-15.138263846836951,0.0,0.0,0.0,0.0,0.9580380304127631,0.7455575311705596,1.0,39.520747249623945,26.094513590969584,57.62069579936776,81.97874718041076,5.601692272730878,5.631389683196005,6.576706905139589,27.29861068725586,8.756583213806152,False,
1513_MSP-1,/home/raubenb/gitrepos/QTF/2MU7.pdb,1513_MSP-1_ff-amber_chi-selective_hb-0.75_sasa-0.7_vdwr-0.1_vdwa-0.1,GYSLFQKEKMVLNEGTSGTA,amber,selective,0.75,0.7,0.1,0.1,149,81.98706555308894,20,"[-119.99999999999999, 75.0, -165.0, 135.0, -59.99999999999999, 180.0, -29.999999999999996, -14.999999999999998, 180.0, -165.0, 150.0, 180.0, 75.0, 59.99999999999999, 180.0, 59.99999999999999, 90.0, 59.99999999999999, 180.0, -90.0, -59.99999999999999, -59.99999999999999, -59.99999999999999, -59.99999999999999, 180.0, -59.99999999999999, 75.0, -59.99999999999999, 75.0, 45.0, -59.99999999999999, -59.99999999999999, -29.999999999999996, -59.99999999999999, -75.0, 105.00000000000001, 59.99999999999999, 45.0, 45.0, -59.99999999999999, 45.0, 45.0, -59.99999999999999, 59.99999999999999, 59.99999999999999, 75.0, 59.99999999999999, -59.99999999999999, 75.0, 29.999999999999996, 59.99999999999999, -75.0, 90.0, -75.0, 105.00000000000001, 180.0, -105.00000000000001, 59.99999999999999]",3.6426839089115957,62.87500845379188,-191.10787516695962,-254.8105002226128,41.470220047922375,0.0,205.58555531525425,-20.057468145674065,-15.601812681706377,0.0,-4.819246178451107,0.0,0.0,0.0,0.0,0.9587027859088395,0.7561666769240885,1.0,39.70451479712056,26.465833692343097,57.42007237798011,81.98706555308894,6.353543661321622,5.6339912090182,6.627244565993252,27.29861068725586,8.756583213806152,False,
1513_MSP-1,/home/raubenb/gitrepos/QTF/2MU7.pdb,1513_MSP-1_ff-amber_chi-selective_hb-0.75_sasa-0.7_vdwr-0.1_vdwa-0.1,GYSLFQKEKMVLNEGTSGTA,amber,selective,0.75,0.7,0.1,0.1,150,82.06995013562974,20,"[-59.99999999999999, -45.0, -59.99999999999999, 145.0, -59.99999999999999, 180.0, -29.999999999999996, -14.999999999999998, 180.0, -165.0, 150.0, 180.0, 75.0, 59.99999999999999, 180.0, 59.99999999999999, -75.0, 175.0, 180.0, 75.0, 29.999999999999996, -59.99999999999999, 59.99999999999999, 75.0, 180.0, -150.0, 119.99999999999999, 180.0, 75.0, 45.0, -59.99999999999999, 59.99999999999999, 75.0, -59.99999999999999, -59.99999999999999, -29.999999999999996, -59.99999999999999, 75.0, 59.99999999999999, 59.99999999999999, 45.0, 45.0, -59.99999999999999, 59.99999999999999, 59.99999999999999, -29.999999999999996, -59.99999999999999, -59.99999999999999, -119.99999999999999, 119.99999999999999, 59.99999999999999, -59.99999999999999, 145.0, 29.999999999999996, 14.999999999999998, -59.99999999999999, -150.0, 150.0]",0.43670834145886606,37.640481201761546,-112.81720580207258,-150.4229410694301,43.828194700174635,0.0,165.0312349555398,-19.308219555720378,-15.601812681706363,0.0,-17.13943102380579,0.0,0.0,0.0,0.0,0.97527718804482,0.6662607226297117,1.0,47.14919780209852,23.31912529203991,71.85342776210867,82.06995013562974,5.795536238542371,5.889087887990144,7.853953305620963,27.29861068725586,8.756583213806152,False,
1513_MSP-1,/home/raubenb/gitrepos/QTF/2MU7.pdb,1513_MSP-1_ff-amber_chi-selective_hb-0.75_sasa-0.7_vdwr-0.1_vdwa-0.1,GYSLFQKEKMVLNEGTSGTA,amber,selective,0.75,0.7,0.1,0.1,151,82.53527683074094,20,"[-59.99999999999999, -45.0, -59.99999999999999, 145.0, -59.99999999999999, 180.0, -29.999999999999996, -14.999999999999998, 180.0, -165.0, 150.0, 180.0, 75.0, 59.99999999999999, 180.0, 59.99999999999999, -75.0, 175.0, 180.0, 75.0, 29.999999999999996, -59.99999999999999, 59.99999999999999, 75.0, 180.0, -150.0, 119.99999999999999, 180.0, 75.0, 45.0, -59.99999999999999, 59.99999999999999, 75.0, -59.99999999999999, -59.99999999999999, -29.999999999999996, -59.99999999999999, 75.0, 59.99999999999999, 59.99999999999999, 45.0, 45.0, -59.99999999999999, 59.99999999999999, 59.99999999999999, -29.999999999999996, -59.99999999999999, -59.99999999999999, -119.99999999999999, 119.99999999999999, 59.99999999999999, -59.99999999999999, 145.0, 29.999999999999996, 14.999999999999998, -59.99999999999999, -150.0, 165.0]",0.43670834145886606,37.640481201761546,-112.81720580207258,-150.4229410694301,43.828194700174635,0.0,165.0312349555398,-19.308219555720378,-15.601812681706363,0.0,-16.67410432869458,0.0,0.0,0.0,0.0,0.97527718804482,0.6662607226297117,1.0,47.14919780209852,23.31912529203991,71.85342776210867,82.53527683074094,5.795536238542371,5.889087887990144,7.853953305620963,27.29861068725586,8.756583213806152,False,
1513_MSP-1,/home/raubenb/gitrepos/QTF/2MU7.pdb,1513_MSP-1_ff-amber_chi-selective_hb-0.75_sasa-0.7_vdwr-0.1_vdwa-0.1,GYSLFQKEKMVLNEGTSGTA,amber,selective,0.75,0.7,0.1,0.1,152,82.7504170868386,20,"[-119.99999999999999, 75.0, -165.0, 135.0, -59.99999999999999, 180.0, -29.999999999999996, -14.999999999999998, 180.0, -165.0, 150.0, 180.0, 75.0, 59.99999999999999, 180.0, 59.99999999999999, 90.0, 59.99999999999999, 180.0, -90.0, -59.99999999999999, -59.99999999999999, -59.99999999999999, -59.99999999999999, 180.0, -59.99999999999999, 75.0, -59.99999999999999, 75.0, 45.0, -59.99999999999999, -59.99999999999999, -29.999999999999996, -59.99999999999999, -75.0, 105.00000000000001, 59.99999999999999, 45.0, 45.0, -59.99999999999999, 45.0, 45.0, -59.99999999999999, 59.99999999999999, 59.99999999999999, 75.0, 59.99999999999999, -59.99999999999999, 75.0, 29.999999999999996, 59.99999999999999, -59.99999999999999, 115.0, -45.0, -59.99999999999999, -59.99999999999999, -150.0, 150.0]",0.9931333080043578,74.45510731919019,-191.10787516695962,-254.8105002226128,41.26207490768497,0.0,207.42775025802666,-19.331562800410516,-15.601812681706363,0.0,-15.346398056991095,0.0,0.0,0.0,0.0,0.951096809642568,0.740991804096797,1.0,38.97249303711616,25.934713143387896,56.5732768220198,82.7504170868386,5.94567551155619,5.6479277039107805,6.582805832369884,27.29861068725586,8.756583213806152,False,
1513_MSP-1,/home/raubenb/gitrepos/QTF/2MU7.pdb,1513_MSP-1_ff-amber_chi-selective_hb-0.75_sasa-0.7_vdwr-0.1_vdwa-0.1,GYSLFQKEKMVLNEGTSGTA,amber,selective,0.75,0.7,0.1,0.1,153,83.2157437819498,20,"[-119.99999999999999, 75.0, -165.0, 135.0, -59.99999999999999, 180.0, -29.999999999999996, -14.999999999999998, 180.0, -165.0, 150.0, 180.0, 75.0, 59.99999999999999, 180.0, 59.99999999999999, 90.0, 59.99999999999999, 180.0, -90.0, -59.99999999999999, -59.99999999999999, -59.99999999999999, -59.99999999999999, 180.0, -59.99999999999999, 75.0, -59.99999999999999, 75.0, 45.0, -59.99999999999999, -59.99999999999999, -29.999999999999996, -59.99999999999999, -75.0, 105.00000000000001, 59.99999999999999, 45.0, 45.0, -59.99999999999999, 45.0, 45.0, -59.99999999999999, 59.99999999999999, 59.99999999999999, 75.0, 59.99999999999999, -59.99999999999999, 75.0, 29.999999999999996, 59.99999999999999, -59.99999999999999, 115.0, -45.0, -59.99999999999999, -59.99999999999999, -150.0, 165.0]",0.9931333080043578,74.45510731919019,-191.10787516695962,-254.8105002226128,41.26207490768497,0.0,207.42775025802666,-19.331562800410516,-15.601812681706363,0.0,-14.881071361879885,0.0,0.0,0.0,0.0,0.951096809642568,0.740991804096797,1.0,38.97249303711616,25.934713143387896,56.5732768220198,83.2157437819498,5.94567551155619,5.6479277039107805,6.582805832369884,27.29861068725586,8.756583213806152,False,
1513_MSP-1,/home/raubenb/gitrepos/QTF/2MU7.pdb,1513_MSP-1_ff-amber_chi-selective_hb-0.75_sasa-0.7_vdwr-0.1_vdwa-0.1,GYSLFQKEKMVLNEGTSGTA,amber,selective,0.75,0.7,0.1,0.1,154,83.37523579340575,20,"[-119.99999999999999, 75.0, -165.0, 135.0, -59.99999999999999, 180.0, -29.999999999999996, -14.999999999999998, 180.0, -165.0, 150.0, 180.0, 75.0, 59.99999999999999, 180.0, 59.99999999999999, 90.0, 59.99999999999999, 180.0, -90.0, -59.99999999999999, -59.99999999999999, -59.99999999999999, -59.99999999999999, 180.0, -59.99999999999999, 75.0, -59.99999999999999, 75.0, 45.0, -59.99999999999999, -59.99999999999999, -29.999999999999996, -59.99999999999999, -75.0, 105.00000000000001, 59.99999999999999, 45.0, 45.0, -59.99999999999999, 45.0, 45.0, -59.99999999999999, 59.99999999999999, 59.99999999999999, 75.0, 59.99999999999999, -59.99999999999999, 75.0, 29.999999999999996, 59.99999999999999, -90.0, 105.00000000000001, -105.00000000000001, 119.99999999999999, 180.0, -150.0, 150.0]",8.054265292393008,68.06574402403194,-192.83025631867488,-257.10700842489985,41.429656589313964,0.0,208.06376484409662,-20.08195401354547,-15.601812681706377,0.0,-13.724171942503055,0.0,0.0,0.0,0.0,0.955293435780603,0.755747149740196,1.0,39.43247276882188,26.45115024090686,57.83647985873273,83.37523579340575,6.769193861661252,5.612429746917221,6.731974227543483,27.29861068725586,8.756583213806152,False,
1513_MSP-1,/home/raubenb/gitrepos/QTF/2MU7.pdb,1513_MSP-1_ff-amber_chi-selective_hb-0.75_sasa-0.7_vdwr-0.1_vdwa-0.1,GYSLFQKEKMVLNEGTSGTA,amber,selective,0.75,0.7,0.1,0.1,155,83.71476299384744,20,"[-119.99999999999999, 75.0, -165.0, 135.0, -59.99999999999999, 180.0, -29.999999999999996, -14.999999999999998, 180.0, -165.0, 150.0, 180.0, 75.0, 59.99999999999999, 180.0, 59.99999999999999, 90.0, 59.99999999999999, 180.0, -90.0, -59.99999999999999, -59.99999999999999, -59.99999999999999, -59.99999999999999, 180.0, -59.99999999999999, 75.0, -59.99999999999999, 75.0, 45.0, -59.99999999999999, -59.99999999999999, -29.999999999999996, -59.99999999999999, -75.0, 105.00000000000001, 59.99999999999999, 45.0, 45.0, -59.99999999999999, 45.0, 45.0, -59.99999999999999, 59.99999999999999, 59.99999999999999, 75.0, 59.99999999999999, -59.99999999999999, 75.0, 29.999999999999996, 59.99999999999999, -90.0, 105.00000000000001, -105.00000000000001, 119.99999999999999, 180.0, -75.0, 119.99999999999999]",8.054265292393008,62.921725063432326,-192.83025631867488,-257.10700842489985,41.429656589313964,0.0,210.7232735567198,-19.787354443570365,-15.601812681706377,0.0,-11.194734064060007,0.0,0.0,0.0,0.0,0.9586721017645763,0.7547689131883234,1.0,39.583144525481025,26.416911961591317,57.74419560538646,83.71476299384744,6.769193861661252,5.612429746917221,6.731974227543483,27.29861068725586,8.756583213806152,False,
1513_MSP-1,/home/raubenb/gitrepos/QTF/2MU7.pdb,1513_MSP-1_ff-amber_chi-selective_hb-0.75_sasa-0.7_vdwr-0.1_vdwa-0.1,GYSLFQKEKMVLNEGTSGTA,amber,selective,0.75,0.7,0.1,0.1,156,83.74706900494101,20,"[-59.99999999999999, -45.0, -59.99999999999999, 145.0, -59.99999999999999, 180.0, -29.999999999999996, -14.999999999999998, 180.0, -165.0, 150.0, 180.0, 75.0, 59.99999999999999, 180.0, 59.99999999999999, -75.0, 175.0, 180.0, 75.0, 29.999999999999996, -59.99999999999999, 59.99999999999999, 75.0, 180.0, -150.0, 119.99999999999999, 180.0, 75.0, 45.0, -59.99999999999999, 59.99999999999999, 75.0, -59.99999999999999, -59.99999999999999, -29.999999999999996, -59.99999999999999, 75.0, 59.99999999999999, 59.99999999999999, 29.999999999999996, 59.99999999999999, 180.0, 59.99999999999999, 59.99999999999999, -45.0, -75.0, -59.99999999999999, -75.0, -14.999999999999998, 180.0, 75.0, 14.999999999999998, -105.00000000000001, 119.99999999999999, 180.0, -105.00000000000001, 59.99999999999999]",4.588145179259914,30.583111220376814,-123.78313067231127,-165.04417422974836,47.14005080794481,0.0,172.95697496902207,-20.16596098733399,-15.601812681706377,0.0,-11.970308830310948,0.0,0.0,0.0,0.0,0.9799125706270102,0.7660751807879268,1.0,47.68159436118923,26.81263132757744,73.48187622864398,83.74706900494101,4.542070443168193,5.671912563072605,7.860675329722088,27.29861068725586,8.756583213806152,False,
1513_MSP-1,/home/raubenb/gitrepos/QTF/2MU7.pdb,1513_MSP-1_ff-amber_chi-selective_hb-0.75_sasa-0.7_vdwr-0.1_vdwa-0.1,GYSLFQKEKMVLNEGTSGTA,amber,selective,0.75,0.7,0.1,0.1,157,83.84056248851697,20,"[-119.99999999999999, 75.0, -165.0, 135.0, -59.99999999999999, 180.0, -29.999999999999996, -14.999999999999998, 180.0, -165.0, 150.0, 180.0, 75.0, 59.99999999999999, 180.0, 59.99999999999999, 90.0, 59.99999999999999, 180.0, -90.0, -59.99999999999999, -59.99999999999999, -59.99999999999999, -59.99999999999999, 180.0, -59.99999999999999, 75.0, -59.99999999999999, 75.0, 45.0, -59.99999999999999, -59.99999999999999, -29.999999999999996, -59.99999999999999, -75.0, 105.00000000000001, 59.99999999999999, 45.0, 45.0, -59.99999999999999, 45.0, 45.0, -59.99999999999999, 59.99999999999999, 59.99999999999999, 75.0, 59.99999999999999, -59.99999999999999, 75.0, 29.999999999999996, 59.99999999999999, -90.0, 105.00000000000001, -105.00000000000001, 119.99999999999999, 180.0, -150.0, 165.0]",8.054265292393008,68.06574402403194,-192.83025631867488,-257.10700842489985,41.429656589313964,0.0,208.06376484409662,-20.08195401354547,-15.601812681706377,0.0,-13.258845247391845,0.0,0.0,0.0,0.0,0.955293435780603,0.755747149740196,1.0,39.43247276882188,26.45115024090686,57.83647985873273,83.84056248851697,6.769193861661252,5.612429746917221,6.731974227543483,27.29861068725586,8.756583213806152,False,
1513_MSP-1,/home/raubenb/gitrepos/QTF/2MU7.pdb,1513_MSP-1_ff-amber_chi-selective_hb-0.75_sasa-0.7_vdwr-0.1_vdwa-0.1,GYSLFQKEKMVLNEGTSGTA,amber,selective,0.75,0.7,0.1,0.1,158,83.85634027816323,20,"[-119.99999999999999, 75.0, -165.0, 135.0, -59.99999999999999, 180.0, -29.999999999999996, -14.999999999999998, 180.0, -165.0, 150.0, 180.0, 75.0, 59.99999999999999, 180.0, 59.99999999999999, 90.0, 59.99999999999999, 180.0, -90.0, -59.99999999999999, -59.99999999999999, -59.99999999999999, -59.99999999999999, 180.0, -59.99999999999999, 75.0, -59.99999999999999, 75.0, 45.0, -59.99999999999999, -59.99999999999999, -29.999999999999996, -59.99999999999999, -75.0, 105.00000000000001, 59.99999999999999, 45.0, 45.0, -59.99999999999999, 45.0, 45.0, -59.99999999999999, 59.99999999999999, 59.99999999999999, 75.0, 59.99999999999999, -59.99999999999999, 75.0, 29.999999999999996, 59.99999999999999, -90.0, 119.99999999999999, -119.99999999999999, 135.0, -59.99999999999999, -105.00000000000001, 59.99999999999999]",12.341696958651564,63.38939471233374,-193.73022646669455,-258.3069686222594,41.411354913878846,0.0,204.85370707615772,-19.907056267119735,-15.601812681706363,0.0,-8.900717967338,0.0,0.0,0.0,0.0,0.95836492958139,0.7531428828361876,1.0,39.47128842232798,26.360000899266566,57.50661184072837,83.85634027816323,7.071094965853533,5.626855771704684,6.76268709458999,27.29861068725586,8.756583213806152,False,
1513_MSP-1,/home/raubenb/gitrepos/QTF/2MU7.pdb,1513_MSP-1_ff-amber_chi-selective_hb-0.75_sasa-0.7_vdwr-0.1_vdwa-0.1,GYSLFQKEKMVLNEGTSGTA,amber,selective,0.75,0.7,0.1,0.1,159,83.96296905350914,20,"[-59.99999999999999, 90.0, -165.0, 135.0, -59.99999999999999, 180.0, -29.999999999999996, -14.999999999999998, 180.0, -165.0, 150.0, 180.0, 75.0, 59.99999999999999, 180.0, 59.99999999999999, 90.0, 59.99999999999999, 180.0, -90.0, -59.99999999999999, -59.99999999999999, -45.0, -59.99999999999999, 180.0, -59.99999999999999, 75.0, -59.99999999999999, 75.0, 45.0, -59.99999999999999, -29.999999999999996, -14.999999999999998, -59.99999999999999, -75.0, 105.00000000000001, 59.99999999999999, -75.0, 105.00000000000001, 180.0, 45.0, 45.0, -59.99999999999999, 59.99999999999999, 59.99999999999999, -165.0, 105.00000000000001, 180.0, 75.0, 29.999999999999996, 59.99999999999999, -135.0, 150.0, -45.0, -45.0, 180.0, -75.0, -75.0]",54.159954778252825,56.87122383364147,-210.646458948392,-280.86194526452266,53.06768742742534,0.0,180.9853693932003,-20.27798906197367,-15.601812681706392,0.0,-14.595005686938732,0.0,0.0,0.0,0.0,0.9626461584015492,0.7487686804098748,1.0,41.6198145944335,26.206903814345615,61.32179454417172,83.96296905350914,8.79119901489572,5.8381339137009345,6.716565264115199,27.29861068725586,8.756583213806152,False,
1513_MSP-1,/home/raubenb/gitrepos/QTF/2MU7.pdb,1513_MSP-1_ff-amber_chi-selective_hb-0.75_sasa-0.7_vdwr-0.1_vdwa-0.1,GYSLFQKEKMVLNEGTSGTA,amber,selective,0.75,0.7,0.1,0.1,160,84.06190239340145,20,"[-119.99999999999999, 75.0, -165.0, 135.0, -59.99999999999999, 180.0, -29.999999999999996, -14.999999999999998, 180.0, -165.0, 150.0, 180.0, 75.0, 59.99999999999999, 180.0, 59.99999999999999, 90.0, 59.99999999999999, 180.0, -90.0, -59.99999999999999, -59.99999999999999, -59.99999999999999, -59.99999999999999, 180.0, -59.99999999999999, 75.0, -59.99999999999999, 75.0, 45.0, -59.99999999999999, -59.99999999999999, -29.999999999999996, -59.99999999999999, -75.0, 105.00000000000001, 59.99999999999999, 45.0, 45.0, -59.99999999999999, 45.0, 45.0, -59.99999999999999, 59.99999999999999, 59.99999999999999, 75.0, 59.99999999999999, -59.99999999999999, 75.0, 29.999999999999996, 59.99999999999999, -59.99999999999999, 115.0, -45.0, -45.0, 180.0, -75.0, 119.99999999999999]",0.05170659166585614,63.887098696568195,-191.10787516695962,-254.8105002226128,41.26207490768497,0.0,218.47617834648554,-19.850359666490853,-15.601812681706377,0.0,-13.055108633846261,0.0,0.0,0.0,0.0,0.9580380304127631,0.7455575311705596,1.0,39.520747249623945,26.094513590969584,57.62069579936776,84.06190239340145,5.601692272730878,5.631389683196005,6.576706905139589,27.29861068725586,8.756583213806152,False,
1513_MSP-1,/home/raubenb/gitrepos/QTF/2MU7.pdb,1513_MSP-1_ff-amber_chi-selective_hb-0.75_sasa-0.7_vdwr-0.1_vdwa-0.1,GYSLFQKEKMVLNEGTSGTA,amber,selective,0.75,0.7,0.1,0.1,161,84.14882075691125,20,"[-59.99999999999999, -45.0, -59.99999999999999, 145.0, -59.99999999999999, 180.0, -29.999999999999996, -14.999999999999998, 180.0, -165.0, 150.0, 180.0, 75.0, 59.99999999999999, 180.0, 59.99999999999999, -75.0, 175.0, 180.0, 75.0, 29.999999999999996, -59.99999999999999, 59.99999999999999, 75.0, 180.0, -150.0, 119.99999999999999, 180.0, 75.0, 45.0, -59.99999999999999, 59.99999999999999, 75.0, -59.99999999999999, -59.99999999999999, -29.999999999999996, -59.99999999999999, 75.0, 59.99999999999999, 59.99999999999999, 29.999999999999996, 59.99999999999999, 180.0, 59.99999999999999, 59.99999999999999, -45.0, -75.0, -59.99999999999999, -59.99999999999999, -45.0, 59.99999999999999, -135.0, 150.0, -45.0, -59.99999999999999, -59.99999999999999, -150.0, 150.0]",0.07099501291704975,42.26682090126226,-115.11509656732754,-153.4867954231034,44.895046233633735,0.0,170.9921987056203,-19.236440291580568,-15.601812681706363,0.0,-24.122890555907613,0.0,0.0,0.0,0.0,0.9722385412799591,0.5603649339049455,1.0,47.26202492920714,19.61277268667309,72.2381693474731,84.14882075691125,5.619159567737593,5.811073849291166,7.186748615556402,27.29861068725586,8.756583213806152,False,
1513_MSP-1,/home/raubenb/gitrepos/QTF/2MU7.pdb,1513_MSP-1_ff-amber_chi-selective_hb-0.75_sasa-0.7_vdwr-0.1_vdwa-0.1,GYSLFQKEKMVLNEGTSGTA,amber,selective,0.75,0.7,0.1,0.1,162,84.20350253395618,20,"[-119.99999999999999, 75.0, -165.0, 135.0, -59.99999999999999, 180.0, -29.999999999999996, -14.999999999999998, 180.0, -165.0, 150.0, 180.0, 75.0, 59.99999999999999, 180.0, 59.99999999999999, 90.0, 59.99999999999999, 180.0, -90.0, -59.99999999999999, -59.99999999999999, -59.99999999999999, -59.99999999999999, 180.0, -59.99999999999999, 75.0, -59.99999999999999, 75.0, 45.0, -59.99999999999999, -59.99999999999999, -29.999999999999996, -59.99999999999999, -75.0, 105.00000000000001, 59.99999999999999, 45.0, 45.0, -59.99999999999999, 45.0, 45.0, -59.99999999999999, 59.99999999999999, 59.99999999999999, 75.0, 59.99999999999999, -59.99999999999999, 75.0, 29.999999999999996, 59.99999999999999, -59.99999999999999, 115.0, -45.0, -45.0, 180.0, -90.0, 119.99999999999999]",0.05170659166585614,64.91684592408505,-191.10787516695962,-254.8105002226128,41.26207490768497,0.0,217.78242930819562,-19.805156570563696,-15.601812681706377,0.0,-13.29470977844563,0.0,0.0,0.0,0.0,0.9573616775539671,0.7434495001537935,1.0,39.39165942975231,26.020732505382774,57.48339361403872,84.20350253395618,5.601692272730878,5.631389683196005,6.576706905139589,27.29861068725586,8.756583213806152,False,
1513_MSP-1,/home/raubenb/gitrepos/QTF/2MU7.pdb,1513_MSP-1_ff-amber_chi-selective_hb-0.75_sasa-0.7_vdwr-0.1_vdwa-0.1,GYSLFQKEKMVLNEGTSGTA,amber,selective,0.75,0.7,0.1,0.1,163,84.4029616249417,20,"[-59.99999999999999, -45.0, -59.99999999999999, 145.0, -59.99999999999999, 180.0, -29.999999999999996, -14.999999999999998, 180.0, -165.0, 150.0, 180.0, 75.0, 59.99999999999999, 180.0, 59.99999999999999, -75.0, 175.0, 180.0, 75.0, 29.999999999999996, -59.99999999999999, 59.99999999999999, 75.0, 180.0, -150.0, 119.99999999999999, 180.0, 75.0, 45.0, -59.99999999999999, 59.99999999999999, 75.0, -59.99999999999999, -59.99999999999999, -29.999999999999996, -59.99999999999999, 75.0, 59.99999999999999, 59.99999999999999, 29.999999999999996, 59.99999999999999, 180.0, 59.99999999999999, 59.99999999999999, -45.0, -75.0, -59.99999999999999, -75.0, -14.999999999999998, 180.0, 75.0, 14.999999999999998, -105.00000000000001, 119.99999999999999, 180.0, -90.0, 119.99999999999999]",4.588145179259914,33.41524107467831,-123.78313067231127,-165.04417422974836,47.14005080794481,0.0,175.2445315823971,-20.07777469708889,-15.601812681706377,0.0,-16.522288968231887,0.0,0.0,0.0,0.0,0.9780523868146612,0.7118694781055659,1.0,47.62055181205366,24.915431733694806,73.49549483874915,84.4029616249417,4.542070443168193,5.671912563072605,7.860675329722088,27.29861068725586,8.756583213806152,False,
1513_MSP-1,/home/raubenb/gitrepos/QTF/2MU7.pdb,1513_MSP-1_ff-amber_chi-selective_hb-0.75_sasa-0.7_vdwr-0.1_vdwa-0.1,GYSLFQKEKMVLNEGTSGTA,amber,selective,0.75,0.7,0.1,0.1,164,84.4873933151793,20,"[-119.99999999999999, 75.0, -165.0, 135.0, -59.99999999999999, 180.0, -29.999999999999996, -14.999999999999998, 180.0, -165.0, 150.0, 180.0, 75.0, 59.99999999999999, 180.0, 59.99999999999999, 90.0, 59.99999999999999, 180.0, -90.0, -59.99999999999999, -59.99999999999999, -59.99999999999999, -59.99999999999999, 180.0, -59.99999999999999, 75.0, -59.99999999999999, 75.0, 45.0, -59.99999999999999, -59.99999999999999, -29.999999999999996, -59.99999999999999, -75.0, 105.00000000000001, 59.99999999999999, 45.0, 45.0, -59.99999999999999, 45.0, 45.0, -59.99999999999999, 59.99999999999999, 59.99999999999999, 75.0, 59.99999999999999, -59.99999999999999, 75.0, 29.999999999999996, 59.99999999999999, -90.0, 105.00000000000001, -105.00000000000001, 119.99999999999999, 180.0, -75.0, 105.00000000000001]",8.054265292393008,62.921725063432326,-192.83025631867488,-257.10700842489985,41.429656589313964,0.0,210.7232735567198,-19.787354443570365,-15.601812681706377,0.0,-10.422103742728156,0.0,0.0,0.0,0.0,0.9586721017645763,0.7547689131883234,1.0,39.583144525481025,26.416911961591317,57.74419560538646,84.4873933151793,6.769193861661252,5.612429746917221,6.731974227543483,27.29861068725586,8.756583213806152,False,
1513_MSP-1,/home/raubenb/gitrepos/QTF/2MU7.pdb,1513_MSP-1_ff-amber_chi-selective_hb-0.75_sasa-0.7_vdwr-0.1_vdwa-0.1,GYSLFQKEKMVLNEGTSGTA,amber,selective,0.75,0.7,0.1,0.1,165,84.53299192481639,20,"[-119.99999999999999, 75.0, -165.0, 135.0, -59.99999999999999, 180.0, -29.999999999999996, -14.999999999999998, 180.0, -165.0, 150.0, 180.0, 75.0, 59.99999999999999, 180.0, 59.99999999999999, 90.0, 59.99999999999999, 180.0, -90.0, -59.99999999999999, -59.99999999999999, -59.99999999999999, -59.99999999999999, 180.0, -59.99999999999999, 75.0, -59.99999999999999, 75.0, 45.0, -59.99999999999999, -59.99999999999999, -29.999999999999996, -59.99999999999999, -75.0, 105.00000000000001, 59.99999999999999, 45.0, 45.0, -59.99999999999999, 45.0, 45.0, -59.99999999999999, 59.99999999999999, 59.99999999999999, 75.0, 59.99999999999999, -59.99999999999999, 75.0, 29.999999999999996, 59.99999999999999, -59.99999999999999, 145.0, -135.0, 119.99999999999999, 59.99999999999999, -150.0, 150.0]",23.404066860217366,74.29559780100024,-191.10787516695962,-254.8105002226128,41.26072577804885,0.0,182.7462848411765,-19.341060587547275,-12.602277265137356,0.0,-14.122470335982332,0.0,0.0,0.0,0.0,0.9512015777990147,0.7394600251153605,1.0,38.77716181939228,25.881100879037618,55.8770065785565,84.53299192481639,7.663518747791078,5.722302565737816,6.6619503812614145,27.29861068725586,8.756583213806152,False,
1513_MSP-1,/home/raubenb/gitrepos/QTF/2MU7.pdb,1513_MSP-1_ff-amber_chi-selective_hb-0.75_sasa-0.7_vdwr-0.1_vdwa-0.1,GYSLFQKEKMVLNEGTSGTA,amber,selective,0.75,0.7,0.1,0.1,166,84.61414745202246,20,"[-59.99999999999999, -45.0, -59.99999999999999, 145.0, -59.99999999999999, 180.0, -29.999999999999996, -14.999999999999998, 180.0, -165.0, 150.0, 180.0, 75.0, 59.99999999999999, 180.0, 59.99999999999999, -75.0, 175.0, 180.0, 75.0, 29.999999999999996, -59.99999999999999, 59.99999999999999, 75.0, 180.0, -150.0, 119.99999999999999, 180.0, 75.0, 45.0, -59.99999999999999, 59.99999999999999, 75.0, -59.99999999999999, -59.99999999999999, -29.999999999999996, -59.99999999999999, 75.0, 59.99999999999999, 59.99999999999999, 29.999999999999996, 59.99999999999999, 180.0, 59.99999999999999, 59.99999999999999, -45.0, -75.0, -59.99999999999999, -59.99999999999999, -45.0, 59.99999999999999, -135.0, 150.0, -45.0, -59.99999999999999, -59.99999999999999, -150.0, 165.0]",0.07099501291704975,42.26682090126226,-115.11509656732754,-153.4867954231034,44.895046233633735,0.0,170.9921987056203,-19.236440291580568,-15.601812681706363,0.0,-23.6575638607964,0.0,0.0,0.0,0.0,0.9722385412799591,0.5603649339049455,1.0,47.26202492920714,19.61277268667309,72.2381693474731,84.61414745202246,5.619159567737593,5.811073849291166,7.186748615556402,27.29861068725586,8.756583213806152,False,
1513_MSP-1,/home/raubenb/gitrepos/QTF/2MU7.pdb,1513_MSP-1_ff-amber_chi-selective_hb-0.75_sasa-0.7_vdwr-0.1_vdwa-0.1,GYSLFQKEKMVLNEGTSGTA,amber,selective,0.75,0.7,0.1,0.1,167,84.67485394449555,20,"[-119.99999999999999, 75.0, -165.0, 135.0, -59.99999999999999, 180.0, -29.999999999999996, -14.999999999999998, 180.0, -165.0, 150.0, 180.0, 75.0, 59.99999999999999, 180.0, 59.99999999999999, 90.0, 59.99999999999999, 180.0, -90.0, -59.99999999999999, -59.99999999999999, -59.99999999999999, -59.99999999999999, 180.0, -59.99999999999999, 75.0, -59.99999999999999, 75.0, 45.0, -59.99999999999999, -59.99999999999999, -29.999999999999996, -59.99999999999999, -75.0, 105.00000000000001, 59.99999999999999, 45.0, 45.0, -59.99999999999999, 45.0, 45.0, -59.99999999999999, 59.99999999999999, 59.99999999999999, 75.0, 59.99999999999999, -59.99999999999999, 75.0, 29.999999999999996, 59.99999999999999, -90.0, 105.00000000000001, -45.0, -59.99999999999999, -59.99999999999999, -150.0, 150.0]",0.04088142020933867,63.40875193231983,-191.10787516695962,-254.8105002226128,41.549700140365196,0.0,222.53361662996585,-20.24847231760832,-15.601812681706363,0.0,-15.89993601209035,0.0,0.0,0.0,0.0,0.9583522154795929,0.7486380880619536,1.0,39.725410915988824,26.202333082168376,57.97842876793955,84.67485394449555,5.409577192910927,5.538354734116911,6.719425055290191,27.29861068725586,8.756583213806152,False,
1513_MSP-1,/home/raubenb/gitrepos/QTF/2MU7.pdb,1513_MSP-1_ff-amber_chi-selective_hb-0.75_sasa-0.7_vdwr-0.1_vdwa-0.1,GYSLFQKEKMVLNEGTSGTA,amber,selective,0.75,0.7,0.1,0.1,168,84.77127855594448,20,"[-119.99999999999999, 75.0, -165.0, 135.0, -59.99999999999999, 180.0, -29.999999999999996, -14.999999999999998, 180.0, -165.0, 150.0, 180.0, 75.0, 59.99999999999999, 180.0, 59.99999999999999, 90.0, 59.99999999999999, 180.0, -90.0, -59.99999999999999, -59.99999999999999, -59.99999999999999, -59.99999999999999, 180.0, -59.99999999999999, 75.0, -59.99999999999999, 75.0, 45.0, -59.99999999999999, -59.99999999999999, -29.999999999999996, -59.99999999999999, -75.0, 105.00000000000001, 59.99999999999999, 45.0, 45.0, -59.99999999999999, 45.0, 45.0, -59.99999999999999, 59.99999999999999, 59.99999999999999, 75.0, 59.99999999999999, -59.99999999999999, 75.0, 29.999999999999996, 59.99999999999999, -90.0, 105.00000000000001, -105.00000000000001, 119.99999999999999, 180.0, -90.0, 119.99999999999999]",8.054265292393008,62.829688870215996,-192.83025631867488,-257.10700842489985,41.429656589313964,0.0,212.184084870086,-19.860012857023847,-15.601812681706377,0.0,-11.434335208659377,0.0,0.0,0.0,0.0,0.9587325524661964,0.7555219463609981,1.0,39.60341078727649,26.443268122634933,57.75833616007931,84.77127855594448,6.769193861661252,5.612429746917221,6.731974227543483,27.29861068725586,8.756583213806152,False,
1513_MSP-1,/home/raubenb/gitrepos/QTF/2MU7.pdb,1513_MSP-1_ff-amber_chi-selective_hb-0.75_sasa-0.7_vdwr-0.1_vdwa-0.1,GYSLFQKEKMVLNEGTSGTA,amber,selective,0.75,0.7,0.1,0.1,169,84.80514400894529,20,"[-59.99999999999999, -45.0, -59.99999999999999, 145.0, -59.99999999999999, 180.0, -29.999999999999996, -14.999999999999998, 180.0, -165.0, 150.0, 180.0, 75.0, 59.99999999999999, 180.0, 59.99999999999999, -75.0, 175.0, 180.0, 75.0, 29.999999999999996, -59.99999999999999, 59.99999999999999, 75.0, 180.0, -150.0, 119.99999999999999, 180.0, 75.0, 45.0, -59.99999999999999, 59.99999999999999, 75.0, -59.99999999999999, -59.99999999999999, -29.999999999999996, -59.99999999999999, 75.0, 59.99999999999999, 59.99999999999999, 29.999999999999996, 59.99999999999999, 180.0, 59.99999999999999, 59.99999999999999, -45.0, -75.0, -59.99999999999999, -59.99999999999999, -45.0, 59.99999999999999, -135.0, 150.0, -45.0, -45.0, 180.0, -75.0, -75.0]",0.24871895524206292,40.08132412816053,-115.11509656732754,-153.4867954231034,44.895046233633735,0.0,173.90300246159035,-19.691282174894013,-15.601812681706377,0.0,-23.914756345753467,0.0,0.0,0.0,0.0,0.9736740071407813,0.6016321110155851,1.0,47.407457357899325,21.05712388554548,72.41009255517595,84.80514400894529,5.276966838679956,5.793771642365669,7.201028120476422,27.29861068725586,8.756583213806152,False,
1513_MSP-1,/home/raubenb/gitrepos/QTF/2MU7.pdb,1513_MSP-1_ff-amber_chi-selective_hb-0.75_sasa-0.7_vdwr-0.1_vdwa-0.1,GYSLFQKEKMVLNEGTSGTA,amber,selective,0.75,0.7,0.1,0.1,170,84.8345327147333,20,"[-119.99999999999999, 75.0, -165.0, 135.0, -59.99999999999999, 180.0, -29.999999999999996, -14.999999999999998, 180.0, -165.0, 150.0, 180.0, 75.0, 59.99999999999999, 180.0, 59.99999999999999, 90.0, 59.99999999999999, 180.0, -90.0, -59.99999999999999, -59.99999999999999, -59.99999999999999, -59.99999999999999, 180.0, -59.99999999999999, 75.0, -59.99999999999999, 75.0, 45.0, -59.99999999999999, -59.99999999999999, -29.999999999999996, -59.99999999999999, -75.0, 105.00000000000001, 59.99999999999999, 45.0, 45.0, -59.99999999999999, 45.0, 45.0, -59.99999999999999, 59.99999999999999, 59.99999999999999, 75.0, 59.99999999999999, -59.99999999999999, 75.0, 29.999999999999996, 59.99999999999999, -59.99999999999999, 115.0, -45.0, -45.0, 180.0, -75.0, 105.00000000000001]",0.05170659166585614,63.887098696568195,-191.10787516695962,-254.8105002226128,41.26207490768497,0.0,218.47617834648554,-19.850359666490853,-15.601812681706377,0.0,-12.28247831251441,0.0,0.0,0.0,0.0,0.9580380304127631,0.7455575311705596,1.0,39.520747249623945,26.094513590969584,57.62069579936776,84.8345327147333,5.601692272730878,5.631389683196005,6.576706905139589,27.29861068725586,8.756583213806152,False,
1513_MSP-1,/home/raubenb/gitrepos/QTF/2MU7.pdb,1513_MSP-1_ff-amber_chi-selective_hb-0.75_sasa-0.7_vdwr-0.1_vdwa-0.1,GYSLFQKEKMVLNEGTSGTA,amber,selective,0.75,0.7,0.1,0.1,171,84.99831861992759,20,"[-119.99999999999999, 75.0, -165.0, 135.0, -59.99999999999999, 180.0, -29.999999999999996, -14.999999999999998, 180.0, -165.0, 150.0, 180.0, 75.0, 59.99999999999999, 180.0, 59.99999999999999, 90.0, 59.99999999999999, 180.0, -90.0, -59.99999999999999, -59.99999999999999, -59.99999999999999, -59.99999999999999, 180.0, -59.99999999999999, 75.0, -59.99999999999999, 75.0, 45.0, -59.99999999999999, -59.99999999999999, -29.999999999999996, -59.99999999999999, -75.0, 105.00000000000001, 59.99999999999999, 45.0, 45.0, -59.99999999999999, 45.0, 45.0, -59.99999999999999, 59.99999999999999, 59.99999999999999, 75.0, 59.99999999999999, -59.99999999999999, 75.0, 29.999999999999996, 59.99999999999999, -59.99999999999999, 145.0, -135.0, 119.99999999999999, 59.99999999999999, -150.0, 165.0]",23.404066860217366,74.29559780100024,-191.10787516695962,-254.8105002226128,41.26072577804885,0.0,182.7462848411765,-19.341060587547275,-12.602277265137356,0.0,-13.657143640871121,0.0,0.0,0.0,0.0,0.9512015777990147,0.7394600251153605,1.0,38.77716181939228,25.881100879037618,55.8770065785565,84.99831861992759,7.663518747791078,5.722302565737816,6.6619503812614145,27.29861068725586,8.756583213806152,False,
1513_MSP-1,/home/raubenb/gitrepos/QTF/2MU7.pdb,1513_MSP-1_ff-amber_chi-selective_hb-0.75_sasa-0.7_vdwr-0.1_vdwa-0.1,GYSLFQKEKMVLNEGTSGTA,amber,selective,0.75,0.7,0.1,0.1,172,85.14018063960677,20,"[-119.99999999999999, 75.0, -165.0, 135.0, -59.99999999999999, 180.0, -29.999999999999996, -14.999999999999998, 180.0, -165.0, 150.0, 180.0, 75.0, 59.99999999999999, 180.0, 59.99999999999999, 90.0, 59.99999999999999, 180.0, -90.0, -59.99999999999999, -59.99999999999999, -59.99999999999999, -59.99999999999999, 180.0, -59.99999999999999, 75.0, -59.99999999999999, 75.0, 45.0, -59.99999999999999, -59.99999999999999, -29.999999999999996, -59.99999999999999, -75.0, 105.00000000000001, 59.99999999999999, 45.0, 45.0, -59.99999999999999, 45.0, 45.0, -59.99999999999999, 59.99999999999999, 59.99999999999999, 75.0, 59.99999999999999, -59.99999999999999, 75.0, 29.999999999999996, 59.99999999999999, -90.0, 105.00000000000001, -45.0, -59.99999999999999, -59.99999999999999, -150.0, 165.0]",0.04088142020933867,63.40875193231983,-191.10787516695962,-254.8105002226128,41.549700140365196,0.0,222.53361662996585,-20.24847231760832,-15.601812681706363,0.0,-15.43460931697914,0.0,0.0,0.0,0.0,0.9583522154795929,0.7486380880619536,1.0,39.725410915988824,26.202333082168376,57.97842876793955,85.14018063960677,5.409577192910927,5.538354734116911,6.719425055290191,27.29861068725586,8.756583213806152,False,
1513_MSP-1,/home/raubenb/gitrepos/QTF/2MU7.pdb,1513_MSP-1_ff-amber_chi-selective_hb-0.75_sasa-0.7_vdwr-0.1_vdwa-0.1,GYSLFQKEKMVLNEGTSGTA,amber,selective,0.75,0.7,0.1,0.1,173,85.4758280347352,20,"[-119.99999999999999, 75.0, -165.0, 135.0, -59.99999999999999, 180.0, -29.999999999999996, -14.999999999999998, 180.0, -165.0, 150.0, 180.0, 75.0, 59.99999999999999, 180.0, 59.99999999999999, 90.0, 59.99999999999999, 180.0, -90.0, -59.99999999999999, -59.99999999999999, -59.99999999999999, -59.99999999999999, 180.0, -59.99999999999999, 75.0, -59.99999999999999, 75.0, 45.0, -59.99999999999999, -59.99999999999999, -29.999999999999996, -59.99999999999999, -75.0, 105.00000000000001, 59.99999999999999, 45.0, 45.0, -59.99999999999999, 45.0, 45.0, -59.99999999999999, 59.99999999999999, 59.99999999999999, 75.0, 59.99999999999999, -59.99999999999999, 75.0, 29.999999999999996, 59.99999999999999, -59.99999999999999, 145.0, -45.0, -59.99999999999999, -59.99999999999999, -75.0, -75.0]",4.569095110412213,60.4116088862356,-191.10787516695962,-254.8105002226128,40.8983332987833,0.0,222.6639160560074,-21.41373501232338,-15.601812681706363,0.0,-14.943702455713929,0.0,0.0,0.0,0.0,0.9603207823407319,0.7616208259904808,1.0,40.6238179079035,26.656728909666825,59.331746532962406,85.4758280347352,4.544061182877041,5.570632165656798,6.635692658635588,27.29861068725586,8.756583213806152,False,
1513_MSP-1,/home/raubenb/gitrepos/QTF/2MU7.pdb,1513_MSP-1_ff-amber_chi-selective_hb-0.75_sasa-0.7_vdwr-0.1_vdwa-0.1,GYSLFQKEKMVLNEGTSGTA,amber,selective,0.75,0.7,0.1,0.1,174,85.49358117656251,20,"[-59.99999999999999, -45.0, -59.99999999999999, 145.0, -59.99999999999999, 180.0, -29.999999999999996, -14.999999999999998, 180.0, -165.0, 150.0, 180.0, 75.0, 59.99999999999999, 180.0, 59.99999999999999, -75.0, 175.0, 180.0, 75.0, 29.999999999999996, -59.99999999999999, 59.99999999999999, 75.0, 180.0, -150.0, 119.99999999999999, 180.0, 75.0, 45.0, -59.99999999999999, 59.99999999999999, 75.0, -59.99999999999999, -59.99999999999999, -29.999999999999996, -59.99999999999999, 75.0, 59.99999999999999, 59.99999999999999, 29.999999999999996, 59.99999999999999, 180.0, 59.99999999999999, 59.99999999999999, -29.999999999999996, -59.99999999999999, -59.99999999999999, -75.0, -14.999999999999998, 180.0, 75.0, 14.999999999999998, -45.0, -59.99999999999999, -59.99999999999999, -75.0, -75.0]",4.401988162894449,38.90284905862027,-116.82280119906113,-155.76373493208152,48.43777623011505,0.0,165.45457223514413,-18.688351545867924,-15.601812681706363,0.0,-20.590639083575944,0.0,0.0,0.0,0.0,0.9744480465953231,0.6513220487466871,1.0,46.98694429778168,22.796271706134046,71.1458733412159,85.49358117656251,6.4382950669053365,5.9444971679398355,7.265800357168353,27.29861068725586,8.756583213806152,False,
1513_MSP-1,/home/raubenb/gitrepos/QTF/2MU7.pdb,1513_MSP-1_ff-amber_chi-selective_hb-0.75_sasa-0.7_vdwr-0.1_vdwa-0.1,GYSLFQKEKMVLNEGTSGTA,amber,selective,0.75,0.7,0.1,0.1,175,85.7960804384511,20,"[-59.99999999999999, -45.0, -59.99999999999999, 145.0, -59.99999999999999, 180.0, -29.999999999999996, -14.999999999999998, 180.0, -165.0, 150.0, 180.0, 75.0, 59.99999999999999, 180.0, 59.99999999999999, -75.0, 175.0, 180.0, 75.0, 29.999999999999996, -59.99999999999999, 59.99999999999999, 75.0, 180.0, -150.0, 119.99999999999999, 180.0, 75.0, 45.0, -59.99999999999999, 59.99999999999999, 75.0, -59.99999999999999, -59.99999999999999, -29.999999999999996, -59.99999999999999, 75.0, 59.99999999999999, 59.99999999999999, 29.999999999999996, 59.99999999999999, 180.0, 59.99999999999999, 59.99999999999999, -45.0, -75.0, -59.99999999999999, -59.99999999999999, -45.0, 59.99999999999999, -135.0, 150.0, -45.0, -59.99999999999999, -59.99999999999999, -75.0, -75.0]",0.07099501291704975,43.709662245712494,-115.11509656732754,-153.4867954231034,44.895046233633735,0.0,170.9921987056203,-19.478304619943323,-15.601812681706363,0.0,-23.67660789045525,0.0,0.0,0.0,0.0,0.9712908622359853,0.5326795561295482,1.0,47.288993366343654,18.643784464534185,72.33606330682936,85.7960804384511,5.619159567737593,5.811073849291166,7.186748615556402,27.29861068725586,8.756583213806152,False,
1513_MSP-1,/home/raubenb/gitrepos/QTF/2MU7.pdb,1513_MSP-1_ff-amber_chi-selective_hb-0.75_sasa-0.7_vdwr-0.1_vdwa-0.1,GYSLFQKEKMVLNEGTSGTA,amber,selective,0.75,0.7,0.1,0.1,176,85.93699345390519,20,"[-59.99999999999999, -45.0, -59.99999999999999, 145.0, -59.99999999999999, 180.0, -29.999999999999996, -14.999999999999998, 180.0, -165.0, 150.0, 180.0, 75.0, 59.99999999999999, 180.0, 59.99999999999999, -75.0, 175.0, 180.0, 75.0, 29.999999999999996, -59.99999999999999, 59.99999999999999, 75.0, 180.0, -150.0, 119.99999999999999, 180.0, 75.0, 45.0, -59.99999999999999, 59.99999999999999, 75.0, -59.99999999999999, -59.99999999999999, -29.999999999999996, -59.99999999999999, 75.0, 59.99999999999999, 59.99999999999999, 29.999999999999996, 59.99999999999999, 180.0, 59.99999999999999, 59.99999999999999, -45.0, -75.0, -59.99999999999999, -59.99999999999999, -45.0, 59.99999999999999, -135.0, 150.0, -45.0, -45.0, 180.0, -150.0, 150.0]",0.24871895524206292,41.29223094455277,-115.11509656732754,-153.4867954231034,44.895046233633735,0.0,173.90300246159035,-19.324056880873975,-15.601812681706377,0.0,-24.36103901120583,0.0,0.0,0.0,0.0,0.9728786660462707,0.578855379796017,1.0,47.29915031983992,20.259938292860593,72.274112329608,85.93699345390519,5.276966838679956,5.793771642365669,7.201028120476422,27.29861068725586,8.756583213806152,False,
1513_MSP-1,/home/raubenb/gitrepos/QTF/2MU7.pdb,1513_MSP-1_ff-amber_chi-selective_hb-0.75_sasa-0.7_vdwr-0.1_vdwa-0.1,GYSLFQKEKMVLNEGTSGTA,amber,selective,0.75,0.7,0.1,0.1,177,85.94590117213599,20,"[-59.99999999999999, 90.0, -165.0, 135.0, -59.99999999999999, 180.0, -29.999999999999996, -14.999999999999998, 180.0, -165.0, 150.0, 180.0, 75.0, 59.99999999999999, 180.0, 59.99999999999999, 90.0, 59.99999999999999, 180.0, -90.0, -59.99999999999999, -59.99999999999999, -45.0, -59.99999999999999, 180.0, -59.99999999999999, 75.0, -59.99999999999999, 75.0, 45.0, -59.99999999999999, -29.999999999999996, -14.999999999999998, -59.99999999999999, -75.0, 105.00000000000001, 59.99999999999999, -59.99999999999999, 105.00000000000001, 59.99999999999999, 45.0, 45.0, -59.99999999999999, 59.99999999999999, 59.99999999999999, -165.0, 105.00000000000001, 180.0, 75.0, 29.999999999999996, 59.99999999999999, -59.99999999999999, 115.0, -135.0, 119.99999999999999, 59.99999999999999, -90.0, 119.99999999999999]",50.673163485818655,66.38178758446331,-234.80003552773618,-313.0667140369816,52.830237053637155,0.0,192.53338412705006,-20.08281400157921,-12.60227726513737,0.0,-8.987544284380398,0.0,0.0,0.0,0.0,0.9563994827031441,0.7040622745657026,1.0,40.890982755694715,24.64217960979959,62.04929606995438,85.94590117213599,8.68349378783181,5.710156133335423,7.140053410473637,27.29861068725586,8.756583213806152,False,
1513_MSP-1,/home/raubenb/gitrepos/QTF/2MU7.pdb,1513_MSP-1_ff-amber_chi-selective_hb-0.75_sasa-0.7_vdwr-0.1_vdwa-0.1,GYSLFQKEKMVLNEGTSGTA,amber,selective,0.75,0.7,0.1,0.1,178,86.04612426649983,20,"[-59.99999999999999, 90.0, -165.0, 135.0, -59.99999999999999, 180.0, -29.999999999999996, -14.999999999999998, 180.0, -165.0, 150.0, 180.0, 75.0, 59.99999999999999, 180.0, 59.99999999999999, 90.0, 59.99999999999999, 180.0, -90.0, -59.99999999999999, -59.99999999999999, -45.0, -59.99999999999999, 180.0, -59.99999999999999, 75.0, -59.99999999999999, 75.0, 45.0, -59.99999999999999, -29.999999999999996, -14.999999999999998, -59.99999999999999, -75.0, 105.00000000000001, 59.99999999999999, -75.0, 105.00000000000001, 180.0, 45.0, 45.0, -59.99999999999999, 59.99999999999999, 59.99999999999999, -165.0, 105.00000000000001, 180.0, 75.0, 29.999999999999996, 59.99999999999999, -135.0, 150.0, -45.0, -45.0, 180.0, -75.0, 119.99999999999999]",54.159954778252825,56.87122383364147,-210.646458948392,-280.86194526452266,53.06768742742534,0.0,180.9853693932003,-20.27798906197367,-15.601812681706392,0.0,-12.511850473948043,0.0,0.0,0.0,0.0,0.9626461584015492,0.7487686804098748,1.0,41.6198145944335,26.206903814345615,61.32179454417172,86.04612426649983,8.79119901489572,5.8381339137009345,6.716565264115199,27.29861068725586,8.756583213806152,False,
1513_MSP-1,/home/raubenb/gitrepos/QTF/2MU7.pdb,1513_MSP-1_ff-amber_chi-selective_hb-0.75_sasa-0.7_vdwr-0.1_vdwa-0.1,GYSLFQKEKMVLNEGTSGTA,amber,selective,0.75,0.7,0.1,0.1,179,86.07195457643276,20,"[-59.99999999999999, -45.0, -59.99999999999999, 145.0, -59.99999999999999, 180.0, -29.999999999999996, -14.999999999999998, 180.0, -165.0, 150.0, 180.0, 75.0, 59.99999999999999, 180.0, 59.99999999999999, -75.0, 175.0, 180.0, 75.0, 29.999999999999996, -59.99999999999999, 59.99999999999999, 75.0, 180.0, -150.0, 119.99999999999999, 180.0, 75.0, 45.0, -59.99999999999999, 59.99999999999999, 75.0, -59.99999999999999, -59.99999999999999, -29.999999999999996, -59.99999999999999, 75.0, 59.99999999999999, 59.99999999999999, 29.999999999999996, 59.99999999999999, 180.0, 59.99999999999999, 59.99999999999999, -29.999999999999996, -59.99999999999999, -59.99999999999999, -75.0, -14.999999999999998, 180.0, 75.0, 14.999999999999998, -45.0, -59.99999999999999, -59.99999999999999, -29.999999999999996, -75.0]",4.401988162894449,39.161397580626044,-116.82280119906113,-155.76373493208152,48.43777623011505,0.0,165.45457223514413,-18.683203038654284,-15.601812681706363,0.0,-20.27596271292512,0.0,0.0,0.0,0.0,0.9742782281900649,0.6464030068705411,1.0,46.97873194949975,22.62410524046894,71.14316243652665,86.07195457643276,6.4382950669053365,5.9444971679398355,7.265800357168353,27.29861068725586,8.756583213806152,False,
1513_MSP-1,/home/raubenb/gitrepos/QTF/2MU7.pdb,1513_MSP-1_ff-amber_chi-selective_hb-0.75_sasa-0.7_vdwr-0.1_vdwa-0.1,GYSLFQKEKMVLNEGTSGTA,amber,selective,0.75,0.7,0.1,0.1,180,86.393581042076,20,"[-59.99999999999999, -45.0, -59.99999999999999, 145.0, -59.99999999999999, 180.0, -29.999999999999996, -14.999999999999998, 180.0, -165.0, 150.0, 180.0, 75.0, 59.99999999999999, 180.0, 59.99999999999999, -75.0, 175.0, 180.0, 75.0, 29.999999999999996, -59.99999999999999, 59.99999999999999, 75.0, 180.0, -150.0, 119.99999999999999, 180.0, 75.0, 45.0, -59.99999999999999, 59.99999999999999, 75.0, -59.99999999999999, -59.99999999999999, -29.999999999999996, -59.99999999999999, 75.0, 59.99999999999999, 59.99999999999999, 29.999999999999996, 59.99999999999999, 180.0, 59.99999999999999, 59.99999999999999, -45.0, -75.0, -59.99999999999999, -75.0, -14.999999999999998, 180.0, 75.0, 14.999999999999998, -75.0, 105.00000000000001, 180.0, -75.0, -75.0]",0.0026127727801700234,47.612674793080295,-123.78313067231127,-165.04417422974836,47.831791179327254,0.0,167.14276605004363,-19.97107805569651,-15.601812681706377,0.0,-16.8402423434412,0.0,0.0,0.0,0.0,0.9687273071966631,0.43866894664834155,1.0,47.3176160127397,15.353413132691955,73.7387166562776,86.393581042076,5.522859452225152,5.743917194655468,7.7459055893126045,27.29861068725586,8.756583213806152,False,
1513_MSP-1,/home/raubenb/gitrepos/QTF/2MU7.pdb,1513_MSP-1_ff-amber_chi-selective_hb-0.75_sasa-0.7_vdwr-0.1_vdwa-0.1,GYSLFQKEKMVLNEGTSGTA,amber,selective,0.75,0.7,0.1,0.1,181,86.39862548912319,20,"[-119.99999999999999, 75.0, -165.0, 135.0, -59.99999999999999, 180.0, -29.999999999999996, -14.999999999999998, 180.0, -165.0, 150.0, 180.0, 75.0, 59.99999999999999, 180.0, 59.99999999999999, 90.0, 59.99999999999999, 180.0, -90.0, -59.99999999999999, -59.99999999999999, -59.99999999999999, -59.99999999999999, 180.0, -59.99999999999999, 75.0, -59.99999999999999, 75.0, 45.0, -59.99999999999999, -59.99999999999999, -29.999999999999996, -59.99999999999999, -75.0, 105.00000000000001, 59.99999999999999, 45.0, 45.0, -59.99999999999999, 45.0, 45.0, -59.99999999999999, 59.99999999999999, 59.99999999999999, 75.0, 59.99999999999999, -59.99999999999999, 75.0, 29.999999999999996, 59.99999999999999, -59.99999999999999, 115.0, -45.0, -59.99999999999999, -59.99999999999999, -75.0, -75.0]",0.9931333080043578,69.38777527594048,-191.10787516695962,-254.8105002226128,41.26207490768497,0.0,216.47037858869143,-20.104933350993353,-15.601812681706363,0.0,-14.900115391538737,0.0,0.0,0.0,0.0,0.9544251065511065,0.7437138199537048,1.0,39.235492015199554,26.029983698379667,57.3101961545818,86.39862548912319,5.94567551155619,5.6479277039107805,6.582805832369884,27.29861068725586,8.756583213806152,False,
1513_MSP-1,/home/raubenb/gitrepos/QTF/2MU7.pdb,1513_MSP-1_ff-amber_chi-selective_hb-0.75_sasa-0.7_vdwr-0.1_vdwa-0.1,GYSLFQKEKMVLNEGTSGTA,amber,selective,0.75,0.7,0.1,0.1,182,86.4023201490164,20,"[-59.99999999999999, -45.0, -59.99999999999999, 145.0, -59.99999999999999, 180.0, -29.999999999999996, -14.999999999999998, 180.0, -165.0, 150.0, 180.0, 75.0, 59.99999999999999, 180.0, 59.99999999999999, -75.0, 175.0, 180.0, 75.0, 29.999999999999996, -59.99999999999999, 59.99999999999999, 75.0, 180.0, -150.0, 119.99999999999999, 180.0, 75.0, 45.0, -59.99999999999999, 59.99999999999999, 75.0, -59.99999999999999, -59.99999999999999, -29.999999999999996, -59.99999999999999, 75.0, 59.99999999999999, 59.99999999999999, 29.999999999999996, 59.99999999999999, 180.0, 59.99999999999999, 59.99999999999999, -45.0, -75.0, -59.99999999999999, -59.99999999999999, -45.0, 59.99999999999999, -135.0, 150.0, -45.0, -45.0, 180.0, -150.0, 165.0]",0.24871895524206292,41.29223094455277,-115.11509656732754,-153.4867954231034,44.895046233633735,0.0,173.90300246159035,-19.324056880873975,-15.601812681706377,0.0,-23.895712316094617,0.0,0.0,0.0,0.0,0.9728786660462707,0.578855379796017,1.0,47.29915031983992,20.259938292860593,72.274112329608,86.4023201490164,5.276966838679956,5.793771642365669,7.201028120476422,27.29861068725586,8.756583213806152,False,
1513_MSP-1,/home/raubenb/gitrepos/QTF/2MU7.pdb,1513_MSP-1_ff-amber_chi-selective_hb-0.75_sasa-0.7_vdwr-0.1_vdwa-0.1,GYSLFQKEKMVLNEGTSGTA,amber,selective,0.75,0.7,0.1,0.1,183,86.53946834438403,20,"[-59.99999999999999, -45.0, -59.99999999999999, 145.0, -59.99999999999999, 180.0, -29.999999999999996, -14.999999999999998, 180.0, -165.0, 150.0, 180.0, 75.0, 59.99999999999999, 180.0, 59.99999999999999, -75.0, 175.0, 180.0, 75.0, 29.999999999999996, -59.99999999999999, 59.99999999999999, 75.0, 180.0, -150.0, 119.99999999999999, 180.0, 75.0, 45.0, -59.99999999999999, 59.99999999999999, 75.0, -59.99999999999999, -59.99999999999999, -29.999999999999996, -59.99999999999999, 75.0, 59.99999999999999, 59.99999999999999, 29.999999999999996, 59.99999999999999, 180.0, 59.99999999999999, 59.99999999999999, -29.999999999999996, -59.99999999999999, -59.99999999999999, -75.0, -14.999999999999998, 180.0, 75.0, 14.999999999999998, -45.0, -45.0, 180.0, -75.0, -75.0]",5.353983454152643,38.59011194112692,-116.82280119906113,-155.76373493208152,48.43777623011505,0.0,166.0800996877486,-18.669101549117492,-15.601812681706377,0.0,-20.82878753887416,0.0,0.0,0.0,0.0,0.9746534568531187,0.6572840641425335,1.0,46.9933714240585,23.004942244988673,71.14386953623162,86.53946834438403,6.534793066671075,5.947847394284517,7.249544391474765,27.29861068725586,8.756583213806152,False,
1513_MSP-1,/home/raubenb/gitrepos/QTF/2MU7.pdb,1513_MSP-1_ff-amber_chi-selective_hb-0.75_sasa-0.7_vdwr-0.1_vdwa-0.1,GYSLFQKEKMVLNEGTSGTA,amber,selective,0.75,0.7,0.1,0.1,184,86.62674331238013,20,"[-119.99999999999999, 75.0, -165.0, 135.0, -59.99999999999999, 180.0, -29.999999999999996, -14.999999999999998, 180.0, -165.0, 150.0, 180.0, 75.0, 59.99999999999999, 180.0, 59.99999999999999, 90.0, 59.99999999999999, 180.0, -90.0, -59.99999999999999, -59.99999999999999, -59.99999999999999, -59.99999999999999, 180.0, -59.99999999999999, 75.0, -59.99999999999999, 75.0, 45.0, -59.99999999999999, -59.99999999999999, -29.999999999999996, -59.99999999999999, -75.0, 105.00000000000001, 59.99999999999999, 45.0, 45.0, -59.99999999999999, 45.0, 45.0, -59.99999999999999, 59.99999999999999, 59.99999999999999, 75.0, 59.99999999999999, -59.99999999999999, 75.0, 29.999999999999996, 59.99999999999999, -59.99999999999999, 115.0, -105.00000000000001, 119.99999999999999, 180.0, -150.0, 150.0]",25.360337834656058,75.71043439133616,-191.10787516695962,-254.8105002226128,41.32724352502289,0.0,183.181847918465,-19.072798521030162,-15.601812681706377,0.0,-13.1706339874038,0.0,0.0,0.0,0.0,0.9502722926822095,0.7408437934406428,1.0,38.68250155958793,25.929532770422497,55.8294418169577,86.62674331238013,7.752125122396891,5.750159662883187,6.566845197984797,27.29861068725586,8.756583213806152,False,
1513_MSP-1,/home/raubenb/gitrepos/QTF/2MU7.pdb,1513_MSP-1_ff-amber_chi-selective_hb-0.75_sasa-0.7_vdwr-0.1_vdwa-0.1,GYSLFQKEKMVLNEGTSGTA,amber,selective,0.75,0.7,0.1,0.1,185,86.79717755970972,20,"[-59.99999999999999, -45.0, -59.99999999999999, 145.0, -59.99999999999999, 180.0, -29.999999999999996, -14.999999999999998, 180.0, -165.0, 150.0, 180.0, 75.0, 59.99999999999999, 180.0, 59.99999999999999, -75.0, 175.0, 180.0, 75.0, 29.999999999999996, -59.99999999999999, 59.99999999999999, 75.0, 180.0, -150.0, 119.99999999999999, 180.0, 75.0, 45.0, -59.99999999999999, 59.99999999999999, 75.0, -59.99999999999999, -59.99999999999999, -29.999999999999996, -59.99999999999999, 75.0, 59.99999999999999, 59.99999999999999, 29.999999999999996, 59.99999999999999, 180.0, 59.99999999999999, 59.99999999999999, -29.999999999999996, -59.99999999999999, -59.99999999999999, -75.0, -14.999999999999998, 180.0, 75.0, 14.999999999999998, -105.00000000000001, 119.99999999999999, 180.0, -150.0, 150.0]",1.1855620998935237,40.931754133396815,-116.82280119906113,-155.76373493208152,48.25657324853532,0.0,166.05827023253602,-18.34921059444341,-15.601812681706377,0.0,-18.861157679441014,0.0,0.0,0.0,0.0,0.9731154324246982,0.6131545415815449,1.0,46.90359720213967,21.460408955354072,70.93791540558928,86.79717755970972,5.986941906164077,5.9315331281423465,7.35913679412411,27.29861068725586,8.756583213806152,False,
1513_MSP-1,/home/raubenb/gitrepos/QTF/2MU7.pdb,1513_MSP-1_ff-amber_chi-selective_hb-0.75_sasa-0.7_vdwr-0.1_vdwa-0.1,GYSLFQKEKMVLNEGTSGTA,amber,selective,0.75,0.7,0.1,0.1,186,86.81863972023068,20,"[-59.99999999999999, 90.0, -165.0, 135.0, -59.99999999999999, 180.0, -29.999999999999996, -14.999999999999998, 180.0, -165.0, 150.0, 180.0, 75.0, 59.99999999999999, 180.0, 59.99999999999999, 90.0, 59.99999999999999, 180.0, -90.0, -59.99999999999999, -59.99999999999999, -45.0, -59.99999999999999, 180.0, -59.99999999999999, 75.0, -59.99999999999999, 75.0, 45.0, -59.99999999999999, -29.999999999999996, -14.999999999999998, -59.99999999999999, -75.0, 105.00000000000001, 59.99999999999999, -59.99999999999999, 105.00000000000001, 59.99999999999999, 45.0, 45.0, -59.99999999999999, 59.99999999999999, 59.99999999999999, -165.0, 105.00000000000001, 180.0, 75.0, 29.999999999999996, 59.99999999999999, -59.99999999999999, 115.0, -135.0, 119.99999999999999, 59.99999999999999, -105.00000000000001, 59.99999999999999]",50.673163485818655,62.4053687974162,-234.80003552773618,-313.0667140369816,52.830237053637155,0.0,192.82997131023308,-20.08222398754139,-12.60227726513737,0.0,-4.435564146459458,0.0,0.0,0.0,0.0,0.9590112520214015,0.7449134713347233,1.0,40.98635424351636,26.071971496715317,62.003472758543076,86.81863972023068,8.68349378783181,5.710156133335423,7.140053410473637,27.29861068725586,8.756583213806152,False,
1513_MSP-1,/home/raubenb/gitrepos/QTF/2MU7.pdb,1513_MSP-1_ff-amber_chi-selective_hb-0.75_sasa-0.7_vdwr-0.1_vdwa-0.1,GYSLFQKEKMVLNEGTSGTA,amber,selective,0.75,0.7,0.1,0.1,187,86.81875458783168,20,"[-59.99999999999999, 90.0, -165.0, 135.0, -59.99999999999999, 180.0, -29.999999999999996, -14.999999999999998, 180.0, -165.0, 150.0, 180.0, 75.0, 59.99999999999999, 180.0, 59.99999999999999, 90.0, 59.99999999999999, 180.0, -90.0, -59.99999999999999, -59.99999999999999, -45.0, -59.99999999999999, 180.0, -59.99999999999999, 75.0, -59.99999999999999, 75.0, 45.0, -59.99999999999999, -29.999999999999996, -14.999999999999998, -59.99999999999999, -75.0, 105.00000000000001, 59.99999999999999, -75.0, 105.00000000000001, 180.0, 45.0, 45.0, -59.99999999999999, 59.99999999999999, 59.99999999999999, -165.0, 105.00000000000001, 180.0, 75.0, 29.999999999999996, 59.99999999999999, -135.0, 150.0, -45.0, -45.0, 180.0, -75.0, 105.00000000000001]",54.159954778252825,56.87122383364147,-210.646458948392,-280.86194526452266,53.06768742742534,0.0,180.9853693932003,-20.27798906197367,-15.601812681706392,0.0,-11.739220152616191,0.0,0.0,0.0,0.0,0.9626461584015492,0.7487686804098748,1.0,41.6198145944335,26.206903814345615,61.32179454417172,86.81875458783168,8.79119901489572,5.8381339137009345,6.716565264115199,27.29861068725586,8.756583213806152,False,
1513_MSP-1,/home/raubenb/gitrepos/QTF/2MU7.pdb,1513_MSP-1_ff-amber_chi-selective_hb-0.75_sasa-0.7_vdwr-0.1_vdwa-0.1,GYSLFQKEKMVLNEGTSGTA,amber,selective,0.75,0.7,0.1,0.1,188,86.88829922193597,20,"[-59.99999999999999, -45.0, -59.99999999999999, 145.0, -59.99999999999999, 180.0, -29.999999999999996, -14.999999999999998, 180.0, -165.0, 150.0, 180.0, 75.0, 59.99999999999999, 180.0, 59.99999999999999, -75.0, 175.0, 180.0, 75.0, 29.999999999999996, -59.99999999999999, 59.99999999999999, 75.0, 180.0, -150.0, 119.99999999999999, 180.0, 75.0, 45.0, -59.99999999999999, 59.99999999999999, 75.0, -59.99999999999999, -59.99999999999999, -29.999999999999996, -59.99999999999999, 75.0, 59.99999999999999, 59.99999999999999, 29.999999999999996, 59.99999999999999, 180.0, 59.99999999999999, 59.99999999999999, -45.0, -75.0, -59.99999999999999, -59.99999999999999, -45.0, 59.99999999999999, -135.0, 150.0, -45.0, -45.0, 180.0, -75.0, 119.99999999999999]",0.24871895524206292,40.08132412816053,-115.11509656732754,-153.4867954231034,44.895046233633735,0.0,173.90300246159035,-19.691282174894013,-15.601812681706377,0.0,-21.831601132762778,0.0,0.0,0.0,0.0,0.9736740071407813,0.6016321110155851,1.0,47.407457357899325,21.05712388554548,72.41009255517595,86.88829922193597,5.276966838679956,5.793771642365669,7.201028120476422,27.29861068725586,8.756583213806152,False,
1513_MSP-1,/home/raubenb/gitrepos/QTF/2MU7.pdb,1513_MSP-1_ff-amber_chi-selective_hb-0.75_sasa-0.7_vdwr-0.1_vdwa-0.1,GYSLFQKEKMVLNEGTSGTA,amber,selective,0.75,0.7,0.1,0.1,189,87.06880563851232,20,"[-59.99999999999999, -45.0, -59.99999999999999, 145.0, -59.99999999999999, 180.0, -29.999999999999996, -14.999999999999998, 180.0, -165.0, 150.0, 180.0, 75.0, 59.99999999999999, 180.0, 59.99999999999999, -75.0, 175.0, 180.0, 75.0, 29.999999999999996, -59.99999999999999, 59.99999999999999, 75.0, 180.0, -150.0, 119.99999999999999, 180.0, 75.0, 45.0, -59.99999999999999, 59.99999999999999, 75.0, -59.99999999999999, -59.99999999999999, -29.999999999999996, -59.99999999999999, 75.0, 59.99999999999999, 59.99999999999999, 29.999999999999996, 59.99999999999999, 180.0, 59.99999999999999, 59.99999999999999, -45.0, -75.0, -59.99999999999999, -75.0, -14.999999999999998, 180.0, 75.0, 14.999999999999998, -75.0, 105.00000000000001, 180.0, -90.0, 119.99999999999999]",0.0026127727801700234,46.410159060634136,-123.78313067231127,-165.04417422974836,47.831791179327254,0.0,167.14276605004363,-19.936891795205362,-15.601812681706377,0.0,-14.996688275049882,0.0,0.0,0.0,0.0,0.9695171369059874,0.4616127612958012,1.0,47.34377161015519,16.156446645353043,73.73416081324481,87.06880563851232,5.522859452225152,5.743917194655468,7.7459055893126045,27.29861068725586,8.756583213806152,False,
1513_MSP-1,/home/raubenb/gitrepos/QTF/2MU7.pdb,1513_MSP-1_ff-amber_chi-selective_hb-0.75_sasa-0.7_vdwr-0.1_vdwa-0.1,GYSLFQKEKMVLNEGTSGTA,amber,selective,0.75,0.7,0.1,0.1,190,87.09159950218265,20,"[-119.99999999999999, 75.0, -165.0, 135.0, -59.99999999999999, 180.0, -29.999999999999996, -14.999999999999998, 180.0, -165.0, 150.0, 180.0, 75.0, 59.99999999999999, 180.0, 59.99999999999999, 90.0, 59.99999999999999, 180.0, -90.0, -59.99999999999999, -59.99999999999999, -59.99999999999999, -59.99999999999999, 180.0, -59.99999999999999, 75.0, -59.99999999999999, 75.0, 45.0, -59.99999999999999, -59.99999999999999, -29.999999999999996, -59.99999999999999, -75.0, 105.00000000000001, 59.99999999999999, 45.0, 45.0, -59.99999999999999, 45.0, 45.0, -59.99999999999999, 59.99999999999999, 59.99999999999999, 75.0, 59.99999999999999, -59.99999999999999, 75.0, 29.999999999999996, 59.99999999999999, -90.0, 105.00000000000001, -105.00000000000001, 119.99999999999999, 180.0, -105.00000000000001, 59.99999999999999]",8.054265292393008,62.724536298212456,-192.83025631867488,-257.10700842489985,41.429656589313964,0.0,210.1893929494851,-19.991827556102177,-15.601812681706377,0.0,-6.882355070738437,0.0,0.0,0.0,0.0,0.9588016181949343,0.7562679588695754,1.0,39.598844262411085,26.46937856043514,57.7776280453042,87.09159950218265,6.769193861661252,5.612429746917221,6.731974227543483,27.29861068725586,8.756583213806152,False,
1513_MSP-1,/home/raubenb/gitrepos/QTF/2MU7.pdb,1513_MSP-1_ff-amber_chi-selective_hb-0.75_sasa-0.7_vdwr-0.1_vdwa-0.1,GYSLFQKEKMVLNEGTSGTA,amber,selective,0.75,0.7,0.1,0.1,191,87.09207000749134,20,"[-119.99999999999999, 75.0, -165.0, 135.0, -59.99999999999999, 180.0, -29.999999999999996, -14.999999999999998, 180.0, -165.0, 150.0, 180.0, 75.0, 59.99999999999999, 180.0, 59.99999999999999, 90.0, 59.99999999999999, 180.0, -90.0, -59.99999999999999, -59.99999999999999, -59.99999999999999, -59.99999999999999, 180.0, -59.99999999999999, 75.0, -59.99999999999999, 75.0, 45.0, -59.99999999999999, -59.99999999999999, -29.999999999999996, -59.99999999999999, -75.0, 105.00000000000001, 59.99999999999999, 45.0, 45.0, -59.99999999999999, 45.0, 45.0, -59.99999999999999, 59.99999999999999, 59.99999999999999, 75.0, 59.99999999999999, -59.99999999999999, 75.0, 29.999999999999996, 59.99999999999999, -59.99999999999999, 115.0, -105.00000000000001, 119.99999999999999, 180.0, -150.0, 165.0]",25.360337834656058,75.71043439133616,-191.10787516695962,-254.8105002226128,41.32724352502289,0.0,183.181847918465,-19.072798521030162,-15.601812681706377,0.0,-12.70530729229259,0.0,0.0,0.0,0.0,0.9502722926822095,0.7408437934406428,1.0,38.68250155958793,25.929532770422497,55.8294418169577,87.09207000749134,7.752125122396891,5.750159662883187,6.566845197984797,27.29861068725586,8.756583213806152,False,
1513_MSP-1,/home/raubenb/gitrepos/QTF/2MU7.pdb,1513_MSP-1_ff-amber_chi-selective_hb-0.75_sasa-0.7_vdwr-0.1_vdwa-0.1,GYSLFQKEKMVLNEGTSGTA,amber,selective,0.75,0.7,0.1,0.1,192,87.15311018759111,20,"[-59.99999999999999, 90.0, -165.0, 135.0, -59.99999999999999, 180.0, -29.999999999999996, -14.999999999999998, 180.0, -165.0, 150.0, 180.0, 75.0, 59.99999999999999, 180.0, 59.99999999999999, 90.0, 59.99999999999999, 180.0, -90.0, -59.99999999999999, -59.99999999999999, -45.0, -59.99999999999999, 180.0, -59.99999999999999, 75.0, -59.99999999999999, 75.0, 45.0, -59.99999999999999, -29.999999999999996, -14.999999999999998, -59.99999999999999, -75.0, 105.00000000000001, 59.99999999999999, -59.99999999999999, 105.00000000000001, 59.99999999999999, 45.0, 45.0, -59.99999999999999, 59.99999999999999, 59.99999999999999, -165.0, 105.00000000000001, 180.0, 75.0, 29.999999999999996, 59.99999999999999, -59.99999999999999, 115.0, -135.0, 119.99999999999999, 59.99999999999999, -75.0, -75.0]",50.673163485818655,69.63558396503379,-234.80003552773618,-313.0667140369816,52.830237053637155,0.0,192.41193836794943,-20.164401539202643,-12.60227726513737,0.0,-10.831098352771718,0.0,0.0,0.0,0.0,0.9542623422232948,0.642209254642994,1.0,40.81609302351245,22.477323912504794,62.10782642644127,87.15311018759111,8.68349378783181,5.710156133335423,7.140053410473637,27.29861068725586,8.756583213806152,False,
1513_MSP-1,/home/raubenb/gitrepos/QTF/2MU7.pdb,1513_MSP-1_ff-amber_chi-selective_hb-0.75_sasa-0.7_vdwr-0.1_vdwa-0.1,GYSLFQKEKMVLNEGTSGTA,amber,selective,0.75,0.7,0.1,0.1,193,87.26250425482094,20,"[-59.99999999999999, -45.0, -59.99999999999999, 145.0, -59.99999999999999, 180.0, -29.999999999999996, -14.999999999999998, 180.0, -165.0, 150.0, 180.0, 75.0, 59.99999999999999, 180.0, 59.99999999999999, -75.0, 175.0, 180.0, 75.0, 29.999999999999996, -59.99999999999999, 59.99999999999999, 75.0, 180.0, -150.0, 119.99999999999999, 180.0, 75.0, 45.0, -59.99999999999999, 59.99999999999999, 75.0, -59.99999999999999, -59.99999999999999, -29.999999999999996, -59.99999999999999, 75.0, 59.99999999999999, 59.99999999999999, 29.999999999999996, 59.99999999999999, 180.0, 59.99999999999999, 59.99999999999999, -29.999999999999996, -59.99999999999999, -59.99999999999999, -75.0, -14.999999999999998, 180.0, 75.0, 14.999999999999998, -105.00000000000001, 119.99999999999999, 180.0, -150.0, 165.0]",1.1855620998935237,40.931754133396815,-116.82280119906113,-155.76373493208152,48.25657324853532,0.0,166.05827023253602,-18.34921059444341,-15.601812681706377,0.0,-18.395830984329802,0.0,0.0,0.0,0.0,0.9731154324246982,0.6131545415815449,1.0,46.90359720213967,21.460408955354072,70.93791540558928,87.26250425482094,5.986941906164077,5.9315331281423465,7.35913679412411,27.29861068725586,8.756583213806152,False,
1513_MSP-1,/home/raubenb/gitrepos/QTF/2MU7.pdb,1513_MSP-1_ff-amber_chi-selective_hb-0.75_sasa-0.7_vdwr-0.1_vdwa-0.1,GYSLFQKEKMVLNEGTSGTA,amber,selective,0.75,0.7,0.1,0.1,194,87.3062336684371,20,"[-119.99999999999999, 75.0, -165.0, 135.0, -59.99999999999999, 180.0, -29.999999999999996, -14.999999999999998, 180.0, -165.0, 150.0, 180.0, 75.0, 59.99999999999999, 180.0, 59.99999999999999, 90.0, 59.99999999999999, 180.0, -90.0, -59.99999999999999, -59.99999999999999, -59.99999999999999, -59.99999999999999, 180.0, -59.99999999999999, 75.0, -59.99999999999999, 75.0, 45.0, -59.99999999999999, -59.99999999999999, -29.999999999999996, -59.99999999999999, -75.0, 105.00000000000001, 59.99999999999999, 45.0, 45.0, -59.99999999999999, 45.0, 45.0, -59.99999999999999, 59.99999999999999, 59.99999999999999, 75.0, 59.99999999999999, -59.99999999999999, 75.0, 29.999999999999996, 59.99999999999999, -90.0, 119.99999999999999, -119.99999999999999, 165.0, 59.99999999999999, -150.0, 150.0]",20.101761582709983,69.18330545900686,-192.08246811798773,-256.1099574906503,41.411354913878846,0.0,196.54365152415377,-19.745605943099584,-12.602277265137356,0.0,-15.503488485087704,0.0,0.0,0.0,0.0,0.9545594052814405,0.7561964573712181,1.0,39.321287279235925,26.466876007992635,57.42813851161737,87.3062336684371,7.5050816234113755,5.655242164304165,6.743976174732277,27.29861068725586,8.756583213806152,False,
1513_MSP-1,/home/raubenb/gitrepos/QTF/2MU7.pdb,1513_MSP-1_ff-amber_chi-selective_hb-0.75_sasa-0.7_vdwr-0.1_vdwa-0.1,GYSLFQKEKMVLNEGTSGTA,amber,selective,0.75,0.7,0.1,0.1,195,87.55898324772589,20,"[-119.99999999999999, 75.0, -165.0, 135.0, -59.99999999999999, 180.0, -29.999999999999996, -14.999999999999998, 180.0, -165.0, 150.0, 180.0, 75.0, 59.99999999999999, 180.0, 59.99999999999999, 90.0, 59.99999999999999, 180.0, -90.0, -59.99999999999999, -59.99999999999999, -59.99999999999999, -59.99999999999999, 180.0, -59.99999999999999, 75.0, -59.99999999999999, 75.0, 45.0, -59.99999999999999, -59.99999999999999, -29.999999999999996, -59.99999999999999, -75.0, 105.00000000000001, 59.99999999999999, 45.0, 45.0, -59.99999999999999, 45.0, 45.0, -59.99999999999999, 59.99999999999999, 59.99999999999999, 75.0, 59.99999999999999, -59.99999999999999, 75.0, 29.999999999999996, 59.99999999999999, -59.99999999999999, 145.0, -45.0, -59.99999999999999, -59.99999999999999, -75.0, 119.99999999999999]",4.569095110412213,60.4116088862356,-191.10787516695962,-254.8105002226128,40.8983332987833,0.0,222.6639160560074,-21.41373501232338,-15.601812681706363,0.0,-12.86054724272324,0.0,0.0,0.0,0.0,0.9603207823407319,0.7616208259904808,1.0,40.6238179079035,26.656728909666825,59.331746532962406,87.55898324772589,4.544061182877041,5.570632165656798,6.635692658635588,27.29861068725586,8.756583213806152,False,
1513_MSP-1,/home/raubenb/gitrepos/QTF/2MU7.pdb,1513_MSP-1_ff-amber_chi-selective_hb-0.75_sasa-0.7_vdwr-0.1_vdwa-0.1,GYSLFQKEKMVLNEGTSGTA,amber,selective,0.75,0.7,0.1,0.1,196,87.57673638955319,20,"[-59.99999999999999, -45.0, -59.99999999999999, 145.0, -59.99999999999999, 180.0, -29.999999999999996, -14.999999999999998, 180.0, -165.0, 150.0, 180.0, 75.0, 59.99999999999999, 180.0, 59.99999999999999, -75.0, 175.0, 180.0, 75.0, 29.999999999999996, -59.99999999999999, 59.99999999999999, 75.0, 180.0, -150.0, 119.99999999999999, 180.0, 75.0, 45.0, -59.99999999999999, 59.99999999999999, 75.0, -59.99999999999999, -59.99999999999999, -29.999999999999996, -59.99999999999999, 75.0, 59.99999999999999, 59.99999999999999, 29.999999999999996, 59.99999999999999, 180.0, 59.99999999999999, 59.99999999999999, -29.999999999999996, -59.99999999999999, -59.99999999999999, -75.0, -14.999999999999998, 180.0, 75.0, 14.999999999999998, -45.0, -59.99999999999999, -59.99999999999999, -75.0, 119.99999999999999]",4.401988162894449,38.90284905862027,-116.82280119906113,-155.76373493208152,48.43777623011505,0.0,165.45457223514413,-18.688351545867924,-15.601812681706363,0.0,-18.507483870585254,0.0,0.0,0.0,0.0,0.9744480465953231,0.6513220487466871,1.0,46.98694429778168,22.796271706134046,71.1458733412159,87.57673638955319,6.4382950669053365,5.9444971679398355,7.265800357168353,27.29861068725586,8.756583213806152,False,
1513_MSP-1,/home/raubenb/gitrepos/QTF/2MU7.pdb,1513_MSP-1_ff-amber_chi-selective_hb-0.75_sasa-0.7_vdwr-0.1_vdwa-0.1,GYSLFQKEKMVLNEGTSGTA,amber,selective,0.75,0.7,0.1,0.1,197,87.61274423694903,20,"[-119.99999999999999, 75.0, -165.0, 135.0, -59.99999999999999, 180.0, -29.999999999999996, -14.999999999999998, 180.0, -165.0, 150.0, 180.0, 75.0, 59.99999999999999, 180.0, 59.99999999999999, 90.0, 59.99999999999999, 180.0, -90.0, -59.99999999999999, -59.99999999999999, -59.99999999999999, -59.99999999999999, 180.0, -59.99999999999999, 75.0, -59.99999999999999, 75.0, 45.0, -59.99999999999999, -59.99999999999999, -29.999999999999996, -59.99999999999999, -75.0, 105.00000000000001, 59.99999999999999, 45.0, 45.0, -59.99999999999999, 45.0, 45.0, -59.99999999999999, 59.99999999999999, 59.99999999999999, 75.0, 59.99999999999999, -59.99999999999999, 75.0, 29.999999999999996, 59.99999999999999, -59.99999999999999, 115.0, -105.00000000000001, 119.99999999999999, 180.0, -75.0, -75.0]",25.360337834656058,75.62364061133414,-191.10787516695962,-254.8105002226128,41.32724352502289,0.0,183.66246532765973,-18.926903891106356,-15.601812681706377,0.0,-12.724351321951442,0.0,0.0,0.0,0.0,0.9503293000910777,0.7386594077866435,1.0,38.617272742209636,25.853079272532522,55.78477295656013,87.61274423694903,7.752125122396891,5.750159662883187,6.566845197984797,27.29861068725586,8.756583213806152,False,
1513_MSP-1,/home/raubenb/gitrepos/QTF/2MU7.pdb,1513_MSP-1_ff-amber_chi-selective_hb-0.75_sasa-0.7_vdwr-0.1_vdwa-0.1,GYSLFQKEKMVLNEGTSGTA,amber,selective,0.75,0.7,0.1,0.1,198,87.66092954326783,20,"[-59.99999999999999, -45.0, -59.99999999999999, 145.0, -59.99999999999999, 180.0, -29.999999999999996, -14.999999999999998, 180.0, -165.0, 150.0, 180.0, 75.0, 59.99999999999999, 180.0, 59.99999999999999, -75.0, 175.0, 180.0, 75.0, 29.999999999999996, -59.99999999999999, 59.99999999999999, 75.0, 180.0, -150.0, 119.99999999999999, 180.0, 75.0, 45.0, -59.99999999999999, 59.99999999999999, 75.0, -59.99999999999999, -59.99999999999999, -29.999999999999996, -59.99999999999999, 75.0, 59.99999999999999, 59.99999999999999, 29.999999999999996, 59.99999999999999, 180.0, 59.99999999999999, 59.99999999999999, -45.0, -75.0, -59.99999999999999, -59.99999999999999, -45.0, 59.99999999999999, -135.0, 150.0, -45.0, -45.0, 180.0, -75.0, 105.00000000000001]",0.24871895524206292,40.08132412816053,-115.11509656732754,-153.4867954231034,44.895046233633735,0.0,173.90300246159035,-19.691282174894013,-15.601812681706377,0.0,-21.058970811430928,0.0,0.0,0.0,0.0,0.9736740071407813,0.6016321110155851,1.0,47.407457357899325,21.05712388554548,72.41009255517595,87.66092954326783,5.276966838679956,5.793771642365669,7.201028120476422,27.29861068725586,8.756583213806152,False,
1513_MSP-1,/home/raubenb/gitrepos/QTF/2MU7.pdb,1513_MSP-1_ff-amber_chi-selective_hb-0.75_sasa-0.7_vdwr-0.1_vdwa-0.1,GYSLFQKEKMVLNEGTSGTA,amber,selective,0.75,0.7,0.1,0.1,199,87.7715603635483,20,"[-119.99999999999999, 75.0, -165.0, 135.0, -59.99999999999999, 180.0, -29.999999999999996, -14.999999999999998, 180.0, -165.0, 150.0, 180.0, 75.0, 59.99999999999999, 180.0, 59.99999999999999, 90.0, 59.99999999999999, 180.0, -90.0, -59.99999999999999, -59.99999999999999, -59.99999999999999, -59.99999999999999, 180.0, -59.99999999999999, 75.0, -59.99999999999999, 75.0, 45.0, -59.99999999999999, -59.99999999999999, -29.999999999999996, -59.99999999999999, -75.0, 105.00000000000001, 59.99999999999999, 45.0, 45.0, -59.99999999999999, 45.0, 45.0, -59.99999999999999, 59.99999999999999, 59.99999999999999, 75.0, 59.99999999999999, -59.99999999999999, 75.0, 29.999999999999996, 59.99999999999999, -90.0, 119.99999999999999, -119.99999999999999, 165.0, 59.99999999999999, -150.0, 165.0]",20.101761582709983,69.18330545900686,-192.08246811798773,-256.1099574906503,41.411354913878846,0.0,196.54365152415377,-19.745605943099584,-12.602277265137356,0.0,-15.038161789976492,0.0,0.0,0.0,0.0,0.9545594052814405,0.7561964573712181,1.0,39.321287279235925,26.466876007992635,57.42813851161737,87.7715603635483,7.5050816234113755,5.655242164304165,6.743976174732277,27.29861068725586,8.756583213806152,False,
1513_MSP-1,/home/raubenb/gitrepos/QTF/2MU7.pdb,1513_MSP-1_ff-amber_chi-selective_hb-0.75_sasa-0.7_vdwr-0.1_vdwa-0.1,GYSLFQKEKMVLNEGTSGTA,amber,selective,0.75,0.7,0.1,0.1,200,87.8792356514418,20,"[-59.99999999999999, -45.0, -59.99999999999999, 145.0, -59.99999999999999, 180.0, -29.999999999999996, -14.999999999999998, 180.0, -165.0, 150.0, 180.0, 75.0, 59.99999999999999, 180.0, 59.99999999999999, -75.0, 175.0, 180.0, 75.0, 29.999999999999996, -59.99999999999999, 59.99999999999999, 75.0, 180.0, -150.0, 119.99999999999999, 180.0, 75.0, 45.0, -59.99999999999999, 59.99999999999999, 75.0, -59.99999999999999, -59.99999999999999, -29.999999999999996, -59.99999999999999, 75.0, 59.99999999999999, 59.99999999999999, 29.999999999999996, 59.99999999999999, 180.0, 59.99999999999999, 59.99999999999999, -45.0, -75.0, -59.99999999999999, -59.99999999999999, -45.0, 59.99999999999999, -135.0, 150.0, -45.0, -59.99999999999999, -59.99999999999999, -75.0, 119.99999999999999]",0.07099501291704975,43.709662245712494,-115.11509656732754,-153.4867954231034,44.895046233633735,0.0,170.9921987056203,-19.478304619943323,-15.601812681706363,0.0,-21.593452677464562,0.0,0.0,0.0,0.0,0.9712908622359853,0.5326795561295482,1.0,47.288993366343654,18.643784464534185,72.33606330682936,87.8792356514418,5.619159567737593,5.811073849291166,7.186748615556402,27.29861068725586,8.756583213806152,False,
