replica_id,seed,init_type,sequence,forcefield,energy,rmsd_to_reference,pred_e2e_A,pred_rg_A,ref_e2e_A,ref_rg_A,runtime_s,hw_backend,hw_shots,pdb_path,ca_pdb_path
370,313297137,sheet,YYDPETGTWY,amber,66.30283052724286,2.665667698835941,6.789916502732166,4.109205386522418,5.508595556037851,4.848916770784997,1372.79,aer,4096,outputs/slurm_YYDPETGTWY_amber/replica_370/replica_370.pdb,outputs/slurm_YYDPETGTWY_amber/replica_370/replica_370_ca.pdb
334,313297101,sheet,YYDPETGTWY,amber,26.708730759192765,2.718831272903761,9.767280707081751,4.854565483776971,5.508595556037851,4.848916770784997,1243.11,aer,4096,outputs/slurm_YYDPETGTWY_amber/replica_334/replica_334.pdb,outputs/slurm_YYDPETGTWY_amber/replica_334/replica_334_ca.pdb
890,313297657,random,YYDPETGTWY,amber,8.054807667252115,2.8303650443033073,6.657886203287723,3.902420412149181,5.508595556037851,4.848916770784997,1223.23,aer,4096,outputs/slurm_YYDPETGTWY_amber/replica_890/replica_890.pdb,outputs/slurm_YYDPETGTWY_amber/replica_890/replica_890_ca.pdb
354,313297121,helix,YYDPETGTWY,amber,-97.0196516046845,2.8503346704372827,8.24582422231709,4.492071613285815,5.508595556037851,4.848916770784997,1223.28,aer,4096,outputs/slurm_YYDPETGTWY_amber/replica_354/replica_354.pdb,outputs/slurm_YYDPETGTWY_amber/replica_354/replica_354_ca.pdb
776,313297543,random,YYDPETGTWY,amber,-3.100621000858009,2.9284498102529644,5.582550046467527,3.77332233711272,5.508595556037851,4.848916770784997,1630.03,aer,4096,outputs/slurm_YYDPETGTWY_amber/replica_776/replica_776.pdb,outputs/slurm_YYDPETGTWY_amber/replica_776/replica_776_ca.pdb
845,313297612,random,YYDPETGTWY,amber,-11.98266803273027,2.9500408837719263,5.833316078189428,4.344193760430596,5.508595556037851,4.848916770784997,1644.29,aer,4096,outputs/slurm_YYDPETGTWY_amber/replica_845/replica_845.pdb,outputs/slurm_YYDPETGTWY_amber/replica_845/replica_845_ca.pdb
71,313296838,random,YYDPETGTWY,amber,-67.47026059429152,2.9507830178995826,7.746937783517885,4.808006461604344,5.508595556037851,4.848916770784997,1148.03,aer,4096,outputs/slurm_YYDPETGTWY_amber/replica_71/replica_71.pdb,outputs/slurm_YYDPETGTWY_amber/replica_71/replica_71_ca.pdb
971,313297738,random,YYDPETGTWY,amber,-37.88190574013387,2.97125304389332,10.721528079732195,4.934405540361662,5.508595556037851,4.848916770784997,1158.21,aer,4096,outputs/slurm_YYDPETGTWY_amber/replica_971/replica_971.pdb,outputs/slurm_YYDPETGTWY_amber/replica_971/replica_971_ca.pdb
962,313297729,random,YYDPETGTWY,amber,-24.10792595603264,2.988443224794569,9.42636243402736,4.760836185391956,5.508595556037851,4.848916770784997,1013.65,aer,4096,outputs/slurm_YYDPETGTWY_amber/replica_962/replica_962.pdb,outputs/slurm_YYDPETGTWY_amber/replica_962/replica_962_ca.pdb
842,313297609,random,YYDPETGTWY,amber,-15.607053456110478,2.9952710703632386,6.7238034835122935,4.284594772620766,5.508595556037851,4.848916770784997,1206.3,aer,4096,outputs/slurm_YYDPETGTWY_amber/replica_842/replica_842.pdb,outputs/slurm_YYDPETGTWY_amber/replica_842/replica_842_ca.pdb
819,313297586,helix,YYDPETGTWY,amber,543.4250756205303,3.019269296991857,11.454946771714258,5.033013054933164,5.508595556037851,4.848916770784997,1286.0,aer,4096,outputs/slurm_YYDPETGTWY_amber/replica_819/replica_819.pdb,outputs/slurm_YYDPETGTWY_amber/replica_819/replica_819_ca.pdb
848,313297615,random,YYDPETGTWY,amber,-101.83931430449925,3.0526223513541724,8.592185662497124,4.792087010950372,5.508595556037851,4.848916770784997,1443.71,aer,4096,outputs/slurm_YYDPETGTWY_amber/replica_848/replica_848.pdb,outputs/slurm_YYDPETGTWY_amber/replica_848/replica_848_ca.pdb
266,313297033,random,YYDPETGTWY,amber,-22.13064675293254,3.0635566394538225,6.738597557858497,4.181245674976353,5.508595556037851,4.848916770784997,1547.55,aer,4096,outputs/slurm_YYDPETGTWY_amber/replica_266/replica_266.pdb,outputs/slurm_YYDPETGTWY_amber/replica_266/replica_266_ca.pdb
102,313296869,helix,YYDPETGTWY,amber,-129.4915883878328,3.151700746422867,11.245218112536785,5.108422011968551,5.508595556037851,4.848916770784997,1390.28,aer,4096,outputs/slurm_YYDPETGTWY_amber/replica_102/replica_102.pdb,outputs/slurm_YYDPETGTWY_amber/replica_102/replica_102_ca.pdb
68,313296835,random,YYDPETGTWY,amber,953.4277478646508,3.193472455107886,11.541795493415888,5.090845002702196,5.508595556037851,4.848916770784997,1317.43,aer,4096,outputs/slurm_YYDPETGTWY_amber/replica_68/replica_68.pdb,outputs/slurm_YYDPETGTWY_amber/replica_68/replica_68_ca.pdb
584,313297351,random,YYDPETGTWY,amber,30.162350943538943,3.197144196107617,6.328257619718891,4.5241333440022755,5.508595556037851,4.848916770784997,1304.17,aer,4096,outputs/slurm_YYDPETGTWY_amber/replica_584/replica_584.pdb,outputs/slurm_YYDPETGTWY_amber/replica_584/replica_584_ca.pdb
380,313297147,random,YYDPETGTWY,amber,-97.68281616902932,3.201918184926818,10.567126629064525,4.635048501929069,5.508595556037851,4.848916770784997,1224.49,aer,4096,outputs/slurm_YYDPETGTWY_amber/replica_380/replica_380.pdb,outputs/slurm_YYDPETGTWY_amber/replica_380/replica_380_ca.pdb
173,313296940,random,YYDPETGTWY,amber,-85.91237165432432,3.2375109324318085,9.23806564723277,4.307174443761735,5.508595556037851,4.848916770784997,1412.85,aer,4096,outputs/slurm_YYDPETGTWY_amber/replica_173/replica_173.pdb,outputs/slurm_YYDPETGTWY_amber/replica_173/replica_173_ca.pdb
920,313297687,random,YYDPETGTWY,amber,-32.46552408685949,3.249562960069507,6.847448320644198,4.598297862536716,5.508595556037851,4.848916770784997,1208.58,aer,4096,outputs/slurm_YYDPETGTWY_amber/replica_920/replica_920.pdb,outputs/slurm_YYDPETGTWY_amber/replica_920/replica_920_ca.pdb
20,313296787,random,YYDPETGTWY,amber,-10.084020075610372,3.2523059064534525,9.547396065006428,4.906129927872966,5.508595556037851,4.848916770784997,1167.79,aer,4096,outputs/slurm_YYDPETGTWY_amber/replica_20/replica_20.pdb,outputs/slurm_YYDPETGTWY_amber/replica_20/replica_20_ca.pdb
413,313297180,random,YYDPETGTWY,amber,-46.442098190792066,3.259881519435274,8.39149774331976,4.920637015219567,5.508595556037851,4.848916770784997,1278.62,aer,4096,outputs/slurm_YYDPETGTWY_amber/replica_413/replica_413.pdb,outputs/slurm_YYDPETGTWY_amber/replica_413/replica_413_ca.pdb
813,313297580,helix,YYDPETGTWY,amber,-26.660152885509767,3.270014839502435,9.295064780535672,5.014571503834499,5.508595556037851,4.848916770784997,1108.2,aer,4096,outputs/slurm_YYDPETGTWY_amber/replica_813/replica_813.pdb,outputs/slurm_YYDPETGTWY_amber/replica_813/replica_813_ca.pdb
694,313297461,sheet,YYDPETGTWY,amber,-77.35919717049282,3.2733772646224777,7.503320705249837,4.683011754781961,5.508595556037851,4.848916770784997,1196.77,aer,4096,outputs/slurm_YYDPETGTWY_amber/replica_694/replica_694.pdb,outputs/slurm_YYDPETGTWY_amber/replica_694/replica_694_ca.pdb
143,313296910,random,YYDPETGTWY,amber,-39.034977319802586,3.288633057264953,13.289735016330715,5.39942795764423,5.508595556037851,4.848916770784997,1250.69,aer,4096,outputs/slurm_YYDPETGTWY_amber/replica_143/replica_143.pdb,outputs/slurm_YYDPETGTWY_amber/replica_143/replica_143_ca.pdb
44,313296811,random,YYDPETGTWY,amber,-16.233354398916834,3.2961417050752186,12.235688977415087,5.36400326383334,5.508595556037851,4.848916770784997,1453.14,aer,4096,outputs/slurm_YYDPETGTWY_amber/replica_44/replica_44.pdb,outputs/slurm_YYDPETGTWY_amber/replica_44/replica_44_ca.pdb
701,313297468,random,YYDPETGTWY,amber,-15.04297879083275,3.2995259507131998,8.20855909213544,4.7886326053283,5.508595556037851,4.848916770784997,1654.04,aer,4096,outputs/slurm_YYDPETGTWY_amber/replica_701/replica_701.pdb,outputs/slurm_YYDPETGTWY_amber/replica_701/replica_701_ca.pdb
242,313297009,random,YYDPETGTWY,amber,-38.511006118474796,3.304803369475626,7.005617200901885,4.736541963093933,5.508595556037851,4.848916770784997,1309.75,aer,4096,outputs/slurm_YYDPETGTWY_amber/replica_242/replica_242.pdb,outputs/slurm_YYDPETGTWY_amber/replica_242/replica_242_ca.pdb
829,313297596,sheet,YYDPETGTWY,amber,24.411508662673718,3.30902800880776,8.830967678807013,4.816053395527746,5.508595556037851,4.848916770784997,1057.76,aer,4096,outputs/slurm_YYDPETGTWY_amber/replica_829/replica_829.pdb,outputs/slurm_YYDPETGTWY_amber/replica_829/replica_829_ca.pdb
554,313297321,random,YYDPETGTWY,amber,-41.09993246283799,3.31261983696009,11.174838808319011,4.985416135434365,5.508595556037851,4.848916770784997,970.21,aer,4096,outputs/slurm_YYDPETGTWY_amber/replica_554/replica_554.pdb,outputs/slurm_YYDPETGTWY_amber/replica_554/replica_554_ca.pdb
933,313297700,helix,YYDPETGTWY,amber,-21.623291681863417,3.3167316460192344,9.078391831084367,4.912754166352565,5.508595556037851,4.848916770784997,1668.94,aer,4096,outputs/slurm_YYDPETGTWY_amber/replica_933/replica_933.pdb,outputs/slurm_YYDPETGTWY_amber/replica_933/replica_933_ca.pdb
862,313297629,sheet,YYDPETGTWY,amber,-70.26853933128508,3.3403559047857523,11.88417494403445,4.949367814926849,5.508595556037851,4.848916770784997,1487.44,aer,4096,outputs/slurm_YYDPETGTWY_amber/replica_862/replica_862.pdb,outputs/slurm_YYDPETGTWY_amber/replica_862/replica_862_ca.pdb
715,313297482,sheet,YYDPETGTWY,amber,-122.78333390338574,3.36048473930315,11.641374045361415,5.530844431005418,5.508595556037851,4.848916770784997,1228.45,aer,4096,outputs/slurm_YYDPETGTWY_amber/replica_715/replica_715.pdb,outputs/slurm_YYDPETGTWY_amber/replica_715/replica_715_ca.pdb
310,313297077,sheet,YYDPETGTWY,amber,912.6702441493295,3.366140045116827,11.349066511568033,4.996915129407688,5.508595556037851,4.848916770784997,395.89,aer,4096,outputs/slurm_YYDPETGTWY_amber/replica_310/replica_310.pdb,outputs/slurm_YYDPETGTWY_amber/replica_310/replica_310_ca.pdb
107,313296874,random,YYDPETGTWY,amber,363.6339316388168,3.4156561068032953,8.273018619707676,4.818159802270963,5.508595556037851,4.848916770784997,1102.51,aer,4096,outputs/slurm_YYDPETGTWY_amber/replica_107/replica_107.pdb,outputs/slurm_YYDPETGTWY_amber/replica_107/replica_107_ca.pdb
24,313296791,helix,YYDPETGTWY,amber,8.44080805758586,3.419482523066647,10.549131049886922,4.959386185874816,5.508595556037851,4.848916770784997,1113.98,aer,4096,outputs/slurm_YYDPETGTWY_amber/replica_24/replica_24.pdb,outputs/slurm_YYDPETGTWY_amber/replica_24/replica_24_ca.pdb
871,313297638,sheet,YYDPETGTWY,amber,453.19314473477493,3.4672894639703156,7.556375804586716,4.6014998617869765,5.508595556037851,4.848916770784997,878.07,aer,4096,outputs/slurm_YYDPETGTWY_amber/replica_871/replica_871.pdb,outputs/slurm_YYDPETGTWY_amber/replica_871/replica_871_ca.pdb
793,313297560,sheet,YYDPETGTWY,amber,-18.70273724855303,3.474501924649124,11.802134539835254,5.34594138397642,5.508595556037851,4.848916770784997,1692.01,aer,4096,outputs/slurm_YYDPETGTWY_amber/replica_793/replica_793.pdb,outputs/slurm_YYDPETGTWY_amber/replica_793/replica_793_ca.pdb
559,313297326,sheet,YYDPETGTWY,amber,-78.76604940202816,3.475651031121252,6.353472717061903,4.577472072199491,5.508595556037851,4.848916770784997,1703.48,aer,4096,outputs/slurm_YYDPETGTWY_amber/replica_559/replica_559.pdb,outputs/slurm_YYDPETGTWY_amber/replica_559/replica_559_ca.pdb
347,313297114,random,YYDPETGTWY,amber,-42.80915478695471,3.484992794413688,7.930073806856698,4.891147790081397,5.508595556037851,4.848916770784997,1367.19,aer,4096,outputs/slurm_YYDPETGTWY_amber/replica_347/replica_347.pdb,outputs/slurm_YYDPETGTWY_amber/replica_347/replica_347_ca.pdb
586,313297353,sheet,YYDPETGTWY,amber,-68.3198845229775,3.490923388780753,9.524582133690382,4.337968913419082,5.508595556037851,4.848916770784997,1681.74,aer,4096,outputs/slurm_YYDPETGTWY_amber/replica_586/replica_586.pdb,outputs/slurm_YYDPETGTWY_amber/replica_586/replica_586_ca.pdb
569,313297336,random,YYDPETGTWY,amber,-20.51664038387884,3.4931257627945267,11.662213636386586,4.486466238874926,5.508595556037851,4.848916770784997,1779.66,aer,4096,outputs/slurm_YYDPETGTWY_amber/replica_569/replica_569.pdb,outputs/slurm_YYDPETGTWY_amber/replica_569/replica_569_ca.pdb
571,313297338,sheet,YYDPETGTWY,amber,-22.93715662771804,3.4954612583785987,7.425480586472287,4.573496337752958,5.508595556037851,4.848916770784997,1032.52,aer,4096,outputs/slurm_YYDPETGTWY_amber/replica_571/replica_571.pdb,outputs/slurm_YYDPETGTWY_amber/replica_571/replica_571_ca.pdb
210,313296977,helix,YYDPETGTWY,amber,-14.386936116829768,3.4979904894692266,8.806717061982287,4.96931636502277,5.508595556037851,4.848916770784997,1536.57,aer,4096,outputs/slurm_YYDPETGTWY_amber/replica_210/replica_210.pdb,outputs/slurm_YYDPETGTWY_amber/replica_210/replica_210_ca.pdb
33,313296800,helix,YYDPETGTWY,amber,17.80685866098194,3.5020574655024705,9.307949592405311,5.048979012392545,5.508595556037851,4.848916770784997,1328.8,aer,4096,outputs/slurm_YYDPETGTWY_amber/replica_33/replica_33.pdb,outputs/slurm_YYDPETGTWY_amber/replica_33/replica_33_ca.pdb
182,313296949,random,YYDPETGTWY,amber,-3.954476667120149,3.5022386648101347,11.402246618640909,5.614473164760907,5.508595556037851,4.848916770784997,1234.98,aer,4096,outputs/slurm_YYDPETGTWY_amber/replica_182/replica_182.pdb,outputs/slurm_YYDPETGTWY_amber/replica_182/replica_182_ca.pdb
429,313297196,helix,YYDPETGTWY,amber,-1.9600832956308694,3.533313952314993,11.47576774024045,4.53348670485481,5.508595556037851,4.848916770784997,1385.2,aer,4096,outputs/slurm_YYDPETGTWY_amber/replica_429/replica_429.pdb,outputs/slurm_YYDPETGTWY_amber/replica_429/replica_429_ca.pdb
663,313297430,helix,YYDPETGTWY,amber,16.95622247440257,3.5361191274349046,9.545050069359679,5.4403593239642465,5.508595556037851,4.848916770784997,1088.14,aer,4096,outputs/slurm_YYDPETGTWY_amber/replica_663/replica_663.pdb,outputs/slurm_YYDPETGTWY_amber/replica_663/replica_663_ca.pdb
978,313297745,helix,YYDPETGTWY,amber,31.460493492502643,3.5671837193116063,11.04088234878304,5.348409462044703,5.508595556037851,4.848916770784997,1195.79,aer,4096,outputs/slurm_YYDPETGTWY_amber/replica_978/replica_978.pdb,outputs/slurm_YYDPETGTWY_amber/replica_978/replica_978_ca.pdb
295,313297062,sheet,YYDPETGTWY,amber,-43.2131228445611,3.595748864712145,13.153798086649397,4.821308885347071,5.508595556037851,4.848916770784997,1455.02,aer,4096,outputs/slurm_YYDPETGTWY_amber/replica_295/replica_295.pdb,outputs/slurm_YYDPETGTWY_amber/replica_295/replica_295_ca.pdb
37,313296804,sheet,YYDPETGTWY,amber,-59.36639250876884,3.5974894413022374,11.538394434606479,4.811231755011949,5.508595556037851,4.848916770784997,1534.01,aer,4096,outputs/slurm_YYDPETGTWY_amber/replica_37/replica_37.pdb,outputs/slurm_YYDPETGTWY_amber/replica_37/replica_37_ca.pdb
299,313297066,random,YYDPETGTWY,amber,-8.281836143016129,3.612410577941487,5.880876482456928,4.423651335099286,5.508595556037851,4.848916770784997,1637.76,aer,4096,outputs/slurm_YYDPETGTWY_amber/replica_299/replica_299.pdb,outputs/slurm_YYDPETGTWY_amber/replica_299/replica_299_ca.pdb
386,313297153,random,YYDPETGTWY,amber,-6.5009088784427895,3.6162448054542895,12.15173809190671,4.698421736609242,5.508595556037851,4.848916770784997,1418.11,aer,4096,outputs/slurm_YYDPETGTWY_amber/replica_386/replica_386.pdb,outputs/slurm_YYDPETGTWY_amber/replica_386/replica_386_ca.pdb
627,313297394,helix,YYDPETGTWY,amber,-15.798881488457479,3.616811394126152,10.625301659885618,5.305414736026619,5.508595556037851,4.848916770784997,1045.85,aer,4096,outputs/slurm_YYDPETGTWY_amber/replica_627/replica_627.pdb,outputs/slurm_YYDPETGTWY_amber/replica_627/replica_627_ca.pdb
175,313296942,sheet,YYDPETGTWY,amber,-7.98472368303939,3.6358858186598453,10.827693100161415,5.568473951488942,5.508595556037851,4.848916770784997,1754.11,aer,4096,outputs/slurm_YYDPETGTWY_amber/replica_175/replica_175.pdb,outputs/slurm_YYDPETGTWY_amber/replica_175/replica_175_ca.pdb
602,313297369,random,YYDPETGTWY,amber,-76.95957749315461,3.637541480777568,13.513813780287732,5.396420553389113,5.508595556037851,4.848916770784997,1209.21,aer,4096,outputs/slurm_YYDPETGTWY_amber/replica_602/replica_602.pdb,outputs/slurm_YYDPETGTWY_amber/replica_602/replica_602_ca.pdb
899,313297666,random,YYDPETGTWY,amber,38.947048929947165,3.646108991138422,10.350272618479394,5.563447579454229,5.508595556037851,4.848916770784997,1436.31,aer,4096,outputs/slurm_YYDPETGTWY_amber/replica_899/replica_899.pdb,outputs/slurm_YYDPETGTWY_amber/replica_899/replica_899_ca.pdb
231,313296998,helix,YYDPETGTWY,amber,459.0144332053688,3.65673343687305,11.604191475525816,4.710166463910759,5.508595556037851,4.848916770784997,1101.27,aer,4096,outputs/slurm_YYDPETGTWY_amber/replica_231/replica_231.pdb,outputs/slurm_YYDPETGTWY_amber/replica_231/replica_231_ca.pdb
948,313297715,helix,YYDPETGTWY,amber,-53.071241177069965,3.659852910423857,10.648519637257936,4.832949713611281,5.508595556037851,4.848916770784997,1245.92,aer,4096,outputs/slurm_YYDPETGTWY_amber/replica_948/replica_948.pdb,outputs/slurm_YYDPETGTWY_amber/replica_948/replica_948_ca.pdb
654,313297421,helix,YYDPETGTWY,amber,23.547928598154527,3.6610652915868456,10.483315721364006,4.95175421981673,5.508595556037851,4.848916770784997,1091.43,aer,4096,outputs/slurm_YYDPETGTWY_amber/replica_654/replica_654.pdb,outputs/slurm_YYDPETGTWY_amber/replica_654/replica_654_ca.pdb
667,313297434,sheet,YYDPETGTWY,amber,73.09608806252672,3.664741977478257,11.781087850920194,4.929819583605307,5.508595556037851,4.848916770784997,1766.21,aer,4096,outputs/slurm_YYDPETGTWY_amber/replica_667/replica_667.pdb,outputs/slurm_YYDPETGTWY_amber/replica_667/replica_667_ca.pdb
45,313296812,helix,YYDPETGTWY,amber,25.123156962026314,3.6783248774964514,11.64049057856538,4.801627524979542,5.508595556037851,4.848916770784997,1956.21,aer,4096,outputs/slurm_YYDPETGTWY_amber/replica_45/replica_45.pdb,outputs/slurm_YYDPETGTWY_amber/replica_45/replica_45_ca.pdb
415,313297182,sheet,YYDPETGTWY,amber,-138.674248828643,3.6958718554039285,11.2586170895122,5.254060049754587,5.508595556037851,4.848916770784997,1026.1,aer,4096,outputs/slurm_YYDPETGTWY_amber/replica_415/replica_415.pdb,outputs/slurm_YYDPETGTWY_amber/replica_415/replica_415_ca.pdb
861,313297628,helix,YYDPETGTWY,amber,3.3175850130476414,3.6976012930551425,12.548689166580333,4.533934348553562,5.508595556037851,4.848916770784997,1349.99,aer,4096,outputs/slurm_YYDPETGTWY_amber/replica_861/replica_861.pdb,outputs/slurm_YYDPETGTWY_amber/replica_861/replica_861_ca.pdb
133,313296900,sheet,YYDPETGTWY,amber,-37.18215290293116,3.697673599418748,10.719246581410694,5.35065305947374,5.508595556037851,4.848916770784997,1087.64,aer,4096,outputs/slurm_YYDPETGTWY_amber/replica_133/replica_133.pdb,outputs/slurm_YYDPETGTWY_amber/replica_133/replica_133_ca.pdb
47,313296814,random,YYDPETGTWY,amber,-21.57486358258193,3.70529743025031,11.547525291633045,5.371832169223712,5.508595556037851,4.848916770784997,1144.16,aer,4096,outputs/slurm_YYDPETGTWY_amber/replica_47/replica_47.pdb,outputs/slurm_YYDPETGTWY_amber/replica_47/replica_47_ca.pdb
226,313296993,sheet,YYDPETGTWY,amber,-150.67063796936597,3.712062559777195,8.653534769795588,4.870703592007196,5.508595556037851,4.848916770784997,1374.33,aer,4096,outputs/slurm_YYDPETGTWY_amber/replica_226/replica_226.pdb,outputs/slurm_YYDPETGTWY_amber/replica_226/replica_226_ca.pdb
260,313297027,random,YYDPETGTWY,amber,-65.94498972262457,3.715962306757987,14.341974698005384,5.513766794671211,5.508595556037851,4.848916770784997,1266.62,aer,4096,outputs/slurm_YYDPETGTWY_amber/replica_260/replica_260.pdb,outputs/slurm_YYDPETGTWY_amber/replica_260/replica_260_ca.pdb
546,313297313,helix,YYDPETGTWY,amber,-51.97068247352148,3.722644429798677,11.977933766998762,5.025044117142269,5.508595556037851,4.848916770784997,1235.24,aer,4096,outputs/slurm_YYDPETGTWY_amber/replica_546/replica_546.pdb,outputs/slurm_YYDPETGTWY_amber/replica_546/replica_546_ca.pdb
238,313297005,sheet,YYDPETGTWY,amber,-1.898506225131557,3.7251938487919922,8.722397509366731,4.93486409083689,5.508595556037851,4.848916770784997,1278.25,aer,4096,outputs/slurm_YYDPETGTWY_amber/replica_238/replica_238.pdb,outputs/slurm_YYDPETGTWY_amber/replica_238/replica_238_ca.pdb
704,313297471,random,YYDPETGTWY,amber,17.279667958543044,3.737728778169391,12.354757829612115,4.679212055839841,5.508595556037851,4.848916770784997,1376.42,aer,4096,outputs/slurm_YYDPETGTWY_amber/replica_704/replica_704.pdb,outputs/slurm_YYDPETGTWY_amber/replica_704/replica_704_ca.pdb
963,313297730,helix,YYDPETGTWY,amber,12.26729082102704,3.74615802616208,13.49173400770306,5.431137376156176,5.508595556037851,4.848916770784997,1237.56,aer,4096,outputs/slurm_YYDPETGTWY_amber/replica_963/replica_963.pdb,outputs/slurm_YYDPETGTWY_amber/replica_963/replica_963_ca.pdb
897,313297664,helix,YYDPETGTWY,amber,-50.84501938718677,3.757097845983261,13.255184976428183,4.768531296062193,5.508595556037851,4.848916770784997,1319.8,aer,4096,outputs/slurm_YYDPETGTWY_amber/replica_897/replica_897.pdb,outputs/slurm_YYDPETGTWY_amber/replica_897/replica_897_ca.pdb
410,313297177,random,YYDPETGTWY,amber,663.2370945017291,3.7638515624222144,13.513512922001222,5.748549607912143,5.508595556037851,4.848916770784997,1038.6,aer,4096,outputs/slurm_YYDPETGTWY_amber/replica_410/replica_410.pdb,outputs/slurm_YYDPETGTWY_amber/replica_410/replica_410_ca.pdb
131,313296898,random,YYDPETGTWY,amber,-40.27372183063473,3.7651039973445606,11.589397673272527,5.198123609536521,5.508595556037851,4.848916770784997,1320.24,aer,4096,outputs/slurm_YYDPETGTWY_amber/replica_131/replica_131.pdb,outputs/slurm_YYDPETGTWY_amber/replica_131/replica_131_ca.pdb
312,313297079,helix,YYDPETGTWY,amber,-38.381802641794195,3.765652569188079,13.64436336967609,5.262772231184002,5.508595556037851,4.848916770784997,1333.37,aer,4096,outputs/slurm_YYDPETGTWY_amber/replica_312/replica_312.pdb,outputs/slurm_YYDPETGTWY_amber/replica_312/replica_312_ca.pdb
78,313296845,helix,YYDPETGTWY,amber,413.10262198261285,3.7807563053989908,13.999038568960062,5.395241086550354,5.508595556037851,4.848916770784997,1459.79,aer,4096,outputs/slurm_YYDPETGTWY_amber/replica_78/replica_78.pdb,outputs/slurm_YYDPETGTWY_amber/replica_78/replica_78_ca.pdb
455,313297222,random,YYDPETGTWY,amber,-43.11680923660183,3.7846648164083594,10.913556342061664,5.2894145891465065,5.508595556037851,4.848916770784997,1428.75,aer,4096,outputs/slurm_YYDPETGTWY_amber/replica_455/replica_455.pdb,outputs/slurm_YYDPETGTWY_amber/replica_455/replica_455_ca.pdb
795,313297562,helix,YYDPETGTWY,amber,54.92441737047893,3.7899516785186314,15.380356853747163,5.538191879588187,5.508595556037851,4.848916770784997,1613.75,aer,4096,outputs/slurm_YYDPETGTWY_amber/replica_795/replica_795.pdb,outputs/slurm_YYDPETGTWY_amber/replica_795/replica_795_ca.pdb
831,313297598,helix,YYDPETGTWY,amber,-42.55395154713563,3.7926175951785077,12.274592628993519,4.948075885489854,5.508595556037851,4.848916770784997,1378.81,aer,4096,outputs/slurm_YYDPETGTWY_amber/replica_831/replica_831.pdb,outputs/slurm_YYDPETGTWY_amber/replica_831/replica_831_ca.pdb
635,313297402,random,YYDPETGTWY,amber,7.900136208716683,3.8075664385579353,13.428551438364016,5.460772609062609,5.508595556037851,4.848916770784997,1605.39,aer,4096,outputs/slurm_YYDPETGTWY_amber/replica_635/replica_635.pdb,outputs/slurm_YYDPETGTWY_amber/replica_635/replica_635_ca.pdb
740,313297507,random,YYDPETGTWY,amber,-51.23250211484121,3.807753556947149,13.801832401443686,5.21076241516289,5.508595556037851,4.848916770784997,1123.44,aer,4096,outputs/slurm_YYDPETGTWY_amber/replica_740/replica_740.pdb,outputs/slurm_YYDPETGTWY_amber/replica_740/replica_740_ca.pdb
426,313297193,helix,YYDPETGTWY,amber,-40.41090623639674,3.8081873714853924,12.571055551125198,5.24767318455038,5.508595556037851,4.848916770784997,1355.16,aer,4096,outputs/slurm_YYDPETGTWY_amber/replica_426/replica_426.pdb,outputs/slurm_YYDPETGTWY_amber/replica_426/replica_426_ca.pdb
159,313296926,helix,YYDPETGTWY,amber,-74.09839222139755,3.8182406978670294,12.553117396168506,5.628887552856776,5.508595556037851,4.848916770784997,1394.41,aer,4096,outputs/slurm_YYDPETGTWY_amber/replica_159/replica_159.pdb,outputs/slurm_YYDPETGTWY_amber/replica_159/replica_159_ca.pdb
324,313297091,helix,YYDPETGTWY,amber,-39.75535170358057,3.818388198898981,13.83924864367498,5.521660364150364,5.508595556037851,4.848916770784997,1299.83,aer,4096,outputs/slurm_YYDPETGTWY_amber/replica_324/replica_324.pdb,outputs/slurm_YYDPETGTWY_amber/replica_324/replica_324_ca.pdb
943,313297710,sheet,YYDPETGTWY,amber,445.1978149722103,3.8270860934287985,14.322198547234503,5.736108927897772,5.508595556037851,4.848916770784997,1144.71,aer,4096,outputs/slurm_YYDPETGTWY_amber/replica_943/replica_943.pdb,outputs/slurm_YYDPETGTWY_amber/replica_943/replica_943_ca.pdb
398,313297165,random,YYDPETGTWY,amber,-84.77603424951917,3.8408975027941787,12.714263618320743,5.680607018087223,5.508595556037851,4.848916770784997,1519.26,aer,4096,outputs/slurm_YYDPETGTWY_amber/replica_398/replica_398.pdb,outputs/slurm_YYDPETGTWY_amber/replica_398/replica_398_ca.pdb
273,313297040,helix,YYDPETGTWY,amber,-73.36003034149671,3.8442496833590454,12.336422661456227,5.243387345366498,5.508595556037851,4.848916770784997,1190.67,aer,4096,outputs/slurm_YYDPETGTWY_amber/replica_273/replica_273.pdb,outputs/slurm_YYDPETGTWY_amber/replica_273/replica_273_ca.pdb
902,313297669,random,YYDPETGTWY,amber,-133.88758075565053,3.8451596969415616,13.450694363401544,5.11562551678934,5.508595556037851,4.848916770784997,1352.66,aer,4096,outputs/slurm_YYDPETGTWY_amber/replica_902/replica_902.pdb,outputs/slurm_YYDPETGTWY_amber/replica_902/replica_902_ca.pdb
822,313297589,helix,YYDPETGTWY,amber,-48.41061865254541,3.8537762567647738,14.936536138622548,5.214233395164078,5.508595556037851,4.848916770784997,1123.91,aer,4096,outputs/slurm_YYDPETGTWY_amber/replica_822/replica_822.pdb,outputs/slurm_YYDPETGTWY_amber/replica_822/replica_822_ca.pdb
453,313297220,helix,YYDPETGTWY,amber,-38.167638966483004,3.8538791542676067,13.803491146327957,5.503173332633273,5.508595556037851,4.848916770784997,1420.51,aer,4096,outputs/slurm_YYDPETGTWY_amber/replica_453/replica_453.pdb,outputs/slurm_YYDPETGTWY_amber/replica_453/replica_453_ca.pdb
921,313297688,helix,YYDPETGTWY,amber,-58.04679481280684,3.8550693826476228,12.177437137941917,5.286486024242133,5.508595556037851,4.848916770784997,2279.94,aer,4096,outputs/slurm_YYDPETGTWY_amber/replica_921/replica_921.pdb,outputs/slurm_YYDPETGTWY_amber/replica_921/replica_921_ca.pdb
532,313297299,sheet,YYDPETGTWY,amber,-51.135305096824744,3.859227706006376,15.480180844508142,5.795980647474118,5.508595556037851,4.848916770784997,1093.15,aer,4096,outputs/slurm_YYDPETGTWY_amber/replica_532/replica_532.pdb,outputs/slurm_YYDPETGTWY_amber/replica_532/replica_532_ca.pdb
301,313297068,sheet,YYDPETGTWY,amber,-44.60881733129566,3.859390669702085,14.10928661497081,5.635849921943954,5.508595556037851,4.848916770784997,1199.06,aer,4096,outputs/slurm_YYDPETGTWY_amber/replica_301/replica_301.pdb,outputs/slurm_YYDPETGTWY_amber/replica_301/replica_301_ca.pdb
539,313297306,random,YYDPETGTWY,amber,462.9565628116214,3.8617066606340464,11.578674543019568,5.367892254640483,5.508595556037851,4.848916770784997,1143.51,aer,4096,outputs/slurm_YYDPETGTWY_amber/replica_539/replica_539.pdb,outputs/slurm_YYDPETGTWY_amber/replica_539/replica_539_ca.pdb
164,313296931,random,YYDPETGTWY,amber,-66.76801768431609,3.863518085327309,12.719076306353408,4.628194066384506,5.508595556037851,4.848916770784997,1811.3,aer,4096,outputs/slurm_YYDPETGTWY_amber/replica_164/replica_164.pdb,outputs/slurm_YYDPETGTWY_amber/replica_164/replica_164_ca.pdb
664,313297431,sheet,YYDPETGTWY,amber,-21.342994778010688,3.8677950001699117,10.793215842238498,5.240987930702795,5.508595556037851,4.848916770784997,1171.89,aer,4096,outputs/slurm_YYDPETGTWY_amber/replica_664/replica_664.pdb,outputs/slurm_YYDPETGTWY_amber/replica_664/replica_664_ca.pdb
442,313297209,sheet,YYDPETGTWY,amber,-78.24872803419834,3.8690304893158207,10.667018127508724,4.920307076313491,5.508595556037851,4.848916770784997,1162.13,aer,4096,outputs/slurm_YYDPETGTWY_amber/replica_442/replica_442.pdb,outputs/slurm_YYDPETGTWY_amber/replica_442/replica_442_ca.pdb
93,313296860,helix,YYDPETGTWY,amber,13.805298650687773,3.87112116454486,14.59898818353151,5.302609546005086,5.508595556037851,4.848916770784997,1903.27,aer,4096,outputs/slurm_YYDPETGTWY_amber/replica_93/replica_93.pdb,outputs/slurm_YYDPETGTWY_amber/replica_93/replica_93_ca.pdb
64,313296831,sheet,YYDPETGTWY,amber,-39.15134182077095,3.9018937462682572,13.4036456311088,5.004202722436273,5.508595556037851,4.848916770784997,1292.76,aer,4096,outputs/slurm_YYDPETGTWY_amber/replica_64/replica_64.pdb,outputs/slurm_YYDPETGTWY_amber/replica_64/replica_64_ca.pdb
801,313297568,helix,YYDPETGTWY,amber,-4.814493292301483,3.9065579160500428,11.59124262685862,5.306222086683872,5.508595556037851,4.848916770784997,1426.75,aer,4096,outputs/slurm_YYDPETGTWY_amber/replica_801/replica_801.pdb,outputs/slurm_YYDPETGTWY_amber/replica_801/replica_801_ca.pdb
224,313296991,random,YYDPETGTWY,amber,-52.0479319313599,3.911716474797433,11.769092155862012,5.29357402938196,5.508595556037851,4.848916770784997,1156.63,aer,4096,outputs/slurm_YYDPETGTWY_amber/replica_224/replica_224.pdb,outputs/slurm_YYDPETGTWY_amber/replica_224/replica_224_ca.pdb
362,313297129,random,YYDPETGTWY,amber,-44.982000774220914,3.916405744579447,15.358554843024605,5.571221479330743,5.508595556037851,4.848916770784997,1419.1,aer,4096,outputs/slurm_YYDPETGTWY_amber/replica_362/replica_362.pdb,outputs/slurm_YYDPETGTWY_amber/replica_362/replica_362_ca.pdb
343,313297110,sheet,YYDPETGTWY,amber,701.976307639587,3.9164670785264923,11.46265449803118,5.220859825822087,5.508595556037851,4.848916770784997,810.6,aer,4096,outputs/slurm_YYDPETGTWY_amber/replica_343/replica_343.pdb,outputs/slurm_YYDPETGTWY_amber/replica_343/replica_343_ca.pdb
291,313297058,helix,YYDPETGTWY,amber,-80.38797636527737,3.919415621235804,10.934197478440636,4.90628734018812,5.508595556037851,4.848916770784997,1771.85,aer,4096,outputs/slurm_YYDPETGTWY_amber/replica_291/replica_291.pdb,outputs/slurm_YYDPETGTWY_amber/replica_291/replica_291_ca.pdb
630,313297397,helix,YYDPETGTWY,amber,-64.54732563036121,3.926995856567676,12.196542903673082,5.737177213752788,5.508595556037851,4.848916770784997,1575.48,aer,4096,outputs/slurm_YYDPETGTWY_amber/replica_630/replica_630.pdb,outputs/slurm_YYDPETGTWY_amber/replica_630/replica_630_ca.pdb
949,313297716,sheet,YYDPETGTWY,amber,320.3810325783121,3.9281570340202294,11.014529978575963,5.414084669362106,5.508595556037851,4.848916770784997,1015.91,aer,4096,outputs/slurm_YYDPETGTWY_amber/replica_949/replica_949.pdb,outputs/slurm_YYDPETGTWY_amber/replica_949/replica_949_ca.pdb
0,313296767,helix,YYDPETGTWY,amber,-113.54525911710697,3.9307268517132297,12.245777270008949,5.25172889475299,5.508595556037851,4.848916770784997,1658.27,aer,4096,outputs/slurm_YYDPETGTWY_amber/replica_0/replica_0.pdb,outputs/slurm_YYDPETGTWY_amber/replica_0/replica_0_ca.pdb
22,313296789,sheet,YYDPETGTWY,amber,-22.963907783020584,3.9323593576585254,9.796294446653066,4.831334036939915,5.508595556037851,4.848916770784997,1442.7,aer,4096,outputs/slurm_YYDPETGTWY_amber/replica_22/replica_22.pdb,outputs/slurm_YYDPETGTWY_amber/replica_22/replica_22_ca.pdb
389,313297156,random,YYDPETGTWY,amber,-44.33034633841641,3.935044741803922,13.324931348966988,5.361777437034089,5.508595556037851,4.848916770784997,2272.82,aer,4096,outputs/slurm_YYDPETGTWY_amber/replica_389/replica_389.pdb,outputs/slurm_YYDPETGTWY_amber/replica_389/replica_389_ca.pdb
653,313297420,random,YYDPETGTWY,amber,20.680798042581596,3.9448420961403734,11.780008562032995,4.7188755123388635,5.508595556037851,4.848916770784997,1470.09,aer,4096,outputs/slurm_YYDPETGTWY_amber/replica_653/replica_653.pdb,outputs/slurm_YYDPETGTWY_amber/replica_653/replica_653_ca.pdb
303,313297070,helix,YYDPETGTWY,amber,-36.7524907455344,3.945438503606109,13.350773182167126,5.656176990347454,5.508595556037851,4.848916770784997,1648.95,aer,4096,outputs/slurm_YYDPETGTWY_amber/replica_303/replica_303.pdb,outputs/slurm_YYDPETGTWY_amber/replica_303/replica_303_ca.pdb
670,313297437,sheet,YYDPETGTWY,amber,-54.073887021985264,3.9472730533825886,14.641368769248928,5.540407102451144,5.508595556037851,4.848916770784997,1206.8,aer,4096,outputs/slurm_YYDPETGTWY_amber/replica_670/replica_670.pdb,outputs/slurm_YYDPETGTWY_amber/replica_670/replica_670_ca.pdb
91,313296858,sheet,YYDPETGTWY,amber,-35.39373368582422,3.9488521702906625,11.82060396557713,5.234481295756036,5.508595556037851,4.848916770784997,1561.42,aer,4096,outputs/slurm_YYDPETGTWY_amber/replica_91/replica_91.pdb,outputs/slurm_YYDPETGTWY_amber/replica_91/replica_91_ca.pdb
791,313297558,random,YYDPETGTWY,amber,-3.9940143443198894,3.9520036448466938,15.198095692269943,5.7288804761150445,5.508595556037851,4.848916770784997,1546.91,aer,4096,outputs/slurm_YYDPETGTWY_amber/replica_791/replica_791.pdb,outputs/slurm_YYDPETGTWY_amber/replica_791/replica_791_ca.pdb
647,313297414,random,YYDPETGTWY,amber,-4.378694955035855,3.9579466038744258,12.511904497045128,5.626560762182863,5.508595556037851,4.848916770784997,1421.56,aer,4096,outputs/slurm_YYDPETGTWY_amber/replica_647/replica_647.pdb,outputs/slurm_YYDPETGTWY_amber/replica_647/replica_647_ca.pdb
575,313297342,random,YYDPETGTWY,amber,-7.590032853419778,3.960020090179706,11.698318117239129,5.243456127652761,5.508595556037851,4.848916770784997,1300.94,aer,4096,outputs/slurm_YYDPETGTWY_amber/replica_575/replica_575.pdb,outputs/slurm_YYDPETGTWY_amber/replica_575/replica_575_ca.pdb
319,313297086,sheet,YYDPETGTWY,amber,-57.0638562021414,3.9616781786997244,12.268572128483893,5.276095316282599,5.508595556037851,4.848916770784997,1291.37,aer,4096,outputs/slurm_YYDPETGTWY_amber/replica_319/replica_319.pdb,outputs/slurm_YYDPETGTWY_amber/replica_319/replica_319_ca.pdb
682,313297449,sheet,YYDPETGTWY,amber,35.99792103576133,3.977945045526188,11.628375591625298,5.362302232681993,5.508595556037851,4.848916770784997,1506.52,aer,4096,outputs/slurm_YYDPETGTWY_amber/replica_682/replica_682.pdb,outputs/slurm_YYDPETGTWY_amber/replica_682/replica_682_ca.pdb
924,313297691,helix,YYDPETGTWY,amber,-73.6403863268981,3.9803948395737847,13.181708899417764,5.415800423623815,5.508595556037851,4.848916770784997,1317.11,aer,4096,outputs/slurm_YYDPETGTWY_amber/replica_924/replica_924.pdb,outputs/slurm_YYDPETGTWY_amber/replica_924/replica_924_ca.pdb
427,313297194,sheet,YYDPETGTWY,amber,-2.568112930107336,3.988314144432113,14.016088210481204,5.32178426143007,5.508595556037851,4.848916770784997,1187.1,aer,4096,outputs/slurm_YYDPETGTWY_amber/replica_427/replica_427.pdb,outputs/slurm_YYDPETGTWY_amber/replica_427/replica_427_ca.pdb
445,313297212,sheet,YYDPETGTWY,amber,5.419987121784472,3.988537650369598,12.690545633436082,5.060424179282675,5.508595556037851,4.848916770784997,1123.24,aer,4096,outputs/slurm_YYDPETGTWY_amber/replica_445/replica_445.pdb,outputs/slurm_YYDPETGTWY_amber/replica_445/replica_445_ca.pdb
129,313296896,helix,YYDPETGTWY,amber,-38.98864871932051,3.9914549953468526,14.63634444754855,5.692906678876917,5.508595556037851,4.848916770784997,1490.28,aer,4096,outputs/slurm_YYDPETGTWY_amber/replica_129/replica_129.pdb,outputs/slurm_YYDPETGTWY_amber/replica_129/replica_129_ca.pdb
808,313297575,sheet,YYDPETGTWY,amber,-4.2283305938146425,3.993030433434176,9.951423909266023,5.064680212854471,5.508595556037851,4.848916770784997,1526.83,aer,4096,outputs/slurm_YYDPETGTWY_amber/replica_808/replica_808.pdb,outputs/slurm_YYDPETGTWY_amber/replica_808/replica_808_ca.pdb
572,313297339,random,YYDPETGTWY,amber,-7.5889963392294915,3.99762596462647,12.523486867194498,5.56844261077134,5.508595556037851,4.848916770784997,1316.49,aer,4096,outputs/slurm_YYDPETGTWY_amber/replica_572/replica_572.pdb,outputs/slurm_YYDPETGTWY_amber/replica_572/replica_572_ca.pdb
648,313297415,helix,YYDPETGTWY,amber,17.492722088618738,4.01463712501079,14.521447798488408,5.5238672095433,5.508595556037851,4.848916770784997,1499.22,aer,4096,outputs/slurm_YYDPETGTWY_amber/replica_648/replica_648.pdb,outputs/slurm_YYDPETGTWY_amber/replica_648/replica_648_ca.pdb
330,313297097,helix,YYDPETGTWY,amber,-50.7283098792234,4.016792127811919,12.35647785453248,5.124348034553915,5.508595556037851,4.848916770784997,1564.62,aer,4096,outputs/slurm_YYDPETGTWY_amber/replica_330/replica_330.pdb,outputs/slurm_YYDPETGTWY_amber/replica_330/replica_330_ca.pdb
15,313296782,helix,YYDPETGTWY,amber,-19.61808378711177,4.017191245180194,13.323349941029475,5.504116167861001,5.508595556037851,4.848916770784997,1332.77,aer,4096,outputs/slurm_YYDPETGTWY_amber/replica_15/replica_15.pdb,outputs/slurm_YYDPETGTWY_amber/replica_15/replica_15_ca.pdb
186,313296953,helix,YYDPETGTWY,amber,-64.0233483383176,4.0334615818454855,12.123769335885013,5.548620590607277,5.508595556037851,4.848916770784997,1167.75,aer,4096,outputs/slurm_YYDPETGTWY_amber/replica_186/replica_186.pdb,outputs/slurm_YYDPETGTWY_amber/replica_186/replica_186_ca.pdb
611,313297378,random,YYDPETGTWY,amber,-8.622663158821616,4.038965123082834,10.719091140669027,5.30574864791409,5.508595556037851,4.848916770784997,1554.88,aer,4096,outputs/slurm_YYDPETGTWY_amber/replica_611/replica_611.pdb,outputs/slurm_YYDPETGTWY_amber/replica_611/replica_611_ca.pdb
332,313297099,random,YYDPETGTWY,amber,-5.90733683731904,4.038973130027619,13.061850458430833,5.5937591953297705,5.508595556037851,4.848916770784997,2369.83,aer,4096,outputs/slurm_YYDPETGTWY_amber/replica_332/replica_332.pdb,outputs/slurm_YYDPETGTWY_amber/replica_332/replica_332_ca.pdb
691,313297458,sheet,YYDPETGTWY,amber,-20.10206979258381,4.0436706994391525,11.525811110944584,5.290308526587368,5.508595556037851,4.848916770784997,2147.76,aer,4096,outputs/slurm_YYDPETGTWY_amber/replica_691/replica_691.pdb,outputs/slurm_YYDPETGTWY_amber/replica_691/replica_691_ca.pdb
11,313296778,random,YYDPETGTWY,amber,18.478725207238405,4.044106081673782,11.737667720892652,5.210698378562013,5.508595556037851,4.848916770784997,1558.69,aer,4096,outputs/slurm_YYDPETGTWY_amber/replica_11/replica_11.pdb,outputs/slurm_YYDPETGTWY_amber/replica_11/replica_11_ca.pdb
92,313296859,random,YYDPETGTWY,amber,-35.077182988580745,4.047146148297202,15.199431278729405,5.613798160309613,5.508595556037851,4.848916770784997,1226.11,aer,4096,outputs/slurm_YYDPETGTWY_amber/replica_92/replica_92.pdb,outputs/slurm_YYDPETGTWY_amber/replica_92/replica_92_ca.pdb
134,313296901,random,YYDPETGTWY,amber,31.394932740248972,4.052114512680423,11.616551355156586,5.391791346309531,5.508595556037851,4.848916770784997,1025.03,aer,4096,outputs/slurm_YYDPETGTWY_amber/replica_134/replica_134.pdb,outputs/slurm_YYDPETGTWY_amber/replica_134/replica_134_ca.pdb
783,313297550,helix,YYDPETGTWY,amber,-125.07758980767755,4.055082395757183,15.795310249119632,5.613109216280008,5.508595556037851,4.848916770784997,1617.02,aer,4096,outputs/slurm_YYDPETGTWY_amber/replica_783/replica_783.pdb,outputs/slurm_YYDPETGTWY_amber/replica_783/replica_783_ca.pdb
353,313297120,random,YYDPETGTWY,amber,-101.93297847917825,4.055590949012577,15.885043308277103,5.822755346406353,5.508595556037851,4.848916770784997,1219.17,aer,4096,outputs/slurm_YYDPETGTWY_amber/replica_353/replica_353.pdb,outputs/slurm_YYDPETGTWY_amber/replica_353/replica_353_ca.pdb
466,313297233,sheet,YYDPETGTWY,amber,0.1183944508419249,4.060801581055785,14.357107510707369,5.612699813835298,5.508595556037851,4.848916770784997,1295.1,aer,4096,outputs/slurm_YYDPETGTWY_amber/replica_466/replica_466.pdb,outputs/slurm_YYDPETGTWY_amber/replica_466/replica_466_ca.pdb
742,313297509,sheet,YYDPETGTWY,amber,7.727468221318334,4.062353543722253,11.941791364916865,5.467590724615951,5.508595556037851,4.848916770784997,1084.32,aer,4096,outputs/slurm_YYDPETGTWY_amber/replica_742/replica_742.pdb,outputs/slurm_YYDPETGTWY_amber/replica_742/replica_742_ca.pdb
560,313297327,random,YYDPETGTWY,amber,-1.693111105821938,4.066114634223831,13.204953243515698,5.2968331955433126,5.508595556037851,4.848916770784997,1992.12,aer,4096,outputs/slurm_YYDPETGTWY_amber/replica_560/replica_560.pdb,outputs/slurm_YYDPETGTWY_amber/replica_560/replica_560_ca.pdb
311,313297078,random,YYDPETGTWY,amber,-76.0972812750106,4.0676765955631256,15.698490441213707,5.9867775463438715,5.508595556037851,4.848916770784997,1429.53,aer,4096,outputs/slurm_YYDPETGTWY_amber/replica_311/replica_311.pdb,outputs/slurm_YYDPETGTWY_amber/replica_311/replica_311_ca.pdb
363,313297130,helix,YYDPETGTWY,amber,-107.97313585434433,4.073492534255974,12.665877188730224,5.399539956483255,5.508595556037851,4.848916770784997,1376.97,aer,4096,outputs/slurm_YYDPETGTWY_amber/replica_363/replica_363.pdb,outputs/slurm_YYDPETGTWY_amber/replica_363/replica_363_ca.pdb
222,313296989,helix,YYDPETGTWY,amber,-72.66188161744013,4.075208887022758,10.521811386341943,5.10837651076085,5.508595556037851,4.848916770784997,1403.66,aer,4096,outputs/slurm_YYDPETGTWY_amber/replica_222/replica_222.pdb,outputs/slurm_YYDPETGTWY_amber/replica_222/replica_222_ca.pdb
276,313297043,helix,YYDPETGTWY,amber,-54.05408562670647,4.083943939894271,10.547360828348399,5.124205894162465,5.508595556037851,4.848916770784997,1623.01,aer,4096,outputs/slurm_YYDPETGTWY_amber/replica_276/replica_276.pdb,outputs/slurm_YYDPETGTWY_amber/replica_276/replica_276_ca.pdb
282,313297049,helix,YYDPETGTWY,amber,-86.73774987909886,4.084429978618804,13.82178321417873,5.63863060643437,5.508595556037851,4.848916770784997,1433.19,aer,4096,outputs/slurm_YYDPETGTWY_amber/replica_282/replica_282.pdb,outputs/slurm_YYDPETGTWY_amber/replica_282/replica_282_ca.pdb
255,313297022,helix,YYDPETGTWY,amber,-36.21180785154667,4.084656068282266,14.307598488991278,5.707612633769426,5.508595556037851,4.848916770784997,1386.73,aer,4096,outputs/slurm_YYDPETGTWY_amber/replica_255/replica_255.pdb,outputs/slurm_YYDPETGTWY_amber/replica_255/replica_255_ca.pdb
536,313297303,random,YYDPETGTWY,amber,-7.43235661731593,4.08920877456969,16.370967178224582,5.591117471413557,5.508595556037851,4.848916770784997,1276.2,aer,4096,outputs/slurm_YYDPETGTWY_amber/replica_536/replica_536.pdb,outputs/slurm_YYDPETGTWY_amber/replica_536/replica_536_ca.pdb
397,313297164,sheet,YYDPETGTWY,amber,-58.569702959013576,4.090679701907633,13.597239257595065,5.290192607294452,5.508595556037851,4.848916770784997,1509.11,aer,4096,outputs/slurm_YYDPETGTWY_amber/replica_397/replica_397.pdb,outputs/slurm_YYDPETGTWY_amber/replica_397/replica_397_ca.pdb
223,313296990,sheet,YYDPETGTWY,amber,-43.74304073552728,4.092385746439282,15.332494020909252,5.672800367656269,5.508595556037851,4.848916770784997,1836.0,aer,4096,outputs/slurm_YYDPETGTWY_amber/replica_223/replica_223.pdb,outputs/slurm_YYDPETGTWY_amber/replica_223/replica_223_ca.pdb
644,313297411,random,YYDPETGTWY,amber,-46.490852265134336,4.105763112025287,11.732445816269752,5.660045722007324,5.508595556037851,4.848916770784997,1426.33,aer,4096,outputs/slurm_YYDPETGTWY_amber/replica_644/replica_644.pdb,outputs/slurm_YYDPETGTWY_amber/replica_644/replica_644_ca.pdb
284,313297051,random,YYDPETGTWY,amber,8.617734081112784,4.109735592820808,13.912094945025506,6.080133957387686,5.508595556037851,4.848916770784997,1458.55,aer,4096,outputs/slurm_YYDPETGTWY_amber/replica_284/replica_284.pdb,outputs/slurm_YYDPETGTWY_amber/replica_284/replica_284_ca.pdb
615,313297382,helix,YYDPETGTWY,amber,-128.4144366252231,4.1112390226759645,14.697515540304044,5.827879060753672,5.508595556037851,4.848916770784997,1117.01,aer,4096,outputs/slurm_YYDPETGTWY_amber/replica_615/replica_615.pdb,outputs/slurm_YYDPETGTWY_amber/replica_615/replica_615_ca.pdb
127,313296894,sheet,YYDPETGTWY,amber,35.08846910083106,4.115707740697776,12.456778140630124,5.752362248153438,5.508595556037851,4.848916770784997,1375.21,aer,4096,outputs/slurm_YYDPETGTWY_amber/replica_127/replica_127.pdb,outputs/slurm_YYDPETGTWY_amber/replica_127/replica_127_ca.pdb
50,313296817,random,YYDPETGTWY,amber,-37.248836228560705,4.11784715319881,12.797118108850972,5.6282979345293835,5.508595556037851,4.848916770784997,1126.87,aer,4096,outputs/slurm_YYDPETGTWY_amber/replica_50/replica_50.pdb,outputs/slurm_YYDPETGTWY_amber/replica_50/replica_50_ca.pdb
942,313297709,helix,YYDPETGTWY,amber,39.417531815311435,4.119583537327831,14.676342565896984,5.690343423550423,5.508595556037851,4.848916770784997,1553.32,aer,4096,outputs/slurm_YYDPETGTWY_amber/replica_942/replica_942.pdb,outputs/slurm_YYDPETGTWY_amber/replica_942/replica_942_ca.pdb
935,313297702,random,YYDPETGTWY,amber,2.2907364613779295,4.120867648025853,15.786998841654864,5.612902466667531,5.508595556037851,4.848916770784997,1509.83,aer,4096,outputs/slurm_YYDPETGTWY_amber/replica_935/replica_935.pdb,outputs/slurm_YYDPETGTWY_amber/replica_935/replica_935_ca.pdb
785,313297552,random,YYDPETGTWY,amber,-31.67530399667828,4.121879222973402,13.223492997020088,5.559696047306703,5.508595556037851,4.848916770784997,1181.12,aer,4096,outputs/slurm_YYDPETGTWY_amber/replica_785/replica_785.pdb,outputs/slurm_YYDPETGTWY_amber/replica_785/replica_785_ca.pdb
125,313296892,random,YYDPETGTWY,amber,13.74549046213333,4.141758955429236,14.354598044521211,5.1905868300738565,5.508595556037851,4.848916770784997,1177.64,aer,4096,outputs/slurm_YYDPETGTWY_amber/replica_125/replica_125.pdb,outputs/slurm_YYDPETGTWY_amber/replica_125/replica_125_ca.pdb
665,313297432,random,YYDPETGTWY,amber,-4.590928164477804,4.147119765069789,12.755563259644799,5.448990554168488,5.508595556037851,4.848916770784997,1205.18,aer,4096,outputs/slurm_YYDPETGTWY_amber/replica_665/replica_665.pdb,outputs/slurm_YYDPETGTWY_amber/replica_665/replica_665_ca.pdb
35,313296802,random,YYDPETGTWY,amber,12.550961151859982,4.153158236648398,12.50312660341736,4.82455825840889,5.508595556037851,4.848916770784997,1186.74,aer,4096,outputs/slurm_YYDPETGTWY_amber/replica_35/replica_35.pdb,outputs/slurm_YYDPETGTWY_amber/replica_35/replica_35_ca.pdb
727,313297494,sheet,YYDPETGTWY,amber,-53.93572788872376,4.154648145775977,11.457626957033836,4.851042895143255,5.508595556037851,4.848916770784997,1511.16,aer,4096,outputs/slurm_YYDPETGTWY_amber/replica_727/replica_727.pdb,outputs/slurm_YYDPETGTWY_amber/replica_727/replica_727_ca.pdb
860,313297627,random,YYDPETGTWY,amber,0.7048885672121452,4.15567680314866,12.89003098586895,5.069380788444318,5.508595556037851,4.848916770784997,1369.61,aer,4096,outputs/slurm_YYDPETGTWY_amber/replica_860/replica_860.pdb,outputs/slurm_YYDPETGTWY_amber/replica_860/replica_860_ca.pdb
335,313297102,random,YYDPETGTWY,amber,-69.7726298977457,4.164432372197572,13.178728481852023,4.800594378934466,5.508595556037851,4.848916770784997,1408.11,aer,4096,outputs/slurm_YYDPETGTWY_amber/replica_335/replica_335.pdb,outputs/slurm_YYDPETGTWY_amber/replica_335/replica_335_ca.pdb
976,313297743,sheet,YYDPETGTWY,amber,-67.76440580345054,4.166125163838844,13.8496750168237,5.993001700301788,5.508595556037851,4.848916770784997,1701.35,aer,4096,outputs/slurm_YYDPETGTWY_amber/replica_976/replica_976.pdb,outputs/slurm_YYDPETGTWY_amber/replica_976/replica_976_ca.pdb
781,313297548,sheet,YYDPETGTWY,amber,-50.48445625092027,4.187432331977407,11.830021151094156,5.1051759197980635,5.508595556037851,4.848916770784997,1528.61,aer,4096,outputs/slurm_YYDPETGTWY_amber/replica_781/replica_781.pdb,outputs/slurm_YYDPETGTWY_amber/replica_781/replica_781_ca.pdb
270,313297037,helix,YYDPETGTWY,amber,56.35797520326366,4.197322606175489,13.248136496701742,5.609418886994455,5.508595556037851,4.848916770784997,1832.25,aer,4096,outputs/slurm_YYDPETGTWY_amber/replica_270/replica_270.pdb,outputs/slurm_YYDPETGTWY_amber/replica_270/replica_270_ca.pdb
918,313297685,helix,YYDPETGTWY,amber,-104.05848374025729,4.200849279315945,11.676230633126476,5.257699815591957,5.508595556037851,4.848916770784997,2116.19,aer,4096,outputs/slurm_YYDPETGTWY_amber/replica_918/replica_918.pdb,outputs/slurm_YYDPETGTWY_amber/replica_918/replica_918_ca.pdb
247,313297014,sheet,YYDPETGTWY,amber,86.33263466011837,4.202073242407256,12.663712518376895,5.083277674278808,5.508595556037851,4.848916770784997,1503.05,aer,4096,outputs/slurm_YYDPETGTWY_amber/replica_247/replica_247.pdb,outputs/slurm_YYDPETGTWY_amber/replica_247/replica_247_ca.pdb
714,313297481,helix,YYDPETGTWY,amber,-79.2640432558774,4.21496360226893,12.719616629335416,5.58433174155167,5.508595556037851,4.848916770784997,1661.31,aer,4096,outputs/slurm_YYDPETGTWY_amber/replica_714/replica_714.pdb,outputs/slurm_YYDPETGTWY_amber/replica_714/replica_714_ca.pdb
687,313297454,helix,YYDPETGTWY,amber,-156.1221826405645,4.217512816950433,12.483729199705017,5.347337663716199,5.508595556037851,4.848916770784997,1452.6,aer,4096,outputs/slurm_YYDPETGTWY_amber/replica_687/replica_687.pdb,outputs/slurm_YYDPETGTWY_amber/replica_687/replica_687_ca.pdb
161,313296928,random,YYDPETGTWY,amber,79.3232857385738,4.217772383396191,13.93088119558262,5.5945187450029605,5.508595556037851,4.848916770784997,1110.3,aer,4096,outputs/slurm_YYDPETGTWY_amber/replica_161/replica_161.pdb,outputs/slurm_YYDPETGTWY_amber/replica_161/replica_161_ca.pdb
73,313296840,sheet,YYDPETGTWY,amber,-55.79877920875865,4.217840312741971,14.126956968544183,5.651004535086587,5.508595556037851,4.848916770784997,1231.97,aer,4096,outputs/slurm_YYDPETGTWY_amber/replica_73/replica_73.pdb,outputs/slurm_YYDPETGTWY_amber/replica_73/replica_73_ca.pdb
786,313297553,helix,YYDPETGTWY,amber,-35.67884142050508,4.230371004951449,16.403658866247685,5.669705020362746,5.508595556037851,4.848916770784997,1298.47,aer,4096,outputs/slurm_YYDPETGTWY_amber/replica_786/replica_786.pdb,outputs/slurm_YYDPETGTWY_amber/replica_786/replica_786_ca.pdb
195,313296962,helix,YYDPETGTWY,amber,22.829348947087677,4.231881306774002,14.066066594998002,5.249541974649221,5.508595556037851,4.848916770784997,1066.94,aer,4096,outputs/slurm_YYDPETGTWY_amber/replica_195/replica_195.pdb,outputs/slurm_YYDPETGTWY_amber/replica_195/replica_195_ca.pdb
178,313296945,sheet,YYDPETGTWY,amber,-28.10716821381234,4.232091621473814,12.841887931463654,5.799006354050312,5.508595556037851,4.848916770784997,1128.2,aer,4096,outputs/slurm_YYDPETGTWY_amber/replica_178/replica_178.pdb,outputs/slurm_YYDPETGTWY_amber/replica_178/replica_178_ca.pdb
232,313296999,sheet,YYDPETGTWY,amber,-14.827784642704932,4.233075446898207,11.864119151540281,5.027591694817793,5.508595556037851,4.848916770784997,1260.33,aer,4096,outputs/slurm_YYDPETGTWY_amber/replica_232/replica_232.pdb,outputs/slurm_YYDPETGTWY_amber/replica_232/replica_232_ca.pdb
201,313296968,helix,YYDPETGTWY,amber,-116.94026181230637,4.23732356451437,15.030336405915,5.59614852841681,5.508595556037851,4.848916770784997,1389.72,aer,4096,outputs/slurm_YYDPETGTWY_amber/replica_201/replica_201.pdb,outputs/slurm_YYDPETGTWY_amber/replica_201/replica_201_ca.pdb
672,313297439,helix,YYDPETGTWY,amber,-65.83074584744455,4.244846435355978,12.831846594653548,5.599715699112299,5.508595556037851,4.848916770784997,1088.41,aer,4096,outputs/slurm_YYDPETGTWY_amber/replica_672/replica_672.pdb,outputs/slurm_YYDPETGTWY_amber/replica_672/replica_672_ca.pdb
960,313297727,helix,YYDPETGTWY,amber,-67.07047624885863,4.246527959674392,17.17437156755637,5.87746433736536,5.508595556037851,4.848916770784997,1041.73,aer,4096,outputs/slurm_YYDPETGTWY_amber/replica_960/replica_960.pdb,outputs/slurm_YYDPETGTWY_amber/replica_960/replica_960_ca.pdb
302,313297069,random,YYDPETGTWY,amber,725.6269517192377,4.24705773455635,13.66084534661762,5.56631085506623,5.508595556037851,4.848916770784997,1179.41,aer,4096,outputs/slurm_YYDPETGTWY_amber/replica_302/replica_302.pdb,outputs/slurm_YYDPETGTWY_amber/replica_302/replica_302_ca.pdb
439,313297206,sheet,YYDPETGTWY,amber,-24.093915574734062,4.251525844515312,16.35527403371539,5.742557890645869,5.508595556037851,4.848916770784997,1332.37,aer,4096,outputs/slurm_YYDPETGTWY_amber/replica_439/replica_439.pdb,outputs/slurm_YYDPETGTWY_amber/replica_439/replica_439_ca.pdb
835,313297602,sheet,YYDPETGTWY,amber,-58.98963378065526,4.253303553783158,15.125598448896724,5.362133350335288,5.508595556037851,4.848916770784997,1355.52,aer,4096,outputs/slurm_YYDPETGTWY_amber/replica_835/replica_835.pdb,outputs/slurm_YYDPETGTWY_amber/replica_835/replica_835_ca.pdb
325,313297092,sheet,YYDPETGTWY,amber,1.4088970932004807,4.259448065571295,13.213129781108636,5.795869576444937,5.508595556037851,4.848916770784997,1782.93,aer,4096,outputs/slurm_YYDPETGTWY_amber/replica_325/replica_325.pdb,outputs/slurm_YYDPETGTWY_amber/replica_325/replica_325_ca.pdb
800,313297567,random,YYDPETGTWY,amber,-87.10346358589965,4.259652984385657,14.393114231035455,5.556810132458726,5.508595556037851,4.848916770784997,1741.75,aer,4096,outputs/slurm_YYDPETGTWY_amber/replica_800/replica_800.pdb,outputs/slurm_YYDPETGTWY_amber/replica_800/replica_800_ca.pdb
271,313297038,sheet,YYDPETGTWY,amber,-55.467554113349834,4.264372417629684,14.756214634396619,5.542946657436926,5.508595556037851,4.848916770784997,1291.71,aer,4096,outputs/slurm_YYDPETGTWY_amber/replica_271/replica_271.pdb,outputs/slurm_YYDPETGTWY_amber/replica_271/replica_271_ca.pdb
968,313297735,random,YYDPETGTWY,amber,39.754650853400165,4.276625629517337,12.529686454536536,5.572054389131025,5.508595556037851,4.848916770784997,1474.97,aer,4096,outputs/slurm_YYDPETGTWY_amber/replica_968/replica_968.pdb,outputs/slurm_YYDPETGTWY_amber/replica_968/replica_968_ca.pdb
582,313297349,helix,YYDPETGTWY,amber,-71.90575143019123,4.28052015168629,13.382485001577457,5.7386749663571415,5.508595556037851,4.848916770784997,1315.29,aer,4096,outputs/slurm_YYDPETGTWY_amber/replica_582/replica_582.pdb,outputs/slurm_YYDPETGTWY_amber/replica_582/replica_582_ca.pdb
576,313297343,helix,YYDPETGTWY,amber,-28.50333781060224,4.281455139448794,14.816647458039714,5.822190467026939,5.508595556037851,4.848916770784997,1828.8,aer,4096,outputs/slurm_YYDPETGTWY_amber/replica_576/replica_576.pdb,outputs/slurm_YYDPETGTWY_amber/replica_576/replica_576_ca.pdb
96,313296863,helix,YYDPETGTWY,amber,-31.27200692836805,4.283790928241652,13.332783869359814,4.943766498002335,5.508595556037851,4.848916770784997,1601.42,aer,4096,outputs/slurm_YYDPETGTWY_amber/replica_96/replica_96.pdb,outputs/slurm_YYDPETGTWY_amber/replica_96/replica_96_ca.pdb
695,313297462,random,YYDPETGTWY,amber,-33.718498908099676,4.287226431962232,15.291171958922606,5.889840879979991,5.508595556037851,4.848916770784997,1366.52,aer,4096,outputs/slurm_YYDPETGTWY_amber/replica_695/replica_695.pdb,outputs/slurm_YYDPETGTWY_amber/replica_695/replica_695_ca.pdb
4,313296771,sheet,YYDPETGTWY,amber,-68.24492420261234,4.291859628218839,15.276554315768369,5.677444634115462,5.508595556037851,4.848916770784997,1227.96,aer,4096,outputs/slurm_YYDPETGTWY_amber/replica_4/replica_4.pdb,outputs/slurm_YYDPETGTWY_amber/replica_4/replica_4_ca.pdb
936,313297703,helix,YYDPETGTWY,amber,-28.94338644474728,4.296475608785903,11.133161485597732,4.949052404432651,5.508595556037851,4.848916770784997,1803.19,aer,4096,outputs/slurm_YYDPETGTWY_amber/replica_936/replica_936.pdb,outputs/slurm_YYDPETGTWY_amber/replica_936/replica_936_ca.pdb
605,313297372,random,YYDPETGTWY,amber,-65.4094263196977,4.297030925415868,13.30893504334507,5.185010704757244,5.508595556037851,4.848916770784997,1488.02,aer,4096,outputs/slurm_YYDPETGTWY_amber/replica_605/replica_605.pdb,outputs/slurm_YYDPETGTWY_amber/replica_605/replica_605_ca.pdb
359,313297126,random,YYDPETGTWY,amber,-34.045744319838,4.297140472030673,15.573245857548358,5.256042131941162,5.508595556037851,4.848916770784997,1638.57,aer,4096,outputs/slurm_YYDPETGTWY_amber/replica_359/replica_359.pdb,outputs/slurm_YYDPETGTWY_amber/replica_359/replica_359_ca.pdb
438,313297205,helix,YYDPETGTWY,amber,-51.57856592846809,4.300942938527916,13.265041352306948,5.5725286745976,5.508595556037851,4.848916770784997,1378.79,aer,4096,outputs/slurm_YYDPETGTWY_amber/replica_438/replica_438.pdb,outputs/slurm_YYDPETGTWY_amber/replica_438/replica_438_ca.pdb
643,313297410,sheet,YYDPETGTWY,amber,0.8890772691269178,4.301920551219587,17.14645110930281,5.953315621140818,5.508595556037851,4.848916770784997,1135.31,aer,4096,outputs/slurm_YYDPETGTWY_amber/replica_643/replica_643.pdb,outputs/slurm_YYDPETGTWY_amber/replica_643/replica_643_ca.pdb
80,313296847,random,YYDPETGTWY,amber,-64.5374994419985,4.3037818937658505,14.472019921375448,5.230453602699912,5.508595556037851,4.848916770784997,1557.52,aer,4096,outputs/slurm_YYDPETGTWY_amber/replica_80/replica_80.pdb,outputs/slurm_YYDPETGTWY_amber/replica_80/replica_80_ca.pdb
590,313297357,random,YYDPETGTWY,amber,12.783033668949734,4.303958003177855,13.169350798525539,5.487392633514678,5.508595556037851,4.848916770784997,1440.77,aer,4096,outputs/slurm_YYDPETGTWY_amber/replica_590/replica_590.pdb,outputs/slurm_YYDPETGTWY_amber/replica_590/replica_590_ca.pdb
621,313297388,helix,YYDPETGTWY,amber,-40.559607426136864,4.304449987249658,12.77110428341054,5.152345116540955,5.508595556037851,4.848916770784997,1525.97,aer,4096,outputs/slurm_YYDPETGTWY_amber/replica_621/replica_621.pdb,outputs/slurm_YYDPETGTWY_amber/replica_621/replica_621_ca.pdb
459,313297226,helix,YYDPETGTWY,amber,0.05773328974521286,4.304919354460849,15.349522881795943,6.184863276246974,5.508595556037851,4.848916770784997,1894.26,aer,4096,outputs/slurm_YYDPETGTWY_amber/replica_459/replica_459.pdb,outputs/slurm_YYDPETGTWY_amber/replica_459/replica_459_ca.pdb
409,313297176,sheet,YYDPETGTWY,amber,-53.17181160053448,4.306108893621589,10.377034582135707,4.843362590193901,5.508595556037851,4.848916770784997,1618.88,aer,4096,outputs/slurm_YYDPETGTWY_amber/replica_409/replica_409.pdb,outputs/slurm_YYDPETGTWY_amber/replica_409/replica_409_ca.pdb
59,313296826,random,YYDPETGTWY,amber,-45.4689076448716,4.310098303166163,15.939231584723252,5.796714152292094,5.508595556037851,4.848916770784997,1831.24,aer,4096,outputs/slurm_YYDPETGTWY_amber/replica_59/replica_59.pdb,outputs/slurm_YYDPETGTWY_amber/replica_59/replica_59_ca.pdb
710,313297477,random,YYDPETGTWY,amber,-27.820906195281953,4.315801787267336,15.533474315535116,5.667890533366772,5.508595556037851,4.848916770784997,1480.44,aer,4096,outputs/slurm_YYDPETGTWY_amber/replica_710/replica_710.pdb,outputs/slurm_YYDPETGTWY_amber/replica_710/replica_710_ca.pdb
196,313296963,sheet,YYDPETGTWY,amber,-15.496148757272456,4.318059895157395,13.60240349822307,5.669963335523357,5.508595556037851,4.848916770784997,1410.98,aer,4096,outputs/slurm_YYDPETGTWY_amber/replica_196/replica_196.pdb,outputs/slurm_YYDPETGTWY_amber/replica_196/replica_196_ca.pdb
46,313296813,sheet,YYDPETGTWY,amber,-47.22366185470261,4.322498624036057,13.112921594307203,5.695678851708647,5.508595556037851,4.848916770784997,1341.22,aer,4096,outputs/slurm_YYDPETGTWY_amber/replica_46/replica_46.pdb,outputs/slurm_YYDPETGTWY_amber/replica_46/replica_46_ca.pdb
357,313297124,helix,YYDPETGTWY,amber,-75.80409329854352,4.328415668345445,14.063650713008524,5.6300651060077005,5.508595556037851,4.848916770784997,1481.37,aer,4096,outputs/slurm_YYDPETGTWY_amber/replica_357/replica_357.pdb,outputs/slurm_YYDPETGTWY_amber/replica_357/replica_357_ca.pdb
867,313297634,helix,YYDPETGTWY,amber,-53.396777222655004,4.329899532324614,16.16338395240292,5.904979693789729,5.508595556037851,4.848916770784997,1272.85,aer,4096,outputs/slurm_YYDPETGTWY_amber/replica_867/replica_867.pdb,outputs/slurm_YYDPETGTWY_amber/replica_867/replica_867_ca.pdb
407,313297174,random,YYDPETGTWY,amber,-23.002132984578807,4.330777977752074,12.071566899717133,5.064053939625389,5.508595556037851,4.848916770784997,860.76,aer,4096,outputs/slurm_YYDPETGTWY_amber/replica_407/replica_407.pdb,outputs/slurm_YYDPETGTWY_amber/replica_407/replica_407_ca.pdb
641,313297408,random,YYDPETGTWY,amber,-20.369330838386315,4.3331718999851825,13.855367244481744,5.64796362570453,5.508595556037851,4.848916770784997,891.12,aer,4096,outputs/slurm_YYDPETGTWY_amber/replica_641/replica_641.pdb,outputs/slurm_YYDPETGTWY_amber/replica_641/replica_641_ca.pdb
203,313296970,random,YYDPETGTWY,amber,6.686739502502105,4.33526376676149,14.420407633003915,5.463245004073559,5.508595556037851,4.848916770784997,1295.49,aer,4096,outputs/slurm_YYDPETGTWY_amber/replica_203/replica_203.pdb,outputs/slurm_YYDPETGTWY_amber/replica_203/replica_203_ca.pdb
165,313296932,helix,YYDPETGTWY,amber,-73.60969967725366,4.3379761663690735,16.221564180719316,6.0650347726210345,5.508595556037851,4.848916770784997,1197.59,aer,4096,outputs/slurm_YYDPETGTWY_amber/replica_165/replica_165.pdb,outputs/slurm_YYDPETGTWY_amber/replica_165/replica_165_ca.pdb
903,313297670,helix,YYDPETGTWY,amber,-26.158145524487747,4.338459388783251,14.839280615722586,5.841186858926213,5.508595556037851,4.848916770784997,1311.09,aer,4096,outputs/slurm_YYDPETGTWY_amber/replica_903/replica_903.pdb,outputs/slurm_YYDPETGTWY_amber/replica_903/replica_903_ca.pdb
750,313297517,helix,YYDPETGTWY,amber,-95.59007667548448,4.339319402381675,10.227954336315953,4.632881141658496,5.508595556037851,4.848916770784997,1272.02,aer,4096,outputs/slurm_YYDPETGTWY_amber/replica_750/replica_750.pdb,outputs/slurm_YYDPETGTWY_amber/replica_750/replica_750_ca.pdb
717,313297484,helix,YYDPETGTWY,amber,-31.647379058327537,4.3407281951609615,12.111136283777366,5.519991328032553,5.508595556037851,4.848916770784997,1161.72,aer,4096,outputs/slurm_YYDPETGTWY_amber/replica_717/replica_717.pdb,outputs/slurm_YYDPETGTWY_amber/replica_717/replica_717_ca.pdb
753,313297520,helix,YYDPETGTWY,amber,-125.98813383872624,4.3415018603862165,12.113108131764845,5.624080143262131,5.508595556037851,4.848916770784997,1070.6,aer,4096,outputs/slurm_YYDPETGTWY_amber/replica_753/replica_753.pdb,outputs/slurm_YYDPETGTWY_amber/replica_753/replica_753_ca.pdb
734,313297501,random,YYDPETGTWY,amber,-37.44392433765055,4.34244296108658,13.876841600778823,5.255043305173153,5.508595556037851,4.848916770784997,1346.88,aer,4096,outputs/slurm_YYDPETGTWY_amber/replica_734/replica_734.pdb,outputs/slurm_YYDPETGTWY_amber/replica_734/replica_734_ca.pdb
440,313297207,random,YYDPETGTWY,amber,-67.96394712799771,4.346811265358911,13.08109523272082,5.552393980816743,5.508595556037851,4.848916770784997,1590.15,aer,4096,outputs/slurm_YYDPETGTWY_amber/replica_440/replica_440.pdb,outputs/slurm_YYDPETGTWY_amber/replica_440/replica_440_ca.pdb
837,313297604,helix,YYDPETGTWY,amber,-99.40527226757746,4.354543999810287,17.407160404923413,6.080012569771552,5.508595556037851,4.848916770784997,2253.27,aer,4096,outputs/slurm_YYDPETGTWY_amber/replica_837/replica_837.pdb,outputs/slurm_YYDPETGTWY_amber/replica_837/replica_837_ca.pdb
120,313296887,helix,YYDPETGTWY,amber,-75.22418600662051,4.357548085395884,16.726070175271296,5.894378330168805,5.508595556037851,4.848916770784997,1066.54,aer,4096,outputs/slurm_YYDPETGTWY_amber/replica_120/replica_120.pdb,outputs/slurm_YYDPETGTWY_amber/replica_120/replica_120_ca.pdb
94,313296861,sheet,YYDPETGTWY,amber,-123.09835843014685,4.36124777655296,13.743387418872581,5.217171325607997,5.508595556037851,4.848916770784997,1382.09,aer,4096,outputs/slurm_YYDPETGTWY_amber/replica_94/replica_94.pdb,outputs/slurm_YYDPETGTWY_amber/replica_94/replica_94_ca.pdb
221,313296988,random,YYDPETGTWY,amber,139.9667114449131,4.370094131315403,15.466633992807495,5.95911466455845,5.508595556037851,4.848916770784997,1441.01,aer,4096,outputs/slurm_YYDPETGTWY_amber/replica_221/replica_221.pdb,outputs/slurm_YYDPETGTWY_amber/replica_221/replica_221_ca.pdb
70,313296837,sheet,YYDPETGTWY,amber,-42.2321751822435,4.3731472804780855,11.446012640982977,4.668734613023144,5.508595556037851,4.848916770784997,1079.75,aer,4096,outputs/slurm_YYDPETGTWY_amber/replica_70/replica_70.pdb,outputs/slurm_YYDPETGTWY_amber/replica_70/replica_70_ca.pdb
529,313297296,sheet,YYDPETGTWY,amber,-123.10871682802731,4.381277631020712,14.425797900546753,5.822310832006413,5.508595556037851,4.848916770784997,1338.86,aer,4096,outputs/slurm_YYDPETGTWY_amber/replica_529/replica_529.pdb,outputs/slurm_YYDPETGTWY_amber/replica_529/replica_529_ca.pdb
158,313296925,random,YYDPETGTWY,amber,-116.98607167574455,4.385722300448148,11.779031098609192,5.482335268366899,5.508595556037851,4.848916770784997,2018.37,aer,4096,outputs/slurm_YYDPETGTWY_amber/replica_158/replica_158.pdb,outputs/slurm_YYDPETGTWY_amber/replica_158/replica_158_ca.pdb
490,313297257,sheet,YYDPETGTWY,amber,-55.81059474925487,4.387424401977933,13.946280507077702,5.339644488358498,5.508595556037851,4.848916770784997,7644.01,aer,4096,outputs/slurm_YYDPETGTWY_amber/replica_490/replica_490.pdb,outputs/slurm_YYDPETGTWY_amber/replica_490/replica_490_ca.pdb
816,313297583,helix,YYDPETGTWY,amber,-72.79138759679765,4.387600249464768,12.611100249408672,5.124955983197066,5.508595556037851,4.848916770784997,1337.85,aer,4096,outputs/slurm_YYDPETGTWY_amber/replica_816/replica_816.pdb,outputs/slurm_YYDPETGTWY_amber/replica_816/replica_816_ca.pdb
374,313297141,random,YYDPETGTWY,amber,-81.12745028453146,4.392002227906575,13.71567566041861,5.751431970350459,5.508595556037851,4.848916770784997,1087.02,aer,4096,outputs/slurm_YYDPETGTWY_amber/replica_374/replica_374.pdb,outputs/slurm_YYDPETGTWY_amber/replica_374/replica_374_ca.pdb
535,313297302,sheet,YYDPETGTWY,amber,-32.49734832829896,4.392090847695176,15.064051289083412,5.563442374533938,5.508595556037851,4.848916770784997,1772.17,aer,4096,outputs/slurm_YYDPETGTWY_amber/replica_535/replica_535.pdb,outputs/slurm_YYDPETGTWY_amber/replica_535/replica_535_ca.pdb
875,313297642,random,YYDPETGTWY,amber,-101.98664116835258,4.393187045064162,15.71729925016653,6.064520901867247,5.508595556037851,4.848916770784997,1238.58,aer,4096,outputs/slurm_YYDPETGTWY_amber/replica_875/replica_875.pdb,outputs/slurm_YYDPETGTWY_amber/replica_875/replica_875_ca.pdb
474,313297241,helix,YYDPETGTWY,amber,-66.06341615366343,4.398818070618187,12.801049986237166,5.1125078355807085,5.508595556037851,4.848916770784997,1104.62,aer,4096,outputs/slurm_YYDPETGTWY_amber/replica_474/replica_474.pdb,outputs/slurm_YYDPETGTWY_amber/replica_474/replica_474_ca.pdb
639,313297406,helix,YYDPETGTWY,amber,-16.619053635280874,4.403228638201332,15.591305474222263,5.810040712715499,5.508595556037851,4.848916770784997,1439.11,aer,4096,outputs/slurm_YYDPETGTWY_amber/replica_639/replica_639.pdb,outputs/slurm_YYDPETGTWY_amber/replica_639/replica_639_ca.pdb
841,313297608,sheet,YYDPETGTWY,amber,-60.89352852068942,4.406134413820759,15.376005643836372,5.3453012129154365,5.508595556037851,4.848916770784997,1506.22,aer,4096,outputs/slurm_YYDPETGTWY_amber/replica_841/replica_841.pdb,outputs/slurm_YYDPETGTWY_amber/replica_841/replica_841_ca.pdb
823,313297590,sheet,YYDPETGTWY,amber,-56.04528240770214,4.409553394334825,15.388686965513704,5.401898436889312,5.508595556037851,4.848916770784997,1145.29,aer,4096,outputs/slurm_YYDPETGTWY_amber/replica_823/replica_823.pdb,outputs/slurm_YYDPETGTWY_amber/replica_823/replica_823_ca.pdb
913,313297680,sheet,YYDPETGTWY,amber,-23.13310160262932,4.410788512370991,15.889582306336234,5.763324131677613,5.508595556037851,4.848916770784997,1428.48,aer,4096,outputs/slurm_YYDPETGTWY_amber/replica_913/replica_913.pdb,outputs/slurm_YYDPETGTWY_amber/replica_913/replica_913_ca.pdb
256,313297023,sheet,YYDPETGTWY,amber,-86.3259535915942,4.4140849850319235,12.911847319548714,5.604734758079703,5.508595556037851,4.848916770784997,1184.95,aer,4096,outputs/slurm_YYDPETGTWY_amber/replica_256/replica_256.pdb,outputs/slurm_YYDPETGTWY_amber/replica_256/replica_256_ca.pdb
305,313297072,random,YYDPETGTWY,amber,-40.50587939226719,4.416734171845629,13.365016517727337,5.4809902211092165,5.508595556037851,4.848916770784997,1250.81,aer,4096,outputs/slurm_YYDPETGTWY_amber/replica_305/replica_305.pdb,outputs/slurm_YYDPETGTWY_amber/replica_305/replica_305_ca.pdb
393,313297160,helix,YYDPETGTWY,amber,-34.229452962179494,4.418815027399685,15.271817703893126,5.938313640309323,5.508595556037851,4.848916770784997,1316.38,aer,4096,outputs/slurm_YYDPETGTWY_amber/replica_393/replica_393.pdb,outputs/slurm_YYDPETGTWY_amber/replica_393/replica_393_ca.pdb
548,313297315,random,YYDPETGTWY,amber,564.6275379306104,4.421056274661699,16.77178461454957,5.951326467690724,5.508595556037851,4.848916770784997,959.87,aer,4096,outputs/slurm_YYDPETGTWY_amber/replica_548/replica_548.pdb,outputs/slurm_YYDPETGTWY_amber/replica_548/replica_548_ca.pdb
613,313297380,sheet,YYDPETGTWY,amber,-54.982734780821175,4.421971491163875,14.676274419636112,5.600849582803528,5.508595556037851,4.848916770784997,1184.3,aer,4096,outputs/slurm_YYDPETGTWY_amber/replica_613/replica_613.pdb,outputs/slurm_YYDPETGTWY_amber/replica_613/replica_613_ca.pdb
352,313297119,sheet,YYDPETGTWY,amber,-59.423120441273824,4.4241009861730705,15.889500531589313,5.79557060983041,5.508595556037851,4.848916770784997,1475.83,aer,4096,outputs/slurm_YYDPETGTWY_amber/replica_352/replica_352.pdb,outputs/slurm_YYDPETGTWY_amber/replica_352/replica_352_ca.pdb
749,313297516,random,YYDPETGTWY,amber,-98.26881771515387,4.424525381858727,12.590880493504173,5.469564104082189,5.508595556037851,4.848916770784997,1433.03,aer,4096,outputs/slurm_YYDPETGTWY_amber/replica_749/replica_749.pdb,outputs/slurm_YYDPETGTWY_amber/replica_749/replica_749_ca.pdb
135,313296902,helix,YYDPETGTWY,amber,-3.193712948207838,4.425730168373618,17.246716011300837,5.9145735142362525,5.508595556037851,4.848916770784997,1211.97,aer,4096,outputs/slurm_YYDPETGTWY_amber/replica_135/replica_135.pdb,outputs/slurm_YYDPETGTWY_amber/replica_135/replica_135_ca.pdb
759,313297526,helix,YYDPETGTWY,amber,454.47654861443635,4.428514860043345,10.29706584460323,4.695334893373163,5.508595556037851,4.848916770784997,1135.4,aer,4096,outputs/slurm_YYDPETGTWY_amber/replica_759/replica_759.pdb,outputs/slurm_YYDPETGTWY_amber/replica_759/replica_759_ca.pdb
731,313297498,random,YYDPETGTWY,amber,-106.85142215269084,4.4297964591431365,15.616735408400636,5.686245903353915,5.508595556037851,4.848916770784997,1882.16,aer,4096,outputs/slurm_YYDPETGTWY_amber/replica_731/replica_731.pdb,outputs/slurm_YYDPETGTWY_amber/replica_731/replica_731_ca.pdb
927,313297694,helix,YYDPETGTWY,amber,-14.065075130808966,4.431930222493546,14.369265831410843,5.494633753053287,5.508595556037851,4.848916770784997,1104.29,aer,4096,outputs/slurm_YYDPETGTWY_amber/replica_927/replica_927.pdb,outputs/slurm_YYDPETGTWY_amber/replica_927/replica_927_ca.pdb
105,313296872,helix,YYDPETGTWY,amber,-74.40003929616562,4.4332136351451865,16.570107960823467,5.806982081994685,5.508595556037851,4.848916770784997,1114.13,aer,4096,outputs/slurm_YYDPETGTWY_amber/replica_105/replica_105.pdb,outputs/slurm_YYDPETGTWY_amber/replica_105/replica_105_ca.pdb
849,313297616,helix,YYDPETGTWY,amber,-51.04694534316251,4.433502652702591,12.462572310156231,4.91178881926219,5.508595556037851,4.848916770784997,1223.02,aer,4096,outputs/slurm_YYDPETGTWY_amber/replica_849/replica_849.pdb,outputs/slurm_YYDPETGTWY_amber/replica_849/replica_849_ca.pdb
857,313297624,random,YYDPETGTWY,amber,-40.30902069499194,4.4339094582856395,14.351190033773788,5.859964842344546,5.508595556037851,4.848916770784997,1275.09,aer,4096,outputs/slurm_YYDPETGTWY_amber/replica_857/replica_857.pdb,outputs/slurm_YYDPETGTWY_amber/replica_857/replica_857_ca.pdb
754,313297521,sheet,YYDPETGTWY,amber,-0.365048357274231,4.434263749626621,11.823555974204208,5.017985553909274,5.508595556037851,4.848916770784997,2261.64,aer,4096,outputs/slurm_YYDPETGTWY_amber/replica_754/replica_754.pdb,outputs/slurm_YYDPETGTWY_amber/replica_754/replica_754_ca.pdb
208,313296975,sheet,YYDPETGTWY,amber,443.5366028708673,4.4375164076068945,13.1376172067639,5.195085990143428,5.508595556037851,4.848916770784997,1203.51,aer,4096,outputs/slurm_YYDPETGTWY_amber/replica_208/replica_208.pdb,outputs/slurm_YYDPETGTWY_amber/replica_208/replica_208_ca.pdb
610,313297377,sheet,YYDPETGTWY,amber,-52.245960930081786,4.438536438830218,14.408055179523998,5.590052138642921,5.508595556037851,4.848916770784997,1140.51,aer,4096,outputs/slurm_YYDPETGTWY_amber/replica_610/replica_610.pdb,outputs/slurm_YYDPETGTWY_amber/replica_610/replica_610_ca.pdb
390,313297157,helix,YYDPETGTWY,amber,-107.3940658159474,4.44970915549405,15.570299359154257,5.534213069182011,5.508595556037851,4.848916770784997,1184.83,aer,4096,outputs/slurm_YYDPETGTWY_amber/replica_390/replica_390.pdb,outputs/slurm_YYDPETGTWY_amber/replica_390/replica_390_ca.pdb
423,313297190,helix,YYDPETGTWY,amber,47.222132897662256,4.4538124825874785,15.062368887188361,5.681483028522778,5.508595556037851,4.848916770784997,1304.67,aer,4096,outputs/slurm_YYDPETGTWY_amber/replica_423/replica_423.pdb,outputs/slurm_YYDPETGTWY_amber/replica_423/replica_423_ca.pdb
686,313297453,random,YYDPETGTWY,amber,-37.93364463525991,4.4542290174503565,11.894436059627278,4.823031833405166,5.508595556037851,4.848916770784997,1410.01,aer,4096,outputs/slurm_YYDPETGTWY_amber/replica_686/replica_686.pdb,outputs/slurm_YYDPETGTWY_amber/replica_686/replica_686_ca.pdb
217,313296984,sheet,YYDPETGTWY,amber,-79.7803524434848,4.454284281815516,13.64900457252674,5.5110371368958075,5.508595556037851,4.848916770784997,1352.62,aer,4096,outputs/slurm_YYDPETGTWY_amber/replica_217/replica_217.pdb,outputs/slurm_YYDPETGTWY_amber/replica_217/replica_217_ca.pdb
573,313297340,helix,YYDPETGTWY,amber,-28.60985388442801,4.459261638622381,14.217293988742936,5.7526160213228055,5.508595556037851,4.848916770784997,1008.84,aer,4096,outputs/slurm_YYDPETGTWY_amber/replica_573/replica_573.pdb,outputs/slurm_YYDPETGTWY_amber/replica_573/replica_573_ca.pdb
277,313297044,sheet,YYDPETGTWY,amber,-15.538615194969832,4.462082452363253,17.391096411572242,5.935491360584907,5.508595556037851,4.848916770784997,1301.86,aer,4096,outputs/slurm_YYDPETGTWY_amber/replica_277/replica_277.pdb,outputs/slurm_YYDPETGTWY_amber/replica_277/replica_277_ca.pdb
523,313297290,sheet,YYDPETGTWY,amber,-63.5075668806106,4.468515483305273,9.733832832327268,4.371496091700679,5.508595556037851,4.848916770784997,7043.1,aer,4096,outputs/slurm_YYDPETGTWY_amber/replica_523/replica_523.pdb,outputs/slurm_YYDPETGTWY_amber/replica_523/replica_523_ca.pdb
124,313296891,sheet,YYDPETGTWY,amber,19.52875832975134,4.469851396350121,16.145546395779636,5.883472155581871,5.508595556037851,4.848916770784997,1152.93,aer,4096,outputs/slurm_YYDPETGTWY_amber/replica_124/replica_124.pdb,outputs/slurm_YYDPETGTWY_amber/replica_124/replica_124_ca.pdb
491,313297258,random,YYDPETGTWY,amber,-113.90388817351423,4.471498331019177,17.547441951823423,6.691998248027166,5.508595556037851,4.848916770784997,1436.73,aer,4096,outputs/slurm_YYDPETGTWY_amber/replica_491/replica_491.pdb,outputs/slurm_YYDPETGTWY_amber/replica_491/replica_491_ca.pdb
7,313296774,sheet,YYDPETGTWY,amber,-24.614417439314725,4.474455078789611,15.14562038851056,5.747743826000222,5.508595556037851,4.848916770784997,1298.17,aer,4096,outputs/slurm_YYDPETGTWY_amber/replica_7/replica_7.pdb,outputs/slurm_YYDPETGTWY_amber/replica_7/replica_7_ca.pdb
789,313297556,helix,YYDPETGTWY,amber,-53.17203431625411,4.478548457628086,14.943993580781122,5.88449610572918,5.508595556037851,4.848916770784997,1451.72,aer,4096,outputs/slurm_YYDPETGTWY_amber/replica_789/replica_789.pdb,outputs/slurm_YYDPETGTWY_amber/replica_789/replica_789_ca.pdb
910,313297677,sheet,YYDPETGTWY,amber,8.832575757518477,4.4823180873858135,15.33984149730374,5.871144610531062,5.508595556037851,4.848916770784997,1185.43,aer,4096,outputs/slurm_YYDPETGTWY_amber/replica_910/replica_910.pdb,outputs/slurm_YYDPETGTWY_amber/replica_910/replica_910_ca.pdb
118,313296885,sheet,YYDPETGTWY,amber,-40.24543743367633,4.483713266508817,16.403815727937317,5.760946677290332,5.508595556037851,4.848916770784997,1717.24,aer,4096,outputs/slurm_YYDPETGTWY_amber/replica_118/replica_118.pdb,outputs/slurm_YYDPETGTWY_amber/replica_118/replica_118_ca.pdb
66,313296833,helix,YYDPETGTWY,amber,-6.8712725436994555,4.486825117665907,14.721609559306122,5.228845472492452,5.508595556037851,4.848916770784997,2664.3,aer,4096,outputs/slurm_YYDPETGTWY_amber/replica_66/replica_66.pdb,outputs/slurm_YYDPETGTWY_amber/replica_66/replica_66_ca.pdb
2,313296769,random,YYDPETGTWY,amber,-46.85653435207018,4.487772118926581,14.724508300507214,5.628025568790525,5.508595556037851,4.848916770784997,1188.66,aer,4096,outputs/slurm_YYDPETGTWY_amber/replica_2/replica_2.pdb,outputs/slurm_YYDPETGTWY_amber/replica_2/replica_2_ca.pdb
41,313296808,random,YYDPETGTWY,amber,351.1005196117664,4.489985953989395,16.04046457386144,5.631396971164668,5.508595556037851,4.848916770784997,1052.37,aer,4096,outputs/slurm_YYDPETGTWY_amber/replica_41/replica_41.pdb,outputs/slurm_YYDPETGTWY_amber/replica_41/replica_41_ca.pdb
153,313296920,helix,YYDPETGTWY,amber,-107.9842569466623,4.490326901472611,13.439424556768842,5.993061533833509,5.508595556037851,4.848916770784997,1547.01,aer,4096,outputs/slurm_YYDPETGTWY_amber/replica_153/replica_153.pdb,outputs/slurm_YYDPETGTWY_amber/replica_153/replica_153_ca.pdb
213,313296980,helix,YYDPETGTWY,amber,-57.73917677658076,4.49408840215557,14.709791317381638,5.024505715402925,5.508595556037851,4.848916770784997,1588.97,aer,4096,outputs/slurm_YYDPETGTWY_amber/replica_213/replica_213.pdb,outputs/slurm_YYDPETGTWY_amber/replica_213/replica_213_ca.pdb
883,313297650,sheet,YYDPETGTWY,amber,737.2570757973666,4.494371580694419,14.198965852678809,5.632161170602551,5.508595556037851,4.848916770784997,883.39,aer,4096,outputs/slurm_YYDPETGTWY_amber/replica_883/replica_883.pdb,outputs/slurm_YYDPETGTWY_amber/replica_883/replica_883_ca.pdb
981,313297748,helix,YYDPETGTWY,amber,-12.535504545925768,4.498483964832938,14.481144468897664,5.833353091965837,5.508595556037851,4.848916770784997,1577.85,aer,4096,outputs/slurm_YYDPETGTWY_amber/replica_981/replica_981.pdb,outputs/slurm_YYDPETGTWY_amber/replica_981/replica_981_ca.pdb
693,313297460,helix,YYDPETGTWY,amber,33.79760356248022,4.504185472757782,14.539681650799551,5.859915858585991,5.508595556037851,4.848916770784997,1737.09,aer,4096,outputs/slurm_YYDPETGTWY_amber/replica_693/replica_693.pdb,outputs/slurm_YYDPETGTWY_amber/replica_693/replica_693_ca.pdb
42,313296809,helix,YYDPETGTWY,amber,-95.33704208898632,4.504696554654056,16.39475109176864,5.827026793690174,5.508595556037851,4.848916770784997,1387.36,aer,4096,outputs/slurm_YYDPETGTWY_amber/replica_42/replica_42.pdb,outputs/slurm_YYDPETGTWY_amber/replica_42/replica_42_ca.pdb
755,313297522,random,YYDPETGTWY,amber,-58.32705991484641,4.506645742193926,13.509651299758193,5.71848523794933,5.508595556037851,4.848916770784997,1195.94,aer,4096,outputs/slurm_YYDPETGTWY_amber/replica_755/replica_755.pdb,outputs/slurm_YYDPETGTWY_amber/replica_755/replica_755_ca.pdb
166,313296933,sheet,YYDPETGTWY,amber,-103.6372931011535,4.509212629806975,17.537292462377422,6.091735856636074,5.508595556037851,4.848916770784997,1347.11,aer,4096,outputs/slurm_YYDPETGTWY_amber/replica_166/replica_166.pdb,outputs/slurm_YYDPETGTWY_amber/replica_166/replica_166_ca.pdb
355,313297122,sheet,YYDPETGTWY,amber,-18.44944670550511,4.514190975885437,12.851230503929612,5.049940624628337,5.508595556037851,4.848916770784997,1382.32,aer,4096,outputs/slurm_YYDPETGTWY_amber/replica_355/replica_355.pdb,outputs/slurm_YYDPETGTWY_amber/replica_355/replica_355_ca.pdb
85,313296852,sheet,YYDPETGTWY,amber,-81.77322477100589,4.522091183957735,17.400721214640356,6.059078855867315,5.508595556037851,4.848916770784997,1523.28,aer,4096,outputs/slurm_YYDPETGTWY_amber/replica_85/replica_85.pdb,outputs/slurm_YYDPETGTWY_amber/replica_85/replica_85_ca.pdb
763,313297530,sheet,YYDPETGTWY,amber,-35.46977819632166,4.523436532780795,14.039892886685738,5.935116956218689,5.508595556037851,4.848916770784997,1380.42,aer,4096,outputs/slurm_YYDPETGTWY_amber/replica_763/replica_763.pdb,outputs/slurm_YYDPETGTWY_amber/replica_763/replica_763_ca.pdb
578,313297345,random,YYDPETGTWY,amber,-35.44919888693539,4.524726922086931,15.337093707466078,5.494441713599461,5.508595556037851,4.848916770784997,1106.74,aer,4096,outputs/slurm_YYDPETGTWY_amber/replica_578/replica_578.pdb,outputs/slurm_YYDPETGTWY_amber/replica_578/replica_578_ca.pdb
396,313297163,helix,YYDPETGTWY,amber,344.5548886644528,4.527432593687197,16.124902238305776,5.749618896045857,5.508595556037851,4.848916770784997,583.56,aer,4096,outputs/slurm_YYDPETGTWY_amber/replica_396/replica_396.pdb,outputs/slurm_YYDPETGTWY_amber/replica_396/replica_396_ca.pdb
321,313297088,helix,YYDPETGTWY,amber,-62.85038142951529,4.53018343170054,13.759611180420517,5.320792350287146,5.508595556037851,4.848916770784997,1113.24,aer,4096,outputs/slurm_YYDPETGTWY_amber/replica_321/replica_321.pdb,outputs/slurm_YYDPETGTWY_amber/replica_321/replica_321_ca.pdb
941,313297708,random,YYDPETGTWY,amber,-58.94176760999909,4.538804492930623,15.304564237787572,5.865464399571846,5.508595556037851,4.848916770784997,1218.9,aer,4096,outputs/slurm_YYDPETGTWY_amber/replica_941/replica_941.pdb,outputs/slurm_YYDPETGTWY_amber/replica_941/replica_941_ca.pdb
905,313297672,random,YYDPETGTWY,amber,-97.23581604345762,4.54489360743194,15.338202081294494,6.161964487288836,5.508595556037851,4.848916770784997,2008.17,aer,4096,outputs/slurm_YYDPETGTWY_amber/replica_905/replica_905.pdb,outputs/slurm_YYDPETGTWY_amber/replica_905/replica_905_ca.pdb
425,313297192,random,YYDPETGTWY,amber,-45.9777902879593,4.548114679204695,13.154775182286937,5.030579431673757,5.508595556037851,4.848916770784997,1510.4,aer,4096,outputs/slurm_YYDPETGTWY_amber/replica_425/replica_425.pdb,outputs/slurm_YYDPETGTWY_amber/replica_425/replica_425_ca.pdb
116,313296883,random,YYDPETGTWY,amber,-24.603439608981635,4.550451956080664,12.784424273152847,5.545934763028715,5.508595556037851,4.848916770784997,1147.53,aer,4096,outputs/slurm_YYDPETGTWY_amber/replica_116/replica_116.pdb,outputs/slurm_YYDPETGTWY_amber/replica_116/replica_116_ca.pdb
850,313297617,sheet,YYDPETGTWY,amber,-96.5909499493094,4.550757310814476,13.989026754218305,5.892863882905025,5.508595556037851,4.848916770784997,1818.38,aer,4096,outputs/slurm_YYDPETGTWY_amber/replica_850/replica_850.pdb,outputs/slurm_YYDPETGTWY_amber/replica_850/replica_850_ca.pdb
245,313297012,random,YYDPETGTWY,amber,-35.979912453315144,4.555589919625634,12.96372183330376,5.587098284665061,5.508595556037851,4.848916770784997,1297.29,aer,4096,outputs/slurm_YYDPETGTWY_amber/replica_245/replica_245.pdb,outputs/slurm_YYDPETGTWY_amber/replica_245/replica_245_ca.pdb
39,313296806,helix,YYDPETGTWY,amber,3.028443580799333,4.56030150142241,17.830354405236815,6.122524192931963,5.508595556037851,4.848916770784997,1161.38,aer,4096,outputs/slurm_YYDPETGTWY_amber/replica_39/replica_39.pdb,outputs/slurm_YYDPETGTWY_amber/replica_39/replica_39_ca.pdb
953,313297720,random,YYDPETGTWY,amber,423.1622801129446,4.560834307013754,14.611666948667555,5.843038964078942,5.508595556037851,4.848916770784997,1210.66,aer,4096,outputs/slurm_YYDPETGTWY_amber/replica_953/replica_953.pdb,outputs/slurm_YYDPETGTWY_amber/replica_953/replica_953_ca.pdb
6,313296773,helix,YYDPETGTWY,amber,-63.62388918247791,4.565091935166971,13.801387132061892,6.04622893500002,5.508595556037851,4.848916770784997,1118.79,aer,4096,outputs/slurm_YYDPETGTWY_amber/replica_6/replica_6.pdb,outputs/slurm_YYDPETGTWY_amber/replica_6/replica_6_ca.pdb
90,313296857,helix,YYDPETGTWY,amber,-61.81428160235025,4.571979718231856,15.263128387721121,6.142835740832193,5.508595556037851,4.848916770784997,1641.47,aer,4096,outputs/slurm_YYDPETGTWY_amber/replica_90/replica_90.pdb,outputs/slurm_YYDPETGTWY_amber/replica_90/replica_90_ca.pdb
720,313297487,helix,YYDPETGTWY,amber,-7.484206124975603,4.573003952369733,15.714642027027304,5.6868576163987,5.508595556037851,4.848916770784997,1514.22,aer,4096,outputs/slurm_YYDPETGTWY_amber/replica_720/replica_720.pdb,outputs/slurm_YYDPETGTWY_amber/replica_720/replica_720_ca.pdb
179,313296946,random,YYDPETGTWY,amber,-21.071298028907414,4.574205021877618,14.990287024806458,5.5588547076357555,5.508595556037851,4.848916770784997,1100.92,aer,4096,outputs/slurm_YYDPETGTWY_amber/replica_179/replica_179.pdb,outputs/slurm_YYDPETGTWY_amber/replica_179/replica_179_ca.pdb
743,313297510,random,YYDPETGTWY,amber,-76.84686400676695,4.574454607771268,16.61084640233387,6.011541733867157,5.508595556037851,4.848916770784997,1687.37,aer,4096,outputs/slurm_YYDPETGTWY_amber/replica_743/replica_743.pdb,outputs/slurm_YYDPETGTWY_amber/replica_743/replica_743_ca.pdb
10,313296777,sheet,YYDPETGTWY,amber,66.42753050672717,4.5879539132302645,14.24312845740611,5.647488277473301,5.508595556037851,4.848916770784997,1451.26,aer,4096,outputs/slurm_YYDPETGTWY_amber/replica_10/replica_10.pdb,outputs/slurm_YYDPETGTWY_amber/replica_10/replica_10_ca.pdb
541,313297308,sheet,YYDPETGTWY,amber,-23.32669247593927,4.588728351699785,14.35300731664948,5.900336216956936,5.508595556037851,4.848916770784997,1332.33,aer,4096,outputs/slurm_YYDPETGTWY_amber/replica_541/replica_541.pdb,outputs/slurm_YYDPETGTWY_amber/replica_541/replica_541_ca.pdb
326,313297093,random,YYDPETGTWY,amber,-10.344859885047839,4.592424438290203,16.6088604683255,6.159116171632993,5.508595556037851,4.848916770784997,1701.5,aer,4096,outputs/slurm_YYDPETGTWY_amber/replica_326/replica_326.pdb,outputs/slurm_YYDPETGTWY_amber/replica_326/replica_326_ca.pdb
323,313297090,random,YYDPETGTWY,amber,-39.4148147102301,4.593501780153397,14.389483670219452,5.634790702868221,5.508595556037851,4.848916770784997,1185.6,aer,4096,outputs/slurm_YYDPETGTWY_amber/replica_323/replica_323.pdb,outputs/slurm_YYDPETGTWY_amber/replica_323/replica_323_ca.pdb
233,313297000,random,YYDPETGTWY,amber,-36.31152373919395,4.596498112529335,14.607739655757786,5.25487484636301,5.508595556037851,4.848916770784997,2120.24,aer,4096,outputs/slurm_YYDPETGTWY_amber/replica_233/replica_233.pdb,outputs/slurm_YYDPETGTWY_amber/replica_233/replica_233_ca.pdb
946,313297713,sheet,YYDPETGTWY,amber,29.35734569200817,4.598312578806028,12.586296222595456,5.563037867350071,5.508595556037851,4.848916770784997,1636.08,aer,4096,outputs/slurm_YYDPETGTWY_amber/replica_946/replica_946.pdb,outputs/slurm_YYDPETGTWY_amber/replica_946/replica_946_ca.pdb
108,313296875,helix,YYDPETGTWY,amber,386.0764490677257,4.598977025601065,17.923113031126352,6.073923299488355,5.508595556037851,4.848916770784997,1815.33,aer,4096,outputs/slurm_YYDPETGTWY_amber/replica_108/replica_108.pdb,outputs/slurm_YYDPETGTWY_amber/replica_108/replica_108_ca.pdb
241,313297008,sheet,YYDPETGTWY,amber,-20.412826337006663,4.600329525255761,14.044625866140146,5.393547381712015,5.508595556037851,4.848916770784997,1339.67,aer,4096,outputs/slurm_YYDPETGTWY_amber/replica_241/replica_241.pdb,outputs/slurm_YYDPETGTWY_amber/replica_241/replica_241_ca.pdb
633,313297400,helix,YYDPETGTWY,amber,-29.67854946855888,4.602440581482507,14.486330214697382,5.659322975443128,5.508595556037851,4.848916770784997,1299.36,aer,4096,outputs/slurm_YYDPETGTWY_amber/replica_633/replica_633.pdb,outputs/slurm_YYDPETGTWY_amber/replica_633/replica_633_ca.pdb
32,313296799,random,YYDPETGTWY,amber,197.84135675782267,4.602548863032548,14.433766359419126,5.030481205997539,5.508595556037851,4.848916770784997,918.56,aer,4096,outputs/slurm_YYDPETGTWY_amber/replica_32/replica_32.pdb,outputs/slurm_YYDPETGTWY_amber/replica_32/replica_32_ca.pdb
765,313297532,helix,YYDPETGTWY,amber,-16.299832455208506,4.604875918105619,16.695039495674177,5.647410591460972,5.508595556037851,4.848916770784997,1246.5,aer,4096,outputs/slurm_YYDPETGTWY_amber/replica_765/replica_765.pdb,outputs/slurm_YYDPETGTWY_amber/replica_765/replica_765_ca.pdb
820,313297587,sheet,YYDPETGTWY,amber,-79.63963911478112,4.610758513720751,17.943414948086957,5.934619893581029,5.508595556037851,4.848916770784997,1158.02,aer,4096,outputs/slurm_YYDPETGTWY_amber/replica_820/replica_820.pdb,outputs/slurm_YYDPETGTWY_amber/replica_820/replica_820_ca.pdb
779,313297546,random,YYDPETGTWY,amber,-21.10462931433541,4.612979929074725,13.350532346165894,5.722883678753499,5.508595556037851,4.848916770784997,1353.85,aer,4096,outputs/slurm_YYDPETGTWY_amber/replica_779/replica_779.pdb,outputs/slurm_YYDPETGTWY_amber/replica_779/replica_779_ca.pdb
609,313297376,helix,YYDPETGTWY,amber,-72.01094796027652,4.614389260395199,14.429557913320169,5.905110095611942,5.508595556037851,4.848916770784997,1959.75,aer,4096,outputs/slurm_YYDPETGTWY_amber/replica_609/replica_609.pdb,outputs/slurm_YYDPETGTWY_amber/replica_609/replica_609_ca.pdb
649,313297416,sheet,YYDPETGTWY,amber,-93.19129083448254,4.615974267994907,14.252741910966355,5.901074320401893,5.508595556037851,4.848916770784997,1324.95,aer,4096,outputs/slurm_YYDPETGTWY_amber/replica_649/replica_649.pdb,outputs/slurm_YYDPETGTWY_amber/replica_649/replica_649_ca.pdb
275,313297042,random,YYDPETGTWY,amber,-72.51249303506316,4.616062717789399,14.487083358983867,6.048568387158653,5.508595556037851,4.848916770784997,1327.86,aer,4096,outputs/slurm_YYDPETGTWY_amber/replica_275/replica_275.pdb,outputs/slurm_YYDPETGTWY_amber/replica_275/replica_275_ca.pdb
79,313296846,sheet,YYDPETGTWY,amber,-89.94872947821477,4.617538363048834,13.659457397711497,5.845856237700441,5.508595556037851,4.848916770784997,1139.08,aer,4096,outputs/slurm_YYDPETGTWY_amber/replica_79/replica_79.pdb,outputs/slurm_YYDPETGTWY_amber/replica_79/replica_79_ca.pdb
706,313297473,sheet,YYDPETGTWY,amber,470.96559094669914,4.618665688705162,13.706359427648279,5.852813894713165,5.508595556037851,4.848916770784997,1305.27,aer,4096,outputs/slurm_YYDPETGTWY_amber/replica_706/replica_706.pdb,outputs/slurm_YYDPETGTWY_amber/replica_706/replica_706_ca.pdb
593,313297360,random,YYDPETGTWY,amber,-5.841028007981261,4.6230225349130265,13.789721860295657,5.866481000542077,5.508595556037851,4.848916770784997,1007.58,aer,4096,outputs/slurm_YYDPETGTWY_amber/replica_593/replica_593.pdb,outputs/slurm_YYDPETGTWY_amber/replica_593/replica_593_ca.pdb
81,313296848,helix,YYDPETGTWY,amber,-35.7937936067057,4.623934839574688,15.329860760637327,5.788228449185015,5.508595556037851,4.848916770784997,1241.99,aer,4096,outputs/slurm_YYDPETGTWY_amber/replica_81/replica_81.pdb,outputs/slurm_YYDPETGTWY_amber/replica_81/replica_81_ca.pdb
909,313297676,helix,YYDPETGTWY,amber,-9.475771388350381,4.629248684497676,15.750545557466788,5.993815489806461,5.508595556037851,4.848916770784997,1660.34,aer,4096,outputs/slurm_YYDPETGTWY_amber/replica_909/replica_909.pdb,outputs/slurm_YYDPETGTWY_amber/replica_909/replica_909_ca.pdb
805,313297572,sheet,YYDPETGTWY,amber,-27.90777355872175,4.631450547769627,17.504972287362815,5.850317942682034,5.508595556037851,4.848916770784997,1171.87,aer,4096,outputs/slurm_YYDPETGTWY_amber/replica_805/replica_805.pdb,outputs/slurm_YYDPETGTWY_amber/replica_805/replica_805_ca.pdb
420,313297187,helix,YYDPETGTWY,amber,-101.22748875541686,4.634074164396895,13.879006692073782,5.542396855797763,5.508595556037851,4.848916770784997,1322.65,aer,4096,outputs/slurm_YYDPETGTWY_amber/replica_420/replica_420.pdb,outputs/slurm_YYDPETGTWY_amber/replica_420/replica_420_ca.pdb
975,313297742,helix,YYDPETGTWY,amber,-13.831097901713187,4.637666038618453,17.469489906759094,6.174607499384525,5.508595556037851,4.848916770784997,1787.21,aer,4096,outputs/slurm_YYDPETGTWY_amber/replica_975/replica_975.pdb,outputs/slurm_YYDPETGTWY_amber/replica_975/replica_975_ca.pdb
156,313296923,helix,YYDPETGTWY,amber,1.2620112264538788,4.639613233331898,15.351932161925495,6.133877828964401,5.508595556037851,4.848916770784997,1365.22,aer,4096,outputs/slurm_YYDPETGTWY_amber/replica_156/replica_156.pdb,outputs/slurm_YYDPETGTWY_amber/replica_156/replica_156_ca.pdb
685,313297452,sheet,YYDPETGTWY,amber,-36.325076573087564,4.643877709041116,14.69146702957283,5.330122688546838,5.508595556037851,4.848916770784997,1174.07,aer,4096,outputs/slurm_YYDPETGTWY_amber/replica_685/replica_685.pdb,outputs/slurm_YYDPETGTWY_amber/replica_685/replica_685_ca.pdb
564,313297331,helix,YYDPETGTWY,amber,-53.76898503390118,4.646710572444854,18.26352889147155,6.010958808311776,5.508595556037851,4.848916770784997,1078.35,aer,4096,outputs/slurm_YYDPETGTWY_amber/replica_564/replica_564.pdb,outputs/slurm_YYDPETGTWY_amber/replica_564/replica_564_ca.pdb
225,313296992,helix,YYDPETGTWY,amber,-48.178143641781496,4.648053834403794,16.476542759917976,5.998957390242583,5.508595556037851,4.848916770784997,1442.21,aer,4096,outputs/slurm_YYDPETGTWY_amber/replica_225/replica_225.pdb,outputs/slurm_YYDPETGTWY_amber/replica_225/replica_225_ca.pdb
787,313297554,sheet,YYDPETGTWY,amber,9.615499894972611,4.65614693547113,16.15628254162475,5.830849230331345,5.508595556037851,4.848916770784997,1448.88,aer,4096,outputs/slurm_YYDPETGTWY_amber/replica_787/replica_787.pdb,outputs/slurm_YYDPETGTWY_amber/replica_787/replica_787_ca.pdb
219,313296986,helix,YYDPETGTWY,amber,-18.46418395794509,4.6570704273873815,15.71187940900155,5.958047769445718,5.508595556037851,4.848916770784997,1191.35,aer,4096,outputs/slurm_YYDPETGTWY_amber/replica_219/replica_219.pdb,outputs/slurm_YYDPETGTWY_amber/replica_219/replica_219_ca.pdb
713,313297480,random,YYDPETGTWY,amber,-57.141573021712716,4.658369938010573,14.128280675232615,5.894755052090141,5.508595556037851,4.848916770784997,1574.15,aer,4096,outputs/slurm_YYDPETGTWY_amber/replica_713/replica_713.pdb,outputs/slurm_YYDPETGTWY_amber/replica_713/replica_713_ca.pdb
884,313297651,random,YYDPETGTWY,amber,-26.038214756711266,4.658686206498296,16.885066494900745,5.992492081545785,5.508595556037851,4.848916770784997,1307.14,aer,4096,outputs/slurm_YYDPETGTWY_amber/replica_884/replica_884.pdb,outputs/slurm_YYDPETGTWY_amber/replica_884/replica_884_ca.pdb
115,313296882,sheet,YYDPETGTWY,amber,-44.33679103784838,4.663083485368794,14.892820686337588,5.956820966048155,5.508595556037851,4.848916770784997,1183.9,aer,4096,outputs/slurm_YYDPETGTWY_amber/replica_115/replica_115.pdb,outputs/slurm_YYDPETGTWY_amber/replica_115/replica_115_ca.pdb
925,313297692,sheet,YYDPETGTWY,amber,-24.635954060571148,4.666177277554833,15.326064851770711,5.624321880212464,5.508595556037851,4.848916770784997,1082.0,aer,4096,outputs/slurm_YYDPETGTWY_amber/replica_925/replica_925.pdb,outputs/slurm_YYDPETGTWY_amber/replica_925/replica_925_ca.pdb
944,313297711,random,YYDPETGTWY,amber,-23.12132246690655,4.6707176816132705,15.95996561501059,5.8312881135748995,5.508595556037851,4.848916770784997,1367.13,aer,4096,outputs/slurm_YYDPETGTWY_amber/replica_944/replica_944.pdb,outputs/slurm_YYDPETGTWY_amber/replica_944/replica_944_ca.pdb
183,313296950,helix,YYDPETGTWY,amber,-70.44163875917656,4.672293733411963,16.049698047719044,5.997848470032478,5.508595556037851,4.848916770784997,1266.27,aer,4096,outputs/slurm_YYDPETGTWY_amber/replica_183/replica_183.pdb,outputs/slurm_YYDPETGTWY_amber/replica_183/replica_183_ca.pdb
636,313297403,helix,YYDPETGTWY,amber,40.23892432107205,4.681515238611329,14.848740450322717,5.716601453565548,5.508595556037851,4.848916770784997,1567.86,aer,4096,outputs/slurm_YYDPETGTWY_amber/replica_636/replica_636.pdb,outputs/slurm_YYDPETGTWY_amber/replica_636/replica_636_ca.pdb
191,313296958,random,YYDPETGTWY,amber,-60.109512916750866,4.68158561411847,13.3058158712665,5.277719107940041,5.508595556037851,4.848916770784997,1244.61,aer,4096,outputs/slurm_YYDPETGTWY_amber/replica_191/replica_191.pdb,outputs/slurm_YYDPETGTWY_amber/replica_191/replica_191_ca.pdb
728,313297495,random,YYDPETGTWY,amber,-38.521307265765884,4.686112241839875,14.414833811137456,5.441502215861482,5.508595556037851,4.848916770784997,1420.67,aer,4096,outputs/slurm_YYDPETGTWY_amber/replica_728/replica_728.pdb,outputs/slurm_YYDPETGTWY_amber/replica_728/replica_728_ca.pdb
751,313297518,sheet,YYDPETGTWY,amber,-87.93732501982257,4.686303658583484,12.832462252916658,5.043198709513187,5.508595556037851,4.848916770784997,1436.56,aer,4096,outputs/slurm_YYDPETGTWY_amber/replica_751/replica_751.pdb,outputs/slurm_YYDPETGTWY_amber/replica_751/replica_751_ca.pdb
360,313297127,helix,YYDPETGTWY,amber,-51.04618697322497,4.688568840867247,18.156004606265704,6.164952267725843,5.508595556037851,4.848916770784997,1016.53,aer,4096,outputs/slurm_YYDPETGTWY_amber/replica_360/replica_360.pdb,outputs/slurm_YYDPETGTWY_amber/replica_360/replica_360_ca.pdb
736,313297503,sheet,YYDPETGTWY,amber,-70.2162014302993,4.6898278215634255,14.269923059405405,5.780835513733166,5.508595556037851,4.848916770784997,1390.65,aer,4096,outputs/slurm_YYDPETGTWY_amber/replica_736/replica_736.pdb,outputs/slurm_YYDPETGTWY_amber/replica_736/replica_736_ca.pdb
194,313296961,random,YYDPETGTWY,amber,-133.4721892519119,4.691242403642341,13.02213030598951,5.135273356079209,5.508595556037851,4.848916770784997,1396.69,aer,4096,outputs/slurm_YYDPETGTWY_amber/replica_194/replica_194.pdb,outputs/slurm_YYDPETGTWY_amber/replica_194/replica_194_ca.pdb
711,313297478,helix,YYDPETGTWY,amber,-34.20777576780376,4.691310132593139,17.35076943123485,5.854388629145524,5.508595556037851,4.848916770784997,1727.41,aer,4096,outputs/slurm_YYDPETGTWY_amber/replica_711/replica_711.pdb,outputs/slurm_YYDPETGTWY_amber/replica_711/replica_711_ca.pdb
598,313297365,sheet,YYDPETGTWY,amber,-77.25789678821691,4.69172433468699,17.229148392844415,5.928981737928174,5.508595556037851,4.848916770784997,1194.64,aer,4096,outputs/slurm_YYDPETGTWY_amber/replica_598/replica_598.pdb,outputs/slurm_YYDPETGTWY_amber/replica_598/replica_598_ca.pdb
591,313297358,helix,YYDPETGTWY,amber,-36.516421317699134,4.6922286975685195,17.979294484560317,5.937296612512509,5.508595556037851,4.848916770784997,1166.68,aer,4096,outputs/slurm_YYDPETGTWY_amber/replica_591/replica_591.pdb,outputs/slurm_YYDPETGTWY_amber/replica_591/replica_591_ca.pdb
342,313297109,helix,YYDPETGTWY,amber,-94.39025474520064,4.6955786585313986,17.213282743738873,6.022190279488671,5.508595556037851,4.848916770784997,1280.18,aer,4096,outputs/slurm_YYDPETGTWY_amber/replica_342/replica_342.pdb,outputs/slurm_YYDPETGTWY_amber/replica_342/replica_342_ca.pdb
67,313296834,sheet,YYDPETGTWY,amber,-45.909738694817136,4.698478150960623,16.487319247496746,5.992418837890037,5.508595556037851,4.848916770784997,1827.45,aer,4096,outputs/slurm_YYDPETGTWY_amber/replica_67/replica_67.pdb,outputs/slurm_YYDPETGTWY_amber/replica_67/replica_67_ca.pdb
307,313297074,sheet,YYDPETGTWY,amber,-59.7738383097339,4.6987420942207265,17.018631935449793,6.151316659935781,5.508595556037851,4.848916770784997,1096.92,aer,4096,outputs/slurm_YYDPETGTWY_amber/replica_307/replica_307.pdb,outputs/slurm_YYDPETGTWY_amber/replica_307/replica_307_ca.pdb
926,313297693,random,YYDPETGTWY,amber,-30.651066259928463,4.707021049960014,15.338919892193537,5.862452553974393,5.508595556037851,4.848916770784997,2018.19,aer,4096,outputs/slurm_YYDPETGTWY_amber/replica_926/replica_926.pdb,outputs/slurm_YYDPETGTWY_amber/replica_926/replica_926_ca.pdb
896,313297663,random,YYDPETGTWY,amber,-53.09001590704752,4.70922124328171,14.656106053037105,4.997924208153359,5.508595556037851,4.848916770784997,1168.21,aer,4096,outputs/slurm_YYDPETGTWY_amber/replica_896/replica_896.pdb,outputs/slurm_YYDPETGTWY_amber/replica_896/replica_896_ca.pdb
834,313297601,helix,YYDPETGTWY,amber,-94.75762781729605,4.713829866166302,14.827799719802265,5.765431832859546,5.508595556037851,4.848916770784997,1628.01,aer,4096,outputs/slurm_YYDPETGTWY_amber/replica_834/replica_834.pdb,outputs/slurm_YYDPETGTWY_amber/replica_834/replica_834_ca.pdb
227,313296994,random,YYDPETGTWY,amber,9.467029367460878,4.714411575323885,14.754496226028245,5.911680366906088,5.508595556037851,4.848916770784997,1427.49,aer,4096,outputs/slurm_YYDPETGTWY_amber/replica_227/replica_227.pdb,outputs/slurm_YYDPETGTWY_amber/replica_227/replica_227_ca.pdb
597,313297364,helix,YYDPETGTWY,amber,-93.31272014001655,4.714856407930601,14.441249951725656,5.234637911447399,5.508595556037851,4.848916770784997,1263.66,aer,4096,outputs/slurm_YYDPETGTWY_amber/replica_597/replica_597.pdb,outputs/slurm_YYDPETGTWY_amber/replica_597/replica_597_ca.pdb
817,313297584,sheet,YYDPETGTWY,amber,443.8493085039379,4.723523205741624,15.178457179372334,6.038642683508246,5.508595556037851,4.848916770784997,1137.39,aer,4096,outputs/slurm_YYDPETGTWY_amber/replica_817/replica_817.pdb,outputs/slurm_YYDPETGTWY_amber/replica_817/replica_817_ca.pdb
952,313297719,sheet,YYDPETGTWY,amber,34.4456114145703,4.724492624231668,15.785952032686588,6.128375120291297,5.508595556037851,4.848916770784997,1380.02,aer,4096,outputs/slurm_YYDPETGTWY_amber/replica_952/replica_952.pdb,outputs/slurm_YYDPETGTWY_amber/replica_952/replica_952_ca.pdb
607,313297374,sheet,YYDPETGTWY,amber,-28.451975641802726,4.724640964100958,14.903440750087876,5.70329936771828,5.508595556037851,4.848916770784997,1521.38,aer,4096,outputs/slurm_YYDPETGTWY_amber/replica_607/replica_607.pdb,outputs/slurm_YYDPETGTWY_amber/replica_607/replica_607_ca.pdb
709,313297476,sheet,YYDPETGTWY,amber,-82.74183948170727,4.724936957392644,16.51027576087011,5.820720346595661,5.508595556037851,4.848916770784997,1376.98,aer,4096,outputs/slurm_YYDPETGTWY_amber/replica_709/replica_709.pdb,outputs/slurm_YYDPETGTWY_amber/replica_709/replica_709_ca.pdb
329,313297096,random,YYDPETGTWY,amber,-14.56042011434605,4.728364443508689,15.25252963588936,5.7023075437706865,5.508595556037851,4.848916770784997,1415.61,aer,4096,outputs/slurm_YYDPETGTWY_amber/replica_329/replica_329.pdb,outputs/slurm_YYDPETGTWY_amber/replica_329/replica_329_ca.pdb
970,313297737,sheet,YYDPETGTWY,amber,24.51550060866979,4.730161198591477,15.874763018767778,5.696493567639973,5.508595556037851,4.848916770784997,1543.24,aer,4096,outputs/slurm_YYDPETGTWY_amber/replica_970/replica_970.pdb,outputs/slurm_YYDPETGTWY_amber/replica_970/replica_970_ca.pdb
707,313297474,random,YYDPETGTWY,amber,26.922555420822523,4.73160738454618,17.07918526956867,6.008638601512458,5.508595556037851,4.848916770784997,1043.2,aer,4096,outputs/slurm_YYDPETGTWY_amber/replica_707/replica_707.pdb,outputs/slurm_YYDPETGTWY_amber/replica_707/replica_707_ca.pdb
383,313297150,random,YYDPETGTWY,amber,-17.099572498831026,4.73434228615657,16.856946829719497,6.0239776763852975,5.508595556037851,4.848916770784997,1403.6,aer,4096,outputs/slurm_YYDPETGTWY_amber/replica_383/replica_383.pdb,outputs/slurm_YYDPETGTWY_amber/replica_383/replica_383_ca.pdb
25,313296792,sheet,YYDPETGTWY,amber,38.27698653924862,4.738714610877754,15.86993317727923,5.210530933046187,5.508595556037851,4.848916770784997,1208.37,aer,4096,outputs/slurm_YYDPETGTWY_amber/replica_25/replica_25.pdb,outputs/slurm_YYDPETGTWY_amber/replica_25/replica_25_ca.pdb
176,313296943,random,YYDPETGTWY,amber,-56.78450032073523,4.738883052688845,18.333678889529928,6.178713125431327,5.508595556037851,4.848916770784997,1449.05,aer,4096,outputs/slurm_YYDPETGTWY_amber/replica_176/replica_176.pdb,outputs/slurm_YYDPETGTWY_amber/replica_176/replica_176_ca.pdb
54,313296821,helix,YYDPETGTWY,amber,-27.688979510515022,4.74116009985142,15.1156927030209,5.847877900297401,5.508595556037851,4.848916770784997,1346.22,aer,4096,outputs/slurm_YYDPETGTWY_amber/replica_54/replica_54.pdb,outputs/slurm_YYDPETGTWY_amber/replica_54/replica_54_ca.pdb
660,313297427,helix,YYDPETGTWY,amber,-43.649510529121706,4.741236433822434,13.969365532862922,5.1274645723060015,5.508595556037851,4.848916770784997,1748.75,aer,4096,outputs/slurm_YYDPETGTWY_amber/replica_660/replica_660.pdb,outputs/slurm_YYDPETGTWY_amber/replica_660/replica_660_ca.pdb
60,313296827,helix,YYDPETGTWY,amber,-47.00131189556561,4.742910999547673,15.91879679653956,5.879500563645005,5.508595556037851,4.848916770784997,1363.57,aer,4096,outputs/slurm_YYDPETGTWY_amber/replica_60/replica_60.pdb,outputs/slurm_YYDPETGTWY_amber/replica_60/replica_60_ca.pdb
922,313297689,sheet,YYDPETGTWY,amber,-78.92956607347139,4.744217106438284,12.715685099630608,5.337265695638106,5.508595556037851,4.848916770784997,1442.38,aer,4096,outputs/slurm_YYDPETGTWY_amber/replica_922/replica_922.pdb,outputs/slurm_YYDPETGTWY_amber/replica_922/replica_922_ca.pdb
382,313297149,sheet,YYDPETGTWY,amber,-79.86850494786657,4.745186342374986,15.540950365421207,5.675735594569451,5.508595556037851,4.848916770784997,1130.42,aer,4096,outputs/slurm_YYDPETGTWY_amber/replica_382/replica_382.pdb,outputs/slurm_YYDPETGTWY_amber/replica_382/replica_382_ca.pdb
730,313297497,sheet,YYDPETGTWY,amber,-12.401559855724258,4.746077626727005,17.894057759307106,6.147547764694012,5.508595556037851,4.848916770784997,1713.32,aer,4096,outputs/slurm_YYDPETGTWY_amber/replica_730/replica_730.pdb,outputs/slurm_YYDPETGTWY_amber/replica_730/replica_730_ca.pdb
814,313297581,sheet,YYDPETGTWY,amber,-29.494380827913858,4.74624724869664,16.087235743004786,5.69966871939976,5.508595556037851,4.848916770784997,1244.66,aer,4096,outputs/slurm_YYDPETGTWY_amber/replica_814/replica_814.pdb,outputs/slurm_YYDPETGTWY_amber/replica_814/replica_814_ca.pdb
894,313297661,helix,YYDPETGTWY,amber,386.0027777515276,4.746665538820848,15.875679399809789,5.921281840905264,5.508595556037851,4.848916770784997,1021.12,aer,4096,outputs/slurm_YYDPETGTWY_amber/replica_894/replica_894.pdb,outputs/slurm_YYDPETGTWY_amber/replica_894/replica_894_ca.pdb
790,313297557,sheet,YYDPETGTWY,amber,-144.5841611852414,4.746790662857045,17.417037110164678,6.07745389487631,5.508595556037851,4.848916770784997,1659.39,aer,4096,outputs/slurm_YYDPETGTWY_amber/replica_790/replica_790.pdb,outputs/slurm_YYDPETGTWY_amber/replica_790/replica_790_ca.pdb
570,313297337,helix,YYDPETGTWY,amber,-75.96806029872012,4.747926060895116,15.834377484099324,5.898604226393061,5.508595556037851,4.848916770784997,1203.86,aer,4096,outputs/slurm_YYDPETGTWY_amber/replica_570/replica_570.pdb,outputs/slurm_YYDPETGTWY_amber/replica_570/replica_570_ca.pdb
361,313297128,sheet,YYDPETGTWY,amber,34.029412667708144,4.750191360839476,16.243989496905726,5.882702420179957,5.508595556037851,4.848916770784997,1524.93,aer,4096,outputs/slurm_YYDPETGTWY_amber/replica_361/replica_361.pdb,outputs/slurm_YYDPETGTWY_amber/replica_361/replica_361_ca.pdb
588,313297355,helix,YYDPETGTWY,amber,-22.706697347704814,4.7511227698356695,15.041993454914126,5.705722357624938,5.508595556037851,4.848916770784997,1976.79,aer,4096,outputs/slurm_YYDPETGTWY_amber/replica_588/replica_588.pdb,outputs/slurm_YYDPETGTWY_amber/replica_588/replica_588_ca.pdb
214,313296981,sheet,YYDPETGTWY,amber,-61.57642944559467,4.755452038463656,16.34854013588233,5.909860502174584,5.508595556037851,4.848916770784997,1799.09,aer,4096,outputs/slurm_YYDPETGTWY_amber/replica_214/replica_214.pdb,outputs/slurm_YYDPETGTWY_amber/replica_214/replica_214_ca.pdb
253,313297020,sheet,YYDPETGTWY,amber,-89.75094818613309,4.75625559571583,14.664825931783943,5.33758709221166,5.508595556037851,4.848916770784997,1312.52,aer,4096,outputs/slurm_YYDPETGTWY_amber/replica_253/replica_253.pdb,outputs/slurm_YYDPETGTWY_amber/replica_253/replica_253_ca.pdb
199,313296966,sheet,YYDPETGTWY,amber,-41.91325770581093,4.761304573556488,14.131557070332379,5.2802513352847775,5.508595556037851,4.848916770784997,1338.7,aer,4096,outputs/slurm_YYDPETGTWY_amber/replica_199/replica_199.pdb,outputs/slurm_YYDPETGTWY_amber/replica_199/replica_199_ca.pdb
863,313297630,random,YYDPETGTWY,amber,-56.3885743376629,4.762152324406627,16.25153494484145,5.731147002665721,5.508595556037851,4.848916770784997,1535.29,aer,4096,outputs/slurm_YYDPETGTWY_amber/replica_863/replica_863.pdb,outputs/slurm_YYDPETGTWY_amber/replica_863/replica_863_ca.pdb
456,313297223,helix,YYDPETGTWY,amber,-11.274870434803088,4.762410740472227,15.198921444603045,5.532692748299528,5.508595556037851,4.848916770784997,1226.37,aer,4096,outputs/slurm_YYDPETGTWY_amber/replica_456/replica_456.pdb,outputs/slurm_YYDPETGTWY_amber/replica_456/replica_456_ca.pdb
885,313297652,helix,YYDPETGTWY,amber,39.93227733033244,4.767174124468107,16.597144766928594,5.878474294018729,5.508595556037851,4.848916770784997,1374.17,aer,4096,outputs/slurm_YYDPETGTWY_amber/replica_885/replica_885.pdb,outputs/slurm_YYDPETGTWY_amber/replica_885/replica_885_ca.pdb
846,313297613,helix,YYDPETGTWY,amber,-69.78238649484437,4.77136066214533,17.329453910741826,5.8915617567236165,5.508595556037851,4.848916770784997,1832.03,aer,4096,outputs/slurm_YYDPETGTWY_amber/replica_846/replica_846.pdb,outputs/slurm_YYDPETGTWY_amber/replica_846/replica_846_ca.pdb
402,313297169,helix,YYDPETGTWY,amber,7.671734977426196,4.774748366285585,17.37849072649782,6.088118475847101,5.508595556037851,4.848916770784997,1450.0,aer,4096,outputs/slurm_YYDPETGTWY_amber/replica_402/replica_402.pdb,outputs/slurm_YYDPETGTWY_amber/replica_402/replica_402_ca.pdb
268,313297035,sheet,YYDPETGTWY,amber,-122.96711726618426,4.780331712617741,16.09649836734647,6.107031956127377,5.508595556037851,4.848916770784997,1465.7,aer,4096,outputs/slurm_YYDPETGTWY_amber/replica_268/replica_268.pdb,outputs/slurm_YYDPETGTWY_amber/replica_268/replica_268_ca.pdb
435,313297202,helix,YYDPETGTWY,amber,-33.914008844084805,4.7821249565932815,16.245721128021263,5.858048385091537,5.508595556037851,4.848916770784997,1600.66,aer,4096,outputs/slurm_YYDPETGTWY_amber/replica_435/replica_435.pdb,outputs/slurm_YYDPETGTWY_amber/replica_435/replica_435_ca.pdb
206,313296973,random,YYDPETGTWY,amber,-9.49245968973825,4.793510723520134,16.055796782351187,5.708356710712635,5.508595556037851,4.848916770784997,1794.37,aer,4096,outputs/slurm_YYDPETGTWY_amber/replica_206/replica_206.pdb,outputs/slurm_YYDPETGTWY_amber/replica_206/replica_206_ca.pdb
17,313296784,random,YYDPETGTWY,amber,-98.98867113180505,4.797303557233375,14.923830532997243,5.291479943453054,5.508595556037851,4.848916770784997,1345.71,aer,4096,outputs/slurm_YYDPETGTWY_amber/replica_17/replica_17.pdb,outputs/slurm_YYDPETGTWY_amber/replica_17/replica_17_ca.pdb
652,313297419,sheet,YYDPETGTWY,amber,364.26818025353367,4.797578597562326,11.938407161730158,4.60379195242149,5.508595556037851,4.848916770784997,1297.25,aer,4096,outputs/slurm_YYDPETGTWY_amber/replica_652/replica_652.pdb,outputs/slurm_YYDPETGTWY_amber/replica_652/replica_652_ca.pdb
473,313297240,random,YYDPETGTWY,amber,10.151266364865895,4.804203729635773,15.195256086874025,5.374252597392498,5.508595556037851,4.848916770784997,8124.63,aer,4096,outputs/slurm_YYDPETGTWY_amber/replica_473/replica_473.pdb,outputs/slurm_YYDPETGTWY_amber/replica_473/replica_473_ca.pdb
104,313296871,random,YYDPETGTWY,amber,28.86007775977984,4.806358471820131,14.826523289157434,5.910815256488334,5.508595556037851,4.848916770784997,1292.94,aer,4096,outputs/slurm_YYDPETGTWY_amber/replica_104/replica_104.pdb,outputs/slurm_YYDPETGTWY_amber/replica_104/replica_104_ca.pdb
874,313297641,sheet,YYDPETGTWY,amber,17.402387945563156,4.806991744794435,15.259153281963247,6.127566361779418,5.508595556037851,4.848916770784997,1381.69,aer,4096,outputs/slurm_YYDPETGTWY_amber/replica_874/replica_874.pdb,outputs/slurm_YYDPETGTWY_amber/replica_874/replica_874_ca.pdb
293,313297060,random,YYDPETGTWY,amber,8.502027561049404,4.809832960300112,16.424842863152918,6.030409514269085,5.508595556037851,4.848916770784997,1696.7,aer,4096,outputs/slurm_YYDPETGTWY_amber/replica_293/replica_293.pdb,outputs/slurm_YYDPETGTWY_amber/replica_293/replica_293_ca.pdb
678,313297445,helix,YYDPETGTWY,amber,337.8080678916083,4.810214424972505,14.83788700313539,5.578265985415279,5.508595556037851,4.848916770784997,1526.2,aer,4096,outputs/slurm_YYDPETGTWY_amber/replica_678/replica_678.pdb,outputs/slurm_YYDPETGTWY_amber/replica_678/replica_678_ca.pdb
619,313297386,sheet,YYDPETGTWY,amber,-121.69678792512518,4.810995679306801,17.29623081790828,6.230292625868055,5.508595556037851,4.848916770784997,1077.88,aer,4096,outputs/slurm_YYDPETGTWY_amber/replica_619/replica_619.pdb,outputs/slurm_YYDPETGTWY_amber/replica_619/replica_619_ca.pdb
747,313297514,helix,YYDPETGTWY,amber,-49.48696204065805,4.81591030513094,16.160637251938923,6.05780266975764,5.508595556037851,4.848916770784997,1343.36,aer,4096,outputs/slurm_YYDPETGTWY_amber/replica_747/replica_747.pdb,outputs/slurm_YYDPETGTWY_amber/replica_747/replica_747_ca.pdb
399,313297166,helix,YYDPETGTWY,amber,-60.838881960959206,4.816020549903008,16.52598509951347,5.781733137499463,5.508595556037851,4.848916770784997,1202.44,aer,4096,outputs/slurm_YYDPETGTWY_amber/replica_399/replica_399.pdb,outputs/slurm_YYDPETGTWY_amber/replica_399/replica_399_ca.pdb
328,313297095,sheet,YYDPETGTWY,amber,-123.84152932785587,4.8177916099817875,16.712060270260093,5.967974281944579,5.508595556037851,4.848916770784997,1212.94,aer,4096,outputs/slurm_YYDPETGTWY_amber/replica_328/replica_328.pdb,outputs/slurm_YYDPETGTWY_amber/replica_328/replica_328_ca.pdb
378,313297145,helix,YYDPETGTWY,amber,-20.51972532706183,4.818506950139763,13.70676968607229,5.231098401409474,5.508595556037851,4.848916770784997,1918.04,aer,4096,outputs/slurm_YYDPETGTWY_amber/replica_378/replica_378.pdb,outputs/slurm_YYDPETGTWY_amber/replica_378/replica_378_ca.pdb
26,313296793,random,YYDPETGTWY,amber,-63.70238394837543,4.819165709252835,15.344323835249213,5.5949068405650975,5.508595556037851,4.848916770784997,1196.74,aer,4096,outputs/slurm_YYDPETGTWY_amber/replica_26/replica_26.pdb,outputs/slurm_YYDPETGTWY_amber/replica_26/replica_26_ca.pdb
900,313297667,helix,YYDPETGTWY,amber,-33.75862694770506,4.820883113394942,17.807730528636935,6.080938295174343,5.508595556037851,4.848916770784997,2114.05,aer,4096,outputs/slurm_YYDPETGTWY_amber/replica_900/replica_900.pdb,outputs/slurm_YYDPETGTWY_amber/replica_900/replica_900_ca.pdb
955,313297722,sheet,YYDPETGTWY,amber,-42.88808776304942,4.824286023085633,16.5428012016946,6.066329493614789,5.508595556037851,4.848916770784997,1806.36,aer,4096,outputs/slurm_YYDPETGTWY_amber/replica_955/replica_955.pdb,outputs/slurm_YYDPETGTWY_amber/replica_955/replica_955_ca.pdb
269,313297036,random,YYDPETGTWY,amber,-21.181654982205444,4.825006269040052,15.928977512700175,6.157965287123323,5.508595556037851,4.848916770784997,1196.02,aer,4096,outputs/slurm_YYDPETGTWY_amber/replica_269/replica_269.pdb,outputs/slurm_YYDPETGTWY_amber/replica_269/replica_269_ca.pdb
748,313297515,sheet,YYDPETGTWY,amber,-5.299988292514571,4.826075590518864,15.785486146265233,5.9536441929308,5.508595556037851,4.848916770784997,1638.17,aer,4096,outputs/slurm_YYDPETGTWY_amber/replica_748/replica_748.pdb,outputs/slurm_YYDPETGTWY_amber/replica_748/replica_748_ca.pdb
174,313296941,helix,YYDPETGTWY,amber,-44.07897690016735,4.829727909065163,14.684648258826293,5.5791469913812595,5.508595556037851,4.848916770784997,1363.58,aer,4096,outputs/slurm_YYDPETGTWY_amber/replica_174/replica_174.pdb,outputs/slurm_YYDPETGTWY_amber/replica_174/replica_174_ca.pdb
209,313296976,random,YYDPETGTWY,amber,-26.897609703589026,4.832055849843227,15.423686737314501,5.980645685573856,5.508595556037851,4.848916770784997,1289.8,aer,4096,outputs/slurm_YYDPETGTWY_amber/replica_209/replica_209.pdb,outputs/slurm_YYDPETGTWY_amber/replica_209/replica_209_ca.pdb
431,313297198,random,YYDPETGTWY,amber,-77.44265313206712,4.832597035168536,14.064262503632168,5.382207094587479,5.508595556037851,4.848916770784997,1854.75,aer,4096,outputs/slurm_YYDPETGTWY_amber/replica_431/replica_431.pdb,outputs/slurm_YYDPETGTWY_amber/replica_431/replica_431_ca.pdb
424,313297191,sheet,YYDPETGTWY,amber,-105.77097649993897,4.8351522488644045,16.670831907746432,5.772646188410902,5.508595556037851,4.848916770784997,1548.72,aer,4096,outputs/slurm_YYDPETGTWY_amber/replica_424/replica_424.pdb,outputs/slurm_YYDPETGTWY_amber/replica_424/replica_424_ca.pdb
784,313297551,sheet,YYDPETGTWY,amber,-50.6218037474373,4.836209520919501,14.089543563424648,5.530749357096153,5.508595556037851,4.848916770784997,1305.22,aer,4096,outputs/slurm_YYDPETGTWY_amber/replica_784/replica_784.pdb,outputs/slurm_YYDPETGTWY_amber/replica_784/replica_784_ca.pdb
130,313296897,sheet,YYDPETGTWY,amber,-108.99766718167913,4.840094213221521,16.846100751577886,5.648594652072643,5.508595556037851,4.848916770784997,1218.31,aer,4096,outputs/slurm_YYDPETGTWY_amber/replica_130/replica_130.pdb,outputs/slurm_YYDPETGTWY_amber/replica_130/replica_130_ca.pdb
388,313297155,sheet,YYDPETGTWY,amber,567.6314868327793,4.840891084666563,15.570371861380757,5.953007927141587,5.508595556037851,4.848916770784997,1100.71,aer,4096,outputs/slurm_YYDPETGTWY_amber/replica_388/replica_388.pdb,outputs/slurm_YYDPETGTWY_amber/replica_388/replica_388_ca.pdb
31,313296798,sheet,YYDPETGTWY,amber,16.245279424907206,4.841353597867907,15.968131493410814,6.0702403017547875,5.508595556037851,4.848916770784997,1299.99,aer,4096,outputs/slurm_YYDPETGTWY_amber/replica_31/replica_31.pdb,outputs/slurm_YYDPETGTWY_amber/replica_31/replica_31_ca.pdb
768,313297535,helix,YYDPETGTWY,amber,-54.92610010117038,4.845171308650329,18.616720031460673,6.201504340067282,5.508595556037851,4.848916770784997,1149.3,aer,4096,outputs/slurm_YYDPETGTWY_amber/replica_768/replica_768.pdb,outputs/slurm_YYDPETGTWY_amber/replica_768/replica_768_ca.pdb
119,313296886,random,YYDPETGTWY,amber,-89.32128071057106,4.852715628290197,16.331260209143007,6.229429075688669,5.508595556037851,4.848916770784997,1530.92,aer,4096,outputs/slurm_YYDPETGTWY_amber/replica_119/replica_119.pdb,outputs/slurm_YYDPETGTWY_amber/replica_119/replica_119_ca.pdb
622,313297389,sheet,YYDPETGTWY,amber,-20.427120026165724,4.855556981132605,15.032749185450578,5.783580446339829,5.508595556037851,4.848916770784997,1252.2,aer,4096,outputs/slurm_YYDPETGTWY_amber/replica_622/replica_622.pdb,outputs/slurm_YYDPETGTWY_amber/replica_622/replica_622_ca.pdb
254,313297021,random,YYDPETGTWY,amber,-46.355169219027275,4.856659459939183,17.960241162385444,6.257742273347715,5.508595556037851,4.848916770784997,1263.04,aer,4096,outputs/slurm_YYDPETGTWY_amber/replica_254/replica_254.pdb,outputs/slurm_YYDPETGTWY_amber/replica_254/replica_254_ca.pdb
212,313296979,random,YYDPETGTWY,amber,-55.782183729086235,4.860537216306842,16.731424474750174,6.040103593720446,5.508595556037851,4.848916770784997,1196.88,aer,4096,outputs/slurm_YYDPETGTWY_amber/replica_212/replica_212.pdb,outputs/slurm_YYDPETGTWY_amber/replica_212/replica_212_ca.pdb
391,313297158,sheet,YYDPETGTWY,amber,-122.66545749438258,4.864057387183493,14.880450211031317,5.416885753783935,5.508595556037851,4.848916770784997,1421.71,aer,4096,outputs/slurm_YYDPETGTWY_amber/replica_391/replica_391.pdb,outputs/slurm_YYDPETGTWY_amber/replica_391/replica_391_ca.pdb
373,313297140,sheet,YYDPETGTWY,amber,-47.6840881085496,4.868556435568705,17.756769797008364,6.1633761876009086,5.508595556037851,4.848916770784997,1249.71,aer,4096,outputs/slurm_YYDPETGTWY_amber/replica_373/replica_373.pdb,outputs/slurm_YYDPETGTWY_amber/replica_373/replica_373_ca.pdb
338,313297105,random,YYDPETGTWY,amber,35.91324180784803,4.869294340204619,14.200219946827582,5.115197365526118,5.508595556037851,4.848916770784997,1560.15,aer,4096,outputs/slurm_YYDPETGTWY_amber/replica_338/replica_338.pdb,outputs/slurm_YYDPETGTWY_amber/replica_338/replica_338_ca.pdb
563,313297330,random,YYDPETGTWY,amber,23.22014116681023,4.869600293327994,15.517983473907108,5.793912139617017,5.508595556037851,4.848916770784997,1139.44,aer,4096,outputs/slurm_YYDPETGTWY_amber/replica_563/replica_563.pdb,outputs/slurm_YYDPETGTWY_amber/replica_563/replica_563_ca.pdb
249,313297016,helix,YYDPETGTWY,amber,10.181136860097318,4.869770701556762,14.902752693367553,5.579947209395788,5.508595556037851,4.848916770784997,1219.64,aer,4096,outputs/slurm_YYDPETGTWY_amber/replica_249/replica_249.pdb,outputs/slurm_YYDPETGTWY_amber/replica_249/replica_249_ca.pdb
403,313297170,sheet,YYDPETGTWY,amber,-84.42621036109782,4.873897417197358,16.638224273434723,6.224037268112919,5.508595556037851,4.848916770784997,1882.53,aer,4096,outputs/slurm_YYDPETGTWY_amber/replica_403/replica_403.pdb,outputs/slurm_YYDPETGTWY_amber/replica_403/replica_403_ca.pdb
146,313296913,random,YYDPETGTWY,amber,-67.52513200161663,4.876558987572305,15.068181918400088,5.843258072452269,5.508595556037851,4.848916770784997,1131.16,aer,4096,outputs/slurm_YYDPETGTWY_amber/replica_146/replica_146.pdb,outputs/slurm_YYDPETGTWY_amber/replica_146/replica_146_ca.pdb
185,313296952,random,YYDPETGTWY,amber,-12.338709545307522,4.881563140097077,16.997376052631214,5.916338062480875,5.508595556037851,4.848916770784997,1177.54,aer,4096,outputs/slurm_YYDPETGTWY_amber/replica_185/replica_185.pdb,outputs/slurm_YYDPETGTWY_amber/replica_185/replica_185_ca.pdb
290,313297057,random,YYDPETGTWY,amber,36.10445344527865,4.882628222435602,16.785960087138868,6.069668685242965,5.508595556037851,4.848916770784997,1243.47,aer,4096,outputs/slurm_YYDPETGTWY_amber/replica_290/replica_290.pdb,outputs/slurm_YYDPETGTWY_amber/replica_290/replica_290_ca.pdb
881,313297648,random,YYDPETGTWY,amber,-52.52763580977482,4.882934631463084,15.713494593381741,5.728602551998912,5.508595556037851,4.848916770784997,1810.57,aer,4096,outputs/slurm_YYDPETGTWY_amber/replica_881/replica_881.pdb,outputs/slurm_YYDPETGTWY_amber/replica_881/replica_881_ca.pdb
878,313297645,random,YYDPETGTWY,amber,-59.37500925010666,4.888783816948762,16.777481553876246,5.657931448661903,5.508595556037851,4.848916770784997,1725.86,aer,4096,outputs/slurm_YYDPETGTWY_amber/replica_878/replica_878.pdb,outputs/slurm_YYDPETGTWY_amber/replica_878/replica_878_ca.pdb
448,313297215,sheet,YYDPETGTWY,amber,-68.78519997021343,4.889530894954617,14.968128287771725,5.6743078046213276,5.508595556037851,4.848916770784997,1058.5,aer,4096,outputs/slurm_YYDPETGTWY_amber/replica_448/replica_448.pdb,outputs/slurm_YYDPETGTWY_amber/replica_448/replica_448_ca.pdb
189,313296956,helix,YYDPETGTWY,amber,-53.95619681858335,4.891133384845364,16.16379572525209,5.700087270376111,5.508595556037851,4.848916770784997,1452.91,aer,4096,outputs/slurm_YYDPETGTWY_amber/replica_189/replica_189.pdb,outputs/slurm_YYDPETGTWY_amber/replica_189/replica_189_ca.pdb
702,313297469,helix,YYDPETGTWY,amber,-57.40220980755565,4.893305113907327,17.133608350301458,6.122177804853941,5.508595556037851,4.848916770784997,1473.72,aer,4096,outputs/slurm_YYDPETGTWY_amber/replica_702/replica_702.pdb,outputs/slurm_YYDPETGTWY_amber/replica_702/replica_702_ca.pdb
43,313296810,sheet,YYDPETGTWY,amber,-82.66633561984507,4.894393836799051,17.61606645867185,6.25697529919564,5.508595556037851,4.848916770784997,1274.36,aer,4096,outputs/slurm_YYDPETGTWY_amber/replica_43/replica_43.pdb,outputs/slurm_YYDPETGTWY_amber/replica_43/replica_43_ca.pdb
315,313297082,helix,YYDPETGTWY,amber,-73.45203461989385,4.894968925811559,16.739461896906054,6.0550596905255825,5.508595556037851,4.848916770784997,1409.3,aer,4096,outputs/slurm_YYDPETGTWY_amber/replica_315/replica_315.pdb,outputs/slurm_YYDPETGTWY_amber/replica_315/replica_315_ca.pdb
346,313297113,sheet,YYDPETGTWY,amber,22.008962454892334,4.897204864149399,15.652834898020693,5.573883050954511,5.508595556037851,4.848916770784997,1571.6,aer,4096,outputs/slurm_YYDPETGTWY_amber/replica_346/replica_346.pdb,outputs/slurm_YYDPETGTWY_amber/replica_346/replica_346_ca.pdb
818,313297585,random,YYDPETGTWY,amber,24.18190001009962,4.898082975490547,15.995956451994502,6.352011712704062,5.508595556037851,4.848916770784997,1529.86,aer,4096,outputs/slurm_YYDPETGTWY_amber/replica_818/replica_818.pdb,outputs/slurm_YYDPETGTWY_amber/replica_818/replica_818_ca.pdb
1,313296768,sheet,YYDPETGTWY,amber,-15.051627733796838,4.904714841211416,15.560319124241664,5.447380041377137,5.508595556037851,4.848916770784997,1858.09,aer,4096,outputs/slurm_YYDPETGTWY_amber/replica_1/replica_1.pdb,outputs/slurm_YYDPETGTWY_amber/replica_1/replica_1_ca.pdb
600,313297367,helix,YYDPETGTWY,amber,-90.14166623861894,4.905433111253445,13.853045076762614,5.1208762848201825,5.508595556037851,4.848916770784997,1058.66,aer,4096,outputs/slurm_YYDPETGTWY_amber/replica_600/replica_600.pdb,outputs/slurm_YYDPETGTWY_amber/replica_600/replica_600_ca.pdb
207,313296974,helix,YYDPETGTWY,amber,-47.04154517936533,4.908496164403015,16.32707359484045,5.723916270747536,5.508595556037851,4.848916770784997,1477.34,aer,4096,outputs/slurm_YYDPETGTWY_amber/replica_207/replica_207.pdb,outputs/slurm_YYDPETGTWY_amber/replica_207/replica_207_ca.pdb
928,313297695,sheet,YYDPETGTWY,amber,-78.71865259288253,4.908960501707012,17.676333540578,6.02132173115528,5.508595556037851,4.848916770784997,1263.74,aer,4096,outputs/slurm_YYDPETGTWY_amber/replica_928/replica_928.pdb,outputs/slurm_YYDPETGTWY_amber/replica_928/replica_928_ca.pdb
177,313296944,helix,YYDPETGTWY,amber,-114.98535021269974,4.910099519951624,15.657048713622936,5.9898157420138425,5.508595556037851,4.848916770784997,1660.43,aer,4096,outputs/slurm_YYDPETGTWY_amber/replica_177/replica_177.pdb,outputs/slurm_YYDPETGTWY_amber/replica_177/replica_177_ca.pdb
112,313296879,sheet,YYDPETGTWY,amber,-101.4997072625035,4.914474854585344,17.18500494582389,5.968279450576409,5.508595556037851,4.848916770784997,1679.63,aer,4096,outputs/slurm_YYDPETGTWY_amber/replica_112/replica_112.pdb,outputs/slurm_YYDPETGTWY_amber/replica_112/replica_112_ca.pdb
895,313297662,sheet,YYDPETGTWY,amber,21.38596929307114,4.915163676180722,17.952366875614413,6.000676912939783,5.508595556037851,4.848916770784997,1750.94,aer,4096,outputs/slurm_YYDPETGTWY_amber/replica_895/replica_895.pdb,outputs/slurm_YYDPETGTWY_amber/replica_895/replica_895_ca.pdb
889,313297656,sheet,YYDPETGTWY,amber,7.933889436272033,4.918619461648752,16.60247031649113,5.863180051945785,5.508595556037851,4.848916770784997,1517.49,aer,4096,outputs/slurm_YYDPETGTWY_amber/replica_889/replica_889.pdb,outputs/slurm_YYDPETGTWY_amber/replica_889/replica_889_ca.pdb
163,313296930,sheet,YYDPETGTWY,amber,-56.280151201435345,4.918838691493974,17.873496126986293,6.042288176963701,5.508595556037851,4.848916770784997,1372.86,aer,4096,outputs/slurm_YYDPETGTWY_amber/replica_163/replica_163.pdb,outputs/slurm_YYDPETGTWY_amber/replica_163/replica_163_ca.pdb
152,313296919,random,YYDPETGTWY,amber,-29.676737628306675,4.919728266724501,18.766038401736385,6.290457347728222,5.508595556037851,4.848916770784997,1291.69,aer,4096,outputs/slurm_YYDPETGTWY_amber/replica_152/replica_152.pdb,outputs/slurm_YYDPETGTWY_amber/replica_152/replica_152_ca.pdb
377,313297144,random,YYDPETGTWY,amber,-82.30766419842506,4.920064750141125,18.095597552923085,6.095205922748315,5.508595556037851,4.848916770784997,1327.0,aer,4096,outputs/slurm_YYDPETGTWY_amber/replica_377/replica_377.pdb,outputs/slurm_YYDPETGTWY_amber/replica_377/replica_377_ca.pdb
172,313296939,sheet,YYDPETGTWY,amber,-69.99272563219291,4.922369598522475,16.057156574749172,5.814481913798915,5.508595556037851,4.848916770784997,1457.81,aer,4096,outputs/slurm_YYDPETGTWY_amber/replica_172/replica_172.pdb,outputs/slurm_YYDPETGTWY_amber/replica_172/replica_172_ca.pdb
237,313297004,helix,YYDPETGTWY,amber,-29.98668687434134,4.923260660846364,16.6040007881442,6.106110749853364,5.508595556037851,4.848916770784997,1512.81,aer,4096,outputs/slurm_YYDPETGTWY_amber/replica_237/replica_237.pdb,outputs/slurm_YYDPETGTWY_amber/replica_237/replica_237_ca.pdb
148,313296915,sheet,YYDPETGTWY,amber,-57.120268157274296,4.924042220140007,18.807956287056594,6.113017233846464,5.508595556037851,4.848916770784997,1382.57,aer,4096,outputs/slurm_YYDPETGTWY_amber/replica_148/replica_148.pdb,outputs/slurm_YYDPETGTWY_amber/replica_148/replica_148_ca.pdb
538,313297305,sheet,YYDPETGTWY,amber,-55.577715450765254,4.924669584996745,16.169003845543983,5.9348554377525,5.508595556037851,4.848916770784997,1486.52,aer,4096,outputs/slurm_YYDPETGTWY_amber/replica_538/replica_538.pdb,outputs/slurm_YYDPETGTWY_amber/replica_538/replica_538_ca.pdb
599,313297366,random,YYDPETGTWY,amber,-78.71967762287883,4.926096237690941,16.741380002310088,5.827830961839487,5.508595556037851,4.848916770784997,1408.31,aer,4096,outputs/slurm_YYDPETGTWY_amber/replica_599/replica_599.pdb,outputs/slurm_YYDPETGTWY_amber/replica_599/replica_599_ca.pdb
939,313297706,helix,YYDPETGTWY,amber,-121.25152039963113,4.928487504980266,14.698011647116463,5.221952233431989,5.508595556037851,4.848916770784997,1309.4,aer,4096,outputs/slurm_YYDPETGTWY_amber/replica_939/replica_939.pdb,outputs/slurm_YYDPETGTWY_amber/replica_939/replica_939_ca.pdb
296,313297063,random,YYDPETGTWY,amber,-36.579819092004655,4.930041245015249,16.2401524156701,5.814366568929798,5.508595556037851,4.848916770784997,1080.98,aer,4096,outputs/slurm_YYDPETGTWY_amber/replica_296/replica_296.pdb,outputs/slurm_YYDPETGTWY_amber/replica_296/replica_296_ca.pdb
616,313297383,sheet,YYDPETGTWY,amber,-28.73602337222771,4.930437999617616,16.205067371094472,5.977489702838465,5.508595556037851,4.848916770784997,1388.98,aer,4096,outputs/slurm_YYDPETGTWY_amber/replica_616/replica_616.pdb,outputs/slurm_YYDPETGTWY_amber/replica_616/replica_616_ca.pdb
934,313297701,sheet,YYDPETGTWY,amber,-29.422722765230933,4.931569097530293,16.945800826225664,6.38421688968106,5.508595556037851,4.848916770784997,1575.5,aer,4096,outputs/slurm_YYDPETGTWY_amber/replica_934/replica_934.pdb,outputs/slurm_YYDPETGTWY_amber/replica_934/replica_934_ca.pdb
969,313297736,helix,YYDPETGTWY,amber,-55.770412105118474,4.934823647706781,15.080893380374224,5.592655372330857,5.508595556037851,4.848916770784997,1359.85,aer,4096,outputs/slurm_YYDPETGTWY_amber/replica_969/replica_969.pdb,outputs/slurm_YYDPETGTWY_amber/replica_969/replica_969_ca.pdb
794,313297561,random,YYDPETGTWY,amber,-40.36852596326228,4.934923710102698,16.7871922366778,6.1222692863961825,5.508595556037851,4.848916770784997,1643.81,aer,4096,outputs/slurm_YYDPETGTWY_amber/replica_794/replica_794.pdb,outputs/slurm_YYDPETGTWY_amber/replica_794/replica_794_ca.pdb
267,313297034,helix,YYDPETGTWY,amber,-69.72318066990572,4.935526574970325,16.387691321473252,5.99981721390284,5.508595556037851,4.848916770784997,1158.56,aer,4096,outputs/slurm_YYDPETGTWY_amber/replica_267/replica_267.pdb,outputs/slurm_YYDPETGTWY_amber/replica_267/replica_267_ca.pdb
136,313296903,sheet,YYDPETGTWY,amber,-58.76988958152272,4.937233453298423,15.799034505257518,5.657978152728549,5.508595556037851,4.848916770784997,1354.97,aer,4096,outputs/slurm_YYDPETGTWY_amber/replica_136/replica_136.pdb,outputs/slurm_YYDPETGTWY_amber/replica_136/replica_136_ca.pdb
692,313297459,random,YYDPETGTWY,amber,-57.642269204631354,4.9427250920372705,16.82652398640019,5.720836720842098,5.508595556037851,4.848916770784997,1235.91,aer,4096,outputs/slurm_YYDPETGTWY_amber/replica_692/replica_692.pdb,outputs/slurm_YYDPETGTWY_amber/replica_692/replica_692_ca.pdb
372,313297139,helix,YYDPETGTWY,amber,-13.86105947782314,4.944587324052565,17.336461115669618,6.195704129646775,5.508595556037851,4.848916770784997,1237.47,aer,4096,outputs/slurm_YYDPETGTWY_amber/replica_372/replica_372.pdb,outputs/slurm_YYDPETGTWY_amber/replica_372/replica_372_ca.pdb
57,313296824,helix,YYDPETGTWY,amber,-114.07868420771153,4.9460132753458,17.21494063496357,6.2941416016773895,5.508595556037851,4.848916770784997,1415.33,aer,4096,outputs/slurm_YYDPETGTWY_amber/replica_57/replica_57.pdb,outputs/slurm_YYDPETGTWY_amber/replica_57/replica_57_ca.pdb
551,313297318,random,YYDPETGTWY,amber,-33.71718214348662,4.946971266610601,17.82618686872501,6.285044740966842,5.508595556037851,4.848916770784997,1466.0,aer,4096,outputs/slurm_YYDPETGTWY_amber/replica_551/replica_551.pdb,outputs/slurm_YYDPETGTWY_amber/replica_551/replica_551_ca.pdb
876,313297643,helix,YYDPETGTWY,amber,2.234600315502518,4.94810868712594,17.007145477422608,5.958363253509018,5.508595556037851,4.848916770784997,1094.77,aer,4096,outputs/slurm_YYDPETGTWY_amber/replica_876/replica_876.pdb,outputs/slurm_YYDPETGTWY_amber/replica_876/replica_876_ca.pdb
461,313297228,random,YYDPETGTWY,amber,-33.35103894217222,4.948842612102885,17.18322713286435,6.219103827936247,5.508595556037851,4.848916770784997,8244.74,aer,4096,outputs/slurm_YYDPETGTWY_amber/replica_461/replica_461.pdb,outputs/slurm_YYDPETGTWY_amber/replica_461/replica_461_ca.pdb
772,313297539,sheet,YYDPETGTWY,amber,-33.33622713107098,4.950550263368503,18.357228538161653,6.032700878983491,5.508595556037851,4.848916770784997,1291.22,aer,4096,outputs/slurm_YYDPETGTWY_amber/replica_772/replica_772.pdb,outputs/slurm_YYDPETGTWY_amber/replica_772/replica_772_ca.pdb
906,313297673,helix,YYDPETGTWY,amber,-75.57760455369291,4.955602072440732,17.827300290936915,6.017772080847811,5.508595556037851,4.848916770784997,1307.51,aer,4096,outputs/slurm_YYDPETGTWY_amber/replica_906/replica_906.pdb,outputs/slurm_YYDPETGTWY_amber/replica_906/replica_906_ca.pdb
771,313297538,helix,YYDPETGTWY,amber,-9.284658644162317,4.957103695365105,17.421655099430293,6.151983637784743,5.508595556037851,4.848916770784997,1150.42,aer,4096,outputs/slurm_YYDPETGTWY_amber/replica_771/replica_771.pdb,outputs/slurm_YYDPETGTWY_amber/replica_771/replica_771_ca.pdb
327,313297094,helix,YYDPETGTWY,amber,-29.415748460701522,4.957107226876316,16.668820048819025,5.762488196975643,5.508595556037851,4.848916770784997,1405.6,aer,4096,outputs/slurm_YYDPETGTWY_amber/replica_327/replica_327.pdb,outputs/slurm_YYDPETGTWY_amber/replica_327/replica_327_ca.pdb
258,313297025,helix,YYDPETGTWY,amber,-32.29120486234867,4.957390001104987,16.617724299883278,6.12186362985391,5.508595556037851,4.848916770784997,1180.33,aer,4096,outputs/slurm_YYDPETGTWY_amber/replica_258/replica_258.pdb,outputs/slurm_YYDPETGTWY_amber/replica_258/replica_258_ca.pdb
595,313297362,sheet,YYDPETGTWY,amber,-34.75587892291725,4.957643091637376,17.929357124201946,6.2970059030480465,5.508595556037851,4.848916770784997,1028.5,aer,4096,outputs/slurm_YYDPETGTWY_amber/replica_595/replica_595.pdb,outputs/slurm_YYDPETGTWY_amber/replica_595/replica_595_ca.pdb
655,313297422,sheet,YYDPETGTWY,amber,-160.9085772841901,4.95775912252291,15.78682244842479,5.883177539385877,5.508595556037851,4.848916770784997,1659.59,aer,4096,outputs/slurm_YYDPETGTWY_amber/replica_655/replica_655.pdb,outputs/slurm_YYDPETGTWY_amber/replica_655/replica_655_ca.pdb
723,313297490,helix,YYDPETGTWY,amber,-38.67887214809867,4.9580693151414525,15.393485623281883,5.627783659458732,5.508595556037851,4.848916770784997,1124.24,aer,4096,outputs/slurm_YYDPETGTWY_amber/replica_723/replica_723.pdb,outputs/slurm_YYDPETGTWY_amber/replica_723/replica_723_ca.pdb
589,313297356,sheet,YYDPETGTWY,amber,-152.45034091980605,4.959291187951341,17.470881534324405,6.364485080798372,5.508595556037851,4.848916770784997,1444.45,aer,4096,outputs/slurm_YYDPETGTWY_amber/replica_589/replica_589.pdb,outputs/slurm_YYDPETGTWY_amber/replica_589/replica_589_ca.pdb
100,313296867,sheet,YYDPETGTWY,amber,61.0628869379273,4.96160304380491,15.157420213046572,5.543880051545396,5.508595556037851,4.848916770784997,1726.21,aer,4096,outputs/slurm_YYDPETGTWY_amber/replica_100/replica_100.pdb,outputs/slurm_YYDPETGTWY_amber/replica_100/replica_100_ca.pdb
243,313297010,helix,YYDPETGTWY,amber,287.62280430131426,4.9618905990809345,16.265150061830447,5.650975989943681,5.508595556037851,4.848916770784997,1109.68,aer,4096,outputs/slurm_YYDPETGTWY_amber/replica_243/replica_243.pdb,outputs/slurm_YYDPETGTWY_amber/replica_243/replica_243_ca.pdb
340,313297107,sheet,YYDPETGTWY,amber,-37.78449223000909,4.964706990141106,13.708191147507273,5.931556321166426,5.508595556037851,4.848916770784997,1200.57,aer,4096,outputs/slurm_YYDPETGTWY_amber/replica_340/replica_340.pdb,outputs/slurm_YYDPETGTWY_amber/replica_340/replica_340_ca.pdb
540,313297307,helix,YYDPETGTWY,amber,-86.04160298967636,4.969090692515122,13.862961300107525,5.255769465535475,5.508595556037851,4.848916770784997,1317.42,aer,4096,outputs/slurm_YYDPETGTWY_amber/replica_540/replica_540.pdb,outputs/slurm_YYDPETGTWY_amber/replica_540/replica_540_ca.pdb
239,313297006,random,YYDPETGTWY,amber,-33.35050128414084,4.973940016527263,18.812415062472652,6.1241331934457985,5.508595556037851,4.848916770784997,1668.29,aer,4096,outputs/slurm_YYDPETGTWY_amber/replica_239/replica_239.pdb,outputs/slurm_YYDPETGTWY_amber/replica_239/replica_239_ca.pdb
549,313297316,helix,YYDPETGTWY,amber,-86.18972281252795,4.974123766937911,13.267249319013226,5.071064857573047,5.508595556037851,4.848916770784997,1159.3,aer,4096,outputs/slurm_YYDPETGTWY_amber/replica_549/replica_549.pdb,outputs/slurm_YYDPETGTWY_amber/replica_549/replica_549_ca.pdb
300,313297067,helix,YYDPETGTWY,amber,-68.47755392870555,4.975759005327612,16.97266049565344,5.938587272497131,5.508595556037851,4.848916770784997,1116.23,aer,4096,outputs/slurm_YYDPETGTWY_amber/replica_300/replica_300.pdb,outputs/slurm_YYDPETGTWY_amber/replica_300/replica_300_ca.pdb
8,313296775,random,YYDPETGTWY,amber,329.3957536084007,4.976773140804828,15.490790208502855,6.16704402558486,5.508595556037851,4.848916770784997,846.62,aer,4096,outputs/slurm_YYDPETGTWY_amber/replica_8/replica_8.pdb,outputs/slurm_YYDPETGTWY_amber/replica_8/replica_8_ca.pdb
192,313296959,helix,YYDPETGTWY,amber,-53.9422918201982,4.976913125044669,18.16129560427264,6.085596575334085,5.508595556037851,4.848916770784997,1403.26,aer,4096,outputs/slurm_YYDPETGTWY_amber/replica_192/replica_192.pdb,outputs/slurm_YYDPETGTWY_amber/replica_192/replica_192_ca.pdb
553,313297320,sheet,YYDPETGTWY,amber,21.3588273694806,4.979804049007427,16.076913634289564,5.740084257045003,5.508595556037851,4.848916770784997,1186.39,aer,4096,outputs/slurm_YYDPETGTWY_amber/replica_553/replica_553.pdb,outputs/slurm_YYDPETGTWY_amber/replica_553/replica_553_ca.pdb
339,313297106,helix,YYDPETGTWY,amber,8.910799479433777,4.981801930640178,14.633673295098305,5.861856272904777,5.508595556037851,4.848916770784997,1213.23,aer,4096,outputs/slurm_YYDPETGTWY_amber/replica_339/replica_339.pdb,outputs/slurm_YYDPETGTWY_amber/replica_339/replica_339_ca.pdb
476,313297243,random,YYDPETGTWY,amber,-55.69243810631551,4.982893512574374,14.087331438957131,5.322117955833621,5.508595556037851,4.848916770784997,1068.58,aer,4096,outputs/slurm_YYDPETGTWY_amber/replica_476/replica_476.pdb,outputs/slurm_YYDPETGTWY_amber/replica_476/replica_476_ca.pdb
916,313297683,sheet,YYDPETGTWY,amber,-72.54097625269603,4.9854888653627105,16.83392137056855,6.004365421035378,5.508595556037851,4.848916770784997,970.79,aer,4096,outputs/slurm_YYDPETGTWY_amber/replica_916/replica_916.pdb,outputs/slurm_YYDPETGTWY_amber/replica_916/replica_916_ca.pdb
314,313297081,random,YYDPETGTWY,amber,-56.10646854530813,4.98719111944296,17.234599529886435,6.272524523500363,5.508595556037851,4.848916770784997,1643.08,aer,4096,outputs/slurm_YYDPETGTWY_amber/replica_314/replica_314.pdb,outputs/slurm_YYDPETGTWY_amber/replica_314/replica_314_ca.pdb
690,313297457,helix,YYDPETGTWY,amber,66.29694849409563,4.987246531525944,17.767624176452323,5.821316790937295,5.508595556037851,4.848916770784997,1648.41,aer,4096,outputs/slurm_YYDPETGTWY_amber/replica_690/replica_690.pdb,outputs/slurm_YYDPETGTWY_amber/replica_690/replica_690_ca.pdb
780,313297547,helix,YYDPETGTWY,amber,-93.22075534937967,4.987287974815767,15.790859841089379,5.576057299843162,5.508595556037851,4.848916770784997,1369.94,aer,4096,outputs/slurm_YYDPETGTWY_amber/replica_780/replica_780.pdb,outputs/slurm_YYDPETGTWY_amber/replica_780/replica_780_ca.pdb
395,313297162,random,YYDPETGTWY,amber,497.1382633217518,4.9887415574365646,17.25035455721951,6.2538323999439625,5.508595556037851,4.848916770784997,1294.72,aer,4096,outputs/slurm_YYDPETGTWY_amber/replica_395/replica_395.pdb,outputs/slurm_YYDPETGTWY_amber/replica_395/replica_395_ca.pdb
464,313297231,random,YYDPETGTWY,amber,-60.978477528907426,4.989183137136437,15.760992200339546,5.7702891074345635,5.508595556037851,4.848916770784997,1297.7,aer,4096,outputs/slurm_YYDPETGTWY_amber/replica_464/replica_464.pdb,outputs/slurm_YYDPETGTWY_amber/replica_464/replica_464_ca.pdb
487,313297254,sheet,YYDPETGTWY,amber,-30.22311969805563,4.993421955689685,19.521122281099807,6.714484268606687,5.508595556037851,4.848916770784997,1285.79,aer,4096,outputs/slurm_YYDPETGTWY_amber/replica_487/replica_487.pdb,outputs/slurm_YYDPETGTWY_amber/replica_487/replica_487_ca.pdb
637,313297404,sheet,YYDPETGTWY,amber,-13.309487922521042,4.994735672363847,16.547531921558342,5.833253594604517,5.508595556037851,4.848916770784997,1421.94,aer,4096,outputs/slurm_YYDPETGTWY_amber/replica_637/replica_637.pdb,outputs/slurm_YYDPETGTWY_amber/replica_637/replica_637_ca.pdb
265,313297032,sheet,YYDPETGTWY,amber,-9.127415166831575,4.994782530922359,15.78857305965109,5.773078658588492,5.508595556037851,4.848916770784997,1026.24,aer,4096,outputs/slurm_YYDPETGTWY_amber/replica_265/replica_265.pdb,outputs/slurm_YYDPETGTWY_amber/replica_265/replica_265_ca.pdb
901,313297668,sheet,YYDPETGTWY,amber,-10.413855097143752,4.995766078092433,16.63840674811466,5.741303882329412,5.508595556037851,4.848916770784997,1609.12,aer,4096,outputs/slurm_YYDPETGTWY_amber/replica_901/replica_901.pdb,outputs/slurm_YYDPETGTWY_amber/replica_901/replica_901_ca.pdb
89,313296856,random,YYDPETGTWY,amber,-2.672980077369943,4.999569869327999,16.429540020549215,6.1525791212747585,5.508595556037851,4.848916770784997,1603.97,aer,4096,outputs/slurm_YYDPETGTWY_amber/replica_89/replica_89.pdb,outputs/slurm_YYDPETGTWY_amber/replica_89/replica_89_ca.pdb
252,313297019,helix,YYDPETGTWY,amber,-97.79252357633658,5.002138167313116,16.292485836778866,5.624523207722931,5.508595556037851,4.848916770784997,1115.8,aer,4096,outputs/slurm_YYDPETGTWY_amber/replica_252/replica_252.pdb,outputs/slurm_YYDPETGTWY_amber/replica_252/replica_252_ca.pdb
557,313297324,random,YYDPETGTWY,amber,31.071137206038028,5.006592613535007,15.973657486912312,5.661403403224081,5.508595556037851,4.848916770784997,1534.41,aer,4096,outputs/slurm_YYDPETGTWY_amber/replica_557/replica_557.pdb,outputs/slurm_YYDPETGTWY_amber/replica_557/replica_557_ca.pdb
61,313296828,sheet,YYDPETGTWY,amber,4.582783637118353,5.010034340727328,15.475947392597638,6.279223733340392,5.508595556037851,4.848916770784997,1602.92,aer,4096,outputs/slurm_YYDPETGTWY_amber/replica_61/replica_61.pdb,outputs/slurm_YYDPETGTWY_amber/replica_61/replica_61_ca.pdb
289,313297056,sheet,YYDPETGTWY,amber,-67.1816487169883,5.01459241178847,14.383465992736026,5.102470411814994,5.508595556037851,4.848916770784997,2188.02,aer,4096,outputs/slurm_YYDPETGTWY_amber/replica_289/replica_289.pdb,outputs/slurm_YYDPETGTWY_amber/replica_289/replica_289_ca.pdb
877,313297644,sheet,YYDPETGTWY,amber,-25.42686572575192,5.016329081391195,16.35008389846124,5.847364934378707,5.508595556037851,4.848916770784997,1016.41,aer,4096,outputs/slurm_YYDPETGTWY_amber/replica_877/replica_877.pdb,outputs/slurm_YYDPETGTWY_amber/replica_877/replica_877_ca.pdb
972,313297739,helix,YYDPETGTWY,amber,-53.53905067985968,5.022761843955514,15.553413754359422,5.390710847739318,5.508595556037851,4.848916770784997,1456.52,aer,4096,outputs/slurm_YYDPETGTWY_amber/replica_972/replica_972.pdb,outputs/slurm_YYDPETGTWY_amber/replica_972/replica_972_ca.pdb
486,313297253,helix,YYDPETGTWY,amber,4.711265278259011,5.024244664950708,19.243700353201984,6.9392580719763854,5.508595556037851,4.848916770784997,1136.05,aer,4096,outputs/slurm_YYDPETGTWY_amber/replica_486/replica_486.pdb,outputs/slurm_YYDPETGTWY_amber/replica_486/replica_486_ca.pdb
931,313297698,sheet,YYDPETGTWY,amber,576.722909524086,5.026081972245257,17.870865656513832,5.908416789665537,5.508595556037851,4.848916770784997,1476.03,aer,4096,outputs/slurm_YYDPETGTWY_amber/replica_931/replica_931.pdb,outputs/slurm_YYDPETGTWY_amber/replica_931/replica_931_ca.pdb
866,313297633,random,YYDPETGTWY,amber,639.30494127437,5.028272107386957,18.02891583447483,6.0061452575404255,5.508595556037851,4.848916770784997,709.81,aer,4096,outputs/slurm_YYDPETGTWY_amber/replica_866/replica_866.pdb,outputs/slurm_YYDPETGTWY_amber/replica_866/replica_866_ca.pdb
737,313297504,random,YYDPETGTWY,amber,-3.557473494989867,5.033958241081418,16.205450594600762,5.613665628027856,5.508595556037851,4.848916770784997,1284.86,aer,4096,outputs/slurm_YYDPETGTWY_amber/replica_737/replica_737.pdb,outputs/slurm_YYDPETGTWY_amber/replica_737/replica_737_ca.pdb
434,313297201,random,YYDPETGTWY,amber,-7.026493727525135,5.036036471995211,17.20820415289777,5.8875640629378045,5.508595556037851,4.848916770784997,1098.25,aer,4096,outputs/slurm_YYDPETGTWY_amber/replica_434/replica_434.pdb,outputs/slurm_YYDPETGTWY_amber/replica_434/replica_434_ca.pdb
472,313297239,sheet,YYDPETGTWY,amber,-68.88025179315184,5.03627778564305,16.94504191671833,5.961409585782185,5.508595556037851,4.848916770784997,1262.57,aer,4096,outputs/slurm_YYDPETGTWY_amber/replica_472/replica_472.pdb,outputs/slurm_YYDPETGTWY_amber/replica_472/replica_472_ca.pdb
9,313296776,helix,YYDPETGTWY,amber,81.5983395508653,5.041130970037682,19.321021576047436,6.404689524365921,5.508595556037851,4.848916770784997,1750.82,aer,4096,outputs/slurm_YYDPETGTWY_amber/replica_9/replica_9.pdb,outputs/slurm_YYDPETGTWY_amber/replica_9/replica_9_ca.pdb
16,313296783,sheet,YYDPETGTWY,amber,-39.15575939983905,5.042711529430996,18.25128937024206,6.271228969982291,5.508595556037851,4.848916770784997,1300.01,aer,4096,outputs/slurm_YYDPETGTWY_amber/replica_16/replica_16.pdb,outputs/slurm_YYDPETGTWY_amber/replica_16/replica_16_ca.pdb
444,313297211,helix,YYDPETGTWY,amber,-74.71592529914258,5.043112934681747,18.876588819821347,6.471973025473019,5.508595556037851,4.848916770784997,1277.95,aer,4096,outputs/slurm_YYDPETGTWY_amber/replica_444/replica_444.pdb,outputs/slurm_YYDPETGTWY_amber/replica_444/replica_444_ca.pdb
87,313296854,helix,YYDPETGTWY,amber,-63.82814561471737,5.049693442115514,15.854623176310703,5.999563435694267,5.508595556037851,4.848916770784997,1277.42,aer,4096,outputs/slurm_YYDPETGTWY_amber/replica_87/replica_87.pdb,outputs/slurm_YYDPETGTWY_amber/replica_87/replica_87_ca.pdb
205,313296972,sheet,YYDPETGTWY,amber,-28.674501988460268,5.049791355471502,15.545205185818773,6.0844002268330435,5.508595556037851,4.848916770784997,1309.44,aer,4096,outputs/slurm_YYDPETGTWY_amber/replica_205/replica_205.pdb,outputs/slurm_YYDPETGTWY_amber/replica_205/replica_205_ca.pdb
864,313297631,helix,YYDPETGTWY,amber,-11.395293842388057,5.050722379507558,18.68280568698771,6.196130118551846,5.508595556037851,4.848916770784997,1055.44,aer,4096,outputs/slurm_YYDPETGTWY_amber/replica_864/replica_864.pdb,outputs/slurm_YYDPETGTWY_amber/replica_864/replica_864_ca.pdb
774,313297541,helix,YYDPETGTWY,amber,-96.76643512332043,5.054666559703918,12.651195781086058,4.785891915564963,5.508595556037851,4.848916770784997,1311.37,aer,4096,outputs/slurm_YYDPETGTWY_amber/replica_774/replica_774.pdb,outputs/slurm_YYDPETGTWY_amber/replica_774/replica_774_ca.pdb
114,313296881,helix,YYDPETGTWY,amber,-60.68080370123545,5.057902861740801,17.16571216858871,6.023888362065254,5.508595556037851,4.848916770784997,1492.06,aer,4096,outputs/slurm_YYDPETGTWY_amber/replica_114/replica_114.pdb,outputs/slurm_YYDPETGTWY_amber/replica_114/replica_114_ca.pdb
418,313297185,sheet,YYDPETGTWY,amber,-20.004200633823075,5.061865731474373,15.798546773244665,5.875450548266111,5.508595556037851,4.848916770784997,1712.69,aer,4096,outputs/slurm_YYDPETGTWY_amber/replica_418/replica_418.pdb,outputs/slurm_YYDPETGTWY_amber/replica_418/replica_418_ca.pdb
138,313296905,helix,YYDPETGTWY,amber,-56.64443878775929,5.065236817848172,18.633977661375614,6.1092014930693885,5.508595556037851,4.848916770784997,1528.09,aer,4096,outputs/slurm_YYDPETGTWY_amber/replica_138/replica_138.pdb,outputs/slurm_YYDPETGTWY_amber/replica_138/replica_138_ca.pdb
718,313297485,sheet,YYDPETGTWY,amber,-79.9393240325893,5.070832249382162,15.884381579678621,5.861941463372306,5.508595556037851,4.848916770784997,1296.51,aer,4096,outputs/slurm_YYDPETGTWY_amber/replica_718/replica_718.pdb,outputs/slurm_YYDPETGTWY_amber/replica_718/replica_718_ca.pdb
938,313297705,random,YYDPETGTWY,amber,597.2250205663098,5.074816936287117,18.402406749430845,6.362379561204411,5.508595556037851,4.848916770784997,1730.63,aer,4096,outputs/slurm_YYDPETGTWY_amber/replica_938/replica_938.pdb,outputs/slurm_YYDPETGTWY_amber/replica_938/replica_938_ca.pdb
220,313296987,sheet,YYDPETGTWY,amber,-44.972427738739775,5.075110853806369,17.648605186625936,6.1422333970764855,5.508595556037851,4.848916770784997,1249.95,aer,4096,outputs/slurm_YYDPETGTWY_amber/replica_220/replica_220.pdb,outputs/slurm_YYDPETGTWY_amber/replica_220/replica_220_ca.pdb
792,313297559,helix,YYDPETGTWY,amber,-43.914075058746825,5.076883281551611,16.784737298065114,6.213418458786309,5.508595556037851,4.848916770784997,1001.85,aer,4096,outputs/slurm_YYDPETGTWY_amber/replica_792/replica_792.pdb,outputs/slurm_YYDPETGTWY_amber/replica_792/replica_792_ca.pdb
617,313297384,random,YYDPETGTWY,amber,-41.95483534221541,5.078197636460387,18.591705091626306,6.443051955040539,5.508595556037851,4.848916770784997,1535.78,aer,4096,outputs/slurm_YYDPETGTWY_amber/replica_617/replica_617.pdb,outputs/slurm_YYDPETGTWY_amber/replica_617/replica_617_ca.pdb
69,313296836,helix,YYDPETGTWY,amber,-42.42075382404128,5.0794498459298225,15.794607342038088,5.736343685670803,5.508595556037851,4.848916770784997,1708.48,aer,4096,outputs/slurm_YYDPETGTWY_amber/replica_69/replica_69.pdb,outputs/slurm_YYDPETGTWY_amber/replica_69/replica_69_ca.pdb
414,313297181,helix,YYDPETGTWY,amber,501.85898482393725,5.079816696186966,18.87311409692843,6.152681230180792,5.508595556037851,4.848916770784997,1146.71,aer,4096,outputs/slurm_YYDPETGTWY_amber/replica_414/replica_414.pdb,outputs/slurm_YYDPETGTWY_amber/replica_414/replica_414_ca.pdb
375,313297142,helix,YYDPETGTWY,amber,-46.32140906051959,5.080494263720864,14.930857263587933,5.484903676800478,5.508595556037851,4.848916770784997,1459.54,aer,4096,outputs/slurm_YYDPETGTWY_amber/replica_375/replica_375.pdb,outputs/slurm_YYDPETGTWY_amber/replica_375/replica_375_ca.pdb
170,313296937,random,YYDPETGTWY,amber,-63.248105630531306,5.080725028899564,17.29658688389283,6.155346329206936,5.508595556037851,4.848916770784997,1308.59,aer,4096,outputs/slurm_YYDPETGTWY_amber/replica_170/replica_170.pdb,outputs/slurm_YYDPETGTWY_amber/replica_170/replica_170_ca.pdb
38,313296805,random,YYDPETGTWY,amber,-138.55419392393026,5.082059470372922,18.5868960181248,6.121237093317757,5.508595556037851,4.848916770784997,1696.98,aer,4096,outputs/slurm_YYDPETGTWY_amber/replica_38/replica_38.pdb,outputs/slurm_YYDPETGTWY_amber/replica_38/replica_38_ca.pdb
55,313296822,sheet,YYDPETGTWY,amber,-128.07210848866447,5.082618780172702,15.3714240566843,5.5860262021990295,5.508595556037851,4.848916770784997,1272.71,aer,4096,outputs/slurm_YYDPETGTWY_amber/replica_55/replica_55.pdb,outputs/slurm_YYDPETGTWY_amber/replica_55/replica_55_ca.pdb
279,313297046,helix,YYDPETGTWY,amber,-71.55838313069245,5.0847604497858745,16.203909765479594,5.822180053373043,5.508595556037851,4.848916770784997,1313.25,aer,4096,outputs/slurm_YYDPETGTWY_amber/replica_279/replica_279.pdb,outputs/slurm_YYDPETGTWY_amber/replica_279/replica_279_ca.pdb
806,313297573,random,YYDPETGTWY,amber,-51.15155571639487,5.09291545372294,18.002726392814665,5.749606377673455,5.508595556037851,4.848916770784997,1377.05,aer,4096,outputs/slurm_YYDPETGTWY_amber/replica_806/replica_806.pdb,outputs/slurm_YYDPETGTWY_amber/replica_806/replica_806_ca.pdb
405,313297172,helix,YYDPETGTWY,amber,-37.57717763799514,5.098722891936221,13.817802532103837,5.266844074585053,5.508595556037851,4.848916770784997,1300.25,aer,4096,outputs/slurm_YYDPETGTWY_amber/replica_405/replica_405.pdb,outputs/slurm_YYDPETGTWY_amber/replica_405/replica_405_ca.pdb
28,313296795,sheet,YYDPETGTWY,amber,-34.09903206414158,5.099642373837098,15.71052600132357,5.615422118163027,5.508595556037851,4.848916770784997,1223.35,aer,4096,outputs/slurm_YYDPETGTWY_amber/replica_28/replica_28.pdb,outputs/slurm_YYDPETGTWY_amber/replica_28/replica_28_ca.pdb
587,313297354,random,YYDPETGTWY,amber,-90.33240464160393,5.108083995623422,16.7552686729693,6.30745215854736,5.508595556037851,4.848916770784997,1343.82,aer,4096,outputs/slurm_YYDPETGTWY_amber/replica_587/replica_587.pdb,outputs/slurm_YYDPETGTWY_amber/replica_587/replica_587_ca.pdb
735,313297502,helix,YYDPETGTWY,amber,-11.983168589168084,5.108715129969284,17.67100700148588,6.376177867913272,5.508595556037851,4.848916770784997,1501.65,aer,4096,outputs/slurm_YYDPETGTWY_amber/replica_735/replica_735.pdb,outputs/slurm_YYDPETGTWY_amber/replica_735/replica_735_ca.pdb
810,313297577,helix,YYDPETGTWY,amber,-17.458389145977314,5.113897005180494,18.327429541147662,6.501234636356389,5.508595556037851,4.848916770784997,1220.8,aer,4096,outputs/slurm_YYDPETGTWY_amber/replica_810/replica_810.pdb,outputs/slurm_YYDPETGTWY_amber/replica_810/replica_810_ca.pdb
583,313297350,sheet,YYDPETGTWY,amber,-115.0081796960456,5.114752492432726,17.306708617595422,6.068285173192372,5.508595556037851,4.848916770784997,1485.2,aer,4096,outputs/slurm_YYDPETGTWY_amber/replica_583/replica_583.pdb,outputs/slurm_YYDPETGTWY_amber/replica_583/replica_583_ca.pdb
716,313297483,random,YYDPETGTWY,amber,-57.51691009093088,5.115093933543982,17.213103357337587,6.043654014653852,5.508595556037851,4.848916770784997,1661.17,aer,4096,outputs/slurm_YYDPETGTWY_amber/replica_716/replica_716.pdb,outputs/slurm_YYDPETGTWY_amber/replica_716/replica_716_ca.pdb
803,313297570,random,YYDPETGTWY,amber,7.787718519783256,5.115160286487215,19.014308598052132,6.2918611086113065,5.508595556037851,4.848916770784997,1411.03,aer,4096,outputs/slurm_YYDPETGTWY_amber/replica_803/replica_803.pdb,outputs/slurm_YYDPETGTWY_amber/replica_803/replica_803_ca.pdb
756,313297523,helix,YYDPETGTWY,amber,-46.86859557258096,5.117604949087756,16.599631076668107,6.094333192372429,5.508595556037851,4.848916770784997,1096.57,aer,4096,outputs/slurm_YYDPETGTWY_amber/replica_756/replica_756.pdb,outputs/slurm_YYDPETGTWY_amber/replica_756/replica_756_ca.pdb
550,313297317,sheet,YYDPETGTWY,amber,-50.056085385514415,5.11941023272516,16.624068672508635,6.19054516054672,5.508595556037851,4.848916770784997,1748.59,aer,4096,outputs/slurm_YYDPETGTWY_amber/replica_550/replica_550.pdb,outputs/slurm_YYDPETGTWY_amber/replica_550/replica_550_ca.pdb
683,313297450,random,YYDPETGTWY,amber,406.42825675470476,5.120132761052165,15.1734495389285,5.617872942382572,5.508595556037851,4.848916770784997,1117.91,aer,4096,outputs/slurm_YYDPETGTWY_amber/replica_683/replica_683.pdb,outputs/slurm_YYDPETGTWY_amber/replica_683/replica_683_ca.pdb
111,313296878,helix,YYDPETGTWY,amber,-29.479711573378104,5.124760545904681,16.279944397730706,5.790482192916129,5.508595556037851,4.848916770784997,1130.98,aer,4096,outputs/slurm_YYDPETGTWY_amber/replica_111/replica_111.pdb,outputs/slurm_YYDPETGTWY_amber/replica_111/replica_111_ca.pdb
281,313297048,random,YYDPETGTWY,amber,-60.851563970055764,5.12524629127439,16.468096012935312,5.8593556945626695,5.508595556037851,4.848916770784997,1607.65,aer,4096,outputs/slurm_YYDPETGTWY_amber/replica_281/replica_281.pdb,outputs/slurm_YYDPETGTWY_amber/replica_281/replica_281_ca.pdb
381,313297148,helix,YYDPETGTWY,amber,58.69341541650914,5.127108841657869,14.996942445303501,5.301581424287203,5.508595556037851,4.848916770784997,1302.12,aer,4096,outputs/slurm_YYDPETGTWY_amber/replica_381/replica_381.pdb,outputs/slurm_YYDPETGTWY_amber/replica_381/replica_381_ca.pdb
358,313297125,sheet,YYDPETGTWY,amber,-79.8766452288312,5.133722933975272,16.578716001800267,5.840434362318719,5.508595556037851,4.848916770784997,1271.91,aer,4096,outputs/slurm_YYDPETGTWY_amber/replica_358/replica_358.pdb,outputs/slurm_YYDPETGTWY_amber/replica_358/replica_358_ca.pdb
527,313297294,random,YYDPETGTWY,amber,-63.911643320067135,5.135904433057848,14.799264508109815,5.437348907155919,5.508595556037851,4.848916770784997,1408.92,aer,4096,outputs/slurm_YYDPETGTWY_amber/replica_527/replica_527.pdb,outputs/slurm_YYDPETGTWY_amber/replica_527/replica_527_ca.pdb
109,313296876,sheet,YYDPETGTWY,amber,-30.194571043948795,5.138628332900308,17.38031411329613,6.356896017096503,5.508595556037851,4.848916770784997,1174.96,aer,4096,outputs/slurm_YYDPETGTWY_amber/replica_109/replica_109.pdb,outputs/slurm_YYDPETGTWY_amber/replica_109/replica_109_ca.pdb
40,313296807,sheet,YYDPETGTWY,amber,-26.800251071515135,5.1408527074941865,16.895957119267877,5.958208213242959,5.508595556037851,4.848916770784997,1111.41,aer,4096,outputs/slurm_YYDPETGTWY_amber/replica_40/replica_40.pdb,outputs/slurm_YYDPETGTWY_amber/replica_40/replica_40_ca.pdb
400,313297167,sheet,YYDPETGTWY,amber,-44.873496693786876,5.141733283471931,16.04976314700008,6.029922306689826,5.508595556037851,4.848916770784997,1201.23,aer,4096,outputs/slurm_YYDPETGTWY_amber/replica_400/replica_400.pdb,outputs/slurm_YYDPETGTWY_amber/replica_400/replica_400_ca.pdb
811,313297578,sheet,YYDPETGTWY,amber,-74.57014593109756,5.14283851753228,17.858812862783907,6.121520310962878,5.508595556037851,4.848916770784997,1217.42,aer,4096,outputs/slurm_YYDPETGTWY_amber/replica_811/replica_811.pdb,outputs/slurm_YYDPETGTWY_amber/replica_811/replica_811_ca.pdb
528,313297295,helix,YYDPETGTWY,amber,-105.51996631252477,5.143375539326454,18.779633304679624,6.359592438905757,5.508595556037851,4.848916770784997,1375.04,aer,4096,outputs/slurm_YYDPETGTWY_amber/replica_528/replica_528.pdb,outputs/slurm_YYDPETGTWY_amber/replica_528/replica_528_ca.pdb
160,313296927,sheet,YYDPETGTWY,amber,-36.31803453603764,5.146504139581614,18.741812281250205,6.355429695534518,5.508595556037851,4.848916770784997,1550.51,aer,4096,outputs/slurm_YYDPETGTWY_amber/replica_160/replica_160.pdb,outputs/slurm_YYDPETGTWY_amber/replica_160/replica_160_ca.pdb
821,313297588,random,YYDPETGTWY,amber,74.04658599332393,5.148979042042755,17.960251293830378,6.129158780405437,5.508595556037851,4.848916770784997,1170.55,aer,4096,outputs/slurm_YYDPETGTWY_amber/replica_821/replica_821.pdb,outputs/slurm_YYDPETGTWY_amber/replica_821/replica_821_ca.pdb
320,313297087,random,YYDPETGTWY,amber,612.0234156098579,5.149047413586458,15.72213647394841,5.921556201883452,5.508595556037851,4.848916770784997,1214.07,aer,4096,outputs/slurm_YYDPETGTWY_amber/replica_320/replica_320.pdb,outputs/slurm_YYDPETGTWY_amber/replica_320/replica_320_ca.pdb
228,313296995,helix,YYDPETGTWY,amber,-83.99969642619998,5.14980387027605,17.561409977112273,5.949264692934018,5.508595556037851,4.848916770784997,1184.79,aer,4096,outputs/slurm_YYDPETGTWY_amber/replica_228/replica_228.pdb,outputs/slurm_YYDPETGTWY_amber/replica_228/replica_228_ca.pdb
250,313297017,sheet,YYDPETGTWY,amber,-70.20531160950357,5.150395220209568,19.469771514887952,6.28343766582827,5.508595556037851,4.848916770784997,1260.62,aer,4096,outputs/slurm_YYDPETGTWY_amber/replica_250/replica_250.pdb,outputs/slurm_YYDPETGTWY_amber/replica_250/replica_250_ca.pdb
27,313296794,helix,YYDPETGTWY,amber,-16.57526270021232,5.152603555480057,18.57065851530178,6.168080513229584,5.508595556037851,4.848916770784997,1106.62,aer,4096,outputs/slurm_YYDPETGTWY_amber/replica_27/replica_27.pdb,outputs/slurm_YYDPETGTWY_amber/replica_27/replica_27_ca.pdb
257,313297024,random,YYDPETGTWY,amber,-36.76892229008907,5.152789479038713,17.69354940202814,6.038048097859035,5.508595556037851,4.848916770784997,1095.22,aer,4096,outputs/slurm_YYDPETGTWY_amber/replica_257/replica_257.pdb,outputs/slurm_YYDPETGTWY_amber/replica_257/replica_257_ca.pdb
349,313297116,sheet,YYDPETGTWY,amber,-87.89924827013432,5.155686118626562,17.52056926507341,6.066548859551657,5.508595556037851,4.848916770784997,1459.4,aer,4096,outputs/slurm_YYDPETGTWY_amber/replica_349/replica_349.pdb,outputs/slurm_YYDPETGTWY_amber/replica_349/replica_349_ca.pdb
531,313297298,helix,YYDPETGTWY,amber,-56.146654851508934,5.1586061132115715,15.247188984829437,5.442269025981763,5.508595556037851,4.848916770784997,1407.03,aer,4096,outputs/slurm_YYDPETGTWY_amber/replica_531/replica_531.pdb,outputs/slurm_YYDPETGTWY_amber/replica_531/replica_531_ca.pdb
758,313297525,random,YYDPETGTWY,amber,-27.320287789747994,5.160529815331228,17.283797719152243,6.079808296313116,5.508595556037851,4.848916770784997,1225.02,aer,4096,outputs/slurm_YYDPETGTWY_amber/replica_758/replica_758.pdb,outputs/slurm_YYDPETGTWY_amber/replica_758/replica_758_ca.pdb
833,313297600,random,YYDPETGTWY,amber,-18.87039620048624,5.167058547797177,16.680898656875037,5.482784308295889,5.508595556037851,4.848916770784997,1303.98,aer,4096,outputs/slurm_YYDPETGTWY_amber/replica_833/replica_833.pdb,outputs/slurm_YYDPETGTWY_amber/replica_833/replica_833_ca.pdb
132,313296899,helix,YYDPETGTWY,amber,-64.53554998853915,5.169652870166514,17.064189547896337,5.976095028464226,5.508595556037851,4.848916770784997,1104.15,aer,4096,outputs/slurm_YYDPETGTWY_amber/replica_132/replica_132.pdb,outputs/slurm_YYDPETGTWY_amber/replica_132/replica_132_ca.pdb
724,313297491,sheet,YYDPETGTWY,amber,-65.85129564220924,5.170736227474187,16.374762718274336,5.889841755368633,5.508595556037851,4.848916770784997,1184.56,aer,4096,outputs/slurm_YYDPETGTWY_amber/replica_724/replica_724.pdb,outputs/slurm_YYDPETGTWY_amber/replica_724/replica_724_ca.pdb
684,313297451,helix,YYDPETGTWY,amber,-12.346448443121842,5.171125816578756,16.702165240162227,5.872715834350236,5.508595556037851,4.848916770784997,1357.88,aer,4096,outputs/slurm_YYDPETGTWY_amber/replica_684/replica_684.pdb,outputs/slurm_YYDPETGTWY_amber/replica_684/replica_684_ca.pdb
394,313297161,sheet,YYDPETGTWY,amber,-73.87198762968933,5.173456498192966,19.192835975830032,6.4856198925053326,5.508595556037851,4.848916770784997,1494.87,aer,4096,outputs/slurm_YYDPETGTWY_amber/replica_394/replica_394.pdb,outputs/slurm_YYDPETGTWY_amber/replica_394/replica_394_ca.pdb
957,313297724,helix,YYDPETGTWY,amber,-51.16557027163408,5.173767926370196,15.857019537230709,6.068786453695154,5.508595556037851,4.848916770784997,1320.01,aer,4096,outputs/slurm_YYDPETGTWY_amber/replica_957/replica_957.pdb,outputs/slurm_YYDPETGTWY_amber/replica_957/replica_957_ca.pdb
99,313296866,helix,YYDPETGTWY,amber,-8.215060696323226,5.176165184464197,16.767567363941893,6.103909880208383,5.508595556037851,4.848916770784997,1816.77,aer,4096,outputs/slurm_YYDPETGTWY_amber/replica_99/replica_99.pdb,outputs/slurm_YYDPETGTWY_amber/replica_99/replica_99_ca.pdb
272,313297039,random,YYDPETGTWY,amber,270.3795308670763,5.181136305033821,18.015556006791197,6.3314366668451365,5.508595556037851,4.848916770784997,1105.18,aer,4096,outputs/slurm_YYDPETGTWY_amber/replica_272/replica_272.pdb,outputs/slurm_YYDPETGTWY_amber/replica_272/replica_272_ca.pdb
240,313297007,helix,YYDPETGTWY,amber,-3.347345113837986,5.18123445696582,16.70228503548022,5.66096159057201,5.508595556037851,4.848916770784997,1229.56,aer,4096,outputs/slurm_YYDPETGTWY_amber/replica_240/replica_240.pdb,outputs/slurm_YYDPETGTWY_amber/replica_240/replica_240_ca.pdb
951,313297718,helix,YYDPETGTWY,amber,-35.77571507086153,5.18510205396026,19.1281975625689,6.262022793968522,5.508595556037851,4.848916770784997,1176.32,aer,4096,outputs/slurm_YYDPETGTWY_amber/replica_951/replica_951.pdb,outputs/slurm_YYDPETGTWY_amber/replica_951/replica_951_ca.pdb
645,313297412,helix,YYDPETGTWY,amber,-62.78410310010801,5.188303588895184,17.56921762301232,6.37023088274115,5.508595556037851,4.848916770784997,1162.08,aer,4096,outputs/slurm_YYDPETGTWY_amber/replica_645/replica_645.pdb,outputs/slurm_YYDPETGTWY_amber/replica_645/replica_645_ca.pdb
585,313297352,helix,YYDPETGTWY,amber,-27.527305582686353,5.188568292388242,16.441724254342905,6.04502519058006,5.508595556037851,4.848916770784997,1185.69,aer,4096,outputs/slurm_YYDPETGTWY_amber/replica_585/replica_585.pdb,outputs/slurm_YYDPETGTWY_amber/replica_585/replica_585_ca.pdb
498,313297265,helix,YYDPETGTWY,amber,-81.64568349488043,5.188706685663605,20.1493393242174,6.848989634029807,5.508595556037851,4.848916770784997,1422.39,aer,4096,outputs/slurm_YYDPETGTWY_amber/replica_498/replica_498.pdb,outputs/slurm_YYDPETGTWY_amber/replica_498/replica_498_ca.pdb
581,313297348,random,YYDPETGTWY,amber,-72.9524472618103,5.189372360195546,16.404480929342707,5.780436136079377,5.508595556037851,4.848916770784997,1738.76,aer,4096,outputs/slurm_YYDPETGTWY_amber/replica_581/replica_581.pdb,outputs/slurm_YYDPETGTWY_amber/replica_581/replica_581_ca.pdb
230,313296997,random,YYDPETGTWY,amber,-67.50508905701061,5.190760401811899,15.262655551233305,5.72237760052228,5.508595556037851,4.848916770784997,1302.93,aer,4096,outputs/slurm_YYDPETGTWY_amber/replica_230/replica_230.pdb,outputs/slurm_YYDPETGTWY_amber/replica_230/replica_230_ca.pdb
623,313297390,random,YYDPETGTWY,amber,14.898144599242096,5.190937533306161,16.626492093214804,5.844523081568631,5.508595556037851,4.848916770784997,1217.18,aer,4096,outputs/slurm_YYDPETGTWY_amber/replica_623/replica_623.pdb,outputs/slurm_YYDPETGTWY_amber/replica_623/replica_623_ca.pdb
58,313296825,sheet,YYDPETGTWY,amber,-114.80968110097287,5.192490715896335,19.115287444086885,6.485558485525334,5.508595556037851,4.848916770784997,1315.21,aer,4096,outputs/slurm_YYDPETGTWY_amber/replica_58/replica_58.pdb,outputs/slurm_YYDPETGTWY_amber/replica_58/replica_58_ca.pdb
729,313297496,helix,YYDPETGTWY,amber,-5.317910708370634,5.19368017398232,13.87561518071851,4.9049008085524575,5.508595556037851,4.848916770784997,1338.76,aer,4096,outputs/slurm_YYDPETGTWY_amber/replica_729/replica_729.pdb,outputs/slurm_YYDPETGTWY_amber/replica_729/replica_729_ca.pdb
852,313297619,helix,YYDPETGTWY,amber,49.14390567312695,5.195679555999801,16.500427498075815,5.97153642344445,5.508595556037851,4.848916770784997,1692.21,aer,4096,outputs/slurm_YYDPETGTWY_amber/replica_852/replica_852.pdb,outputs/slurm_YYDPETGTWY_amber/replica_852/replica_852_ca.pdb
309,313297076,helix,YYDPETGTWY,amber,-75.18360800775675,5.205863872954831,17.05061589477764,6.061826990017162,5.508595556037851,4.848916770784997,1719.5,aer,4096,outputs/slurm_YYDPETGTWY_amber/replica_309/replica_309.pdb,outputs/slurm_YYDPETGTWY_amber/replica_309/replica_309_ca.pdb
904,313297671,sheet,YYDPETGTWY,amber,-61.410562371640204,5.208464176484662,19.64645105069077,6.361142685285251,5.508595556037851,4.848916770784997,1569.73,aer,4096,outputs/slurm_YYDPETGTWY_amber/replica_904/replica_904.pdb,outputs/slurm_YYDPETGTWY_amber/replica_904/replica_904_ca.pdb
886,313297653,sheet,YYDPETGTWY,amber,-24.45097817554769,5.210948126126058,17.265043077901073,6.511529068645819,5.508595556037851,4.848916770784997,1233.19,aer,4096,outputs/slurm_YYDPETGTWY_amber/replica_886/replica_886.pdb,outputs/slurm_YYDPETGTWY_amber/replica_886/replica_886_ca.pdb
416,313297183,random,YYDPETGTWY,amber,-17.514444082863474,5.214015088114675,16.540735146725396,5.812148243018598,5.508595556037851,4.848916770784997,1320.77,aer,4096,outputs/slurm_YYDPETGTWY_amber/replica_416/replica_416.pdb,outputs/slurm_YYDPETGTWY_amber/replica_416/replica_416_ca.pdb
82,313296849,sheet,YYDPETGTWY,amber,-26.614596764931115,5.214778174356694,17.814101707091968,6.18843125923505,5.508595556037851,4.848916770784997,1324.3,aer,4096,outputs/slurm_YYDPETGTWY_amber/replica_82/replica_82.pdb,outputs/slurm_YYDPETGTWY_amber/replica_82/replica_82_ca.pdb
467,313297234,random,YYDPETGTWY,amber,-94.48009284535438,5.2211701792043135,19.43907191709558,6.603657249769529,5.508595556037851,4.848916770784997,1392.15,aer,4096,outputs/slurm_YYDPETGTWY_amber/replica_467/replica_467.pdb,outputs/slurm_YYDPETGTWY_amber/replica_467/replica_467_ca.pdb
511,313297278,sheet,YYDPETGTWY,amber,498.3486266782903,5.221344852420836,18.796399102111398,6.989613082453496,5.508595556037851,4.848916770784997,1116.79,aer,4096,outputs/slurm_YYDPETGTWY_amber/replica_511/replica_511.pdb,outputs/slurm_YYDPETGTWY_amber/replica_511/replica_511_ca.pdb
401,313297168,random,YYDPETGTWY,amber,-25.342362958736533,5.2224485770367455,15.881554540627596,5.659397234250958,5.508595556037851,4.848916770784997,1456.7,aer,4096,outputs/slurm_YYDPETGTWY_amber/replica_401/replica_401.pdb,outputs/slurm_YYDPETGTWY_amber/replica_401/replica_401_ca.pdb
932,313297699,random,YYDPETGTWY,amber,547.0800555202278,5.2256355584181415,16.664701776483312,5.987737591266507,5.508595556037851,4.848916770784997,1084.86,aer,4096,outputs/slurm_YYDPETGTWY_amber/replica_932/replica_932.pdb,outputs/slurm_YYDPETGTWY_amber/replica_932/replica_932_ca.pdb
404,313297171,random,YYDPETGTWY,amber,-96.12781515782704,5.230558004393804,18.54856630015097,6.052627057902381,5.508595556037851,4.848916770784997,1288.47,aer,4096,outputs/slurm_YYDPETGTWY_amber/replica_404/replica_404.pdb,outputs/slurm_YYDPETGTWY_amber/replica_404/replica_404_ca.pdb
51,313296818,helix,YYDPETGTWY,amber,-26.73991632543934,5.233325421498948,17.65286909852491,6.086131863684667,5.508595556037851,4.848916770784997,1074.35,aer,4096,outputs/slurm_YYDPETGTWY_amber/replica_51/replica_51.pdb,outputs/slurm_YYDPETGTWY_amber/replica_51/replica_51_ca.pdb
341,313297108,random,YYDPETGTWY,amber,-41.43066547159686,5.234831108174412,16.574574959789945,5.787972126918437,5.508595556037851,4.848916770784997,1509.4,aer,4096,outputs/slurm_YYDPETGTWY_amber/replica_341/replica_341.pdb,outputs/slurm_YYDPETGTWY_amber/replica_341/replica_341_ca.pdb
574,313297341,sheet,YYDPETGTWY,amber,-54.0122104485111,5.2349858182176385,18.044489774148783,6.0706518729347145,5.508595556037851,4.848916770784997,1312.95,aer,4096,outputs/slurm_YYDPETGTWY_amber/replica_574/replica_574.pdb,outputs/slurm_YYDPETGTWY_amber/replica_574/replica_574_ca.pdb
286,313297053,sheet,YYDPETGTWY,amber,-126.8045718438747,5.236188328952775,18.20716885220383,6.150904756816756,5.508595556037851,4.848916770784997,2393.71,aer,4096,outputs/slurm_YYDPETGTWY_amber/replica_286/replica_286.pdb,outputs/slurm_YYDPETGTWY_amber/replica_286/replica_286_ca.pdb
872,313297639,random,YYDPETGTWY,amber,-85.84718933414759,5.238644116376027,16.888202439462216,5.9165851479630645,5.508595556037851,4.848916770784997,1143.2,aer,4096,outputs/slurm_YYDPETGTWY_amber/replica_872/replica_872.pdb,outputs/slurm_YYDPETGTWY_amber/replica_872/replica_872_ca.pdb
457,313297224,sheet,YYDPETGTWY,amber,-14.110509209331907,5.242733172838139,19.48214195070321,6.280640658652689,5.508595556037851,4.848916770784997,1343.74,aer,4096,outputs/slurm_YYDPETGTWY_amber/replica_457/replica_457.pdb,outputs/slurm_YYDPETGTWY_amber/replica_457/replica_457_ca.pdb
519,313297286,helix,YYDPETGTWY,amber,369.22182253948114,5.244857795181489,20.01593787922265,6.830928581828213,5.508595556037851,4.848916770784997,1179.56,aer,4096,outputs/slurm_YYDPETGTWY_amber/replica_519/replica_519.pdb,outputs/slurm_YYDPETGTWY_amber/replica_519/replica_519_ca.pdb
999,313297766,helix,YYDPETGTWY,amber,-65.05147066896605,5.246688934394879,18.97042506158591,6.916498662614761,5.508595556037851,4.848916770784997,1381.72,aer,4096,outputs/slurm_YYDPETGTWY_amber/replica_999/replica_999.pdb,outputs/slurm_YYDPETGTWY_amber/replica_999/replica_999_ca.pdb
577,313297344,sheet,YYDPETGTWY,amber,-44.38394933268157,5.248019189136678,18.343931154632454,6.296792152357576,5.508595556037851,4.848916770784997,1394.78,aer,4096,outputs/slurm_YYDPETGTWY_amber/replica_577/replica_577.pdb,outputs/slurm_YYDPETGTWY_amber/replica_577/replica_577_ca.pdb
997,313297764,sheet,YYDPETGTWY,amber,64.63287080425005,5.250323519190463,20.36544205501005,7.217396079217354,5.508595556037851,4.848916770784997,1292.03,aer,4096,outputs/slurm_YYDPETGTWY_amber/replica_997/replica_997.pdb,outputs/slurm_YYDPETGTWY_amber/replica_997/replica_997_ca.pdb
5,313296772,random,YYDPETGTWY,amber,-33.64831675457118,5.253166107551241,18.427147419994522,6.140906764697708,5.508595556037851,4.848916770784997,1161.27,aer,4096,outputs/slurm_YYDPETGTWY_amber/replica_5/replica_5.pdb,outputs/slurm_YYDPETGTWY_amber/replica_5/replica_5_ca.pdb
770,313297537,random,YYDPETGTWY,amber,-83.39045109238724,5.255341927112985,17.33325046770957,6.383162413986628,5.508595556037851,4.848916770784997,1482.18,aer,4096,outputs/slurm_YYDPETGTWY_amber/replica_770/replica_770.pdb,outputs/slurm_YYDPETGTWY_amber/replica_770/replica_770_ca.pdb
556,313297323,sheet,YYDPETGTWY,amber,-15.225753866124403,5.259594807269563,17.541071940869216,6.557446229519367,5.508595556037851,4.848916770784997,1177.68,aer,4096,outputs/slurm_YYDPETGTWY_amber/replica_556/replica_556.pdb,outputs/slurm_YYDPETGTWY_amber/replica_556/replica_556_ca.pdb
274,313297041,sheet,YYDPETGTWY,amber,-90.40128822885711,5.260617626156537,16.873595960195885,6.309514291336375,5.508595556037851,4.848916770784997,1305.96,aer,4096,outputs/slurm_YYDPETGTWY_amber/replica_274/replica_274.pdb,outputs/slurm_YYDPETGTWY_amber/replica_274/replica_274_ca.pdb
477,313297244,helix,YYDPETGTWY,amber,49.39851666093894,5.266391354685167,19.00758121164022,6.856868441032828,5.508595556037851,4.848916770784997,1460.3,aer,4096,outputs/slurm_YYDPETGTWY_amber/replica_477/replica_477.pdb,outputs/slurm_YYDPETGTWY_amber/replica_477/replica_477_ca.pdb
912,313297679,helix,YYDPETGTWY,amber,9.095171952148934,5.275731001503371,17.444559387038346,6.389180571887199,5.508595556037851,4.848916770784997,1304.79,aer,4096,outputs/slurm_YYDPETGTWY_amber/replica_912/replica_912.pdb,outputs/slurm_YYDPETGTWY_amber/replica_912/replica_912_ca.pdb
851,313297618,random,YYDPETGTWY,amber,-75.2221974463357,5.277348829309649,15.599276787866945,6.108088885201791,5.508595556037851,4.848916770784997,1329.13,aer,4096,outputs/slurm_YYDPETGTWY_amber/replica_851/replica_851.pdb,outputs/slurm_YYDPETGTWY_amber/replica_851/replica_851_ca.pdb
244,313297011,sheet,YYDPETGTWY,amber,-32.82186178802523,5.284093933217599,17.31841395812733,6.5416024250063565,5.508595556037851,4.848916770784997,1208.25,aer,4096,outputs/slurm_YYDPETGTWY_amber/replica_244/replica_244.pdb,outputs/slurm_YYDPETGTWY_amber/replica_244/replica_244_ca.pdb
631,313297398,sheet,YYDPETGTWY,amber,14.32788661268728,5.284753546333513,18.522571728951494,6.112019167893993,5.508595556037851,4.848916770784997,1143.62,aer,4096,outputs/slurm_YYDPETGTWY_amber/replica_631/replica_631.pdb,outputs/slurm_YYDPETGTWY_amber/replica_631/replica_631_ca.pdb
479,313297246,random,YYDPETGTWY,amber,0.05071871134760375,5.288757943092558,19.64357669413841,6.973780887346018,5.508595556037851,4.848916770784997,1337.36,aer,4096,outputs/slurm_YYDPETGTWY_amber/replica_479/replica_479.pdb,outputs/slurm_YYDPETGTWY_amber/replica_479/replica_479_ca.pdb
292,313297059,sheet,YYDPETGTWY,amber,-11.334905739542158,5.2898208332393315,18.94544188481407,6.232560669479457,5.508595556037851,4.848916770784997,1228.7,aer,4096,outputs/slurm_YYDPETGTWY_amber/replica_292/replica_292.pdb,outputs/slurm_YYDPETGTWY_amber/replica_292/replica_292_ca.pdb
65,313296832,random,YYDPETGTWY,amber,-29.042323222539164,5.294630441640671,19.553409334656493,6.567163305601188,5.508595556037851,4.848916770784997,1235.43,aer,4096,outputs/slurm_YYDPETGTWY_amber/replica_65/replica_65.pdb,outputs/slurm_YYDPETGTWY_amber/replica_65/replica_65_ca.pdb
98,313296865,random,YYDPETGTWY,amber,-2.2304118285264685,5.29526470401307,19.696781794920017,6.312302048778809,5.508595556037851,4.848916770784997,1237.5,aer,4096,outputs/slurm_YYDPETGTWY_amber/replica_98/replica_98.pdb,outputs/slurm_YYDPETGTWY_amber/replica_98/replica_98_ca.pdb
376,313297143,sheet,YYDPETGTWY,amber,-107.40843092812278,5.295984542162134,19.674106583417846,6.325973989967447,5.508595556037851,4.848916770784997,1293.62,aer,4096,outputs/slurm_YYDPETGTWY_amber/replica_376/replica_376.pdb,outputs/slurm_YYDPETGTWY_amber/replica_376/replica_376_ca.pdb
202,313296969,sheet,YYDPETGTWY,amber,12.268889284012992,5.296323465875669,17.88380405562122,6.08507378613821,5.508595556037851,4.848916770784997,1370.98,aer,4096,outputs/slurm_YYDPETGTWY_amber/replica_202/replica_202.pdb,outputs/slurm_YYDPETGTWY_amber/replica_202/replica_202_ca.pdb
601,313297368,sheet,YYDPETGTWY,amber,5.806503554804469,5.2976882560157765,17.977828154367504,6.118634314553285,5.508595556037851,4.848916770784997,1197.98,aer,4096,outputs/slurm_YYDPETGTWY_amber/replica_601/replica_601.pdb,outputs/slurm_YYDPETGTWY_amber/replica_601/replica_601_ca.pdb
726,313297493,helix,YYDPETGTWY,amber,21.334488212235076,5.299189271418776,16.580145127486283,6.047171024534903,5.508595556037851,4.848916770784997,1927.3,aer,4096,outputs/slurm_YYDPETGTWY_amber/replica_726/replica_726.pdb,outputs/slurm_YYDPETGTWY_amber/replica_726/replica_726_ca.pdb
187,313296954,sheet,YYDPETGTWY,amber,-20.585471691741358,5.300556187483533,16.471742061824965,5.818984958812784,5.508595556037851,4.848916770784997,1495.4,aer,4096,outputs/slurm_YYDPETGTWY_amber/replica_187/replica_187.pdb,outputs/slurm_YYDPETGTWY_amber/replica_187/replica_187_ca.pdb
446,313297213,random,YYDPETGTWY,amber,-38.688725836268915,5.303316050609482,19.617315299345535,6.5249816283594955,5.508595556037851,4.848916770784997,1429.18,aer,4096,outputs/slurm_YYDPETGTWY_amber/replica_446/replica_446.pdb,outputs/slurm_YYDPETGTWY_amber/replica_446/replica_446_ca.pdb
351,313297118,helix,YYDPETGTWY,amber,-93.331006689284,5.303661347275065,16.45398353669189,6.055327041349049,5.508595556037851,4.848916770784997,1180.57,aer,4096,outputs/slurm_YYDPETGTWY_amber/replica_351/replica_351.pdb,outputs/slurm_YYDPETGTWY_amber/replica_351/replica_351_ca.pdb
788,313297555,random,YYDPETGTWY,amber,-44.7245393343108,5.306743028769379,18.96960553155017,6.475056416942492,5.508595556037851,4.848916770784997,1424.89,aer,4096,outputs/slurm_YYDPETGTWY_amber/replica_788/replica_788.pdb,outputs/slurm_YYDPETGTWY_amber/replica_788/replica_788_ca.pdb
452,313297219,random,YYDPETGTWY,amber,-80.81553088674097,5.307758456599316,16.899055895738584,6.091506033564905,5.508595556037851,4.848916770784997,1229.85,aer,4096,outputs/slurm_YYDPETGTWY_amber/replica_452/replica_452.pdb,outputs/slurm_YYDPETGTWY_amber/replica_452/replica_452_ca.pdb
915,313297682,helix,YYDPETGTWY,amber,-97.50743765108454,5.309489460816187,15.905722247895831,5.54970899670208,5.508595556037851,4.848916770784997,1298.96,aer,4096,outputs/slurm_YYDPETGTWY_amber/replica_915/replica_915.pdb,outputs/slurm_YYDPETGTWY_amber/replica_915/replica_915_ca.pdb
216,313296983,helix,YYDPETGTWY,amber,-92.465769754509,5.316288442644098,19.286025712002658,6.269425327897092,5.508595556037851,4.848916770784997,1323.57,aer,4096,outputs/slurm_YYDPETGTWY_amber/replica_216/replica_216.pdb,outputs/slurm_YYDPETGTWY_amber/replica_216/replica_216_ca.pdb
188,313296955,random,YYDPETGTWY,amber,-51.04197916118777,5.321357554837295,16.577369930646118,6.015797254565564,5.508595556037851,4.848916770784997,1486.04,aer,4096,outputs/slurm_YYDPETGTWY_amber/replica_188/replica_188.pdb,outputs/slurm_YYDPETGTWY_amber/replica_188/replica_188_ca.pdb
180,313296947,helix,YYDPETGTWY,amber,-87.0337727041335,5.321717598113123,18.88630326941929,6.3462344733458655,5.508595556037851,4.848916770784997,1099.01,aer,4096,outputs/slurm_YYDPETGTWY_amber/replica_180/replica_180.pdb,outputs/slurm_YYDPETGTWY_amber/replica_180/replica_180_ca.pdb
608,313297375,random,YYDPETGTWY,amber,-94.80702491126341,5.3234670531820365,17.73601684505616,5.960799301163015,5.508595556037851,4.848916770784997,2053.66,aer,4096,outputs/slurm_YYDPETGTWY_amber/replica_608/replica_608.pdb,outputs/slurm_YYDPETGTWY_amber/replica_608/replica_608_ca.pdb
767,313297534,random,YYDPETGTWY,amber,530.4975122722755,5.324161005284857,18.469691784205093,6.437255102567771,5.508595556037851,4.848916770784997,587.44,aer,4096,outputs/slurm_YYDPETGTWY_amber/replica_767/replica_767.pdb,outputs/slurm_YYDPETGTWY_amber/replica_767/replica_767_ca.pdb
625,313297392,sheet,YYDPETGTWY,amber,-30.530923528572334,5.327608317440171,17.713197833953927,6.163075535750158,5.508595556037851,4.848916770784997,1290.3,aer,4096,outputs/slurm_YYDPETGTWY_amber/replica_625/replica_625.pdb,outputs/slurm_YYDPETGTWY_amber/replica_625/replica_625_ca.pdb
145,313296912,sheet,YYDPETGTWY,amber,-26.463111252353304,5.334552443455015,18.66697358156021,6.048583266911884,5.508595556037851,4.848916770784997,1061.38,aer,4096,outputs/slurm_YYDPETGTWY_amber/replica_145/replica_145.pdb,outputs/slurm_YYDPETGTWY_amber/replica_145/replica_145_ca.pdb
675,313297442,helix,YYDPETGTWY,amber,-15.20012574577541,5.335582836250435,16.662876685572286,5.809451223275248,5.508595556037851,4.848916770784997,1332.95,aer,4096,outputs/slurm_YYDPETGTWY_amber/replica_675/replica_675.pdb,outputs/slurm_YYDPETGTWY_amber/replica_675/replica_675_ca.pdb
246,313297013,helix,YYDPETGTWY,amber,-25.622181901420024,5.33778024876956,16.676161126243446,6.204099357581464,5.508595556037851,4.848916770784997,1118.36,aer,4096,outputs/slurm_YYDPETGTWY_amber/replica_246/replica_246.pdb,outputs/slurm_YYDPETGTWY_amber/replica_246/replica_246_ca.pdb
489,313297256,helix,YYDPETGTWY,amber,3.8834211323579915,5.3389687753804,17.39402343471026,6.041917946546247,5.508595556037851,4.848916770784997,7644.02,aer,4096,outputs/slurm_YYDPETGTWY_amber/replica_489/replica_489.pdb,outputs/slurm_YYDPETGTWY_amber/replica_489/replica_489_ca.pdb
815,313297582,random,YYDPETGTWY,amber,24.745266038401976,5.349322576636543,18.32760707478498,6.103492837659583,5.508595556037851,4.848916770784997,1377.96,aer,4096,outputs/slurm_YYDPETGTWY_amber/replica_815/replica_815.pdb,outputs/slurm_YYDPETGTWY_amber/replica_815/replica_815_ca.pdb
83,313296850,random,YYDPETGTWY,amber,-30.88962832703621,5.353434321702296,17.817589293040232,6.021459185969808,5.508595556037851,4.848916770784997,1694.27,aer,4096,outputs/slurm_YYDPETGTWY_amber/replica_83/replica_83.pdb,outputs/slurm_YYDPETGTWY_amber/replica_83/replica_83_ca.pdb
827,313297594,random,YYDPETGTWY,amber,16.541805300072205,5.354733593793326,16.30381296599452,6.0991155771864385,5.508595556037851,4.848916770784997,1182.38,aer,4096,outputs/slurm_YYDPETGTWY_amber/replica_827/replica_827.pdb,outputs/slurm_YYDPETGTWY_amber/replica_827/replica_827_ca.pdb
128,313296895,random,YYDPETGTWY,amber,534.8110369142237,5.358757698797417,18.049117077108733,6.35558084847877,5.508595556037851,4.848916770784997,1393.18,aer,4096,outputs/slurm_YYDPETGTWY_amber/replica_128/replica_128.pdb,outputs/slurm_YYDPETGTWY_amber/replica_128/replica_128_ca.pdb
634,313297401,sheet,YYDPETGTWY,amber,-106.12049745717923,5.359043264626907,17.948411792282876,6.641296871467218,5.508595556037851,4.848916770784997,1404.14,aer,4096,outputs/slurm_YYDPETGTWY_amber/replica_634/replica_634.pdb,outputs/slurm_YYDPETGTWY_amber/replica_634/replica_634_ca.pdb
537,313297304,helix,YYDPETGTWY,amber,82.70707931488359,5.361439042031919,21.08108665129239,7.228249312604809,5.508595556037851,4.848916770784997,2082.47,aer,4096,outputs/slurm_YYDPETGTWY_amber/replica_537/replica_537.pdb,outputs/slurm_YYDPETGTWY_amber/replica_537/replica_537_ca.pdb
62,313296829,random,YYDPETGTWY,amber,-53.96600258298684,5.3647206842751824,19.161310103262498,6.557557223756636,5.508595556037851,4.848916770784997,1240.61,aer,4096,outputs/slurm_YYDPETGTWY_amber/replica_62/replica_62.pdb,outputs/slurm_YYDPETGTWY_amber/replica_62/replica_62_ca.pdb
533,313297300,random,YYDPETGTWY,amber,-84.15335383466666,5.365995774570292,17.580017600602,6.24390503399613,5.508595556037851,4.848916770784997,1204.11,aer,4096,outputs/slurm_YYDPETGTWY_amber/replica_533/replica_533.pdb,outputs/slurm_YYDPETGTWY_amber/replica_533/replica_533_ca.pdb
48,313296815,helix,YYDPETGTWY,amber,-69.87057951505047,5.371777558181051,18.36487173185827,6.373960579579254,5.508595556037851,4.848916770784997,1509.11,aer,4096,outputs/slurm_YYDPETGTWY_amber/replica_48/replica_48.pdb,outputs/slurm_YYDPETGTWY_amber/replica_48/replica_48_ca.pdb
497,313297264,random,YYDPETGTWY,amber,99.42895933600185,5.372545033448981,19.297008073270163,6.894106209427872,5.508595556037851,4.848916770784997,1462.92,aer,4096,outputs/slurm_YYDPETGTWY_amber/replica_497/replica_497.pdb,outputs/slurm_YYDPETGTWY_amber/replica_497/replica_497_ca.pdb
117,313296884,helix,YYDPETGTWY,amber,-11.452963175734277,5.375495608792644,15.828494137154385,6.260520090544913,5.508595556037851,4.848916770784997,1706.7,aer,4096,outputs/slurm_YYDPETGTWY_amber/replica_117/replica_117.pdb,outputs/slurm_YYDPETGTWY_amber/replica_117/replica_117_ca.pdb
606,313297373,helix,YYDPETGTWY,amber,27.722525539138008,5.380776946536014,18.570096461360926,6.208757779445836,5.508595556037851,4.848916770784997,1292.11,aer,4096,outputs/slurm_YYDPETGTWY_amber/replica_606/replica_606.pdb,outputs/slurm_YYDPETGTWY_amber/replica_606/replica_606_ca.pdb
144,313296911,helix,YYDPETGTWY,amber,-13.828169445774995,5.388136447359597,15.772003266837602,5.687556701624513,5.508595556037851,4.848916770784997,1271.5,aer,4096,outputs/slurm_YYDPETGTWY_amber/replica_144/replica_144.pdb,outputs/slurm_YYDPETGTWY_amber/replica_144/replica_144_ca.pdb
534,313297301,helix,YYDPETGTWY,amber,-50.682707622889076,5.390823015507856,17.56387674859502,6.044446207909503,5.508595556037851,4.848916770784997,1371.72,aer,4096,outputs/slurm_YYDPETGTWY_amber/replica_534/replica_534.pdb,outputs/slurm_YYDPETGTWY_amber/replica_534/replica_534_ca.pdb
385,313297152,sheet,YYDPETGTWY,amber,-5.219053287269867,5.39088187357102,18.815594182616532,6.016107730366529,5.508595556037851,4.848916770784997,1358.95,aer,4096,outputs/slurm_YYDPETGTWY_amber/replica_385/replica_385.pdb,outputs/slurm_YYDPETGTWY_amber/replica_385/replica_385_ca.pdb
317,313297084,random,YYDPETGTWY,amber,-111.46150347750891,5.396007461889469,18.034916386290057,6.145665425874431,5.508595556037851,4.848916770784997,1690.14,aer,4096,outputs/slurm_YYDPETGTWY_amber/replica_317/replica_317.pdb,outputs/slurm_YYDPETGTWY_amber/replica_317/replica_317_ca.pdb
766,313297533,sheet,YYDPETGTWY,amber,-8.418187630205317,5.3992305352837935,17.784690142390566,5.889618421402318,5.508595556037851,4.848916770784997,1314.73,aer,4096,outputs/slurm_YYDPETGTWY_amber/replica_766/replica_766.pdb,outputs/slurm_YYDPETGTWY_amber/replica_766/replica_766_ca.pdb
832,313297599,sheet,YYDPETGTWY,amber,-28.285959172688766,5.4053652943912285,16.30338965143796,5.7080606530406595,5.508595556037851,4.848916770784997,1243.83,aer,4096,outputs/slurm_YYDPETGTWY_amber/replica_832/replica_832.pdb,outputs/slurm_YYDPETGTWY_amber/replica_832/replica_832_ca.pdb
157,313296924,sheet,YYDPETGTWY,amber,-23.84179261149571,5.405640770151409,15.588492726790697,5.5226036259657025,5.508595556037851,4.848916770784997,1448.86,aer,4096,outputs/slurm_YYDPETGTWY_amber/replica_157/replica_157.pdb,outputs/slurm_YYDPETGTWY_amber/replica_157/replica_157_ca.pdb
151,313296918,sheet,YYDPETGTWY,amber,-116.88188779912923,5.407600596248331,18.14561878412036,6.443928096772528,5.508595556037851,4.848916770784997,1153.22,aer,4096,outputs/slurm_YYDPETGTWY_amber/replica_151/replica_151.pdb,outputs/slurm_YYDPETGTWY_amber/replica_151/replica_151_ca.pdb
348,313297115,helix,YYDPETGTWY,amber,339.2635221880064,5.407799033693576,19.097933636200956,6.564904962444539,5.508595556037851,4.848916770784997,1170.39,aer,4096,outputs/slurm_YYDPETGTWY_amber/replica_348/replica_348.pdb,outputs/slurm_YYDPETGTWY_amber/replica_348/replica_348_ca.pdb
699,313297466,helix,YYDPETGTWY,amber,245.02682928604062,5.408499514475708,15.89510023312234,5.48147303927539,5.508595556037851,4.848916770784997,1171.81,aer,4096,outputs/slurm_YYDPETGTWY_amber/replica_699/replica_699.pdb,outputs/slurm_YYDPETGTWY_amber/replica_699/replica_699_ca.pdb
181,313296948,sheet,YYDPETGTWY,amber,-97.1234445370509,5.413307539531395,16.76346067308991,6.0775841901894125,5.508595556037851,4.848916770784997,1206.35,aer,4096,outputs/slurm_YYDPETGTWY_amber/replica_181/replica_181.pdb,outputs/slurm_YYDPETGTWY_amber/replica_181/replica_181_ca.pdb
681,313297448,helix,YYDPETGTWY,amber,331.85893655612807,5.414609090649535,17.893779011045442,6.539397798837586,5.508595556037851,4.848916770784997,1009.8,aer,4096,outputs/slurm_YYDPETGTWY_amber/replica_681/replica_681.pdb,outputs/slurm_YYDPETGTWY_amber/replica_681/replica_681_ca.pdb
110,313296877,random,YYDPETGTWY,amber,593.1475464404924,5.415024499010382,16.189015329337348,5.755341083434781,5.508595556037851,4.848916770784997,1303.49,aer,4096,outputs/slurm_YYDPETGTWY_amber/replica_110/replica_110.pdb,outputs/slurm_YYDPETGTWY_amber/replica_110/replica_110_ca.pdb
76,313296843,sheet,YYDPETGTWY,amber,-68.61346886095895,5.418596475793892,20.11492645972124,6.5092375633123,5.508595556037851,4.848916770784997,1375.49,aer,4096,outputs/slurm_YYDPETGTWY_amber/replica_76/replica_76.pdb,outputs/slurm_YYDPETGTWY_amber/replica_76/replica_76_ca.pdb
72,313296839,helix,YYDPETGTWY,amber,-65.02453902016475,5.4195365784466984,16.550182152585727,6.191342333092977,5.508595556037851,4.848916770784997,1463.2,aer,4096,outputs/slurm_YYDPETGTWY_amber/replica_72/replica_72.pdb,outputs/slurm_YYDPETGTWY_amber/replica_72/replica_72_ca.pdb
967,313297734,sheet,YYDPETGTWY,amber,-49.55320138117016,5.420469999919771,19.500607272785835,6.296098166311553,5.508595556037851,4.848916770784997,1315.73,aer,4096,outputs/slurm_YYDPETGTWY_amber/replica_967/replica_967.pdb,outputs/slurm_YYDPETGTWY_amber/replica_967/replica_967_ca.pdb
712,313297479,sheet,YYDPETGTWY,amber,-54.45565790894038,5.423198855076245,18.492489800096454,6.352535649226041,5.508595556037851,4.848916770784997,1345.36,aer,4096,outputs/slurm_YYDPETGTWY_amber/replica_712/replica_712.pdb,outputs/slurm_YYDPETGTWY_amber/replica_712/replica_712_ca.pdb
974,313297741,random,YYDPETGTWY,amber,-33.782780072115024,5.425447253415613,19.027798979215177,6.307134762230013,5.508595556037851,4.848916770784997,1339.76,aer,4096,outputs/slurm_YYDPETGTWY_amber/replica_974/replica_974.pdb,outputs/slurm_YYDPETGTWY_amber/replica_974/replica_974_ca.pdb
989,313297756,random,YYDPETGTWY,amber,-56.39914461291426,5.426633255657325,20.056005854135815,7.002655568969412,5.508595556037851,4.848916770784997,1295.26,aer,4096,outputs/slurm_YYDPETGTWY_amber/replica_989/replica_989.pdb,outputs/slurm_YYDPETGTWY_amber/replica_989/replica_989_ca.pdb
847,313297614,sheet,YYDPETGTWY,amber,-9.525134456733563,5.428788565628816,19.599866790422773,6.29531897444883,5.508595556037851,4.848916770784997,1240.87,aer,4096,outputs/slurm_YYDPETGTWY_amber/replica_847/replica_847.pdb,outputs/slurm_YYDPETGTWY_amber/replica_847/replica_847_ca.pdb
449,313297216,random,YYDPETGTWY,amber,-49.302309294794306,5.4337610981415825,17.314759722937637,6.354019505397913,5.508595556037851,4.848916770784997,1229.31,aer,4096,outputs/slurm_YYDPETGTWY_amber/replica_449/replica_449.pdb,outputs/slurm_YYDPETGTWY_amber/replica_449/replica_449_ca.pdb
547,313297314,sheet,YYDPETGTWY,amber,-18.823026576040867,5.4347117359836785,19.75815018304349,6.523746002141355,5.508595556037851,4.848916770784997,1467.79,aer,4096,outputs/slurm_YYDPETGTWY_amber/replica_547/replica_547.pdb,outputs/slurm_YYDPETGTWY_amber/replica_547/replica_547_ca.pdb
977,313297744,random,YYDPETGTWY,amber,-15.607435073240357,5.436069732654734,18.326087293907378,6.272895160566125,5.508595556037851,4.848916770784997,2133.44,aer,4096,outputs/slurm_YYDPETGTWY_amber/replica_977/replica_977.pdb,outputs/slurm_YYDPETGTWY_amber/replica_977/replica_977_ca.pdb
566,313297333,random,YYDPETGTWY,amber,-37.485482060288525,5.438718471155128,17.232266315170204,6.493756175182412,5.508595556037851,4.848916770784997,1988.44,aer,4096,outputs/slurm_YYDPETGTWY_amber/replica_566/replica_566.pdb,outputs/slurm_YYDPETGTWY_amber/replica_566/replica_566_ca.pdb
828,313297595,helix,YYDPETGTWY,amber,-78.23335182008258,5.441061184414452,16.955787611570834,5.780682609734489,5.508595556037851,4.848916770784997,1372.55,aer,4096,outputs/slurm_YYDPETGTWY_amber/replica_828/replica_828.pdb,outputs/slurm_YYDPETGTWY_amber/replica_828/replica_828_ca.pdb
986,313297753,random,YYDPETGTWY,amber,-70.77527288463092,5.44494417622758,19.720581475125282,6.8808996919700665,5.508595556037851,4.848916770784997,1121.23,aer,4096,outputs/slurm_YYDPETGTWY_amber/replica_986/replica_986.pdb,outputs/slurm_YYDPETGTWY_amber/replica_986/replica_986_ca.pdb
604,313297371,sheet,YYDPETGTWY,amber,-67.47905988258992,5.445186778373106,19.512357924027096,6.133703248042358,5.508595556037851,4.848916770784997,1690.91,aer,4096,outputs/slurm_YYDPETGTWY_amber/replica_604/replica_604.pdb,outputs/slurm_YYDPETGTWY_amber/replica_604/replica_604_ca.pdb
514,313297281,sheet,YYDPETGTWY,amber,465.75579403971466,5.445244455340368,19.236957151489072,6.99360227245345,5.508595556037851,4.848916770784997,1076.97,aer,4096,outputs/slurm_YYDPETGTWY_amber/replica_514/replica_514.pdb,outputs/slurm_YYDPETGTWY_amber/replica_514/replica_514_ca.pdb
769,313297536,sheet,YYDPETGTWY,amber,-22.36962339831481,5.447070724256587,17.18258329398523,6.127761983289418,5.508595556037851,4.848916770784997,1207.44,aer,4096,outputs/slurm_YYDPETGTWY_amber/replica_769/replica_769.pdb,outputs/slurm_YYDPETGTWY_amber/replica_769/replica_769_ca.pdb
436,313297203,sheet,YYDPETGTWY,amber,-2.9762420473535114,5.447866764702187,16.96235036385838,6.065733626755022,5.508595556037851,4.848916770784997,1219.94,aer,4096,outputs/slurm_YYDPETGTWY_amber/replica_436/replica_436.pdb,outputs/slurm_YYDPETGTWY_amber/replica_436/replica_436_ca.pdb
961,313297728,sheet,YYDPETGTWY,amber,-25.402996111650577,5.452044204719531,18.218056508859913,6.223799682177469,5.508595556037851,4.848916770784997,1239.15,aer,4096,outputs/slurm_YYDPETGTWY_amber/replica_961/replica_961.pdb,outputs/slurm_YYDPETGTWY_amber/replica_961/replica_961_ca.pdb
478,313297245,sheet,YYDPETGTWY,amber,-39.51061242291374,5.452748478091066,16.275792505920283,5.731681780171434,5.508595556037851,4.848916770784997,7884.6,aer,4096,outputs/slurm_YYDPETGTWY_amber/replica_478/replica_478.pdb,outputs/slurm_YYDPETGTWY_amber/replica_478/replica_478_ca.pdb
984,313297751,helix,YYDPETGTWY,amber,-67.81173967256412,5.456075133456425,20.14340378211497,7.033880994608465,5.508595556037851,4.848916770784997,1310.83,aer,4096,outputs/slurm_YYDPETGTWY_amber/replica_984/replica_984.pdb,outputs/slurm_YYDPETGTWY_amber/replica_984/replica_984_ca.pdb
708,313297475,helix,YYDPETGTWY,amber,422.49749886656076,5.456665279307397,18.754428385022962,6.295410309856367,5.508595556037851,4.848916770784997,1324.89,aer,4096,outputs/slurm_YYDPETGTWY_amber/replica_708/replica_708.pdb,outputs/slurm_YYDPETGTWY_amber/replica_708/replica_708_ca.pdb
908,313297675,random,YYDPETGTWY,amber,421.3940939880733,5.457002598024989,17.45044008841318,6.2516684580403865,5.508595556037851,4.848916770784997,1434.55,aer,4096,outputs/slurm_YYDPETGTWY_amber/replica_908/replica_908.pdb,outputs/slurm_YYDPETGTWY_amber/replica_908/replica_908_ca.pdb
322,313297089,sheet,YYDPETGTWY,amber,-55.56108781520125,5.457757766834197,18.96560167805832,6.1767350637071665,5.508595556037851,4.848916770784997,1129.85,aer,4096,outputs/slurm_YYDPETGTWY_amber/replica_322/replica_322.pdb,outputs/slurm_YYDPETGTWY_amber/replica_322/replica_322_ca.pdb
752,313297519,random,YYDPETGTWY,amber,-12.432510085321884,5.457884932214971,15.839210684317308,5.8454240368031725,5.508595556037851,4.848916770784997,1598.97,aer,4096,outputs/slurm_YYDPETGTWY_amber/replica_752/replica_752.pdb,outputs/slurm_YYDPETGTWY_amber/replica_752/replica_752_ca.pdb
261,313297028,helix,YYDPETGTWY,amber,-33.06787391987385,5.461930996043867,19.394142993500516,6.595167892862501,5.508595556037851,4.848916770784997,1538.52,aer,4096,outputs/slurm_YYDPETGTWY_amber/replica_261/replica_261.pdb,outputs/slurm_YYDPETGTWY_amber/replica_261/replica_261_ca.pdb
640,313297407,sheet,YYDPETGTWY,amber,-61.54815789166941,5.464038332976881,19.03319684222507,6.292652504753623,5.508595556037851,4.848916770784997,1209.31,aer,4096,outputs/slurm_YYDPETGTWY_amber/replica_640/replica_640.pdb,outputs/slurm_YYDPETGTWY_amber/replica_640/replica_640_ca.pdb
656,313297423,random,YYDPETGTWY,amber,-53.568282796070555,5.465623381543765,15.280303264377032,5.4031929590136025,5.508595556037851,4.848916770784997,1860.88,aer,4096,outputs/slurm_YYDPETGTWY_amber/replica_656/replica_656.pdb,outputs/slurm_YYDPETGTWY_amber/replica_656/replica_656_ca.pdb
798,313297565,helix,YYDPETGTWY,amber,-28.464563489384457,5.469939010540594,16.340921289539708,5.633517833518958,5.508595556037851,4.848916770784997,1580.8,aer,4096,outputs/slurm_YYDPETGTWY_amber/replica_798/replica_798.pdb,outputs/slurm_YYDPETGTWY_amber/replica_798/replica_798_ca.pdb
408,313297175,helix,YYDPETGTWY,amber,-17.332015955498814,5.473630811210018,15.944619969840026,5.88259078489718,5.508595556037851,4.848916770784997,1458.23,aer,4096,outputs/slurm_YYDPETGTWY_amber/replica_408/replica_408.pdb,outputs/slurm_YYDPETGTWY_amber/replica_408/replica_408_ca.pdb
839,313297606,random,YYDPETGTWY,amber,30.358004715821995,5.473811970468044,14.31410618224886,4.966760003054387,5.508595556037851,4.848916770784997,1220.6,aer,4096,outputs/slurm_YYDPETGTWY_amber/replica_839/replica_839.pdb,outputs/slurm_YYDPETGTWY_amber/replica_839/replica_839_ca.pdb
454,313297221,sheet,YYDPETGTWY,amber,12.063000034681366,5.473984672045598,19.835323301666698,6.454292846516594,5.508595556037851,4.848916770784997,1223.0,aer,4096,outputs/slurm_YYDPETGTWY_amber/replica_454/replica_454.pdb,outputs/slurm_YYDPETGTWY_amber/replica_454/replica_454_ca.pdb
919,313297686,sheet,YYDPETGTWY,amber,-118.23601633582255,5.482395451521093,17.607409632949146,6.108780394670488,5.508595556037851,4.848916770784997,1198.57,aer,4096,outputs/slurm_YYDPETGTWY_amber/replica_919/replica_919.pdb,outputs/slurm_YYDPETGTWY_amber/replica_919/replica_919_ca.pdb
294,313297061,helix,YYDPETGTWY,amber,-18.71245998510241,5.482839125651626,17.11196905775237,5.874886526783228,5.508595556037851,4.848916770784997,1254.02,aer,4096,outputs/slurm_YYDPETGTWY_amber/replica_294/replica_294.pdb,outputs/slurm_YYDPETGTWY_amber/replica_294/replica_294_ca.pdb
760,313297527,sheet,YYDPETGTWY,amber,-85.72972344468334,5.482987232327279,19.559719005367324,6.559156306651414,5.508595556037851,4.848916770784997,1524.5,aer,4096,outputs/slurm_YYDPETGTWY_amber/replica_760/replica_760.pdb,outputs/slurm_YYDPETGTWY_amber/replica_760/replica_760_ca.pdb
235,313297002,sheet,YYDPETGTWY,amber,-2.907868791740042,5.483796188227858,17.124641815782716,6.004383133980128,5.508595556037851,4.848916770784997,1263.64,aer,4096,outputs/slurm_YYDPETGTWY_amber/replica_235/replica_235.pdb,outputs/slurm_YYDPETGTWY_amber/replica_235/replica_235_ca.pdb
629,313297396,random,YYDPETGTWY,amber,101.83777605357041,5.484393962120728,17.07057611483579,5.914943635848758,5.508595556037851,4.848916770784997,1139.26,aer,4096,outputs/slurm_YYDPETGTWY_amber/replica_629/replica_629.pdb,outputs/slurm_YYDPETGTWY_amber/replica_629/replica_629_ca.pdb
698,313297465,random,YYDPETGTWY,amber,4.958176100268477,5.4847274472318315,15.87261066210835,5.620168165046232,5.508595556037851,4.848916770784997,1451.16,aer,4096,outputs/slurm_YYDPETGTWY_amber/replica_698/replica_698.pdb,outputs/slurm_YYDPETGTWY_amber/replica_698/replica_698_ca.pdb
263,313297030,random,YYDPETGTWY,amber,-15.11705533955056,5.488629813094759,17.03302646092522,5.923233287198721,5.508595556037851,4.848916770784997,1197.56,aer,4096,outputs/slurm_YYDPETGTWY_amber/replica_263/replica_263.pdb,outputs/slurm_YYDPETGTWY_amber/replica_263/replica_263_ca.pdb
428,313297195,random,YYDPETGTWY,amber,-23.330010269999548,5.4908317064619,19.177719984258168,6.466550283883366,5.508595556037851,4.848916770784997,1384.26,aer,4096,outputs/slurm_YYDPETGTWY_amber/replica_428/replica_428.pdb,outputs/slurm_YYDPETGTWY_amber/replica_428/replica_428_ca.pdb
313,313297080,sheet,YYDPETGTWY,amber,641.6154225168219,5.492551686186623,18.382226271672195,6.50269594071744,5.508595556037851,4.848916770784997,955.68,aer,4096,outputs/slurm_YYDPETGTWY_amber/replica_313/replica_313.pdb,outputs/slurm_YYDPETGTWY_amber/replica_313/replica_313_ca.pdb
985,313297752,sheet,YYDPETGTWY,amber,-50.5539153984983,5.496613208690246,20.586259746495525,6.989347184550448,5.508595556037851,4.848916770784997,1199.96,aer,4096,outputs/slurm_YYDPETGTWY_amber/replica_985/replica_985.pdb,outputs/slurm_YYDPETGTWY_amber/replica_985/replica_985_ca.pdb
618,313297385,helix,YYDPETGTWY,amber,-153.62213552373893,5.498557614931562,19.111991284953973,6.307026095531312,5.508595556037851,4.848916770784997,1093.76,aer,4096,outputs/slurm_YYDPETGTWY_amber/replica_618/replica_618.pdb,outputs/slurm_YYDPETGTWY_amber/replica_618/replica_618_ca.pdb
53,313296820,random,YYDPETGTWY,amber,-67.9412547649937,5.499796677085298,19.065731107946316,6.271116791717864,5.508595556037851,4.848916770784997,1335.13,aer,4096,outputs/slurm_YYDPETGTWY_amber/replica_53/replica_53.pdb,outputs/slurm_YYDPETGTWY_amber/replica_53/replica_53_ca.pdb
744,313297511,helix,YYDPETGTWY,amber,0.18509186751470064,5.501723337259553,20.220248571816178,6.860194469217254,5.508595556037851,4.848916770784997,1429.01,aer,4096,outputs/slurm_YYDPETGTWY_amber/replica_744/replica_744.pdb,outputs/slurm_YYDPETGTWY_amber/replica_744/replica_744_ca.pdb
929,313297696,random,YYDPETGTWY,amber,-67.11113644358802,5.502788831841357,18.092425410197666,6.3571576820351945,5.508595556037851,4.848916770784997,1229.73,aer,4096,outputs/slurm_YYDPETGTWY_amber/replica_929/replica_929.pdb,outputs/slurm_YYDPETGTWY_amber/replica_929/replica_929_ca.pdb
778,313297545,sheet,YYDPETGTWY,amber,21.039238162679542,5.505485251645153,17.08328651070567,6.3145738591963765,5.508595556037851,4.848916770784997,1892.71,aer,4096,outputs/slurm_YYDPETGTWY_amber/replica_778/replica_778.pdb,outputs/slurm_YYDPETGTWY_amber/replica_778/replica_778_ca.pdb
169,313296936,sheet,YYDPETGTWY,amber,-35.83606328047093,5.506155056930002,18.960564997285022,6.693131188032242,5.508595556037851,4.848916770784997,1561.76,aer,4096,outputs/slurm_YYDPETGTWY_amber/replica_169/replica_169.pdb,outputs/slurm_YYDPETGTWY_amber/replica_169/replica_169_ca.pdb
162,313296929,helix,YYDPETGTWY,amber,-78.67433883097495,5.507619207717806,16.78232885538529,5.981663708387814,5.508595556037851,4.848916770784997,1255.34,aer,4096,outputs/slurm_YYDPETGTWY_amber/replica_162/replica_162.pdb,outputs/slurm_YYDPETGTWY_amber/replica_162/replica_162_ca.pdb
628,313297395,sheet,YYDPETGTWY,amber,-71.65142184975751,5.508374846846046,18.020773289213547,6.335990205339437,5.508595556037851,4.848916770784997,1725.49,aer,4096,outputs/slurm_YYDPETGTWY_amber/replica_628/replica_628.pdb,outputs/slurm_YYDPETGTWY_amber/replica_628/replica_628_ca.pdb
973,313297740,sheet,YYDPETGTWY,amber,21.597243320498876,5.509316775583902,15.565030852904869,5.67813671059727,5.508595556037851,4.848916770784997,1222.91,aer,4096,outputs/slurm_YYDPETGTWY_amber/replica_973/replica_973.pdb,outputs/slurm_YYDPETGTWY_amber/replica_973/replica_973_ca.pdb
917,313297684,random,YYDPETGTWY,amber,-31.762753358378234,5.519008607270083,18.96880138760963,6.39166004613128,5.508595556037851,4.848916770784997,1074.38,aer,4096,outputs/slurm_YYDPETGTWY_amber/replica_917/replica_917.pdb,outputs/slurm_YYDPETGTWY_amber/replica_917/replica_917_ca.pdb
843,313297610,helix,YYDPETGTWY,amber,13.840367062825486,5.519260453900643,18.62367940189289,6.490619095044434,5.508595556037851,4.848916770784997,1232.69,aer,4096,outputs/slurm_YYDPETGTWY_amber/replica_843/replica_843.pdb,outputs/slurm_YYDPETGTWY_amber/replica_843/replica_843_ca.pdb
898,313297665,sheet,YYDPETGTWY,amber,10.962199885575556,5.519522349425224,17.730212607453222,6.10122681910891,5.508595556037851,4.848916770784997,1073.89,aer,4096,outputs/slurm_YYDPETGTWY_amber/replica_898/replica_898.pdb,outputs/slurm_YYDPETGTWY_amber/replica_898/replica_898_ca.pdb
74,313296841,random,YYDPETGTWY,amber,5.004312508928338,5.524678956110502,17.547285801956914,6.089127537098238,5.508595556037851,4.848916770784997,1803.03,aer,4096,outputs/slurm_YYDPETGTWY_amber/replica_74/replica_74.pdb,outputs/slurm_YYDPETGTWY_amber/replica_74/replica_74_ca.pdb
126,313296893,helix,YYDPETGTWY,amber,-55.63813261731401,5.52546681691568,17.636083695361293,6.204295116336432,5.508595556037851,4.848916770784997,2175.25,aer,4096,outputs/slurm_YYDPETGTWY_amber/replica_126/replica_126.pdb,outputs/slurm_YYDPETGTWY_amber/replica_126/replica_126_ca.pdb
147,313296914,helix,YYDPETGTWY,amber,-38.918001373835125,5.532047154223915,18.066830560152198,6.331589193310088,5.508595556037851,4.848916770784997,1012.51,aer,4096,outputs/slurm_YYDPETGTWY_amber/replica_147/replica_147.pdb,outputs/slurm_YYDPETGTWY_amber/replica_147/replica_147_ca.pdb
460,313297227,sheet,YYDPETGTWY,amber,383.59430167143836,5.533378018760213,16.65775333991527,6.128238315622817,5.508595556037851,4.848916770784997,846.26,aer,4096,outputs/slurm_YYDPETGTWY_amber/replica_460/replica_460.pdb,outputs/slurm_YYDPETGTWY_amber/replica_460/replica_460_ca.pdb
965,313297732,random,YYDPETGTWY,amber,-96.80130650371007,5.535095218134663,18.500365330883852,6.24224654789491,5.508595556037851,4.848916770784997,1055.2,aer,4096,outputs/slurm_YYDPETGTWY_amber/replica_965/replica_965.pdb,outputs/slurm_YYDPETGTWY_amber/replica_965/replica_965_ca.pdb
666,313297433,helix,YYDPETGTWY,amber,-40.19979087926027,5.538630800139464,20.22593733431908,6.9084461475297205,5.508595556037851,4.848916770784997,1132.88,aer,4096,outputs/slurm_YYDPETGTWY_amber/replica_666/replica_666.pdb,outputs/slurm_YYDPETGTWY_amber/replica_666/replica_666_ca.pdb
676,313297443,sheet,YYDPETGTWY,amber,-43.99101801150301,5.542503711012702,20.0422139095791,6.353193863274179,5.508595556037851,4.848916770784997,1221.2,aer,4096,outputs/slurm_YYDPETGTWY_amber/replica_676/replica_676.pdb,outputs/slurm_YYDPETGTWY_amber/replica_676/replica_676_ca.pdb
722,313297489,random,YYDPETGTWY,amber,-16.93450648238877,5.547769378964947,18.356749967950556,6.497444877110456,5.508595556037851,4.848916770784997,1244.01,aer,4096,outputs/slurm_YYDPETGTWY_amber/replica_722/replica_722.pdb,outputs/slurm_YYDPETGTWY_amber/replica_722/replica_722_ca.pdb
830,313297597,random,YYDPETGTWY,amber,-4.426251511075017,5.548300394473905,18.407430475762727,6.383825712734747,5.508595556037851,4.848916770784997,1340.24,aer,4096,outputs/slurm_YYDPETGTWY_amber/replica_830/replica_830.pdb,outputs/slurm_YYDPETGTWY_amber/replica_830/replica_830_ca.pdb
443,313297210,random,YYDPETGTWY,amber,-61.16380659970001,5.5518668653950245,18.922311010194836,6.5664842783439665,5.508595556037851,4.848916770784997,1175.42,aer,4096,outputs/slurm_YYDPETGTWY_amber/replica_443/replica_443.pdb,outputs/slurm_YYDPETGTWY_amber/replica_443/replica_443_ca.pdb
447,313297214,helix,YYDPETGTWY,amber,-33.50462616596513,5.5549845272764635,18.47012650303621,6.226569237703071,5.508595556037851,4.848916770784997,1474.74,aer,4096,outputs/slurm_YYDPETGTWY_amber/replica_447/replica_447.pdb,outputs/slurm_YYDPETGTWY_amber/replica_447/replica_447_ca.pdb
141,313296908,helix,YYDPETGTWY,amber,-12.885752294836706,5.555171933029855,16.829453841373127,5.720567801006953,5.508595556037851,4.848916770784997,2014.38,aer,4096,outputs/slurm_YYDPETGTWY_amber/replica_141/replica_141.pdb,outputs/slurm_YYDPETGTWY_amber/replica_141/replica_141_ca.pdb
646,313297413,sheet,YYDPETGTWY,amber,-70.91908359833657,5.5579267636310865,17.953849497617362,6.215192733746574,5.508595556037851,4.848916770784997,1268.52,aer,4096,outputs/slurm_YYDPETGTWY_amber/replica_646/replica_646.pdb,outputs/slurm_YYDPETGTWY_amber/replica_646/replica_646_ca.pdb
777,313297544,helix,YYDPETGTWY,amber,-124.20547341062846,5.558416464103785,18.651409307953852,6.4168849985119465,5.508595556037851,4.848916770784997,1549.1,aer,4096,outputs/slurm_YYDPETGTWY_amber/replica_777/replica_777.pdb,outputs/slurm_YYDPETGTWY_amber/replica_777/replica_777_ca.pdb
858,313297625,helix,YYDPETGTWY,amber,-111.73084446002211,5.5620812186531605,20.089519310651905,6.714674820463744,5.508595556037851,4.848916770784997,1205.01,aer,4096,outputs/slurm_YYDPETGTWY_amber/replica_858/replica_858.pdb,outputs/slurm_YYDPETGTWY_amber/replica_858/replica_858_ca.pdb
121,313296888,sheet,YYDPETGTWY,amber,-70.76212924497055,5.563069614897752,17.856665170519328,6.022824503974195,5.508595556037851,4.848916770784997,1228.31,aer,4096,outputs/slurm_YYDPETGTWY_amber/replica_121/replica_121.pdb,outputs/slurm_YYDPETGTWY_amber/replica_121/replica_121_ca.pdb
836,313297603,random,YYDPETGTWY,amber,-48.30242562591855,5.564938802579013,19.284967099051666,6.508721032403131,5.508595556037851,4.848916770784997,920.84,aer,4096,outputs/slurm_YYDPETGTWY_amber/replica_836/replica_836.pdb,outputs/slurm_YYDPETGTWY_amber/replica_836/replica_836_ca.pdb
368,313297135,random,YYDPETGTWY,amber,665.7761335960087,5.567145631766136,18.868302429630365,6.295996504774385,5.508595556037851,4.848916770784997,322.51,aer,4096,outputs/slurm_YYDPETGTWY_amber/replica_368/replica_368.pdb,outputs/slurm_YYDPETGTWY_amber/replica_368/replica_368_ca.pdb
940,313297707,sheet,YYDPETGTWY,amber,46.301209217663725,5.569209368992751,18.684246516833262,6.19941028074802,5.508595556037851,4.848916770784997,1591.11,aer,4096,outputs/slurm_YYDPETGTWY_amber/replica_940/replica_940.pdb,outputs/slurm_YYDPETGTWY_amber/replica_940/replica_940_ca.pdb
524,313297291,random,YYDPETGTWY,amber,-116.93190901294105,5.570658106024408,20.294738705620723,6.977164293395712,5.508595556037851,4.848916770784997,1243.08,aer,4096,outputs/slurm_YYDPETGTWY_amber/replica_524/replica_524.pdb,outputs/slurm_YYDPETGTWY_amber/replica_524/replica_524_ca.pdb
259,313297026,sheet,YYDPETGTWY,amber,428.8563880493475,5.571427091169394,19.1269482866913,6.664771140602469,5.508595556037851,4.848916770784997,1605.53,aer,4096,outputs/slurm_YYDPETGTWY_amber/replica_259/replica_259.pdb,outputs/slurm_YYDPETGTWY_amber/replica_259/replica_259_ca.pdb
696,313297463,helix,YYDPETGTWY,amber,-36.38806012853104,5.5733928912581945,18.910014161166686,6.33576899710767,5.508595556037851,4.848916770784997,1156.01,aer,4096,outputs/slurm_YYDPETGTWY_amber/replica_696/replica_696.pdb,outputs/slurm_YYDPETGTWY_amber/replica_696/replica_696_ca.pdb
945,313297712,helix,YYDPETGTWY,amber,-17.029434300485622,5.573563543342722,17.13011726918516,5.757797626153542,5.508595556037851,4.848916770784997,1820.97,aer,4096,outputs/slurm_YYDPETGTWY_amber/replica_945/replica_945.pdb,outputs/slurm_YYDPETGTWY_amber/replica_945/replica_945_ca.pdb
19,313296786,sheet,YYDPETGTWY,amber,295.49579484886345,5.576042290713106,19.32808149136993,6.3706009662652034,5.508595556037851,4.848916770784997,1076.79,aer,4096,outputs/slurm_YYDPETGTWY_amber/replica_19/replica_19.pdb,outputs/slurm_YYDPETGTWY_amber/replica_19/replica_19_ca.pdb
285,313297052,helix,YYDPETGTWY,amber,32.25886738669311,5.577924003233049,19.92713167210553,6.577420808666857,5.508595556037851,4.848916770784997,1552.56,aer,4096,outputs/slurm_YYDPETGTWY_amber/replica_285/replica_285.pdb,outputs/slurm_YYDPETGTWY_amber/replica_285/replica_285_ca.pdb
184,313296951,sheet,YYDPETGTWY,amber,-42.58006191976385,5.5831715711929055,18.261441725779026,6.545954116374168,5.508595556037851,4.848916770784997,1354.77,aer,4096,outputs/slurm_YYDPETGTWY_amber/replica_184/replica_184.pdb,outputs/slurm_YYDPETGTWY_amber/replica_184/replica_184_ca.pdb
804,313297571,helix,YYDPETGTWY,amber,-90.32421871556967,5.583569168314028,20.295923029084854,6.477476751421286,5.508595556037851,4.848916770784997,1277.17,aer,4096,outputs/slurm_YYDPETGTWY_amber/replica_804/replica_804.pdb,outputs/slurm_YYDPETGTWY_amber/replica_804/replica_804_ca.pdb
545,313297312,random,YYDPETGTWY,amber,-1.1198401231637167,5.585863585793798,18.78300606826221,6.0115080456933425,5.508595556037851,4.848916770784997,1318.88,aer,4096,outputs/slurm_YYDPETGTWY_amber/replica_545/replica_545.pdb,outputs/slurm_YYDPETGTWY_amber/replica_545/replica_545_ca.pdb
283,313297050,sheet,YYDPETGTWY,amber,554.580661399374,5.58892456666086,18.527261074390985,6.494503346486171,5.508595556037851,4.848916770784997,689.51,aer,4096,outputs/slurm_YYDPETGTWY_amber/replica_283/replica_283.pdb,outputs/slurm_YYDPETGTWY_amber/replica_283/replica_283_ca.pdb
679,313297446,sheet,YYDPETGTWY,amber,-60.583670717552415,5.590334828004744,18.5262176880031,6.181362431027428,5.508595556037851,4.848916770784997,1459.13,aer,4096,outputs/slurm_YYDPETGTWY_amber/replica_679/replica_679.pdb,outputs/slurm_YYDPETGTWY_amber/replica_679/replica_679_ca.pdb
154,313296921,sheet,YYDPETGTWY,amber,457.3241636428915,5.590717506945855,15.162660697428779,5.597070155084171,5.508595556037851,4.848916770784997,1335.26,aer,4096,outputs/slurm_YYDPETGTWY_amber/replica_154/replica_154.pdb,outputs/slurm_YYDPETGTWY_amber/replica_154/replica_154_ca.pdb
384,313297151,helix,YYDPETGTWY,amber,-93.05555870281853,5.591546980391946,19.38912544558114,6.360185282539227,5.508595556037851,4.848916770784997,1219.48,aer,4096,outputs/slurm_YYDPETGTWY_amber/replica_384/replica_384.pdb,outputs/slurm_YYDPETGTWY_amber/replica_384/replica_384_ca.pdb
95,313296862,random,YYDPETGTWY,amber,-36.50713399780338,5.5997711675236586,17.66895680218249,6.23478170541789,5.508595556037851,4.848916770784997,1675.11,aer,4096,outputs/slurm_YYDPETGTWY_amber/replica_95/replica_95.pdb,outputs/slurm_YYDPETGTWY_amber/replica_95/replica_95_ca.pdb
594,313297361,helix,YYDPETGTWY,amber,390.11057304318916,5.599858533954404,18.743022806160916,6.552800888163422,5.508595556037851,4.848916770784997,1138.48,aer,4096,outputs/slurm_YYDPETGTWY_amber/replica_594/replica_594.pdb,outputs/slurm_YYDPETGTWY_amber/replica_594/replica_594_ca.pdb
458,313297225,random,YYDPETGTWY,amber,-26.613839874012882,5.6000499064593745,17.880713883021855,6.346936216269089,5.508595556037851,4.848916770784997,1303.09,aer,4096,outputs/slurm_YYDPETGTWY_amber/replica_458/replica_458.pdb,outputs/slurm_YYDPETGTWY_amber/replica_458/replica_458_ca.pdb
642,313297409,helix,YYDPETGTWY,amber,-6.924427223073201,5.600892844700864,19.027597310517788,6.49206260928683,5.508595556037851,4.848916770784997,1149.68,aer,4096,outputs/slurm_YYDPETGTWY_amber/replica_642/replica_642.pdb,outputs/slurm_YYDPETGTWY_amber/replica_642/replica_642_ca.pdb
812,313297579,random,YYDPETGTWY,amber,-58.439850455946235,5.601552565256604,18.430167864963053,6.350816688560008,5.508595556037851,4.848916770784997,1477.49,aer,4096,outputs/slurm_YYDPETGTWY_amber/replica_812/replica_812.pdb,outputs/slurm_YYDPETGTWY_amber/replica_812/replica_812_ca.pdb
333,313297100,helix,YYDPETGTWY,amber,-43.92246425410162,5.601582971581001,15.40058270897522,5.408197550394996,5.508595556037851,4.848916770784997,1117.29,aer,4096,outputs/slurm_YYDPETGTWY_amber/replica_333/replica_333.pdb,outputs/slurm_YYDPETGTWY_amber/replica_333/replica_333_ca.pdb
958,313297725,sheet,YYDPETGTWY,amber,-110.78065013827685,5.604648472074336,17.745189910967486,6.376287768615563,5.508595556037851,4.848916770784997,1258.07,aer,4096,outputs/slurm_YYDPETGTWY_amber/replica_958/replica_958.pdb,outputs/slurm_YYDPETGTWY_amber/replica_958/replica_958_ca.pdb
745,313297512,sheet,YYDPETGTWY,amber,-77.27074454066565,5.605691050666784,19.241362845332784,6.106620631563341,5.508595556037851,4.848916770784997,1285.54,aer,4096,outputs/slurm_YYDPETGTWY_amber/replica_745/replica_745.pdb,outputs/slurm_YYDPETGTWY_amber/replica_745/replica_745_ca.pdb
149,313296916,random,YYDPETGTWY,amber,-3.4366242155456828,5.606616904253178,19.58955825625047,6.544262877482566,5.508595556037851,4.848916770784997,1443.63,aer,4096,outputs/slurm_YYDPETGTWY_amber/replica_149/replica_149.pdb,outputs/slurm_YYDPETGTWY_amber/replica_149/replica_149_ca.pdb
56,313296823,random,YYDPETGTWY,amber,0.8197346484044876,5.607643415426477,19.72135737137029,6.3087921561660485,5.508595556037851,4.848916770784997,1702.09,aer,4096,outputs/slurm_YYDPETGTWY_amber/replica_56/replica_56.pdb,outputs/slurm_YYDPETGTWY_amber/replica_56/replica_56_ca.pdb
612,313297379,helix,YYDPETGTWY,amber,-80.68656455274613,5.6081977734646,18.90532679406913,6.31125759246873,5.508595556037851,4.848916770784997,1119.92,aer,4096,outputs/slurm_YYDPETGTWY_amber/replica_612/replica_612.pdb,outputs/slurm_YYDPETGTWY_amber/replica_612/replica_612_ca.pdb
580,313297347,sheet,YYDPETGTWY,amber,-29.44825637483678,5.612745852518128,16.350132213675817,5.54882349663631,5.508595556037851,4.848916770784997,1263.87,aer,4096,outputs/slurm_YYDPETGTWY_amber/replica_580/replica_580.pdb,outputs/slurm_YYDPETGTWY_amber/replica_580/replica_580_ca.pdb
826,313297593,sheet,YYDPETGTWY,amber,14.745337492659658,5.613750706489335,17.812398858438197,6.034930675903719,5.508595556037851,4.848916770784997,1676.3,aer,4096,outputs/slurm_YYDPETGTWY_amber/replica_826/replica_826.pdb,outputs/slurm_YYDPETGTWY_amber/replica_826/replica_826_ca.pdb
959,313297726,random,YYDPETGTWY,amber,-39.321059725455214,5.617093149245686,17.602034152847125,6.164213123662514,5.508595556037851,4.848916770784997,1335.33,aer,4096,outputs/slurm_YYDPETGTWY_amber/replica_959/replica_959.pdb,outputs/slurm_YYDPETGTWY_amber/replica_959/replica_959_ca.pdb
211,313296978,sheet,YYDPETGTWY,amber,-108.92092822055096,5.6192322124137295,16.90209402626503,5.682813043562475,5.508595556037851,4.848916770784997,1179.83,aer,4096,outputs/slurm_YYDPETGTWY_amber/replica_211/replica_211.pdb,outputs/slurm_YYDPETGTWY_amber/replica_211/replica_211_ca.pdb
63,313296830,helix,YYDPETGTWY,amber,28.0893682967493,5.619240603008431,19.576152503599968,6.4156380307923415,5.508595556037851,4.848916770784997,1382.64,aer,4096,outputs/slurm_YYDPETGTWY_amber/replica_63/replica_63.pdb,outputs/slurm_YYDPETGTWY_amber/replica_63/replica_63_ca.pdb
673,313297440,sheet,YYDPETGTWY,amber,-0.32539656747400114,5.621752007096626,20.465797192537995,6.603381323119823,5.508595556037851,4.848916770784997,1308.98,aer,4096,outputs/slurm_YYDPETGTWY_amber/replica_673/replica_673.pdb,outputs/slurm_YYDPETGTWY_amber/replica_673/replica_673_ca.pdb
840,313297607,helix,YYDPETGTWY,amber,-92.31123841672665,5.631064057194169,17.778616644870656,6.52818839976548,5.508595556037851,4.848916770784997,1326.11,aer,4096,outputs/slurm_YYDPETGTWY_amber/replica_840/replica_840.pdb,outputs/slurm_YYDPETGTWY_amber/replica_840/replica_840_ca.pdb
501,313297268,helix,YYDPETGTWY,amber,-17.966433831058662,5.631341736281216,20.342700148965385,7.17280395897455,5.508595556037851,4.848916770784997,1899.67,aer,4096,outputs/slurm_YYDPETGTWY_amber/replica_501/replica_501.pdb,outputs/slurm_YYDPETGTWY_amber/replica_501/replica_501_ca.pdb
86,313296853,random,YYDPETGTWY,amber,-33.108939330244255,5.635468932798662,19.590343987211185,6.419594978996654,5.508595556037851,4.848916770784997,1428.69,aer,4096,outputs/slurm_YYDPETGTWY_amber/replica_86/replica_86.pdb,outputs/slurm_YYDPETGTWY_amber/replica_86/replica_86_ca.pdb
775,313297542,sheet,YYDPETGTWY,amber,-44.36131233093014,5.635683501821772,19.370954162622425,6.450223480144372,5.508595556037851,4.848916770784997,1236.83,aer,4096,outputs/slurm_YYDPETGTWY_amber/replica_775/replica_775.pdb,outputs/slurm_YYDPETGTWY_amber/replica_775/replica_775_ca.pdb
430,313297197,sheet,YYDPETGTWY,amber,105.0191572697005,5.639638636417191,17.931520343101706,6.254172260116303,5.508595556037851,4.848916770784997,1525.62,aer,4096,outputs/slurm_YYDPETGTWY_amber/replica_430/replica_430.pdb,outputs/slurm_YYDPETGTWY_amber/replica_430/replica_430_ca.pdb
387,313297154,helix,YYDPETGTWY,amber,447.13619028452257,5.643813652040917,17.171968009876892,5.874732185440901,5.508595556037851,4.848916770784997,1099.44,aer,4096,outputs/slurm_YYDPETGTWY_amber/replica_387/replica_387.pdb,outputs/slurm_YYDPETGTWY_amber/replica_387/replica_387_ca.pdb
484,313297251,sheet,YYDPETGTWY,amber,-32.66398477598196,5.644419857893474,20.82997616992225,7.097853028009153,5.508595556037851,4.848916770784997,1324.08,aer,4096,outputs/slurm_YYDPETGTWY_amber/replica_484/replica_484.pdb,outputs/slurm_YYDPETGTWY_amber/replica_484/replica_484_ca.pdb
36,313296803,helix,YYDPETGTWY,amber,-60.36619021152378,5.650819269281236,18.447130931416524,6.188439461373374,5.508595556037851,4.848916770784997,1490.21,aer,4096,outputs/slurm_YYDPETGTWY_amber/replica_36/replica_36.pdb,outputs/slurm_YYDPETGTWY_amber/replica_36/replica_36_ca.pdb
462,313297229,helix,YYDPETGTWY,amber,-30.576963164777364,5.65320550798858,18.56212321492763,6.391550867925499,5.508595556037851,4.848916770784997,1194.72,aer,4096,outputs/slurm_YYDPETGTWY_amber/replica_462/replica_462.pdb,outputs/slurm_YYDPETGTWY_amber/replica_462/replica_462_ca.pdb
703,313297470,sheet,YYDPETGTWY,amber,-54.10377540880098,5.656878167348389,18.82358543710143,6.4329467224907075,5.508595556037851,4.848916770784997,1287.64,aer,4096,outputs/slurm_YYDPETGTWY_amber/replica_703/replica_703.pdb,outputs/slurm_YYDPETGTWY_amber/replica_703/replica_703_ca.pdb
298,313297065,sheet,YYDPETGTWY,amber,-51.51838707267188,5.659028990931131,19.072255464436573,6.370408879314476,5.508595556037851,4.848916770784997,1452.67,aer,4096,outputs/slurm_YYDPETGTWY_amber/replica_298/replica_298.pdb,outputs/slurm_YYDPETGTWY_amber/replica_298/replica_298_ca.pdb
669,313297436,helix,YYDPETGTWY,amber,-100.65684688739843,5.6629576384141425,18.420626072293146,5.883941201425291,5.508595556037851,4.848916770784997,1341.29,aer,4096,outputs/slurm_YYDPETGTWY_amber/replica_669/replica_669.pdb,outputs/slurm_YYDPETGTWY_amber/replica_669/replica_669_ca.pdb
193,313296960,sheet,YYDPETGTWY,amber,-47.42146762476169,5.663153047711023,18.561447749066012,6.127442125843442,5.508595556037851,4.848916770784997,1293.32,aer,4096,outputs/slurm_YYDPETGTWY_amber/replica_193/replica_193.pdb,outputs/slurm_YYDPETGTWY_amber/replica_193/replica_193_ca.pdb
838,313297605,sheet,YYDPETGTWY,amber,-117.05623040552578,5.671635177074733,17.452079623059884,6.280454729325245,5.508595556037851,4.848916770784997,1205.91,aer,4096,outputs/slurm_YYDPETGTWY_amber/replica_838/replica_838.pdb,outputs/slurm_YYDPETGTWY_amber/replica_838/replica_838_ca.pdb
204,313296971,helix,YYDPETGTWY,amber,-107.73713525577975,5.672526309739213,20.790982673548594,6.823264565476883,5.508595556037851,4.848916770784997,1279.34,aer,4096,outputs/slurm_YYDPETGTWY_amber/replica_204/replica_204.pdb,outputs/slurm_YYDPETGTWY_amber/replica_204/replica_204_ca.pdb
773,313297540,random,YYDPETGTWY,amber,412.31436929595026,5.676260879629221,17.98855411523385,6.199131790986566,5.508595556037851,4.848916770784997,898.62,aer,4096,outputs/slurm_YYDPETGTWY_amber/replica_773/replica_773.pdb,outputs/slurm_YYDPETGTWY_amber/replica_773/replica_773_ca.pdb
856,313297623,sheet,YYDPETGTWY,amber,469.74555484484364,5.682111495094683,19.232976608842115,6.355699708033275,5.508595556037851,4.848916770784997,770.32,aer,4096,outputs/slurm_YYDPETGTWY_amber/replica_856/replica_856.pdb,outputs/slurm_YYDPETGTWY_amber/replica_856/replica_856_ca.pdb
52,313296819,sheet,YYDPETGTWY,amber,-23.719038571737496,5.684388198187192,19.617552739274036,6.387995134658341,5.508595556037851,4.848916770784997,1515.06,aer,4096,outputs/slurm_YYDPETGTWY_amber/replica_52/replica_52.pdb,outputs/slurm_YYDPETGTWY_amber/replica_52/replica_52_ca.pdb
802,313297569,sheet,YYDPETGTWY,amber,-70.29149145457285,5.686330540693683,17.24287725807852,6.331482916678226,5.508595556037851,4.848916770784997,1344.54,aer,4096,outputs/slurm_YYDPETGTWY_amber/replica_802/replica_802.pdb,outputs/slurm_YYDPETGTWY_amber/replica_802/replica_802_ca.pdb
29,313296796,random,YYDPETGTWY,amber,-69.56474871560432,5.688746527490252,17.14406855829208,6.190726273580551,5.508595556037851,4.848916770784997,1554.28,aer,4096,outputs/slurm_YYDPETGTWY_amber/replica_29/replica_29.pdb,outputs/slurm_YYDPETGTWY_amber/replica_29/replica_29_ca.pdb
316,313297083,sheet,YYDPETGTWY,amber,13.891260794074958,5.6978421829632415,20.283288823916486,6.4750011802564025,5.508595556037851,4.848916770784997,1425.14,aer,4096,outputs/slurm_YYDPETGTWY_amber/replica_316/replica_316.pdb,outputs/slurm_YYDPETGTWY_amber/replica_316/replica_316_ca.pdb
234,313297001,helix,YYDPETGTWY,amber,15.579347031023321,5.703201179522249,19.285441451961514,6.304654326926257,5.508595556037851,4.848916770784997,1272.3,aer,4096,outputs/slurm_YYDPETGTWY_amber/replica_234/replica_234.pdb,outputs/slurm_YYDPETGTWY_amber/replica_234/replica_234_ca.pdb
512,313297279,random,YYDPETGTWY,amber,-11.156456691728115,5.703496301812582,18.53984593685838,6.189883604224046,5.508595556037851,4.848916770784997,7163.57,aer,4096,outputs/slurm_YYDPETGTWY_amber/replica_512/replica_512.pdb,outputs/slurm_YYDPETGTWY_amber/replica_512/replica_512_ca.pdb
620,313297387,random,YYDPETGTWY,amber,-52.942541606322536,5.704691945716076,19.289829540596383,6.368145208109395,5.508595556037851,4.848916770784997,1530.9,aer,4096,outputs/slurm_YYDPETGTWY_amber/replica_620/replica_620.pdb,outputs/slurm_YYDPETGTWY_amber/replica_620/replica_620_ca.pdb
379,313297146,sheet,YYDPETGTWY,amber,954.3397733273225,5.705415858195974,17.988961169175063,6.358452599586986,5.508595556037851,4.848916770784997,1023.94,aer,4096,outputs/slurm_YYDPETGTWY_amber/replica_379/replica_379.pdb,outputs/slurm_YYDPETGTWY_amber/replica_379/replica_379_ca.pdb
264,313297031,helix,YYDPETGTWY,amber,-116.3033662996252,5.705942333896772,18.870559501661415,6.451917928503971,5.508595556037851,4.848916770784997,1086.49,aer,4096,outputs/slurm_YYDPETGTWY_amber/replica_264/replica_264.pdb,outputs/slurm_YYDPETGTWY_amber/replica_264/replica_264_ca.pdb
155,313296922,random,YYDPETGTWY,amber,-20.739355998741217,5.709816645419964,19.829254821671107,6.428215344790839,5.508595556037851,4.848916770784997,1293.56,aer,4096,outputs/slurm_YYDPETGTWY_amber/replica_155/replica_155.pdb,outputs/slurm_YYDPETGTWY_amber/replica_155/replica_155_ca.pdb
995,313297762,random,YYDPETGTWY,amber,-5.71354806104127,5.709851280333722,21.6644760391447,7.208605032355802,5.508595556037851,4.848916770784997,1298.87,aer,4096,outputs/slurm_YYDPETGTWY_amber/replica_995/replica_995.pdb,outputs/slurm_YYDPETGTWY_amber/replica_995/replica_995_ca.pdb
494,313297261,random,YYDPETGTWY,amber,-27.506460220964986,5.711921934260958,22.215589521429177,7.325011460788978,5.508595556037851,4.848916770784997,1301.2,aer,4096,outputs/slurm_YYDPETGTWY_amber/replica_494/replica_494.pdb,outputs/slurm_YYDPETGTWY_amber/replica_494/replica_494_ca.pdb
657,313297424,helix,YYDPETGTWY,amber,-47.22151836457527,5.714946118730158,18.39888743624464,6.159924521911304,5.508595556037851,4.848916770784997,1406.94,aer,4096,outputs/slurm_YYDPETGTWY_amber/replica_657/replica_657.pdb,outputs/slurm_YYDPETGTWY_amber/replica_657/replica_657_ca.pdb
101,313296868,random,YYDPETGTWY,amber,621.1454953428006,5.7191092581132885,17.542660110251916,5.947650167682992,5.508595556037851,4.848916770784997,1240.63,aer,4096,outputs/slurm_YYDPETGTWY_amber/replica_101/replica_101.pdb,outputs/slurm_YYDPETGTWY_amber/replica_101/replica_101_ca.pdb
662,313297429,random,YYDPETGTWY,amber,540.5598700740209,5.721671796997078,18.27437230037537,6.032003462817889,5.508595556037851,4.848916770784997,1019.37,aer,4096,outputs/slurm_YYDPETGTWY_amber/replica_662/replica_662.pdb,outputs/slurm_YYDPETGTWY_amber/replica_662/replica_662_ca.pdb
882,313297649,helix,YYDPETGTWY,amber,0.5433466523686655,5.724475237025964,18.197813073628044,6.349267335921071,5.508595556037851,4.848916770784997,1395.17,aer,4096,outputs/slurm_YYDPETGTWY_amber/replica_882/replica_882.pdb,outputs/slurm_YYDPETGTWY_amber/replica_882/replica_882_ca.pdb
658,313297425,sheet,YYDPETGTWY,amber,22.813826614074024,5.734484641725195,18.77706935234102,6.252652400462349,5.508595556037851,4.848916770784997,1300.72,aer,4096,outputs/slurm_YYDPETGTWY_amber/replica_658/replica_658.pdb,outputs/slurm_YYDPETGTWY_amber/replica_658/replica_658_ca.pdb
562,313297329,sheet,YYDPETGTWY,amber,23.67794017172184,5.735331860512905,19.106578132396226,6.1190290151359505,5.508595556037851,4.848916770784997,1483.59,aer,4096,outputs/slurm_YYDPETGTWY_amber/replica_562/replica_562.pdb,outputs/slurm_YYDPETGTWY_amber/replica_562/replica_562_ca.pdb
308,313297075,random,YYDPETGTWY,amber,-67.34423142908588,5.740833834574581,18.62208580232431,6.389663076463315,5.508595556037851,4.848916770784997,1144.6,aer,4096,outputs/slurm_YYDPETGTWY_amber/replica_308/replica_308.pdb,outputs/slurm_YYDPETGTWY_amber/replica_308/replica_308_ca.pdb
738,313297505,helix,YYDPETGTWY,amber,-76.21708596681377,5.741268654645365,17.881259226670245,6.266315802425136,5.508595556037851,4.848916770784997,1363.4,aer,4096,outputs/slurm_YYDPETGTWY_amber/replica_738/replica_738.pdb,outputs/slurm_YYDPETGTWY_amber/replica_738/replica_738_ca.pdb
638,313297405,random,YYDPETGTWY,amber,-94.54745088131658,5.7423248177320625,18.05660750418292,6.490786520759117,5.508595556037851,4.848916770784997,1352.09,aer,4096,outputs/slurm_YYDPETGTWY_amber/replica_638/replica_638.pdb,outputs/slurm_YYDPETGTWY_amber/replica_638/replica_638_ca.pdb
697,313297464,sheet,YYDPETGTWY,amber,-37.52810959215747,5.745840219879129,18.502417218567253,6.7718773117970565,5.508595556037851,4.848916770784997,1167.01,aer,4096,outputs/slurm_YYDPETGTWY_amber/replica_697/replica_697.pdb,outputs/slurm_YYDPETGTWY_amber/replica_697/replica_697_ca.pdb
565,313297332,sheet,YYDPETGTWY,amber,-8.560345254132953,5.746792465297327,16.034603870794307,5.530885158254148,5.508595556037851,4.848916770784997,2159.35,aer,4096,outputs/slurm_YYDPETGTWY_amber/replica_565/replica_565.pdb,outputs/slurm_YYDPETGTWY_amber/replica_565/replica_565_ca.pdb
761,313297528,random,YYDPETGTWY,amber,90.97051428594882,5.748315140200973,20.46701427658139,6.552349671589845,5.508595556037851,4.848916770784997,1321.07,aer,4096,outputs/slurm_YYDPETGTWY_amber/replica_761/replica_761.pdb,outputs/slurm_YYDPETGTWY_amber/replica_761/replica_761_ca.pdb
764,313297531,random,YYDPETGTWY,amber,-57.541012545158026,5.74833458207386,18.998600480124928,6.354937221482454,5.508595556037851,4.848916770784997,1085.2,aer,4096,outputs/slurm_YYDPETGTWY_amber/replica_764/replica_764.pdb,outputs/slurm_YYDPETGTWY_amber/replica_764/replica_764_ca.pdb
677,313297444,random,YYDPETGTWY,amber,-17.18534973957016,5.752260157199429,19.436160627851603,6.392414480014047,5.508595556037851,4.848916770784997,1287.23,aer,4096,outputs/slurm_YYDPETGTWY_amber/replica_677/replica_677.pdb,outputs/slurm_YYDPETGTWY_amber/replica_677/replica_677_ca.pdb
865,313297632,sheet,YYDPETGTWY,amber,-88.04084056285208,5.752562398691962,20.454494589786552,6.5863411917583035,5.508595556037851,4.848916770784997,1283.9,aer,4096,outputs/slurm_YYDPETGTWY_amber/replica_865/replica_865.pdb,outputs/slurm_YYDPETGTWY_amber/replica_865/replica_865_ca.pdb
167,313296934,random,YYDPETGTWY,amber,6.437985932707748,5.752637903802254,18.597471975013093,6.611931565457223,5.508595556037851,4.848916770784997,2023.24,aer,4096,outputs/slurm_YYDPETGTWY_amber/replica_167/replica_167.pdb,outputs/slurm_YYDPETGTWY_amber/replica_167/replica_167_ca.pdb
297,313297064,helix,YYDPETGTWY,amber,-4.402542978708783,5.754382010389942,19.599562176910414,6.544895640126519,5.508595556037851,4.848916770784997,1238.47,aer,4096,outputs/slurm_YYDPETGTWY_amber/replica_297/replica_297.pdb,outputs/slurm_YYDPETGTWY_amber/replica_297/replica_297_ca.pdb
891,313297658,helix,YYDPETGTWY,amber,-40.48670886296189,5.754944024931143,19.67502949068787,6.429488455899342,5.508595556037851,4.848916770784997,1415.43,aer,4096,outputs/slurm_YYDPETGTWY_amber/replica_891/replica_891.pdb,outputs/slurm_YYDPETGTWY_amber/replica_891/replica_891_ca.pdb
345,313297112,helix,YYDPETGTWY,amber,-49.69161585579089,5.7630658449957455,18.957694146520517,6.256196252965679,5.508595556037851,4.848916770784997,1177.35,aer,4096,outputs/slurm_YYDPETGTWY_amber/replica_345/replica_345.pdb,outputs/slurm_YYDPETGTWY_amber/replica_345/replica_345_ca.pdb
558,313297325,helix,YYDPETGTWY,amber,-39.13683331568866,5.764333049902316,19.313320141064317,6.544552195101868,5.508595556037851,4.848916770784997,1038.15,aer,4096,outputs/slurm_YYDPETGTWY_amber/replica_558/replica_558.pdb,outputs/slurm_YYDPETGTWY_amber/replica_558/replica_558_ca.pdb
365,313297132,random,YYDPETGTWY,amber,-65.33205524276191,5.771213511329077,19.57386802795433,6.454233772711061,5.508595556037851,4.848916770784997,1518.69,aer,4096,outputs/slurm_YYDPETGTWY_amber/replica_365/replica_365.pdb,outputs/slurm_YYDPETGTWY_amber/replica_365/replica_365_ca.pdb
113,313296880,random,YYDPETGTWY,amber,-88.38428319942318,5.773281336302613,18.842471615235493,6.684017605131326,5.508595556037851,4.848916770784997,1205.72,aer,4096,outputs/slurm_YYDPETGTWY_amber/replica_113/replica_113.pdb,outputs/slurm_YYDPETGTWY_amber/replica_113/replica_113_ca.pdb
809,313297576,random,YYDPETGTWY,amber,-98.50423948106325,5.774793708420987,18.32205841952837,6.4249838890031565,5.508595556037851,4.848916770784997,1179.34,aer,4096,outputs/slurm_YYDPETGTWY_amber/replica_809/replica_809.pdb,outputs/slurm_YYDPETGTWY_amber/replica_809/replica_809_ca.pdb
14,313296781,random,YYDPETGTWY,amber,-80.74052877587498,5.778515972661565,20.40777379654515,6.7833552078529795,5.508595556037851,4.848916770784997,1298.94,aer,4096,outputs/slurm_YYDPETGTWY_amber/replica_14/replica_14.pdb,outputs/slurm_YYDPETGTWY_amber/replica_14/replica_14_ca.pdb
369,313297136,helix,YYDPETGTWY,amber,-64.43747591281956,5.778968414315619,19.554684755730154,6.395471686240455,5.508595556037851,4.848916770784997,1309.39,aer,4096,outputs/slurm_YYDPETGTWY_amber/replica_369/replica_369.pdb,outputs/slurm_YYDPETGTWY_amber/replica_369/replica_369_ca.pdb
911,313297678,random,YYDPETGTWY,amber,331.72734673232526,5.782182849789645,18.56480914690126,6.300242492133156,5.508595556037851,4.848916770784997,1487.9,aer,4096,outputs/slurm_YYDPETGTWY_amber/replica_911/replica_911.pdb,outputs/slurm_YYDPETGTWY_amber/replica_911/replica_911_ca.pdb
411,313297178,helix,YYDPETGTWY,amber,-60.36414965812018,5.791260658953046,19.76640252052046,6.38129061833361,5.508595556037851,4.848916770784997,1410.42,aer,4096,outputs/slurm_YYDPETGTWY_amber/replica_411/replica_411.pdb,outputs/slurm_YYDPETGTWY_amber/replica_411/replica_411_ca.pdb
288,313297055,helix,YYDPETGTWY,amber,-57.201954759163804,5.791521740508862,17.34841622292308,6.366586592245645,5.508595556037851,4.848916770784997,1270.86,aer,4096,outputs/slurm_YYDPETGTWY_amber/replica_288/replica_288.pdb,outputs/slurm_YYDPETGTWY_amber/replica_288/replica_288_ca.pdb
632,313297399,random,YYDPETGTWY,amber,-111.967078564475,5.794575476481691,18.2304369852622,6.5505015042695875,5.508595556037851,4.848916770784997,1294.13,aer,4096,outputs/slurm_YYDPETGTWY_amber/replica_632/replica_632.pdb,outputs/slurm_YYDPETGTWY_amber/replica_632/replica_632_ca.pdb
596,313297363,random,YYDPETGTWY,amber,-21.96654637892308,5.7946985667871385,18.935452912294423,6.346288064173109,5.508595556037851,4.848916770784997,2095.34,aer,4096,outputs/slurm_YYDPETGTWY_amber/replica_596/replica_596.pdb,outputs/slurm_YYDPETGTWY_amber/replica_596/replica_596_ca.pdb
465,313297232,helix,YYDPETGTWY,amber,439.1187062377472,5.794945527464676,19.341746736412105,6.605552436429543,5.508595556037851,4.848916770784997,987.2,aer,4096,outputs/slurm_YYDPETGTWY_amber/replica_465/replica_465.pdb,outputs/slurm_YYDPETGTWY_amber/replica_465/replica_465_ca.pdb
262,313297029,sheet,YYDPETGTWY,amber,-61.05153704179922,5.803777693648302,19.482115533416064,6.643827399030052,5.508595556037851,4.848916770784997,1500.68,aer,4096,outputs/slurm_YYDPETGTWY_amber/replica_262/replica_262.pdb,outputs/slurm_YYDPETGTWY_amber/replica_262/replica_262_ca.pdb
930,313297697,helix,YYDPETGTWY,amber,-79.30756532532466,5.803911373102064,19.457327342597253,6.444299597889863,5.508595556037851,4.848916770784997,1291.27,aer,4096,outputs/slurm_YYDPETGTWY_amber/replica_930/replica_930.pdb,outputs/slurm_YYDPETGTWY_amber/replica_930/replica_930_ca.pdb
499,313297266,sheet,YYDPETGTWY,amber,-19.924701017760853,5.805486736748154,21.516830337550083,7.5503445922959065,5.508595556037851,4.848916770784997,1272.42,aer,4096,outputs/slurm_YYDPETGTWY_amber/replica_499/replica_499.pdb,outputs/slurm_YYDPETGTWY_amber/replica_499/replica_499_ca.pdb
412,313297179,sheet,YYDPETGTWY,amber,-72.10285085954465,5.8083154801643015,19.317947621751347,6.329733976864171,5.508595556037851,4.848916770784997,1344.79,aer,4096,outputs/slurm_YYDPETGTWY_amber/replica_412/replica_412.pdb,outputs/slurm_YYDPETGTWY_amber/replica_412/replica_412_ca.pdb
879,313297646,helix,YYDPETGTWY,amber,-61.980731141593175,5.813225790851308,19.85272023772573,6.4041843282486814,5.508595556037851,4.848916770784997,1304.67,aer,4096,outputs/slurm_YYDPETGTWY_amber/replica_879/replica_879.pdb,outputs/slurm_YYDPETGTWY_amber/replica_879/replica_879_ca.pdb
732,313297499,helix,YYDPETGTWY,amber,12.579508387959567,5.815618965080309,20.188625228981078,6.752806610891794,5.508595556037851,4.848916770784997,1085.25,aer,4096,outputs/slurm_YYDPETGTWY_amber/replica_732/replica_732.pdb,outputs/slurm_YYDPETGTWY_amber/replica_732/replica_732_ca.pdb
525,313297292,helix,YYDPETGTWY,amber,68.3153236956863,5.825174375190733,21.414133385164785,7.182573188817384,5.508595556037851,4.848916770784997,1777.1,aer,4096,outputs/slurm_YYDPETGTWY_amber/replica_525/replica_525.pdb,outputs/slurm_YYDPETGTWY_amber/replica_525/replica_525_ca.pdb
137,313296904,random,YYDPETGTWY,amber,57.385208687014234,5.82585875534679,20.168433488007025,6.707559648188126,5.508595556037851,4.848916770784997,1224.17,aer,4096,outputs/slurm_YYDPETGTWY_amber/replica_137/replica_137.pdb,outputs/slurm_YYDPETGTWY_amber/replica_137/replica_137_ca.pdb
475,313297242,sheet,YYDPETGTWY,amber,-13.038667203804463,5.826022716074556,18.512383153026217,6.167592859883811,5.508595556037851,4.848916770784997,1240.6,aer,4096,outputs/slurm_YYDPETGTWY_amber/replica_475/replica_475.pdb,outputs/slurm_YYDPETGTWY_amber/replica_475/replica_475_ca.pdb
304,313297071,sheet,YYDPETGTWY,amber,-25.109891254638246,5.828601630910968,19.78503953425159,6.640999703191575,5.508595556037851,4.848916770784997,1730.77,aer,4096,outputs/slurm_YYDPETGTWY_amber/replica_304/replica_304.pdb,outputs/slurm_YYDPETGTWY_amber/replica_304/replica_304_ca.pdb
469,313297236,sheet,YYDPETGTWY,amber,-42.45844970736061,5.837428539822786,20.294840217461008,7.2336295422138,5.508595556037851,4.848916770784997,1632.44,aer,4096,outputs/slurm_YYDPETGTWY_amber/replica_469/replica_469.pdb,outputs/slurm_YYDPETGTWY_amber/replica_469/replica_469_ca.pdb
671,313297438,random,YYDPETGTWY,amber,-67.56726802111585,5.837863307187976,18.51941113243594,6.516478957856008,5.508595556037851,4.848916770784997,1527.76,aer,4096,outputs/slurm_YYDPETGTWY_amber/replica_671/replica_671.pdb,outputs/slurm_YYDPETGTWY_amber/replica_671/replica_671_ca.pdb
880,313297647,sheet,YYDPETGTWY,amber,43.230581680299636,5.840663536339185,19.504453962969606,6.458742566179758,5.508595556037851,4.848916770784997,1568.04,aer,4096,outputs/slurm_YYDPETGTWY_amber/replica_880/replica_880.pdb,outputs/slurm_YYDPETGTWY_amber/replica_880/replica_880_ca.pdb
150,313296917,helix,YYDPETGTWY,amber,68.852794791049,5.842653634027293,19.339887181900448,6.602154483017932,5.508595556037851,4.848916770784997,1389.7,aer,4096,outputs/slurm_YYDPETGTWY_amber/replica_150/replica_150.pdb,outputs/slurm_YYDPETGTWY_amber/replica_150/replica_150_ca.pdb
30,313296797,helix,YYDPETGTWY,amber,-134.1742190277647,5.844383420915511,18.84412637550343,6.419315475698102,5.508595556037851,4.848916770784997,1015.73,aer,4096,outputs/slurm_YYDPETGTWY_amber/replica_30/replica_30.pdb,outputs/slurm_YYDPETGTWY_amber/replica_30/replica_30_ca.pdb
907,313297674,sheet,YYDPETGTWY,amber,-42.424936999163926,5.845766776555873,19.303264699461238,6.613893670290337,5.508595556037851,4.848916770784997,1317.32,aer,4096,outputs/slurm_YYDPETGTWY_amber/replica_907/replica_907.pdb,outputs/slurm_YYDPETGTWY_amber/replica_907/replica_907_ca.pdb
21,313296788,helix,YYDPETGTWY,amber,-98.28213349436403,5.846934100104952,19.8176210901451,6.510389207257487,5.508595556037851,4.848916770784997,1383.82,aer,4096,outputs/slurm_YYDPETGTWY_amber/replica_21/replica_21.pdb,outputs/slurm_YYDPETGTWY_amber/replica_21/replica_21_ca.pdb
337,313297104,sheet,YYDPETGTWY,amber,-111.69116753086222,5.847517291311055,19.333057408294763,6.264083653669463,5.508595556037851,4.848916770784997,927.06,aer,4096,outputs/slurm_YYDPETGTWY_amber/replica_337/replica_337.pdb,outputs/slurm_YYDPETGTWY_amber/replica_337/replica_337_ca.pdb
406,313297173,sheet,YYDPETGTWY,amber,-100.8373906413215,5.849356663208359,19.91644974797293,6.562987216428597,5.508595556037851,4.848916770784997,1416.55,aer,4096,outputs/slurm_YYDPETGTWY_amber/replica_406/replica_406.pdb,outputs/slurm_YYDPETGTWY_amber/replica_406/replica_406_ca.pdb
555,313297322,helix,YYDPETGTWY,amber,-49.21800821817093,5.854297695274587,19.610732719627606,6.379123868509948,5.508595556037851,4.848916770784997,1306.92,aer,4096,outputs/slurm_YYDPETGTWY_amber/replica_555/replica_555.pdb,outputs/slurm_YYDPETGTWY_amber/replica_555/replica_555_ca.pdb
480,313297247,helix,YYDPETGTWY,amber,-1.3435245931904876,5.856435746183408,20.53031787717584,7.110289682532028,5.508595556037851,4.848916770784997,1524.35,aer,4096,outputs/slurm_YYDPETGTWY_amber/replica_480/replica_480.pdb,outputs/slurm_YYDPETGTWY_amber/replica_480/replica_480_ca.pdb
336,313297103,helix,YYDPETGTWY,amber,-23.205348570182156,5.856455396291684,18.306610238200083,6.19389339400557,5.508595556037851,4.848916770784997,1046.1,aer,4096,outputs/slurm_YYDPETGTWY_amber/replica_336/replica_336.pdb,outputs/slurm_YYDPETGTWY_amber/replica_336/replica_336_ca.pdb
422,313297189,random,YYDPETGTWY,amber,-22.534111068004947,5.861550188774665,20.348350258312767,6.70695800649,5.508595556037851,4.848916770784997,1616.56,aer,4096,outputs/slurm_YYDPETGTWY_amber/replica_422/replica_422.pdb,outputs/slurm_YYDPETGTWY_amber/replica_422/replica_422_ca.pdb
366,313297133,helix,YYDPETGTWY,amber,-75.49470606960634,5.864980838324654,16.554028516462054,5.9480694533504295,5.508595556037851,4.848916770784997,1768.17,aer,4096,outputs/slurm_YYDPETGTWY_amber/replica_366/replica_366.pdb,outputs/slurm_YYDPETGTWY_amber/replica_366/replica_366_ca.pdb
34,313296801,sheet,YYDPETGTWY,amber,304.8342460053325,5.868112777037439,19.44272541404641,6.421897968248452,5.508595556037851,4.848916770784997,1206.88,aer,4096,outputs/slurm_YYDPETGTWY_amber/replica_34/replica_34.pdb,outputs/slurm_YYDPETGTWY_amber/replica_34/replica_34_ca.pdb
733,313297500,sheet,YYDPETGTWY,amber,-66.38394581136582,5.8715834194075756,20.24532646263319,6.357959510557652,5.508595556037851,4.848916770784997,1171.34,aer,4096,outputs/slurm_YYDPETGTWY_amber/replica_733/replica_733.pdb,outputs/slurm_YYDPETGTWY_amber/replica_733/replica_733_ca.pdb
964,313297731,sheet,YYDPETGTWY,amber,-60.497985879481504,5.876004001638632,19.572232489392878,6.504694933293128,5.508595556037851,4.848916770784997,1553.79,aer,4096,outputs/slurm_YYDPETGTWY_amber/replica_964/replica_964.pdb,outputs/slurm_YYDPETGTWY_amber/replica_964/replica_964_ca.pdb
799,313297566,sheet,YYDPETGTWY,amber,-57.12664268726414,5.878828102063962,18.613021124303252,6.5209394143329025,5.508595556037851,4.848916770784997,1510.67,aer,4096,outputs/slurm_YYDPETGTWY_amber/replica_799/replica_799.pdb,outputs/slurm_YYDPETGTWY_amber/replica_799/replica_799_ca.pdb
914,313297681,random,YYDPETGTWY,amber,-75.23214941807036,5.881590390340044,20.190301511382106,6.556229685525946,5.508595556037851,4.848916770784997,1442.31,aer,4096,outputs/slurm_YYDPETGTWY_amber/replica_914/replica_914.pdb,outputs/slurm_YYDPETGTWY_amber/replica_914/replica_914_ca.pdb
168,313296935,helix,YYDPETGTWY,amber,-28.90992173559228,5.886208905060691,18.411512988961757,6.040397655256933,5.508595556037851,4.848916770784997,1203.4,aer,4096,outputs/slurm_YYDPETGTWY_amber/replica_168/replica_168.pdb,outputs/slurm_YYDPETGTWY_amber/replica_168/replica_168_ca.pdb
603,313297370,helix,YYDPETGTWY,amber,3.87664834763222,5.891083274086925,19.227021888077342,6.768595489628853,5.508595556037851,4.848916770784997,1129.57,aer,4096,outputs/slurm_YYDPETGTWY_amber/replica_603/replica_603.pdb,outputs/slurm_YYDPETGTWY_amber/replica_603/replica_603_ca.pdb
97,313296864,sheet,YYDPETGTWY,amber,8.051296068494363,5.892355380511382,17.693780748342,6.406783980967186,5.508595556037851,4.848916770784997,1315.23,aer,4096,outputs/slurm_YYDPETGTWY_amber/replica_97/replica_97.pdb,outputs/slurm_YYDPETGTWY_amber/replica_97/replica_97_ca.pdb
248,313297015,random,YYDPETGTWY,amber,-6.667251313737532,5.896857323232326,20.051083604623074,6.418506358228577,5.508595556037851,4.848916770784997,1219.4,aer,4096,outputs/slurm_YYDPETGTWY_amber/replica_248/replica_248.pdb,outputs/slurm_YYDPETGTWY_amber/replica_248/replica_248_ca.pdb
561,313297328,helix,YYDPETGTWY,amber,-28.796456277999766,5.897929355333248,19.219840375215686,6.391379090563124,5.508595556037851,4.848916770784997,1224.54,aer,4096,outputs/slurm_YYDPETGTWY_amber/replica_561/replica_561.pdb,outputs/slurm_YYDPETGTWY_amber/replica_561/replica_561_ca.pdb
530,313297297,random,YYDPETGTWY,amber,-16.678453533897585,5.900936962397001,20.679824104559362,6.728931615544748,5.508595556037851,4.848916770784997,1450.43,aer,4096,outputs/slurm_YYDPETGTWY_amber/replica_530/replica_530.pdb,outputs/slurm_YYDPETGTWY_amber/replica_530/replica_530_ca.pdb
510,313297277,helix,YYDPETGTWY,amber,-99.23373421588707,5.9042741444389435,20.83151115377001,6.889352196794122,5.508595556037851,4.848916770784997,935.53,aer,4096,outputs/slurm_YYDPETGTWY_amber/replica_510/replica_510.pdb,outputs/slurm_YYDPETGTWY_amber/replica_510/replica_510_ca.pdb
651,313297418,helix,YYDPETGTWY,amber,-118.2690793824463,5.9050782625513465,18.951190227774003,6.791802516663089,5.508595556037851,4.848916770784997,1340.07,aer,4096,outputs/slurm_YYDPETGTWY_amber/replica_651/replica_651.pdb,outputs/slurm_YYDPETGTWY_amber/replica_651/replica_651_ca.pdb
350,313297117,random,YYDPETGTWY,amber,-87.65709112704744,5.905368137843386,18.393263817958612,6.5395837502966625,5.508595556037851,4.848916770784997,1111.54,aer,4096,outputs/slurm_YYDPETGTWY_amber/replica_350/replica_350.pdb,outputs/slurm_YYDPETGTWY_amber/replica_350/replica_350_ca.pdb
421,313297188,sheet,YYDPETGTWY,amber,-25.315663665811122,5.912741445417087,18.90603010539182,6.32119551335138,5.508595556037851,4.848916770784997,1431.68,aer,4096,outputs/slurm_YYDPETGTWY_amber/replica_421/replica_421.pdb,outputs/slurm_YYDPETGTWY_amber/replica_421/replica_421_ca.pdb
854,313297621,random,YYDPETGTWY,amber,775.6897917456741,5.914669032004301,17.435965063850954,5.725372345088002,5.508595556037851,4.848916770784997,1361.34,aer,4096,outputs/slurm_YYDPETGTWY_amber/replica_854/replica_854.pdb,outputs/slurm_YYDPETGTWY_amber/replica_854/replica_854_ca.pdb
825,313297592,helix,YYDPETGTWY,amber,11.565121983301264,5.916062077804174,19.8356871993642,6.272465021066754,5.508595556037851,4.848916770784997,1426.71,aer,4096,outputs/slurm_YYDPETGTWY_amber/replica_825/replica_825.pdb,outputs/slurm_YYDPETGTWY_amber/replica_825/replica_825_ca.pdb
624,313297391,helix,YYDPETGTWY,amber,-35.44685461971544,5.918841181938107,20.66990791297974,6.79673032428159,5.508595556037851,4.848916770784997,1405.85,aer,4096,outputs/slurm_YYDPETGTWY_amber/replica_624/replica_624.pdb,outputs/slurm_YYDPETGTWY_amber/replica_624/replica_624_ca.pdb
719,313297486,random,YYDPETGTWY,amber,-11.31860516317096,5.9192285277681265,20.138810387986815,6.40863043514218,5.508595556037851,4.848916770784997,1048.73,aer,4096,outputs/slurm_YYDPETGTWY_amber/replica_719/replica_719.pdb,outputs/slurm_YYDPETGTWY_amber/replica_719/replica_719_ca.pdb
419,313297186,random,YYDPETGTWY,amber,-66.40561644014547,5.920691149048378,20.343476204154467,6.696676834088038,5.508595556037851,4.848916770784997,1421.37,aer,4096,outputs/slurm_YYDPETGTWY_amber/replica_419/replica_419.pdb,outputs/slurm_YYDPETGTWY_amber/replica_419/replica_419_ca.pdb
84,313296851,helix,YYDPETGTWY,amber,-100.80300583591487,5.921546477518186,19.48059347784564,6.483315432520676,5.508595556037851,4.848916770784997,1332.23,aer,4096,outputs/slurm_YYDPETGTWY_amber/replica_84/replica_84.pdb,outputs/slurm_YYDPETGTWY_amber/replica_84/replica_84_ca.pdb
567,313297334,helix,YYDPETGTWY,amber,-73.0119839624033,5.924744319251652,19.94815643913148,6.525281960958575,5.508595556037851,4.848916770784997,1409.72,aer,4096,outputs/slurm_YYDPETGTWY_amber/replica_567/replica_567.pdb,outputs/slurm_YYDPETGTWY_amber/replica_567/replica_567_ca.pdb
280,313297047,sheet,YYDPETGTWY,amber,30.16785001296041,5.931796839757292,19.341448601383597,6.466846465096201,5.508595556037851,4.848916770784997,1542.53,aer,4096,outputs/slurm_YYDPETGTWY_amber/replica_280/replica_280.pdb,outputs/slurm_YYDPETGTWY_amber/replica_280/replica_280_ca.pdb
741,313297508,helix,YYDPETGTWY,amber,-102.15125305654283,5.9346869860388605,19.060275541529577,6.5034915619233296,5.508595556037851,4.848916770784997,1630.78,aer,4096,outputs/slurm_YYDPETGTWY_amber/replica_741/replica_741.pdb,outputs/slurm_YYDPETGTWY_amber/replica_741/replica_741_ca.pdb
987,313297754,helix,YYDPETGTWY,amber,377.5201674728018,5.939200500238214,21.59104304441621,7.29181821011776,5.508595556037851,4.848916770784997,846.37,aer,4096,outputs/slurm_YYDPETGTWY_amber/replica_987/replica_987.pdb,outputs/slurm_YYDPETGTWY_amber/replica_987/replica_987_ca.pdb
433,313297200,sheet,YYDPETGTWY,amber,407.4618376277723,5.941648754041717,20.628029143873622,6.629389424635011,5.508595556037851,4.848916770784997,748.92,aer,4096,outputs/slurm_YYDPETGTWY_amber/replica_433/replica_433.pdb,outputs/slurm_YYDPETGTWY_amber/replica_433/replica_433_ca.pdb
923,313297690,random,YYDPETGTWY,amber,-27.355549744911695,5.944163696486401,19.055632222709256,6.289154119832395,5.508595556037851,4.848916770784997,1619.68,aer,4096,outputs/slurm_YYDPETGTWY_amber/replica_923/replica_923.pdb,outputs/slurm_YYDPETGTWY_amber/replica_923/replica_923_ca.pdb
543,313297310,helix,YYDPETGTWY,amber,-84.8162209717202,5.945886962454795,19.61030908524203,6.667345428921479,5.508595556037851,4.848916770784997,1514.44,aer,4096,outputs/slurm_YYDPETGTWY_amber/replica_543/replica_543.pdb,outputs/slurm_YYDPETGTWY_amber/replica_543/replica_543_ca.pdb
344,313297111,random,YYDPETGTWY,amber,-82.75930722564894,5.957186287714642,19.749008464703778,6.454483579601019,5.508595556037851,4.848916770784997,1106.47,aer,4096,outputs/slurm_YYDPETGTWY_amber/replica_344/replica_344.pdb,outputs/slurm_YYDPETGTWY_amber/replica_344/replica_344_ca.pdb
869,313297636,random,YYDPETGTWY,amber,-65.65963563941676,5.9573540021519165,19.351668920633017,6.477398268960839,5.508595556037851,4.848916770784997,1434.86,aer,4096,outputs/slurm_YYDPETGTWY_amber/replica_869/replica_869.pdb,outputs/slurm_YYDPETGTWY_amber/replica_869/replica_869_ca.pdb
668,313297435,random,YYDPETGTWY,amber,-2.298287962027949,5.966544434748229,20.107467077462864,6.555558009639719,5.508595556037851,4.848916770784997,1415.16,aer,4096,outputs/slurm_YYDPETGTWY_amber/replica_668/replica_668.pdb,outputs/slurm_YYDPETGTWY_amber/replica_668/replica_668_ca.pdb
739,313297506,sheet,YYDPETGTWY,amber,472.92461832710393,5.969090704110051,20.017760707656876,6.550113401000256,5.508595556037851,4.848916770784997,956.8,aer,4096,outputs/slurm_YYDPETGTWY_amber/replica_739/replica_739.pdb,outputs/slurm_YYDPETGTWY_amber/replica_739/replica_739_ca.pdb
700,313297467,sheet,YYDPETGTWY,amber,-28.401518817182037,5.970922974050369,20.64410054196089,6.568970252069635,5.508595556037851,4.848916770784997,1130.42,aer,4096,outputs/slurm_YYDPETGTWY_amber/replica_700/replica_700.pdb,outputs/slurm_YYDPETGTWY_amber/replica_700/replica_700_ca.pdb
552,313297319,helix,YYDPETGTWY,amber,23.921953149634145,5.97125523967399,19.339384426509813,6.342931292908904,5.508595556037851,4.848916770784997,1597.44,aer,4096,outputs/slurm_YYDPETGTWY_amber/replica_552/replica_552.pdb,outputs/slurm_YYDPETGTWY_amber/replica_552/replica_552_ca.pdb
661,313297428,sheet,YYDPETGTWY,amber,-64.89404965418535,5.9783420073089895,19.815890993795445,6.412429703399532,5.508595556037851,4.848916770784997,1513.35,aer,4096,outputs/slurm_YYDPETGTWY_amber/replica_661/replica_661.pdb,outputs/slurm_YYDPETGTWY_amber/replica_661/replica_661_ca.pdb
853,313297620,sheet,YYDPETGTWY,amber,-43.57393345205185,5.983950741336239,19.47264249371998,6.256143612049178,5.508595556037851,4.848916770784997,1358.51,aer,4096,outputs/slurm_YYDPETGTWY_amber/replica_853/replica_853.pdb,outputs/slurm_YYDPETGTWY_amber/replica_853/replica_853_ca.pdb
705,313297472,helix,YYDPETGTWY,amber,-108.56043681053868,5.984970019250948,19.737131126060714,6.62634935091885,5.508595556037851,4.848916770784997,1367.39,aer,4096,outputs/slurm_YYDPETGTWY_amber/replica_705/replica_705.pdb,outputs/slurm_YYDPETGTWY_amber/replica_705/replica_705_ca.pdb
807,313297574,helix,YYDPETGTWY,amber,-5.156117087165058,5.993991665894591,19.590597669792444,6.577796629170255,5.508595556037851,4.848916770784997,1262.21,aer,4096,outputs/slurm_YYDPETGTWY_amber/replica_807/replica_807.pdb,outputs/slurm_YYDPETGTWY_amber/replica_807/replica_807_ca.pdb
190,313296957,sheet,YYDPETGTWY,amber,-73.75383871822639,5.999111614040896,20.191637984684238,6.608530483845133,5.508595556037851,4.848916770784997,1272.26,aer,4096,outputs/slurm_YYDPETGTWY_amber/replica_190/replica_190.pdb,outputs/slurm_YYDPETGTWY_amber/replica_190/replica_190_ca.pdb
103,313296870,sheet,YYDPETGTWY,amber,-44.84810257625743,6.005216878130309,20.157383411296603,6.421266616428716,5.508595556037851,4.848916770784997,1408.16,aer,4096,outputs/slurm_YYDPETGTWY_amber/replica_103/replica_103.pdb,outputs/slurm_YYDPETGTWY_amber/replica_103/replica_103_ca.pdb
888,313297655,helix,YYDPETGTWY,amber,-142.25993167416524,6.013876419330278,20.619468919590883,6.750012688962707,5.508595556037851,4.848916770784997,1298.32,aer,4096,outputs/slurm_YYDPETGTWY_amber/replica_888/replica_888.pdb,outputs/slurm_YYDPETGTWY_amber/replica_888/replica_888_ca.pdb
251,313297018,random,YYDPETGTWY,amber,-4.375762226990889,6.014111438073704,20.439488140344015,6.826820203144808,5.508595556037851,4.848916770784997,1266.6,aer,4096,outputs/slurm_YYDPETGTWY_amber/replica_251/replica_251.pdb,outputs/slurm_YYDPETGTWY_amber/replica_251/replica_251_ca.pdb
626,313297393,random,YYDPETGTWY,amber,468.2025622867476,6.018142024592186,20.331787226836465,6.806570398551386,5.508595556037851,4.848916770784997,859.43,aer,4096,outputs/slurm_YYDPETGTWY_amber/replica_626/replica_626.pdb,outputs/slurm_YYDPETGTWY_amber/replica_626/replica_626_ca.pdb
197,313296964,random,YYDPETGTWY,amber,60.99661494537232,6.018860059473961,19.893029276322988,6.446221726729195,5.508595556037851,4.848916770784997,1208.12,aer,4096,outputs/slurm_YYDPETGTWY_amber/replica_197/replica_197.pdb,outputs/slurm_YYDPETGTWY_amber/replica_197/replica_197_ca.pdb
782,313297549,random,YYDPETGTWY,amber,47.98002342117187,6.02028869821377,19.00012598052908,6.642972794798867,5.508595556037851,4.848916770784997,1543.32,aer,4096,outputs/slurm_YYDPETGTWY_amber/replica_782/replica_782.pdb,outputs/slurm_YYDPETGTWY_amber/replica_782/replica_782_ca.pdb
496,313297263,sheet,YYDPETGTWY,amber,-15.762973465810152,6.025207199508851,22.07638230426168,7.2999068289175595,5.508595556037851,4.848916770784997,1796.58,aer,4096,outputs/slurm_YYDPETGTWY_amber/replica_496/replica_496.pdb,outputs/slurm_YYDPETGTWY_amber/replica_496/replica_496_ca.pdb
947,313297714,random,YYDPETGTWY,amber,-7.794411189314875,6.027462329597678,19.36381454942927,6.613159964541104,5.508595556037851,4.848916770784997,1460.08,aer,4096,outputs/slurm_YYDPETGTWY_amber/replica_947/replica_947.pdb,outputs/slurm_YYDPETGTWY_amber/replica_947/replica_947_ca.pdb
855,313297622,helix,YYDPETGTWY,amber,-93.24058589494513,6.030011075035904,20.302869060659585,6.402722055393383,5.508595556037851,4.848916770784997,1294.92,aer,4096,outputs/slurm_YYDPETGTWY_amber/replica_855/replica_855.pdb,outputs/slurm_YYDPETGTWY_amber/replica_855/replica_855_ca.pdb
993,313297760,helix,YYDPETGTWY,amber,-19.55162432829638,6.030307856491781,22.138274422977553,7.1459255870684535,5.508595556037851,4.848916770784997,1482.26,aer,4096,outputs/slurm_YYDPETGTWY_amber/replica_993/replica_993.pdb,outputs/slurm_YYDPETGTWY_amber/replica_993/replica_993_ca.pdb
859,313297626,sheet,YYDPETGTWY,amber,-131.42954310929875,6.033127214213866,18.731316900769666,6.16197936681173,5.508595556037851,4.848916770784997,1883.98,aer,4096,outputs/slurm_YYDPETGTWY_amber/replica_859/replica_859.pdb,outputs/slurm_YYDPETGTWY_amber/replica_859/replica_859_ca.pdb
441,313297208,helix,YYDPETGTWY,amber,-26.53084844874212,6.033572611116859,19.723969606887028,6.630230419025693,5.508595556037851,4.848916770784997,1298.01,aer,4096,outputs/slurm_YYDPETGTWY_amber/replica_441/replica_441.pdb,outputs/slurm_YYDPETGTWY_amber/replica_441/replica_441_ca.pdb
542,313297309,random,YYDPETGTWY,amber,-72.37751585814428,6.033918066742734,18.127320698987997,6.356410992920706,5.508595556037851,4.848916770784997,1185.68,aer,4096,outputs/slurm_YYDPETGTWY_amber/replica_542/replica_542.pdb,outputs/slurm_YYDPETGTWY_amber/replica_542/replica_542_ca.pdb
229,313296996,sheet,YYDPETGTWY,amber,21.287397890004414,6.03492259395425,19.512245654918758,6.555694921355251,5.508595556037851,4.848916770784997,1493.91,aer,4096,outputs/slurm_YYDPETGTWY_amber/replica_229/replica_229.pdb,outputs/slurm_YYDPETGTWY_amber/replica_229/replica_229_ca.pdb
892,313297659,sheet,YYDPETGTWY,amber,-41.71544773379746,6.035929353791533,19.534545094818046,6.52950996535615,5.508595556037851,4.848916770784997,2035.8,aer,4096,outputs/slurm_YYDPETGTWY_amber/replica_892/replica_892.pdb,outputs/slurm_YYDPETGTWY_amber/replica_892/replica_892_ca.pdb
950,313297717,random,YYDPETGTWY,amber,-68.49471370621109,6.036397718754341,21.351364056793745,6.899134107978686,5.508595556037851,4.848916770784997,1181.37,aer,4096,outputs/slurm_YYDPETGTWY_amber/replica_950/replica_950.pdb,outputs/slurm_YYDPETGTWY_amber/replica_950/replica_950_ca.pdb
650,313297417,random,YYDPETGTWY,amber,-7.35736751883467,6.037071036869358,20.336237187633092,6.634968885467344,5.508595556037851,4.848916770784997,1211.55,aer,4096,outputs/slurm_YYDPETGTWY_amber/replica_650/replica_650.pdb,outputs/slurm_YYDPETGTWY_amber/replica_650/replica_650_ca.pdb
873,313297640,helix,YYDPETGTWY,amber,-1.9354470709824156,6.04262413825123,21.422551427667983,6.812437813062667,5.508595556037851,4.848916770784997,1198.29,aer,4096,outputs/slurm_YYDPETGTWY_amber/replica_873/replica_873.pdb,outputs/slurm_YYDPETGTWY_amber/replica_873/replica_873_ca.pdb
688,313297455,sheet,YYDPETGTWY,amber,716.075303268115,6.04435770370856,18.82426538934217,6.351579859102374,5.508595556037851,4.848916770784997,683.9,aer,4096,outputs/slurm_YYDPETGTWY_amber/replica_688/replica_688.pdb,outputs/slurm_YYDPETGTWY_amber/replica_688/replica_688_ca.pdb
868,313297635,sheet,YYDPETGTWY,amber,-61.275287313638565,6.052676145636657,20.689090833431386,6.6191032550787465,5.508595556037851,4.848916770784997,1372.55,aer,4096,outputs/slurm_YYDPETGTWY_amber/replica_868/replica_868.pdb,outputs/slurm_YYDPETGTWY_amber/replica_868/replica_868_ca.pdb
437,313297204,random,YYDPETGTWY,amber,-40.800348414829536,6.054018672617042,19.94179670082749,7.029983254330731,5.508595556037851,4.848916770784997,1326.83,aer,4096,outputs/slurm_YYDPETGTWY_amber/replica_437/replica_437.pdb,outputs/slurm_YYDPETGTWY_amber/replica_437/replica_437_ca.pdb
996,313297763,helix,YYDPETGTWY,amber,-117.09127228507205,6.0579978842306526,21.552920709681686,7.312956591710666,5.508595556037851,4.848916770784997,1241.16,aer,4096,outputs/slurm_YYDPETGTWY_amber/replica_996/replica_996.pdb,outputs/slurm_YYDPETGTWY_amber/replica_996/replica_996_ca.pdb
980,313297747,random,YYDPETGTWY,amber,-71.28816247882271,6.058287892186047,19.3385446345683,6.524797323511971,5.508595556037851,4.848916770784997,1568.32,aer,4096,outputs/slurm_YYDPETGTWY_amber/replica_980/replica_980.pdb,outputs/slurm_YYDPETGTWY_amber/replica_980/replica_980_ca.pdb
994,313297761,sheet,YYDPETGTWY,amber,-21.227551728938543,6.062018923227047,22.040218308837165,7.360161492534703,5.508595556037851,4.848916770784997,1074.87,aer,4096,outputs/slurm_YYDPETGTWY_amber/replica_994/replica_994.pdb,outputs/slurm_YYDPETGTWY_amber/replica_994/replica_994_ca.pdb
171,313296938,helix,YYDPETGTWY,amber,-46.82941414444113,6.063121841999464,18.240646563852547,6.063436117159352,5.508595556037851,4.848916770784997,1760.94,aer,4096,outputs/slurm_YYDPETGTWY_amber/replica_171/replica_171.pdb,outputs/slurm_YYDPETGTWY_amber/replica_171/replica_171_ca.pdb
887,313297654,random,YYDPETGTWY,amber,-46.66761258274959,6.06411269146276,19.7235588210316,6.5328272613873,5.508595556037851,4.848916770784997,1265.45,aer,4096,outputs/slurm_YYDPETGTWY_amber/replica_887/replica_887.pdb,outputs/slurm_YYDPETGTWY_amber/replica_887/replica_887_ca.pdb
517,313297284,sheet,YYDPETGTWY,amber,-47.768121778944334,6.083803017373102,22.037360274767522,7.346020663900284,5.508595556037851,4.848916770784997,1791.87,aer,4096,outputs/slurm_YYDPETGTWY_amber/replica_517/replica_517.pdb,outputs/slurm_YYDPETGTWY_amber/replica_517/replica_517_ca.pdb
331,313297098,sheet,YYDPETGTWY,amber,-56.09013679145342,6.085778119900381,20.375936540990395,6.397623367046501,5.508595556037851,4.848916770784997,1384.79,aer,4096,outputs/slurm_YYDPETGTWY_amber/replica_331/replica_331.pdb,outputs/slurm_YYDPETGTWY_amber/replica_331/replica_331_ca.pdb
824,313297591,random,YYDPETGTWY,amber,-43.41167278322587,6.087295609875768,21.07759110389838,6.696855867284066,5.508595556037851,4.848916770784997,1435.42,aer,4096,outputs/slurm_YYDPETGTWY_amber/replica_824/replica_824.pdb,outputs/slurm_YYDPETGTWY_amber/replica_824/replica_824_ca.pdb
954,313297721,helix,YYDPETGTWY,amber,418.0385932171628,6.087358215686999,18.939760167029018,6.349363990043662,5.508595556037851,4.848916770784997,1194.35,aer,4096,outputs/slurm_YYDPETGTWY_amber/replica_954/replica_954.pdb,outputs/slurm_YYDPETGTWY_amber/replica_954/replica_954_ca.pdb
614,313297381,random,YYDPETGTWY,amber,-8.925697072154692,6.088117643016843,19.644736671671815,6.417524877568432,5.508595556037851,4.848916770784997,1361.95,aer,4096,outputs/slurm_YYDPETGTWY_amber/replica_614/replica_614.pdb,outputs/slurm_YYDPETGTWY_amber/replica_614/replica_614_ca.pdb
689,313297456,random,YYDPETGTWY,amber,-11.700914953323583,6.091092071618155,20.276214641601868,6.826870564589523,5.508595556037851,4.848916770784997,1696.08,aer,4096,outputs/slurm_YYDPETGTWY_amber/replica_689/replica_689.pdb,outputs/slurm_YYDPETGTWY_amber/replica_689/replica_689_ca.pdb
721,313297488,sheet,YYDPETGTWY,amber,-45.81571299378023,6.09260325539219,20.177601998731514,6.576184176111513,5.508595556037851,4.848916770784997,1217.18,aer,4096,outputs/slurm_YYDPETGTWY_amber/replica_721/replica_721.pdb,outputs/slurm_YYDPETGTWY_amber/replica_721/replica_721_ca.pdb
979,313297746,sheet,YYDPETGTWY,amber,-108.10080585971679,6.096912918269102,19.32289388581136,6.469614610231402,5.508595556037851,4.848916770784997,1418.58,aer,4096,outputs/slurm_YYDPETGTWY_amber/replica_979/replica_979.pdb,outputs/slurm_YYDPETGTWY_amber/replica_979/replica_979_ca.pdb
392,313297159,random,YYDPETGTWY,amber,-31.14218706496936,6.097997025705179,19.167739132001866,6.413626432596698,5.508595556037851,4.848916770784997,1224.68,aer,4096,outputs/slurm_YYDPETGTWY_amber/replica_392/replica_392.pdb,outputs/slurm_YYDPETGTWY_amber/replica_392/replica_392_ca.pdb
526,313297293,sheet,YYDPETGTWY,amber,61.916639200022594,6.107969837201254,19.591535319196172,6.463230535801772,5.508595556037851,4.848916770784997,1192.96,aer,4096,outputs/slurm_YYDPETGTWY_amber/replica_526/replica_526.pdb,outputs/slurm_YYDPETGTWY_amber/replica_526/replica_526_ca.pdb
287,313297054,random,YYDPETGTWY,amber,-75.68470528571108,6.110299005404108,20.646432553877016,6.641352802527749,5.508595556037851,4.848916770784997,1100.65,aer,4096,outputs/slurm_YYDPETGTWY_amber/replica_287/replica_287.pdb,outputs/slurm_YYDPETGTWY_amber/replica_287/replica_287_ca.pdb
579,313297346,helix,YYDPETGTWY,amber,-58.15728887303866,6.118558429969503,17.49502317114144,6.192988941158346,5.508595556037851,4.848916770784997,1391.27,aer,4096,outputs/slurm_YYDPETGTWY_amber/replica_579/replica_579.pdb,outputs/slurm_YYDPETGTWY_amber/replica_579/replica_579_ca.pdb
893,313297660,random,YYDPETGTWY,amber,26.326261707214634,6.119011209073295,20.72203198556856,6.577458027722587,5.508595556037851,4.848916770784997,1165.17,aer,4096,outputs/slurm_YYDPETGTWY_amber/replica_893/replica_893.pdb,outputs/slurm_YYDPETGTWY_amber/replica_893/replica_893_ca.pdb
504,313297271,helix,YYDPETGTWY,amber,-121.16557616263735,6.129861046955123,20.664338147409662,6.583193835674841,5.508595556037851,4.848916770784997,7283.48,aer,4096,outputs/slurm_YYDPETGTWY_amber/replica_504/replica_504.pdb,outputs/slurm_YYDPETGTWY_amber/replica_504/replica_504_ca.pdb
106,313296873,sheet,YYDPETGTWY,amber,-19.70391934886653,6.131401603541491,19.693420888345514,6.511709257863241,5.508595556037851,4.848916770784997,1563.64,aer,4096,outputs/slurm_YYDPETGTWY_amber/replica_106/replica_106.pdb,outputs/slurm_YYDPETGTWY_amber/replica_106/replica_106_ca.pdb
508,313297275,sheet,YYDPETGTWY,amber,-104.60053813771587,6.132298863243465,21.752067683422986,7.279335188993378,5.508595556037851,4.848916770784997,1199.74,aer,4096,outputs/slurm_YYDPETGTWY_amber/replica_508/replica_508.pdb,outputs/slurm_YYDPETGTWY_amber/replica_508/replica_508_ca.pdb
218,313296985,random,YYDPETGTWY,amber,7.474572452835798,6.143000960136888,19.752320868993394,6.55798765912422,5.508595556037851,4.848916770784997,1284.66,aer,4096,outputs/slurm_YYDPETGTWY_amber/replica_218/replica_218.pdb,outputs/slurm_YYDPETGTWY_amber/replica_218/replica_218_ca.pdb
844,313297611,sheet,YYDPETGTWY,amber,472.23383600046805,6.148351687631659,20.642248963711133,6.52235941558345,5.508595556037851,4.848916770784997,998.66,aer,4096,outputs/slurm_YYDPETGTWY_amber/replica_844/replica_844.pdb,outputs/slurm_YYDPETGTWY_amber/replica_844/replica_844_ca.pdb
75,313296842,helix,YYDPETGTWY,amber,-6.203467004100671,6.152437303543465,20.954040297669945,6.727681809789457,5.508595556037851,4.848916770784997,1318.87,aer,4096,outputs/slurm_YYDPETGTWY_amber/replica_75/replica_75.pdb,outputs/slurm_YYDPETGTWY_amber/replica_75/replica_75_ca.pdb
870,313297637,helix,YYDPETGTWY,amber,-6.591179541104991,6.157043747878188,19.72065527248763,6.605121157225702,5.508595556037851,4.848916770784997,1190.38,aer,4096,outputs/slurm_YYDPETGTWY_amber/replica_870/replica_870.pdb,outputs/slurm_YYDPETGTWY_amber/replica_870/replica_870_ca.pdb
122,313296889,random,YYDPETGTWY,amber,-128.96040126322268,6.158294942403396,19.906431868617076,6.511665374078518,5.508595556037851,4.848916770784997,1330.87,aer,4096,outputs/slurm_YYDPETGTWY_amber/replica_122/replica_122.pdb,outputs/slurm_YYDPETGTWY_amber/replica_122/replica_122_ca.pdb
992,313297759,random,YYDPETGTWY,amber,-109.6152847218229,6.159771374617358,23.743540320512043,7.694543387482073,5.508595556037851,4.848916770784997,1266.99,aer,4096,outputs/slurm_YYDPETGTWY_amber/replica_992/replica_992.pdb,outputs/slurm_YYDPETGTWY_amber/replica_992/replica_992_ca.pdb
12,313296779,helix,YYDPETGTWY,amber,-111.4236150158784,6.164998894455693,20.846993032800537,6.753873847099025,5.508595556037851,4.848916770784997,1379.63,aer,4096,outputs/slurm_YYDPETGTWY_amber/replica_12/replica_12.pdb,outputs/slurm_YYDPETGTWY_amber/replica_12/replica_12_ca.pdb
746,313297513,random,YYDPETGTWY,amber,-106.71399870494945,6.166882374282322,20.3174520817774,6.519436968196569,5.508595556037851,4.848916770784997,1401.33,aer,4096,outputs/slurm_YYDPETGTWY_amber/replica_746/replica_746.pdb,outputs/slurm_YYDPETGTWY_amber/replica_746/replica_746_ca.pdb
18,313296785,helix,YYDPETGTWY,amber,-22.14760140743905,6.1741700527773355,19.894913768436847,6.817747457198794,5.508595556037851,4.848916770784997,1010.75,aer,4096,outputs/slurm_YYDPETGTWY_amber/replica_18/replica_18.pdb,outputs/slurm_YYDPETGTWY_amber/replica_18/replica_18_ca.pdb
956,313297723,random,YYDPETGTWY,amber,-21.678793654172857,6.175671589358963,20.03822316887796,6.589838110566106,5.508595556037851,4.848916770784997,1052.51,aer,4096,outputs/slurm_YYDPETGTWY_amber/replica_956/replica_956.pdb,outputs/slurm_YYDPETGTWY_amber/replica_956/replica_956_ca.pdb
659,313297426,random,YYDPETGTWY,amber,-40.51817819120401,6.1876270160536055,20.904643764528405,6.689757516175963,5.508595556037851,4.848916770784997,1097.57,aer,4096,outputs/slurm_YYDPETGTWY_amber/replica_659/replica_659.pdb,outputs/slurm_YYDPETGTWY_amber/replica_659/replica_659_ca.pdb
356,313297123,random,YYDPETGTWY,amber,-79.2721108355647,6.200060229506381,20.244136905947858,6.615538572506537,5.508595556037851,4.848916770784997,1544.21,aer,4096,outputs/slurm_YYDPETGTWY_amber/replica_356/replica_356.pdb,outputs/slurm_YYDPETGTWY_amber/replica_356/replica_356_ca.pdb
77,313296844,random,YYDPETGTWY,amber,-72.1463579717638,6.203103409227138,20.865257985387203,6.736878759155103,5.508595556037851,4.848916770784997,1735.7,aer,4096,outputs/slurm_YYDPETGTWY_amber/replica_77/replica_77.pdb,outputs/slurm_YYDPETGTWY_amber/replica_77/replica_77_ca.pdb
500,313297267,random,YYDPETGTWY,amber,-29.79526833651523,6.20354544059604,21.490397156056734,7.1327028623615645,5.508595556037851,4.848916770784997,1700.23,aer,4096,outputs/slurm_YYDPETGTWY_amber/replica_500/replica_500.pdb,outputs/slurm_YYDPETGTWY_amber/replica_500/replica_500_ca.pdb
680,313297447,random,YYDPETGTWY,amber,-38.12226044455737,6.205386973393242,21.32149866152011,6.897271595262544,5.508595556037851,4.848916770784997,1202.12,aer,4096,outputs/slurm_YYDPETGTWY_amber/replica_680/replica_680.pdb,outputs/slurm_YYDPETGTWY_amber/replica_680/replica_680_ca.pdb
482,313297249,random,YYDPETGTWY,amber,-109.48275949466958,6.211099507637617,22.413671294043194,7.531799562031311,5.508595556037851,4.848916770784997,1266.45,aer,4096,outputs/slurm_YYDPETGTWY_amber/replica_482/replica_482.pdb,outputs/slurm_YYDPETGTWY_amber/replica_482/replica_482_ca.pdb
509,313297276,random,YYDPETGTWY,amber,-50.52430308204942,6.214581475584503,23.046182150377756,7.656518180233366,5.508595556037851,4.848916770784997,1392.5,aer,4096,outputs/slurm_YYDPETGTWY_amber/replica_509/replica_509.pdb,outputs/slurm_YYDPETGTWY_amber/replica_509/replica_509_ca.pdb
432,313297199,helix,YYDPETGTWY,amber,557.6855623259386,6.2149693601977045,19.585422444435412,6.758522243724864,5.508595556037851,4.848916770784997,653.42,aer,4096,outputs/slurm_YYDPETGTWY_amber/replica_432/replica_432.pdb,outputs/slurm_YYDPETGTWY_amber/replica_432/replica_432_ca.pdb
483,313297250,helix,YYDPETGTWY,amber,-2.3252492586970117,6.224359668862544,23.14866152685593,7.428232627351882,5.508595556037851,4.848916770784997,1239.11,aer,4096,outputs/slurm_YYDPETGTWY_amber/replica_483/replica_483.pdb,outputs/slurm_YYDPETGTWY_amber/replica_483/replica_483_ca.pdb
123,313296890,helix,YYDPETGTWY,amber,-43.44412892556732,6.22546245832432,19.481184045329922,6.438155396813722,5.508595556037851,4.848916770784997,1792.18,aer,4096,outputs/slurm_YYDPETGTWY_amber/replica_123/replica_123.pdb,outputs/slurm_YYDPETGTWY_amber/replica_123/replica_123_ca.pdb
481,313297248,sheet,YYDPETGTWY,amber,-35.39126917310619,6.229850451127173,23.11215898263499,7.6792887433814565,5.508595556037851,4.848916770784997,1367.61,aer,4096,outputs/slurm_YYDPETGTWY_amber/replica_481/replica_481.pdb,outputs/slurm_YYDPETGTWY_amber/replica_481/replica_481_ca.pdb
49,313296816,sheet,YYDPETGTWY,amber,-44.191353954369106,6.233699365535616,21.767222635312454,7.007417550645036,5.508595556037851,4.848916770784997,2140.28,aer,4096,outputs/slurm_YYDPETGTWY_amber/replica_49/replica_49.pdb,outputs/slurm_YYDPETGTWY_amber/replica_49/replica_49_ca.pdb
966,313297733,helix,YYDPETGTWY,amber,-92.71680985212723,6.238708259594652,21.066425446791868,6.819387086302143,5.508595556037851,4.848916770784997,1529.32,aer,4096,outputs/slurm_YYDPETGTWY_amber/replica_966/replica_966.pdb,outputs/slurm_YYDPETGTWY_amber/replica_966/replica_966_ca.pdb
998,313297765,random,YYDPETGTWY,amber,61.188018199973676,6.239317517675007,22.02205759437049,7.276558887308856,5.508595556037851,4.848916770784997,1231.57,aer,4096,outputs/slurm_YYDPETGTWY_amber/replica_998/replica_998.pdb,outputs/slurm_YYDPETGTWY_amber/replica_998/replica_998_ca.pdb
318,313297085,helix,YYDPETGTWY,amber,-82.682678590432,6.242205893780449,20.53834016311682,7.024447902879819,5.508595556037851,4.848916770784997,1373.82,aer,4096,outputs/slurm_YYDPETGTWY_amber/replica_318/replica_318.pdb,outputs/slurm_YYDPETGTWY_amber/replica_318/replica_318_ca.pdb
468,313297235,helix,YYDPETGTWY,amber,-28.543684821402962,6.247596313348319,21.785527599901524,7.32123150763083,5.508595556037851,4.848916770784997,1300.3,aer,4096,outputs/slurm_YYDPETGTWY_amber/replica_468/replica_468.pdb,outputs/slurm_YYDPETGTWY_amber/replica_468/replica_468_ca.pdb
139,313296906,sheet,YYDPETGTWY,amber,83.42579042773646,6.254220414000614,19.65013590769854,6.552879175433089,5.508595556037851,4.848916770784997,1378.05,aer,4096,outputs/slurm_YYDPETGTWY_amber/replica_139/replica_139.pdb,outputs/slurm_YYDPETGTWY_amber/replica_139/replica_139_ca.pdb
797,313297564,random,YYDPETGTWY,amber,34.32174562633539,6.260173889028393,21.31916102384301,6.860365386121105,5.508595556037851,4.848916770784997,1413.86,aer,4096,outputs/slurm_YYDPETGTWY_amber/replica_797/replica_797.pdb,outputs/slurm_YYDPETGTWY_amber/replica_797/replica_797_ca.pdb
236,313297003,random,YYDPETGTWY,amber,-94.39441030454925,6.260895714564125,19.670064212582762,6.63032583978703,5.508595556037851,4.848916770784997,1650.31,aer,4096,outputs/slurm_YYDPETGTWY_amber/replica_236/replica_236.pdb,outputs/slurm_YYDPETGTWY_amber/replica_236/replica_236_ca.pdb
88,313296855,sheet,YYDPETGTWY,amber,-71.6423678050921,6.262702962436873,20.679777798056936,6.642645968714962,5.508595556037851,4.848916770784997,1226.32,aer,4096,outputs/slurm_YYDPETGTWY_amber/replica_88/replica_88.pdb,outputs/slurm_YYDPETGTWY_amber/replica_88/replica_88_ca.pdb
13,313296780,sheet,YYDPETGTWY,amber,-27.89687840642743,6.262963377878553,20.320742735947128,6.587500175770129,5.508595556037851,4.848916770784997,1462.43,aer,4096,outputs/slurm_YYDPETGTWY_amber/replica_13/replica_13.pdb,outputs/slurm_YYDPETGTWY_amber/replica_13/replica_13_ca.pdb
757,313297524,sheet,YYDPETGTWY,amber,13.656764936828575,6.265153469673663,19.614641688823028,6.382176888346078,5.508595556037851,4.848916770784997,1075.15,aer,4096,outputs/slurm_YYDPETGTWY_amber/replica_757/replica_757.pdb,outputs/slurm_YYDPETGTWY_amber/replica_757/replica_757_ca.pdb
522,313297289,helix,YYDPETGTWY,amber,-20.347509776851613,6.2683460537960185,20.791314078412455,7.144593968620244,5.508595556037851,4.848916770784997,1070.0,aer,4096,outputs/slurm_YYDPETGTWY_amber/replica_522/replica_522.pdb,outputs/slurm_YYDPETGTWY_amber/replica_522/replica_522_ca.pdb
3,313296770,helix,YYDPETGTWY,amber,24.78066114589874,6.273212322932492,21.335556204735976,6.727484815641013,5.508595556037851,4.848916770784997,1044.54,aer,4096,outputs/slurm_YYDPETGTWY_amber/replica_3/replica_3.pdb,outputs/slurm_YYDPETGTWY_amber/replica_3/replica_3_ca.pdb
306,313297073,helix,YYDPETGTWY,amber,-73.29815192584394,6.276979037050217,19.536491977911,6.495343037608943,5.508595556037851,4.848916770784997,1387.87,aer,4096,outputs/slurm_YYDPETGTWY_amber/replica_306/replica_306.pdb,outputs/slurm_YYDPETGTWY_amber/replica_306/replica_306_ca.pdb
762,313297529,helix,YYDPETGTWY,amber,-67.7172303263752,6.2804145269815175,20.21624462165276,6.714834651289132,5.508595556037851,4.848916770784997,1498.08,aer,4096,outputs/slurm_YYDPETGTWY_amber/replica_762/replica_762.pdb,outputs/slurm_YYDPETGTWY_amber/replica_762/replica_762_ca.pdb
674,313297441,random,YYDPETGTWY,amber,271.46443303686425,6.282567145265144,21.730829853555186,6.88150815057065,5.508595556037851,4.848916770784997,1507.94,aer,4096,outputs/slurm_YYDPETGTWY_amber/replica_674/replica_674.pdb,outputs/slurm_YYDPETGTWY_amber/replica_674/replica_674_ca.pdb
471,313297238,helix,YYDPETGTWY,amber,-34.03863638763827,6.284104192386186,21.46411412628464,7.217965141211699,5.508595556037851,4.848916770784997,1516.16,aer,4096,outputs/slurm_YYDPETGTWY_amber/replica_471/replica_471.pdb,outputs/slurm_YYDPETGTWY_amber/replica_471/replica_471_ca.pdb
796,313297563,sheet,YYDPETGTWY,amber,142.9823877288314,6.286448543328587,20.40862650577112,6.663257139513416,5.508595556037851,4.848916770784997,2488.59,aer,4096,outputs/slurm_YYDPETGTWY_amber/replica_796/replica_796.pdb,outputs/slurm_YYDPETGTWY_amber/replica_796/replica_796_ca.pdb
451,313297218,sheet,YYDPETGTWY,amber,-60.07475556115826,6.295038724683026,20.22233954134338,6.742884850390311,5.508595556037851,4.848916770784997,1304.03,aer,4096,outputs/slurm_YYDPETGTWY_amber/replica_451/replica_451.pdb,outputs/slurm_YYDPETGTWY_amber/replica_451/replica_451_ca.pdb
592,313297359,sheet,YYDPETGTWY,amber,0.717310654217017,6.3011761261184605,21.085432254241343,6.64164715474293,5.508595556037851,4.848916770784997,1624.89,aer,4096,outputs/slurm_YYDPETGTWY_amber/replica_592/replica_592.pdb,outputs/slurm_YYDPETGTWY_amber/replica_592/replica_592_ca.pdb
142,313296909,sheet,YYDPETGTWY,amber,-7.6729301335820415,6.3166552841096095,20.055831985780593,6.5351996413051205,5.508595556037851,4.848916770784997,1123.16,aer,4096,outputs/slurm_YYDPETGTWY_amber/replica_142/replica_142.pdb,outputs/slurm_YYDPETGTWY_amber/replica_142/replica_142_ca.pdb
278,313297045,random,YYDPETGTWY,amber,-42.43428776510918,6.322921544122574,20.70481171739782,6.954512195543837,5.508595556037851,4.848916770784997,1891.1,aer,4096,outputs/slurm_YYDPETGTWY_amber/replica_278/replica_278.pdb,outputs/slurm_YYDPETGTWY_amber/replica_278/replica_278_ca.pdb
463,313297230,sheet,YYDPETGTWY,amber,1.3217766220733553,6.3304803612041125,22.089122121253776,7.770125795562341,5.508595556037851,4.848916770784997,1294.04,aer,4096,outputs/slurm_YYDPETGTWY_amber/replica_463/replica_463.pdb,outputs/slurm_YYDPETGTWY_amber/replica_463/replica_463_ca.pdb
23,313296790,random,YYDPETGTWY,amber,-82.31117555925078,6.331107166098421,19.86929035770045,6.4096648602981015,5.508595556037851,4.848916770784997,1499.67,aer,4096,outputs/slurm_YYDPETGTWY_amber/replica_23/replica_23.pdb,outputs/slurm_YYDPETGTWY_amber/replica_23/replica_23_ca.pdb
450,313297217,helix,YYDPETGTWY,amber,-26.389663989811165,6.346154944000585,22.354023878656918,7.546065705346535,5.508595556037851,4.848916770784997,1673.71,aer,4096,outputs/slurm_YYDPETGTWY_amber/replica_450/replica_450.pdb,outputs/slurm_YYDPETGTWY_amber/replica_450/replica_450_ca.pdb
367,313297134,sheet,YYDPETGTWY,amber,-5.527308679407401,6.366796189112275,21.03608082270465,6.7264153203055725,5.508595556037851,4.848916770784997,1583.23,aer,4096,outputs/slurm_YYDPETGTWY_amber/replica_367/replica_367.pdb,outputs/slurm_YYDPETGTWY_amber/replica_367/replica_367_ca.pdb
493,313297260,sheet,YYDPETGTWY,amber,-71.1403735604973,6.369643436231783,22.000800895249338,7.279589090063912,5.508595556037851,4.848916770784997,1248.32,aer,4096,outputs/slurm_YYDPETGTWY_amber/replica_493/replica_493.pdb,outputs/slurm_YYDPETGTWY_amber/replica_493/replica_493_ca.pdb
198,313296965,helix,YYDPETGTWY,amber,-68.13495929569332,6.371460576066856,21.082505004668768,6.725307641257193,5.508595556037851,4.848916770784997,1302.46,aer,4096,outputs/slurm_YYDPETGTWY_amber/replica_198/replica_198.pdb,outputs/slurm_YYDPETGTWY_amber/replica_198/replica_198_ca.pdb
140,313296907,random,YYDPETGTWY,amber,-20.598753648061955,6.374596992349154,20.872363988964842,6.665254626867013,5.508595556037851,4.848916770784997,1614.46,aer,4096,outputs/slurm_YYDPETGTWY_amber/replica_140/replica_140.pdb,outputs/slurm_YYDPETGTWY_amber/replica_140/replica_140_ca.pdb
215,313296982,random,YYDPETGTWY,amber,-24.07883872338334,6.4028590205344695,20.249724757764042,6.526420508665782,5.508595556037851,4.848916770784997,1277.48,aer,4096,outputs/slurm_YYDPETGTWY_amber/replica_215/replica_215.pdb,outputs/slurm_YYDPETGTWY_amber/replica_215/replica_215_ca.pdb
417,313297184,helix,YYDPETGTWY,amber,-27.726994609367654,6.40627852528629,20.854534593020926,6.828227808593961,5.508595556037851,4.848916770784997,1586.81,aer,4096,outputs/slurm_YYDPETGTWY_amber/replica_417/replica_417.pdb,outputs/slurm_YYDPETGTWY_amber/replica_417/replica_417_ca.pdb
725,313297492,random,YYDPETGTWY,amber,-56.82286778187847,6.422941306388651,21.526180676656153,6.949368011549585,5.508595556037851,4.848916770784997,1011.06,aer,4096,outputs/slurm_YYDPETGTWY_amber/replica_725/replica_725.pdb,outputs/slurm_YYDPETGTWY_amber/replica_725/replica_725_ca.pdb
371,313297138,random,YYDPETGTWY,amber,8.865916210891198,6.4394592116597,20.683942332946206,6.864312357536287,5.508595556037851,4.848916770784997,1195.32,aer,4096,outputs/slurm_YYDPETGTWY_amber/replica_371/replica_371.pdb,outputs/slurm_YYDPETGTWY_amber/replica_371/replica_371_ca.pdb
988,313297755,sheet,YYDPETGTWY,amber,-36.524144761248415,6.450442558070191,22.886000298345266,7.4102262740609355,5.508595556037851,4.848916770784997,1142.13,aer,4096,outputs/slurm_YYDPETGTWY_amber/replica_988/replica_988.pdb,outputs/slurm_YYDPETGTWY_amber/replica_988/replica_988_ca.pdb
502,313297269,sheet,YYDPETGTWY,amber,-27.806500917779122,6.454268975268583,22.812009950633218,7.423734266560051,5.508595556037851,4.848916770784997,1675.1,aer,4096,outputs/slurm_YYDPETGTWY_amber/replica_502/replica_502.pdb,outputs/slurm_YYDPETGTWY_amber/replica_502/replica_502_ca.pdb
568,313297335,sheet,YYDPETGTWY,amber,-9.243932552430397,6.459220452132842,21.97236010772199,6.971743096318766,5.508595556037851,4.848916770784997,1309.49,aer,4096,outputs/slurm_YYDPETGTWY_amber/replica_568/replica_568.pdb,outputs/slurm_YYDPETGTWY_amber/replica_568/replica_568_ca.pdb
937,313297704,sheet,YYDPETGTWY,amber,-121.59553361819964,6.460448952252986,20.653403165398966,6.744657437616766,5.508595556037851,4.848916770784997,1245.16,aer,4096,outputs/slurm_YYDPETGTWY_amber/replica_937/replica_937.pdb,outputs/slurm_YYDPETGTWY_amber/replica_937/replica_937_ca.pdb
544,313297311,sheet,YYDPETGTWY,amber,-26.57349070604267,6.465575400636981,21.148743205745596,6.773840028398924,5.508595556037851,4.848916770784997,1330.89,aer,4096,outputs/slurm_YYDPETGTWY_amber/replica_544/replica_544.pdb,outputs/slurm_YYDPETGTWY_amber/replica_544/replica_544_ca.pdb
982,313297749,sheet,YYDPETGTWY,amber,-3.7662666590374503,6.475086690184845,23.70725877080612,7.789346956218111,5.508595556037851,4.848916770784997,1785.47,aer,4096,outputs/slurm_YYDPETGTWY_amber/replica_982/replica_982.pdb,outputs/slurm_YYDPETGTWY_amber/replica_982/replica_982_ca.pdb
991,313297758,sheet,YYDPETGTWY,amber,-33.305530372023455,6.478698895333176,23.236373779165945,7.871034935394086,5.508595556037851,4.848916770784997,2001.48,aer,4096,outputs/slurm_YYDPETGTWY_amber/replica_991/replica_991.pdb,outputs/slurm_YYDPETGTWY_amber/replica_991/replica_991_ca.pdb
364,313297131,sheet,YYDPETGTWY,amber,-62.324875069160605,6.492540288789868,19.86480251899372,6.705027747459632,5.508595556037851,4.848916770784997,1161.36,aer,4096,outputs/slurm_YYDPETGTWY_amber/replica_364/replica_364.pdb,outputs/slurm_YYDPETGTWY_amber/replica_364/replica_364_ca.pdb
515,313297282,random,YYDPETGTWY,amber,-71.76384372091799,6.503715173315621,23.107490428666267,7.8263900388370145,5.508595556037851,4.848916770784997,1166.12,aer,4096,outputs/slurm_YYDPETGTWY_amber/replica_515/replica_515.pdb,outputs/slurm_YYDPETGTWY_amber/replica_515/replica_515_ca.pdb
485,313297252,random,YYDPETGTWY,amber,33.91654567843352,6.508125811484856,24.009869068021803,7.79863766034806,5.508595556037851,4.848916770784997,1387.09,aer,4096,outputs/slurm_YYDPETGTWY_amber/replica_485/replica_485.pdb,outputs/slurm_YYDPETGTWY_amber/replica_485/replica_485_ca.pdb
507,313297274,helix,YYDPETGTWY,amber,-62.08148095491088,6.514333282632483,23.706273553631295,7.580236869884263,5.508595556037851,4.848916770784997,1440.11,aer,4096,outputs/slurm_YYDPETGTWY_amber/replica_507/replica_507.pdb,outputs/slurm_YYDPETGTWY_amber/replica_507/replica_507_ca.pdb
983,313297750,random,YYDPETGTWY,amber,-79.19790141177805,6.522727426744593,23.80324560133795,7.625003292379552,5.508595556037851,4.848916770784997,1337.06,aer,4096,outputs/slurm_YYDPETGTWY_amber/replica_983/replica_983.pdb,outputs/slurm_YYDPETGTWY_amber/replica_983/replica_983_ca.pdb
200,313296967,random,YYDPETGTWY,amber,-34.29349221519407,6.526625204546287,20.52376551436355,6.7207869462484675,5.508595556037851,4.848916770784997,2142.08,aer,4096,outputs/slurm_YYDPETGTWY_amber/replica_200/replica_200.pdb,outputs/slurm_YYDPETGTWY_amber/replica_200/replica_200_ca.pdb
516,313297283,helix,YYDPETGTWY,amber,16.81262614740584,6.535398822367334,23.27778657465949,7.513007920279562,5.508595556037851,4.848916770784997,1057.32,aer,4096,outputs/slurm_YYDPETGTWY_amber/replica_516/replica_516.pdb,outputs/slurm_YYDPETGTWY_amber/replica_516/replica_516_ca.pdb
520,313297287,sheet,YYDPETGTWY,amber,-40.68333822702671,6.569360320414788,23.64058609502519,7.491683466216413,5.508595556037851,4.848916770784997,1303.07,aer,4096,outputs/slurm_YYDPETGTWY_amber/replica_520/replica_520.pdb,outputs/slurm_YYDPETGTWY_amber/replica_520/replica_520_ca.pdb
505,313297272,sheet,YYDPETGTWY,amber,-24.02295485594761,6.584615857191015,23.095280244672544,7.524562293029637,5.508595556037851,4.848916770784997,1384.44,aer,4096,outputs/slurm_YYDPETGTWY_amber/replica_505/replica_505.pdb,outputs/slurm_YYDPETGTWY_amber/replica_505/replica_505_ca.pdb
495,313297262,helix,YYDPETGTWY,amber,-11.28402506342776,6.5955457987725365,23.281948545086628,7.726965963711672,5.508595556037851,4.848916770784997,1302.45,aer,4096,outputs/slurm_YYDPETGTWY_amber/replica_495/replica_495.pdb,outputs/slurm_YYDPETGTWY_amber/replica_495/replica_495_ca.pdb
470,313297237,random,YYDPETGTWY,amber,-88.07175459256696,6.706628577911456,23.72003235631375,7.681421226983803,5.508595556037851,4.848916770784997,1844.9,aer,4096,outputs/slurm_YYDPETGTWY_amber/replica_470/replica_470.pdb,outputs/slurm_YYDPETGTWY_amber/replica_470/replica_470_ca.pdb
990,313297757,helix,YYDPETGTWY,amber,4.715646151452576,6.816838940601294,23.31425710159182,7.651599650737061,5.508595556037851,4.848916770784997,1318.7,aer,4096,outputs/slurm_YYDPETGTWY_amber/replica_990/replica_990.pdb,outputs/slurm_YYDPETGTWY_amber/replica_990/replica_990_ca.pdb
513,313297280,helix,YYDPETGTWY,amber,-65.100702160846,6.8449001193449455,23.997691902071484,7.81858264052247,5.508595556037851,4.848916770784997,1299.0,aer,4096,outputs/slurm_YYDPETGTWY_amber/replica_513/replica_513.pdb,outputs/slurm_YYDPETGTWY_amber/replica_513/replica_513_ca.pdb
488,313297255,random,YYDPETGTWY,amber,-51.44083094732895,6.850080914552261,24.494829456841952,7.814343701776935,5.508595556037851,4.848916770784997,1667.64,aer,4096,outputs/slurm_YYDPETGTWY_amber/replica_488/replica_488.pdb,outputs/slurm_YYDPETGTWY_amber/replica_488/replica_488_ca.pdb
518,313297285,random,YYDPETGTWY,amber,-12.353741286350372,6.851628437904679,24.07335518494236,7.8705667519026505,5.508595556037851,4.848916770784997,1515.33,aer,4096,outputs/slurm_YYDPETGTWY_amber/replica_518/replica_518.pdb,outputs/slurm_YYDPETGTWY_amber/replica_518/replica_518_ca.pdb
492,313297259,helix,YYDPETGTWY,amber,-95.73903917025103,6.881721104445382,24.32096777817771,7.920278054962646,5.508595556037851,4.848916770784997,1382.14,aer,4096,outputs/slurm_YYDPETGTWY_amber/replica_492/replica_492.pdb,outputs/slurm_YYDPETGTWY_amber/replica_492/replica_492_ca.pdb
506,313297273,random,YYDPETGTWY,amber,48.08799467352709,6.963926572358126,24.856792013778612,7.99903445772185,5.508595556037851,4.848916770784997,1792.39,aer,4096,outputs/slurm_YYDPETGTWY_amber/replica_506/replica_506.pdb,outputs/slurm_YYDPETGTWY_amber/replica_506/replica_506_ca.pdb
521,313297288,random,YYDPETGTWY,amber,-87.35555278956895,6.974199811030669,24.60157400851819,8.10376576479735,5.508595556037851,4.848916770784997,1064.64,aer,4096,outputs/slurm_YYDPETGTWY_amber/replica_521/replica_521.pdb,outputs/slurm_YYDPETGTWY_amber/replica_521/replica_521_ca.pdb
503,313297270,random,YYDPETGTWY,amber,-16.626156249262593,7.059888628308778,24.528181388663924,7.7961304005513155,5.508595556037851,4.848916770784997,1242.49,aer,4096,outputs/slurm_YYDPETGTWY_amber/replica_503/replica_503.pdb,outputs/slurm_YYDPETGTWY_amber/replica_503/replica_503_ca.pdb
