energy_rank,energy,depth,term_constraint,term_sasa,term_hbond,term_electrostatics,term_disulfide,term_vdw_repulsion,term_rotamer,term_pi_stacking,term_rama,term_geometry,term_geom_pro_ring,term_geom_chirality,term_geom_planarity,term_burial_mean,term_burial_min,term_burial_max,term_neighbor_mean,term_neighbor_min,term_neighbor_max,term_total,angles_deg_json,rmsd_to_reference_A,pred_e2e_A,pred_rg_A,ref_e2e_A,ref_rg_A,native_like
1,385.6239530585098,10,51.29067420927127,218.1123403085567,-5.479856000323659,25.96517272777241,0.0,109.2625936497209,4.936949510941519,-3.7978645499086894,-15.254360250291978,0.5883034527713598,0.5883034527713598,0.0,0.0,0.9559369009477664,0.5297763467643671,1.0,40.700161893115215,18.54217213675285,65.02264131836829,385.6239530585098,"[-59.99999999999999, -59.99999999999999, 0.0, 0.0, 0.0, -75.0, -45.0, 0.0, 0.0, 0.0, -90.0, -29.999999999999996, 0.0, 0.0, -75.0, -75.0, 0.0, 0.0, 0.0, -90.0, -59.99999999999999, 0.0, 0.0, 0.0, -105.00000000000001, 165.0, 0.0, 0.0, 0.0, 0.0, -119.99999999999999, 59.99999999999999, -75.0, -45.0, 0.0, 0.0, 0.0, 0.0, 90.0, 75.0, 0.0, 0.0, -29.999999999999996, -45.0, 0.0, 0.0, 0.0]",3.072602791413099,8.702832315600405,4.550260321388886,5.508595556037851,4.848916770784997,False
2,385.80088847682975,10,51.29067420927127,218.1123403085567,-5.479856000323659,25.96517272777241,0.0,109.2625936497209,4.936949510941519,-3.7978645499086894,-15.077424831972081,0.5883034527713598,0.5883034527713598,0.0,0.0,0.9559369009477664,0.5297763467643671,1.0,40.700161893115215,18.54217213675285,65.02264131836829,385.80088847682975,"[-45.0, -59.99999999999999, 0.0, 0.0, 0.0, -75.0, -45.0, 0.0, 0.0, 0.0, -90.0, -29.999999999999996, 0.0, 0.0, -75.0, -75.0, 0.0, 0.0, 0.0, -90.0, -59.99999999999999, 0.0, 0.0, 0.0, -105.00000000000001, 165.0, 0.0, 0.0, 0.0, 0.0, -119.99999999999999, 59.99999999999999, -75.0, -45.0, 0.0, 0.0, 0.0, 0.0, 90.0, 75.0, 0.0, 0.0, -29.999999999999996, -45.0, 0.0, 0.0, 0.0]",3.072602791413099,8.702832315600405,4.550260321388886,5.508595556037851,4.848916770784997,False
3,385.80744591329216,10,51.29067420927127,218.1123403085567,-5.479856000323659,25.96517272777241,0.0,109.2625936497209,4.936949510941519,-3.7978645499086894,-15.07086739550967,0.5883034527713598,0.5883034527713598,0.0,0.0,0.9559369009477664,0.5297763467643671,1.0,40.700161893115215,18.54217213675285,65.02264131836829,385.80744591329216,"[-59.99999999999999, -59.99999999999999, 0.0, 0.0, 0.0, -75.0, -45.0, 0.0, 0.0, 0.0, -90.0, -29.999999999999996, 0.0, 0.0, -75.0, -75.0, 0.0, 0.0, 0.0, -90.0, -59.99999999999999, 0.0, 0.0, 0.0, -105.00000000000001, 165.0, 0.0, 0.0, 0.0, 0.0, -119.99999999999999, 59.99999999999999, -75.0, -45.0, 0.0, 0.0, 0.0, 0.0, 90.0, 75.0, 0.0, 0.0, -29.999999999999996, -59.99999999999999, 0.0, 0.0, 0.0]",3.072602791413099,8.702832315600405,4.550260321388886,5.508595556037851,4.848916770784997,False
4,385.90108123742306,10,51.29067420927127,218.1123403085567,-5.479856000323659,25.96517272777241,0.0,109.2625936497209,4.936949510941519,-3.7978645499086894,-14.977232071378777,0.5883034527713598,0.5883034527713598,0.0,0.0,0.9559369009477664,0.5297763467643671,1.0,40.700161893115215,18.54217213675285,65.02264131836829,385.90108123742306,"[-59.99999999999999, -59.99999999999999, 0.0, 0.0, 0.0, -75.0, -45.0, 0.0, 0.0, 0.0, -90.0, -29.999999999999996, 0.0, 0.0, -75.0, -75.0, 0.0, 0.0, 0.0, -90.0, -59.99999999999999, 0.0, 0.0, 0.0, -105.00000000000001, 165.0, 0.0, 0.0, 0.0, 0.0, -119.99999999999999, 59.99999999999999, -75.0, -45.0, 0.0, 0.0, 0.0, 0.0, 90.0, 75.0, 0.0, 0.0, -29.999999999999996, -29.999999999999996, 0.0, 0.0, 0.0]",3.072602791413099,8.702832315600405,4.550260321388886,5.508595556037851,4.848916770784997,False
5,385.98438133161204,10,51.29067420927127,218.1123403085567,-5.479856000323659,25.96517272777241,0.0,109.2625936497209,4.936949510941519,-3.7978645499086894,-14.893931977189773,0.5883034527713598,0.5883034527713598,0.0,0.0,0.9559369009477664,0.5297763467643671,1.0,40.700161893115215,18.54217213675285,65.02264131836829,385.98438133161204,"[-45.0, -59.99999999999999, 0.0, 0.0, 0.0, -75.0, -45.0, 0.0, 0.0, 0.0, -90.0, -29.999999999999996, 0.0, 0.0, -75.0, -75.0, 0.0, 0.0, 0.0, -90.0, -59.99999999999999, 0.0, 0.0, 0.0, -105.00000000000001, 165.0, 0.0, 0.0, 0.0, 0.0, -119.99999999999999, 59.99999999999999, -75.0, -45.0, 0.0, 0.0, 0.0, 0.0, 90.0, 75.0, 0.0, 0.0, -29.999999999999996, -59.99999999999999, 0.0, 0.0, 0.0]",3.072602791413099,8.702832315600405,4.550260321388886,5.508595556037851,4.848916770784997,False
6,386.07801665574294,10,51.29067420927127,218.1123403085567,-5.479856000323659,25.96517272777241,0.0,109.2625936497209,4.936949510941519,-3.7978645499086894,-14.800296653058881,0.5883034527713598,0.5883034527713598,0.0,0.0,0.9559369009477664,0.5297763467643671,1.0,40.700161893115215,18.54217213675285,65.02264131836829,386.07801665574294,"[-45.0, -59.99999999999999, 0.0, 0.0, 0.0, -75.0, -45.0, 0.0, 0.0, 0.0, -90.0, -29.999999999999996, 0.0, 0.0, -75.0, -75.0, 0.0, 0.0, 0.0, -90.0, -59.99999999999999, 0.0, 0.0, 0.0, -105.00000000000001, 165.0, 0.0, 0.0, 0.0, 0.0, -119.99999999999999, 59.99999999999999, -75.0, -45.0, 0.0, 0.0, 0.0, 0.0, 90.0, 75.0, 0.0, 0.0, -29.999999999999996, -29.999999999999996, 0.0, 0.0, 0.0]",3.072602791413099,8.702832315600405,4.550260321388886,5.508595556037851,4.848916770784997,False
7,386.32328205866827,10,51.29067420927127,218.1123403085567,-5.479856000323659,25.96517272777241,0.0,109.2625936497209,4.936949510941519,-3.7978645499086894,-14.555031250133535,0.5883034527713598,0.5883034527713598,0.0,0.0,0.9559369009477664,0.5297763467643671,1.0,40.700161893115215,18.54217213675285,65.02264131836829,386.32328205866827,"[-59.99999999999999, -59.99999999999999, 0.0, 0.0, 0.0, -75.0, -45.0, 0.0, 0.0, 0.0, -90.0, -29.999999999999996, 0.0, 0.0, -75.0, -75.0, 0.0, 0.0, 0.0, -90.0, -59.99999999999999, 0.0, 0.0, 0.0, -105.00000000000001, 165.0, 0.0, 0.0, 0.0, 0.0, -119.99999999999999, 59.99999999999999, -75.0, -45.0, 0.0, 0.0, 0.0, 0.0, 90.0, 75.0, 0.0, 0.0, -29.999999999999996, -75.0, 0.0, 0.0, 0.0]",3.072602791413099,8.702832315600405,4.550260321388886,5.508595556037851,4.848916770784997,False
8,386.50021747698815,10,51.29067420927127,218.1123403085567,-5.479856000323659,25.96517272777241,0.0,109.2625936497209,4.936949510941519,-3.7978645499086894,-14.378095831813638,0.5883034527713598,0.5883034527713598,0.0,0.0,0.9559369009477664,0.5297763467643671,1.0,40.700161893115215,18.54217213675285,65.02264131836829,386.50021747698815,"[-45.0, -59.99999999999999, 0.0, 0.0, 0.0, -75.0, -45.0, 0.0, 0.0, 0.0, -90.0, -29.999999999999996, 0.0, 0.0, -75.0, -75.0, 0.0, 0.0, 0.0, -90.0, -59.99999999999999, 0.0, 0.0, 0.0, -105.00000000000001, 165.0, 0.0, 0.0, 0.0, 0.0, -119.99999999999999, 59.99999999999999, -75.0, -45.0, 0.0, 0.0, 0.0, 0.0, 90.0, 75.0, 0.0, 0.0, -29.999999999999996, -75.0, 0.0, 0.0, 0.0]",3.072602791413099,8.702832315600405,4.550260321388886,5.508595556037851,4.848916770784997,False
9,386.5019039324719,10,51.29067420927127,218.1123403085567,-5.479856000323659,25.96517272777241,0.0,109.2625936497209,4.936949510941519,-3.7978645499086894,-14.376409376329889,0.5883034527713598,0.5883034527713598,0.0,0.0,0.9559369009477664,0.5297763467643671,1.0,40.700161893115215,18.54217213675285,65.02264131836829,386.5019039324719,"[-59.99999999999999, -59.99999999999999, 0.0, 0.0, 0.0, -75.0, -45.0, 0.0, 0.0, 0.0, -90.0, -29.999999999999996, 0.0, 0.0, -75.0, -75.0, 0.0, 0.0, 0.0, -90.0, -59.99999999999999, 0.0, 0.0, 0.0, -105.00000000000001, 165.0, 0.0, 0.0, 0.0, 0.0, -119.99999999999999, 59.99999999999999, -75.0, -45.0, 0.0, 0.0, 0.0, 0.0, 90.0, 75.0, 0.0, 0.0, -29.999999999999996, -14.999999999999998, 0.0, 0.0, 0.0]",3.072602791413099,8.702832315600405,4.550260321388886,5.508595556037851,4.848916770784997,False
10,386.6788393507918,10,51.29067420927127,218.1123403085567,-5.479856000323659,25.96517272777241,0.0,109.2625936497209,4.936949510941519,-3.7978645499086894,-14.199473958009992,0.5883034527713598,0.5883034527713598,0.0,0.0,0.9559369009477664,0.5297763467643671,1.0,40.700161893115215,18.54217213675285,65.02264131836829,386.6788393507918,"[-45.0, -59.99999999999999, 0.0, 0.0, 0.0, -75.0, -45.0, 0.0, 0.0, 0.0, -90.0, -29.999999999999996, 0.0, 0.0, -75.0, -75.0, 0.0, 0.0, 0.0, -90.0, -59.99999999999999, 0.0, 0.0, 0.0, -105.00000000000001, 165.0, 0.0, 0.0, 0.0, 0.0, -119.99999999999999, 59.99999999999999, -75.0, -45.0, 0.0, 0.0, 0.0, 0.0, 90.0, 75.0, 0.0, 0.0, -29.999999999999996, -14.999999999999998, 0.0, 0.0, 0.0]",3.072602791413099,8.702832315600405,4.550260321388886,5.508595556037851,4.848916770784997,False
11,387.68187788130314,10,51.29067420927127,218.1123403085567,-5.479856000323659,25.96517272777241,0.0,109.2625936497209,4.936949510941519,-3.7978645499086894,-13.196435427498677,0.5883034527713598,0.5883034527713598,0.0,0.0,0.9559369009477664,0.5297763467643671,1.0,40.700161893115215,18.54217213675285,65.02264131836829,387.68187788130314,"[-59.99999999999999, -59.99999999999999, 0.0, 0.0, 0.0, -75.0, -45.0, 0.0, 0.0, 0.0, -90.0, -29.999999999999996, 0.0, 0.0, -75.0, -75.0, 0.0, 0.0, 0.0, -90.0, -59.99999999999999, 0.0, 0.0, 0.0, -105.00000000000001, 165.0, 0.0, 0.0, 0.0, 0.0, -119.99999999999999, 59.99999999999999, -75.0, -45.0, 0.0, 0.0, 0.0, 0.0, 90.0, 75.0, 0.0, 0.0, -29.999999999999996, 150.0, 0.0, 0.0, 0.0]",3.072602791413099,8.702832315600405,4.550260321388886,5.508595556037851,4.848916770784997,False
12,387.7293474862119,10,51.29067420927127,218.1123403085567,-5.479856000323659,25.96517272777241,0.0,109.2625936497209,4.936949510941519,-3.7978645499086894,-13.14896582258988,0.5883034527713598,0.5883034527713598,0.0,0.0,0.9559369009477664,0.5297763467643671,1.0,40.700161893115215,18.54217213675285,65.02264131836829,387.7293474862119,"[-59.99999999999999, -59.99999999999999, 0.0, 0.0, 0.0, -75.0, -45.0, 0.0, 0.0, 0.0, -90.0, -29.999999999999996, 0.0, 0.0, -75.0, -75.0, 0.0, 0.0, 0.0, -90.0, -59.99999999999999, 0.0, 0.0, 0.0, -105.00000000000001, 165.0, 0.0, 0.0, 0.0, 0.0, -119.99999999999999, 59.99999999999999, -75.0, -45.0, 0.0, 0.0, 0.0, 0.0, 90.0, 75.0, 0.0, 0.0, -29.999999999999996, 135.0, 0.0, 0.0, 0.0]",3.072602791413099,8.702832315600405,4.550260321388886,5.508595556037851,4.848916770784997,False
13,387.8123617494479,10,51.29067420927127,218.1123403085567,-5.479856000323659,25.96517272777241,0.0,109.2625936497209,4.936949510941519,-3.7978645499086894,-13.06595155935391,0.5883034527713598,0.5883034527713598,0.0,0.0,0.9559369009477664,0.5297763467643671,1.0,40.700161893115215,18.54217213675285,65.02264131836829,387.8123617494479,"[-59.99999999999999, -59.99999999999999, 0.0, 0.0, 0.0, -75.0, -45.0, 0.0, 0.0, 0.0, -90.0, -29.999999999999996, 0.0, 0.0, -75.0, -75.0, 0.0, 0.0, 0.0, -90.0, -59.99999999999999, 0.0, 0.0, 0.0, -105.00000000000001, 165.0, 0.0, 0.0, 0.0, 0.0, -119.99999999999999, 59.99999999999999, -75.0, -45.0, 0.0, 0.0, 0.0, 0.0, 90.0, 75.0, 0.0, 0.0, -29.999999999999996, 119.99999999999999, 0.0, 0.0, 0.0]",3.072602791413099,8.702832315600405,4.550260321388886,5.508595556037851,4.848916770784997,False
14,387.858813299623,10,51.29067420927127,218.1123403085567,-5.479856000323659,25.96517272777241,0.0,109.2625936497209,4.936949510941519,-3.7978645499086894,-13.019500009178781,0.5883034527713598,0.5883034527713598,0.0,0.0,0.9559369009477664,0.5297763467643671,1.0,40.700161893115215,18.54217213675285,65.02264131836829,387.858813299623,"[-45.0, -59.99999999999999, 0.0, 0.0, 0.0, -75.0, -45.0, 0.0, 0.0, 0.0, -90.0, -29.999999999999996, 0.0, 0.0, -75.0, -75.0, 0.0, 0.0, 0.0, -90.0, -59.99999999999999, 0.0, 0.0, 0.0, -105.00000000000001, 165.0, 0.0, 0.0, 0.0, 0.0, -119.99999999999999, 59.99999999999999, -75.0, -45.0, 0.0, 0.0, 0.0, 0.0, 90.0, 75.0, 0.0, 0.0, -29.999999999999996, 150.0, 0.0, 0.0, 0.0]",3.072602791413099,8.702832315600405,4.550260321388886,5.508595556037851,4.848916770784997,False
15,387.90628290453185,10,51.29067420927127,218.1123403085567,-5.479856000323659,25.96517272777241,0.0,109.2625936497209,4.936949510941519,-3.7978645499086894,-12.972030404269983,0.5883034527713598,0.5883034527713598,0.0,0.0,0.9559369009477664,0.5297763467643671,1.0,40.700161893115215,18.54217213675285,65.02264131836829,387.90628290453185,"[-45.0, -59.99999999999999, 0.0, 0.0, 0.0, -75.0, -45.0, 0.0, 0.0, 0.0, -90.0, -29.999999999999996, 0.0, 0.0, -75.0, -75.0, 0.0, 0.0, 0.0, -90.0, -59.99999999999999, 0.0, 0.0, 0.0, -105.00000000000001, 165.0, 0.0, 0.0, 0.0, 0.0, -119.99999999999999, 59.99999999999999, -75.0, -45.0, 0.0, 0.0, 0.0, 0.0, 90.0, 75.0, 0.0, 0.0, -29.999999999999996, 135.0, 0.0, 0.0, 0.0]",3.072602791413099,8.702832315600405,4.550260321388886,5.508595556037851,4.848916770784997,False
16,387.9285541368202,10,51.29067420927127,218.1123403085567,-5.479856000323659,25.96517272777241,0.0,109.2625936497209,4.936949510941519,-3.7978645499086894,-12.949759171981595,0.5883034527713598,0.5883034527713598,0.0,0.0,0.9559369009477664,0.5297763467643671,1.0,40.700161893115215,18.54217213675285,65.02264131836829,387.9285541368202,"[-59.99999999999999, -59.99999999999999, 0.0, 0.0, 0.0, -75.0, -45.0, 0.0, 0.0, 0.0, -90.0, -29.999999999999996, 0.0, 0.0, -75.0, -75.0, 0.0, 0.0, 0.0, -90.0, -59.99999999999999, 0.0, 0.0, 0.0, -105.00000000000001, 165.0, 0.0, 0.0, 0.0, 0.0, -119.99999999999999, 59.99999999999999, -75.0, -45.0, 0.0, 0.0, 0.0, 0.0, 90.0, 75.0, 0.0, 0.0, -29.999999999999996, 105.00000000000001, 0.0, 0.0, 0.0]",3.072602791413099,8.702832315600405,4.550260321388886,5.508595556037851,4.848916770784997,False
17,387.9892971677678,10,51.29067420927127,218.1123403085567,-5.479856000323659,25.96517272777241,0.0,109.2625936497209,4.936949510941519,-3.7978645499086894,-12.889016141034014,0.5883034527713598,0.5883034527713598,0.0,0.0,0.9559369009477664,0.5297763467643671,1.0,40.700161893115215,18.54217213675285,65.02264131836829,387.9892971677678,"[-45.0, -59.99999999999999, 0.0, 0.0, 0.0, -75.0, -45.0, 0.0, 0.0, 0.0, -90.0, -29.999999999999996, 0.0, 0.0, -75.0, -75.0, 0.0, 0.0, 0.0, -90.0, -59.99999999999999, 0.0, 0.0, 0.0, -105.00000000000001, 165.0, 0.0, 0.0, 0.0, 0.0, -119.99999999999999, 59.99999999999999, -75.0, -45.0, 0.0, 0.0, 0.0, 0.0, 90.0, 75.0, 0.0, 0.0, -29.999999999999996, 119.99999999999999, 0.0, 0.0, 0.0]",3.072602791413099,8.702832315600405,4.550260321388886,5.508595556037851,4.848916770784997,False
18,388.0580533971609,10,51.29067420927127,218.1123403085567,-5.479856000323659,25.96517272777241,0.0,109.2625936497209,4.936949510941519,-3.7978645499086894,-12.820259911640893,0.5883034527713598,0.5883034527713598,0.0,0.0,0.9559369009477664,0.5297763467643671,1.0,40.700161893115215,18.54217213675285,65.02264131836829,388.0580533971609,"[-59.99999999999999, -59.99999999999999, 0.0, 0.0, 0.0, -75.0, -45.0, 0.0, 0.0, 0.0, -90.0, -29.999999999999996, 0.0, 0.0, -75.0, -75.0, 0.0, 0.0, 0.0, -90.0, -59.99999999999999, 0.0, 0.0, 0.0, -105.00000000000001, 165.0, 0.0, 0.0, 0.0, 0.0, -119.99999999999999, 59.99999999999999, -75.0, -45.0, 0.0, 0.0, 0.0, 0.0, 90.0, 75.0, 0.0, 0.0, -29.999999999999996, 90.0, 0.0, 0.0, 0.0]",3.072602791413099,8.702832315600405,4.550260321388886,5.508595556037851,4.848916770784997,False
19,388.1054895551401,10,51.29067420927127,218.1123403085567,-5.479856000323659,25.96517272777241,0.0,109.2625936497209,4.936949510941519,-3.7978645499086894,-12.772823753661699,0.5883034527713598,0.5883034527713598,0.0,0.0,0.9559369009477664,0.5297763467643671,1.0,40.700161893115215,18.54217213675285,65.02264131836829,388.1054895551401,"[-45.0, -59.99999999999999, 0.0, 0.0, 0.0, -75.0, -45.0, 0.0, 0.0, 0.0, -90.0, -29.999999999999996, 0.0, 0.0, -75.0, -75.0, 0.0, 0.0, 0.0, -90.0, -59.99999999999999, 0.0, 0.0, 0.0, -105.00000000000001, 165.0, 0.0, 0.0, 0.0, 0.0, -119.99999999999999, 59.99999999999999, -75.0, -45.0, 0.0, 0.0, 0.0, 0.0, 90.0, 75.0, 0.0, 0.0, -29.999999999999996, 105.00000000000001, 0.0, 0.0, 0.0]",3.072602791413099,8.702832315600405,4.550260321388886,5.508595556037851,4.848916770784997,False
20,388.2349888154808,10,51.29067420927127,218.1123403085567,-5.479856000323659,25.96517272777241,0.0,109.2625936497209,4.936949510941519,-3.7978645499086894,-12.643324493320996,0.5883034527713598,0.5883034527713598,0.0,0.0,0.9559369009477664,0.5297763467643671,1.0,40.700161893115215,18.54217213675285,65.02264131836829,388.2349888154808,"[-45.0, -59.99999999999999, 0.0, 0.0, 0.0, -75.0, -45.0, 0.0, 0.0, 0.0, -90.0, -29.999999999999996, 0.0, 0.0, -75.0, -75.0, 0.0, 0.0, 0.0, -90.0, -59.99999999999999, 0.0, 0.0, 0.0, -105.00000000000001, 165.0, 0.0, 0.0, 0.0, 0.0, -119.99999999999999, 59.99999999999999, -75.0, -45.0, 0.0, 0.0, 0.0, 0.0, 90.0, 75.0, 0.0, 0.0, -29.999999999999996, 90.0, 0.0, 0.0, 0.0]",3.072602791413099,8.702832315600405,4.550260321388886,5.508595556037851,4.848916770784997,False
21,396.09438274937673,10,29.660539569670874,175.9865137872382,-0.6664978428089781,25.8338469449005,0.0,175.92145734007025,4.936949510941519,-3.7978645499086894,-12.368865463498317,0.5883034527713598,0.5883034527713598,0.0,0.0,0.964447168931871,0.5801707285024884,1.0,42.27252059834465,20.305975497587095,66.73805150737665,396.09438274937673,"[-59.99999999999999, -59.99999999999999, 0.0, 0.0, 0.0, -75.0, -45.0, 0.0, 0.0, 0.0, -90.0, -29.999999999999996, 0.0, 0.0, -75.0, -75.0, 0.0, 0.0, 0.0, -90.0, -59.99999999999999, 0.0, 0.0, 0.0, -105.00000000000001, 165.0, 0.0, 0.0, 0.0, 0.0, -119.99999999999999, 59.99999999999999, -90.0, -45.0, 0.0, 0.0, 0.0, 0.0, 90.0, 45.0, 0.0, 0.0, 29.999999999999996, 14.999999999999998, 0.0, 0.0, 0.0]",2.913365846013867,7.935591902173715,4.457780192170296,5.508595556037851,4.848916770784997,False
22,396.1024326759954,10,29.660539569670874,175.9865137872382,-0.6664978428089781,25.8338469449005,0.0,175.92145734007025,4.936949510941519,-3.7978645499086894,-12.360815536879665,0.5883034527713598,0.5883034527713598,0.0,0.0,0.964447168931871,0.5801707285024884,1.0,42.27252059834465,20.305975497587095,66.73805150737665,396.1024326759954,"[-59.99999999999999, -59.99999999999999, 0.0, 0.0, 0.0, -75.0, -45.0, 0.0, 0.0, 0.0, -90.0, -29.999999999999996, 0.0, 0.0, -75.0, -75.0, 0.0, 0.0, 0.0, -90.0, -59.99999999999999, 0.0, 0.0, 0.0, -105.00000000000001, 165.0, 0.0, 0.0, 0.0, 0.0, -119.99999999999999, 59.99999999999999, -90.0, -45.0, 0.0, 0.0, 0.0, 0.0, 90.0, 45.0, 0.0, 0.0, 29.999999999999996, 29.999999999999996, 0.0, 0.0, 0.0]",2.913365846013867,7.935591902173715,4.457780192170296,5.508595556037851,4.848916770784997,False
23,396.1062169214254,10,29.660539569670874,175.9865137872382,-0.6664978428089781,25.8338469449005,0.0,175.92145734007025,4.936949510941519,-3.7978645499086894,-12.357031291449632,0.5883034527713598,0.5883034527713598,0.0,0.0,0.964447168931871,0.5801707285024884,1.0,42.27252059834465,20.305975497587095,66.73805150737665,396.1062169214254,"[-59.99999999999999, -59.99999999999999, 0.0, 0.0, 0.0, -75.0, -45.0, 0.0, 0.0, 0.0, -90.0, -29.999999999999996, 0.0, 0.0, -75.0, -75.0, 0.0, 0.0, 0.0, -90.0, -59.99999999999999, 0.0, 0.0, 0.0, -105.00000000000001, 165.0, 0.0, 0.0, 0.0, 0.0, -119.99999999999999, 59.99999999999999, -90.0, -45.0, 0.0, 0.0, 0.0, 0.0, 90.0, 45.0, 0.0, 0.0, 29.999999999999996, 45.0, 0.0, 0.0, 0.0]",2.913365846013867,7.935591902173715,4.457780192170296,5.508595556037851,4.848916770784997,False
24,396.10673328716194,10,29.660539569670874,175.9865137872382,-0.6664978428089781,25.8338469449005,0.0,175.92145734007025,4.936949510941519,-3.7978645499086894,-12.356514925713103,0.5883034527713598,0.5883034527713598,0.0,0.0,0.964447168931871,0.5801707285024884,1.0,42.27252059834465,20.305975497587095,66.73805150737665,396.10673328716194,"[-59.99999999999999, -59.99999999999999, 0.0, 0.0, 0.0, -75.0, -45.0, 0.0, 0.0, 0.0, -90.0, -29.999999999999996, 0.0, 0.0, -75.0, -75.0, 0.0, 0.0, 0.0, -90.0, -59.99999999999999, 0.0, 0.0, 0.0, -105.00000000000001, 165.0, 0.0, 0.0, 0.0, 0.0, -119.99999999999999, 59.99999999999999, -90.0, -45.0, 0.0, 0.0, 0.0, 0.0, 90.0, 45.0, 0.0, 0.0, 29.999999999999996, 75.0, 0.0, 0.0, 0.0]",2.913365846013867,7.935591902173715,4.457780192170296,5.508595556037851,4.848916770784997,False
25,396.1073207960258,10,29.660539569670874,175.9865137872382,-0.6664978428089781,25.8338469449005,0.0,175.92145734007025,4.936949510941519,-3.7978645499086894,-12.355927416849218,0.5883034527713598,0.5883034527713598,0.0,0.0,0.964447168931871,0.5801707285024884,1.0,42.27252059834465,20.305975497587095,66.73805150737665,396.1073207960258,"[-59.99999999999999, -59.99999999999999, 0.0, 0.0, 0.0, -75.0, -45.0, 0.0, 0.0, 0.0, -90.0, -29.999999999999996, 0.0, 0.0, -75.0, -75.0, 0.0, 0.0, 0.0, -90.0, -59.99999999999999, 0.0, 0.0, 0.0, -105.00000000000001, 165.0, 0.0, 0.0, 0.0, 0.0, -119.99999999999999, 59.99999999999999, -90.0, -45.0, 0.0, 0.0, 0.0, 0.0, 90.0, 45.0, 0.0, 0.0, 29.999999999999996, 59.99999999999999, 0.0, 0.0, 0.0]",2.913365846013867,7.935591902173715,4.457780192170296,5.508595556037851,4.848916770784997,False
26,403.7106829805126,10,32.7475000017876,171.08401899210065,-0.6664978428089781,25.831352808961395,0.0,185.3522136297225,4.936949510941519,-3.7978645499086894,-12.365293023054718,0.5883034527713598,0.5883034527713598,0.0,0.0,0.9654375719207877,0.5676164107983558,1.0,42.40929304264506,19.866574377942452,66.77506531101643,403.7106829805126,"[-59.99999999999999, -59.99999999999999, 0.0, 0.0, 0.0, -75.0, -45.0, 0.0, 0.0, 0.0, -90.0, -29.999999999999996, 0.0, 0.0, -75.0, -75.0, 0.0, 0.0, 0.0, -90.0, -59.99999999999999, 0.0, 0.0, 0.0, -105.00000000000001, 165.0, 0.0, 0.0, 0.0, 0.0, -119.99999999999999, 59.99999999999999, -90.0, -45.0, 0.0, 0.0, 0.0, 0.0, 90.0, 29.999999999999996, 0.0, 0.0, 45.0, 14.999999999999998, 0.0, 0.0, 0.0]",2.9150662755812515,8.059199093536398,4.463623695158064,5.508595556037851,4.848916770784997,False
27,403.71260729672247,10,32.7475000017876,171.08401899210065,-0.6664978428089781,25.831352808961395,0.0,185.3522136297225,4.936949510941519,-3.7978645499086894,-12.363368706844854,0.5883034527713598,0.5883034527713598,0.0,0.0,0.9654375719207877,0.5676164107983558,1.0,42.40929304264506,19.866574377942452,66.77506531101643,403.71260729672247,"[-59.99999999999999, -59.99999999999999, 0.0, 0.0, 0.0, -75.0, -45.0, 0.0, 0.0, 0.0, -90.0, -29.999999999999996, 0.0, 0.0, -75.0, -75.0, 0.0, 0.0, 0.0, -90.0, -59.99999999999999, 0.0, 0.0, 0.0, -105.00000000000001, 165.0, 0.0, 0.0, 0.0, 0.0, -119.99999999999999, 59.99999999999999, -90.0, -45.0, 0.0, 0.0, 0.0, 0.0, 90.0, 29.999999999999996, 0.0, 0.0, 45.0, 29.999999999999996, 0.0, 0.0, 0.0]",2.9150662755812515,8.059199093536398,4.463623695158064,5.508595556037851,4.848916770784997,False
28,403.71351819676744,10,32.7475000017876,171.08401899210065,-0.6664978428089781,25.831352808961395,0.0,185.3522136297225,4.936949510941519,-3.7978645499086894,-12.362457806799883,0.5883034527713598,0.5883034527713598,0.0,0.0,0.9654375719207877,0.5676164107983558,1.0,42.40929304264506,19.866574377942452,66.77506531101643,403.71351819676744,"[-59.99999999999999, -59.99999999999999, 0.0, 0.0, 0.0, -75.0, -45.0, 0.0, 0.0, 0.0, -90.0, -29.999999999999996, 0.0, 0.0, -75.0, -75.0, 0.0, 0.0, 0.0, -90.0, -59.99999999999999, 0.0, 0.0, 0.0, -105.00000000000001, 165.0, 0.0, 0.0, 0.0, 0.0, -119.99999999999999, 59.99999999999999, -90.0, -45.0, 0.0, 0.0, 0.0, 0.0, 90.0, 29.999999999999996, 0.0, 0.0, 45.0, 45.0, 0.0, 0.0, 0.0]",2.9150662755812515,8.059199093536398,4.463623695158064,5.508595556037851,4.848916770784997,False
29,403.71363500922985,10,32.7475000017876,171.08401899210065,-0.6664978428089781,25.831352808961395,0.0,185.3522136297225,4.936949510941519,-3.7978645499086894,-12.362340994337513,0.5883034527713598,0.5883034527713598,0.0,0.0,0.9654375719207877,0.5676164107983558,1.0,42.40929304264506,19.866574377942452,66.77506531101643,403.71363500922985,"[-59.99999999999999, -59.99999999999999, 0.0, 0.0, 0.0, -75.0, -45.0, 0.0, 0.0, 0.0, -90.0, -29.999999999999996, 0.0, 0.0, -75.0, -75.0, 0.0, 0.0, 0.0, -90.0, -59.99999999999999, 0.0, 0.0, 0.0, -105.00000000000001, 165.0, 0.0, 0.0, 0.0, 0.0, -119.99999999999999, 59.99999999999999, -90.0, -45.0, 0.0, 0.0, 0.0, 0.0, 90.0, 29.999999999999996, 0.0, 0.0, 45.0, 75.0, 0.0, 0.0, 0.0]",2.9150662755812515,8.059199093536398,4.463623695158064,5.508595556037851,4.848916770784997,False
30,403.7137835626427,10,32.7475000017876,171.08401899210065,-0.6664978428089781,25.831352808961395,0.0,185.3522136297225,4.936949510941519,-3.7978645499086894,-12.362192440924694,0.5883034527713598,0.5883034527713598,0.0,0.0,0.9654375719207877,0.5676164107983558,1.0,42.40929304264506,19.866574377942452,66.77506531101643,403.7137835626427,"[-59.99999999999999, -59.99999999999999, 0.0, 0.0, 0.0, -75.0, -45.0, 0.0, 0.0, 0.0, -90.0, -29.999999999999996, 0.0, 0.0, -75.0, -75.0, 0.0, 0.0, 0.0, -90.0, -59.99999999999999, 0.0, 0.0, 0.0, -105.00000000000001, 165.0, 0.0, 0.0, 0.0, 0.0, -119.99999999999999, 59.99999999999999, -90.0, -45.0, 0.0, 0.0, 0.0, 0.0, 90.0, 29.999999999999996, 0.0, 0.0, 45.0, 59.99999999999999, 0.0, 0.0, 0.0]",2.9150662755812515,8.059199093536398,4.463623695158064,5.508595556037851,4.848916770784997,False
31,408.42790192583317,10,49.20012832337906,226.1815569883747,-5.479856000323659,25.92207043049936,0.0,124.10448623730923,4.936949510941519,-3.7978645499086894,-13.227872467209727,0.5883034527713598,0.5883034527713598,0.0,0.0,0.9543067561639647,0.5036528107059041,1.0,40.554244605955475,17.62784837470664,65.22684639255304,408.42790192583317,"[-59.99999999999999, -59.99999999999999, 0.0, 0.0, 0.0, -75.0, -45.0, 0.0, 0.0, 0.0, -90.0, -29.999999999999996, 0.0, 0.0, -75.0, -75.0, 0.0, 0.0, 0.0, -90.0, -59.99999999999999, 0.0, 0.0, 0.0, -105.00000000000001, 165.0, 0.0, 0.0, 0.0, 0.0, -119.99999999999999, 59.99999999999999, -75.0, -45.0, 0.0, 0.0, 0.0, 0.0, 90.0, 29.999999999999996, 0.0, 0.0, 29.999999999999996, 14.999999999999998, 0.0, 0.0, 0.0]",3.031647076058377,8.636881519068869,4.531582568712313,5.508595556037851,4.848916770784997,False
32,408.43595185245186,10,49.20012832337906,226.1815569883747,-5.479856000323659,25.92207043049936,0.0,124.10448623730923,4.936949510941519,-3.7978645499086894,-13.219822540591075,0.5883034527713598,0.5883034527713598,0.0,0.0,0.9543067561639647,0.5036528107059041,1.0,40.554244605955475,17.62784837470664,65.22684639255304,408.43595185245186,"[-59.99999999999999, -59.99999999999999, 0.0, 0.0, 0.0, -75.0, -45.0, 0.0, 0.0, 0.0, -90.0, -29.999999999999996, 0.0, 0.0, -75.0, -75.0, 0.0, 0.0, 0.0, -90.0, -59.99999999999999, 0.0, 0.0, 0.0, -105.00000000000001, 165.0, 0.0, 0.0, 0.0, 0.0, -119.99999999999999, 59.99999999999999, -75.0, -45.0, 0.0, 0.0, 0.0, 0.0, 90.0, 29.999999999999996, 0.0, 0.0, 29.999999999999996, 29.999999999999996, 0.0, 0.0, 0.0]",3.031647076058377,8.636881519068869,4.531582568712313,5.508595556037851,4.848916770784997,False
33,408.4397360978819,10,49.20012832337906,226.1815569883747,-5.479856000323659,25.92207043049936,0.0,124.10448623730923,4.936949510941519,-3.7978645499086894,-13.216038295161042,0.5883034527713598,0.5883034527713598,0.0,0.0,0.9543067561639647,0.5036528107059041,1.0,40.554244605955475,17.62784837470664,65.22684639255304,408.4397360978819,"[-59.99999999999999, -59.99999999999999, 0.0, 0.0, 0.0, -75.0, -45.0, 0.0, 0.0, 0.0, -90.0, -29.999999999999996, 0.0, 0.0, -75.0, -75.0, 0.0, 0.0, 0.0, -90.0, -59.99999999999999, 0.0, 0.0, 0.0, -105.00000000000001, 165.0, 0.0, 0.0, 0.0, 0.0, -119.99999999999999, 59.99999999999999, -75.0, -45.0, 0.0, 0.0, 0.0, 0.0, 90.0, 29.999999999999996, 0.0, 0.0, 29.999999999999996, 45.0, 0.0, 0.0, 0.0]",3.031647076058377,8.636881519068869,4.531582568712313,5.508595556037851,4.848916770784997,False
34,408.4402524636184,10,49.20012832337906,226.1815569883747,-5.479856000323659,25.92207043049936,0.0,124.10448623730923,4.936949510941519,-3.7978645499086894,-13.215521929424513,0.5883034527713598,0.5883034527713598,0.0,0.0,0.9543067561639647,0.5036528107059041,1.0,40.554244605955475,17.62784837470664,65.22684639255304,408.4402524636184,"[-59.99999999999999, -59.99999999999999, 0.0, 0.0, 0.0, -75.0, -45.0, 0.0, 0.0, 0.0, -90.0, -29.999999999999996, 0.0, 0.0, -75.0, -75.0, 0.0, 0.0, 0.0, -90.0, -59.99999999999999, 0.0, 0.0, 0.0, -105.00000000000001, 165.0, 0.0, 0.0, 0.0, 0.0, -119.99999999999999, 59.99999999999999, -75.0, -45.0, 0.0, 0.0, 0.0, 0.0, 90.0, 29.999999999999996, 0.0, 0.0, 29.999999999999996, 75.0, 0.0, 0.0, 0.0]",3.031647076058377,8.636881519068869,4.531582568712313,5.508595556037851,4.848916770784997,False
35,408.4408399724823,10,49.20012832337906,226.1815569883747,-5.479856000323659,25.92207043049936,0.0,124.10448623730923,4.936949510941519,-3.7978645499086894,-13.214934420560628,0.5883034527713598,0.5883034527713598,0.0,0.0,0.9543067561639647,0.5036528107059041,1.0,40.554244605955475,17.62784837470664,65.22684639255304,408.4408399724823,"[-59.99999999999999, -59.99999999999999, 0.0, 0.0, 0.0, -75.0, -45.0, 0.0, 0.0, 0.0, -90.0, -29.999999999999996, 0.0, 0.0, -75.0, -75.0, 0.0, 0.0, 0.0, -90.0, -59.99999999999999, 0.0, 0.0, 0.0, -105.00000000000001, 165.0, 0.0, 0.0, 0.0, 0.0, -119.99999999999999, 59.99999999999999, -75.0, -45.0, 0.0, 0.0, 0.0, 0.0, 90.0, 29.999999999999996, 0.0, 0.0, 29.999999999999996, 59.99999999999999, 0.0, 0.0, 0.0]",3.031647076058377,8.636881519068869,4.531582568712313,5.508595556037851,4.848916770784997,False
36,408.6048373441531,10,49.20012832337906,226.1815569883747,-5.479856000323659,25.92207043049936,0.0,124.10448623730923,4.936949510941519,-3.7978645499086894,-13.05093704888983,0.5883034527713598,0.5883034527713598,0.0,0.0,0.9543067561639647,0.5036528107059041,1.0,40.554244605955475,17.62784837470664,65.22684639255304,408.6048373441531,"[-45.0, -59.99999999999999, 0.0, 0.0, 0.0, -75.0, -45.0, 0.0, 0.0, 0.0, -90.0, -29.999999999999996, 0.0, 0.0, -75.0, -75.0, 0.0, 0.0, 0.0, -90.0, -59.99999999999999, 0.0, 0.0, 0.0, -105.00000000000001, 165.0, 0.0, 0.0, 0.0, 0.0, -119.99999999999999, 59.99999999999999, -75.0, -45.0, 0.0, 0.0, 0.0, 0.0, 90.0, 29.999999999999996, 0.0, 0.0, 29.999999999999996, 14.999999999999998, 0.0, 0.0, 0.0]",3.031647076058377,8.636881519068869,4.531582568712313,5.508595556037851,4.848916770784997,False
37,408.61288727077175,10,49.20012832337906,226.1815569883747,-5.479856000323659,25.92207043049936,0.0,124.10448623730923,4.936949510941519,-3.7978645499086894,-13.042887122271178,0.5883034527713598,0.5883034527713598,0.0,0.0,0.9543067561639647,0.5036528107059041,1.0,40.554244605955475,17.62784837470664,65.22684639255304,408.61288727077175,"[-45.0, -59.99999999999999, 0.0, 0.0, 0.0, -75.0, -45.0, 0.0, 0.0, 0.0, -90.0, -29.999999999999996, 0.0, 0.0, -75.0, -75.0, 0.0, 0.0, 0.0, -90.0, -59.99999999999999, 0.0, 0.0, 0.0, -105.00000000000001, 165.0, 0.0, 0.0, 0.0, 0.0, -119.99999999999999, 59.99999999999999, -75.0, -45.0, 0.0, 0.0, 0.0, 0.0, 90.0, 29.999999999999996, 0.0, 0.0, 29.999999999999996, 29.999999999999996, 0.0, 0.0, 0.0]",3.031647076058377,8.636881519068869,4.531582568712313,5.508595556037851,4.848916770784997,False
38,408.6166715162018,10,49.20012832337906,226.1815569883747,-5.479856000323659,25.92207043049936,0.0,124.10448623730923,4.936949510941519,-3.7978645499086894,-13.039102876841145,0.5883034527713598,0.5883034527713598,0.0,0.0,0.9543067561639647,0.5036528107059041,1.0,40.554244605955475,17.62784837470664,65.22684639255304,408.6166715162018,"[-45.0, -59.99999999999999, 0.0, 0.0, 0.0, -75.0, -45.0, 0.0, 0.0, 0.0, -90.0, -29.999999999999996, 0.0, 0.0, -75.0, -75.0, 0.0, 0.0, 0.0, -90.0, -59.99999999999999, 0.0, 0.0, 0.0, -105.00000000000001, 165.0, 0.0, 0.0, 0.0, 0.0, -119.99999999999999, 59.99999999999999, -75.0, -45.0, 0.0, 0.0, 0.0, 0.0, 90.0, 29.999999999999996, 0.0, 0.0, 29.999999999999996, 45.0, 0.0, 0.0, 0.0]",3.031647076058377,8.636881519068869,4.531582568712313,5.508595556037851,4.848916770784997,False
39,408.6171878819383,10,49.20012832337906,226.1815569883747,-5.479856000323659,25.92207043049936,0.0,124.10448623730923,4.936949510941519,-3.7978645499086894,-13.038586511104617,0.5883034527713598,0.5883034527713598,0.0,0.0,0.9543067561639647,0.5036528107059041,1.0,40.554244605955475,17.62784837470664,65.22684639255304,408.6171878819383,"[-45.0, -59.99999999999999, 0.0, 0.0, 0.0, -75.0, -45.0, 0.0, 0.0, 0.0, -90.0, -29.999999999999996, 0.0, 0.0, -75.0, -75.0, 0.0, 0.0, 0.0, -90.0, -59.99999999999999, 0.0, 0.0, 0.0, -105.00000000000001, 165.0, 0.0, 0.0, 0.0, 0.0, -119.99999999999999, 59.99999999999999, -75.0, -45.0, 0.0, 0.0, 0.0, 0.0, 90.0, 29.999999999999996, 0.0, 0.0, 29.999999999999996, 75.0, 0.0, 0.0, 0.0]",3.031647076058377,8.636881519068869,4.531582568712313,5.508595556037851,4.848916770784997,False
40,408.6177753908022,10,49.20012832337906,226.1815569883747,-5.479856000323659,25.92207043049936,0.0,124.10448623730923,4.936949510941519,-3.7978645499086894,-13.037999002240731,0.5883034527713598,0.5883034527713598,0.0,0.0,0.9543067561639647,0.5036528107059041,1.0,40.554244605955475,17.62784837470664,65.22684639255304,408.6177753908022,"[-45.0, -59.99999999999999, 0.0, 0.0, 0.0, -75.0, -45.0, 0.0, 0.0, 0.0, -90.0, -29.999999999999996, 0.0, 0.0, -75.0, -75.0, 0.0, 0.0, 0.0, -90.0, -59.99999999999999, 0.0, 0.0, 0.0, -105.00000000000001, 165.0, 0.0, 0.0, 0.0, 0.0, -119.99999999999999, 59.99999999999999, -75.0, -45.0, 0.0, 0.0, 0.0, 0.0, 90.0, 29.999999999999996, 0.0, 0.0, 29.999999999999996, 59.99999999999999, 0.0, 0.0, 0.0]",3.031647076058377,8.636881519068869,4.531582568712313,5.508595556037851,4.848916770784997,False
41,408.7446307310426,10,24.068915697096315,252.5622471212889,-0.7833932832799672,24.924294843985948,0.0,122.08566113918661,4.936949510941519,-3.7978645499086894,-15.840483201039358,0.5883034527713598,0.5883034527713598,0.0,0.0,0.9489773238138809,0.44032283257675014,1.0,40.555033006778665,15.411299140186255,66.65409827380184,408.7446307310426,"[-59.99999999999999, -59.99999999999999, 0.0, 0.0, 0.0, -75.0, -45.0, 0.0, 0.0, 0.0, -90.0, -29.999999999999996, 0.0, 0.0, -75.0, -75.0, 0.0, 0.0, 0.0, -90.0, -59.99999999999999, 0.0, 0.0, 0.0, -105.00000000000001, 165.0, 0.0, 0.0, 0.0, 0.0, -119.99999999999999, 59.99999999999999, -90.0, -59.99999999999999, 0.0, 0.0, 0.0, 0.0, -165.0, 165.0, 0.0, 0.0, -135.0, 150.0, 0.0, 0.0, 0.0]",3.2142433568938955,7.694033531972395,4.387608240230677,5.508595556037851,4.848916770784997,False
42,408.90558790737424,10,24.068915697096315,252.5622471212889,-0.7833932832799672,24.924294843985948,0.0,122.08566113918661,4.936949510941519,-3.7978645499086894,-15.679526024707748,0.5883034527713598,0.5883034527713598,0.0,0.0,0.9489773238138809,0.44032283257675014,1.0,40.555033006778665,15.411299140186255,66.65409827380184,408.90558790737424,"[-59.99999999999999, -59.99999999999999, 0.0, 0.0, 0.0, -75.0, -45.0, 0.0, 0.0, 0.0, -90.0, -29.999999999999996, 0.0, 0.0, -75.0, -75.0, 0.0, 0.0, 0.0, -90.0, -59.99999999999999, 0.0, 0.0, 0.0, -105.00000000000001, 165.0, 0.0, 0.0, 0.0, 0.0, -119.99999999999999, 59.99999999999999, -90.0, -59.99999999999999, 0.0, 0.0, 0.0, 0.0, -165.0, 165.0, 0.0, 0.0, -135.0, 135.0, 0.0, 0.0, 0.0]",3.2142433568938955,7.694033531972395,4.387608240230677,5.508595556037851,4.848916770784997,False
43,409.27558709720114,10,24.068915697096315,252.5622471212889,-0.7833932832799672,24.924294843985948,0.0,122.08566113918661,4.936949510941519,-3.7978645499086894,-15.309526834880854,0.5883034527713598,0.5883034527713598,0.0,0.0,0.9489773238138809,0.44032283257675014,1.0,40.555033006778665,15.411299140186255,66.65409827380184,409.27558709720114,"[-59.99999999999999, -59.99999999999999, 0.0, 0.0, 0.0, -75.0, -45.0, 0.0, 0.0, 0.0, -90.0, -29.999999999999996, 0.0, 0.0, -75.0, -75.0, 0.0, 0.0, 0.0, -90.0, -59.99999999999999, 0.0, 0.0, 0.0, -105.00000000000001, 165.0, 0.0, 0.0, 0.0, 0.0, -119.99999999999999, 59.99999999999999, -90.0, -59.99999999999999, 0.0, 0.0, 0.0, 0.0, -165.0, 165.0, 0.0, 0.0, -135.0, 165.0, 0.0, 0.0, 0.0]",3.2142433568938955,7.694033531972395,4.387608240230677,5.508595556037851,4.848916770784997,False
44,409.87721197333866,10,38.07184825472384,170.53542840299016,-0.6664978428089781,25.825928636456865,0.0,186.74755245733658,4.936949510941519,-3.7978645499086894,-12.364436349163991,0.5883034527713598,0.5883034527713598,0.0,0.0,0.9655483983024261,0.5526054424964445,1.0,42.41171020615,19.341190487375556,66.67673812979253,409.87721197333866,"[-59.99999999999999, -59.99999999999999, 0.0, 0.0, 0.0, -75.0, -45.0, 0.0, 0.0, 0.0, -90.0, -29.999999999999996, 0.0, 0.0, -75.0, -75.0, 0.0, 0.0, 0.0, -90.0, -59.99999999999999, 0.0, 0.0, 0.0, -105.00000000000001, 165.0, 0.0, 0.0, 0.0, 0.0, -119.99999999999999, 59.99999999999999, -90.0, -45.0, 0.0, 0.0, 0.0, 0.0, 90.0, 14.999999999999998, 0.0, 0.0, 59.99999999999999, 14.999999999999998, 0.0, 0.0, 0.0]",2.9246317773817463,8.25941472978325,4.478266511242225,5.508595556037851,4.848916770784997,False
45,409.8775870116355,10,38.07184825472384,170.53542840299016,-0.6664978428089781,25.825928636456865,0.0,186.74755245733658,4.936949510941519,-3.7978645499086894,-12.36406131086718,0.5883034527713598,0.5883034527713598,0.0,0.0,0.9655483983024261,0.5526054424964445,1.0,42.41171020615,19.341190487375556,66.67673812979253,409.8775870116355,"[-59.99999999999999, -59.99999999999999, 0.0, 0.0, 0.0, -75.0, -45.0, 0.0, 0.0, 0.0, -90.0, -29.999999999999996, 0.0, 0.0, -75.0, -75.0, 0.0, 0.0, 0.0, -90.0, -59.99999999999999, 0.0, 0.0, 0.0, -105.00000000000001, 165.0, 0.0, 0.0, 0.0, 0.0, -119.99999999999999, 59.99999999999999, -90.0, -45.0, 0.0, 0.0, 0.0, 0.0, 90.0, 14.999999999999998, 0.0, 0.0, 59.99999999999999, 29.999999999999996, 0.0, 0.0, 0.0]",2.9246317773817463,8.25941472978325,4.478266511242225,5.508595556037851,4.848916770784997,False
46,409.8777680092617,10,38.07184825472384,170.53542840299016,-0.6664978428089781,25.825928636456865,0.0,186.74755245733658,4.936949510941519,-3.7978645499086894,-12.363880313240982,0.5883034527713598,0.5883034527713598,0.0,0.0,0.9655483983024261,0.5526054424964445,1.0,42.41171020615,19.341190487375556,66.67673812979253,409.8777680092617,"[-59.99999999999999, -59.99999999999999, 0.0, 0.0, 0.0, -75.0, -45.0, 0.0, 0.0, 0.0, -90.0, -29.999999999999996, 0.0, 0.0, -75.0, -75.0, 0.0, 0.0, 0.0, -90.0, -59.99999999999999, 0.0, 0.0, 0.0, -105.00000000000001, 165.0, 0.0, 0.0, 0.0, 0.0, -119.99999999999999, 59.99999999999999, -90.0, -45.0, 0.0, 0.0, 0.0, 0.0, 90.0, 14.999999999999998, 0.0, 0.0, 59.99999999999999, 45.0, 0.0, 0.0, 0.0]",2.9246317773817463,8.25941472978325,4.478266511242225,5.508595556037851,4.848916770784997,False
47,409.87778706568537,10,38.07184825472384,170.53542840299016,-0.6664978428089781,25.825928636456865,0.0,186.74755245733658,4.936949510941519,-3.7978645499086894,-12.363861256817307,0.5883034527713598,0.5883034527713598,0.0,0.0,0.9655483983024261,0.5526054424964445,1.0,42.41171020615,19.341190487375556,66.67673812979253,409.87778706568537,"[-59.99999999999999, -59.99999999999999, 0.0, 0.0, 0.0, -75.0, -45.0, 0.0, 0.0, 0.0, -90.0, -29.999999999999996, 0.0, 0.0, -75.0, -75.0, 0.0, 0.0, 0.0, -90.0, -59.99999999999999, 0.0, 0.0, 0.0, -105.00000000000001, 165.0, 0.0, 0.0, 0.0, 0.0, -119.99999999999999, 59.99999999999999, -90.0, -45.0, 0.0, 0.0, 0.0, 0.0, 90.0, 14.999999999999998, 0.0, 0.0, 59.99999999999999, 75.0, 0.0, 0.0, 0.0]",2.9246317773817463,8.25941472978325,4.478266511242225,5.508595556037851,4.848916770784997,False
48,409.87782053531873,10,38.07184825472384,170.53542840299016,-0.6664978428089781,25.825928636456865,0.0,186.74755245733658,4.936949510941519,-3.7978645499086894,-12.363827787183915,0.5883034527713598,0.5883034527713598,0.0,0.0,0.9655483983024261,0.5526054424964445,1.0,42.41171020615,19.341190487375556,66.67673812979253,409.87782053531873,"[-59.99999999999999, -59.99999999999999, 0.0, 0.0, 0.0, -75.0, -45.0, 0.0, 0.0, 0.0, -90.0, -29.999999999999996, 0.0, 0.0, -75.0, -75.0, 0.0, 0.0, 0.0, -90.0, -59.99999999999999, 0.0, 0.0, 0.0, -105.00000000000001, 165.0, 0.0, 0.0, 0.0, 0.0, -119.99999999999999, 59.99999999999999, -90.0, -45.0, 0.0, 0.0, 0.0, 0.0, 90.0, 14.999999999999998, 0.0, 0.0, 59.99999999999999, 59.99999999999999, 0.0, 0.0, 0.0]",2.9246317773817463,8.25941472978325,4.478266511242225,5.508595556037851,4.848916770784997,False
49,409.95582852263146,10,24.068915697096315,252.5622471212889,-0.7833932832799672,24.924294843985948,0.0,122.08566113918661,4.936949510941519,-3.7978645499086894,-14.629285409450539,0.5883034527713598,0.5883034527713598,0.0,0.0,0.9489773238138809,0.44032283257675014,1.0,40.555033006778665,15.411299140186255,66.65409827380184,409.95582852263146,"[-59.99999999999999, -59.99999999999999, 0.0, 0.0, 0.0, -75.0, -45.0, 0.0, 0.0, 0.0, -90.0, -29.999999999999996, 0.0, 0.0, -75.0, -75.0, 0.0, 0.0, 0.0, -90.0, -59.99999999999999, 0.0, 0.0, 0.0, -105.00000000000001, 165.0, 0.0, 0.0, 0.0, 0.0, -119.99999999999999, 59.99999999999999, -90.0, -59.99999999999999, 0.0, 0.0, 0.0, 0.0, -165.0, 165.0, 0.0, 0.0, -135.0, 119.99999999999999, 0.0, 0.0, 0.0]",3.2142433568938955,7.694033531972395,4.387608240230677,5.508595556037851,4.848916770784997,False
50,411.6372605824289,10,24.068915697096315,252.5622471212889,-0.7833932832799672,24.924294843985948,0.0,122.08566113918661,4.936949510941519,-3.7978645499086894,-12.947853349653109,0.5883034527713598,0.5883034527713598,0.0,0.0,0.9489773238138809,0.44032283257675014,1.0,40.555033006778665,15.411299140186255,66.65409827380184,411.6372605824289,"[-59.99999999999999, -59.99999999999999, 0.0, 0.0, 0.0, -75.0, -45.0, 0.0, 0.0, 0.0, -90.0, -29.999999999999996, 0.0, 0.0, -75.0, -75.0, 0.0, 0.0, 0.0, -90.0, -59.99999999999999, 0.0, 0.0, 0.0, -105.00000000000001, 165.0, 0.0, 0.0, 0.0, 0.0, -119.99999999999999, 59.99999999999999, -90.0, -59.99999999999999, 0.0, 0.0, 0.0, 0.0, -165.0, 165.0, 0.0, 0.0, -135.0, 105.00000000000001, 0.0, 0.0, 0.0]",3.2142433568938955,7.694033531972395,4.387608240230677,5.508595556037851,4.848916770784997,False
51,413.3954650970426,10,28.474199343982576,241.20505602796456,-0.7833932832799672,25.13942003634065,0.0,133.65773563328918,4.936949510941519,-3.7978645499086894,-16.024941075058646,0.5883034527713598,0.5883034527713598,0.0,0.0,0.9512717058529365,0.41422277207352104,1.0,40.89331862183066,14.497797022573236,67.20837229015184,413.3954650970426,"[-59.99999999999999, -59.99999999999999, 0.0, 0.0, 0.0, -75.0, -45.0, 0.0, 0.0, 0.0, -90.0, -29.999999999999996, 0.0, 0.0, -75.0, -75.0, 0.0, 0.0, 0.0, -90.0, -59.99999999999999, 0.0, 0.0, 0.0, -105.00000000000001, 165.0, 0.0, 0.0, 0.0, 0.0, -119.99999999999999, 59.99999999999999, -90.0, -59.99999999999999, 0.0, 0.0, 0.0, 0.0, -150.0, 165.0, 0.0, 0.0, -150.0, 150.0, 0.0, 0.0, 0.0]",3.2933934497086987,7.886386362011926,4.372346150164563,5.508595556037851,4.848916770784997,False
52,413.50397357321094,10,28.474199343982576,241.20505602796456,-0.7833932832799672,25.13942003634065,0.0,133.65773563328918,4.936949510941519,-3.7978645499086894,-15.916432598890225,0.5883034527713598,0.5883034527713598,0.0,0.0,0.9512717058529365,0.41422277207352104,1.0,40.89331862183066,14.497797022573236,67.20837229015184,413.50397357321094,"[-59.99999999999999, -59.99999999999999, 0.0, 0.0, 0.0, -75.0, -45.0, 0.0, 0.0, 0.0, -90.0, -29.999999999999996, 0.0, 0.0, -75.0, -75.0, 0.0, 0.0, 0.0, -90.0, -59.99999999999999, 0.0, 0.0, 0.0, -105.00000000000001, 165.0, 0.0, 0.0, 0.0, 0.0, -119.99999999999999, 59.99999999999999, -90.0, -59.99999999999999, 0.0, 0.0, 0.0, 0.0, -150.0, 165.0, 0.0, 0.0, -150.0, 135.0, 0.0, 0.0, 0.0]",3.2933934497086987,7.886386362011926,4.372346150164563,5.508595556037851,4.848916770784997,False
53,413.86079179215375,10,28.474199343982576,241.20505602796456,-0.7833932832799672,25.13942003634065,0.0,133.65773563328918,4.936949510941519,-3.7978645499086894,-15.559614379947435,0.5883034527713598,0.5883034527713598,0.0,0.0,0.9512717058529365,0.41422277207352104,1.0,40.89331862183066,14.497797022573236,67.20837229015184,413.86079179215375,"[-59.99999999999999, -59.99999999999999, 0.0, 0.0, 0.0, -75.0, -45.0, 0.0, 0.0, 0.0, -90.0, -29.999999999999996, 0.0, 0.0, -75.0, -75.0, 0.0, 0.0, 0.0, -90.0, -59.99999999999999, 0.0, 0.0, 0.0, -105.00000000000001, 165.0, 0.0, 0.0, 0.0, 0.0, -119.99999999999999, 59.99999999999999, -90.0, -59.99999999999999, 0.0, 0.0, 0.0, 0.0, -150.0, 165.0, 0.0, 0.0, -150.0, 165.0, 0.0, 0.0, 0.0]",3.2933934497086987,7.886386362011926,4.372346150164563,5.508595556037851,4.848916770784997,False
54,414.3491167388432,10,28.474199343982576,241.20505602796456,-0.7833932832799672,25.13942003634065,0.0,133.65773563328918,4.936949510941519,-3.7978645499086894,-15.071289433258006,0.5883034527713598,0.5883034527713598,0.0,0.0,0.9512717058529365,0.41422277207352104,1.0,40.89331862183066,14.497797022573236,67.20837229015184,414.3491167388432,"[-59.99999999999999, -59.99999999999999, 0.0, 0.0, 0.0, -75.0, -45.0, 0.0, 0.0, 0.0, -90.0, -29.999999999999996, 0.0, 0.0, -75.0, -75.0, 0.0, 0.0, 0.0, -90.0, -59.99999999999999, 0.0, 0.0, 0.0, -105.00000000000001, 165.0, 0.0, 0.0, 0.0, 0.0, -119.99999999999999, 59.99999999999999, -90.0, -59.99999999999999, 0.0, 0.0, 0.0, 0.0, -150.0, 165.0, 0.0, 0.0, -150.0, 119.99999999999999, 0.0, 0.0, 0.0]",3.2933934497086987,7.886386362011926,4.372346150164563,5.508595556037851,4.848916770784997,False
55,415.7122883553705,10,28.474199343982576,241.20505602796456,-0.7833932832799672,25.13942003634065,0.0,133.65773563328918,4.936949510941519,-3.7978645499086894,-13.708117816730713,0.5883034527713598,0.5883034527713598,0.0,0.0,0.9512717058529365,0.41422277207352104,1.0,40.89331862183066,14.497797022573236,67.20837229015184,415.7122883553705,"[-59.99999999999999, -59.99999999999999, 0.0, 0.0, 0.0, -75.0, -45.0, 0.0, 0.0, 0.0, -90.0, -29.999999999999996, 0.0, 0.0, -75.0, -75.0, 0.0, 0.0, 0.0, -90.0, -59.99999999999999, 0.0, 0.0, 0.0, -105.00000000000001, 165.0, 0.0, 0.0, 0.0, 0.0, -119.99999999999999, 59.99999999999999, -90.0, -59.99999999999999, 0.0, 0.0, 0.0, 0.0, -150.0, 165.0, 0.0, 0.0, -150.0, 105.00000000000001, 0.0, 0.0, 0.0]",3.2933934497086987,7.886386362011926,4.372346150164563,5.508595556037851,4.848916770784997,False
56,415.9268174930621,10,30.211994445202563,125.22066009688177,-0.6664978428089781,25.916604886020366,0.0,247.91202494683392,4.936949510941519,-3.7978645499086894,-14.395357452871735,0.5883034527713598,0.5883034527713598,0.0,0.0,0.9747028969501249,0.6222947514945784,1.0,43.56624097833969,21.780316302310244,67.24680607819937,415.9268174930621,"[-59.99999999999999, -59.99999999999999, 0.0, 0.0, 0.0, -75.0, -45.0, 0.0, 0.0, 0.0, -90.0, -29.999999999999996, 0.0, 0.0, -75.0, -75.0, 0.0, 0.0, 0.0, -90.0, -59.99999999999999, 0.0, 0.0, 0.0, -105.00000000000001, 165.0, 0.0, 0.0, 0.0, 0.0, -119.99999999999999, 59.99999999999999, -90.0, -45.0, 0.0, 0.0, 0.0, 0.0, 90.0, 75.0, 0.0, 0.0, -29.999999999999996, -45.0, 0.0, 0.0, 0.0]",2.9328610938036817,7.958129144093229,4.473538298262536,5.508595556037851,4.848916770784997,False
57,416.1103103478444,10,30.211994445202563,125.22066009688177,-0.6664978428089781,25.916604886020366,0.0,247.91202494683392,4.936949510941519,-3.7978645499086894,-14.211864598089427,0.5883034527713598,0.5883034527713598,0.0,0.0,0.9747028969501249,0.6222947514945784,1.0,43.56624097833969,21.780316302310244,67.24680607819937,416.1103103478444,"[-59.99999999999999, -59.99999999999999, 0.0, 0.0, 0.0, -75.0, -45.0, 0.0, 0.0, 0.0, -90.0, -29.999999999999996, 0.0, 0.0, -75.0, -75.0, 0.0, 0.0, 0.0, -90.0, -59.99999999999999, 0.0, 0.0, 0.0, -105.00000000000001, 165.0, 0.0, 0.0, 0.0, 0.0, -119.99999999999999, 59.99999999999999, -90.0, -45.0, 0.0, 0.0, 0.0, 0.0, 90.0, 75.0, 0.0, 0.0, -29.999999999999996, -59.99999999999999, 0.0, 0.0, 0.0]",2.9328610938036817,7.958129144093229,4.473538298262536,5.508595556037851,4.848916770784997,False
58,416.2039456719753,10,30.211994445202563,125.22066009688177,-0.6664978428089781,25.916604886020366,0.0,247.91202494683392,4.936949510941519,-3.7978645499086894,-14.118229273958535,0.5883034527713598,0.5883034527713598,0.0,0.0,0.9747028969501249,0.6222947514945784,1.0,43.56624097833969,21.780316302310244,67.24680607819937,416.2039456719753,"[-59.99999999999999, -59.99999999999999, 0.0, 0.0, 0.0, -75.0, -45.0, 0.0, 0.0, 0.0, -90.0, -29.999999999999996, 0.0, 0.0, -75.0, -75.0, 0.0, 0.0, 0.0, -90.0, -59.99999999999999, 0.0, 0.0, 0.0, -105.00000000000001, 165.0, 0.0, 0.0, 0.0, 0.0, -119.99999999999999, 59.99999999999999, -90.0, -45.0, 0.0, 0.0, 0.0, 0.0, 90.0, 75.0, 0.0, 0.0, -29.999999999999996, -29.999999999999996, 0.0, 0.0, 0.0]",2.9328610938036817,7.958129144093229,4.473538298262536,5.508595556037851,4.848916770784997,False
59,416.6261464932206,10,30.211994445202563,125.22066009688177,-0.6664978428089781,25.916604886020366,0.0,247.91202494683392,4.936949510941519,-3.7978645499086894,-13.696028452713293,0.5883034527713598,0.5883034527713598,0.0,0.0,0.9747028969501249,0.6222947514945784,1.0,43.56624097833969,21.780316302310244,67.24680607819937,416.6261464932206,"[-59.99999999999999, -59.99999999999999, 0.0, 0.0, 0.0, -75.0, -45.0, 0.0, 0.0, 0.0, -90.0, -29.999999999999996, 0.0, 0.0, -75.0, -75.0, 0.0, 0.0, 0.0, -90.0, -59.99999999999999, 0.0, 0.0, 0.0, -105.00000000000001, 165.0, 0.0, 0.0, 0.0, 0.0, -119.99999999999999, 59.99999999999999, -90.0, -45.0, 0.0, 0.0, 0.0, 0.0, 90.0, 75.0, 0.0, 0.0, -29.999999999999996, -75.0, 0.0, 0.0, 0.0]",2.9328610938036817,7.958129144093229,4.473538298262536,5.508595556037851,4.848916770784997,False
60,416.8047683670242,10,30.211994445202563,125.22066009688177,-0.6664978428089781,25.916604886020366,0.0,247.91202494683392,4.936949510941519,-3.7978645499086894,-13.517406578909647,0.5883034527713598,0.5883034527713598,0.0,0.0,0.9747028969501249,0.6222947514945784,1.0,43.56624097833969,21.780316302310244,67.24680607819937,416.8047683670242,"[-59.99999999999999, -59.99999999999999, 0.0, 0.0, 0.0, -75.0, -45.0, 0.0, 0.0, 0.0, -90.0, -29.999999999999996, 0.0, 0.0, -75.0, -75.0, 0.0, 0.0, 0.0, -90.0, -59.99999999999999, 0.0, 0.0, 0.0, -105.00000000000001, 165.0, 0.0, 0.0, 0.0, 0.0, -119.99999999999999, 59.99999999999999, -90.0, -45.0, 0.0, 0.0, 0.0, 0.0, 90.0, 75.0, 0.0, 0.0, -29.999999999999996, -14.999999999999998, 0.0, 0.0, 0.0]",2.9328610938036817,7.958129144093229,4.473538298262536,5.508595556037851,4.848916770784997,False
61,417.98474231585544,10,30.211994445202563,125.22066009688177,-0.6664978428089781,25.916604886020366,0.0,247.91202494683392,4.936949510941519,-3.7978645499086894,-12.337432630078435,0.5883034527713598,0.5883034527713598,0.0,0.0,0.9747028969501249,0.6222947514945784,1.0,43.56624097833969,21.780316302310244,67.24680607819937,417.98474231585544,"[-59.99999999999999, -59.99999999999999, 0.0, 0.0, 0.0, -75.0, -45.0, 0.0, 0.0, 0.0, -90.0, -29.999999999999996, 0.0, 0.0, -75.0, -75.0, 0.0, 0.0, 0.0, -90.0, -59.99999999999999, 0.0, 0.0, 0.0, -105.00000000000001, 165.0, 0.0, 0.0, 0.0, 0.0, -119.99999999999999, 59.99999999999999, -90.0, -45.0, 0.0, 0.0, 0.0, 0.0, 90.0, 75.0, 0.0, 0.0, -29.999999999999996, 150.0, 0.0, 0.0, 0.0]",2.9328610938036817,7.958129144093229,4.473538298262536,5.508595556037851,4.848916770784997,False
62,418.0322119207642,10,30.211994445202563,125.22066009688177,-0.6664978428089781,25.916604886020366,0.0,247.91202494683392,4.936949510941519,-3.7978645499086894,-12.289963025169637,0.5883034527713598,0.5883034527713598,0.0,0.0,0.9747028969501249,0.6222947514945784,1.0,43.56624097833969,21.780316302310244,67.24680607819937,418.0322119207642,"[-59.99999999999999, -59.99999999999999, 0.0, 0.0, 0.0, -75.0, -45.0, 0.0, 0.0, 0.0, -90.0, -29.999999999999996, 0.0, 0.0, -75.0, -75.0, 0.0, 0.0, 0.0, -90.0, -59.99999999999999, 0.0, 0.0, 0.0, -105.00000000000001, 165.0, 0.0, 0.0, 0.0, 0.0, -119.99999999999999, 59.99999999999999, -90.0, -45.0, 0.0, 0.0, 0.0, 0.0, 90.0, 75.0, 0.0, 0.0, -29.999999999999996, 135.0, 0.0, 0.0, 0.0]",2.9328610938036817,7.958129144093229,4.473538298262536,5.508595556037851,4.848916770784997,False
63,418.11522618400016,10,30.211994445202563,125.22066009688177,-0.6664978428089781,25.916604886020366,0.0,247.91202494683392,4.936949510941519,-3.7978645499086894,-12.206948761933669,0.5883034527713598,0.5883034527713598,0.0,0.0,0.9747028969501249,0.6222947514945784,1.0,43.56624097833969,21.780316302310244,67.24680607819937,418.11522618400016,"[-59.99999999999999, -59.99999999999999, 0.0, 0.0, 0.0, -75.0, -45.0, 0.0, 0.0, 0.0, -90.0, -29.999999999999996, 0.0, 0.0, -75.0, -75.0, 0.0, 0.0, 0.0, -90.0, -59.99999999999999, 0.0, 0.0, 0.0, -105.00000000000001, 165.0, 0.0, 0.0, 0.0, 0.0, -119.99999999999999, 59.99999999999999, -90.0, -45.0, 0.0, 0.0, 0.0, 0.0, 90.0, 75.0, 0.0, 0.0, -29.999999999999996, 119.99999999999999, 0.0, 0.0, 0.0]",2.9328610938036817,7.958129144093229,4.473538298262536,5.508595556037851,4.848916770784997,False
64,418.2314185713725,10,30.211994445202563,125.22066009688177,-0.6664978428089781,25.916604886020366,0.0,247.91202494683392,4.936949510941519,-3.7978645499086894,-12.090756374561353,0.5883034527713598,0.5883034527713598,0.0,0.0,0.9747028969501249,0.6222947514945784,1.0,43.56624097833969,21.780316302310244,67.24680607819937,418.2314185713725,"[-59.99999999999999, -59.99999999999999, 0.0, 0.0, 0.0, -75.0, -45.0, 0.0, 0.0, 0.0, -90.0, -29.999999999999996, 0.0, 0.0, -75.0, -75.0, 0.0, 0.0, 0.0, -90.0, -59.99999999999999, 0.0, 0.0, 0.0, -105.00000000000001, 165.0, 0.0, 0.0, 0.0, 0.0, -119.99999999999999, 59.99999999999999, -90.0, -45.0, 0.0, 0.0, 0.0, 0.0, 90.0, 75.0, 0.0, 0.0, -29.999999999999996, 105.00000000000001, 0.0, 0.0, 0.0]",2.9328610938036817,7.958129144093229,4.473538298262536,5.508595556037851,4.848916770784997,False
65,418.3609178317132,10,30.211994445202563,125.22066009688177,-0.6664978428089781,25.916604886020366,0.0,247.91202494683392,4.936949510941519,-3.7978645499086894,-11.96125711422065,0.5883034527713598,0.5883034527713598,0.0,0.0,0.9747028969501249,0.6222947514945784,1.0,43.56624097833969,21.780316302310244,67.24680607819937,418.3609178317132,"[-59.99999999999999, -59.99999999999999, 0.0, 0.0, 0.0, -75.0, -45.0, 0.0, 0.0, 0.0, -90.0, -29.999999999999996, 0.0, 0.0, -75.0, -75.0, 0.0, 0.0, 0.0, -90.0, -59.99999999999999, 0.0, 0.0, 0.0, -105.00000000000001, 165.0, 0.0, 0.0, 0.0, 0.0, -119.99999999999999, 59.99999999999999, -90.0, -45.0, 0.0, 0.0, 0.0, 0.0, 90.0, 75.0, 0.0, 0.0, -29.999999999999996, 90.0, 0.0, 0.0, 0.0]",2.9328610938036817,7.958129144093229,4.473538298262536,5.508595556037851,4.848916770784997,False
66,421.7274582187433,10,54.15791429486224,223.12923665704005,-5.479856000323659,25.916687250268943,0.0,135.50039144843774,4.936949510941519,-3.7978645499086894,-13.224303845346185,0.5883034527713598,0.5883034527713598,0.0,0.0,0.9549233865339313,0.49456214486746486,1.0,40.64988721470832,17.30967507036127,65.28302214262952,421.7274582187433,"[-59.99999999999999, -59.99999999999999, 0.0, 0.0, 0.0, -75.0, -45.0, 0.0, 0.0, 0.0, -90.0, -29.999999999999996, 0.0, 0.0, -75.0, -75.0, 0.0, 0.0, 0.0, -90.0, -59.99999999999999, 0.0, 0.0, 0.0, -105.00000000000001, 165.0, 0.0, 0.0, 0.0, 0.0, -119.99999999999999, 59.99999999999999, -75.0, -45.0, 0.0, 0.0, 0.0, 0.0, 90.0, 14.999999999999998, 0.0, 0.0, 45.0, 14.999999999999998, 0.0, 0.0, 0.0]",3.0351174072198974,8.791137016134766,4.54413030258528,5.508595556037851,4.848916770784997,False
67,421.7293825349532,10,54.15791429486224,223.12923665704005,-5.479856000323659,25.916687250268943,0.0,135.50039144843774,4.936949510941519,-3.7978645499086894,-13.22237952913632,0.5883034527713598,0.5883034527713598,0.0,0.0,0.9549233865339313,0.49456214486746486,1.0,40.64988721470832,17.30967507036127,65.28302214262952,421.7293825349532,"[-59.99999999999999, -59.99999999999999, 0.0, 0.0, 0.0, -75.0, -45.0, 0.0, 0.0, 0.0, -90.0, -29.999999999999996, 0.0, 0.0, -75.0, -75.0, 0.0, 0.0, 0.0, -90.0, -59.99999999999999, 0.0, 0.0, 0.0, -105.00000000000001, 165.0, 0.0, 0.0, 0.0, 0.0, -119.99999999999999, 59.99999999999999, -75.0, -45.0, 0.0, 0.0, 0.0, 0.0, 90.0, 14.999999999999998, 0.0, 0.0, 45.0, 29.999999999999996, 0.0, 0.0, 0.0]",3.0351174072198974,8.791137016134766,4.54413030258528,5.508595556037851,4.848916770784997,False
68,421.73029343499815,10,54.15791429486224,223.12923665704005,-5.479856000323659,25.916687250268943,0.0,135.50039144843774,4.936949510941519,-3.7978645499086894,-13.22146862909135,0.5883034527713598,0.5883034527713598,0.0,0.0,0.9549233865339313,0.49456214486746486,1.0,40.64988721470832,17.30967507036127,65.28302214262952,421.73029343499815,"[-59.99999999999999, -59.99999999999999, 0.0, 0.0, 0.0, -75.0, -45.0, 0.0, 0.0, 0.0, -90.0, -29.999999999999996, 0.0, 0.0, -75.0, -75.0, 0.0, 0.0, 0.0, -90.0, -59.99999999999999, 0.0, 0.0, 0.0, -105.00000000000001, 165.0, 0.0, 0.0, 0.0, 0.0, -119.99999999999999, 59.99999999999999, -75.0, -45.0, 0.0, 0.0, 0.0, 0.0, 90.0, 14.999999999999998, 0.0, 0.0, 45.0, 45.0, 0.0, 0.0, 0.0]",3.0351174072198974,8.791137016134766,4.54413030258528,5.508595556037851,4.848916770784997,False
69,421.73041024746055,10,54.15791429486224,223.12923665704005,-5.479856000323659,25.916687250268943,0.0,135.50039144843774,4.936949510941519,-3.7978645499086894,-13.22135181662898,0.5883034527713598,0.5883034527713598,0.0,0.0,0.9549233865339313,0.49456214486746486,1.0,40.64988721470832,17.30967507036127,65.28302214262952,421.73041024746055,"[-59.99999999999999, -59.99999999999999, 0.0, 0.0, 0.0, -75.0, -45.0, 0.0, 0.0, 0.0, -90.0, -29.999999999999996, 0.0, 0.0, -75.0, -75.0, 0.0, 0.0, 0.0, -90.0, -59.99999999999999, 0.0, 0.0, 0.0, -105.00000000000001, 165.0, 0.0, 0.0, 0.0, 0.0, -119.99999999999999, 59.99999999999999, -75.0, -45.0, 0.0, 0.0, 0.0, 0.0, 90.0, 14.999999999999998, 0.0, 0.0, 45.0, 75.0, 0.0, 0.0, 0.0]",3.0351174072198974,8.791137016134766,4.54413030258528,5.508595556037851,4.848916770784997,False
70,421.7305588008733,10,54.15791429486224,223.12923665704005,-5.479856000323659,25.916687250268943,0.0,135.50039144843774,4.936949510941519,-3.7978645499086894,-13.221203263216161,0.5883034527713598,0.5883034527713598,0.0,0.0,0.9549233865339313,0.49456214486746486,1.0,40.64988721470832,17.30967507036127,65.28302214262952,421.7305588008733,"[-59.99999999999999, -59.99999999999999, 0.0, 0.0, 0.0, -75.0, -45.0, 0.0, 0.0, 0.0, -90.0, -29.999999999999996, 0.0, 0.0, -75.0, -75.0, 0.0, 0.0, 0.0, -90.0, -59.99999999999999, 0.0, 0.0, 0.0, -105.00000000000001, 165.0, 0.0, 0.0, 0.0, 0.0, -119.99999999999999, 59.99999999999999, -75.0, -45.0, 0.0, 0.0, 0.0, 0.0, 90.0, 14.999999999999998, 0.0, 0.0, 45.0, 59.99999999999999, 0.0, 0.0, 0.0]",3.0351174072198974,8.791137016134766,4.54413030258528,5.508595556037851,4.848916770784997,False
71,421.9043936370632,10,54.15791429486224,223.12923665704005,-5.479856000323659,25.916687250268943,0.0,135.50039144843774,4.936949510941519,-3.7978645499086894,-13.047368427026289,0.5883034527713598,0.5883034527713598,0.0,0.0,0.9549233865339313,0.49456214486746486,1.0,40.64988721470832,17.30967507036127,65.28302214262952,421.9043936370632,"[-45.0, -59.99999999999999, 0.0, 0.0, 0.0, -75.0, -45.0, 0.0, 0.0, 0.0, -90.0, -29.999999999999996, 0.0, 0.0, -75.0, -75.0, 0.0, 0.0, 0.0, -90.0, -59.99999999999999, 0.0, 0.0, 0.0, -105.00000000000001, 165.0, 0.0, 0.0, 0.0, 0.0, -119.99999999999999, 59.99999999999999, -75.0, -45.0, 0.0, 0.0, 0.0, 0.0, 90.0, 14.999999999999998, 0.0, 0.0, 45.0, 14.999999999999998, 0.0, 0.0, 0.0]",3.0351174072198974,8.791137016134766,4.54413030258528,5.508595556037851,4.848916770784997,False
72,421.90631795327306,10,54.15791429486224,223.12923665704005,-5.479856000323659,25.916687250268943,0.0,135.50039144843774,4.936949510941519,-3.7978645499086894,-13.045444110816424,0.5883034527713598,0.5883034527713598,0.0,0.0,0.9549233865339313,0.49456214486746486,1.0,40.64988721470832,17.30967507036127,65.28302214262952,421.90631795327306,"[-45.0, -59.99999999999999, 0.0, 0.0, 0.0, -75.0, -45.0, 0.0, 0.0, 0.0, -90.0, -29.999999999999996, 0.0, 0.0, -75.0, -75.0, 0.0, 0.0, 0.0, -90.0, -59.99999999999999, 0.0, 0.0, 0.0, -105.00000000000001, 165.0, 0.0, 0.0, 0.0, 0.0, -119.99999999999999, 59.99999999999999, -75.0, -45.0, 0.0, 0.0, 0.0, 0.0, 90.0, 14.999999999999998, 0.0, 0.0, 45.0, 29.999999999999996, 0.0, 0.0, 0.0]",3.0351174072198974,8.791137016134766,4.54413030258528,5.508595556037851,4.848916770784997,False
73,421.90722885331803,10,54.15791429486224,223.12923665704005,-5.479856000323659,25.916687250268943,0.0,135.50039144843774,4.936949510941519,-3.7978645499086894,-13.044533210771453,0.5883034527713598,0.5883034527713598,0.0,0.0,0.9549233865339313,0.49456214486746486,1.0,40.64988721470832,17.30967507036127,65.28302214262952,421.90722885331803,"[-45.0, -59.99999999999999, 0.0, 0.0, 0.0, -75.0, -45.0, 0.0, 0.0, 0.0, -90.0, -29.999999999999996, 0.0, 0.0, -75.0, -75.0, 0.0, 0.0, 0.0, -90.0, -59.99999999999999, 0.0, 0.0, 0.0, -105.00000000000001, 165.0, 0.0, 0.0, 0.0, 0.0, -119.99999999999999, 59.99999999999999, -75.0, -45.0, 0.0, 0.0, 0.0, 0.0, 90.0, 14.999999999999998, 0.0, 0.0, 45.0, 45.0, 0.0, 0.0, 0.0]",3.0351174072198974,8.791137016134766,4.54413030258528,5.508595556037851,4.848916770784997,False
74,421.90734566578044,10,54.15791429486224,223.12923665704005,-5.479856000323659,25.916687250268943,0.0,135.50039144843774,4.936949510941519,-3.7978645499086894,-13.044416398309084,0.5883034527713598,0.5883034527713598,0.0,0.0,0.9549233865339313,0.49456214486746486,1.0,40.64988721470832,17.30967507036127,65.28302214262952,421.90734566578044,"[-45.0, -59.99999999999999, 0.0, 0.0, 0.0, -75.0, -45.0, 0.0, 0.0, 0.0, -90.0, -29.999999999999996, 0.0, 0.0, -75.0, -75.0, 0.0, 0.0, 0.0, -90.0, -59.99999999999999, 0.0, 0.0, 0.0, -105.00000000000001, 165.0, 0.0, 0.0, 0.0, 0.0, -119.99999999999999, 59.99999999999999, -75.0, -45.0, 0.0, 0.0, 0.0, 0.0, 90.0, 14.999999999999998, 0.0, 0.0, 45.0, 75.0, 0.0, 0.0, 0.0]",3.0351174072198974,8.791137016134766,4.54413030258528,5.508595556037851,4.848916770784997,False
75,421.90749421919327,10,54.15791429486224,223.12923665704005,-5.479856000323659,25.916687250268943,0.0,135.50039144843774,4.936949510941519,-3.7978645499086894,-13.044267844896265,0.5883034527713598,0.5883034527713598,0.0,0.0,0.9549233865339313,0.49456214486746486,1.0,40.64988721470832,17.30967507036127,65.28302214262952,421.90749421919327,"[-45.0, -59.99999999999999, 0.0, 0.0, 0.0, -75.0, -45.0, 0.0, 0.0, 0.0, -90.0, -29.999999999999996, 0.0, 0.0, -75.0, -75.0, 0.0, 0.0, 0.0, -90.0, -59.99999999999999, 0.0, 0.0, 0.0, -105.00000000000001, 165.0, 0.0, 0.0, 0.0, 0.0, -119.99999999999999, 59.99999999999999, -75.0, -45.0, 0.0, 0.0, 0.0, 0.0, 90.0, 14.999999999999998, 0.0, 0.0, 45.0, 59.99999999999999, 0.0, 0.0, 0.0]",3.0351174072198974,8.791137016134766,4.54413030258528,5.508595556037851,4.848916770784997,False
76,423.41837964766427,10,21.97781257813088,270.9358173519617,-0.7833932832799672,24.965825278600413,0.0,120.53572572708964,4.936949510941519,-3.7978645499086894,-15.94079641864258,0.5883034527713598,0.5883034527713598,0.0,0.0,0.9452654914440481,0.4341738040875347,1.0,40.282421269716885,15.196083143063714,66.68415338898443,423.41837964766427,"[-59.99999999999999, -59.99999999999999, 0.0, 0.0, 0.0, -75.0, -45.0, 0.0, 0.0, 0.0, -90.0, -29.999999999999996, 0.0, 0.0, -75.0, -75.0, 0.0, 0.0, 0.0, -90.0, -59.99999999999999, 0.0, 0.0, 0.0, -105.00000000000001, 165.0, 0.0, 0.0, 0.0, 0.0, -119.99999999999999, 59.99999999999999, -90.0, -59.99999999999999, 0.0, 0.0, 0.0, 0.0, -165.0, 150.0, 0.0, 0.0, -119.99999999999999, 150.0, 0.0, 0.0, 0.0]",3.2412525602066395,7.596559685681802,4.360114189482808,5.508595556037851,4.848916770784997,False
77,423.6404881576165,10,21.97781257813088,270.9358173519617,-0.7833932832799672,24.965825278600413,0.0,120.53572572708964,4.936949510941519,-3.7978645499086894,-15.71868790869037,0.5883034527713598,0.5883034527713598,0.0,0.0,0.9452654914440481,0.4341738040875347,1.0,40.282421269716885,15.196083143063714,66.68415338898443,423.6404881576165,"[-59.99999999999999, -59.99999999999999, 0.0, 0.0, 0.0, -75.0, -45.0, 0.0, 0.0, 0.0, -90.0, -29.999999999999996, 0.0, 0.0, -75.0, -75.0, 0.0, 0.0, 0.0, -90.0, -59.99999999999999, 0.0, 0.0, 0.0, -105.00000000000001, 165.0, 0.0, 0.0, 0.0, 0.0, -119.99999999999999, 59.99999999999999, -90.0, -59.99999999999999, 0.0, 0.0, 0.0, 0.0, -165.0, 150.0, 0.0, 0.0, -119.99999999999999, 135.0, 0.0, 0.0, 0.0]",3.2412525602066395,7.596559685681802,4.360114189482808,5.508595556037851,4.848916770784997,False
78,423.74781924031146,10,24.068915697096315,189.65703289449831,-0.7833932832799672,24.28398902322444,0.0,198.19867066327072,4.936949510941519,-3.7978645499086894,-13.40478416830259,0.5883034527713598,0.5883034527713598,0.0,0.0,0.9616854479001012,0.5719452514426788,1.0,43.704902550320256,20.01808380049376,68.21297649404573,423.74781924031146,"[-59.99999999999999, -59.99999999999999, 0.0, 0.0, 0.0, -75.0, -45.0, 0.0, 0.0, 0.0, -90.0, -29.999999999999996, 0.0, 0.0, -75.0, -75.0, 0.0, 0.0, 0.0, -90.0, -59.99999999999999, 0.0, 0.0, 0.0, -105.00000000000001, 165.0, 0.0, 0.0, 0.0, 0.0, -119.99999999999999, 59.99999999999999, -90.0, -59.99999999999999, 0.0, 0.0, 0.0, 0.0, -165.0, 165.0, 0.0, 0.0, 90.0, 14.999999999999998, 0.0, 0.0, 0.0]",3.2142433568938955,7.694033531972395,4.387608240230677,5.508595556037851,4.848916770784997,False
79,423.74782726518265,10,24.068915697096315,189.65703289449831,-0.7833932832799672,24.28398902322444,0.0,198.19867066327072,4.936949510941519,-3.7978645499086894,-13.404776143431366,0.5883034527713598,0.5883034527713598,0.0,0.0,0.9616854479001012,0.5719452514426788,1.0,43.704902550320256,20.01808380049376,68.21297649404573,423.74782726518265,"[-59.99999999999999, -59.99999999999999, 0.0, 0.0, 0.0, -75.0, -45.0, 0.0, 0.0, 0.0, -90.0, -29.999999999999996, 0.0, 0.0, -75.0, -75.0, 0.0, 0.0, 0.0, -90.0, -59.99999999999999, 0.0, 0.0, 0.0, -105.00000000000001, 165.0, 0.0, 0.0, 0.0, 0.0, -119.99999999999999, 59.99999999999999, -90.0, -59.99999999999999, 0.0, 0.0, 0.0, 0.0, -165.0, 165.0, 0.0, 0.0, 90.0, 29.999999999999996, 0.0, 0.0, 0.0]",3.2142433568938955,7.694033531972395,4.387608240230677,5.508595556037851,4.848916770784997,False
80,423.74783147147383,10,24.068915697096315,189.65703289449831,-0.7833932832799672,24.28398902322444,0.0,198.19867066327072,4.936949510941519,-3.7978645499086894,-13.404771937140199,0.5883034527713598,0.5883034527713598,0.0,0.0,0.9616854479001012,0.5719452514426788,1.0,43.704902550320256,20.01808380049376,68.21297649404573,423.74783147147383,"[-59.99999999999999, -59.99999999999999, 0.0, 0.0, 0.0, -75.0, -45.0, 0.0, 0.0, 0.0, -90.0, -29.999999999999996, 0.0, 0.0, -75.0, -75.0, 0.0, 0.0, 0.0, -90.0, -59.99999999999999, 0.0, 0.0, 0.0, -105.00000000000001, 165.0, 0.0, 0.0, 0.0, 0.0, -119.99999999999999, 59.99999999999999, -90.0, -59.99999999999999, 0.0, 0.0, 0.0, 0.0, -165.0, 165.0, 0.0, 0.0, 90.0, 45.0, 0.0, 0.0, 0.0]",3.2142433568938955,7.694033531972395,4.387608240230677,5.508595556037851,4.848916770784997,False
81,423.74783152203236,10,24.068915697096315,189.65703289449831,-0.7833932832799672,24.28398902322444,0.0,198.19867066327072,4.936949510941519,-3.7978645499086894,-13.404771886581662,0.5883034527713598,0.5883034527713598,0.0,0.0,0.9616854479001012,0.5719452514426788,1.0,43.704902550320256,20.01808380049376,68.21297649404573,423.74783152203236,"[-59.99999999999999, -59.99999999999999, 0.0, 0.0, 0.0, -75.0, -45.0, 0.0, 0.0, 0.0, -90.0, -29.999999999999996, 0.0, 0.0, -75.0, -75.0, 0.0, 0.0, 0.0, -90.0, -59.99999999999999, 0.0, 0.0, 0.0, -105.00000000000001, 165.0, 0.0, 0.0, 0.0, 0.0, -119.99999999999999, 59.99999999999999, -90.0, -59.99999999999999, 0.0, 0.0, 0.0, 0.0, -165.0, 165.0, 0.0, 0.0, 90.0, 75.0, 0.0, 0.0, 0.0]",3.2142433568938955,7.694033531972395,4.387608240230677,5.508595556037851,4.848916770784997,False
82,423.74783267289956,10,24.068915697096315,189.65703289449831,-0.7833932832799672,24.28398902322444,0.0,198.19867066327072,4.936949510941519,-3.7978645499086894,-13.404770735714457,0.5883034527713598,0.5883034527713598,0.0,0.0,0.9616854479001012,0.5719452514426788,1.0,43.704902550320256,20.01808380049376,68.21297649404573,423.74783267289956,"[-59.99999999999999, -59.99999999999999, 0.0, 0.0, 0.0, -75.0, -45.0, 0.0, 0.0, 0.0, -90.0, -29.999999999999996, 0.0, 0.0, -75.0, -75.0, 0.0, 0.0, 0.0, -90.0, -59.99999999999999, 0.0, 0.0, 0.0, -105.00000000000001, 165.0, 0.0, 0.0, 0.0, 0.0, -119.99999999999999, 59.99999999999999, -90.0, -59.99999999999999, 0.0, 0.0, 0.0, 0.0, -165.0, 165.0, 0.0, 0.0, 90.0, 59.99999999999999, 0.0, 0.0, 0.0]",3.2142433568938955,7.694033531972395,4.387608240230677,5.508595556037851,4.848916770784997,False
83,423.8795345116314,10,21.97781257813088,270.9358173519617,-0.7833932832799672,24.965825278600413,0.0,120.53572572708964,4.936949510941519,-3.7978645499086894,-15.479641554675453,0.5883034527713598,0.5883034527713598,0.0,0.0,0.9452654914440481,0.4341738040875347,1.0,40.282421269716885,15.196083143063714,66.68415338898443,423.8795345116314,"[-59.99999999999999, -59.99999999999999, 0.0, 0.0, 0.0, -75.0, -45.0, 0.0, 0.0, 0.0, -90.0, -29.999999999999996, 0.0, 0.0, -75.0, -75.0, 0.0, 0.0, 0.0, -90.0, -59.99999999999999, 0.0, 0.0, 0.0, -105.00000000000001, 165.0, 0.0, 0.0, 0.0, 0.0, -119.99999999999999, 59.99999999999999, -90.0, -59.99999999999999, 0.0, 0.0, 0.0, 0.0, -165.0, 150.0, 0.0, 0.0, -119.99999999999999, 165.0, 0.0, 0.0, 0.0]",3.2412525602066395,7.596559685681802,4.360114189482808,5.508595556037851,4.848916770784997,False
84,424.01647992567445,10,27.982000923485547,255.69170468302653,-0.7833932832799672,25.066504963254275,0.0,131.165521564953,4.936949510941519,-3.7978645499086894,-16.83324733956912,0.5883034527713598,0.5883034527713598,0.0,0.0,0.9483451101650452,0.40857156394344485,1.0,40.48566740532858,14.30000473802057,67.13303815365875,424.01647992567445,"[-59.99999999999999, -59.99999999999999, 0.0, 0.0, 0.0, -75.0, -45.0, 0.0, 0.0, 0.0, -90.0, -29.999999999999996, 0.0, 0.0, -75.0, -75.0, 0.0, 0.0, 0.0, -90.0, -59.99999999999999, 0.0, 0.0, 0.0, -105.00000000000001, 165.0, 0.0, 0.0, 0.0, 0.0, -119.99999999999999, 59.99999999999999, -90.0, -59.99999999999999, 0.0, 0.0, 0.0, 0.0, -150.0, 150.0, 0.0, 0.0, -135.0, 150.0, 0.0, 0.0, 0.0]",3.325515449812615,7.865671191162692,4.351260466170399,5.508595556037851,4.848916770784997,False
85,424.1774371020061,10,27.982000923485547,255.69170468302653,-0.7833932832799672,25.066504963254275,0.0,131.165521564953,4.936949510941519,-3.7978645499086894,-16.672290163237513,0.5883034527713598,0.5883034527713598,0.0,0.0,0.9483451101650452,0.40857156394344485,1.0,40.48566740532858,14.30000473802057,67.13303815365875,424.1774371020061,"[-59.99999999999999, -59.99999999999999, 0.0, 0.0, 0.0, -75.0, -45.0, 0.0, 0.0, 0.0, -90.0, -29.999999999999996, 0.0, 0.0, -75.0, -75.0, 0.0, 0.0, 0.0, -90.0, -59.99999999999999, 0.0, 0.0, 0.0, -105.00000000000001, 165.0, 0.0, 0.0, 0.0, 0.0, -119.99999999999999, 59.99999999999999, -90.0, -59.99999999999999, 0.0, 0.0, 0.0, 0.0, -150.0, 150.0, 0.0, 0.0, -135.0, 135.0, 0.0, 0.0, 0.0]",3.325515449812615,7.865671191162692,4.351260466170399,5.508595556037851,4.848916770784997,False
86,424.5062062749662,10,28.89924020668004,252.56288128042803,-0.6664978428089781,25.96651459879582,0.0,131.57363471341222,4.936949510941519,-3.7978645499086894,-15.556955095345145,0.5883034527713598,0.5883034527713598,0.0,0.0,0.9489771957009236,0.4067657902493664,1.0,40.66394213605235,14.236802658727823,67.09862919599817,424.5062062749662,"[-59.99999999999999, -59.99999999999999, 0.0, 0.0, 0.0, -75.0, -45.0, 0.0, 0.0, 0.0, -90.0, -29.999999999999996, 0.0, 0.0, -75.0, -75.0, 0.0, 0.0, 0.0, -90.0, -59.99999999999999, 0.0, 0.0, 0.0, -105.00000000000001, 165.0, 0.0, 0.0, 0.0, 0.0, -119.99999999999999, 59.99999999999999, -90.0, -45.0, 0.0, 0.0, 0.0, 0.0, -165.0, 165.0, 0.0, 0.0, -150.0, 150.0, 0.0, 0.0, 0.0]",3.33434729279894,7.904131452590729,4.341868788412942,5.508595556037851,4.848916770784997,False
87,424.547436291833,10,27.982000923485547,255.69170468302653,-0.7833932832799672,25.066504963254275,0.0,131.165521564953,4.936949510941519,-3.7978645499086894,-16.302290973410617,0.5883034527713598,0.5883034527713598,0.0,0.0,0.9483451101650452,0.40857156394344485,1.0,40.48566740532858,14.30000473802057,67.13303815365875,424.547436291833,"[-59.99999999999999, -59.99999999999999, 0.0, 0.0, 0.0, -75.0, -45.0, 0.0, 0.0, 0.0, -90.0, -29.999999999999996, 0.0, 0.0, -75.0, -75.0, 0.0, 0.0, 0.0, -90.0, -59.99999999999999, 0.0, 0.0, 0.0, -105.00000000000001, 165.0, 0.0, 0.0, 0.0, 0.0, -119.99999999999999, 59.99999999999999, -90.0, -59.99999999999999, 0.0, 0.0, 0.0, 0.0, -150.0, 150.0, 0.0, 0.0, -135.0, 165.0, 0.0, 0.0, 0.0]",3.325515449812615,7.865671191162692,4.351260466170399,5.508595556037851,4.848916770784997,False
88,424.6147147511346,10,28.89924020668004,252.56288128042803,-0.6664978428089781,25.96651459879582,0.0,131.57363471341222,4.936949510941519,-3.7978645499086894,-15.448446619176723,0.5883034527713598,0.5883034527713598,0.0,0.0,0.9489771957009236,0.4067657902493664,1.0,40.66394213605235,14.236802658727823,67.09862919599817,424.6147147511346,"[-59.99999999999999, -59.99999999999999, 0.0, 0.0, 0.0, -75.0, -45.0, 0.0, 0.0, 0.0, -90.0, -29.999999999999996, 0.0, 0.0, -75.0, -75.0, 0.0, 0.0, 0.0, -90.0, -59.99999999999999, 0.0, 0.0, 0.0, -105.00000000000001, 165.0, 0.0, 0.0, 0.0, 0.0, -119.99999999999999, 59.99999999999999, -90.0, -45.0, 0.0, 0.0, 0.0, 0.0, -165.0, 165.0, 0.0, 0.0, -150.0, 135.0, 0.0, 0.0, 0.0]",3.33434729279894,7.904131452590729,4.341868788412942,5.508595556037851,4.848916770784997,False
89,424.7430083730848,10,21.97781257813088,270.9358173519617,-0.7833932832799672,24.965825278600413,0.0,120.53572572708964,4.936949510941519,-3.7978645499086894,-14.616167693222065,0.5883034527713598,0.5883034527713598,0.0,0.0,0.9452654914440481,0.4341738040875347,1.0,40.282421269716885,15.196083143063714,66.68415338898443,424.7430083730848,"[-59.99999999999999, -59.99999999999999, 0.0, 0.0, 0.0, -75.0, -45.0, 0.0, 0.0, 0.0, -90.0, -29.999999999999996, 0.0, 0.0, -75.0, -75.0, 0.0, 0.0, 0.0, -90.0, -59.99999999999999, 0.0, 0.0, 0.0, -105.00000000000001, 165.0, 0.0, 0.0, 0.0, 0.0, -119.99999999999999, 59.99999999999999, -90.0, -59.99999999999999, 0.0, 0.0, 0.0, 0.0, -165.0, 150.0, 0.0, 0.0, -119.99999999999999, 119.99999999999999, 0.0, 0.0, 0.0]",3.2412525602066395,7.596559685681802,4.360114189482808,5.508595556037851,4.848916770784997,False
90,424.97153297007736,10,28.89924020668004,252.56288128042803,-0.6664978428089781,25.96651459879582,0.0,131.57363471341222,4.936949510941519,-3.7978645499086894,-15.091628400233933,0.5883034527713598,0.5883034527713598,0.0,0.0,0.9489771957009236,0.4067657902493664,1.0,40.66394213605235,14.236802658727823,67.09862919599817,424.97153297007736,"[-59.99999999999999, -59.99999999999999, 0.0, 0.0, 0.0, -75.0, -45.0, 0.0, 0.0, 0.0, -90.0, -29.999999999999996, 0.0, 0.0, -75.0, -75.0, 0.0, 0.0, 0.0, -90.0, -59.99999999999999, 0.0, 0.0, 0.0, -105.00000000000001, 165.0, 0.0, 0.0, 0.0, 0.0, -119.99999999999999, 59.99999999999999, -90.0, -45.0, 0.0, 0.0, 0.0, 0.0, -165.0, 165.0, 0.0, 0.0, -150.0, 165.0, 0.0, 0.0, 0.0]",3.33434729279894,7.904131452590729,4.341868788412942,5.508595556037851,4.848916770784997,False
91,425.2276777172633,10,27.982000923485547,255.69170468302653,-0.7833932832799672,25.066504963254275,0.0,131.165521564953,4.936949510941519,-3.7978645499086894,-15.622049547980302,0.5883034527713598,0.5883034527713598,0.0,0.0,0.9483451101650452,0.40857156394344485,1.0,40.48566740532858,14.30000473802057,67.13303815365875,425.2276777172633,"[-59.99999999999999, -59.99999999999999, 0.0, 0.0, 0.0, -75.0, -45.0, 0.0, 0.0, 0.0, -90.0, -29.999999999999996, 0.0, 0.0, -75.0, -75.0, 0.0, 0.0, 0.0, -90.0, -59.99999999999999, 0.0, 0.0, 0.0, -105.00000000000001, 165.0, 0.0, 0.0, 0.0, 0.0, -119.99999999999999, 59.99999999999999, -90.0, -59.99999999999999, 0.0, 0.0, 0.0, 0.0, -150.0, 150.0, 0.0, 0.0, -135.0, 119.99999999999999, 0.0, 0.0, 0.0]",3.325515449812615,7.865671191162692,4.351260466170399,5.508595556037851,4.848916770784997,False
92,425.4598579167668,10,28.89924020668004,252.56288128042803,-0.6664978428089781,25.96651459879582,0.0,131.57363471341222,4.936949510941519,-3.7978645499086894,-14.603303453544505,0.5883034527713598,0.5883034527713598,0.0,0.0,0.9489771957009236,0.4067657902493664,1.0,40.66394213605235,14.236802658727823,67.09862919599817,425.4598579167668,"[-59.99999999999999, -59.99999999999999, 0.0, 0.0, 0.0, -75.0, -45.0, 0.0, 0.0, 0.0, -90.0, -29.999999999999996, 0.0, 0.0, -75.0, -75.0, 0.0, 0.0, 0.0, -90.0, -59.99999999999999, 0.0, 0.0, 0.0, -105.00000000000001, 165.0, 0.0, 0.0, 0.0, 0.0, -119.99999999999999, 59.99999999999999, -90.0, -45.0, 0.0, 0.0, 0.0, 0.0, -165.0, 165.0, 0.0, 0.0, -150.0, 119.99999999999999, 0.0, 0.0, 0.0]",3.33434729279894,7.904131452590729,4.341868788412942,5.508595556037851,4.848916770784997,False
93,426.03358089442673,10,32.7475000017876,140.09813627639278,-0.6664978428089781,25.87499008913878,0.0,238.62093362590187,4.936949510941519,-3.7978645499086894,-12.368869669789484,0.5883034527713598,0.5883034527713598,0.0,0.0,0.9716973462067895,0.5843129744972411,1.0,43.31683310288425,20.450954107403437,67.20039006048297,426.03358089442673,"[-59.99999999999999, -59.99999999999999, 0.0, 0.0, 0.0, -75.0, -45.0, 0.0, 0.0, 0.0, -90.0, -29.999999999999996, 0.0, 0.0, -75.0, -75.0, 0.0, 0.0, 0.0, -90.0, -59.99999999999999, 0.0, 0.0, 0.0, -105.00000000000001, 165.0, 0.0, 0.0, 0.0, 0.0, -119.99999999999999, 59.99999999999999, -90.0, -45.0, 0.0, 0.0, 0.0, 0.0, 90.0, 29.999999999999996, 0.0, 0.0, 29.999999999999996, 14.999999999999998, 0.0, 0.0, 0.0]",2.9150662755812515,8.059199093536398,4.463623695158064,5.508595556037851,4.848916770784997,False
94,426.0416308210454,10,32.7475000017876,140.09813627639278,-0.6664978428089781,25.87499008913878,0.0,238.62093362590187,4.936949510941519,-3.7978645499086894,-12.360819743170833,0.5883034527713598,0.5883034527713598,0.0,0.0,0.9716973462067895,0.5843129744972411,1.0,43.31683310288425,20.450954107403437,67.20039006048297,426.0416308210454,"[-59.99999999999999, -59.99999999999999, 0.0, 0.0, 0.0, -75.0, -45.0, 0.0, 0.0, 0.0, -90.0, -29.999999999999996, 0.0, 0.0, -75.0, -75.0, 0.0, 0.0, 0.0, -90.0, -59.99999999999999, 0.0, 0.0, 0.0, -105.00000000000001, 165.0, 0.0, 0.0, 0.0, 0.0, -119.99999999999999, 59.99999999999999, -90.0, -45.0, 0.0, 0.0, 0.0, 0.0, 90.0, 29.999999999999996, 0.0, 0.0, 29.999999999999996, 29.999999999999996, 0.0, 0.0, 0.0]",2.9150662755812515,8.059199093536398,4.463623695158064,5.508595556037851,4.848916770784997,False
95,426.0454150664754,10,32.7475000017876,140.09813627639278,-0.6664978428089781,25.87499008913878,0.0,238.62093362590187,4.936949510941519,-3.7978645499086894,-12.3570354977408,0.5883034527713598,0.5883034527713598,0.0,0.0,0.9716973462067895,0.5843129744972411,1.0,43.31683310288425,20.450954107403437,67.20039006048297,426.0454150664754,"[-59.99999999999999, -59.99999999999999, 0.0, 0.0, 0.0, -75.0, -45.0, 0.0, 0.0, 0.0, -90.0, -29.999999999999996, 0.0, 0.0, -75.0, -75.0, 0.0, 0.0, 0.0, -90.0, -59.99999999999999, 0.0, 0.0, 0.0, -105.00000000000001, 165.0, 0.0, 0.0, 0.0, 0.0, -119.99999999999999, 59.99999999999999, -90.0, -45.0, 0.0, 0.0, 0.0, 0.0, 90.0, 29.999999999999996, 0.0, 0.0, 29.999999999999996, 45.0, 0.0, 0.0, 0.0]",2.9150662755812515,8.059199093536398,4.463623695158064,5.508595556037851,4.848916770784997,False
96,426.04593143221194,10,32.7475000017876,140.09813627639278,-0.6664978428089781,25.87499008913878,0.0,238.62093362590187,4.936949510941519,-3.7978645499086894,-12.356519132004271,0.5883034527713598,0.5883034527713598,0.0,0.0,0.9716973462067895,0.5843129744972411,1.0,43.31683310288425,20.450954107403437,67.20039006048297,426.04593143221194,"[-59.99999999999999, -59.99999999999999, 0.0, 0.0, 0.0, -75.0, -45.0, 0.0, 0.0, 0.0, -90.0, -29.999999999999996, 0.0, 0.0, -75.0, -75.0, 0.0, 0.0, 0.0, -90.0, -59.99999999999999, 0.0, 0.0, 0.0, -105.00000000000001, 165.0, 0.0, 0.0, 0.0, 0.0, -119.99999999999999, 59.99999999999999, -90.0, -45.0, 0.0, 0.0, 0.0, 0.0, 90.0, 29.999999999999996, 0.0, 0.0, 29.999999999999996, 75.0, 0.0, 0.0, 0.0]",2.9150662755812515,8.059199093536398,4.463623695158064,5.508595556037851,4.848916770784997,False
97,426.0465189410758,10,32.7475000017876,140.09813627639278,-0.6664978428089781,25.87499008913878,0.0,238.62093362590187,4.936949510941519,-3.7978645499086894,-12.355931623140386,0.5883034527713598,0.5883034527713598,0.0,0.0,0.9716973462067895,0.5843129744972411,1.0,43.31683310288425,20.450954107403437,67.20039006048297,426.0465189410758,"[-59.99999999999999, -59.99999999999999, 0.0, 0.0, 0.0, -75.0, -45.0, 0.0, 0.0, 0.0, -90.0, -29.999999999999996, 0.0, 0.0, -75.0, -75.0, 0.0, 0.0, 0.0, -90.0, -59.99999999999999, 0.0, 0.0, 0.0, -105.00000000000001, 165.0, 0.0, 0.0, 0.0, 0.0, -119.99999999999999, 59.99999999999999, -90.0, -45.0, 0.0, 0.0, 0.0, 0.0, 90.0, 29.999999999999996, 0.0, 0.0, 29.999999999999996, 59.99999999999999, 0.0, 0.0, 0.0]",2.9150662755812515,8.059199093536398,4.463623695158064,5.508595556037851,4.848916770784997,False
98,426.4826015597994,10,21.97781257813088,270.9358173519617,-0.7833932832799672,24.965825278600413,0.0,120.53572572708964,4.936949510941519,-3.7978645499086894,-12.87657450650749,0.5883034527713598,0.5883034527713598,0.0,0.0,0.9452654914440481,0.4341738040875347,1.0,40.282421269716885,15.196083143063714,66.68415338898443,426.4826015597994,"[-59.99999999999999, -59.99999999999999, 0.0, 0.0, 0.0, -75.0, -45.0, 0.0, 0.0, 0.0, -90.0, -29.999999999999996, 0.0, 0.0, -75.0, -75.0, 0.0, 0.0, 0.0, -90.0, -59.99999999999999, 0.0, 0.0, 0.0, -105.00000000000001, 165.0, 0.0, 0.0, 0.0, 0.0, -119.99999999999999, 59.99999999999999, -90.0, -59.99999999999999, 0.0, 0.0, 0.0, 0.0, -165.0, 150.0, 0.0, 0.0, -119.99999999999999, 105.00000000000001, 0.0, 0.0, 0.0]",3.2412525602066395,7.596559685681802,4.360114189482808,5.508595556037851,4.848916770784997,False
99,426.8230295332941,10,28.89924020668004,252.56288128042803,-0.6664978428089781,25.96651459879582,0.0,131.57363471341222,4.936949510941519,-3.7978645499086894,-13.240131837017211,0.5883034527713598,0.5883034527713598,0.0,0.0,0.9489771957009236,0.4067657902493664,1.0,40.66394213605235,14.236802658727823,67.09862919599817,426.8230295332941,"[-59.99999999999999, -59.99999999999999, 0.0, 0.0, 0.0, -75.0, -45.0, 0.0, 0.0, 0.0, -90.0, -29.999999999999996, 0.0, 0.0, -75.0, -75.0, 0.0, 0.0, 0.0, -90.0, -59.99999999999999, 0.0, 0.0, 0.0, -105.00000000000001, 165.0, 0.0, 0.0, 0.0, 0.0, -119.99999999999999, 59.99999999999999, -90.0, -45.0, 0.0, 0.0, 0.0, 0.0, -165.0, 165.0, 0.0, 0.0, -150.0, 105.00000000000001, 0.0, 0.0, 0.0]",3.33434729279894,7.904131452590729,4.341868788412942,5.508595556037851,4.848916770784997,False
100,426.90910977706073,10,27.982000923485547,255.69170468302653,-0.7833932832799672,25.066504963254275,0.0,131.165521564953,4.936949510941519,-3.7978645499086894,-13.940617488182871,0.5883034527713598,0.5883034527713598,0.0,0.0,0.9483451101650452,0.40857156394344485,1.0,40.48566740532858,14.30000473802057,67.13303815365875,426.90910977706073,"[-59.99999999999999, -59.99999999999999, 0.0, 0.0, 0.0, -75.0, -45.0, 0.0, 0.0, 0.0, -90.0, -29.999999999999996, 0.0, 0.0, -75.0, -75.0, 0.0, 0.0, 0.0, -90.0, -59.99999999999999, 0.0, 0.0, 0.0, -105.00000000000001, 165.0, 0.0, 0.0, 0.0, 0.0, -119.99999999999999, 59.99999999999999, -90.0, -59.99999999999999, 0.0, 0.0, 0.0, 0.0, -150.0, 150.0, 0.0, 0.0, -135.0, 105.00000000000001, 0.0, 0.0, 0.0]",3.325515449812615,7.865671191162692,4.351260466170399,5.508595556037851,4.848916770784997,False
101,427.18226405665,10,51.29067420927127,202.70967683539934,-5.479856000323659,26.004675279853004,0.0,166.88314062317517,4.936949510941519,-3.7978645499086894,-15.953435304529332,0.5883034527713598,0.5883034527713598,0.0,0.0,0.9590485501342627,0.5451560280541015,1.0,41.73423319105988,19.08046098189355,65.7255321463975,427.18226405665,"[-59.99999999999999, -59.99999999999999, 0.0, 0.0, 0.0, -75.0, -45.0, 0.0, 0.0, 0.0, -90.0, -29.999999999999996, 0.0, 0.0, -75.0, -75.0, 0.0, 0.0, 0.0, -90.0, -59.99999999999999, 0.0, 0.0, 0.0, -105.00000000000001, 165.0, 0.0, 0.0, 0.0, 0.0, -119.99999999999999, 59.99999999999999, -75.0, -45.0, 0.0, 0.0, 0.0, 0.0, 90.0, 75.0, 0.0, 0.0, -45.0, -45.0, 0.0, 0.0, 0.0]",3.072602791413099,8.702832315600405,4.550260321388886,5.508595556037851,4.848916770784997,False
102,427.3591994749699,10,51.29067420927127,202.70967683539934,-5.479856000323659,26.004675279853004,0.0,166.88314062317517,4.936949510941519,-3.7978645499086894,-15.776499886209436,0.5883034527713598,0.5883034527713598,0.0,0.0,0.9590485501342627,0.5451560280541015,1.0,41.73423319105988,19.08046098189355,65.7255321463975,427.3591994749699,"[-45.0, -59.99999999999999, 0.0, 0.0, 0.0, -75.0, -45.0, 0.0, 0.0, 0.0, -90.0, -29.999999999999996, 0.0, 0.0, -75.0, -75.0, 0.0, 0.0, 0.0, -90.0, -59.99999999999999, 0.0, 0.0, 0.0, -105.00000000000001, 165.0, 0.0, 0.0, 0.0, 0.0, -119.99999999999999, 59.99999999999999, -75.0, -45.0, 0.0, 0.0, 0.0, 0.0, 90.0, 75.0, 0.0, 0.0, -45.0, -45.0, 0.0, 0.0, 0.0]",3.072602791413099,8.702832315600405,4.550260321388886,5.508595556037851,4.848916770784997,False
103,427.4204125119482,10,51.29067420927127,202.70967683539934,-5.479856000323659,26.004675279853004,0.0,166.88314062317517,4.936949510941519,-3.7978645499086894,-15.715286849231118,0.5883034527713598,0.5883034527713598,0.0,0.0,0.9590485501342627,0.5451560280541015,1.0,41.73423319105988,19.08046098189355,65.7255321463975,427.4204125119482,"[-59.99999999999999, -59.99999999999999, 0.0, 0.0, 0.0, -75.0, -45.0, 0.0, 0.0, 0.0, -90.0, -29.999999999999996, 0.0, 0.0, -75.0, -75.0, 0.0, 0.0, 0.0, -90.0, -59.99999999999999, 0.0, 0.0, 0.0, -105.00000000000001, 165.0, 0.0, 0.0, 0.0, 0.0, -119.99999999999999, 59.99999999999999, -75.0, -45.0, 0.0, 0.0, 0.0, 0.0, 90.0, 75.0, 0.0, 0.0, -45.0, -59.99999999999999, 0.0, 0.0, 0.0]",3.072602791413099,8.702832315600405,4.550260321388886,5.508595556037851,4.848916770784997,False
104,427.57848442263037,10,51.29067420927127,202.70967683539934,-5.479856000323659,26.004675279853004,0.0,166.88314062317517,4.936949510941519,-3.7978645499086894,-15.557214938548945,0.5883034527713598,0.5883034527713598,0.0,0.0,0.9590485501342627,0.5451560280541015,1.0,41.73423319105988,19.08046098189355,65.7255321463975,427.57848442263037,"[-59.99999999999999, -59.99999999999999, 0.0, 0.0, 0.0, -75.0, -45.0, 0.0, 0.0, 0.0, -90.0, -29.999999999999996, 0.0, 0.0, -75.0, -75.0, 0.0, 0.0, 0.0, -90.0, -59.99999999999999, 0.0, 0.0, 0.0, -105.00000000000001, 165.0, 0.0, 0.0, 0.0, 0.0, -119.99999999999999, 59.99999999999999, -75.0, -45.0, 0.0, 0.0, 0.0, 0.0, 90.0, 75.0, 0.0, 0.0, -45.0, -29.999999999999996, 0.0, 0.0, 0.0]",3.072602791413099,8.702832315600405,4.550260321388886,5.508595556037851,4.848916770784997,False
105,427.5973479302681,10,51.29067420927127,202.70967683539934,-5.479856000323659,26.004675279853004,0.0,166.88314062317517,4.936949510941519,-3.7978645499086894,-15.538351430911222,0.5883034527713598,0.5883034527713598,0.0,0.0,0.9590485501342627,0.5451560280541015,1.0,41.73423319105988,19.08046098189355,65.7255321463975,427.5973479302681,"[-45.0, -59.99999999999999, 0.0, 0.0, 0.0, -75.0, -45.0, 0.0, 0.0, 0.0, -90.0, -29.999999999999996, 0.0, 0.0, -75.0, -75.0, 0.0, 0.0, 0.0, -90.0, -59.99999999999999, 0.0, 0.0, 0.0, -105.00000000000001, 165.0, 0.0, 0.0, 0.0, 0.0, -119.99999999999999, 59.99999999999999, -75.0, -45.0, 0.0, 0.0, 0.0, 0.0, 90.0, 75.0, 0.0, 0.0, -45.0, -59.99999999999999, 0.0, 0.0, 0.0]",3.072602791413099,8.702832315600405,4.550260321388886,5.508595556037851,4.848916770784997,False
106,427.75541984095025,10,51.29067420927127,202.70967683539934,-5.479856000323659,26.004675279853004,0.0,166.88314062317517,4.936949510941519,-3.7978645499086894,-15.380279520229049,0.5883034527713598,0.5883034527713598,0.0,0.0,0.9590485501342627,0.5451560280541015,1.0,41.73423319105988,19.08046098189355,65.7255321463975,427.75541984095025,"[-45.0, -59.99999999999999, 0.0, 0.0, 0.0, -75.0, -45.0, 0.0, 0.0, 0.0, -90.0, -29.999999999999996, 0.0, 0.0, -75.0, -75.0, 0.0, 0.0, 0.0, -90.0, -59.99999999999999, 0.0, 0.0, 0.0, -105.00000000000001, 165.0, 0.0, 0.0, 0.0, 0.0, -119.99999999999999, 59.99999999999999, -75.0, -45.0, 0.0, 0.0, 0.0, 0.0, 90.0, 75.0, 0.0, 0.0, -45.0, -29.999999999999996, 0.0, 0.0, 0.0]",3.072602791413099,8.702832315600405,4.550260321388886,5.508595556037851,4.848916770784997,False
107,427.7740543711595,10,24.068915697096315,217.50149686925366,-0.7833932832799672,25.44208805415297,0.0,175.3150622517724,4.936949510941519,-3.7978645499086894,-15.497503631640093,0.5883034527713598,0.5883034527713598,0.0,0.0,0.956060303662777,0.442698973614848,1.0,42.3065500954629,15.49446407651968,67.69300101691103,427.7740543711595,"[-59.99999999999999, -59.99999999999999, 0.0, 0.0, 0.0, -75.0, -45.0, 0.0, 0.0, 0.0, -90.0, -29.999999999999996, 0.0, 0.0, -75.0, -75.0, 0.0, 0.0, 0.0, -90.0, -59.99999999999999, 0.0, 0.0, 0.0, -105.00000000000001, 165.0, 0.0, 0.0, 0.0, 0.0, -119.99999999999999, 59.99999999999999, -90.0, -59.99999999999999, 0.0, 0.0, 0.0, 0.0, -165.0, 165.0, 0.0, 0.0, -150.0, 150.0, 0.0, 0.0, 0.0]",3.2142433568938955,7.694033531972395,4.387608240230677,5.508595556037851,4.848916770784997,False
108,427.8825628473279,10,24.068915697096315,217.50149686925366,-0.7833932832799672,25.44208805415297,0.0,175.3150622517724,4.936949510941519,-3.7978645499086894,-15.388995155471672,0.5883034527713598,0.5883034527713598,0.0,0.0,0.956060303662777,0.442698973614848,1.0,42.3065500954629,15.49446407651968,67.69300101691103,427.8825628473279,"[-59.99999999999999, -59.99999999999999, 0.0, 0.0, 0.0, -75.0, -45.0, 0.0, 0.0, 0.0, -90.0, -29.999999999999996, 0.0, 0.0, -75.0, -75.0, 0.0, 0.0, 0.0, -90.0, -59.99999999999999, 0.0, 0.0, 0.0, -105.00000000000001, 165.0, 0.0, 0.0, 0.0, 0.0, -119.99999999999999, 59.99999999999999, -90.0, -59.99999999999999, 0.0, 0.0, 0.0, 0.0, -165.0, 165.0, 0.0, 0.0, -150.0, 135.0, 0.0, 0.0, 0.0]",3.2142433568938955,7.694033531972395,4.387608240230677,5.508595556037851,4.848916770784997,False
109,428.1138639430351,10,51.29067420927127,202.70967683539934,-5.479856000323659,26.004675279853004,0.0,166.88314062317517,4.936949510941519,-3.7978645499086894,-15.021835418144223,0.5883034527713598,0.5883034527713598,0.0,0.0,0.9590485501342627,0.5451560280541015,1.0,41.73423319105988,19.08046098189355,65.7255321463975,428.1138639430351,"[-59.99999999999999, -59.99999999999999, 0.0, 0.0, 0.0, -75.0, -45.0, 0.0, 0.0, 0.0, -90.0, -29.999999999999996, 0.0, 0.0, -75.0, -75.0, 0.0, 0.0, 0.0, -90.0, -59.99999999999999, 0.0, 0.0, 0.0, -105.00000000000001, 165.0, 0.0, 0.0, 0.0, 0.0, -119.99999999999999, 59.99999999999999, -75.0, -45.0, 0.0, 0.0, 0.0, 0.0, 90.0, 75.0, 0.0, 0.0, -45.0, -75.0, 0.0, 0.0, 0.0]",3.072602791413099,8.702832315600405,4.550260321388886,5.508595556037851,4.848916770784997,False
110,428.2393810662707,10,24.068915697096315,217.50149686925366,-0.7833932832799672,25.44208805415297,0.0,175.3150622517724,4.936949510941519,-3.7978645499086894,-15.032176936528883,0.5883034527713598,0.5883034527713598,0.0,0.0,0.956060303662777,0.442698973614848,1.0,42.3065500954629,15.49446407651968,67.69300101691103,428.2393810662707,"[-59.99999999999999, -59.99999999999999, 0.0, 0.0, 0.0, -75.0, -45.0, 0.0, 0.0, 0.0, -90.0, -29.999999999999996, 0.0, 0.0, -75.0, -75.0, 0.0, 0.0, 0.0, -90.0, -59.99999999999999, 0.0, 0.0, 0.0, -105.00000000000001, 165.0, 0.0, 0.0, 0.0, 0.0, -119.99999999999999, 59.99999999999999, -90.0, -59.99999999999999, 0.0, 0.0, 0.0, 0.0, -165.0, 165.0, 0.0, 0.0, -150.0, 165.0, 0.0, 0.0, 0.0]",3.2142433568938955,7.694033531972395,4.387608240230677,5.508595556037851,4.848916770784997,False
111,428.29079936135497,10,51.29067420927127,202.70967683539934,-5.479856000323659,26.004675279853004,0.0,166.88314062317517,4.936949510941519,-3.7978645499086894,-14.844899999824326,0.5883034527713598,0.5883034527713598,0.0,0.0,0.9590485501342627,0.5451560280541015,1.0,41.73423319105988,19.08046098189355,65.7255321463975,428.29079936135497,"[-45.0, -59.99999999999999, 0.0, 0.0, 0.0, -75.0, -45.0, 0.0, 0.0, 0.0, -90.0, -29.999999999999996, 0.0, 0.0, -75.0, -75.0, 0.0, 0.0, 0.0, -90.0, -59.99999999999999, 0.0, 0.0, 0.0, -105.00000000000001, 165.0, 0.0, 0.0, 0.0, 0.0, -119.99999999999999, 59.99999999999999, -75.0, -45.0, 0.0, 0.0, 0.0, 0.0, 90.0, 75.0, 0.0, 0.0, -45.0, -75.0, 0.0, 0.0, 0.0]",3.072602791413099,8.702832315600405,4.550260321388886,5.508595556037851,4.848916770784997,False
112,428.32863952665906,10,21.97781257813088,270.9358173519617,-0.7833932832799672,24.965825278600413,0.0,120.53572572708964,4.936949510941519,-3.7978645499086894,-11.030536539647798,0.5883034527713598,0.5883034527713598,0.0,0.0,0.9452654914440481,0.4341738040875347,1.0,40.282421269716885,15.196083143063714,66.68415338898443,428.32863952665906,"[-59.99999999999999, -59.99999999999999, 0.0, 0.0, 0.0, -75.0, -45.0, 0.0, 0.0, 0.0, -90.0, -29.999999999999996, 0.0, 0.0, -75.0, -75.0, 0.0, 0.0, 0.0, -90.0, -59.99999999999999, 0.0, 0.0, 0.0, -105.00000000000001, 165.0, 0.0, 0.0, 0.0, 0.0, -119.99999999999999, 59.99999999999999, -90.0, -59.99999999999999, 0.0, 0.0, 0.0, 0.0, -165.0, 150.0, 0.0, 0.0, -119.99999999999999, 90.0, 0.0, 0.0, 0.0]",3.2412525602066395,7.596559685681802,4.360114189482808,5.508595556037851,4.848916770784997,False
113,428.430693652286,10,51.29067420927127,202.70967683539934,-5.479856000323659,26.004675279853004,0.0,166.88314062317517,4.936949510941519,-3.7978645499086894,-14.705005708893328,0.5883034527713598,0.5883034527713598,0.0,0.0,0.9590485501342627,0.5451560280541015,1.0,41.73423319105988,19.08046098189355,65.7255321463975,428.430693652286,"[-59.99999999999999, -59.99999999999999, 0.0, 0.0, 0.0, -75.0, -45.0, 0.0, 0.0, 0.0, -90.0, -29.999999999999996, 0.0, 0.0, -75.0, -75.0, 0.0, 0.0, 0.0, -90.0, -59.99999999999999, 0.0, 0.0, 0.0, -105.00000000000001, 165.0, 0.0, 0.0, 0.0, 0.0, -119.99999999999999, 59.99999999999999, -75.0, -45.0, 0.0, 0.0, 0.0, 0.0, 90.0, 75.0, 0.0, 0.0, -45.0, -14.999999999999998, 0.0, 0.0, 0.0]",3.072602791413099,8.702832315600405,4.550260321388886,5.508595556037851,4.848916770784997,False
114,428.60762907060587,10,51.29067420927127,202.70967683539934,-5.479856000323659,26.004675279853004,0.0,166.88314062317517,4.936949510941519,-3.7978645499086894,-14.528070290573432,0.5883034527713598,0.5883034527713598,0.0,0.0,0.9590485501342627,0.5451560280541015,1.0,41.73423319105988,19.08046098189355,65.7255321463975,428.60762907060587,"[-45.0, -59.99999999999999, 0.0, 0.0, 0.0, -75.0, -45.0, 0.0, 0.0, 0.0, -90.0, -29.999999999999996, 0.0, 0.0, -75.0, -75.0, 0.0, 0.0, 0.0, -90.0, -59.99999999999999, 0.0, 0.0, 0.0, -105.00000000000001, 165.0, 0.0, 0.0, 0.0, 0.0, -119.99999999999999, 59.99999999999999, -75.0, -45.0, 0.0, 0.0, 0.0, 0.0, 90.0, 75.0, 0.0, 0.0, -45.0, -14.999999999999998, 0.0, 0.0, 0.0]",3.072602791413099,8.702832315600405,4.550260321388886,5.508595556037851,4.848916770784997,False
115,428.7277060129601,10,24.068915697096315,217.50149686925366,-0.7833932832799672,25.44208805415297,0.0,175.3150622517724,4.936949510941519,-3.7978645499086894,-14.543851989839453,0.5883034527713598,0.5883034527713598,0.0,0.0,0.956060303662777,0.442698973614848,1.0,42.3065500954629,15.49446407651968,67.69300101691103,428.7277060129601,"[-59.99999999999999, -59.99999999999999, 0.0, 0.0, 0.0, -75.0, -45.0, 0.0, 0.0, 0.0, -90.0, -29.999999999999996, 0.0, 0.0, -75.0, -75.0, 0.0, 0.0, 0.0, -90.0, -59.99999999999999, 0.0, 0.0, 0.0, -105.00000000000001, 165.0, 0.0, 0.0, 0.0, 0.0, -119.99999999999999, 59.99999999999999, -90.0, -59.99999999999999, 0.0, 0.0, 0.0, 0.0, -165.0, 165.0, 0.0, 0.0, -150.0, 119.99999999999999, 0.0, 0.0, 0.0]",3.2142433568938955,7.694033531972395,4.387608240230677,5.508595556037851,4.848916770784997,False
116,428.9453650632155,10,21.97781257813088,224.4537325918128,-0.7833932832799672,25.584277263517805,0.0,172.14057662792771,4.936949510941519,-3.7978645499086894,-16.155029128697954,0.5883034527713598,0.5883034527713598,0.0,0.0,0.9546558115976135,0.43530149184898403,1.0,41.97176000029742,15.235552214714442,67.72868558939619,428.9453650632155,"[-59.99999999999999, -59.99999999999999, 0.0, 0.0, 0.0, -75.0, -45.0, 0.0, 0.0, 0.0, -90.0, -29.999999999999996, 0.0, 0.0, -75.0, -75.0, 0.0, 0.0, 0.0, -90.0, -59.99999999999999, 0.0, 0.0, 0.0, -105.00000000000001, 165.0, 0.0, 0.0, 0.0, 0.0, -119.99999999999999, 59.99999999999999, -90.0, -59.99999999999999, 0.0, 0.0, 0.0, 0.0, -165.0, 150.0, 0.0, 0.0, -135.0, 150.0, 0.0, 0.0, 0.0]",3.2412525602066395,7.596559685681802,4.360114189482808,5.508595556037851,4.848916770784997,False
117,429.10632223954707,10,21.97781257813088,224.4537325918128,-0.7833932832799672,25.584277263517805,0.0,172.14057662792771,4.936949510941519,-3.7978645499086894,-15.994071952366344,0.5883034527713598,0.5883034527713598,0.0,0.0,0.9546558115976135,0.43530149184898403,1.0,41.97176000029742,15.235552214714442,67.72868558939619,429.10632223954707,"[-59.99999999999999, -59.99999999999999, 0.0, 0.0, 0.0, -75.0, -45.0, 0.0, 0.0, 0.0, -90.0, -29.999999999999996, 0.0, 0.0, -75.0, -75.0, 0.0, 0.0, 0.0, -90.0, -59.99999999999999, 0.0, 0.0, 0.0, -105.00000000000001, 165.0, 0.0, 0.0, 0.0, 0.0, -119.99999999999999, 59.99999999999999, -90.0, -59.99999999999999, 0.0, 0.0, 0.0, 0.0, -165.0, 150.0, 0.0, 0.0, -135.0, 135.0, 0.0, 0.0, 0.0]",3.2412525602066395,7.596559685681802,4.360114189482808,5.508595556037851,4.848916770784997,False
118,429.47632142937397,10,21.97781257813088,224.4537325918128,-0.7833932832799672,25.584277263517805,0.0,172.14057662792771,4.936949510941519,-3.7978645499086894,-15.624072762539448,0.5883034527713598,0.5883034527713598,0.0,0.0,0.9546558115976135,0.43530149184898403,1.0,41.97176000029742,15.235552214714442,67.72868558939619,429.47632142937397,"[-59.99999999999999, -59.99999999999999, 0.0, 0.0, 0.0, -75.0, -45.0, 0.0, 0.0, 0.0, -90.0, -29.999999999999996, 0.0, 0.0, -75.0, -75.0, 0.0, 0.0, 0.0, -90.0, -59.99999999999999, 0.0, 0.0, 0.0, -105.00000000000001, 165.0, 0.0, 0.0, 0.0, 0.0, -119.99999999999999, 59.99999999999999, -90.0, -59.99999999999999, 0.0, 0.0, 0.0, 0.0, -165.0, 150.0, 0.0, 0.0, -135.0, 165.0, 0.0, 0.0, 0.0]",3.2412525602066395,7.596559685681802,4.360114189482808,5.508595556037851,4.848916770784997,False
119,429.7594109764638,10,21.97781257813088,270.9358173519617,-0.7833932832799672,24.965825278600413,0.0,120.53572572708964,4.936949510941519,-3.7978645499086894,-9.599765089843054,0.5883034527713598,0.5883034527713598,0.0,0.0,0.9452654914440481,0.4341738040875347,1.0,40.282421269716885,15.196083143063714,66.68415338898443,429.7594109764638,"[-59.99999999999999, -59.99999999999999, 0.0, 0.0, 0.0, -75.0, -45.0, 0.0, 0.0, 0.0, -90.0, -29.999999999999996, 0.0, 0.0, -75.0, -75.0, 0.0, 0.0, 0.0, -90.0, -59.99999999999999, 0.0, 0.0, 0.0, -105.00000000000001, 165.0, 0.0, 0.0, 0.0, 0.0, -119.99999999999999, 59.99999999999999, -90.0, -59.99999999999999, 0.0, 0.0, 0.0, 0.0, -165.0, 150.0, 0.0, 0.0, -119.99999999999999, 75.0, 0.0, 0.0, 0.0]",3.2412525602066395,7.596559685681802,4.360114189482808,5.508595556037851,4.848916770784997,False
120,429.8971142318252,10,51.29067420927127,202.70967683539934,-5.479856000323659,26.004675279853004,0.0,166.88314062317517,4.936949510941519,-3.7978645499086894,-13.23858512935416,0.5883034527713598,0.5883034527713598,0.0,0.0,0.9590485501342627,0.5451560280541015,1.0,41.73423319105988,19.08046098189355,65.7255321463975,429.8971142318252,"[-59.99999999999999, -59.99999999999999, 0.0, 0.0, 0.0, -75.0, -45.0, 0.0, 0.0, 0.0, -90.0, -29.999999999999996, 0.0, 0.0, -75.0, -75.0, 0.0, 0.0, 0.0, -90.0, -59.99999999999999, 0.0, 0.0, 0.0, -105.00000000000001, 165.0, 0.0, 0.0, 0.0, 0.0, -119.99999999999999, 59.99999999999999, -75.0, -45.0, 0.0, 0.0, 0.0, 0.0, 90.0, 75.0, 0.0, 0.0, -45.0, 175.0, 0.0, 0.0, 0.0]",3.072602791413099,8.702832315600405,4.550260321388886,5.508595556037851,4.848916770784997,False
121,429.9077199101256,10,51.29067420927127,202.70967683539934,-5.479856000323659,26.004675279853004,0.0,166.88314062317517,4.936949510941519,-3.7978645499086894,-13.227979451053706,0.5883034527713598,0.5883034527713598,0.0,0.0,0.9590485501342627,0.5451560280541015,1.0,41.73423319105988,19.08046098189355,65.7255321463975,429.9077199101256,"[-59.99999999999999, -59.99999999999999, 0.0, 0.0, 0.0, -75.0, -45.0, 0.0, 0.0, 0.0, -90.0, -29.999999999999996, 0.0, 0.0, -75.0, -75.0, 0.0, 0.0, 0.0, -90.0, -59.99999999999999, 0.0, 0.0, 0.0, -105.00000000000001, 165.0, 0.0, 0.0, 0.0, 0.0, -119.99999999999999, 59.99999999999999, -75.0, -45.0, 0.0, 0.0, 0.0, 0.0, 90.0, 75.0, 0.0, 0.0, -45.0, 160.0, 0.0, 0.0, 0.0]",3.072602791413099,8.702832315600405,4.550260321388886,5.508595556037851,4.848916770784997,False
122,429.93528954594115,10,51.29067420927127,202.70967683539934,-5.479856000323659,26.004675279853004,0.0,166.88314062317517,4.936949510941519,-3.7978645499086894,-13.200409815238196,0.5883034527713598,0.5883034527713598,0.0,0.0,0.9590485501342627,0.5451560280541015,1.0,41.73423319105988,19.08046098189355,65.7255321463975,429.93528954594115,"[-59.99999999999999, -59.99999999999999, 0.0, 0.0, 0.0, -75.0, -45.0, 0.0, 0.0, 0.0, -90.0, -29.999999999999996, 0.0, 0.0, -75.0, -75.0, 0.0, 0.0, 0.0, -90.0, -59.99999999999999, 0.0, 0.0, 0.0, -105.00000000000001, 165.0, 0.0, 0.0, 0.0, 0.0, -119.99999999999999, 59.99999999999999, -75.0, -45.0, 0.0, 0.0, 0.0, 0.0, 90.0, 75.0, 0.0, 0.0, -45.0, 150.0, 0.0, 0.0, 0.0]",3.072602791413099,8.702832315600405,4.550260321388886,5.508595556037851,4.848916770784997,False
123,429.95852257326277,10,51.29067420927127,202.70967683539934,-5.479856000323659,26.004675279853004,0.0,166.88314062317517,4.936949510941519,-3.7978645499086894,-13.177176787916553,0.5883034527713598,0.5883034527713598,0.0,0.0,0.9590485501342627,0.5451560280541015,1.0,41.73423319105988,19.08046098189355,65.7255321463975,429.95852257326277,"[-59.99999999999999, -59.99999999999999, 0.0, 0.0, 0.0, -75.0, -45.0, 0.0, 0.0, 0.0, -90.0, -29.999999999999996, 0.0, 0.0, -75.0, -75.0, 0.0, 0.0, 0.0, -90.0, -59.99999999999999, 0.0, 0.0, 0.0, -105.00000000000001, 165.0, 0.0, 0.0, 0.0, 0.0, -119.99999999999999, 59.99999999999999, -75.0, -45.0, 0.0, 0.0, 0.0, 0.0, 90.0, 75.0, 0.0, 0.0, -45.0, 145.0, 0.0, 0.0, 0.0]",3.072602791413099,8.702832315600405,4.550260321388886,5.508595556037851,4.848916770784997,False
124,430.0288316621804,10,51.29067420927127,202.70967683539934,-5.479856000323659,26.004675279853004,0.0,166.88314062317517,4.936949510941519,-3.7978645499086894,-13.106867698998919,0.5883034527713598,0.5883034527713598,0.0,0.0,0.9590485501342627,0.5451560280541015,1.0,41.73423319105988,19.08046098189355,65.7255321463975,430.0288316621804,"[-59.99999999999999, -59.99999999999999, 0.0, 0.0, 0.0, -75.0, -45.0, 0.0, 0.0, 0.0, -90.0, -29.999999999999996, 0.0, 0.0, -75.0, -75.0, 0.0, 0.0, 0.0, -90.0, -59.99999999999999, 0.0, 0.0, 0.0, -105.00000000000001, 165.0, 0.0, 0.0, 0.0, 0.0, -119.99999999999999, 59.99999999999999, -75.0, -45.0, 0.0, 0.0, 0.0, 0.0, 90.0, 75.0, 0.0, 0.0, -45.0, 135.0, 0.0, 0.0, 0.0]",3.072602791413099,8.702832315600405,4.550260321388886,5.508595556037851,4.848916770784997,False
125,430.07404965014507,10,51.29067420927127,202.70967683539934,-5.479856000323659,26.004675279853004,0.0,166.88314062317517,4.936949510941519,-3.7978645499086894,-13.061649711034264,0.5883034527713598,0.5883034527713598,0.0,0.0,0.9590485501342627,0.5451560280541015,1.0,41.73423319105988,19.08046098189355,65.7255321463975,430.07404965014507,"[-45.0, -59.99999999999999, 0.0, 0.0, 0.0, -75.0, -45.0, 0.0, 0.0, 0.0, -90.0, -29.999999999999996, 0.0, 0.0, -75.0, -75.0, 0.0, 0.0, 0.0, -90.0, -59.99999999999999, 0.0, 0.0, 0.0, -105.00000000000001, 165.0, 0.0, 0.0, 0.0, 0.0, -119.99999999999999, 59.99999999999999, -75.0, -45.0, 0.0, 0.0, 0.0, 0.0, 90.0, 75.0, 0.0, 0.0, -45.0, 175.0, 0.0, 0.0, 0.0]",3.072602791413099,8.702832315600405,4.550260321388886,5.508595556037851,4.848916770784997,False
126,430.0772659441871,10,51.29067420927127,202.70967683539934,-5.479856000323659,26.004675279853004,0.0,166.88314062317517,4.936949510941519,-3.7978645499086894,-13.058433416992226,0.5883034527713598,0.5883034527713598,0.0,0.0,0.9590485501342627,0.5451560280541015,1.0,41.73423319105988,19.08046098189355,65.7255321463975,430.0772659441871,"[-59.99999999999999, -59.99999999999999, 0.0, 0.0, 0.0, -75.0, -45.0, 0.0, 0.0, 0.0, -90.0, -29.999999999999996, 0.0, 0.0, -75.0, -75.0, 0.0, 0.0, 0.0, -90.0, -59.99999999999999, 0.0, 0.0, 0.0, -105.00000000000001, 165.0, 0.0, 0.0, 0.0, 0.0, -119.99999999999999, 59.99999999999999, -75.0, -45.0, 0.0, 0.0, 0.0, 0.0, 90.0, 75.0, 0.0, 0.0, -45.0, 130.0, 0.0, 0.0, 0.0]",3.072602791413099,8.702832315600405,4.550260321388886,5.508595556037851,4.848916770784997,False
127,430.08465532844554,10,51.29067420927127,202.70967683539934,-5.479856000323659,26.004675279853004,0.0,166.88314062317517,4.936949510941519,-3.7978645499086894,-13.05104403273381,0.5883034527713598,0.5883034527713598,0.0,0.0,0.9590485501342627,0.5451560280541015,1.0,41.73423319105988,19.08046098189355,65.7255321463975,430.08465532844554,"[-45.0, -59.99999999999999, 0.0, 0.0, 0.0, -75.0, -45.0, 0.0, 0.0, 0.0, -90.0, -29.999999999999996, 0.0, 0.0, -75.0, -75.0, 0.0, 0.0, 0.0, -90.0, -59.99999999999999, 0.0, 0.0, 0.0, -105.00000000000001, 165.0, 0.0, 0.0, 0.0, 0.0, -119.99999999999999, 59.99999999999999, -75.0, -45.0, 0.0, 0.0, 0.0, 0.0, 90.0, 75.0, 0.0, 0.0, -45.0, 160.0, 0.0, 0.0, 0.0]",3.072602791413099,8.702832315600405,4.550260321388886,5.508595556037851,4.848916770784997,False
128,430.0908776294874,10,24.068915697096315,217.50149686925366,-0.7833932832799672,25.44208805415297,0.0,175.3150622517724,4.936949510941519,-3.7978645499086894,-13.18068037331216,0.5883034527713598,0.5883034527713598,0.0,0.0,0.956060303662777,0.442698973614848,1.0,42.3065500954629,15.49446407651968,67.69300101691103,430.0908776294874,"[-59.99999999999999, -59.99999999999999, 0.0, 0.0, 0.0, -75.0, -45.0, 0.0, 0.0, 0.0, -90.0, -29.999999999999996, 0.0, 0.0, -75.0, -75.0, 0.0, 0.0, 0.0, -90.0, -59.99999999999999, 0.0, 0.0, 0.0, -105.00000000000001, 165.0, 0.0, 0.0, 0.0, 0.0, -119.99999999999999, 59.99999999999999, -90.0, -59.99999999999999, 0.0, 0.0, 0.0, 0.0, -165.0, 165.0, 0.0, 0.0, -150.0, 105.00000000000001, 0.0, 0.0, 0.0]",3.2142433568938955,7.694033531972395,4.387608240230677,5.508595556037851,4.848916770784997,False
129,430.11222496426103,10,51.29067420927127,202.70967683539934,-5.479856000323659,26.004675279853004,0.0,166.88314062317517,4.936949510941519,-3.7978645499086894,-13.0234743969183,0.5883034527713598,0.5883034527713598,0.0,0.0,0.9590485501342627,0.5451560280541015,1.0,41.73423319105988,19.08046098189355,65.7255321463975,430.11222496426103,"[-45.0, -59.99999999999999, 0.0, 0.0, 0.0, -75.0, -45.0, 0.0, 0.0, 0.0, -90.0, -29.999999999999996, 0.0, 0.0, -75.0, -75.0, 0.0, 0.0, 0.0, -90.0, -59.99999999999999, 0.0, 0.0, 0.0, -105.00000000000001, 165.0, 0.0, 0.0, 0.0, 0.0, -119.99999999999999, 59.99999999999999, -75.0, -45.0, 0.0, 0.0, 0.0, 0.0, 90.0, 75.0, 0.0, 0.0, -45.0, 150.0, 0.0, 0.0, 0.0]",3.072602791413099,8.702832315600405,4.550260321388886,5.508595556037851,4.848916770784997,False
130,430.13545799158265,10,51.29067420927127,202.70967683539934,-5.479856000323659,26.004675279853004,0.0,166.88314062317517,4.936949510941519,-3.7978645499086894,-13.000241369596656,0.5883034527713598,0.5883034527713598,0.0,0.0,0.9590485501342627,0.5451560280541015,1.0,41.73423319105988,19.08046098189355,65.7255321463975,430.13545799158265,"[-45.0, -59.99999999999999, 0.0, 0.0, 0.0, -75.0, -45.0, 0.0, 0.0, 0.0, -90.0, -29.999999999999996, 0.0, 0.0, -75.0, -75.0, 0.0, 0.0, 0.0, -90.0, -59.99999999999999, 0.0, 0.0, 0.0, -105.00000000000001, 165.0, 0.0, 0.0, 0.0, 0.0, -119.99999999999999, 59.99999999999999, -75.0, -45.0, 0.0, 0.0, 0.0, 0.0, 90.0, 75.0, 0.0, 0.0, -45.0, 145.0, 0.0, 0.0, 0.0]",3.072602791413099,8.702832315600405,4.550260321388886,5.508595556037851,4.848916770784997,False
131,430.1565628548043,10,21.97781257813088,224.4537325918128,-0.7833932832799672,25.584277263517805,0.0,172.14057662792771,4.936949510941519,-3.7978645499086894,-14.943831337109133,0.5883034527713598,0.5883034527713598,0.0,0.0,0.9546558115976135,0.43530149184898403,1.0,41.97176000029742,15.235552214714442,67.72868558939619,430.1565628548043,"[-59.99999999999999, -59.99999999999999, 0.0, 0.0, 0.0, -75.0, -45.0, 0.0, 0.0, 0.0, -90.0, -29.999999999999996, 0.0, 0.0, -75.0, -75.0, 0.0, 0.0, 0.0, -90.0, -59.99999999999999, 0.0, 0.0, 0.0, -105.00000000000001, 165.0, 0.0, 0.0, 0.0, 0.0, -119.99999999999999, 59.99999999999999, -90.0, -59.99999999999999, 0.0, 0.0, 0.0, 0.0, -165.0, 150.0, 0.0, 0.0, -135.0, 119.99999999999999, 0.0, 0.0, 0.0]",3.2412525602066395,7.596559685681802,4.360114189482808,5.508595556037851,4.848916770784997,False
132,430.20155179807944,10,51.29067420927127,202.70967683539934,-5.479856000323659,26.004675279853004,0.0,166.88314062317517,4.936949510941519,-3.7978645499086894,-12.934147563099913,0.5883034527713598,0.5883034527713598,0.0,0.0,0.9590485501342627,0.5451560280541015,1.0,41.73423319105988,19.08046098189355,65.7255321463975,430.20155179807944,"[-59.99999999999999, -59.99999999999999, 0.0, 0.0, 0.0, -75.0, -45.0, 0.0, 0.0, 0.0, -90.0, -29.999999999999996, 0.0, 0.0, -75.0, -75.0, 0.0, 0.0, 0.0, -90.0, -59.99999999999999, 0.0, 0.0, 0.0, -105.00000000000001, 165.0, 0.0, 0.0, 0.0, 0.0, -119.99999999999999, 59.99999999999999, -75.0, -45.0, 0.0, 0.0, 0.0, 0.0, 90.0, 75.0, 0.0, 0.0, -45.0, 119.99999999999999, 0.0, 0.0, 0.0]",3.072602791413099,8.702832315600405,4.550260321388886,5.508595556037851,4.848916770784997,False
133,430.2057670805003,10,51.29067420927127,202.70967683539934,-5.479856000323659,26.004675279853004,0.0,166.88314062317517,4.936949510941519,-3.7978645499086894,-12.929932280679022,0.5883034527713598,0.5883034527713598,0.0,0.0,0.9590485501342627,0.5451560280541015,1.0,41.73423319105988,19.08046098189355,65.7255321463975,430.2057670805003,"[-45.0, -59.99999999999999, 0.0, 0.0, 0.0, -75.0, -45.0, 0.0, 0.0, 0.0, -90.0, -29.999999999999996, 0.0, 0.0, -75.0, -75.0, 0.0, 0.0, 0.0, -90.0, -59.99999999999999, 0.0, 0.0, 0.0, -105.00000000000001, 165.0, 0.0, 0.0, 0.0, 0.0, -119.99999999999999, 59.99999999999999, -75.0, -45.0, 0.0, 0.0, 0.0, 0.0, 90.0, 75.0, 0.0, 0.0, -45.0, 135.0, 0.0, 0.0, 0.0]",3.072602791413099,8.702832315600405,4.550260321388886,5.508595556037851,4.848916770784997,False
134,430.254201362507,10,51.29067420927127,202.70967683539934,-5.479856000323659,26.004675279853004,0.0,166.88314062317517,4.936949510941519,-3.7978645499086894,-12.88149799867233,0.5883034527713598,0.5883034527713598,0.0,0.0,0.9590485501342627,0.5451560280541015,1.0,41.73423319105988,19.08046098189355,65.7255321463975,430.254201362507,"[-45.0, -59.99999999999999, 0.0, 0.0, 0.0, -75.0, -45.0, 0.0, 0.0, 0.0, -90.0, -29.999999999999996, 0.0, 0.0, -75.0, -75.0, 0.0, 0.0, 0.0, -90.0, -59.99999999999999, 0.0, 0.0, 0.0, -105.00000000000001, 165.0, 0.0, 0.0, 0.0, 0.0, -119.99999999999999, 59.99999999999999, -75.0, -45.0, 0.0, 0.0, 0.0, 0.0, 90.0, 75.0, 0.0, 0.0, -45.0, 130.0, 0.0, 0.0, 0.0]",3.072602791413099,8.702832315600405,4.550260321388886,5.508595556037851,4.848916770784997,False
135,430.27646066173617,10,51.29067420927127,202.70967683539934,-5.479856000323659,26.004675279853004,0.0,166.88314062317517,4.936949510941519,-3.7978645499086894,-12.859238699443132,0.5883034527713598,0.5883034527713598,0.0,0.0,0.9590485501342627,0.5451560280541015,1.0,41.73423319105988,19.08046098189355,65.7255321463975,430.27646066173617,"[-59.99999999999999, -59.99999999999999, 0.0, 0.0, 0.0, -75.0, -45.0, 0.0, 0.0, 0.0, -90.0, -29.999999999999996, 0.0, 0.0, -75.0, -75.0, 0.0, 0.0, 0.0, -90.0, -59.99999999999999, 0.0, 0.0, 0.0, -105.00000000000001, 165.0, 0.0, 0.0, 0.0, 0.0, -119.99999999999999, 59.99999999999999, -75.0, -45.0, 0.0, 0.0, 0.0, 0.0, 90.0, 75.0, 0.0, 0.0, -45.0, 115.0, 0.0, 0.0, 0.0]",3.072602791413099,8.702832315600405,4.550260321388886,5.508595556037851,4.848916770784997,False
136,430.3784872163993,10,51.29067420927127,202.70967683539934,-5.479856000323659,26.004675279853004,0.0,166.88314062317517,4.936949510941519,-3.7978645499086894,-12.757212144780016,0.5883034527713598,0.5883034527713598,0.0,0.0,0.9590485501342627,0.5451560280541015,1.0,41.73423319105988,19.08046098189355,65.7255321463975,430.3784872163993,"[-45.0, -59.99999999999999, 0.0, 0.0, 0.0, -75.0, -45.0, 0.0, 0.0, 0.0, -90.0, -29.999999999999996, 0.0, 0.0, -75.0, -75.0, 0.0, 0.0, 0.0, -90.0, -59.99999999999999, 0.0, 0.0, 0.0, -105.00000000000001, 165.0, 0.0, 0.0, 0.0, 0.0, -119.99999999999999, 59.99999999999999, -75.0, -45.0, 0.0, 0.0, 0.0, 0.0, 90.0, 75.0, 0.0, 0.0, -45.0, 119.99999999999999, 0.0, 0.0, 0.0]",3.072602791413099,8.702832315600405,4.550260321388886,5.508595556037851,4.848916770784997,False
137,430.44582396315565,10,51.29067420927127,202.70967683539934,-5.479856000323659,26.004675279853004,0.0,166.88314062317517,4.936949510941519,-3.7978645499086894,-12.68987539802365,0.5883034527713598,0.5883034527713598,0.0,0.0,0.9590485501342627,0.5451560280541015,1.0,41.73423319105988,19.08046098189355,65.7255321463975,430.44582396315565,"[-59.99999999999999, -59.99999999999999, 0.0, 0.0, 0.0, -75.0, -45.0, 0.0, 0.0, 0.0, -90.0, -29.999999999999996, 0.0, 0.0, -75.0, -75.0, 0.0, 0.0, 0.0, -90.0, -59.99999999999999, 0.0, 0.0, 0.0, -105.00000000000001, 165.0, 0.0, 0.0, 0.0, 0.0, -119.99999999999999, 59.99999999999999, -75.0, -45.0, 0.0, 0.0, 0.0, 0.0, 90.0, 75.0, 0.0, 0.0, -45.0, 105.00000000000001, 0.0, 0.0, 0.0]",3.072602791413099,8.702832315600405,4.550260321388886,5.508595556037851,4.848916770784997,False
138,430.4506874584494,10,21.97781257813088,270.9358173519617,-0.7833932832799672,24.965825278600413,0.0,120.53572572708964,4.936949510941519,-3.7978645499086894,-8.908488607857441,0.5883034527713598,0.5883034527713598,0.0,0.0,0.9452654914440481,0.4341738040875347,1.0,40.282421269716885,15.196083143063714,66.68415338898443,430.4506874584494,"[-59.99999999999999, -59.99999999999999, 0.0, 0.0, 0.0, -75.0, -45.0, 0.0, 0.0, 0.0, -90.0, -29.999999999999996, 0.0, 0.0, -75.0, -75.0, 0.0, 0.0, 0.0, -90.0, -59.99999999999999, 0.0, 0.0, 0.0, -105.00000000000001, 165.0, 0.0, 0.0, 0.0, 0.0, -119.99999999999999, 59.99999999999999, -90.0, -59.99999999999999, 0.0, 0.0, 0.0, 0.0, -165.0, 150.0, 0.0, 0.0, -119.99999999999999, 59.99999999999999, 0.0, 0.0, 0.0]",3.2412525602066395,7.596559685681802,4.360114189482808,5.508595556037851,4.848916770784997,False
139,430.4533960800561,10,51.29067420927127,202.70967683539934,-5.479856000323659,26.004675279853004,0.0,166.88314062317517,4.936949510941519,-3.7978645499086894,-12.682303281123236,0.5883034527713598,0.5883034527713598,0.0,0.0,0.9590485501342627,0.5451560280541015,1.0,41.73423319105988,19.08046098189355,65.7255321463975,430.4533960800561,"[-45.0, -59.99999999999999, 0.0, 0.0, 0.0, -75.0, -45.0, 0.0, 0.0, 0.0, -90.0, -29.999999999999996, 0.0, 0.0, -75.0, -75.0, 0.0, 0.0, 0.0, -90.0, -59.99999999999999, 0.0, 0.0, 0.0, -105.00000000000001, 165.0, 0.0, 0.0, 0.0, 0.0, -119.99999999999999, 59.99999999999999, -75.0, -45.0, 0.0, 0.0, 0.0, 0.0, 90.0, 75.0, 0.0, 0.0, -45.0, 115.0, 0.0, 0.0, 0.0]",3.072602791413099,8.702832315600405,4.550260321388886,5.508595556037851,4.848916770784997,False
140,430.6227593814756,10,51.29067420927127,202.70967683539934,-5.479856000323659,26.004675279853004,0.0,166.88314062317517,4.936949510941519,-3.7978645499086894,-12.512939979703754,0.5883034527713598,0.5883034527713598,0.0,0.0,0.9590485501342627,0.5451560280541015,1.0,41.73423319105988,19.08046098189355,65.7255321463975,430.6227593814756,"[-45.0, -59.99999999999999, 0.0, 0.0, 0.0, -75.0, -45.0, 0.0, 0.0, 0.0, -90.0, -29.999999999999996, 0.0, 0.0, -75.0, -75.0, 0.0, 0.0, 0.0, -90.0, -59.99999999999999, 0.0, 0.0, 0.0, -105.00000000000001, 165.0, 0.0, 0.0, 0.0, 0.0, -119.99999999999999, 59.99999999999999, -75.0, -45.0, 0.0, 0.0, 0.0, 0.0, 90.0, 75.0, 0.0, 0.0, -45.0, 105.00000000000001, 0.0, 0.0, 0.0]",3.072602791413099,8.702832315600405,4.550260321388886,5.508595556037851,4.848916770784997,False
141,430.71696069602115,10,51.29067420927127,202.70967683539934,-5.479856000323659,26.004675279853004,0.0,166.88314062317517,4.936949510941519,-3.7978645499086894,-12.418738665158202,0.5883034527713598,0.5883034527713598,0.0,0.0,0.9590485501342627,0.5451560280541015,1.0,41.73423319105988,19.08046098189355,65.7255321463975,430.71696069602115,"[-59.99999999999999, -59.99999999999999, 0.0, 0.0, 0.0, -75.0, -45.0, 0.0, 0.0, 0.0, -90.0, -29.999999999999996, 0.0, 0.0, -75.0, -75.0, 0.0, 0.0, 0.0, -90.0, -59.99999999999999, 0.0, 0.0, 0.0, -105.00000000000001, 165.0, 0.0, 0.0, 0.0, 0.0, -119.99999999999999, 59.99999999999999, -75.0, -45.0, 0.0, 0.0, 0.0, 0.0, 90.0, 75.0, 0.0, 0.0, -45.0, 90.0, 0.0, 0.0, 0.0]",3.072602791413099,8.702832315600405,4.550260321388886,5.508595556037851,4.848916770784997,False
142,430.89389611434103,10,51.29067420927127,202.70967683539934,-5.479856000323659,26.004675279853004,0.0,166.88314062317517,4.936949510941519,-3.7978645499086894,-12.241803246838305,0.5883034527713598,0.5883034527713598,0.0,0.0,0.9590485501342627,0.5451560280541015,1.0,41.73423319105988,19.08046098189355,65.7255321463975,430.89389611434103,"[-45.0, -59.99999999999999, 0.0, 0.0, 0.0, -75.0, -45.0, 0.0, 0.0, 0.0, -90.0, -29.999999999999996, 0.0, 0.0, -75.0, -75.0, 0.0, 0.0, 0.0, -90.0, -59.99999999999999, 0.0, 0.0, 0.0, -105.00000000000001, 165.0, 0.0, 0.0, 0.0, 0.0, -119.99999999999999, 59.99999999999999, -75.0, -45.0, 0.0, 0.0, 0.0, 0.0, 90.0, 75.0, 0.0, 0.0, -45.0, 90.0, 0.0, 0.0, 0.0]",3.072602791413099,8.702832315600405,4.550260321388886,5.508595556037851,4.848916770784997,False
143,431.40004027386163,10,28.635341970073878,218.49151476444544,-0.6664978428089781,25.299330159000522,0.0,171.6917443690128,4.936949510941519,-3.7978645499086894,-13.778781559666236,0.5883034527713598,0.5883034527713598,0.0,0.0,0.9558603000475868,0.5399011174463965,1.0,43.707470905988274,18.896539110623877,68.26431400466934,431.40004027386163,"[-59.99999999999999, -59.99999999999999, 0.0, 0.0, 0.0, -75.0, -45.0, 0.0, 0.0, 0.0, -90.0, -29.999999999999996, 0.0, 0.0, -75.0, -75.0, 0.0, 0.0, 0.0, -90.0, -59.99999999999999, 0.0, 0.0, 0.0, -105.00000000000001, 165.0, 0.0, 0.0, 0.0, 0.0, -119.99999999999999, 59.99999999999999, -90.0, -45.0, 0.0, 0.0, 0.0, 0.0, -165.0, 150.0, 0.0, 0.0, 90.0, 14.999999999999998, 0.0, 0.0, 0.0]",3.367829194862711,7.893129414389196,4.322121389535957,5.508595556037851,4.848916770784997,False
144,431.4000482987329,10,28.635341970073878,218.49151476444544,-0.6664978428089781,25.299330159000522,0.0,171.6917443690128,4.936949510941519,-3.7978645499086894,-13.778773534795011,0.5883034527713598,0.5883034527713598,0.0,0.0,0.9558603000475868,0.5399011174463965,1.0,43.707470905988274,18.896539110623877,68.26431400466934,431.4000482987329,"[-59.99999999999999, -59.99999999999999, 0.0, 0.0, 0.0, -75.0, -45.0, 0.0, 0.0, 0.0, -90.0, -29.999999999999996, 0.0, 0.0, -75.0, -75.0, 0.0, 0.0, 0.0, -90.0, -59.99999999999999, 0.0, 0.0, 0.0, -105.00000000000001, 165.0, 0.0, 0.0, 0.0, 0.0, -119.99999999999999, 59.99999999999999, -90.0, -45.0, 0.0, 0.0, 0.0, 0.0, -165.0, 150.0, 0.0, 0.0, 90.0, 29.999999999999996, 0.0, 0.0, 0.0]",3.367829194862711,7.893129414389196,4.322121389535957,5.508595556037851,4.848916770784997,False
145,431.400052505024,10,28.635341970073878,218.49151476444544,-0.6664978428089781,25.299330159000522,0.0,171.6917443690128,4.936949510941519,-3.7978645499086894,-13.778769328503843,0.5883034527713598,0.5883034527713598,0.0,0.0,0.9558603000475868,0.5399011174463965,1.0,43.707470905988274,18.896539110623877,68.26431400466934,431.400052505024,"[-59.99999999999999, -59.99999999999999, 0.0, 0.0, 0.0, -75.0, -45.0, 0.0, 0.0, 0.0, -90.0, -29.999999999999996, 0.0, 0.0, -75.0, -75.0, 0.0, 0.0, 0.0, -90.0, -59.99999999999999, 0.0, 0.0, 0.0, -105.00000000000001, 165.0, 0.0, 0.0, 0.0, 0.0, -119.99999999999999, 59.99999999999999, -90.0, -45.0, 0.0, 0.0, 0.0, 0.0, -165.0, 150.0, 0.0, 0.0, 90.0, 45.0, 0.0, 0.0, 0.0]",3.367829194862711,7.893129414389196,4.322121389535957,5.508595556037851,4.848916770784997,False
146,431.4000525555826,10,28.635341970073878,218.49151476444544,-0.6664978428089781,25.299330159000522,0.0,171.6917443690128,4.936949510941519,-3.7978645499086894,-13.778769277945306,0.5883034527713598,0.5883034527713598,0.0,0.0,0.9558603000475868,0.5399011174463965,1.0,43.707470905988274,18.896539110623877,68.26431400466934,431.4000525555826,"[-59.99999999999999, -59.99999999999999, 0.0, 0.0, 0.0, -75.0, -45.0, 0.0, 0.0, 0.0, -90.0, -29.999999999999996, 0.0, 0.0, -75.0, -75.0, 0.0, 0.0, 0.0, -90.0, -59.99999999999999, 0.0, 0.0, 0.0, -105.00000000000001, 165.0, 0.0, 0.0, 0.0, 0.0, -119.99999999999999, 59.99999999999999, -90.0, -45.0, 0.0, 0.0, 0.0, 0.0, -165.0, 150.0, 0.0, 0.0, 90.0, 75.0, 0.0, 0.0, 0.0]",3.367829194862711,7.893129414389196,4.322121389535957,5.508595556037851,4.848916770784997,False
147,431.4000537064498,10,28.635341970073878,218.49151476444544,-0.6664978428089781,25.299330159000522,0.0,171.6917443690128,4.936949510941519,-3.7978645499086894,-13.778768127078102,0.5883034527713598,0.5883034527713598,0.0,0.0,0.9558603000475868,0.5399011174463965,1.0,43.707470905988274,18.896539110623877,68.26431400466934,431.4000537064498,"[-59.99999999999999, -59.99999999999999, 0.0, 0.0, 0.0, -75.0, -45.0, 0.0, 0.0, 0.0, -90.0, -29.999999999999996, 0.0, 0.0, -75.0, -75.0, 0.0, 0.0, 0.0, -90.0, -59.99999999999999, 0.0, 0.0, 0.0, -105.00000000000001, 165.0, 0.0, 0.0, 0.0, 0.0, -119.99999999999999, 59.99999999999999, -90.0, -45.0, 0.0, 0.0, 0.0, 0.0, -165.0, 150.0, 0.0, 0.0, 90.0, 59.99999999999999, 0.0, 0.0, 0.0]",3.367829194862711,7.893129414389196,4.322121389535957,5.508595556037851,4.848916770784997,False
148,431.8379949146017,10,21.97781257813088,224.4537325918128,-0.7833932832799672,25.584277263517805,0.0,172.14057662792771,4.936949510941519,-3.7978645499086894,-13.262399277311703,0.5883034527713598,0.5883034527713598,0.0,0.0,0.9546558115976135,0.43530149184898403,1.0,41.97176000029742,15.235552214714442,67.72868558939619,431.8379949146017,"[-59.99999999999999, -59.99999999999999, 0.0, 0.0, 0.0, -75.0, -45.0, 0.0, 0.0, 0.0, -90.0, -29.999999999999996, 0.0, 0.0, -75.0, -75.0, 0.0, 0.0, 0.0, -90.0, -59.99999999999999, 0.0, 0.0, 0.0, -105.00000000000001, 165.0, 0.0, 0.0, 0.0, 0.0, -119.99999999999999, 59.99999999999999, -90.0, -59.99999999999999, 0.0, 0.0, 0.0, 0.0, -165.0, 150.0, 0.0, 0.0, -135.0, 105.00000000000001, 0.0, 0.0, 0.0]",3.2412525602066395,7.596559685681802,4.360114189482808,5.508595556037851,4.848916770784997,False
149,433.0031628270527,10,18.61460686955783,228.8763214321718,-0.7833932832799672,25.793675409405928,0.0,174.64209782016982,4.936949510941519,-3.7978645499086894,-15.867533834776886,0.5883034527713598,0.5883034527713598,0.0,0.0,0.9537623593066319,0.430883287771055,1.0,41.805987207932006,15.080915071986926,67.87432714121981,433.0031628270527,"[-59.99999999999999, -59.99999999999999, 0.0, 0.0, 0.0, -75.0, -45.0, 0.0, 0.0, 0.0, -90.0, -29.999999999999996, 0.0, 0.0, -75.0, -75.0, 0.0, 0.0, 0.0, -90.0, -59.99999999999999, 0.0, 0.0, 0.0, -105.00000000000001, 165.0, 0.0, 0.0, 0.0, 0.0, -119.99999999999999, 59.99999999999999, -90.0, -59.99999999999999, 0.0, 0.0, 0.0, 0.0, -165.0, 135.0, 0.0, 0.0, -119.99999999999999, 150.0, 0.0, 0.0, 0.0]",3.2626696634628183,7.429487334478142,4.325692716100709,5.508595556037851,4.848916770784997,False
150,433.2252713370049,10,18.61460686955783,228.8763214321718,-0.7833932832799672,25.793675409405928,0.0,174.64209782016982,4.936949510941519,-3.7978645499086894,-15.645425324824675,0.5883034527713598,0.5883034527713598,0.0,0.0,0.9537623593066319,0.430883287771055,1.0,41.805987207932006,15.080915071986926,67.87432714121981,433.2252713370049,"[-59.99999999999999, -59.99999999999999, 0.0, 0.0, 0.0, -75.0, -45.0, 0.0, 0.0, 0.0, -90.0, -29.999999999999996, 0.0, 0.0, -75.0, -75.0, 0.0, 0.0, 0.0, -90.0, -59.99999999999999, 0.0, 0.0, 0.0, -105.00000000000001, 165.0, 0.0, 0.0, 0.0, 0.0, -119.99999999999999, 59.99999999999999, -90.0, -59.99999999999999, 0.0, 0.0, 0.0, 0.0, -165.0, 135.0, 0.0, 0.0, -119.99999999999999, 135.0, 0.0, 0.0, 0.0]",3.2626696634628183,7.429487334478142,4.325692716100709,5.508595556037851,4.848916770784997,False
151,433.4643176910198,10,18.61460686955783,228.8763214321718,-0.7833932832799672,25.793675409405928,0.0,174.64209782016982,4.936949510941519,-3.7978645499086894,-15.406378970809758,0.5883034527713598,0.5883034527713598,0.0,0.0,0.9537623593066319,0.430883287771055,1.0,41.805987207932006,15.080915071986926,67.87432714121981,433.4643176910198,"[-59.99999999999999, -59.99999999999999, 0.0, 0.0, 0.0, -75.0, -45.0, 0.0, 0.0, 0.0, -90.0, -29.999999999999996, 0.0, 0.0, -75.0, -75.0, 0.0, 0.0, 0.0, -90.0, -59.99999999999999, 0.0, 0.0, 0.0, -105.00000000000001, 165.0, 0.0, 0.0, 0.0, 0.0, -119.99999999999999, 59.99999999999999, -90.0, -59.99999999999999, 0.0, 0.0, 0.0, 0.0, -165.0, 135.0, 0.0, 0.0, -119.99999999999999, 165.0, 0.0, 0.0, 0.0]",3.2626696634628183,7.429487334478142,4.325692716100709,5.508595556037851,4.848916770784997,False
152,434.32779155247323,10,18.61460686955783,228.8763214321718,-0.7833932832799672,25.793675409405928,0.0,174.64209782016982,4.936949510941519,-3.7978645499086894,-14.54290510935637,0.5883034527713598,0.5883034527713598,0.0,0.0,0.9537623593066319,0.430883287771055,1.0,41.805987207932006,15.080915071986926,67.87432714121981,434.32779155247323,"[-59.99999999999999, -59.99999999999999, 0.0, 0.0, 0.0, -75.0, -45.0, 0.0, 0.0, 0.0, -90.0, -29.999999999999996, 0.0, 0.0, -75.0, -75.0, 0.0, 0.0, 0.0, -90.0, -59.99999999999999, 0.0, 0.0, 0.0, -105.00000000000001, 165.0, 0.0, 0.0, 0.0, 0.0, -119.99999999999999, 59.99999999999999, -90.0, -59.99999999999999, 0.0, 0.0, 0.0, 0.0, -165.0, 135.0, 0.0, 0.0, -119.99999999999999, 119.99999999999999, 0.0, 0.0, 0.0]",3.2626696634628183,7.429487334478142,4.325692716100709,5.508595556037851,4.848916770784997,False
153,435.88257048324937,10,18.61460686955783,281.0730838103291,-0.7833932832799672,25.03074957258506,0.0,125.43722399024458,4.936949510941519,-3.7978645499086894,-15.217088889991409,0.5883034527713598,0.5883034527713598,0.0,0.0,0.9432175588261962,0.43080791157435894,1.0,40.180413438920255,15.078276905102562,66.85656216679759,435.88257048324937,"[-59.99999999999999, -59.99999999999999, 0.0, 0.0, 0.0, -75.0, -45.0, 0.0, 0.0, 0.0, -90.0, -29.999999999999996, 0.0, 0.0, -75.0, -75.0, 0.0, 0.0, 0.0, -90.0, -59.99999999999999, 0.0, 0.0, 0.0, -105.00000000000001, 165.0, 0.0, 0.0, 0.0, 0.0, -119.99999999999999, 59.99999999999999, -90.0, -59.99999999999999, 0.0, 0.0, 0.0, 0.0, -165.0, 135.0, 0.0, 0.0, -105.00000000000001, 150.0, 0.0, 0.0, 0.0]",3.2626696634628183,7.429487334478142,4.325692716100709,5.508595556037851,4.848916770784997,False
154,435.8945486039382,10,18.61460686955783,281.0730838103291,-0.7833932832799672,25.03074957258506,0.0,125.43722399024458,4.936949510941519,-3.7978645499086894,-15.205110769302648,0.5883034527713598,0.5883034527713598,0.0,0.0,0.9432175588261962,0.43080791157435894,1.0,40.180413438920255,15.078276905102562,66.85656216679759,435.8945486039382,"[-59.99999999999999, -59.99999999999999, 0.0, 0.0, 0.0, -75.0, -45.0, 0.0, 0.0, 0.0, -90.0, -29.999999999999996, 0.0, 0.0, -75.0, -75.0, 0.0, 0.0, 0.0, -90.0, -59.99999999999999, 0.0, 0.0, 0.0, -105.00000000000001, 165.0, 0.0, 0.0, 0.0, 0.0, -119.99999999999999, 59.99999999999999, -90.0, -59.99999999999999, 0.0, 0.0, 0.0, 0.0, -165.0, 135.0, 0.0, 0.0, -105.00000000000001, 145.0, 0.0, 0.0, 0.0]",3.2626696634628183,7.429487334478142,4.325692716100709,5.508595556037851,4.848916770784997,False
155,435.9685624186996,10,38.07184825472384,145.4077684534275,-0.6664978428089781,25.868754420671543,0.0,237.9246017668074,4.936949510941519,-3.7978645499086894,-12.365301047925943,0.5883034527713598,0.5883034527713598,0.0,0.0,0.970624693241732,0.5685943464397042,1.0,43.304809893618845,19.900802125389646,67.09912920917075,435.9685624186996,"[-59.99999999999999, -59.99999999999999, 0.0, 0.0, 0.0, -75.0, -45.0, 0.0, 0.0, 0.0, -90.0, -29.999999999999996, 0.0, 0.0, -75.0, -75.0, 0.0, 0.0, 0.0, -90.0, -59.99999999999999, 0.0, 0.0, 0.0, -105.00000000000001, 165.0, 0.0, 0.0, 0.0, 0.0, -119.99999999999999, 59.99999999999999, -90.0, -45.0, 0.0, 0.0, 0.0, 0.0, 90.0, 14.999999999999998, 0.0, 0.0, 45.0, 14.999999999999998, 0.0, 0.0, 0.0]",2.9246317773817463,8.25941472978325,4.478266511242225,5.508595556037851,4.848916770784997,False
156,435.97048673490946,10,38.07184825472384,145.4077684534275,-0.6664978428089781,25.868754420671543,0.0,237.9246017668074,4.936949510941519,-3.7978645499086894,-12.363376731716079,0.5883034527713598,0.5883034527713598,0.0,0.0,0.970624693241732,0.5685943464397042,1.0,43.304809893618845,19.900802125389646,67.09912920917075,435.97048673490946,"[-59.99999999999999, -59.99999999999999, 0.0, 0.0, 0.0, -75.0, -45.0, 0.0, 0.0, 0.0, -90.0, -29.999999999999996, 0.0, 0.0, -75.0, -75.0, 0.0, 0.0, 0.0, -90.0, -59.99999999999999, 0.0, 0.0, 0.0, -105.00000000000001, 165.0, 0.0, 0.0, 0.0, 0.0, -119.99999999999999, 59.99999999999999, -90.0, -45.0, 0.0, 0.0, 0.0, 0.0, 90.0, 14.999999999999998, 0.0, 0.0, 45.0, 29.999999999999996, 0.0, 0.0, 0.0]",2.9246317773817463,8.25941472978325,4.478266511242225,5.508595556037851,4.848916770784997,False
157,435.9713976349544,10,38.07184825472384,145.4077684534275,-0.6664978428089781,25.868754420671543,0.0,237.9246017668074,4.936949510941519,-3.7978645499086894,-12.362465831671107,0.5883034527713598,0.5883034527713598,0.0,0.0,0.970624693241732,0.5685943464397042,1.0,43.304809893618845,19.900802125389646,67.09912920917075,435.9713976349544,"[-59.99999999999999, -59.99999999999999, 0.0, 0.0, 0.0, -75.0, -45.0, 0.0, 0.0, 0.0, -90.0, -29.999999999999996, 0.0, 0.0, -75.0, -75.0, 0.0, 0.0, 0.0, -90.0, -59.99999999999999, 0.0, 0.0, 0.0, -105.00000000000001, 165.0, 0.0, 0.0, 0.0, 0.0, -119.99999999999999, 59.99999999999999, -90.0, -45.0, 0.0, 0.0, 0.0, 0.0, 90.0, 14.999999999999998, 0.0, 0.0, 45.0, 45.0, 0.0, 0.0, 0.0]",2.9246317773817463,8.25941472978325,4.478266511242225,5.508595556037851,4.848916770784997,False
158,435.9715144474168,10,38.07184825472384,145.4077684534275,-0.6664978428089781,25.868754420671543,0.0,237.9246017668074,4.936949510941519,-3.7978645499086894,-12.362349019208738,0.5883034527713598,0.5883034527713598,0.0,0.0,0.970624693241732,0.5685943464397042,1.0,43.304809893618845,19.900802125389646,67.09912920917075,435.9715144474168,"[-59.99999999999999, -59.99999999999999, 0.0, 0.0, 0.0, -75.0, -45.0, 0.0, 0.0, 0.0, -90.0, -29.999999999999996, 0.0, 0.0, -75.0, -75.0, 0.0, 0.0, 0.0, -90.0, -59.99999999999999, 0.0, 0.0, 0.0, -105.00000000000001, 165.0, 0.0, 0.0, 0.0, 0.0, -119.99999999999999, 59.99999999999999, -90.0, -45.0, 0.0, 0.0, 0.0, 0.0, 90.0, 14.999999999999998, 0.0, 0.0, 45.0, 75.0, 0.0, 0.0, 0.0]",2.9246317773817463,8.25941472978325,4.478266511242225,5.508595556037851,4.848916770784997,False
159,435.9716630008296,10,38.07184825472384,145.4077684534275,-0.6664978428089781,25.868754420671543,0.0,237.9246017668074,4.936949510941519,-3.7978645499086894,-12.362200465795919,0.5883034527713598,0.5883034527713598,0.0,0.0,0.970624693241732,0.5685943464397042,1.0,43.304809893618845,19.900802125389646,67.09912920917075,435.9716630008296,"[-59.99999999999999, -59.99999999999999, 0.0, 0.0, 0.0, -75.0, -45.0, 0.0, 0.0, 0.0, -90.0, -29.999999999999996, 0.0, 0.0, -75.0, -75.0, 0.0, 0.0, 0.0, -90.0, -59.99999999999999, 0.0, 0.0, 0.0, -105.00000000000001, 165.0, 0.0, 0.0, 0.0, 0.0, -119.99999999999999, 59.99999999999999, -90.0, -45.0, 0.0, 0.0, 0.0, 0.0, 90.0, 14.999999999999998, 0.0, 0.0, 45.0, 59.99999999999999, 0.0, 0.0, 0.0]",2.9246317773817463,8.25941472978325,4.478266511242225,5.508595556037851,4.848916770784997,False
160,436.0368095991177,10,18.61460686955783,281.0730838103291,-0.7833932832799672,25.03074957258506,0.0,125.43722399024458,4.936949510941519,-3.7978645499086894,-15.062849774123073,0.5883034527713598,0.5883034527713598,0.0,0.0,0.9432175588261962,0.43080791157435894,1.0,40.180413438920255,15.078276905102562,66.85656216679759,436.0368095991177,"[-59.99999999999999, -59.99999999999999, 0.0, 0.0, 0.0, -75.0, -45.0, 0.0, 0.0, 0.0, -90.0, -29.999999999999996, 0.0, 0.0, -75.0, -75.0, 0.0, 0.0, 0.0, -90.0, -59.99999999999999, 0.0, 0.0, 0.0, -105.00000000000001, 165.0, 0.0, 0.0, 0.0, 0.0, -119.99999999999999, 59.99999999999999, -90.0, -59.99999999999999, 0.0, 0.0, 0.0, 0.0, -165.0, 135.0, 0.0, 0.0, -105.00000000000001, 160.0, 0.0, 0.0, 0.0]",3.2626696634628183,7.429487334478142,4.325692716100709,5.508595556037851,4.848916770784997,False
161,436.0673847391878,10,18.61460686955783,228.8763214321718,-0.7833932832799672,25.793675409405928,0.0,174.64209782016982,4.936949510941519,-3.7978645499086894,-12.803311922641795,0.5883034527713598,0.5883034527713598,0.0,0.0,0.9537623593066319,0.430883287771055,1.0,41.805987207932006,15.080915071986926,67.87432714121981,436.0673847391878,"[-59.99999999999999, -59.99999999999999, 0.0, 0.0, 0.0, -75.0, -45.0, 0.0, 0.0, 0.0, -90.0, -29.999999999999996, 0.0, 0.0, -75.0, -75.0, 0.0, 0.0, 0.0, -90.0, -59.99999999999999, 0.0, 0.0, 0.0, -105.00000000000001, 165.0, 0.0, 0.0, 0.0, 0.0, -119.99999999999999, 59.99999999999999, -90.0, -59.99999999999999, 0.0, 0.0, 0.0, 0.0, -165.0, 135.0, 0.0, 0.0, -119.99999999999999, 105.00000000000001, 0.0, 0.0, 0.0]",3.2626696634628183,7.429487334478142,4.325692716100709,5.508595556037851,4.848916770784997,False
162,436.1485164339779,10,18.61460686955783,281.0730838103291,-0.7833932832799672,25.03074957258506,0.0,125.43722399024458,4.936949510941519,-3.7978645499086894,-14.951142939262933,0.5883034527713598,0.5883034527713598,0.0,0.0,0.9432175588261962,0.43080791157435894,1.0,40.180413438920255,15.078276905102562,66.85656216679759,436.1485164339779,"[-59.99999999999999, -59.99999999999999, 0.0, 0.0, 0.0, -75.0, -45.0, 0.0, 0.0, 0.0, -90.0, -29.999999999999996, 0.0, 0.0, -75.0, -75.0, 0.0, 0.0, 0.0, -90.0, -59.99999999999999, 0.0, 0.0, 0.0, -105.00000000000001, 165.0, 0.0, 0.0, 0.0, 0.0, -119.99999999999999, 59.99999999999999, -90.0, -59.99999999999999, 0.0, 0.0, 0.0, 0.0, -165.0, 135.0, 0.0, 0.0, -105.00000000000001, 135.0, 0.0, 0.0, 0.0]",3.2626696634628183,7.429487334478142,4.325692716100709,5.508595556037851,4.848916770784997,False
163,436.1753028245029,10,18.61460686955783,281.0730838103291,-0.7833932832799672,25.03074957258506,0.0,125.43722399024458,4.936949510941519,-3.7978645499086894,-14.924356548737874,0.5883034527713598,0.5883034527713598,0.0,0.0,0.9432175588261962,0.43080791157435894,1.0,40.180413438920255,15.078276905102562,66.85656216679759,436.1753028245029,"[-59.99999999999999, -59.99999999999999, 0.0, 0.0, 0.0, -75.0, -45.0, 0.0, 0.0, 0.0, -90.0, -29.999999999999996, 0.0, 0.0, -75.0, -75.0, 0.0, 0.0, 0.0, -90.0, -59.99999999999999, 0.0, 0.0, 0.0, -105.00000000000001, 165.0, 0.0, 0.0, 0.0, 0.0, -119.99999999999999, 59.99999999999999, -90.0, -59.99999999999999, 0.0, 0.0, 0.0, 0.0, -165.0, 135.0, 0.0, 0.0, -105.00000000000001, 165.0, 0.0, 0.0, 0.0]",3.2626696634628183,7.429487334478142,4.325692716100709,5.508595556037851,4.848916770784997,False
164,436.39963202661517,10,18.61460686955783,281.0730838103291,-0.7833932832799672,25.03074957258506,0.0,125.43722399024458,4.936949510941519,-3.7978645499086894,-14.700027346625614,0.5883034527713598,0.5883034527713598,0.0,0.0,0.9432175588261962,0.43080791157435894,1.0,40.180413438920255,15.078276905102562,66.85656216679759,436.39963202661517,"[-59.99999999999999, -59.99999999999999, 0.0, 0.0, 0.0, -75.0, -45.0, 0.0, 0.0, 0.0, -90.0, -29.999999999999996, 0.0, 0.0, -75.0, -75.0, 0.0, 0.0, 0.0, -90.0, -59.99999999999999, 0.0, 0.0, 0.0, -105.00000000000001, 165.0, 0.0, 0.0, 0.0, 0.0, -119.99999999999999, 59.99999999999999, -90.0, -59.99999999999999, 0.0, 0.0, 0.0, 0.0, -165.0, 135.0, 0.0, 0.0, -105.00000000000001, 130.0, 0.0, 0.0, 0.0]",3.2626696634628183,7.429487334478142,4.325692716100709,5.508595556037851,4.848916770784997,False
165,436.5038846154142,10,18.61460686955783,281.0730838103291,-0.7833932832799672,25.03074957258506,0.0,125.43722399024458,4.936949510941519,-3.7978645499086894,-14.59577475782656,0.5883034527713598,0.5883034527713598,0.0,0.0,0.9432175588261962,0.43080791157435894,1.0,40.180413438920255,15.078276905102562,66.85656216679759,436.5038846154142,"[-59.99999999999999, -59.99999999999999, 0.0, 0.0, 0.0, -75.0, -45.0, 0.0, 0.0, 0.0, -90.0, -29.999999999999996, 0.0, 0.0, -75.0, -75.0, 0.0, 0.0, 0.0, -90.0, -59.99999999999999, 0.0, 0.0, 0.0, -105.00000000000001, 165.0, 0.0, 0.0, 0.0, 0.0, -119.99999999999999, 59.99999999999999, -90.0, -59.99999999999999, 0.0, 0.0, 0.0, 0.0, -165.0, 135.0, 0.0, 0.0, -105.00000000000001, 175.0, 0.0, 0.0, 0.0]",3.2626696634628183,7.429487334478142,4.325692716100709,5.508595556037851,4.848916770784997,False
166,437.1373399044007,10,18.61460686955783,281.0730838103291,-0.7833932832799672,25.03074957258506,0.0,125.43722399024458,4.936949510941519,-3.7978645499086894,-13.962319468840098,0.5883034527713598,0.5883034527713598,0.0,0.0,0.9432175588261962,0.43080791157435894,1.0,40.180413438920255,15.078276905102562,66.85656216679759,437.1373399044007,"[-59.99999999999999, -59.99999999999999, 0.0, 0.0, 0.0, -75.0, -45.0, 0.0, 0.0, 0.0, -90.0, -29.999999999999996, 0.0, 0.0, -75.0, -75.0, 0.0, 0.0, 0.0, -90.0, -59.99999999999999, 0.0, 0.0, 0.0, -105.00000000000001, 165.0, 0.0, 0.0, 0.0, 0.0, -119.99999999999999, 59.99999999999999, -90.0, -59.99999999999999, 0.0, 0.0, 0.0, 0.0, -165.0, 135.0, 0.0, 0.0, -105.00000000000001, 119.99999999999999, 0.0, 0.0, 0.0]",3.2626696634628183,7.429487334478142,4.325692716100709,5.508595556037851,4.848916770784997,False
167,437.2182561929599,10,27.982000923485547,217.98718759927507,-0.7833932832799672,24.27555936612027,0.0,180.4270614803871,4.936949510941519,-3.7978645499086894,-14.397548306832354,0.5883034527713598,0.5883034527713598,0.0,0.0,0.9559621843233788,0.5514999841180185,1.0,43.505000559936846,19.302499444130646,68.0354117707445,437.2182561929599,"[-59.99999999999999, -59.99999999999999, 0.0, 0.0, 0.0, -75.0, -45.0, 0.0, 0.0, 0.0, -90.0, -29.999999999999996, 0.0, 0.0, -75.0, -75.0, 0.0, 0.0, 0.0, -90.0, -59.99999999999999, 0.0, 0.0, 0.0, -105.00000000000001, 165.0, 0.0, 0.0, 0.0, 0.0, -119.99999999999999, 59.99999999999999, -90.0, -59.99999999999999, 0.0, 0.0, 0.0, 0.0, -150.0, 150.0, 0.0, 0.0, 90.0, 14.999999999999998, 0.0, 0.0, 0.0]",3.325515449812615,7.865671191162692,4.351260466170399,5.508595556037851,4.848916770784997,False
168,437.2182642178311,10,27.982000923485547,217.98718759927507,-0.7833932832799672,24.27555936612027,0.0,180.4270614803871,4.936949510941519,-3.7978645499086894,-14.39754028196113,0.5883034527713598,0.5883034527713598,0.0,0.0,0.9559621843233788,0.5514999841180185,1.0,43.505000559936846,19.302499444130646,68.0354117707445,437.2182642178311,"[-59.99999999999999, -59.99999999999999, 0.0, 0.0, 0.0, -75.0, -45.0, 0.0, 0.0, 0.0, -90.0, -29.999999999999996, 0.0, 0.0, -75.0, -75.0, 0.0, 0.0, 0.0, -90.0, -59.99999999999999, 0.0, 0.0, 0.0, -105.00000000000001, 165.0, 0.0, 0.0, 0.0, 0.0, -119.99999999999999, 59.99999999999999, -90.0, -59.99999999999999, 0.0, 0.0, 0.0, 0.0, -150.0, 150.0, 0.0, 0.0, 90.0, 29.999999999999996, 0.0, 0.0, 0.0]",3.325515449812615,7.865671191162692,4.351260466170399,5.508595556037851,4.848916770784997,False
169,437.2182684241223,10,27.982000923485547,217.98718759927507,-0.7833932832799672,24.27555936612027,0.0,180.4270614803871,4.936949510941519,-3.7978645499086894,-14.397536075669962,0.5883034527713598,0.5883034527713598,0.0,0.0,0.9559621843233788,0.5514999841180185,1.0,43.505000559936846,19.302499444130646,68.0354117707445,437.2182684241223,"[-59.99999999999999, -59.99999999999999, 0.0, 0.0, 0.0, -75.0, -45.0, 0.0, 0.0, 0.0, -90.0, -29.999999999999996, 0.0, 0.0, -75.0, -75.0, 0.0, 0.0, 0.0, -90.0, -59.99999999999999, 0.0, 0.0, 0.0, -105.00000000000001, 165.0, 0.0, 0.0, 0.0, 0.0, -119.99999999999999, 59.99999999999999, -90.0, -59.99999999999999, 0.0, 0.0, 0.0, 0.0, -150.0, 150.0, 0.0, 0.0, 90.0, 45.0, 0.0, 0.0, 0.0]",3.325515449812615,7.865671191162692,4.351260466170399,5.508595556037851,4.848916770784997,False
170,437.2182684746808,10,27.982000923485547,217.98718759927507,-0.7833932832799672,24.27555936612027,0.0,180.4270614803871,4.936949510941519,-3.7978645499086894,-14.397536025111425,0.5883034527713598,0.5883034527713598,0.0,0.0,0.9559621843233788,0.5514999841180185,1.0,43.505000559936846,19.302499444130646,68.0354117707445,437.2182684746808,"[-59.99999999999999, -59.99999999999999, 0.0, 0.0, 0.0, -75.0, -45.0, 0.0, 0.0, 0.0, -90.0, -29.999999999999996, 0.0, 0.0, -75.0, -75.0, 0.0, 0.0, 0.0, -90.0, -59.99999999999999, 0.0, 0.0, 0.0, -105.00000000000001, 165.0, 0.0, 0.0, 0.0, 0.0, -119.99999999999999, 59.99999999999999, -90.0, -59.99999999999999, 0.0, 0.0, 0.0, 0.0, -150.0, 150.0, 0.0, 0.0, 90.0, 75.0, 0.0, 0.0, 0.0]",3.325515449812615,7.865671191162692,4.351260466170399,5.508595556037851,4.848916770784997,False
171,437.21826962554803,10,27.982000923485547,217.98718759927507,-0.7833932832799672,24.27555936612027,0.0,180.4270614803871,4.936949510941519,-3.7978645499086894,-14.39753487424422,0.5883034527713598,0.5883034527713598,0.0,0.0,0.9559621843233788,0.5514999841180185,1.0,43.505000559936846,19.302499444130646,68.0354117707445,437.21826962554803,"[-59.99999999999999, -59.99999999999999, 0.0, 0.0, 0.0, -75.0, -45.0, 0.0, 0.0, 0.0, -90.0, -29.999999999999996, 0.0, 0.0, -75.0, -75.0, 0.0, 0.0, 0.0, -90.0, -59.99999999999999, 0.0, 0.0, 0.0, -105.00000000000001, 165.0, 0.0, 0.0, 0.0, 0.0, -119.99999999999999, 59.99999999999999, -90.0, -59.99999999999999, 0.0, 0.0, 0.0, 0.0, -150.0, 150.0, 0.0, 0.0, 90.0, 59.99999999999999, 0.0, 0.0, 0.0]",3.325515449812615,7.865671191162692,4.351260466170399,5.508595556037851,4.848916770784997,False
172,437.51826745910176,10,29.660539569670874,230.37900477723417,-0.6664978428089781,25.79205765412495,0.0,162.99106370384007,4.936949510941519,-3.7978645499086894,-12.36528881676355,0.5883034527713598,0.5883034527713598,0.0,0.0,0.9534587869136901,0.5510850594777927,1.0,41.284876075419675,19.287977081722747,66.1652027238936,437.51826745910176,"[-59.99999999999999, -59.99999999999999, 0.0, 0.0, 0.0, -75.0, -45.0, 0.0, 0.0, 0.0, -90.0, -29.999999999999996, 0.0, 0.0, -75.0, -75.0, 0.0, 0.0, 0.0, -90.0, -59.99999999999999, 0.0, 0.0, 0.0, -105.00000000000001, 165.0, 0.0, 0.0, 0.0, 0.0, -119.99999999999999, 59.99999999999999, -90.0, -45.0, 0.0, 0.0, 0.0, 0.0, 90.0, 45.0, 0.0, 0.0, 45.0, 14.999999999999998, 0.0, 0.0, 0.0]",2.913365846013867,7.935591902173715,4.457780192170296,5.508595556037851,4.848916770784997,False
173,437.5201917753116,10,29.660539569670874,230.37900477723417,-0.6664978428089781,25.79205765412495,0.0,162.99106370384007,4.936949510941519,-3.7978645499086894,-12.363364500553686,0.5883034527713598,0.5883034527713598,0.0,0.0,0.9534587869136901,0.5510850594777927,1.0,41.284876075419675,19.287977081722747,66.1652027238936,437.5201917753116,"[-59.99999999999999, -59.99999999999999, 0.0, 0.0, 0.0, -75.0, -45.0, 0.0, 0.0, 0.0, -90.0, -29.999999999999996, 0.0, 0.0, -75.0, -75.0, 0.0, 0.0, 0.0, -90.0, -59.99999999999999, 0.0, 0.0, 0.0, -105.00000000000001, 165.0, 0.0, 0.0, 0.0, 0.0, -119.99999999999999, 59.99999999999999, -90.0, -45.0, 0.0, 0.0, 0.0, 0.0, 90.0, 45.0, 0.0, 0.0, 45.0, 29.999999999999996, 0.0, 0.0, 0.0]",2.913365846013867,7.935591902173715,4.457780192170296,5.508595556037851,4.848916770784997,False
174,437.5211026753566,10,29.660539569670874,230.37900477723417,-0.6664978428089781,25.79205765412495,0.0,162.99106370384007,4.936949510941519,-3.7978645499086894,-12.362453600508715,0.5883034527713598,0.5883034527713598,0.0,0.0,0.9534587869136901,0.5510850594777927,1.0,41.284876075419675,19.287977081722747,66.1652027238936,437.5211026753566,"[-59.99999999999999, -59.99999999999999, 0.0, 0.0, 0.0, -75.0, -45.0, 0.0, 0.0, 0.0, -90.0, -29.999999999999996, 0.0, 0.0, -75.0, -75.0, 0.0, 0.0, 0.0, -90.0, -59.99999999999999, 0.0, 0.0, 0.0, -105.00000000000001, 165.0, 0.0, 0.0, 0.0, 0.0, -119.99999999999999, 59.99999999999999, -90.0, -45.0, 0.0, 0.0, 0.0, 0.0, 90.0, 45.0, 0.0, 0.0, 45.0, 45.0, 0.0, 0.0, 0.0]",2.913365846013867,7.935591902173715,4.457780192170296,5.508595556037851,4.848916770784997,False
175,437.521219487819,10,29.660539569670874,230.37900477723417,-0.6664978428089781,25.79205765412495,0.0,162.99106370384007,4.936949510941519,-3.7978645499086894,-12.362336788046346,0.5883034527713598,0.5883034527713598,0.0,0.0,0.9534587869136901,0.5510850594777927,1.0,41.284876075419675,19.287977081722747,66.1652027238936,437.521219487819,"[-59.99999999999999, -59.99999999999999, 0.0, 0.0, 0.0, -75.0, -45.0, 0.0, 0.0, 0.0, -90.0, -29.999999999999996, 0.0, 0.0, -75.0, -75.0, 0.0, 0.0, 0.0, -90.0, -59.99999999999999, 0.0, 0.0, 0.0, -105.00000000000001, 165.0, 0.0, 0.0, 0.0, 0.0, -119.99999999999999, 59.99999999999999, -90.0, -45.0, 0.0, 0.0, 0.0, 0.0, 90.0, 45.0, 0.0, 0.0, 45.0, 75.0, 0.0, 0.0, 0.0]",2.913365846013867,7.935591902173715,4.457780192170296,5.508595556037851,4.848916770784997,False
176,437.52136804123177,10,29.660539569670874,230.37900477723417,-0.6664978428089781,25.79205765412495,0.0,162.99106370384007,4.936949510941519,-3.7978645499086894,-12.362188234633527,0.5883034527713598,0.5883034527713598,0.0,0.0,0.9534587869136901,0.5510850594777927,1.0,41.284876075419675,19.287977081722747,66.1652027238936,437.52136804123177,"[-59.99999999999999, -59.99999999999999, 0.0, 0.0, 0.0, -75.0, -45.0, 0.0, 0.0, 0.0, -90.0, -29.999999999999996, 0.0, 0.0, -75.0, -75.0, 0.0, 0.0, 0.0, -90.0, -59.99999999999999, 0.0, 0.0, 0.0, -105.00000000000001, 165.0, 0.0, 0.0, 0.0, 0.0, -119.99999999999999, 59.99999999999999, -90.0, -45.0, 0.0, 0.0, 0.0, 0.0, 90.0, 45.0, 0.0, 0.0, 45.0, 59.99999999999999, 0.0, 0.0, 0.0]",2.913365846013867,7.935591902173715,4.457780192170296,5.508595556037851,4.848916770784997,False
177,437.6051019771685,10,18.61460686955783,281.0730838103291,-0.7833932832799672,25.03074957258506,0.0,125.43722399024458,4.936949510941519,-3.7978645499086894,-13.494557396072317,0.5883034527713598,0.5883034527713598,0.0,0.0,0.9432175588261962,0.43080791157435894,1.0,40.180413438920255,15.078276905102562,66.85656216679759,437.6051019771685,"[-59.99999999999999, -59.99999999999999, 0.0, 0.0, 0.0, -75.0, -45.0, 0.0, 0.0, 0.0, -90.0, -29.999999999999996, 0.0, 0.0, -75.0, -75.0, 0.0, 0.0, 0.0, -90.0, -59.99999999999999, 0.0, 0.0, 0.0, -105.00000000000001, 165.0, 0.0, 0.0, 0.0, 0.0, -119.99999999999999, 59.99999999999999, -90.0, -59.99999999999999, 0.0, 0.0, 0.0, 0.0, -165.0, 135.0, 0.0, 0.0, -105.00000000000001, 115.0, 0.0, 0.0, 0.0]",3.2626696634628183,7.429487334478142,4.325692716100709,5.508595556037851,4.848916770784997,False
178,437.91342270604747,10,18.61460686955783,228.8763214321718,-0.7833932832799672,25.793675409405928,0.0,174.64209782016982,4.936949510941519,-3.7978645499086894,-10.957273955782103,0.5883034527713598,0.5883034527713598,0.0,0.0,0.9537623593066319,0.430883287771055,1.0,41.805987207932006,15.080915071986926,67.87432714121981,437.91342270604747,"[-59.99999999999999, -59.99999999999999, 0.0, 0.0, 0.0, -75.0, -45.0, 0.0, 0.0, 0.0, -90.0, -29.999999999999996, 0.0, 0.0, -75.0, -75.0, 0.0, 0.0, 0.0, -90.0, -59.99999999999999, 0.0, 0.0, 0.0, -105.00000000000001, 165.0, 0.0, 0.0, 0.0, 0.0, -119.99999999999999, 59.99999999999999, -90.0, -59.99999999999999, 0.0, 0.0, 0.0, 0.0, -165.0, 135.0, 0.0, 0.0, -119.99999999999999, 90.0, 0.0, 0.0, 0.0]",3.2626696634628183,7.429487334478142,4.325692716100709,5.508595556037851,4.848916770784997,False
179,438.0964722075567,10,51.193548167028496,158.2379726394361,-0.6664978428089781,26.03438180206474,0.0,221.59262880219904,4.936949510941519,-8.552030017368407,-15.26878430670719,0.5883034527713598,0.5883034527713598,0.0,0.0,0.9680327328001139,0.554108008800071,1.0,42.833584527047606,19.393780308002487,66.76992876241235,438.0964722075567,"[-59.99999999999999, -59.99999999999999, 0.0, 0.0, 0.0, -75.0, -45.0, 0.0, 0.0, 0.0, -90.0, -29.999999999999996, 0.0, 0.0, -75.0, -75.0, 0.0, 0.0, 0.0, -90.0, -59.99999999999999, 0.0, 0.0, 0.0, -105.00000000000001, 165.0, 0.0, 0.0, 0.0, 0.0, -119.99999999999999, 59.99999999999999, -90.0, -45.0, 0.0, 0.0, 0.0, 0.0, 75.0, 75.0, 0.0, 0.0, -59.99999999999999, -45.0, 0.0, 0.0, 0.0]",2.9659896050046055,8.699798373867594,4.548888006429896,5.508595556037851,4.848916770784997,False
180,438.33210347969833,10,51.193548167028496,158.2379726394361,-0.6664978428089781,26.03438180206474,0.0,221.59262880219904,4.936949510941519,-8.552030017368407,-15.03315303456553,0.5883034527713598,0.5883034527713598,0.0,0.0,0.9680327328001139,0.554108008800071,1.0,42.833584527047606,19.393780308002487,66.76992876241235,438.33210347969833,"[-59.99999999999999, -59.99999999999999, 0.0, 0.0, 0.0, -75.0, -45.0, 0.0, 0.0, 0.0, -90.0, -29.999999999999996, 0.0, 0.0, -75.0, -75.0, 0.0, 0.0, 0.0, -90.0, -59.99999999999999, 0.0, 0.0, 0.0, -105.00000000000001, 165.0, 0.0, 0.0, 0.0, 0.0, -119.99999999999999, 59.99999999999999, -90.0, -45.0, 0.0, 0.0, 0.0, 0.0, 75.0, 75.0, 0.0, 0.0, -59.99999999999999, -59.99999999999999, 0.0, 0.0, 0.0]",2.9659896050046055,8.699798373867594,4.548888006429896,5.508595556037851,4.848916770784997,False
181,438.567459926023,10,51.193548167028496,158.2379726394361,-0.6664978428089781,26.03438180206474,0.0,221.59262880219904,4.936949510941519,-8.552030017368407,-14.797796588240907,0.5883034527713598,0.5883034527713598,0.0,0.0,0.9680327328001139,0.554108008800071,1.0,42.833584527047606,19.393780308002487,66.76992876241235,438.567459926023,"[-59.99999999999999, -59.99999999999999, 0.0, 0.0, 0.0, -75.0, -45.0, 0.0, 0.0, 0.0, -90.0, -29.999999999999996, 0.0, 0.0, -75.0, -75.0, 0.0, 0.0, 0.0, -90.0, -59.99999999999999, 0.0, 0.0, 0.0, -105.00000000000001, 165.0, 0.0, 0.0, 0.0, 0.0, -119.99999999999999, 59.99999999999999, -90.0, -45.0, 0.0, 0.0, 0.0, 0.0, 75.0, 75.0, 0.0, 0.0, -59.99999999999999, -29.999999999999996, 0.0, 0.0, 0.0]",2.9659896050046055,8.699798373867594,4.548888006429896,5.508595556037851,4.848916770784997,False
182,438.66546074117144,10,18.61460686955783,281.0730838103291,-0.7833932832799672,25.03074957258506,0.0,125.43722399024458,4.936949510941519,-3.7978645499086894,-12.43419863206936,0.5883034527713598,0.5883034527713598,0.0,0.0,0.9432175588261962,0.43080791157435894,1.0,40.180413438920255,15.078276905102562,66.85656216679759,438.66546074117144,"[-59.99999999999999, -59.99999999999999, 0.0, 0.0, 0.0, -75.0, -45.0, 0.0, 0.0, 0.0, -90.0, -29.999999999999996, 0.0, 0.0, -75.0, -75.0, 0.0, 0.0, 0.0, -90.0, -59.99999999999999, 0.0, 0.0, 0.0, -105.00000000000001, 165.0, 0.0, 0.0, 0.0, 0.0, -119.99999999999999, 59.99999999999999, -90.0, -59.99999999999999, 0.0, 0.0, 0.0, 0.0, -165.0, 135.0, 0.0, 0.0, -105.00000000000001, 105.00000000000001, 0.0, 0.0, 0.0]",3.2626696634628183,7.429487334478142,4.325692716100709,5.508595556037851,4.848916770784997,False
183,438.85244201488325,10,32.7475000017876,225.18201525326057,-0.6664978428089781,25.789726794067548,0.0,166.43673771906504,4.936949510941519,-3.7978645499086894,-12.364428324292767,0.5883034527713598,0.5883034527713598,0.0,0.0,0.95450868378722,0.5394809805405714,1.0,41.424905061849245,18.88183431892,66.20548400581174,438.85244201488325,"[-59.99999999999999, -59.99999999999999, 0.0, 0.0, 0.0, -75.0, -45.0, 0.0, 0.0, 0.0, -90.0, -29.999999999999996, 0.0, 0.0, -75.0, -75.0, 0.0, 0.0, 0.0, -90.0, -59.99999999999999, 0.0, 0.0, 0.0, -105.00000000000001, 165.0, 0.0, 0.0, 0.0, 0.0, -119.99999999999999, 59.99999999999999, -90.0, -45.0, 0.0, 0.0, 0.0, 0.0, 90.0, 29.999999999999996, 0.0, 0.0, 59.99999999999999, 14.999999999999998, 0.0, 0.0, 0.0]",2.9150662755812515,8.059199093536398,4.463623695158064,5.508595556037851,4.848916770784997,False
184,438.85281705318005,10,32.7475000017876,225.18201525326057,-0.6664978428089781,25.789726794067548,0.0,166.43673771906504,4.936949510941519,-3.7978645499086894,-12.364053285995956,0.5883034527713598,0.5883034527713598,0.0,0.0,0.95450868378722,0.5394809805405714,1.0,41.424905061849245,18.88183431892,66.20548400581174,438.85281705318005,"[-59.99999999999999, -59.99999999999999, 0.0, 0.0, 0.0, -75.0, -45.0, 0.0, 0.0, 0.0, -90.0, -29.999999999999996, 0.0, 0.0, -75.0, -75.0, 0.0, 0.0, 0.0, -90.0, -59.99999999999999, 0.0, 0.0, 0.0, -105.00000000000001, 165.0, 0.0, 0.0, 0.0, 0.0, -119.99999999999999, 59.99999999999999, -90.0, -45.0, 0.0, 0.0, 0.0, 0.0, 90.0, 29.999999999999996, 0.0, 0.0, 59.99999999999999, 29.999999999999996, 0.0, 0.0, 0.0]",2.9150662755812515,8.059199093536398,4.463623695158064,5.508595556037851,4.848916770784997,False
185,438.85299805080626,10,32.7475000017876,225.18201525326057,-0.6664978428089781,25.789726794067548,0.0,166.43673771906504,4.936949510941519,-3.7978645499086894,-12.363872288369757,0.5883034527713598,0.5883034527713598,0.0,0.0,0.95450868378722,0.5394809805405714,1.0,41.424905061849245,18.88183431892,66.20548400581174,438.85299805080626,"[-59.99999999999999, -59.99999999999999, 0.0, 0.0, 0.0, -75.0, -45.0, 0.0, 0.0, 0.0, -90.0, -29.999999999999996, 0.0, 0.0, -75.0, -75.0, 0.0, 0.0, 0.0, -90.0, -59.99999999999999, 0.0, 0.0, 0.0, -105.00000000000001, 165.0, 0.0, 0.0, 0.0, 0.0, -119.99999999999999, 59.99999999999999, -90.0, -45.0, 0.0, 0.0, 0.0, 0.0, 90.0, 29.999999999999996, 0.0, 0.0, 59.99999999999999, 45.0, 0.0, 0.0, 0.0]",2.9150662755812515,8.059199093536398,4.463623695158064,5.508595556037851,4.848916770784997,False
186,438.8530171072299,10,32.7475000017876,225.18201525326057,-0.6664978428089781,25.789726794067548,0.0,166.43673771906504,4.936949510941519,-3.7978645499086894,-12.363853231946083,0.5883034527713598,0.5883034527713598,0.0,0.0,0.95450868378722,0.5394809805405714,1.0,41.424905061849245,18.88183431892,66.20548400581174,438.8530171072299,"[-59.99999999999999, -59.99999999999999, 0.0, 0.0, 0.0, -75.0, -45.0, 0.0, 0.0, 0.0, -90.0, -29.999999999999996, 0.0, 0.0, -75.0, -75.0, 0.0, 0.0, 0.0, -90.0, -59.99999999999999, 0.0, 0.0, 0.0, -105.00000000000001, 165.0, 0.0, 0.0, 0.0, 0.0, -119.99999999999999, 59.99999999999999, -90.0, -45.0, 0.0, 0.0, 0.0, 0.0, 90.0, 29.999999999999996, 0.0, 0.0, 59.99999999999999, 75.0, 0.0, 0.0, 0.0]",2.9150662755812515,8.059199093536398,4.463623695158064,5.508595556037851,4.848916770784997,False
187,438.8530505768633,10,32.7475000017876,225.18201525326057,-0.6664978428089781,25.789726794067548,0.0,166.43673771906504,4.936949510941519,-3.7978645499086894,-12.36381976231269,0.5883034527713598,0.5883034527713598,0.0,0.0,0.95450868378722,0.5394809805405714,1.0,41.424905061849245,18.88183431892,66.20548400581174,438.8530505768633,"[-59.99999999999999, -59.99999999999999, 0.0, 0.0, 0.0, -75.0, -45.0, 0.0, 0.0, 0.0, -90.0, -29.999999999999996, 0.0, 0.0, -75.0, -75.0, 0.0, 0.0, 0.0, -90.0, -59.99999999999999, 0.0, 0.0, 0.0, -105.00000000000001, 165.0, 0.0, 0.0, 0.0, 0.0, -119.99999999999999, 59.99999999999999, -90.0, -45.0, 0.0, 0.0, 0.0, 0.0, 90.0, 29.999999999999996, 0.0, 0.0, 59.99999999999999, 59.99999999999999, 0.0, 0.0, 0.0]",2.9150662755812515,8.059199093536398,4.463623695158064,5.508595556037851,4.848916770784997,False
188,438.9865512221251,10,28.474199343982576,192.46247701031845,-0.7833932832799672,24.612078317829603,0.0,206.42602303119142,4.936949510941519,-3.7978645499086894,-13.932221611721143,0.5883034527713598,0.5883034527713598,0.0,0.0,0.961118691513067,0.5610724822255794,1.0,44.47488470635355,19.63753687789528,68.43883903836556,438.9865512221251,"[-59.99999999999999, -59.99999999999999, 0.0, 0.0, 0.0, -75.0, -45.0, 0.0, 0.0, 0.0, -90.0, -29.999999999999996, 0.0, 0.0, -75.0, -75.0, 0.0, 0.0, 0.0, -90.0, -59.99999999999999, 0.0, 0.0, 0.0, -105.00000000000001, 165.0, 0.0, 0.0, 0.0, 0.0, -119.99999999999999, 59.99999999999999, -90.0, -59.99999999999999, 0.0, 0.0, 0.0, 0.0, -150.0, 165.0, 0.0, 0.0, 90.0, 14.999999999999998, 0.0, 0.0, 0.0]",3.2933934497086987,7.886386362011926,4.372346150164563,5.508595556037851,4.848916770784997,False
189,438.98655924699636,10,28.474199343982576,192.46247701031845,-0.7833932832799672,24.612078317829603,0.0,206.42602303119142,4.936949510941519,-3.7978645499086894,-13.932213586849919,0.5883034527713598,0.5883034527713598,0.0,0.0,0.961118691513067,0.5610724822255794,1.0,44.47488470635355,19.63753687789528,68.43883903836556,438.98655924699636,"[-59.99999999999999, -59.99999999999999, 0.0, 0.0, 0.0, -75.0, -45.0, 0.0, 0.0, 0.0, -90.0, -29.999999999999996, 0.0, 0.0, -75.0, -75.0, 0.0, 0.0, 0.0, -90.0, -59.99999999999999, 0.0, 0.0, 0.0, -105.00000000000001, 165.0, 0.0, 0.0, 0.0, 0.0, -119.99999999999999, 59.99999999999999, -90.0, -59.99999999999999, 0.0, 0.0, 0.0, 0.0, -150.0, 165.0, 0.0, 0.0, 90.0, 29.999999999999996, 0.0, 0.0, 0.0]",3.2933934497086987,7.886386362011926,4.372346150164563,5.508595556037851,4.848916770784997,False
190,438.98656345328754,10,28.474199343982576,192.46247701031845,-0.7833932832799672,24.612078317829603,0.0,206.42602303119142,4.936949510941519,-3.7978645499086894,-13.932209380558751,0.5883034527713598,0.5883034527713598,0.0,0.0,0.961118691513067,0.5610724822255794,1.0,44.47488470635355,19.63753687789528,68.43883903836556,438.98656345328754,"[-59.99999999999999, -59.99999999999999, 0.0, 0.0, 0.0, -75.0, -45.0, 0.0, 0.0, 0.0, -90.0, -29.999999999999996, 0.0, 0.0, -75.0, -75.0, 0.0, 0.0, 0.0, -90.0, -59.99999999999999, 0.0, 0.0, 0.0, -105.00000000000001, 165.0, 0.0, 0.0, 0.0, 0.0, -119.99999999999999, 59.99999999999999, -90.0, -59.99999999999999, 0.0, 0.0, 0.0, 0.0, -150.0, 165.0, 0.0, 0.0, 90.0, 45.0, 0.0, 0.0, 0.0]",3.2933934497086987,7.886386362011926,4.372346150164563,5.508595556037851,4.848916770784997,False
191,438.98656350384607,10,28.474199343982576,192.46247701031845,-0.7833932832799672,24.612078317829603,0.0,206.42602303119142,4.936949510941519,-3.7978645499086894,-13.932209330000214,0.5883034527713598,0.5883034527713598,0.0,0.0,0.961118691513067,0.5610724822255794,1.0,44.47488470635355,19.63753687789528,68.43883903836556,438.98656350384607,"[-59.99999999999999, -59.99999999999999, 0.0, 0.0, 0.0, -75.0, -45.0, 0.0, 0.0, 0.0, -90.0, -29.999999999999996, 0.0, 0.0, -75.0, -75.0, 0.0, 0.0, 0.0, -90.0, -59.99999999999999, 0.0, 0.0, 0.0, -105.00000000000001, 165.0, 0.0, 0.0, 0.0, 0.0, -119.99999999999999, 59.99999999999999, -90.0, -59.99999999999999, 0.0, 0.0, 0.0, 0.0, -150.0, 165.0, 0.0, 0.0, 90.0, 75.0, 0.0, 0.0, 0.0]",3.2933934497086987,7.886386362011926,4.372346150164563,5.508595556037851,4.848916770784997,False
192,438.9865646547133,10,28.474199343982576,192.46247701031845,-0.7833932832799672,24.612078317829603,0.0,206.42602303119142,4.936949510941519,-3.7978645499086894,-13.93220817913301,0.5883034527713598,0.5883034527713598,0.0,0.0,0.961118691513067,0.5610724822255794,1.0,44.47488470635355,19.63753687789528,68.43883903836556,438.9865646547133,"[-59.99999999999999, -59.99999999999999, 0.0, 0.0, 0.0, -75.0, -45.0, 0.0, 0.0, 0.0, -90.0, -29.999999999999996, 0.0, 0.0, -75.0, -75.0, 0.0, 0.0, 0.0, -90.0, -59.99999999999999, 0.0, 0.0, 0.0, -105.00000000000001, 165.0, 0.0, 0.0, 0.0, 0.0, -119.99999999999999, 59.99999999999999, -90.0, -59.99999999999999, 0.0, 0.0, 0.0, 0.0, -150.0, 165.0, 0.0, 0.0, 90.0, 59.99999999999999, 0.0, 0.0, 0.0]",3.2933934497086987,7.886386362011926,4.372346150164563,5.508595556037851,4.848916770784997,False
193,439.07000458448067,10,51.193548167028496,158.2379726394361,-0.6664978428089781,26.03438180206474,0.0,221.59262880219904,4.936949510941519,-8.552030017368407,-14.295251929783195,0.5883034527713598,0.5883034527713598,0.0,0.0,0.9680327328001139,0.554108008800071,1.0,42.833584527047606,19.393780308002487,66.76992876241235,439.07000458448067,"[-59.99999999999999, -59.99999999999999, 0.0, 0.0, 0.0, -75.0, -45.0, 0.0, 0.0, 0.0, -90.0, -29.999999999999996, 0.0, 0.0, -75.0, -75.0, 0.0, 0.0, 0.0, -90.0, -59.99999999999999, 0.0, 0.0, 0.0, -105.00000000000001, 165.0, 0.0, 0.0, 0.0, 0.0, -119.99999999999999, 59.99999999999999, -90.0, -45.0, 0.0, 0.0, 0.0, 0.0, 75.0, 75.0, 0.0, 0.0, -59.99999999999999, -75.0, 0.0, 0.0, 0.0]",2.9659896050046055,8.699798373867594,4.548888006429896,5.508595556037851,4.848916770784997,False
194,439.3441941558522,10,18.61460686955783,228.8763214321718,-0.7833932832799672,25.793675409405928,0.0,174.64209782016982,4.936949510941519,-3.7978645499086894,-9.526502505977358,0.5883034527713598,0.5883034527713598,0.0,0.0,0.9537623593066319,0.430883287771055,1.0,41.805987207932006,15.080915071986926,67.87432714121981,439.3441941558522,"[-59.99999999999999, -59.99999999999999, 0.0, 0.0, 0.0, -75.0, -45.0, 0.0, 0.0, 0.0, -90.0, -29.999999999999996, 0.0, 0.0, -75.0, -75.0, 0.0, 0.0, 0.0, -90.0, -59.99999999999999, 0.0, 0.0, 0.0, -105.00000000000001, 165.0, 0.0, 0.0, 0.0, 0.0, -119.99999999999999, 59.99999999999999, -90.0, -59.99999999999999, 0.0, 0.0, 0.0, 0.0, -165.0, 135.0, 0.0, 0.0, -119.99999999999999, 75.0, 0.0, 0.0, 0.0]",3.2626696634628183,7.429487334478142,4.325692716100709,5.508595556037851,4.848916770784997,False
195,439.567128215446,10,51.193548167028496,158.2379726394361,-0.6664978428089781,26.03438180206474,0.0,221.59262880219904,4.936949510941519,-8.552030017368407,-13.79812829881784,0.5883034527713598,0.5883034527713598,0.0,0.0,0.9680327328001139,0.554108008800071,1.0,42.833584527047606,19.393780308002487,66.76992876241235,439.567128215446,"[-59.99999999999999, -59.99999999999999, 0.0, 0.0, 0.0, -75.0, -45.0, 0.0, 0.0, 0.0, -90.0, -29.999999999999996, 0.0, 0.0, -75.0, -75.0, 0.0, 0.0, 0.0, -90.0, -59.99999999999999, 0.0, 0.0, 0.0, -105.00000000000001, 165.0, 0.0, 0.0, 0.0, 0.0, -119.99999999999999, 59.99999999999999, -90.0, -45.0, 0.0, 0.0, 0.0, 0.0, 75.0, 75.0, 0.0, 0.0, -59.99999999999999, -14.999999999999998, 0.0, 0.0, 0.0]",2.9659896050046055,8.699798373867594,4.548888006429896,5.508595556037851,4.848916770784997,False
196,439.72988403833847,10,54.979512425930245,167.26845201330562,-0.7833932832799672,24.96094227006855,0.0,211.753888210933,4.936949510941519,-8.76537128376446,-15.209399278567382,0.5883034527713598,0.5883034527713598,0.0,0.0,0.9662083935326655,0.5515973086805115,1.0,42.377647913914814,19.305905803817904,66.33434009992975,439.72988403833847,"[-59.99999999999999, -59.99999999999999, 0.0, 0.0, 0.0, -75.0, -45.0, 0.0, 0.0, 0.0, -90.0, -29.999999999999996, 0.0, 0.0, -75.0, -75.0, 0.0, 0.0, 0.0, -90.0, -59.99999999999999, 0.0, 0.0, 0.0, -105.00000000000001, 165.0, 0.0, 0.0, 0.0, 0.0, -119.99999999999999, 59.99999999999999, -90.0, -59.99999999999999, 0.0, 0.0, 0.0, 0.0, 90.0, 75.0, 0.0, 0.0, -59.99999999999999, -45.0, 0.0, 0.0, 0.0]",2.9505353941697514,8.816007009218474,4.5959975324630085,5.508595556037851,4.848916770784997,False
197,439.96551531048016,10,54.979512425930245,167.26845201330562,-0.7833932832799672,24.96094227006855,0.0,211.753888210933,4.936949510941519,-8.76537128376446,-14.973768006425722,0.5883034527713598,0.5883034527713598,0.0,0.0,0.9662083935326655,0.5515973086805115,1.0,42.377647913914814,19.305905803817904,66.33434009992975,439.96551531048016,"[-59.99999999999999, -59.99999999999999, 0.0, 0.0, 0.0, -75.0, -45.0, 0.0, 0.0, 0.0, -90.0, -29.999999999999996, 0.0, 0.0, -75.0, -75.0, 0.0, 0.0, 0.0, -90.0, -59.99999999999999, 0.0, 0.0, 0.0, -105.00000000000001, 165.0, 0.0, 0.0, 0.0, 0.0, -119.99999999999999, 59.99999999999999, -90.0, -59.99999999999999, 0.0, 0.0, 0.0, 0.0, 90.0, 75.0, 0.0, 0.0, -59.99999999999999, -59.99999999999999, 0.0, 0.0, 0.0]",2.9505353941697514,8.816007009218474,4.5959975324630085,5.508595556037851,4.848916770784997,False
198,440.0354706378378,10,18.61460686955783,228.8763214321718,-0.7833932832799672,25.793675409405928,0.0,174.64209782016982,4.936949510941519,-3.7978645499086894,-8.835226023991746,0.5883034527713598,0.5883034527713598,0.0,0.0,0.9537623593066319,0.430883287771055,1.0,41.805987207932006,15.080915071986926,67.87432714121981,440.0354706378378,"[-59.99999999999999, -59.99999999999999, 0.0, 0.0, 0.0, -75.0, -45.0, 0.0, 0.0, 0.0, -90.0, -29.999999999999996, 0.0, 0.0, -75.0, -75.0, 0.0, 0.0, 0.0, -90.0, -59.99999999999999, 0.0, 0.0, 0.0, -105.00000000000001, 165.0, 0.0, 0.0, 0.0, 0.0, -119.99999999999999, 59.99999999999999, -90.0, -59.99999999999999, 0.0, 0.0, 0.0, 0.0, -165.0, 135.0, 0.0, 0.0, -119.99999999999999, 59.99999999999999, 0.0, 0.0, 0.0]",3.2626696634628183,7.429487334478142,4.325692716100709,5.508595556037851,4.848916770784997,False
199,440.20087175680476,10,54.979512425930245,167.26845201330562,-0.7833932832799672,24.96094227006855,0.0,211.753888210933,4.936949510941519,-8.76537128376446,-14.738411560101099,0.5883034527713598,0.5883034527713598,0.0,0.0,0.9662083935326655,0.5515973086805115,1.0,42.377647913914814,19.305905803817904,66.33434009992975,440.20087175680476,"[-59.99999999999999, -59.99999999999999, 0.0, 0.0, 0.0, -75.0, -45.0, 0.0, 0.0, 0.0, -90.0, -29.999999999999996, 0.0, 0.0, -75.0, -75.0, 0.0, 0.0, 0.0, -90.0, -59.99999999999999, 0.0, 0.0, 0.0, -105.00000000000001, 165.0, 0.0, 0.0, 0.0, 0.0, -119.99999999999999, 59.99999999999999, -90.0, -59.99999999999999, 0.0, 0.0, 0.0, 0.0, 90.0, 75.0, 0.0, 0.0, -59.99999999999999, -29.999999999999996, 0.0, 0.0, 0.0]",2.9505353941697514,8.816007009218474,4.5959975324630085,5.508595556037851,4.848916770784997,False
200,440.30079279991133,10,18.61460686955783,281.0730838103291,-0.7833932832799672,25.03074957258506,0.0,125.43722399024458,4.936949510941519,-3.7978645499086894,-10.798866573329466,0.5883034527713598,0.5883034527713598,0.0,0.0,0.9432175588261962,0.43080791157435894,1.0,40.180413438920255,15.078276905102562,66.85656216679759,440.30079279991133,"[-59.99999999999999, -59.99999999999999, 0.0, 0.0, 0.0, -75.0, -45.0, 0.0, 0.0, 0.0, -90.0, -29.999999999999996, 0.0, 0.0, -75.0, -75.0, 0.0, 0.0, 0.0, -90.0, -59.99999999999999, 0.0, 0.0, 0.0, -105.00000000000001, 165.0, 0.0, 0.0, 0.0, 0.0, -119.99999999999999, 59.99999999999999, -90.0, -59.99999999999999, 0.0, 0.0, 0.0, 0.0, -165.0, 135.0, 0.0, 0.0, -105.00000000000001, 90.0, 0.0, 0.0, 0.0]",3.2626696634628183,7.429487334478142,4.325692716100709,5.508595556037851,4.848916770784997,False
