energy_rank,energy,depth,angles_deg_json,term_constraint,term_sasa,term_hbond,term_hbond_raw,term_electrostatics,term_disulfide,term_vdw_repulsion,term_rotamer,term_pi_stacking,term_rama,term_geometry,term_geom_pro_ring,term_geom_chirality,term_geom_planarity,term_burial_mean,term_burial_min,term_burial_max,term_neighbor_mean,term_neighbor_min,term_neighbor_max,term_total,pred_e2e_A,pred_rg_A,rmsd_to_reference_A,ref_e2e_A,ref_rg_A,native_like
1,61.282688103944345,10,"[-90.0, -45.0, -59.99999999999999, 180.0, 90.0, 45.0, -59.99999999999999, 180.0, 45.0, 59.99999999999999, 180.0, -135.0, 150.0, -59.99999999999999, 45.0, 45.0, 180.0, 59.99999999999999, 59.99999999999999, -59.99999999999999, -135.0, 135.0, -45.0, 160.0, 180.0, -75.0, 105.00000000000001, 180.0, -59.99999999999999, -150.0, 105.00000000000001, -59.99999999999999, 59.99999999999999]",1.2214335341329488,129.21070986595038,-115.2751399470925,-76.85009329806167,20.052192224974828,0.0,46.84077611911921,-15.807538799549228,0.0,-5.548048345215974,0.5883034516246725,0.5883034516246725,0.0,0.0,0.947793652579414,0.4095015853299711,1.0,40.29512897333014,14.332555486548989,59.519259828687645,61.282688103944345,5.005746313289835,4.410689234614565,2.6767563574151403,5.508595556037851,4.848916770784997,False
2,65.54779825272558,10,"[-90.0, -45.0, -59.99999999999999, 180.0, 90.0, 45.0, -59.99999999999999, 180.0, 45.0, 59.99999999999999, 180.0, -135.0, 150.0, -59.99999999999999, 45.0, 45.0, 180.0, 59.99999999999999, 59.99999999999999, -59.99999999999999, -135.0, 135.0, -45.0, 160.0, 180.0, -75.0, 115.0, 180.0, -59.99999999999999, -150.0, 105.00000000000001, -59.99999999999999, 59.99999999999999]",0.6428785635466914,122.2570392268789,-115.2751399470925,-76.85009329806167,20.08257912142979,0.0,59.14361527139357,-15.807538799549228,0.0,-6.083938635506294,0.5883034516246725,0.5883034516246725,0.0,0.0,0.9506032164739883,0.4112954292903377,1.0,40.96578425922765,14.395340025161818,60.11971196769058,65.54779825272558,5.14142544330455,4.424359901967266,2.699386706666084,5.508595556037851,4.848916770784997,False
3,72.37045730992486,10,"[-90.0, -45.0, -59.99999999999999, 180.0, 90.0, 45.0, -59.99999999999999, 180.0, 45.0, 59.99999999999999, 180.0, -135.0, 150.0, -59.99999999999999, 45.0, 45.0, 180.0, 59.99999999999999, 59.99999999999999, -59.99999999999999, -135.0, 119.99999999999999, -45.0, 160.0, 180.0, -75.0, 115.0, 180.0, -59.99999999999999, -150.0, 105.00000000000001, -59.99999999999999, 59.99999999999999]",0.022885379022547996,147.46112515523706,-115.2751399470925,-76.85009329806167,19.64313529332275,0.0,41.4009818335332,-15.807538799549228,0.0,-5.663295056173624,0.5883034516246725,0.5883034516246725,0.0,0.0,0.9404197474120254,0.396323923337062,1.0,38.55748869026482,13.87133731679717,56.70874960832833,72.37045730992486,5.567654089340627,4.5047032375299425,2.570248788819294,5.508595556037851,4.848916770784997,False
4,82.39386949902912,10,"[-90.0, -45.0, -59.99999999999999, 180.0, 90.0, 45.0, -59.99999999999999, 180.0, 45.0, 59.99999999999999, 180.0, -135.0, 150.0, -59.99999999999999, 45.0, 45.0, 180.0, 59.99999999999999, 59.99999999999999, -59.99999999999999, -135.0, 135.0, -75.0, 150.0, 59.99999999999999, -59.99999999999999, 115.0, -59.99999999999999, -59.99999999999999, -150.0, 105.00000000000001, -59.99999999999999, 59.99999999999999]",0.08159864469908372,161.4158273777271,-115.2751399470925,-76.85009329806167,19.040307840624646,0.0,35.45485448158972,-12.408026753196237,0.0,-6.503855596947369,0.5883034516246725,0.5883034516246725,0.0,0.0,0.9347814838877869,0.39422966634529505,1.0,37.64572807041314,13.798038322085327,55.062805195645126,82.39386949902912,5.627748694474021,4.562913599264479,2.452900763273037,5.508595556037851,4.848916770784997,False
5,82.52621554509454,10,"[-90.0, -45.0, -59.99999999999999, 180.0, 90.0, 45.0, -59.99999999999999, 180.0, 45.0, 59.99999999999999, 180.0, -135.0, 150.0, -59.99999999999999, 45.0, 45.0, 180.0, 59.99999999999999, 59.99999999999999, -59.99999999999999, -135.0, 119.99999999999999, -45.0, 160.0, 180.0, -75.0, 105.00000000000001, 180.0, -59.99999999999999, -150.0, 105.00000000000001, -59.99999999999999, 59.99999999999999]",0.002656862174502833,157.63904898128436,-115.2751399470925,-76.85009329806167,19.629431499092085,0.0,40.87685826344398,-15.807538799549228,0.0,-5.127404765883305,0.5883034516246725,0.5883034516246725,0.0,0.0,0.9363074549570569,0.3959109959110213,1.0,38.02068237119806,13.856884856885745,56.276849845182944,82.52621554509454,5.476948483023875,4.491244118535086,2.552305694713192,5.508595556037851,4.848916770784997,False
6,88.2907291010245,10,"[-90.0, -45.0, -59.99999999999999, 180.0, 90.0, 45.0, -59.99999999999999, 180.0, 45.0, 59.99999999999999, 180.0, -135.0, 150.0, -59.99999999999999, 45.0, 45.0, 180.0, 59.99999999999999, 59.99999999999999, -59.99999999999999, -135.0, 135.0, -45.0, 160.0, 180.0, -90.0, 105.00000000000001, -59.99999999999999, -59.99999999999999, -90.0, -75.0, 180.0, 59.99999999999999]",0.6682190025161685,121.05553197351358,-115.2751399470925,-76.85009329806167,21.132535023611915,0.0,82.6658726444836,-15.807538799549228,0.0,-6.737054248083689,0.5883034516246725,0.5883034516246725,0.0,0.0,0.9510886739500956,0.4128065330006762,1.0,39.930189504355226,14.448228655023668,59.369749981771676,88.2907291010245,5.865573249162509,4.494470636971433,2.6997317600560278,5.508595556037851,4.848916770784997,False
7,90.36330868588762,10,"[-90.0, -45.0, -59.99999999999999, 180.0, 90.0, 45.0, -59.99999999999999, 180.0, 45.0, 59.99999999999999, 180.0, -135.0, 150.0, -59.99999999999999, 45.0, 45.0, 180.0, 59.99999999999999, 59.99999999999999, -59.99999999999999, -135.0, 119.99999999999999, -45.0, 160.0, 180.0, -59.99999999999999, 115.0, -59.99999999999999, -59.99999999999999, -150.0, 105.00000000000001, -59.99999999999999, 59.99999999999999]",3.0255254008765813,145.5365844595556,-115.2751399470925,-76.85009329806167,19.05034610740407,0.0,58.62011408182032,-15.40756216976526,0.0,-5.774862698535849,0.5883034516246725,0.5883034516246725,0.0,0.0,0.9411973396123008,0.3982176715728181,1.0,40.8467639812473,13.937618505048635,59.177230358560394,90.36330868588762,4.722114995532555,4.422921538324989,2.5585925715608027,5.508595556037851,4.848916770784997,False
8,90.39567380120872,10,"[-90.0, -45.0, -59.99999999999999, 180.0, 90.0, 45.0, -59.99999999999999, 180.0, 45.0, 59.99999999999999, 180.0, -135.0, 150.0, -59.99999999999999, 45.0, 45.0, 180.0, 59.99999999999999, 59.99999999999999, -59.99999999999999, -135.0, 135.0, -45.0, 160.0, 180.0, -75.0, 115.0, 180.0, -59.99999999999999, -90.0, -75.0, 180.0, 59.99999999999999]",0.6428785635466914,110.60690451278194,-115.2751399470925,-76.85009329806167,20.200424348946736,0.0,97.25953715969024,-16.207515429333196,0.0,-7.419718858955867,0.5883034516246725,0.5883034516246725,0.0,0.0,0.9553103416109973,0.44851750271225754,1.0,42.043638151263565,15.698112594929015,61.46102609481036,90.39567380120872,5.14142544330455,4.424359901967266,2.699386706666084,5.508595556037851,4.848916770784997,False
9,91.01273159155683,10,"[-90.0, -45.0, -59.99999999999999, 180.0, 90.0, 45.0, -59.99999999999999, 180.0, 45.0, 59.99999999999999, 180.0, -135.0, 150.0, -59.99999999999999, 45.0, 45.0, 180.0, 59.99999999999999, 59.99999999999999, -59.99999999999999, -135.0, 135.0, -75.0, 150.0, 59.99999999999999, -45.0, 145.0, 180.0, -59.99999999999999, -90.0, -75.0, 180.0, 59.99999999999999]",0.2035910567254501,177.00644494310288,-115.2751399470925,-76.85009329806167,18.62434113156424,0.0,31.428603557595395,-13.207980012764175,0.0,-8.35543258919913,0.5883034516246725,0.5883034516246725,0.0,0.0,0.9284822444674331,0.41230152793032315,1.0,37.104354858851416,14.430553477561311,55.24771945022205,91.01273159155683,5.298212459886419,4.549401576568294,2.4701845892812377,5.508595556037851,4.848916770784997,False
10,92.796158494837,10,"[-90.0, -45.0, -59.99999999999999, 180.0, 90.0, 45.0, -59.99999999999999, 180.0, 45.0, 59.99999999999999, 180.0, -135.0, 150.0, -59.99999999999999, 45.0, 45.0, 180.0, 59.99999999999999, 59.99999999999999, -59.99999999999999, -135.0, 119.99999999999999, -45.0, 160.0, 180.0, -75.0, 115.0, 180.0, -59.99999999999999, -90.0, -75.0, 180.0, 59.99999999999999]",0.022885379022547996,133.1452387094087,-115.2751399470925,-76.85009329806167,19.675300763154798,0.0,77.84616084767521,-16.207515429333196,0.0,-6.999075279623197,0.5883034516246725,0.5883034516246725,0.0,0.0,0.9462039439557945,0.4052527628877483,1.0,39.23487609709139,14.183846701071191,58.107839539482626,92.796158494837,5.567654089340627,4.5047032375299425,2.570248788819294,5.508595556037851,4.848916770784997,False
11,92.87185740774589,10,"[-90.0, -45.0, -59.99999999999999, 180.0, 90.0, 45.0, -59.99999999999999, 180.0, 45.0, 59.99999999999999, 180.0, -135.0, 150.0, -59.99999999999999, 45.0, 45.0, 180.0, 59.99999999999999, 59.99999999999999, -59.99999999999999, -135.0, 135.0, -45.0, 160.0, 180.0, -90.0, 105.00000000000001, -59.99999999999999, -59.99999999999999, -150.0, 105.00000000000001, -59.99999999999999, 59.99999999999999]",0.6682190025161685,156.97259895098406,-115.2751399470925,-76.85009329806167,21.0764805678829,0.0,49.65023157622998,-15.40756216976526,0.0,-5.401274024634116,0.5883034516246725,0.5883034516246725,0.0,0.0,0.9365767276965721,0.4050994037864371,1.0,38.27468952676181,14.178479132525299,57.41908901534563,92.87185740774589,5.865573249162509,4.494470636971433,2.6997317600560278,5.508595556037851,4.848916770784997,False
12,94.70500823953306,10,"[-90.0, -45.0, -59.99999999999999, 180.0, 90.0, 45.0, -59.99999999999999, 180.0, 45.0, 59.99999999999999, 180.0, -135.0, 150.0, -59.99999999999999, 45.0, 45.0, 180.0, 59.99999999999999, 59.99999999999999, -59.99999999999999, -119.99999999999999, 135.0, -59.99999999999999, 115.0, 59.99999999999999, -45.0, 145.0, 180.0, -59.99999999999999, -90.0, -75.0, 180.0, 59.99999999999999]",8.105253288583068,159.7816622613145,-115.2751399470925,-76.85009329806167,19.046776846113666,0.0,42.95887251018698,-13.207980012764175,0.0,-7.292740158433139,0.5883034516246725,0.5883034516246725,0.0,0.0,0.935441752621691,0.4218144387863913,1.0,37.27510191468517,14.763505357523695,55.58901559835151,94.70500823953306,6.77320487656803,4.5745661384888985,2.756141438762126,5.508595556037851,4.848916770784997,False
13,96.87002241033338,10,"[-90.0, -45.0, -59.99999999999999, 180.0, 90.0, 45.0, -59.99999999999999, 180.0, 45.0, 59.99999999999999, 180.0, -135.0, 150.0, -59.99999999999999, 45.0, 45.0, 180.0, 59.99999999999999, 59.99999999999999, -59.99999999999999, -135.0, 135.0, -45.0, 160.0, 180.0, -75.0, 105.00000000000001, 180.0, -59.99999999999999, -90.0, -75.0, 180.0, 59.99999999999999]",1.2214335341329488,114.82366667093267,-115.2751399470925,-76.85009329806167,20.187196254505075,0.0,100.90569230231995,-16.207515429333196,-2.489785858090666,-6.883828568665547,0.5883034516246725,0.5883034516246725,0.0,0.0,0.9536065993248758,0.4297473413030622,1.0,42.18907778648601,15.041156945607177,61.63296788011129,96.87002241033338,5.005746313289835,4.410689234614565,2.6767563574151403,5.508595556037851,4.848916770784997,False
14,100.41287033683804,10,"[-90.0, -45.0, -59.99999999999999, 180.0, 90.0, 45.0, -59.99999999999999, 180.0, 45.0, 59.99999999999999, 180.0, -135.0, 150.0, -59.99999999999999, 45.0, 45.0, 180.0, 59.99999999999999, 59.99999999999999, -59.99999999999999, -119.99999999999999, 135.0, -45.0, 160.0, 180.0, -75.0, 115.0, 180.0, -59.99999999999999, -150.0, 105.00000000000001, -59.99999999999999, 59.99999999999999]",2.0844060028094678,195.68521865273476,-115.2751399470925,-76.85009329806167,16.832053479412785,0.0,25.16338887367471,-15.807538799549228,-2.9616264210181233,-5.896194955758493,0.5883034516246725,0.5883034516246725,0.0,0.0,0.9209352651908143,0.3919488311215039,1.0,38.12804892666593,13.718209089252637,55.64725097956161,100.41287033683804,6.1456633802236995,4.560853642489402,2.7491641293206386,5.508595556037851,4.848916770784997,False
15,101.12897424715622,10,"[-90.0, -45.0, -59.99999999999999, 180.0, 90.0, 45.0, -59.99999999999999, 180.0, 45.0, 59.99999999999999, 180.0, -135.0, 150.0, -59.99999999999999, 45.0, 45.0, 180.0, 59.99999999999999, 59.99999999999999, -59.99999999999999, -135.0, 119.99999999999999, -45.0, 160.0, 180.0, -59.99999999999999, 115.0, -59.99999999999999, -59.99999999999999, -90.0, -75.0, 180.0, 59.99999999999999]",3.0255254008765813,126.04475027778214,-115.2751399470925,-76.85009329806167,19.14310996572433,0.0,91.99629572672575,-15.807538799549228,-1.4756889069501107,-7.110642921985423,0.5883034516246725,0.5883034516246725,0.0,0.0,0.9490728281705931,0.42618097660485554,1.0,41.34315226907503,14.916334181169944,60.15627261491191,101.12897424715622,4.722114995532555,4.422921538324989,2.5585925715608027,5.508595556037851,4.848916770784997,False
16,101.86638183747034,10,"[-90.0, -45.0, -59.99999999999999, 180.0, 90.0, 45.0, -59.99999999999999, 180.0, 45.0, 59.99999999999999, 180.0, -135.0, 150.0, -59.99999999999999, 45.0, 45.0, 180.0, 59.99999999999999, 59.99999999999999, -59.99999999999999, -135.0, 119.99999999999999, -45.0, 160.0, 180.0, -75.0, 105.00000000000001, 180.0, -59.99999999999999, -90.0, -75.0, 180.0, 59.99999999999999]",0.002656862174502833,135.36876039652418,-115.2751399470925,-76.85009329806167,19.676481715242407,0.0,86.16553380702136,-16.207515429333196,-1.9895140293581894,-6.463184989332878,0.5883034516246725,0.5883034516246725,0.0,0.0,0.9453055513549398,0.4006774073437071,1.0,39.344819130210595,14.023709257029749,58.21561989142311,101.86638183747034,5.476948483023875,4.491244118535086,2.552305694713192,5.508595556037851,4.848916770784997,False
17,103.2801727608986,10,"[-90.0, -45.0, -59.99999999999999, 180.0, 90.0, 45.0, -59.99999999999999, 180.0, 45.0, 59.99999999999999, 180.0, -135.0, 150.0, -59.99999999999999, 45.0, 45.0, 180.0, 59.99999999999999, 59.99999999999999, -59.99999999999999, -135.0, 119.99999999999999, -45.0, 160.0, 180.0, -45.0, 145.0, 180.0, -59.99999999999999, -90.0, -75.0, 180.0, 59.99999999999999]",4.124740137280949,131.55412964904392,-115.2751399470925,-76.85009329806167,18.681891675159576,0.0,92.18549488272137,-16.207515429333196,-4.745291967718571,-7.6264396907876115,0.5883034516246725,0.5883034516246725,0.0,0.0,0.9468468163034166,0.4940808089415852,1.0,40.354134346994464,17.292828312955482,59.60881744989863,103.2801727608986,4.59173350416511,4.411959429929279,2.617540398879397,5.508595556037851,4.848916770784997,False
18,103.95353938386664,10,"[-90.0, -45.0, -59.99999999999999, 180.0, 90.0, 45.0, -59.99999999999999, 180.0, 45.0, 59.99999999999999, 180.0, -135.0, 150.0, -59.99999999999999, 45.0, 45.0, 180.0, 59.99999999999999, 59.99999999999999, -59.99999999999999, -119.99999999999999, 135.0, -59.99999999999999, 115.0, 59.99999999999999, -45.0, 145.0, 180.0, -59.99999999999999, -150.0, 105.00000000000001, -59.99999999999999, 59.99999999999999]",8.105253288583068,155.98063851816914,-115.2751399470925,-76.85009329806167,19.06622107230283,0.0,54.2532263182432,-12.808003382980207,0.0,-5.956959934983566,0.5883034516246725,0.5883034516246725,0.0,0.0,0.9369775197906388,0.39400613696718584,1.0,38.01179517784324,13.790214793851504,56.20209334288084,103.95353938386664,6.77320487656803,4.5745661384888985,2.756141438762126,5.508595556037851,4.848916770784997,False
19,104.04830433343128,10,"[-90.0, -45.0, -59.99999999999999, 180.0, 90.0, 45.0, -59.99999999999999, 180.0, 45.0, 59.99999999999999, 180.0, -135.0, 150.0, -59.99999999999999, 45.0, 45.0, 180.0, 59.99999999999999, 59.99999999999999, -59.99999999999999, -135.0, 119.99999999999999, -45.0, 160.0, 180.0, -45.0, 145.0, 180.0, -59.99999999999999, -59.99999999999999, -14.999999999999998, -59.99999999999999, -59.99999999999999]",4.124740137280949,149.4625128394143,-115.2751399470925,-76.85009329806167,18.26324922457949,0.0,70.64086739840617,-15.80753879954923,0.0,-7.948689971232579,0.5883034516246725,0.5883034516246725,0.0,0.0,0.9396111059234691,0.4512370333326965,1.0,40.53861657598542,15.793296166644378,59.964142075030246,104.04830433343128,4.59173350416511,4.411959429929279,2.617540398879397,5.508595556037851,4.848916770784997,False
20,105.41658623283902,10,"[-90.0, -45.0, -59.99999999999999, 180.0, 90.0, 45.0, -59.99999999999999, 180.0, 45.0, 59.99999999999999, 180.0, -135.0, 150.0, -59.99999999999999, 45.0, 45.0, 180.0, 59.99999999999999, 59.99999999999999, -59.99999999999999, -119.99999999999999, 135.0, -45.0, 160.0, 180.0, -75.0, 105.00000000000001, 180.0, -59.99999999999999, -150.0, 105.00000000000001, -59.99999999999999, 59.99999999999999]",1.2148180698782858,204.38587706960624,-115.2751399470925,-76.85009329806167,16.79297850359715,0.0,18.87759255024259,-15.807538799549228,0.0,-5.360304665468173,0.5883034516246725,0.5883034516246725,0.0,0.0,0.9174198476486439,0.3908252128689067,1.0,37.43083664910173,13.678882450411734,54.991460071175304,105.41658623283902,5.992913393990929,4.545731957504525,2.7242962245550593,5.508595556037851,4.848916770784997,False
21,107.12677694435212,10,"[-90.0, -45.0, -59.99999999999999, 180.0, 90.0, 45.0, -59.99999999999999, 180.0, 45.0, 59.99999999999999, 180.0, -135.0, 150.0, -59.99999999999999, 45.0, 45.0, 180.0, 59.99999999999999, 59.99999999999999, -59.99999999999999, -135.0, 135.0, -75.0, 150.0, 59.99999999999999, -59.99999999999999, 115.0, -59.99999999999999, -59.99999999999999, -90.0, -75.0, 180.0, 59.99999999999999]",0.08159864469908372,173.66086958531452,-115.2751399470925,-76.85009329806167,19.01338144738965,0.0,49.70540296579384,-12.808003382980205,0.0,-7.839635820396942,0.5883034516246725,0.5883034516246725,0.0,0.0,0.9298339920867416,0.3967259583034944,1.0,37.33036204646561,13.885408540622304,55.74386209201607,107.12677694435212,5.627748694474021,4.562913599264479,2.452900763273037,5.508595556037851,4.848916770784997,False
22,109.30666699079282,10,"[-90.0, -45.0, -59.99999999999999, 180.0, 90.0, 45.0, -59.99999999999999, 180.0, 45.0, 59.99999999999999, 180.0, -135.0, 150.0, -59.99999999999999, 45.0, 45.0, 180.0, 59.99999999999999, 59.99999999999999, -59.99999999999999, -135.0, 135.0, -59.99999999999999, 115.0, 59.99999999999999, -45.0, 145.0, 180.0, -59.99999999999999, -90.0, -75.0, 180.0, 59.99999999999999]",0.4354855062948601,131.06450657722758,-115.2751399470925,-76.85009329806167,24.473355921601726,0.0,88.70861933208161,-13.207980012764175,0.0,-7.480483838180939,0.5883034516246725,0.5883034516246725,0.0,0.0,0.9470446438071808,0.45031832184826603,1.0,40.61431599215802,15.76114126468931,60.266063720323565,109.30666699079282,5.795122180221975,4.440292363016295,2.7208213616785915,5.508595556037851,4.848916770784997,False
23,109.88375060893054,10,"[-90.0, -45.0, -59.99999999999999, 180.0, 90.0, 45.0, -59.99999999999999, 180.0, 45.0, 59.99999999999999, 180.0, -135.0, 150.0, -59.99999999999999, 45.0, 45.0, 180.0, 59.99999999999999, 59.99999999999999, -59.99999999999999, -119.99999999999999, 135.0, -45.0, 160.0, 180.0, -90.0, 105.00000000000001, -59.99999999999999, -59.99999999999999, -90.0, -75.0, 180.0, 59.99999999999999]",8.789873530011079,174.46474568897474,-115.2751399470925,-76.85009329806167,17.162380892034687,0.0,46.51043636126299,-15.807538799549228,0.0,-6.549310568335889,0.5883034516246725,0.5883034516246725,0.0,0.0,0.9295091936610204,0.3962325004057127,1.0,37.03722184663113,13.868137514199944,54.96161086405377,109.88375060893054,6.825886385027848,4.6344759889892115,2.74661053010197,5.508595556037851,4.848916770784997,False
24,111.63211600482413,10,"[-90.0, -45.0, -59.99999999999999, 180.0, 90.0, 45.0, -59.99999999999999, 180.0, 45.0, 59.99999999999999, 180.0, -135.0, 150.0, -59.99999999999999, 45.0, 45.0, 180.0, 59.99999999999999, 59.99999999999999, -59.99999999999999, -135.0, 135.0, -45.0, 160.0, 180.0, -75.0, 115.0, 180.0, -59.99999999999999, -59.99999999999999, -14.999999999999998, -59.99999999999999, -59.99999999999999]",0.6428785635466914,157.60666151051655,-115.2751399470925,-76.85009329806167,19.942485642652695,0.0,71.6764347225261,-15.80753879954923,0.0,-7.741969139400835,0.5883034516246725,0.5883034516246725,0.0,0.0,0.9363205408038318,0.41722826223007814,1.0,40.013961834469946,14.602989178052734,59.94929716121075,111.63211600482413,5.14142544330455,4.424359901967266,2.699386706666084,5.508595556037851,4.848916770784997,False
25,111.94243334299144,10,"[-90.0, -45.0, -59.99999999999999, 180.0, 90.0, 45.0, -59.99999999999999, 180.0, 45.0, 59.99999999999999, 180.0, -135.0, 150.0, -59.99999999999999, 45.0, 45.0, 180.0, 59.99999999999999, 59.99999999999999, -59.99999999999999, -135.0, 135.0, -45.0, 160.0, 180.0, -90.0, 119.99999999999999, 180.0, 59.99999999999999, -150.0, 105.00000000000001, -59.99999999999999, 59.99999999999999]",1.4179649132610839,166.4808314481361,-115.2751399470925,-76.85009329806167,12.637276379970164,0.0,68.46101570778838,-15.807538799549226,0.0,-6.560279811147194,0.5883034516246725,0.5883034516246725,0.0,0.0,0.9327350175967127,0.42184766806098306,1.0,39.70940756774206,14.764668382134408,58.514222859920466,111.94243334299144,6.032534489636321,4.51201077285572,2.736002690965224,5.508595556037851,4.848916770784997,False
26,112.65280758873003,10,"[-90.0, -45.0, -59.99999999999999, 180.0, 90.0, 45.0, -59.99999999999999, 180.0, 45.0, 59.99999999999999, 180.0, -135.0, 150.0, -59.99999999999999, 45.0, 45.0, 180.0, 59.99999999999999, 59.99999999999999, -59.99999999999999, -135.0, 135.0, -59.99999999999999, 115.0, 59.99999999999999, -45.0, 145.0, 180.0, -59.99999999999999, -150.0, 105.00000000000001, -59.99999999999999, 59.99999999999999]",0.4354855062948601,116.22879416203006,-115.2751399470925,-76.85009329806167,24.50925617644151,0.0,105.118815237143,-12.808003382980207,0.0,-6.144703614731366,0.5883034516246725,0.5883034516246725,0.0,0.0,0.9530388710456444,0.4224148275969809,1.0,41.11838084718667,14.784518965894332,60.60732382022736,112.65280758873003,5.795122180221975,4.440292363016295,2.7208213616785915,5.508595556037851,4.848916770784997,False
27,115.30845475277314,10,"[-90.0, -45.0, -59.99999999999999, 180.0, 90.0, 45.0, -59.99999999999999, 180.0, 45.0, 59.99999999999999, 180.0, -135.0, 150.0, -59.99999999999999, 45.0, 45.0, 180.0, 59.99999999999999, 59.99999999999999, -59.99999999999999, -135.0, 135.0, -45.0, 160.0, 180.0, -75.0, 105.00000000000001, 180.0, -59.99999999999999, -59.99999999999999, -14.999999999999998, -59.99999999999999, -59.99999999999999]",1.2214335341329488,163.90361178651833,-115.2751399470925,-76.85009329806167,19.955802244837443,0.0,67.92806133141198,-15.80753879954923,0.0,-7.206078849110515,0.5883034516246725,0.5883034516246725,0.0,0.0,0.9337763184700936,0.41270870512805247,1.0,39.85360005010431,14.444804679481836,59.797917390167584,115.30845475277314,5.005746313289835,4.410689234614565,2.6767563574151403,5.508595556037851,4.848916770784997,False
28,116.26607363570135,10,"[-90.0, -45.0, -59.99999999999999, 180.0, 90.0, 45.0, -59.99999999999999, 180.0, 45.0, 59.99999999999999, 180.0, -135.0, 150.0, -59.99999999999999, 45.0, 45.0, 180.0, 59.99999999999999, 59.99999999999999, -59.99999999999999, -135.0, 135.0, -75.0, 150.0, 59.99999999999999, -45.0, 145.0, 180.0, -59.99999999999999, -150.0, 105.00000000000001, -59.99999999999999, 59.99999999999999]",0.2035910567254501,144.49053606358515,-115.2751399470925,-76.85009329806167,18.721570474869203,0.0,87.36486828471912,-12.808003382980207,0.0,-7.0196523657495575,0.5883034516246725,0.5883034516246725,0.0,0.0,0.9416199854288544,0.3947756695336334,1.0,39.47684895820982,13.81714843367717,57.164973078977646,116.26607363570135,5.298212459886419,4.549401576568294,2.4701845892812377,5.508595556037851,4.848916770784997,False
29,116.47091505756003,10,"[-90.0, -45.0, -59.99999999999999, 180.0, 90.0, 45.0, -59.99999999999999, 180.0, 45.0, 59.99999999999999, 180.0, -135.0, 150.0, -59.99999999999999, 45.0, 45.0, 180.0, 59.99999999999999, 59.99999999999999, -59.99999999999999, -119.99999999999999, 135.0, -45.0, 160.0, 180.0, -45.0, 145.0, 180.0, -59.99999999999999, -90.0, -75.0, 180.0, 59.99999999999999]",0.032390002518333155,181.67435549846658,-115.2751399470925,-76.85009329806167,17.20551835327845,0.0,61.17677784697267,-16.207515429333196,-4.864435128502479,-7.859339590372481,0.5883034516246725,0.5883034516246725,0.0,0.0,0.9265962200006196,0.5104568183776268,1.0,38.777404356702505,17.865988643216937,57.935245963887525,116.47091505756003,5.580486026760343,4.470401274325146,2.8522512522127275,5.508595556037851,4.848916770784997,False
30,117.86635089499686,10,"[-90.0, -45.0, -59.99999999999999, 180.0, 90.0, 45.0, -59.99999999999999, 180.0, 45.0, 59.99999999999999, 180.0, -135.0, 150.0, -59.99999999999999, 45.0, 45.0, 180.0, 59.99999999999999, 59.99999999999999, -59.99999999999999, -135.0, 135.0, -90.0, 160.0, 180.0, -59.99999999999999, 115.0, -59.99999999999999, -59.99999999999999, -150.0, 105.00000000000001, -59.99999999999999, 59.99999999999999]",2.3022097890522684,213.45878757051486,-115.2751399470925,-76.85009329806167,17.657070577290586,0.0,21.522732680243468,-15.40756216976526,0.0,-6.98005105687122,0.5883034516246725,0.5883034516246725,0.0,0.0,0.9137540252240345,0.3871190422018553,1.0,35.78402884426116,13.549166477064935,52.47445920838783,117.86635089499686,6.1785587357115475,4.674075327367813,2.37814896173899,5.508595556037851,4.848916770784997,False
31,119.0230886195773,10,"[-90.0, -45.0, -59.99999999999999, 180.0, 90.0, 45.0, -59.99999999999999, 180.0, 45.0, 59.99999999999999, 180.0, -135.0, 150.0, -59.99999999999999, 45.0, 45.0, 180.0, 59.99999999999999, 59.99999999999999, -59.99999999999999, -135.0, 135.0, -45.0, 160.0, 180.0, -90.0, 119.99999999999999, 180.0, 59.99999999999999, -90.0, -75.0, 180.0, 59.99999999999999]",1.4179649132610839,152.64698268068608,-115.2751399470925,-76.85009329806167,12.679230046177908,0.0,91.06932293885002,-16.207515429333192,0.0,-7.8960600345967675,0.5883034516246725,0.5883034516246725,0.0,0.0,0.9383244514421472,0.4420935007497803,1.0,40.62504817028667,15.473272526242312,59.80497623682086,119.0230886195773,6.032534489636321,4.51201077285572,2.736002690965224,5.508595556037851,4.848916770784997,False
32,119.58420773515289,10,"[-90.0, -45.0, -59.99999999999999, 180.0, 90.0, 45.0, -59.99999999999999, 180.0, 45.0, 59.99999999999999, 180.0, -135.0, 150.0, -59.99999999999999, 45.0, 45.0, 180.0, 59.99999999999999, 59.99999999999999, -59.99999999999999, -135.0, 135.0, -45.0, 160.0, 180.0, -75.0, 115.0, 180.0, -59.99999999999999, -105.00000000000001, 105.00000000000001, 59.99999999999999, -59.99999999999999]",0.6428785635466914,188.58612767385605,-115.2751399470925,-76.85009329806167,19.977816393176166,0.0,45.96793395006162,-15.80753879954923,0.0,-5.096173550470596,0.5883034516246725,0.5883034516246725,0.0,0.0,0.92380358477824,0.4099554582870537,1.0,38.86593188558409,14.34844104004688,58.67456737240183,119.58420773515289,5.14142544330455,4.424359901967266,2.699386706666084,5.508595556037851,4.848916770784997,False
33,121.29953290631553,10,"[-90.0, -45.0, -59.99999999999999, 180.0, 90.0, 45.0, -59.99999999999999, 180.0, 45.0, 59.99999999999999, 180.0, -135.0, 150.0, -59.99999999999999, 45.0, 45.0, 180.0, 59.99999999999999, 59.99999999999999, -59.99999999999999, -135.0, 119.99999999999999, -45.0, 160.0, 180.0, -59.99999999999999, 115.0, -59.99999999999999, -59.99999999999999, -105.00000000000001, 105.00000000000001, 59.99999999999999, -59.99999999999999]",3.0255254008765813,194.78280914779623,-115.2751399470925,-76.85009329806167,18.937086111750723,0.0,39.435608524625266,-15.407562169765262,0.0,-4.787097613500151,0.5883034516246725,0.5883034516246725,0.0,0.0,0.9212998750917994,0.3973439719798616,1.0,38.65593652369582,13.907039019295157,57.558103677018856,121.29953290631553,4.722114995532555,4.422921538324989,2.5585925715608027,5.508595556037851,4.848916770784997,False
34,121.9131087967176,10,"[-90.0, -45.0, -59.99999999999999, 180.0, 90.0, 45.0, -59.99999999999999, 180.0, 45.0, 59.99999999999999, 180.0, -135.0, 150.0, -59.99999999999999, 45.0, 45.0, 180.0, 59.99999999999999, 59.99999999999999, -59.99999999999999, -119.99999999999999, 135.0, -45.0, 160.0, 180.0, -75.0, 115.0, 180.0, -59.99999999999999, -90.0, -75.0, 180.0, 59.99999999999999]",2.0844060028094678,167.15999914473525,-115.2751399470925,-76.85009329806167,17.015521113547894,0.0,73.77950963963409,-16.207515429333196,0.0,-7.231975179208066,0.5883034516246725,0.5883034516246725,0.0,0.0,0.9324606064061676,0.4362433229132984,1.0,39.08614113788458,15.268516301965445,56.89677536301025,121.9131087967176,6.1456633802236995,4.560853642489402,2.7491641293206386,5.508595556037851,4.848916770784997,False
35,122.99627784590997,10,"[-90.0, -45.0, -59.99999999999999, 180.0, 90.0, 45.0, -59.99999999999999, 180.0, 45.0, 59.99999999999999, 180.0, -135.0, 150.0, -59.99999999999999, 45.0, 45.0, 180.0, 59.99999999999999, 59.99999999999999, -59.99999999999999, -135.0, 135.0, -45.0, 160.0, 180.0, -45.0, 145.0, 180.0, -59.99999999999999, -59.99999999999999, -14.999999999999998, -59.99999999999999, -59.99999999999999]",5.260075584176031,115.42831132907165,-115.2751399470925,-76.85009329806167,18.48786585534898,0.0,122.68373392289561,-15.80753879954923,0.0,-8.36933355056525,0.5883034516246725,0.5883034516246725,0.0,0.0,0.9533622984529003,0.5614250939647393,1.0,42.93316133021595,19.649878288765873,63.43990177886657,122.99627784590997,4.474322118384526,4.334803037975611,2.795067185680404,5.508595556037851,4.848916770784997,False
36,124.28407994518945,10,"[-90.0, -45.0, -59.99999999999999, 180.0, 90.0, 45.0, -59.99999999999999, 180.0, 45.0, 59.99999999999999, 180.0, -135.0, 150.0, -59.99999999999999, 45.0, 45.0, 180.0, 29.999999999999996, 14.999999999999998, 59.99999999999999, -90.0, 130.0, -45.0, 160.0, 180.0, -59.99999999999999, 115.0, -59.99999999999999, -59.99999999999999, -90.0, -75.0, 180.0, 59.99999999999999]",9.18190104488636,194.7089965504531,-115.2751399470925,-76.85009329806167,15.169030714498174,0.0,43.530228258388846,-12.80800338298022,-5.047909321533608,-5.763327423055356,0.5883034516246725,0.5883034516246725,0.0,0.0,0.9213296983634532,0.3854120259023749,1.0,40.051972055605205,13.48942090658312,61.99704104215343,124.28407994518945,4.144868932915612,4.545795907794879,2.418075999955013,5.508595556037851,4.848916770784997,False
37,124.7771767903032,10,"[-90.0, -45.0, -59.99999999999999, 180.0, 90.0, 45.0, -59.99999999999999, 180.0, 45.0, 59.99999999999999, 180.0, -135.0, 150.0, -59.99999999999999, 45.0, 45.0, 180.0, 59.99999999999999, 59.99999999999999, -59.99999999999999, -135.0, 119.99999999999999, -75.0, 150.0, 59.99999999999999, -45.0, 145.0, 180.0, -59.99999999999999, -150.0, 105.00000000000001, -59.99999999999999, 59.99999999999999]",2.2524937627240753,192.8297308188843,-115.2751399470925,-76.85009329806167,17.93423500012976,0.0,45.854565873430026,-12.808003382980207,0.0,-6.599008786416888,0.5883034516246725,0.5883034516246725,0.0,0.0,0.9220889976489357,0.38781493616068136,1.0,36.57070984942864,13.573522765623848,53.81844823709524,124.7771767903032,6.171192038499277,4.652666029781473,2.412203038354482,5.508595556037851,4.848916770784997,False
38,125.17038489169575,10,"[-90.0, -45.0, -59.99999999999999, 180.0, 90.0, 45.0, -59.99999999999999, 180.0, 45.0, 59.99999999999999, 180.0, -135.0, 150.0, -59.99999999999999, 45.0, 45.0, 180.0, 59.99999999999999, 59.99999999999999, -59.99999999999999, -135.0, 135.0, -45.0, 160.0, 180.0, -59.99999999999999, 115.0, -59.99999999999999, -59.99999999999999, -105.00000000000001, 105.00000000000001, 59.99999999999999, -59.99999999999999]",6.2182327169870435,157.1866663944614,-115.2751399470925,-76.85009329806167,19.190034371476813,0.0,77.8775912668364,-15.407562169765262,0.0,-5.207741192832822,0.5883034516246725,0.5883034516246725,0.0,0.0,0.9364902358002176,0.42182299571960563,1.0,41.20996788325558,14.763804850186197,61.31166020752751,125.17038489169575,4.384810983107613,4.343289958095234,2.711587682789818,5.508595556037851,4.848916770784997,False
39,126.0331321869851,10,"[-90.0, -45.0, -59.99999999999999, 180.0, 90.0, 45.0, -59.99999999999999, 180.0, 45.0, 59.99999999999999, 180.0, -135.0, 150.0, -59.99999999999999, 45.0, 45.0, 180.0, 59.99999999999999, 59.99999999999999, -59.99999999999999, -135.0, 119.99999999999999, -45.0, 160.0, 180.0, -59.99999999999999, 115.0, -59.99999999999999, -59.99999999999999, -59.99999999999999, -14.999999999999998, -59.99999999999999, -59.99999999999999]",3.0255254008765813,167.9151963860701,-115.2751399470925,-76.85009329806167,18.871281595787273,0.0,73.74842067191463,-15.407562169765262,0.0,-7.432893202430391,0.5883034516246725,0.5883034516246725,0.0,0.0,0.9321554762076485,0.40219299395607655,1.0,39.57600954433505,14.07675478846268,58.88870981135436,126.0331321869851,4.722114995532555,4.422921538324989,2.5585925715608027,5.508595556037851,4.848916770784997,False
40,127.02358663433402,10,"[-90.0, -45.0, -59.99999999999999, 180.0, 90.0, 45.0, -59.99999999999999, 180.0, 45.0, 59.99999999999999, 180.0, -135.0, 150.0, -59.99999999999999, 45.0, 45.0, 180.0, 29.999999999999996, 14.999999999999998, 59.99999999999999, -90.0, 130.0, -45.0, 160.0, 180.0, -59.99999999999999, 115.0, -59.99999999999999, -59.99999999999999, -150.0, 105.00000000000001, -59.99999999999999, 59.99999999999999]",9.18190104488636,186.63477211745519,-115.2751399470925,-76.85009329806167,15.196006736026952,0.0,49.289157928173445,-12.408026753196252,-1.755840743938047,-4.427547199605783,0.5883034516246725,0.5883034516246725,0.0,0.0,0.9245920112656747,0.38321394016136134,1.0,40.29910558915355,13.412487905647646,61.851815707411895,127.02358663433402,4.144868932915612,4.545795907794879,2.418075999955013,5.508595556037851,4.848916770784997,False
41,127.2007829275822,10,"[-90.0, -45.0, -59.99999999999999, 180.0, 90.0, 45.0, -59.99999999999999, 180.0, 45.0, 59.99999999999999, 180.0, -135.0, 150.0, -59.99999999999999, 45.0, 45.0, 180.0, 59.99999999999999, 59.99999999999999, -59.99999999999999, -135.0, 135.0, -75.0, 150.0, 59.99999999999999, -45.0, 145.0, 180.0, -59.99999999999999, -105.00000000000001, 105.00000000000001, 59.99999999999999, -59.99999999999999]",0.2035910567254501,198.5222833817292,-115.2751399470925,-76.85009329806167,18.537232031608223,0.0,43.4644036166812,-12.808003382980209,0.0,-6.03188728071386,0.5883034516246725,0.5883034516246725,0.0,0.0,0.9197889764114227,0.392991768526776,1.0,37.47155713989614,13.75471189843716,55.49655040637467,127.2007829275822,5.298212459886419,4.549401576568294,2.4701845892812377,5.508595556037851,4.848916770784997,False
42,127.22512948342927,10,"[-90.0, -45.0, -59.99999999999999, 180.0, 90.0, 45.0, -59.99999999999999, 180.0, 45.0, 59.99999999999999, 180.0, -135.0, 150.0, -59.99999999999999, 45.0, 45.0, 180.0, 59.99999999999999, 59.99999999999999, -59.99999999999999, -135.0, 135.0, -45.0, 160.0, 180.0, -59.99999999999999, 115.0, -59.99999999999999, -59.99999999999999, -90.0, -75.0, 180.0, 59.99999999999999]",6.2182327169870435,111.11818709999008,-115.2751399470925,-76.85009329806167,19.611264451666916,0.0,128.30310701112037,-15.807538799549228,0.0,-7.5312865013180925,0.5883034516246725,0.5883034516246725,0.0,0.0,0.9551037627878828,0.4970660105330155,1.0,43.947297182554244,17.397310368655543,63.54422692878093,127.22512948342927,4.384810983107613,4.343289958095234,2.711587682789818,5.508595556037851,4.848916770784997,False
43,128.2088126073771,10,"[-90.0, -45.0, -59.99999999999999, 180.0, 90.0, 45.0, -59.99999999999999, 180.0, 45.0, 59.99999999999999, 180.0, -135.0, 150.0, -59.99999999999999, 45.0, 45.0, 180.0, 59.99999999999999, 59.99999999999999, -59.99999999999999, -135.0, 119.99999999999999, -45.0, 160.0, 180.0, -75.0, 75.0, -59.99999999999999, 59.99999999999999, -90.0, -75.0, 180.0, 59.99999999999999]",0.0025419415364926726,182.9850770161031,-115.2751399470925,-76.85009329806167,16.010326905033523,0.0,64.64036054524317,-15.807538799549226,0.0,-4.935118505522111,0.5883034516246725,0.5883034516246725,0.0,0.0,0.9260666355490492,0.40587042613651647,1.0,39.639883512819104,14.205464914778076,57.96021524959819,128.2088126073771,5.477452532131112,4.470288333250228,2.516612299655968,5.508595556037851,4.848916770784997,False
44,130.145552317746,10,"[-90.0, -45.0, -59.99999999999999, 180.0, 90.0, 45.0, -59.99999999999999, 180.0, 75.0, 59.99999999999999, 59.99999999999999, 45.0, 59.99999999999999, -59.99999999999999, -165.0, 165.0, 180.0, 29.999999999999996, 14.999999999999998, 59.99999999999999, -135.0, 135.0, -59.99999999999999, 115.0, 59.99999999999999, -45.0, 145.0, 180.0, -59.99999999999999, -150.0, 105.00000000000001, -59.99999999999999, 59.99999999999999]",35.32798822734148,164.5203126856005,-100.06716224994352,-66.71144149996235,14.29010446465118,0.0,30.110212630644046,-9.808467966411198,0.0,-4.815738925761181,0.5883034516246725,0.5883034516246725,0.0,0.0,0.9335271463896563,0.5784792154792309,1.0,37.7708805107647,20.24677254177308,60.340056094668775,130.145552317746,8.158119193239516,4.704299416068516,4.2797051252101195,5.508595556037851,4.848916770784997,False
45,130.97343098874225,10,"[-90.0, -45.0, -59.99999999999999, 180.0, 90.0, 45.0, -59.99999999999999, 180.0, 45.0, 59.99999999999999, 180.0, -135.0, 150.0, -59.99999999999999, 45.0, 45.0, 180.0, 59.99999999999999, 59.99999999999999, -59.99999999999999, -135.0, 135.0, -45.0, 160.0, 180.0, -75.0, 105.00000000000001, 180.0, -59.99999999999999, -105.00000000000001, 105.00000000000001, 59.99999999999999, -59.99999999999999]",1.2214335341329488,203.17717749604748,-115.2751399470925,-76.85009329806167,19.96825165583334,0.0,41.6612268579258,-15.80753879954923,0.0,-4.560283260180276,0.5883034516246725,0.5883034516246725,0.0,0.0,0.9179082111127082,0.4089470446718285,1.0,38.35877368799072,14.313146563513998,58.4001998121939,130.97343098874225,5.005746313289835,4.410689234614565,2.6767563574151403,5.508595556037851,4.848916770784997,False
46,131.3706760619372,10,"[-90.0, -45.0, -59.99999999999999, 180.0, 90.0, 45.0, -59.99999999999999, 180.0, 45.0, 59.99999999999999, 180.0, -135.0, 150.0, -59.99999999999999, 45.0, 45.0, 180.0, 59.99999999999999, 59.99999999999999, -59.99999999999999, -119.99999999999999, 135.0, -45.0, 160.0, 180.0, -75.0, 115.0, 180.0, -59.99999999999999, -59.99999999999999, -14.999999999999998, -59.99999999999999, -59.99999999999999]",2.0844060028094678,213.02472969811666,-115.2751399470925,-76.85009329806167,16.76042063150915,0.0,37.549720484172006,-15.80753879954923,0.0,-7.5542254596530345,0.5883034516246725,0.5883034516246725,0.0,0.0,0.9139294021421751,0.39877606267560717,1.0,37.33310180127115,13.957162193646251,55.664198998036944,131.3706760619372,6.1456633802236995,4.560853642489402,2.7491641293206386,5.508595556037851,4.848916770784997,False
47,132.0836488341362,10,"[-90.0, -45.0, -59.99999999999999, 180.0, 90.0, 45.0, -59.99999999999999, 180.0, 45.0, 59.99999999999999, 180.0, -135.0, 150.0, -59.99999999999999, 45.0, 45.0, 180.0, 59.99999999999999, 59.99999999999999, -59.99999999999999, -119.99999999999999, 135.0, -45.0, 160.0, 180.0, -75.0, 105.00000000000001, 180.0, -59.99999999999999, -90.0, -75.0, 180.0, 59.99999999999999]",1.2148180698782858,173.56188313213488,-115.2751399470925,-76.85009329806167,17.00269784725358,0.0,77.8946865985882,-16.207515429333196,0.0,-6.6960848889177464,0.5883034516246725,0.5883034516246725,0.0,0.0,0.9298739866132788,0.4172686291976262,1.0,39.44844375362037,14.604402021916917,57.17801552052626,132.0836488341362,5.992913393990929,4.545731957504525,2.7242962245550593,5.508595556037851,4.848916770784997,False
48,132.65477166313667,10,"[-90.0, -45.0, -59.99999999999999, 180.0, 90.0, 45.0, -59.99999999999999, 180.0, 45.0, 59.99999999999999, 180.0, -135.0, 150.0, -59.99999999999999, 45.0, 45.0, 180.0, 59.99999999999999, 59.99999999999999, -59.99999999999999, -135.0, 119.99999999999999, -59.99999999999999, 115.0, 59.99999999999999, 90.0, 29.999999999999996, 59.99999999999999, 59.99999999999999, -45.0, -45.0, -59.99999999999999, 180.0]",12.8056382184311,69.28770314631556,-181.53066648073386,-121.02044432048923,21.310433199471007,0.0,231.32580120335507,-12.408026753196237,0.0,-8.724414322130682,0.5883034516246725,0.5883034516246725,0.0,0.0,0.9720049684257311,0.6135342624283457,1.0,45.051033960967246,21.4736991849921,67.86619809919112,132.65477166313667,3.8996476501450625,3.991096493931911,3.132586800719945,5.508595556037851,4.848916770784997,False
49,133.17557495050363,10,"[-90.0, -45.0, -59.99999999999999, 180.0, 90.0, 45.0, -59.99999999999999, 180.0, 45.0, 59.99999999999999, 180.0, -135.0, 150.0, -59.99999999999999, 45.0, 45.0, 180.0, 59.99999999999999, 59.99999999999999, -59.99999999999999, -135.0, 135.0, -45.0, 160.0, 180.0, -59.99999999999999, 115.0, -59.99999999999999, -59.99999999999999, -59.99999999999999, -14.999999999999998, -59.99999999999999, -59.99999999999999]",6.2182327169870435,127.33981295084763,-115.2751399470925,-76.85009329806167,19.08878542981605,0.0,118.47667929984905,-15.407562169765262,0.0,-7.85353678176306,0.5883034516246725,0.5883034516246725,0.0,0.0,0.9485495705249101,0.44003528175630374,1.0,42.480466450744416,15.40123486147063,62.794616697643775,133.17557495050363,4.384810983107613,4.343289958095234,2.711587682789818,5.508595556037851,4.848916770784997,False
50,133.59521006262,10,"[-90.0, -45.0, -59.99999999999999, 180.0, 90.0, 45.0, -59.99999999999999, 180.0, 45.0, 59.99999999999999, 180.0, -135.0, 150.0, -59.99999999999999, 45.0, 45.0, 180.0, 59.99999999999999, 59.99999999999999, -59.99999999999999, -105.00000000000001, 175.0, -59.99999999999999, 90.0, 180.0, -45.0, 145.0, 180.0, -59.99999999999999, -150.0, 105.00000000000001, -59.99999999999999, 59.99999999999999]",61.70575290188599,156.55437676729775,-115.2751399470925,-76.85009329806167,16.622605785942863,0.0,32.5737001489646,-15.807538799549228,0.0,-3.366850246454173,0.5883034516246725,0.5883034516246725,0.0,0.0,0.9367457063566473,0.4029835338240623,1.0,37.28669719729731,14.104423683842182,55.58189165560296,133.59521006262,9.012997378361845,4.582194166694072,3.38081631535604,5.508595556037851,4.848916770784997,False
51,134.74803122890438,10,"[-90.0, -45.0, -59.99999999999999, 180.0, 90.0, 45.0, -59.99999999999999, 180.0, 45.0, 59.99999999999999, 180.0, -135.0, 150.0, -59.99999999999999, 45.0, 45.0, 180.0, 59.99999999999999, 59.99999999999999, -59.99999999999999, -135.0, 119.99999999999999, -45.0, 160.0, 180.0, -90.0, 105.00000000000001, -59.99999999999999, -59.99999999999999, -90.0, -75.0, 180.0, 59.99999999999999]",3.6699653204009857,178.43100005526043,-115.2751399470925,-76.85009329806167,20.475085276506555,0.0,68.9827665405045,-15.807538799549228,0.0,-6.316410668751019,0.5883034516246725,0.5883034516246725,0.0,0.0,0.9279066666443392,0.39897617333354146,1.0,37.39925958268784,13.96416606667395,56.34136578827499,134.74803122890438,6.3567339517494315,4.5734460368672085,2.597634946257271,5.508595556037851,4.848916770784997,False
52,135.1280633196277,10,"[-90.0, -45.0, -59.99999999999999, 180.0, 90.0, 45.0, -59.99999999999999, 180.0, 45.0, 59.99999999999999, 180.0, -135.0, 150.0, -59.99999999999999, 45.0, 45.0, 180.0, 29.999999999999996, 14.999999999999998, 59.99999999999999, -90.0, 130.0, -45.0, 160.0, 180.0, -45.0, 145.0, 180.0, -59.99999999999999, -90.0, -75.0, 180.0, 59.99999999999999]",17.058596615730973,190.18634563003792,-115.2751399470925,-76.85009329806167,14.880949512662824,0.0,47.17611226128551,-13.207980012764187,0.0,-6.279124191857545,0.5883034516246725,0.5883034516246725,0.0,0.0,0.9231570320686715,0.40280388478076795,1.0,39.788424358772915,14.09813596732688,61.572928492410426,135.1280633196277,3.6529159945616456,4.5231462308836,2.40776348972888,5.508595556037851,4.848916770784997,False
53,135.74896826822288,10,"[-90.0, -45.0, -59.99999999999999, 180.0, 90.0, 45.0, -59.99999999999999, 180.0, 45.0, 59.99999999999999, 180.0, -135.0, 150.0, -59.99999999999999, 45.0, 45.0, 180.0, 59.99999999999999, 59.99999999999999, -59.99999999999999, -135.0, 119.99999999999999, -59.99999999999999, 115.0, 59.99999999999999, 90.0, 29.999999999999996, 59.99999999999999, 59.99999999999999, -45.0, 115.0, 59.99999999999999, 180.0]",12.8056382184311,69.28770314631556,-181.53066648073386,-121.02044432048923,21.310433199471007,0.0,231.32580120335507,-12.408026753196237,0.0,-5.630217717044481,0.5883034516246725,0.5883034516246725,0.0,0.0,0.9720049684257311,0.6135342624283457,1.0,45.051033960967246,21.4736991849921,67.86619809919112,135.74896826822288,3.8996476501450625,3.991096493931911,3.132586800719945,5.508595556037851,4.848916770784997,False
54,135.7894916727238,10,"[-90.0, -45.0, -59.99999999999999, 180.0, 90.0, 45.0, -59.99999999999999, 180.0, 45.0, 59.99999999999999, 180.0, -135.0, 150.0, -59.99999999999999, 45.0, 45.0, 180.0, 59.99999999999999, 59.99999999999999, -59.99999999999999, -135.0, 119.99999999999999, -59.99999999999999, 115.0, 59.99999999999999, 90.0, 29.999999999999996, 59.99999999999999, 59.99999999999999, -45.0, 90.0, 180.0, 180.0]",12.8056382184311,69.28770314631556,-181.53066648073386,-121.02044432048923,21.310433199471007,0.0,231.32580120335507,-12.808003382980205,0.0,-5.189717682759552,0.5883034516246725,0.5883034516246725,0.0,0.0,0.9720049684257311,0.6135342624283457,1.0,45.051033960967246,21.4736991849921,67.86619809919112,135.7894916727238,3.8996476501450625,3.991096493931911,3.132586800719945,5.508595556037851,4.848916770784997,False
55,136.99368720582234,10,"[-90.0, -45.0, -59.99999999999999, 180.0, 90.0, 45.0, -59.99999999999999, 180.0, 45.0, 59.99999999999999, 180.0, -135.0, 150.0, -59.99999999999999, 45.0, 45.0, 180.0, 29.999999999999996, 14.999999999999998, 59.99999999999999, -90.0, 130.0, 59.99999999999999, 45.0, 180.0, -45.0, 145.0, 180.0, -59.99999999999999, -150.0, 105.00000000000001, -59.99999999999999, 59.99999999999999]",35.486137061193716,169.05081926125916,-134.4562315666949,-89.63748771112992,17.193165806139614,0.0,66.87773192157483,-12.80800338298022,0.0,-4.938235346294562,0.5883034516246725,0.5883034516246725,0.0,0.0,0.9316966386823196,0.3905854864324387,1.0,39.187835216975486,13.670492025135355,55.24061987693449,136.99368720582234,8.164062201270598,4.49511858043095,3.6459037395307656,5.508595556037851,4.848916770784997,False
56,137.2672913452513,10,"[-90.0, -45.0, -59.99999999999999, 180.0, 90.0, 45.0, -59.99999999999999, 180.0, 45.0, 59.99999999999999, 180.0, -135.0, 150.0, -59.99999999999999, 45.0, 45.0, 180.0, 59.99999999999999, 59.99999999999999, -59.99999999999999, -119.99999999999999, 135.0, -45.0, 160.0, 180.0, -59.99999999999999, 115.0, -59.99999999999999, -59.99999999999999, -105.00000000000001, 105.00000000000001, 59.99999999999999, -59.99999999999999]",0.02082388774955465,221.41824567674374,-115.2751399470925,-76.85009329806167,16.87409380471994,0.0,34.0685241543562,-15.407562169765262,0.0,-5.019997513085022,0.5883034516246725,0.5883034516246725,0.0,0.0,0.910538082554851,0.39877617736021337,1.0,38.550450134652145,13.957166207607468,59.919328947958874,137.2672913452513,5.435464912257665,4.476252607718327,2.7625670351793405,5.508595556037851,4.848916770784997,False
57,137.61810551491484,10,"[-90.0, -45.0, -59.99999999999999, 180.0, 90.0, 45.0, -59.99999999999999, 180.0, 45.0, 59.99999999999999, 180.0, -135.0, 150.0, -59.99999999999999, 45.0, 45.0, 180.0, 59.99999999999999, 59.99999999999999, -59.99999999999999, -135.0, 135.0, -45.0, 160.0, 180.0, -59.99999999999999, 115.0, -59.99999999999999, -59.99999999999999, -150.0, 105.00000000000001, -59.99999999999999, 59.99999999999999]",6.2182327169870435,128.85119745826006,-115.2751399470925,-76.85009329806167,19.36440549018867,0.0,119.47417479258068,-15.40756216976526,0.0,-6.195506277868519,0.5883034516246725,0.5883034516246725,0.0,0.0,0.9479389101178748,0.42540073658823324,1.0,43.481252967554234,14.889025780588163,62.97297527931757,137.61810551491484,4.384810983107613,4.343289958095234,2.711587682789818,5.508595556037851,4.848916770784997,False
58,137.90891730123826,10,"[-90.0, -45.0, -59.99999999999999, 180.0, 90.0, 45.0, -59.99999999999999, 180.0, 45.0, 59.99999999999999, 180.0, -135.0, 150.0, -59.99999999999999, 45.0, 45.0, 180.0, 29.999999999999996, 14.999999999999998, 59.99999999999999, -75.0, 145.0, -45.0, 160.0, 180.0, -75.0, 115.0, 180.0, -59.99999999999999, -90.0, -75.0, 180.0, 59.99999999999999]",11.990469770710725,193.2447518749669,-115.2751399470925,-76.85009329806167,14.915155391535773,0.0,50.670806995031384,-13.207980012764187,0.0,-5.017450222774534,0.5883034516246725,0.5883034516246725,0.0,0.0,0.9219213123737507,0.38756011303034826,1.0,39.58081083225355,13.56460395606219,61.191791515866846,137.90891730123826,3.9514219573614815,4.6023455675291425,2.488005362739883,5.508595556037851,4.848916770784997,False
59,138.05182648092133,10,"[-90.0, -45.0, -59.99999999999999, 180.0, 90.0, 45.0, -59.99999999999999, 180.0, 45.0, 59.99999999999999, 180.0, -135.0, 150.0, -59.99999999999999, 45.0, 45.0, 180.0, 29.999999999999996, 14.999999999999998, 59.99999999999999, -90.0, 130.0, -45.0, 160.0, 180.0, -75.0, 115.0, 180.0, -59.99999999999999, -150.0, 105.00000000000001, -59.99999999999999, 59.99999999999999]",3.2328124951299033,211.45004095078264,-115.2751399470925,-76.85009329806167,15.450263408616618,0.0,42.78450328351337,-12.80800338298022,-3.054974221429614,-4.3159795572435575,0.5883034516246725,0.5883034516246725,0.0,0.0,0.9145656400198858,0.38374334267206844,1.0,39.20119500686505,13.431016993522395,60.48482244291995,138.05182648092133,4.695908898801895,4.618447726181618,2.4364805007606516,5.508595556037851,4.848916770784997,False
60,139.01339298841646,10,"[-90.0, -45.0, -59.99999999999999, 180.0, 90.0, 45.0, -59.99999999999999, 180.0, 45.0, 59.99999999999999, 180.0, -135.0, 150.0, -59.99999999999999, 45.0, 45.0, 180.0, 59.99999999999999, 59.99999999999999, -59.99999999999999, -119.99999999999999, 135.0, -45.0, 160.0, 180.0, -90.0, 105.00000000000001, -59.99999999999999, -59.99999999999999, -150.0, 105.00000000000001, -59.99999999999999, 59.99999999999999]",8.789873530011079,228.49647113039194,-115.2751399470925,-76.85009329806167,17.07517857599811,0.0,19.959798762134735,-15.40756216976526,0.0,-5.2135303448863155,0.5883034516246725,0.5883034516246725,0.0,0.0,0.9076781934826699,0.38739699272213635,1.0,35.201534542810734,13.558894745274772,52.83835884745994,139.01339298841646,6.825886385027848,4.6344759889892115,2.74661053010197,5.508595556037851,4.848916770784997,False
61,139.1881167119128,10,"[-90.0, -45.0, -59.99999999999999, 180.0, 90.0, 45.0, -59.99999999999999, 180.0, 45.0, 59.99999999999999, 180.0, -135.0, 150.0, -59.99999999999999, 45.0, 45.0, 180.0, 59.99999999999999, 59.99999999999999, -59.99999999999999, -135.0, 135.0, -90.0, 160.0, 180.0, -45.0, 145.0, 180.0, -59.99999999999999, -150.0, 105.00000000000001, -59.99999999999999, 59.99999999999999]",0.6003446414641908,202.05830822924702,-115.2751399470925,-76.85009329806167,17.486049462406736,0.0,57.033637499485316,-15.807538799549228,0.0,-7.495847825673409,0.5883034516246725,0.5883034516246725,0.0,0.0,0.9183602795033344,0.3868044677576079,1.0,36.757363756328665,13.538156371516276,53.83777335248789,139.1881167119128,5.846509636652198,4.668405133036536,2.376701971869677,5.508595556037851,4.848916770784997,False
62,140.67433373215715,10,"[-90.0, -45.0, -59.99999999999999, 180.0, 90.0, 45.0, -59.99999999999999, 180.0, 45.0, 59.99999999999999, 180.0, -135.0, 150.0, -59.99999999999999, 45.0, 45.0, 180.0, 59.99999999999999, 59.99999999999999, -59.99999999999999, -135.0, 135.0, -59.99999999999999, 90.0, 180.0, 90.0, 29.999999999999996, 59.99999999999999, 59.99999999999999, 59.99999999999999, 29.999999999999996, -59.99999999999999, -59.99999999999999]",26.772765752731793,56.43063219791894,-190.41986146145007,-126.94657430763337,13.923379167620503,0.0,259.1563803070274,-15.40756216976526,-4.779309390150182,-5.590394123400652,0.5883034516246725,0.5883034516246725,0.0,0.0,0.9771997445664973,0.645882373240841,1.0,48.023685542275075,22.605883063429435,70.72835778649592,140.67433373215715,3.1860092587595865,3.8735000720466757,3.1425486291432176,5.508595556037851,4.848916770784997,False
63,140.7184821375089,10,"[-90.0, -45.0, -59.99999999999999, 180.0, 90.0, 45.0, -59.99999999999999, 180.0, 45.0, 59.99999999999999, 180.0, -135.0, 150.0, -59.99999999999999, 45.0, 45.0, 180.0, 59.99999999999999, 59.99999999999999, -59.99999999999999, -135.0, 135.0, -45.0, 160.0, 180.0, -75.0, 105.00000000000001, 180.0, -59.99999999999999, 59.99999999999999, 29.999999999999996, -59.99999999999999, -59.99999999999999]",1.2214335341329488,215.73282282461417,-115.2751399470925,-76.85009329806167,19.764719207331172,0.0,40.26581501032135,-15.80753879954923,0.0,-5.771933143873683,0.5883034516246725,0.5883034516246725,0.0,0.0,0.912835223101166,0.4252777247606316,1.0,37.481122889975076,14.884720366622105,57.16864308904091,140.7184821375089,5.005746313289835,4.410689234614565,2.6767563574151403,5.508595556037851,4.848916770784997,False
64,140.91570412254103,10,"[-90.0, -45.0, -59.99999999999999, 180.0, 90.0, 45.0, -59.99999999999999, 180.0, 45.0, 59.99999999999999, 180.0, -135.0, 150.0, -59.99999999999999, 45.0, 45.0, 180.0, 59.99999999999999, 59.99999999999999, -59.99999999999999, -119.99999999999999, 135.0, -45.0, 160.0, 180.0, -75.0, 105.00000000000001, 180.0, -59.99999999999999, -59.99999999999999, -14.999999999999998, -59.99999999999999, -59.99999999999999]",1.2148180698782858,223.62281017193698,-115.2751399470925,-76.85009329806167,16.789807623902725,0.0,36.80097872120279,-15.80753879954923,0.0,-7.0183351693627145,0.5883034516246725,0.5883034516246725,0.0,0.0,0.9096473494254801,0.39442801749377204,1.0,37.18204853563178,13.804980612282021,56.34988865778354,140.91570412254103,5.992913393990929,4.545731957504525,2.7242962245550593,5.508595556037851,4.848916770784997,False
65,141.72597762366286,10,"[-90.0, -45.0, -59.99999999999999, 180.0, 90.0, 45.0, -59.99999999999999, 180.0, 45.0, 59.99999999999999, 180.0, -135.0, 150.0, -59.99999999999999, 45.0, 45.0, 180.0, 59.99999999999999, 59.99999999999999, -59.99999999999999, -135.0, 119.99999999999999, -59.99999999999999, 115.0, 59.99999999999999, 90.0, 29.999999999999996, 59.99999999999999, 59.99999999999999, 59.99999999999999, 29.999999999999996, -59.99999999999999, -59.99999999999999]",12.8056382184311,78.26221214863057,-174.4052970288848,-116.27019801925654,18.17658701357781,0.0,224.70059141764756,-12.408026753196237,0.0,-5.994030844167843,0.5883034516246725,0.5883034516246725,0.0,0.0,0.9683789041823714,0.6383139221370421,1.0,44.28878534395941,22.340987274796472,66.8693377021547,141.72597762366286,3.8996476501450625,3.991096493931911,3.132586800719945,5.508595556037851,4.848916770784997,False
66,141.92889365382106,10,"[-90.0, -45.0, -59.99999999999999, 180.0, 90.0, 45.0, -59.99999999999999, 180.0, 45.0, 59.99999999999999, 180.0, -135.0, 150.0, -59.99999999999999, 45.0, 45.0, 180.0, 29.999999999999996, 14.999999999999998, 59.99999999999999, -90.0, 130.0, -45.0, 160.0, 180.0, -75.0, 105.00000000000001, 180.0, -59.99999999999999, -150.0, 105.00000000000001, -59.99999999999999, 59.99999999999999]",2.8458617584304196,216.3604897236332,-115.2751399470925,-76.85009329806167,15.448570421830512,0.0,41.603875116757784,-12.80800338298022,-3.054974221429614,-3.7800892669532375,0.5883034516246725,0.5883034516246725,0.0,0.0,0.9125816203136835,0.38371202388618914,1.0,38.96939026254769,13.42992083601662,60.16955394968347,141.92889365382106,4.745564879074361,4.610001569820352,2.440876288568856,5.508595556037851,4.848916770784997,False
67,142.72746734600193,10,"[-90.0, -45.0, -59.99999999999999, 180.0, 90.0, 45.0, -59.99999999999999, 180.0, 45.0, 59.99999999999999, 180.0, -135.0, 150.0, -59.99999999999999, 45.0, 45.0, 180.0, 59.99999999999999, 59.99999999999999, -59.99999999999999, -135.0, 119.99999999999999, -59.99999999999999, 90.0, 180.0, 90.0, 29.999999999999996, 59.99999999999999, 59.99999999999999, -105.00000000000001, 105.00000000000001, 59.99999999999999, -59.99999999999999]",54.04700305788523,109.85533369844234,-253.09493875619216,-168.72995917079479,26.62294941974291,0.0,224.0744793046388,-15.40756216976526,0.0,-3.958100660374575,0.5883034516246725,0.5883034516246725,0.0,0.0,0.955614006586488,0.471559063193102,1.0,46.14366282448223,16.50456721175857,68.23802272175874,142.72746734600193,2.212234708563118,3.9260575233484407,2.909390527948877,5.508595556037851,4.848916770784997,False
68,143.15157669563726,10,"[-90.0, -45.0, -59.99999999999999, 180.0, 90.0, 45.0, -59.99999999999999, 180.0, 45.0, 59.99999999999999, 180.0, -135.0, 150.0, -59.99999999999999, 45.0, 45.0, 180.0, 59.99999999999999, 59.99999999999999, -59.99999999999999, -135.0, 119.99999999999999, -59.99999999999999, 115.0, 59.99999999999999, -45.0, 145.0, 180.0, -59.99999999999999, -150.0, 105.00000000000001, -59.99999999999999, 59.99999999999999]",2.8652207665272567,167.74148937006427,-115.2751399470925,-76.85009329806167,22.19186984791089,0.0,83.57189662498159,-12.808003382980207,0.0,-5.724060035398696,0.5883034516246725,0.5883034516246725,0.0,0.0,0.9322256608605801,0.410512911280849,1.0,38.73430710050557,14.367951894829714,57.44052296074445,143.15157669563726,6.256996798741878,4.524733890550285,2.603737449495922,5.508595556037851,4.848916770784997,False
69,143.37965930735677,10,"[-90.0, -45.0, -59.99999999999999, 180.0, 90.0, 45.0, -59.99999999999999, 180.0, 45.0, 59.99999999999999, 180.0, -135.0, 150.0, -59.99999999999999, 45.0, 45.0, 180.0, 59.99999999999999, 59.99999999999999, -59.99999999999999, -135.0, 119.99999999999999, -45.0, 160.0, 180.0, -75.0, 115.0, 180.0, -59.99999999999999, -59.99999999999999, -14.999999999999998, -59.99999999999999, -59.99999999999999]",0.022885379022547996,208.08085761692922,-115.2751399470925,-76.85009329806167,19.5060475882682,0.0,53.58556957822204,-15.80753879954923,0.0,-7.321325560068164,0.5883034516246725,0.5883034516246725,0.0,0.0,0.9159269262153822,0.3976581288475309,1.0,37.40159100497883,13.918034509663581,56.53228326543193,143.37965930735677,5.567654089340627,4.5047032375299425,2.570248788819294,5.508595556037851,4.848916770784997,False
70,143.5418996179528,10,"[-90.0, -45.0, -59.99999999999999, 180.0, 90.0, 45.0, -59.99999999999999, 180.0, 45.0, 59.99999999999999, 180.0, -135.0, 150.0, -59.99999999999999, 45.0, 45.0, 180.0, 59.99999999999999, 59.99999999999999, -59.99999999999999, -135.0, 119.99999999999999, -45.0, 160.0, 180.0, -75.0, 105.00000000000001, 180.0, -59.99999999999999, -59.99999999999999, -14.999999999999998, -59.99999999999999, -59.99999999999999]",0.002656862174502833,211.5910388689964,-115.2751399470925,-76.85009329806167,19.518152518210986,0.0,49.70986193336582,-15.80753879954923,0.0,-6.785435269777846,0.5883034516246725,0.5883034516246725,0.0,0.0,0.9145086711640418,0.39670666785325714,1.0,37.33769341217015,13.884733374864,56.443916785211215,143.5418996179528,5.476948483023875,4.491244118535086,2.552305694713192,5.508595556037851,4.848916770784997,False
71,143.54589262742357,10,"[-90.0, -45.0, -59.99999999999999, 180.0, 90.0, 45.0, -59.99999999999999, 180.0, 45.0, 59.99999999999999, 180.0, -135.0, 150.0, -59.99999999999999, 45.0, 45.0, 180.0, 59.99999999999999, 59.99999999999999, -59.99999999999999, -135.0, 119.99999999999999, -45.0, 160.0, 180.0, -45.0, 145.0, 180.0, -59.99999999999999, -105.00000000000001, 105.00000000000001, 59.99999999999999, -59.99999999999999]",4.124740137280949,145.43057045209434,-115.2751399470925,-76.85009329806167,18.45473651402397,0.0,111.3331152013437,-15.80753879954923,0.0,-5.302894382302341,0.5883034516246725,0.5883034516246725,0.0,0.0,0.9412401735547093,0.4114861704809406,1.0,41.62950705275582,14.402015966832922,61.770441338934916,143.54589262742357,4.59173350416511,4.411959429929279,2.617540398879397,5.508595556037851,4.848916770784997,False
72,144.1949169764486,10,"[-90.0, -45.0, -59.99999999999999, 180.0, 90.0, 45.0, -59.99999999999999, 180.0, 45.0, 59.99999999999999, 180.0, -135.0, 150.0, -59.99999999999999, 45.0, 45.0, 180.0, 59.99999999999999, 59.99999999999999, -59.99999999999999, -135.0, 135.0, -59.99999999999999, 90.0, 180.0, 90.0, 29.999999999999996, 59.99999999999999, 59.99999999999999, -59.99999999999999, -14.999999999999998, -59.99999999999999, -59.99999999999999]",26.772765752731793,78.28874219093647,-261.5995562149101,-174.39970414327337,22.332894865397908,0.0,300.2438689290706,-15.40756216976526,0.0,-7.024539828637483,0.5883034516246725,0.5883034516246725,0.0,0.0,0.9683681849733591,0.5108073185577003,1.0,49.310996124819575,17.878256149519512,71.36218547697864,144.1949169764486,3.1860092587595865,3.8735000720466757,3.1425486291432176,5.508595556037851,4.848916770784997,False
73,144.9219926277254,10,"[-90.0, -45.0, -59.99999999999999, 180.0, 90.0, 45.0, -59.99999999999999, 180.0, 45.0, 59.99999999999999, 180.0, -135.0, 150.0, -59.99999999999999, 45.0, 45.0, 180.0, 59.99999999999999, 59.99999999999999, -59.99999999999999, -135.0, 135.0, -75.0, 150.0, 59.99999999999999, -45.0, 145.0, 180.0, -59.99999999999999, -59.99999999999999, -14.999999999999998, -59.99999999999999, -59.99999999999999]",0.2035910567254501,224.91952681944008,-115.2751399470925,-76.85009329806167,18.451433355345202,0.0,37.51996414430679,-12.808003382980209,0.0,-8.677682869644098,0.5883034516246725,0.5883034516246725,0.0,0.0,0.909123423507297,0.39626931610057026,1.0,36.47075914805907,13.86942606351996,55.06726530185184,144.9219926277254,5.298212459886419,4.549401576568294,2.4701845892812377,5.508595556037851,4.848916770784997,False
74,144.95788225098218,10,"[-90.0, -45.0, -59.99999999999999, 180.0, 90.0, 45.0, -59.99999999999999, 180.0, 45.0, 59.99999999999999, 180.0, -135.0, 150.0, -59.99999999999999, 45.0, 45.0, 180.0, 59.99999999999999, 59.99999999999999, -59.99999999999999, -119.99999999999999, 135.0, -45.0, 160.0, 180.0, -59.99999999999999, 115.0, -59.99999999999999, -59.99999999999999, -150.0, 105.00000000000001, -59.99999999999999, 59.99999999999999]",0.02082388774955465,196.69321752669708,-115.2751399470925,-76.85009329806167,16.77451145033219,0.0,67.57149064955713,-15.40756216976526,0.0,-6.007762598120719,0.5883034516246725,0.5883034516246725,0.0,0.0,0.9205279929185063,0.40268046017859394,1.0,40.854162912438866,14.093816106250788,60.362263397264385,144.95788225098218,5.435464912257665,4.476252607718327,2.7625670351793405,5.508595556037851,4.848916770784997,False
75,146.27006020624287,10,"[-90.0, -45.0, -59.99999999999999, 180.0, 90.0, 45.0, -59.99999999999999, 180.0, 45.0, 59.99999999999999, 180.0, -135.0, 150.0, -59.99999999999999, 45.0, 45.0, 180.0, 59.99999999999999, 59.99999999999999, -59.99999999999999, -135.0, 119.99999999999999, -45.0, 160.0, 180.0, -90.0, 119.99999999999999, 180.0, 59.99999999999999, -150.0, 105.00000000000001, -59.99999999999999, 59.99999999999999]",4.625681384996908,219.67937675946195,-115.2751399470925,-76.85009329806167,16.051563856882908,0.0,42.5474497317327,-15.807538799549226,0.0,-6.139636231814524,0.5883034516246725,0.5883034516246725,0.0,0.0,0.9112406558547628,0.40154331354889944,1.0,37.531561443715084,14.054015974211481,55.917128771499975,146.27006020624287,6.461840047512777,4.590464447499566,2.626302530513703,5.508595556037851,4.848916770784997,False
76,147.01770472223842,10,"[-90.0, -45.0, -59.99999999999999, 180.0, 90.0, 45.0, -59.99999999999999, 180.0, 45.0, 59.99999999999999, 180.0, -135.0, 150.0, -59.99999999999999, 45.0, 45.0, 180.0, 59.99999999999999, 59.99999999999999, -59.99999999999999, -135.0, 119.99999999999999, -45.0, 160.0, 180.0, -90.0, 119.99999999999999, 180.0, 59.99999999999999, -90.0, -75.0, 180.0, 59.99999999999999]",4.625681384996908,212.04327462899434,-115.2751399470925,-76.85009329806167,16.046423902913762,0.0,52.67209318539852,-16.207515429333192,0.0,-7.475416455264098,0.5883034516246725,0.5883034516246725,0.0,0.0,0.9143259496448507,0.4051660160083547,1.0,37.94028865510055,14.180810560292414,56.786603374950104,147.01770472223842,6.461840047512777,4.590464447499566,2.626302530513703,5.508595556037851,4.848916770784997,False
77,147.42661790266376,10,"[-90.0, -45.0, -59.99999999999999, 180.0, 90.0, 45.0, -59.99999999999999, 180.0, 45.0, 59.99999999999999, 180.0, -135.0, 150.0, -59.99999999999999, 45.0, 45.0, 180.0, 29.999999999999996, 14.999999999999998, 59.99999999999999, -75.0, 145.0, -45.0, 160.0, 180.0, -75.0, 115.0, 180.0, -59.99999999999999, -150.0, 105.00000000000001, -59.99999999999999, 59.99999999999999]",11.990469770710725,209.36972751661744,-115.2751399470925,-76.85009329806167,14.89431753536705,0.0,42.34861295774153,-12.80800338298022,0.0,-3.681669999324961,0.5883034516246725,0.5883034516246725,0.0,0.0,0.9154061707003567,0.38233162822484806,1.0,38.74042113602264,13.381606987869683,60.900959865121244,147.42661790266376,3.9514219573614815,4.6023455675291425,2.488005362739883,5.508595556037851,4.848916770784997,False
78,147.65259432714993,10,"[-90.0, -45.0, -59.99999999999999, 180.0, 90.0, 45.0, -59.99999999999999, 180.0, 45.0, 59.99999999999999, 180.0, -135.0, 150.0, -59.99999999999999, 45.0, 45.0, 180.0, 59.99999999999999, 59.99999999999999, -59.99999999999999, -135.0, 119.99999999999999, -75.0, 150.0, 59.99999999999999, -59.99999999999999, 115.0, -59.99999999999999, -59.99999999999999, -150.0, 105.00000000000001, -59.99999999999999, 59.99999999999999]",5.61695359989263,225.23000787851632,-115.2751399470925,-76.85009329806167,18.172208816070903,0.0,31.811499298948803,-12.408026753196237,0.0,-6.083212017614699,0.5883034516246725,0.5883034516246725,0.0,0.0,0.9089979766147408,0.3895060392214783,1.0,35.48954351544286,13.632711372751741,52.683122649459776,147.65259432714993,6.5599012784115915,4.663625190423311,2.4217572119106756,5.508595556037851,4.848916770784997,False
79,147.8710039757065,10,"[-90.0, -45.0, -59.99999999999999, 180.0, 90.0, 45.0, -59.99999999999999, 180.0, 45.0, 59.99999999999999, 180.0, -135.0, 150.0, -59.99999999999999, 45.0, 45.0, 180.0, 59.99999999999999, 59.99999999999999, -59.99999999999999, -119.99999999999999, 135.0, -45.0, 160.0, 180.0, -59.99999999999999, 115.0, -59.99999999999999, -59.99999999999999, -59.99999999999999, -14.999999999999998, -59.99999999999999, -59.99999999999999]",0.02082388774955465,183.76177608234605,-115.2751399470925,-76.85009329806167,16.70173431362539,0.0,85.14686145923385,-15.407562169765262,0.0,-7.665793102015259,0.5883034516246725,0.5883034516246725,0.0,0.0,0.9257528177445067,0.4240397262138927,1.0,40.04938555490201,14.841390417486243,59.54649802753602,147.8710039757065,5.435464912257665,4.476252607718327,2.7625670351793405,5.508595556037851,4.848916770784997,False
80,148.22056626642154,10,"[-90.0, -45.0, -59.99999999999999, 180.0, 90.0, 45.0, -59.99999999999999, 180.0, 45.0, 59.99999999999999, 180.0, -135.0, 150.0, -59.99999999999999, 45.0, 45.0, 180.0, 29.999999999999996, 14.999999999999998, 59.99999999999999, -75.0, 145.0, -45.0, 160.0, 180.0, -90.0, 105.00000000000001, -59.99999999999999, -59.99999999999999, -90.0, -75.0, 180.0, 59.99999999999999]",2.8666956417670315,231.7690995896783,-115.2751399470925,-76.85009329806167,15.083975937182986,0.0,35.85786895639953,-12.80800338298022,-5.527448368255893,-4.3347856119023565,0.5883034516246725,0.5883034516246725,0.0,0.0,0.9063559193577059,0.3827402310877191,1.0,37.8924418917792,13.395908088070168,60.21252943170558,148.22056626642154,4.742808393896627,4.6734287241236,2.515232915748184,5.508595556037851,4.848916770784997,False
81,149.4609558609043,10,"[-90.0, -45.0, -59.99999999999999, 180.0, 90.0, 45.0, -59.99999999999999, 180.0, 45.0, 59.99999999999999, 180.0, -135.0, 150.0, -59.99999999999999, 45.0, 45.0, 180.0, 59.99999999999999, 59.99999999999999, -59.99999999999999, -135.0, 119.99999999999999, -75.0, 150.0, 59.99999999999999, 90.0, 29.999999999999996, 59.99999999999999, 59.99999999999999, 59.99999999999999, 29.999999999999996, -59.99999999999999, -59.99999999999999]",0.4953774441631349,205.5062926184944,-157.87166572905656,-105.24777715270437,14.295349859593095,0.0,105.72430456446781,-12.408026753196237,0.0,-6.868979595186034,0.5883034516246725,0.5883034516246725,0.0,0.0,0.916967154497578,0.4772250195533494,1.0,37.90843313215772,16.70287568436723,59.43695754773804,149.4609558609043,5.185237408778256,4.242954883933991,3.075128456049839,5.508595556037851,4.848916770784997,False
82,149.50924179418018,10,"[-90.0, -45.0, -59.99999999999999, 180.0, 90.0, 45.0, -59.99999999999999, 180.0, 45.0, 59.99999999999999, 180.0, -135.0, 150.0, -59.99999999999999, 45.0, 45.0, 180.0, 29.999999999999996, 14.999999999999998, 59.99999999999999, -90.0, 130.0, -45.0, 160.0, 180.0, -75.0, 105.00000000000001, 180.0, -59.99999999999999, -90.0, -75.0, 180.0, 59.99999999999999]",2.8458617584304196,224.5224506851715,-115.2751399470925,-76.85009329806167,15.423896495668844,0.0,46.61869117221078,-13.207980012764187,-6.890972318666538,-5.115869490402811,0.5883034516246725,0.5883034516246725,0.0,0.0,0.9092838583090216,0.3840149094936156,1.0,39.029917734859836,13.440521832276547,60.92561963679124,149.50924179418018,4.745564879074361,4.610001569820352,2.440876288568856,5.508595556037851,4.848916770784997,False
83,150.1973265526223,10,"[-90.0, -45.0, -59.99999999999999, 180.0, 90.0, 45.0, -59.99999999999999, 180.0, 45.0, 59.99999999999999, 180.0, -135.0, 150.0, -59.99999999999999, 45.0, 45.0, 180.0, 29.999999999999996, 14.999999999999998, 59.99999999999999, -75.0, 145.0, -59.99999999999999, 115.0, 59.99999999999999, -45.0, 145.0, 180.0, -59.99999999999999, -150.0, 105.00000000000001, -59.99999999999999, 59.99999999999999]",4.0483794088281675,221.87530421096648,-115.2751399470925,-76.85009329806167,15.855635617578619,0.0,40.466287563120396,-9.808467966411198,-3.8105408074423344,-3.7424349785500333,0.5883034516246725,0.5883034516246725,0.0,0.0,0.9103534124400136,0.3838551824627662,1.0,39.47166260000134,13.434931386196816,60.629826431499666,150.1973265526223,4.6001800837025035,4.621509036712794,2.523071907490384,5.508595556037851,4.848916770784997,False
84,150.68908872306363,10,"[-90.0, -45.0, -59.99999999999999, 180.0, 90.0, 45.0, -59.99999999999999, 180.0, 45.0, 59.99999999999999, 180.0, -135.0, 150.0, -59.99999999999999, 45.0, 45.0, 180.0, 59.99999999999999, 59.99999999999999, -59.99999999999999, -135.0, 119.99999999999999, -45.0, 160.0, 180.0, -90.0, 105.00000000000001, -59.99999999999999, -59.99999999999999, -150.0, 105.00000000000001, -59.99999999999999, 59.99999999999999]",3.6699653204009857,204.26368013650364,-115.2751399470925,-76.85009329806167,20.468460213474025,0.0,57.36201216321951,-15.40756216976526,0.0,-4.980630445301446,0.5883034516246725,0.5883034516246725,0.0,0.0,0.9174692201468673,0.39747520377788964,1.0,36.403218974570585,13.911632132226137,55.1609825983136,150.68908872306363,6.3567339517494315,4.5734460368672085,2.597634946257271,5.508595556037851,4.848916770784997,False
85,150.92118383534373,10,"[-90.0, -45.0, -59.99999999999999, 180.0, 90.0, 45.0, -59.99999999999999, 180.0, 45.0, 59.99999999999999, 180.0, -135.0, 150.0, -59.99999999999999, 45.0, 45.0, 180.0, 59.99999999999999, 59.99999999999999, -59.99999999999999, -135.0, 135.0, -45.0, 160.0, 180.0, -90.0, 105.00000000000001, -59.99999999999999, -59.99999999999999, -59.99999999999999, -14.999999999999998, -59.99999999999999, -59.99999999999999]",0.6682190025161685,209.76769472530418,-115.2751399470925,-76.85009329806167,20.985872817787637,0.0,56.65310048349749,-15.407562169765262,0.0,-7.059304528528656,0.5883034516246725,0.5883034516246725,0.0,0.0,0.915245375868564,0.4064352984727902,1.0,37.76095756004161,14.225235446547657,57.64240440950363,150.92118383534373,5.865573249162509,4.494470636971433,2.6997317600560278,5.508595556037851,4.848916770784997,False
86,151.27165725872814,10,"[-90.0, -45.0, -59.99999999999999, 180.0, 90.0, 45.0, -59.99999999999999, 180.0, 45.0, 59.99999999999999, 180.0, -135.0, 150.0, -59.99999999999999, 45.0, 45.0, 180.0, 29.999999999999996, 14.999999999999998, 59.99999999999999, -75.0, 145.0, -45.0, 160.0, 180.0, -75.0, 105.00000000000001, 180.0, -59.99999999999999, -90.0, -75.0, 180.0, 59.99999999999999]",11.81315967231205,198.0994690448601,-115.2751399470925,-76.85009329806167,14.918472264578748,0.0,58.81693271769345,-13.207980012764187,0.0,-4.481559932484215,0.5883034516246725,0.5883034516246725,0.0,0.0,0.9199598104869252,0.38471629952006325,1.0,39.57209300507187,13.465070483202213,61.34546143813148,151.27165725872814,3.962914467421409,4.593955879882737,2.483099179767458,5.508595556037851,4.848916770784997,False
87,151.80913969220185,10,"[-90.0, -45.0, -59.99999999999999, 180.0, 90.0, 45.0, -59.99999999999999, 180.0, 45.0, 59.99999999999999, 180.0, -135.0, 150.0, -59.99999999999999, 45.0, 45.0, 180.0, 59.99999999999999, 59.99999999999999, -59.99999999999999, -119.99999999999999, 135.0, -45.0, 160.0, 180.0, -90.0, 119.99999999999999, 180.0, 59.99999999999999, -90.0, -75.0, 180.0, 59.99999999999999]",11.548811685827483,209.3395425400012,-115.2751399470925,-76.85009329806167,15.182506539373597,0.0,54.340947206649574,-16.207515429333192,0.0,-7.708316354848967,0.5883034516246725,0.5883034516246725,0.0,0.0,0.9154183666505045,0.4181133922462407,1.0,37.80540991519186,14.633968728618425,55.76256497164069,151.80913969220185,7.019790228013556,4.654123022288037,2.785912824085922,5.508595556037851,4.848916770784997,False
88,152.14689586491588,10,"[-90.0, -45.0, -59.99999999999999, 180.0, 90.0, 45.0, -59.99999999999999, 180.0, 45.0, 59.99999999999999, 180.0, -135.0, 150.0, -59.99999999999999, 45.0, 45.0, 180.0, 59.99999999999999, 59.99999999999999, -59.99999999999999, -135.0, 135.0, -75.0, 150.0, 59.99999999999999, -75.0, 115.0, 180.0, -59.99999999999999, -150.0, 105.00000000000001, -59.99999999999999, 59.99999999999999]",4.464938944002103,209.1457191267027,-115.2751399470925,-76.85009329806167,19.429391494178233,0.0,52.99397413306603,-12.808003382980207,0.0,-6.392287954585143,0.5883034516246725,0.5883034516246725,0.0,0.0,0.9154966791407261,0.39765741888922285,1.0,36.29040876160489,13.918009661122799,54.34399497525466,152.14689586491588,6.444980311329512,4.637957628106795,2.50933241038732,5.508595556037851,4.848916770784997,False
89,152.92655708558016,10,"[-90.0, -45.0, -59.99999999999999, 180.0, 90.0, 45.0, -59.99999999999999, 180.0, 45.0, 59.99999999999999, 180.0, -135.0, 150.0, -59.99999999999999, 45.0, 45.0, 180.0, 59.99999999999999, 59.99999999999999, -59.99999999999999, -135.0, 135.0, -45.0, 160.0, 180.0, -45.0, 145.0, 180.0, -59.99999999999999, -90.0, -75.0, 180.0, 59.99999999999999]",5.260075584176031,112.81229149157193,-115.2751399470925,-76.85009329806167,18.99309201058299,0.0,154.8025331941705,-16.207515429333196,0.0,-8.047083270120282,0.5883034516246725,0.5883034516246725,0.0,0.0,0.9544192761650213,0.5797567416903308,1.0,42.31386676565953,20.291485959161577,62.91874832658835,152.92655708558016,4.474322118384526,4.334803037975611,2.795067185680404,5.508595556037851,4.848916770784997,False
90,153.40083924299196,10,"[-90.0, -45.0, -59.99999999999999, 180.0, 90.0, 45.0, -59.99999999999999, 180.0, 45.0, 59.99999999999999, 180.0, -135.0, 150.0, -59.99999999999999, 45.0, 45.0, 180.0, 29.999999999999996, 14.999999999999998, 59.99999999999999, -75.0, 145.0, -45.0, 160.0, 180.0, -75.0, 105.00000000000001, 180.0, -59.99999999999999, -150.0, 105.00000000000001, -59.99999999999999, 59.99999999999999]",11.81315967231205,219.9631138233136,-115.2751399470925,-76.85009329806167,14.882975849337917,0.0,37.38220948551107,-12.80800338298022,0.0,-3.1457797090346418,0.5883034516246725,0.5883034516246725,0.0,0.0,0.911126014616843,0.382214752876199,1.0,38.341229658453216,13.377516350666966,60.53474765886826,153.40083924299196,3.962914467421409,4.593955879882737,2.483099179767458,5.508595556037851,4.848916770784997,False
91,155.17968188179842,10,"[-90.0, -45.0, -59.99999999999999, 180.0, 90.0, 45.0, -59.99999999999999, 180.0, 45.0, 59.99999999999999, 180.0, -135.0, 150.0, -59.99999999999999, 45.0, 45.0, 180.0, 29.999999999999996, 14.999999999999998, 59.99999999999999, -90.0, 130.0, -45.0, 160.0, 180.0, -75.0, 115.0, 180.0, -59.99999999999999, -90.0, -75.0, 180.0, 59.99999999999999]",3.2328124951299033,233.87338877080435,-115.2751399470925,-76.85009329806167,15.413391136243073,0.0,43.07802799192991,-13.207980012764187,-6.871362223383665,-5.651759780693131,0.5883034516246725,0.5883034516246725,0.0,0.0,0.9055057015067457,0.3842771043750243,1.0,38.83575644506993,13.449698653125852,60.857250998228935,155.17968188179842,4.695908898801895,4.618447726181618,2.4364805007606516,5.508595556037851,4.848916770784997,False
92,156.34174560849794,10,"[-90.0, -45.0, -59.99999999999999, 180.0, 90.0, 45.0, -59.99999999999999, 180.0, 45.0, 59.99999999999999, 180.0, -135.0, 150.0, -59.99999999999999, 45.0, 45.0, 180.0, 59.99999999999999, 59.99999999999999, -59.99999999999999, -135.0, 135.0, -90.0, 160.0, 180.0, -59.99999999999999, 115.0, -59.99999999999999, -59.99999999999999, -90.0, -75.0, 180.0, 59.99999999999999]",2.3022097890522684,250.06323837375353,-115.2751399470925,-76.85009329806167,17.606505913061937,0.0,25.179998107968064,-15.807538799549228,0.0,-8.315831280320793,0.5883034516246725,0.5883034516246725,0.0,0.0,0.8989643481318167,0.3879069184033428,1.0,34.7179983750005,13.576742144116997,52.56743557071849,156.34174560849794,6.1785587357115475,4.674075327367813,2.37814896173899,5.508595556037851,4.848916770784997,False
93,156.72002509744453,10,"[-90.0, -45.0, -59.99999999999999, 180.0, 90.0, 45.0, -59.99999999999999, 180.0, 45.0, 59.99999999999999, 180.0, -135.0, 150.0, -59.99999999999999, 45.0, 45.0, 180.0, 59.99999999999999, 59.99999999999999, -59.99999999999999, -135.0, 135.0, -75.0, 150.0, 59.99999999999999, -75.0, 75.0, -59.99999999999999, 59.99999999999999, -90.0, -75.0, 180.0, 59.99999999999999]",4.855327147616923,240.0513564977543,-115.2751399470925,-76.85009329806167,17.747370759444852,0.0,27.22492197501007,-12.808003382980203,0.0,-5.664111403933631,0.5883034516246725,0.5883034516246725,0.0,0.0,0.9030095529302001,0.3934029912170803,1.0,36.57185558683775,13.76910469259781,54.573052666426904,156.72002509744453,6.48542652162573,4.602323891726824,2.4848408981414205,5.508595556037851,4.848916770784997,False
94,156.8720924697916,10,"[-90.0, -45.0, -59.99999999999999, 180.0, 90.0, 45.0, -59.99999999999999, 180.0, 45.0, 59.99999999999999, 180.0, -135.0, 150.0, -59.99999999999999, 45.0, 45.0, 180.0, 59.99999999999999, 59.99999999999999, -59.99999999999999, -135.0, 135.0, -45.0, 160.0, 180.0, -75.0, 115.0, 180.0, -59.99999999999999, 59.99999999999999, 29.999999999999996, -59.99999999999999, -59.99999999999999]",0.6428785635466914,233.01633556838362,-115.2751399470925,-76.85009329806167,19.761276202203256,0.0,40.25380086483908,-15.80753879954923,0.0,-6.307823434164003,0.5883034516246725,0.5883034516246725,0.0,0.0,0.9058519856289359,0.419462997306808,1.0,36.986375472354915,14.681204905738282,56.90924187672713,156.8720924697916,5.14142544330455,4.424359901967266,2.699386706666084,5.508595556037851,4.848916770784997,False
95,157.50310422088606,10,"[-90.0, -45.0, -59.99999999999999, 180.0, 90.0, 45.0, -59.99999999999999, 180.0, 45.0, 59.99999999999999, 180.0, -135.0, 150.0, -59.99999999999999, 45.0, 45.0, 180.0, 59.99999999999999, 59.99999999999999, -59.99999999999999, -135.0, 135.0, -45.0, 160.0, 180.0, -59.99999999999999, 115.0, -59.99999999999999, -59.99999999999999, 59.99999999999999, 29.999999999999996, -59.99999999999999, -59.99999999999999]",6.2182327169870435,223.7771230856311,-115.2751399470925,-76.85009329806167,18.913204658237234,0.0,45.10833350179,-15.407562169765262,0.0,-6.419391076526229,0.5883034516246725,0.5883034516246725,0.0,0.0,0.9095850007734824,0.4346865833055838,1.0,37.96458762812363,15.214030415695433,58.147383641468565,157.50310422088606,4.384810983107613,4.343289958095234,2.711587682789818,5.508595556037851,4.848916770784997,False
96,158.76675618018035,10,"[-90.0, -45.0, -59.99999999999999, 180.0, 90.0, 45.0, -59.99999999999999, 180.0, 45.0, 59.99999999999999, 180.0, -135.0, 150.0, -59.99999999999999, 45.0, 45.0, 180.0, 59.99999999999999, 59.99999999999999, -59.99999999999999, -135.0, 119.99999999999999, -45.0, 160.0, 180.0, -45.0, 145.0, 180.0, -59.99999999999999, -150.0, 105.00000000000001, -59.99999999999999, 59.99999999999999]",4.124740137280949,138.67030204255565,-115.2751399470925,-76.85009329806167,18.810747695493244,0.0,139.55383094646513,-15.807538799549228,-5.607829879259545,-6.290659467338038,0.5883034516246725,0.5883034516246725,0.0,0.0,0.9439715951343209,0.4238757586597739,1.0,43.71636296414022,14.835651553092086,62.13452646085149,158.76675618018035,4.59173350416511,4.411959429929279,2.617540398879397,5.508595556037851,4.848916770784997,False
97,159.9136093125725,10,"[-90.0, -45.0, -59.99999999999999, 180.0, 90.0, 45.0, -59.99999999999999, 180.0, 45.0, 59.99999999999999, 180.0, -135.0, 150.0, -59.99999999999999, 45.0, 45.0, 180.0, 59.99999999999999, 59.99999999999999, -59.99999999999999, -105.00000000000001, 175.0, -59.99999999999999, 90.0, 180.0, -45.0, 145.0, 180.0, -59.99999999999999, -90.0, -75.0, 180.0, 59.99999999999999]",61.70575290188599,186.13538858922178,-115.2751399470925,-76.85009329806167,16.634003995225775,0.0,31.03544622094372,-16.207515429333196,0.0,-4.702630469903745,0.5883034516246725,0.5883034516246725,0.0,0.0,0.9247937823881932,0.4444885450836396,1.0,35.54441640798955,15.557099077927386,54.15308117064069,159.9136093125725,9.012997378361845,4.582194166694072,3.38081631535604,5.508595556037851,4.848916770784997,False
98,160.59545403407836,10,"[-90.0, -45.0, -59.99999999999999, 180.0, 90.0, 45.0, -59.99999999999999, 180.0, 45.0, 59.99999999999999, 180.0, -135.0, 150.0, -59.99999999999999, 45.0, 45.0, 180.0, 59.99999999999999, 59.99999999999999, -59.99999999999999, -135.0, 135.0, -75.0, 150.0, 59.99999999999999, -75.0, 105.00000000000001, 180.0, -59.99999999999999, -90.0, -75.0, 180.0, 59.99999999999999]",4.057453041555995,218.51988090014473,-115.2751399470925,-76.85009329806167,19.395917237546357,0.0,53.709197250807684,-13.207980012764175,0.0,-7.192177887744397,0.5883034516246725,0.5883034516246725,0.0,0.0,0.9117091390302445,0.39802262567960106,1.0,36.23928133960418,13.930791898786037,54.757824975774106,160.59545403407836,6.40082773509212,4.625412934509172,2.4965069062240524,5.508595556037851,4.848916770784997,False
99,161.0800080214013,10,"[-90.0, -45.0, -59.99999999999999, 180.0, 90.0, 45.0, -59.99999999999999, 180.0, 45.0, 59.99999999999999, 180.0, -135.0, 150.0, -59.99999999999999, 45.0, 45.0, 180.0, 29.999999999999996, 14.999999999999998, 59.99999999999999, -90.0, 130.0, 59.99999999999999, 45.0, 180.0, -59.99999999999999, 115.0, -59.99999999999999, -59.99999999999999, -90.0, -75.0, 180.0, 59.99999999999999]",36.24731229486623,196.14424313561827,-134.4562315666949,-89.63748771112992,17.09503119031369,0.0,64.02757169959548,-12.80800338298022,0.0,-5.758218800941946,0.5883034516246725,0.5883034516246725,0.0,0.0,0.9207498007532856,0.39075939258741266,1.0,37.371484602295915,13.676578740559442,53.76753776076305,161.0800080214013,8.192482582854204,4.521559615624262,3.5779266479568412,5.508595556037851,4.848916770784997,False
100,161.50314635722,10,"[-90.0, -45.0, -59.99999999999999, 180.0, 90.0, 45.0, -59.99999999999999, 180.0, 45.0, 59.99999999999999, 180.0, -135.0, 150.0, -59.99999999999999, 45.0, 45.0, 180.0, 59.99999999999999, 59.99999999999999, -59.99999999999999, -135.0, 119.99999999999999, -45.0, 160.0, 180.0, -75.0, 115.0, 180.0, -59.99999999999999, -105.00000000000001, 105.00000000000001, 59.99999999999999, -59.99999999999999]",0.022885379022547996,236.30496437484607,-115.2751399470925,-76.85009329806167,19.53812832182571,0.0,40.80707354768067,-15.80753879954923,0.0,-4.675529971137927,0.5883034516246725,0.5883034516246725,0.0,0.0,0.904523246717234,0.39605854196893503,1.0,36.603620348358575,13.862048968912726,55.754055303997326,161.50314635722,5.567654089340627,4.5047032375299425,2.570248788819294,5.508595556037851,4.848916770784997,False
101,161.524582165989,10,"[-90.0, -45.0, -59.99999999999999, 180.0, 90.0, 45.0, -59.99999999999999, 180.0, 45.0, 59.99999999999999, 180.0, -135.0, 150.0, -59.99999999999999, 45.0, 45.0, 180.0, 29.999999999999996, 14.999999999999998, 59.99999999999999, -105.00000000000001, 175.0, -45.0, 160.0, 180.0, -75.0, 115.0, 180.0, -59.99999999999999, -90.0, -75.0, 180.0, 59.99999999999999]",41.02690271064441,103.70526039853942,-135.93848554111258,-90.6256570274084,15.472940318951279,0.0,162.8682009656436,-13.207980012764187,-7.519364427282342,-5.471195698255328,0.5883034516246725,0.5883034516246725,0.0,0.0,0.9580988846874587,0.4410492420040251,1.0,47.652190550722345,15.43672347014088,67.4743002264974,161.524582165989,2.6354964580002904,4.2675935306364075,2.5600296685773114,5.508595556037851,4.848916770784997,False
102,162.1376670913468,10,"[-90.0, -45.0, -59.99999999999999, 180.0, 90.0, 45.0, -59.99999999999999, 180.0, 45.0, 59.99999999999999, 180.0, -135.0, 150.0, -59.99999999999999, 45.0, 45.0, 180.0, 59.99999999999999, 59.99999999999999, -59.99999999999999, -135.0, 135.0, -59.99999999999999, 90.0, 180.0, 90.0, 29.999999999999996, 59.99999999999999, 59.99999999999999, -90.0, -75.0, 180.0, 59.99999999999999]",26.772765752731793,79.1858119598367,-241.31005953179005,-160.87337302119337,17.06181378302476,0.0,302.3488600236607,-15.807538799549226,0.0,-6.702289548192516,0.5883034516246725,0.5883034516246725,0.0,0.0,0.96800573254148,0.5083426091232109,1.0,49.298670735169864,17.791991319312384,71.37000650830353,162.1376670913468,3.1860092587595865,3.8735000720466757,3.1425486291432176,5.508595556037851,4.848916770784997,False
103,162.29300859345832,10,"[-90.0, -45.0, -59.99999999999999, 180.0, 90.0, 45.0, -59.99999999999999, 180.0, 45.0, 59.99999999999999, 180.0, -135.0, 150.0, -59.99999999999999, 45.0, 45.0, 180.0, 59.99999999999999, 59.99999999999999, -59.99999999999999, -119.99999999999999, 135.0, -59.99999999999999, 115.0, 59.99999999999999, -59.99999999999999, 115.0, -59.99999999999999, -59.99999999999999, -90.0, -75.0, 180.0, 59.99999999999999]",13.161698747546469,204.5024021397944,-115.2751399470925,-76.85009329806167,20.32080509718295,0.0,58.579885877013474,-12.808003382980205,0.0,-6.77694338963095,0.5883034516246725,0.5883034516246725,0.0,0.0,0.9173727668122043,0.3952310308208943,1.0,36.43956246823503,13.8330860787313,55.233043764186625,162.29300859345832,7.122448689330203,4.599331798598443,2.7401024312736104,5.508595556037851,4.848916770784997,False
104,162.72334767764414,10,"[-90.0, -45.0, -59.99999999999999, 180.0, 90.0, 45.0, -59.99999999999999, 180.0, 45.0, 59.99999999999999, 180.0, -135.0, 150.0, -59.99999999999999, 45.0, 45.0, 180.0, 29.999999999999996, 14.999999999999998, 59.99999999999999, -105.00000000000001, 175.0, -45.0, 160.0, 180.0, -45.0, 145.0, 180.0, -59.99999999999999, -90.0, -75.0, 180.0, 59.99999999999999]",45.28002138388,57.849965565332894,-133.20234984274268,-88.80156656182845,14.561024526391964,0.0,198.87060728036892,-13.207980012764187,-1.917684565027717,-6.098560109419743,0.5883034516246725,0.5883034516246725,0.0,0.0,0.9766262765392594,0.5853712378623346,1.0,49.71974090873108,20.48799332518171,67.43374247998698,162.72334767764414,2.490680429602732,4.179527271055277,2.661663421382975,5.508595556037851,4.848916770784997,False
105,163.2573086754017,10,"[-90.0, -45.0, -59.99999999999999, 180.0, 90.0, 45.0, -59.99999999999999, 180.0, 45.0, 59.99999999999999, 180.0, -135.0, 150.0, -59.99999999999999, 45.0, 45.0, 180.0, 59.99999999999999, 59.99999999999999, -59.99999999999999, -119.99999999999999, 135.0, -45.0, 160.0, 180.0, -75.0, 115.0, 180.0, -59.99999999999999, -105.00000000000001, 105.00000000000001, 59.99999999999999, -59.99999999999999]",2.0844060028094678,263.873213198439,-115.2751399470925,-76.85009329806167,16.79683295053141,0.0,15.90566168936167,-15.80753879954923,0.0,-4.908429870722795,0.5883034516246725,0.5883034516246725,0.0,0.0,0.893384560323863,0.3905620039255261,1.0,35.93061225054913,13.669670137393414,54.10237884391304,163.2573086754017,6.1456633802236995,4.560853642489402,2.7491641293206386,5.508595556037851,4.848916770784997,False
106,163.5492618712773,10,"[-90.0, -45.0, -59.99999999999999, 180.0, 90.0, 45.0, -59.99999999999999, 180.0, 45.0, 59.99999999999999, 180.0, -135.0, 150.0, -59.99999999999999, 45.0, 45.0, 180.0, 29.999999999999996, 14.999999999999998, 59.99999999999999, -90.0, 130.0, -45.0, 160.0, 180.0, -45.0, 145.0, 180.0, -59.99999999999999, -150.0, 105.00000000000001, -59.99999999999999, 59.99999999999999]",17.058596615730973,183.820559252846,-115.2751399470925,-76.85009329806167,15.006587958753277,0.0,80.10170189080304,-12.80800338298022,0.0,-4.943343968407972,0.5883034516246725,0.5883034516246725,0.0,0.0,0.9257290669685471,0.3850287040300956,1.0,41.984988139704285,13.476004641053345,62.874456833626795,163.5492618712773,3.6529159945616456,4.5231462308836,2.40776348972888,5.508595556037851,4.848916770784997,False
107,164.1633419236343,10,"[-90.0, -45.0, -59.99999999999999, 180.0, 90.0, 45.0, -59.99999999999999, 180.0, 45.0, 59.99999999999999, 180.0, -135.0, 150.0, -59.99999999999999, 45.0, 45.0, 180.0, 59.99999999999999, 59.99999999999999, -59.99999999999999, -119.99999999999999, 135.0, -45.0, 160.0, 180.0, -90.0, 119.99999999999999, 180.0, 59.99999999999999, -150.0, 105.00000000000001, -59.99999999999999, 59.99999999999999]",11.548811685827483,239.22313627018454,-115.2751399470925,-76.85009329806167,15.113993694211985,0.0,35.14431169982675,-15.807538799549226,0.0,-6.372536131399394,0.5883034516246725,0.5883034516246725,0.0,0.0,0.903344187365582,0.3957335490933932,1.0,36.91814911361323,13.850674218268763,54.485231960918796,164.1633419236343,7.019790228013556,4.654123022288037,2.785912824085922,5.508595556037851,4.848916770784997,False
108,164.4352032393484,10,"[-90.0, -45.0, -59.99999999999999, 180.0, 90.0, 45.0, -59.99999999999999, 180.0, 45.0, 59.99999999999999, 180.0, -135.0, 150.0, -59.99999999999999, 45.0, 45.0, 180.0, 59.99999999999999, 59.99999999999999, -59.99999999999999, -135.0, 135.0, -119.99999999999999, 59.99999999999999, 59.99999999999999, 90.0, 29.999999999999996, 59.99999999999999, 59.99999999999999, -150.0, 105.00000000000001, -59.99999999999999, 59.99999999999999]",4.08936497475689,245.8484577373381,-115.2751399470925,-76.85009329806167,17.86359604365523,0.0,25.67048667278613,-12.408026753196236,0.0,-1.9418389405239103,0.5883034516246725,0.5883034516246725,0.0,0.0,0.9006672898030956,0.3832067422835075,1.0,36.17316996510039,13.412235979922762,55.07033882237974,164.4352032393484,4.595636690841906,4.35802634181897,2.2821160144177353,5.508595556037851,4.848916770784997,False
109,164.66069585188845,10,"[-90.0, -45.0, -59.99999999999999, 180.0, 90.0, 45.0, -59.99999999999999, 180.0, 45.0, 59.99999999999999, 180.0, -135.0, 150.0, -59.99999999999999, 45.0, 45.0, 180.0, 59.99999999999999, 59.99999999999999, -59.99999999999999, -135.0, 135.0, -75.0, 150.0, 59.99999999999999, -59.99999999999999, 115.0, -59.99999999999999, -59.99999999999999, -59.99999999999999, -14.999999999999998, -59.99999999999999, -59.99999999999999]",0.08159864469908372,240.73340531342924,-115.2751399470925,-76.85009329806167,18.875115651005938,0.0,40.22732559226016,-12.40802675319624,0.0,-8.16188610084191,0.5883034516246725,0.5883034516246725,0.0,0.0,0.9027339776511397,0.39463108359216736,1.0,36.06140827444075,13.812087925725857,54.7058275574794,164.66069585188845,5.627748694474021,4.562913599264479,2.452900763273037,5.508595556037851,4.848916770784997,False
110,165.7404660005812,10,"[-90.0, -45.0, -59.99999999999999, 180.0, 90.0, 45.0, -59.99999999999999, 180.0, 45.0, 59.99999999999999, 180.0, -135.0, 150.0, -59.99999999999999, 45.0, 45.0, 180.0, 59.99999999999999, 59.99999999999999, -59.99999999999999, -135.0, 135.0, -90.0, 160.0, 180.0, -45.0, 145.0, 180.0, -59.99999999999999, -105.00000000000001, 105.00000000000001, 59.99999999999999, -59.99999999999999]",0.6003446414641908,262.72564141243913,-115.2751399470925,-76.85009329806167,17.308275321558042,0.0,22.108662660774634,-15.80753879954923,0.0,-6.508082740637711,0.5883034516246725,0.5883034516246725,0.0,0.0,0.8938482256919438,0.3858351306598195,1.0,35.011160712247914,13.504229573093683,52.35625990219133,165.7404660005812,5.846509636652198,4.668405133036536,2.376701971869677,5.508595556037851,4.848916770784997,False
111,165.8004733619994,10,"[-90.0, -45.0, -59.99999999999999, 180.0, 90.0, 45.0, -59.99999999999999, 180.0, 45.0, 59.99999999999999, 180.0, -135.0, 150.0, -59.99999999999999, 45.0, 45.0, 180.0, 59.99999999999999, 59.99999999999999, -59.99999999999999, -135.0, 135.0, -75.0, 150.0, 59.99999999999999, 90.0, 29.999999999999996, 59.99999999999999, 59.99999999999999, -90.0, -75.0, 180.0, 59.99999999999999]",0.6550187986356444,153.7002879659876,-115.2751399470925,-76.85009329806167,-0.8108357903435301,0.0,148.15236086547827,-12.808003382980203,0.0,-8.401518599310567,0.5883034516246725,0.5883034516246725,0.0,0.0,0.9378988735490958,0.48488244492251187,1.0,40.66255577545951,16.970885572287916,63.83675215391506,165.8004733619994,5.861944415245116,4.194379481030314,3.2705088131226745,5.508595556037851,4.848916770784997,False
112,165.8127986230339,10,"[-90.0, -45.0, -59.99999999999999, 180.0, 90.0, 45.0, -59.99999999999999, 180.0, 45.0, 59.99999999999999, 180.0, -135.0, 150.0, -59.99999999999999, 45.0, 45.0, 180.0, 59.99999999999999, 59.99999999999999, -59.99999999999999, -135.0, 135.0, -75.0, 150.0, 59.99999999999999, -75.0, 105.00000000000001, 180.0, -59.99999999999999, -150.0, 105.00000000000001, -59.99999999999999, 59.99999999999999]",4.057453041555995,222.3653535974553,-115.2751399470925,-76.85009329806167,19.430466950640508,0.0,53.31076257612497,-12.808003382980207,0.0,-5.856397664294824,0.5883034516246725,0.5883034516246725,0.0,0.0,0.9101554126878969,0.39758821260390476,1.0,36.0007411782232,13.915587441136667,54.236170271073156,165.8127986230339,6.40082773509212,4.625412934509172,2.4965069062240524,5.508595556037851,4.848916770784997,False
113,166.02583119274811,10,"[-90.0, -45.0, -59.99999999999999, 180.0, 90.0, 45.0, -59.99999999999999, 180.0, 45.0, 59.99999999999999, 180.0, -135.0, 150.0, -59.99999999999999, 45.0, 45.0, 180.0, 29.999999999999996, 14.999999999999998, 59.99999999999999, -75.0, 145.0, -45.0, 160.0, 180.0, -90.0, 105.00000000000001, -59.99999999999999, -59.99999999999999, -150.0, 105.00000000000001, -59.99999999999999, 59.99999999999999]",2.8666956417670315,246.68616985726132,-115.2751399470925,-76.85009329806167,15.079957617870665,0.0,33.21667546253684,-12.408026753196252,-1.7297987495708704,-2.999005388452783,0.5883034516246725,0.5883034516246725,0.0,0.0,0.9003288202596924,0.3820638733390251,1.0,37.2311344528369,13.372235566865879,58.951717275178424,166.02583119274811,4.742808393896627,4.6734287241236,2.515232915748184,5.508595556037851,4.848916770784997,False
114,166.13460047839646,10,"[-90.0, -45.0, -59.99999999999999, 180.0, 90.0, 45.0, -59.99999999999999, 180.0, 45.0, 59.99999999999999, 180.0, -135.0, 150.0, -59.99999999999999, 45.0, 45.0, 180.0, 59.99999999999999, 59.99999999999999, -59.99999999999999, -135.0, 135.0, -59.99999999999999, 115.0, 59.99999999999999, -59.99999999999999, 115.0, -59.99999999999999, -59.99999999999999, -90.0, -75.0, 180.0, 59.99999999999999]",2.3686770884696493,162.4755904911568,-115.2751399470925,-76.85009329806167,26.264159941109547,0.0,111.40146617829434,-12.808003382980205,-1.9157662728070823,-6.96468706937875,0.5883034516246725,0.5883034516246725,0.0,0.0,0.9343532967712498,0.4256445201923658,1.0,39.66541877081517,14.897558206732803,59.44169283484848,166.13460047839646,6.188284401751144,4.463067930669317,2.711074362609604,5.508595556037851,4.848916770784997,False
115,166.2932642571858,10,"[-90.0, -45.0, -59.99999999999999, 180.0, 90.0, 45.0, -59.99999999999999, 180.0, 45.0, 59.99999999999999, 180.0, -135.0, 150.0, -59.99999999999999, 45.0, 45.0, 180.0, 59.99999999999999, 59.99999999999999, -59.99999999999999, -135.0, 135.0, -45.0, 160.0, 180.0, -45.0, 145.0, 180.0, -59.99999999999999, -75.0, 175.0, -59.99999999999999, 180.0]",5.260075584176031,222.90966786292068,-115.2751399470925,-76.85009329806167,19.657001139924112,0.0,56.1367213736317,-15.80753879954923,0.0,-7.175826408449703,0.5883034516246725,0.5883034516246725,0.0,0.0,0.9099354877321534,0.48589533106236593,1.0,38.921010447019896,17.00633658718281,59.94874644145849,166.2932642571858,4.474322118384526,4.334803037975611,2.795067185680404,5.508595556037851,4.848916770784997,False
116,166.43960630099826,10,"[-90.0, -45.0, -59.99999999999999, 180.0, 90.0, 45.0, -59.99999999999999, 180.0, 45.0, 59.99999999999999, 180.0, -135.0, 150.0, -59.99999999999999, 45.0, 45.0, 180.0, 59.99999999999999, 59.99999999999999, -59.99999999999999, -135.0, 135.0, -59.99999999999999, 115.0, 59.99999999999999, -59.99999999999999, 115.0, -59.99999999999999, -59.99999999999999, -150.0, 105.00000000000001, -59.99999999999999, 59.99999999999999]",2.3686770884696493,167.17633481898173,-115.2751399470925,-76.85009329806167,26.302517279266958,0.0,105.23161348168021,-12.408026753196237,-1.9157662728070823,-5.628906845929177,0.5883034516246725,0.5883034516246725,0.0,0.0,0.9324540061337447,0.42321904036080404,1.0,39.25066020399343,14.812666412628142,58.74514986051414,166.43960630099826,6.188284401751144,4.463067930669317,2.711074362609604,5.508595556037851,4.848916770784997,False
117,167.07076809745274,10,"[-90.0, -45.0, -59.99999999999999, 180.0, 90.0, 45.0, -59.99999999999999, 180.0, 45.0, 59.99999999999999, 180.0, -135.0, 150.0, -59.99999999999999, 45.0, 45.0, 180.0, 29.999999999999996, 14.999999999999998, 59.99999999999999, -75.0, 145.0, -59.99999999999999, 115.0, 59.99999999999999, -45.0, 145.0, 180.0, -59.99999999999999, -90.0, -75.0, 180.0, 59.99999999999999]",4.0483794088281675,242.62266461288152,-115.2751399470925,-76.85009329806167,15.808684906943517,0.0,38.37507626990444,-10.208444596195166,-3.8105408074423344,-5.0782152019996065,0.5883034516246725,0.5883034516246725,0.0,0.0,0.9019706405604518,0.3864636944583136,1.0,38.90315014145569,13.526229306040975,59.96461067255236,167.07076809745274,4.6001800837025035,4.621509036712794,2.523071907490384,5.508595556037851,4.848916770784997,False
118,167.53555017188015,10,"[-90.0, -45.0, -59.99999999999999, 180.0, 90.0, 45.0, -59.99999999999999, 180.0, 45.0, 59.99999999999999, 180.0, -135.0, 150.0, -59.99999999999999, 45.0, 45.0, 180.0, 59.99999999999999, 59.99999999999999, -59.99999999999999, -135.0, 135.0, -90.0, 160.0, 180.0, 90.0, 29.999999999999996, 59.99999999999999, 59.99999999999999, 59.99999999999999, 29.999999999999996, -59.99999999999999, -59.99999999999999]",0.038304691714552495,250.94533763236913,-153.596996805391,-102.39799787026067,14.883919257903555,0.0,77.85006274786704,-15.40756216976526,0.0,-7.765818634442556,0.5883034516246725,0.5883034516246725,0.0,0.0,0.898607944390962,0.4003980571889168,1.0,36.60450304756078,14.013932001612089,57.91253057333508,167.53555017188015,5.5875267864308436,4.318616151006842,3.0753858344853566,5.508595556037851,4.848916770784997,False
119,167.5446094847526,10,"[-90.0, -45.0, -59.99999999999999, 180.0, 90.0, 45.0, -59.99999999999999, 180.0, 45.0, 59.99999999999999, 180.0, -135.0, 150.0, -59.99999999999999, 45.0, 45.0, 180.0, 29.999999999999996, 14.999999999999998, 59.99999999999999, -90.0, 130.0, 59.99999999999999, 45.0, 180.0, -45.0, 145.0, 180.0, -59.99999999999999, -105.00000000000001, 105.00000000000001, 59.99999999999999, -59.99999999999999]",35.486137061193716,218.1414357816844,-134.4562315666949,-89.63748771112992,17.141690203019774,0.0,47.401748198164015,-12.808003382980221,0.0,-3.950470261258864,0.5883034516246725,0.5883034516246725,0.0,0.0,0.9118620461488144,0.38415364403739966,1.0,37.0690783951715,13.445377541308988,53.533125049948566,167.5446094847526,8.164062201270598,4.49511858043095,3.6459037395307656,5.508595556037851,4.848916770784997,False
120,168.12088904203978,10,"[-90.0, -45.0, -59.99999999999999, 180.0, 90.0, 45.0, -59.99999999999999, 180.0, 45.0, 59.99999999999999, 180.0, -135.0, 150.0, -59.99999999999999, 45.0, 45.0, 180.0, 59.99999999999999, 59.99999999999999, -59.99999999999999, -119.99999999999999, 135.0, -45.0, 160.0, 180.0, -59.99999999999999, 115.0, -59.99999999999999, -59.99999999999999, -90.0, -75.0, 180.0, 59.99999999999999]",0.02082388774955465,172.3512782347029,-115.2751399470925,-76.85009329806167,17.251761022934907,0.0,121.32421671771586,-15.807538799549228,-4.989272704476084,-7.343542821570292,0.5883034516246725,0.5883034516246725,0.0,0.0,0.9303631199051706,0.47845025659239104,1.0,40.872999422195555,16.745758980733687,59.12417023419043,168.12088904203978,5.435464912257665,4.476252607718327,2.7625670351793405,5.508595556037851,4.848916770784997,False
121,168.1573028736817,10,"[-90.0, -45.0, -59.99999999999999, 180.0, 90.0, 45.0, -59.99999999999999, 180.0, 45.0, 59.99999999999999, 180.0, -135.0, 150.0, -59.99999999999999, 45.0, 45.0, 180.0, 59.99999999999999, 59.99999999999999, -59.99999999999999, -135.0, 135.0, -45.0, 160.0, 180.0, -90.0, 105.00000000000001, -59.99999999999999, -59.99999999999999, 59.99999999999999, 29.999999999999996, -59.99999999999999, -59.99999999999999]",0.6682190025161685,233.1696316944749,-115.2751399470925,-76.85009329806167,20.866295341362772,0.0,49.17271432385278,-15.407562169765262,0.0,-5.625158823291826,0.5883034516246725,0.5883034516246725,0.0,0.0,0.9057900478002121,0.4154691790425972,1.0,36.704256455214114,14.541421266490904,56.375791561459316,168.1573028736817,5.865573249162509,4.494470636971433,2.6997317600560278,5.508595556037851,4.848916770784997,False
122,168.2318877848782,10,"[-90.0, -45.0, -59.99999999999999, 180.0, 90.0, 45.0, -59.99999999999999, 180.0, 45.0, 59.99999999999999, 180.0, -135.0, 150.0, -59.99999999999999, 45.0, 45.0, 180.0, 59.99999999999999, 59.99999999999999, -59.99999999999999, -135.0, 135.0, -75.0, 150.0, 59.99999999999999, -75.0, 115.0, 180.0, -59.99999999999999, -90.0, -75.0, 180.0, 59.99999999999999]",4.464938944002103,225.70966666568953,-115.2751399470925,-76.85009329806167,19.38657055584703,0.0,54.29359630560626,-13.207980012764175,0.0,-7.728068178034716,0.5883034516246725,0.5883034516246725,0.0,0.0,0.9088041750845699,0.39834583303251675,1.0,36.0868949996831,13.942104156138086,54.71263635305539,168.2318877848782,6.444980311329512,4.637957628106795,2.50933241038732,5.508595556037851,4.848916770784997,False
123,168.7189708907779,10,"[-90.0, -45.0, -59.99999999999999, 180.0, 90.0, 45.0, -59.99999999999999, 180.0, 45.0, 59.99999999999999, 180.0, -135.0, 150.0, -59.99999999999999, 45.0, 45.0, 180.0, 59.99999999999999, 59.99999999999999, -59.99999999999999, -119.99999999999999, 135.0, -59.99999999999999, 115.0, 59.99999999999999, -45.0, 145.0, 180.0, -59.99999999999999, -59.99999999999999, -14.999999999999998, -59.99999999999999, -59.99999999999999]",8.105253288583068,236.6141315700271,-115.2751399470925,-76.85009329806167,18.885585830471193,0.0,40.22383051902267,-12.808003382980209,0.0,-7.614990438878106,0.5883034516246725,0.5883034516246725,0.0,0.0,0.904398330678777,0.39739834411107744,1.0,36.012974418810835,13.908942043887711,54.95282867585069,168.7189708907779,6.77320487656803,4.5745661384888985,2.756141438762126,5.508595556037851,4.848916770784997,False
124,170.79882315674163,10,"[-90.0, -45.0, -59.99999999999999, 180.0, 90.0, 45.0, -59.99999999999999, 180.0, 45.0, 59.99999999999999, 180.0, -135.0, 150.0, -59.99999999999999, 45.0, 45.0, 180.0, 59.99999999999999, 59.99999999999999, -59.99999999999999, -135.0, 135.0, -45.0, 160.0, 180.0, -45.0, 145.0, 180.0, -59.99999999999999, -105.00000000000001, 105.00000000000001, 59.99999999999999, -59.99999999999999]",5.260075584176031,127.76912758892696,-115.2751399470925,-76.85009329806167,18.51953980138154,0.0,155.46799343890916,-15.80753879954923,0.0,-5.72353796163501,0.5883034516246725,0.5883034516246725,0.0,0.0,0.9483761100650799,0.46994456073829693,1.0,44.45717270501393,16.448059625840393,65.15216422111178,170.79882315674163,4.474322118384526,4.334803037975611,2.795067185680404,5.508595556037851,4.848916770784997,False
125,171.3095965180288,10,"[-90.0, -45.0, -59.99999999999999, 180.0, 90.0, 45.0, -59.99999999999999, 180.0, 45.0, 59.99999999999999, 180.0, -135.0, 150.0, -59.99999999999999, 45.0, 45.0, 180.0, 59.99999999999999, 59.99999999999999, -59.99999999999999, -135.0, 135.0, -45.0, 160.0, 180.0, -75.0, 75.0, -59.99999999999999, 59.99999999999999, 59.99999999999999, 29.999999999999996, -59.99999999999999, -59.99999999999999]",1.9729323332057127,204.57456603991548,-115.2751399470925,-76.85009329806167,13.943265374659736,0.0,85.15709809554386,-15.40756216976526,0.0,-4.243866660062918,0.5883034516246725,0.5883034516246725,0.0,0.0,0.9173436096808424,0.4560550167754663,1.0,39.42535700983861,15.96192558714132,59.89240986878739,171.3095965180288,4.871838821128572,4.390174495459159,2.6200164943422832,5.508595556037851,4.848916770784997,False
126,171.6521731106658,10,"[-90.0, -45.0, -59.99999999999999, 180.0, 90.0, 45.0, -59.99999999999999, 180.0, 45.0, 59.99999999999999, 180.0, -135.0, 150.0, -59.99999999999999, 45.0, 45.0, 180.0, 59.99999999999999, 59.99999999999999, -59.99999999999999, -135.0, 135.0, -75.0, 150.0, 59.99999999999999, -59.99999999999999, 115.0, -59.99999999999999, -59.99999999999999, -105.00000000000001, 105.00000000000001, 59.99999999999999, -59.99999999999999]",0.08159864469908372,249.85158215479981,-115.2751399470925,-76.85009329806167,18.920985307167257,0.0,35.408960764575355,-12.40802675319624,0.0,-5.5160905119116705,0.5883034516246725,0.5883034516246725,0.0,0.0,0.8990498657960405,0.3941278070536276,1.0,35.773628918405954,13.794473246876965,54.337290186756015,171.6521731106658,5.627748694474021,4.562913599264479,2.452900763273037,5.508595556037851,4.848916770784997,False
127,172.22643319296907,10,"[-90.0, -45.0, -59.99999999999999, 180.0, 90.0, 45.0, -59.99999999999999, 180.0, 45.0, 59.99999999999999, 180.0, -135.0, 150.0, -59.99999999999999, 45.0, 45.0, 180.0, 59.99999999999999, 59.99999999999999, -59.99999999999999, -135.0, 119.99999999999999, -59.99999999999999, 115.0, 59.99999999999999, -45.0, 145.0, 180.0, -59.99999999999999, -90.0, -75.0, 180.0, 59.99999999999999]",2.8652207665272567,198.83428246776072,-115.2751399470925,-76.85009329806167,22.134801199644116,0.0,83.34678552611726,-13.207980012764175,0.0,-7.059840258848269,0.5883034516246725,0.5883034516246725,0.0,0.0,0.9196629161746421,0.414645966244878,1.0,37.99317869030924,14.51260881857073,57.21799192588077,172.22643319296907,6.256996798741878,4.524733890550285,2.603737449495922,5.508595556037851,4.848916770784997,False
128,173.936894514834,10,"[-90.0, -45.0, -59.99999999999999, 180.0, 90.0, 45.0, -59.99999999999999, 180.0, 45.0, 59.99999999999999, 180.0, -135.0, 150.0, -59.99999999999999, 45.0, 45.0, 180.0, 29.999999999999996, 14.999999999999998, 59.99999999999999, -105.00000000000001, 175.0, -45.0, 160.0, 180.0, -75.0, 105.00000000000001, 180.0, -59.99999999999999, -90.0, -75.0, 180.0, 59.99999999999999]",41.05196513714035,109.69384854994658,-135.93848554111258,-90.6256570274084,15.47159330546097,0.0,164.83781069923492,-13.207980012764187,-3.6248556667317318,-4.935305407965009,0.5883034516246725,0.5883034516246725,0.0,0.0,0.9556792531111328,0.42763223457690547,1.0,47.58633855339861,14.96712821019169,67.93454464578701,173.936894514834,2.634621660682822,4.260411891464888,2.5574631069331994,5.508595556037851,4.848916770784997,False
129,174.5792377947983,10,"[-90.0, -45.0, -59.99999999999999, 180.0, 90.0, 45.0, -59.99999999999999, 180.0, 45.0, 59.99999999999999, 180.0, -135.0, 150.0, -59.99999999999999, 45.0, 45.0, 180.0, 59.99999999999999, 59.99999999999999, -59.99999999999999, -135.0, 135.0, -45.0, 160.0, 180.0, -59.99999999999999, 115.0, -59.99999999999999, -59.99999999999999, -75.0, 175.0, -59.99999999999999, 180.0]",6.2182327169870435,228.5562593351992,-115.2751399470925,-76.85009329806167,19.912496179544807,0.0,56.64667786794786,-15.407562169765262,0.0,-6.660029639647514,0.5883034516246725,0.5883034516246725,0.0,0.0,0.9076540366322428,0.43292135515793373,1.0,38.178555212876844,15.15224743052768,59.42769396103041,174.5792377947983,4.384810983107613,4.343289958095234,2.711587682789818,5.508595556037851,4.848916770784997,False
130,174.7200950482848,10,"[-90.0, -45.0, -59.99999999999999, 180.0, 90.0, 45.0, -59.99999999999999, 180.0, 45.0, 59.99999999999999, 180.0, -135.0, 150.0, -59.99999999999999, 45.0, 45.0, 180.0, 59.99999999999999, 59.99999999999999, -59.99999999999999, -135.0, 119.99999999999999, -45.0, 160.0, 180.0, -75.0, 105.00000000000001, 180.0, -59.99999999999999, -105.00000000000001, 105.00000000000001, 59.99999999999999, -59.99999999999999]",0.002656862174502833,248.9883307486022,-115.2751399470925,-76.85009329806167,19.537951302748663,0.0,40.82517111062411,-15.80753879954923,0.0,-4.139639680847607,0.5883034516246725,0.5883034516246725,0.0,0.0,0.8993986542429889,0.3958021975380604,1.0,36.22398756599416,13.853076913832114,55.58363300367544,174.7200950482848,5.476948483023875,4.491244118535086,2.552305694713192,5.508595556037851,4.848916770784997,False
131,175.06629321540217,10,"[-90.0, -45.0, -59.99999999999999, 180.0, 90.0, 45.0, -59.99999999999999, 180.0, 45.0, 59.99999999999999, 180.0, -135.0, 150.0, -59.99999999999999, 45.0, 45.0, 180.0, 59.99999999999999, 59.99999999999999, -59.99999999999999, -135.0, 135.0, -45.0, 160.0, 180.0, -75.0, 75.0, -59.99999999999999, 59.99999999999999, -90.0, -75.0, 180.0, 59.99999999999999]",1.9729323332057127,157.56934056129242,-115.2751399470925,-76.85009329806167,14.254729278164852,0.0,137.119428422611,-15.807538799549226,0.0,-5.355762084854781,0.5883034516246725,0.5883034516246725,0.0,0.0,0.9363356199752354,0.42911790198537014,1.0,42.04202784861363,15.019126569487955,61.24749319925226,175.06629321540217,4.871838821128572,4.390174495459159,2.6200164943422832,5.508595556037851,4.848916770784997,False
132,175.16773819491166,10,"[-90.0, -45.0, -59.99999999999999, 180.0, 90.0, 45.0, -59.99999999999999, 180.0, 45.0, 59.99999999999999, 180.0, -135.0, 150.0, -59.99999999999999, 45.0, 45.0, 180.0, 59.99999999999999, 59.99999999999999, -59.99999999999999, -135.0, 135.0, -59.99999999999999, 115.0, 59.99999999999999, 90.0, 29.999999999999996, 59.99999999999999, 59.99999999999999, 59.99999999999999, 29.999999999999996, -59.99999999999999, -59.99999999999999]",2.013574311481872,104.802208236111,-148.8843537788884,-99.25623585259225,10.133289318631478,0.0,225.33741783264776,-12.408026753196237,0.0,-6.414674423500513,0.5883034516246725,0.5883034516246725,0.0,0.0,0.9576556734399552,0.598588988092389,1.0,44.098450614754086,20.950614583233616,67.9416111066187,175.16773819491166,4.865401810358417,3.9557317719874,3.362738758154701,5.508595556037851,4.848916770784997,False
133,175.21755970290786,10,"[-90.0, -45.0, -59.99999999999999, 180.0, 90.0, 45.0, -59.99999999999999, 180.0, 45.0, 59.99999999999999, 180.0, -135.0, 150.0, -59.99999999999999, 45.0, 45.0, 180.0, 59.99999999999999, 59.99999999999999, -59.99999999999999, -119.99999999999999, 135.0, -59.99999999999999, 115.0, 59.99999999999999, -59.99999999999999, 115.0, -59.99999999999999, -59.99999999999999, -150.0, 105.00000000000001, -59.99999999999999, 59.99999999999999]",13.161698747546469,219.98198974524664,-115.2751399470925,-76.85009329806167,20.337283589032097,0.0,54.272614035928086,-12.408026753196237,0.0,-5.441163166181377,0.5883034516246725,0.5883034516246725,0.0,0.0,0.9111183879817185,0.3928708066537823,1.0,35.93310141842156,13.750478232882381,54.409625872808775,175.21755970290786,7.122448689330203,4.599331798598443,2.7401024312736104,5.508595556037851,4.848916770784997,False
134,176.07625049286162,10,"[-90.0, -45.0, -59.99999999999999, 180.0, 90.0, 45.0, -59.99999999999999, 180.0, 45.0, 59.99999999999999, 180.0, -135.0, 150.0, -59.99999999999999, 45.0, 45.0, 180.0, 59.99999999999999, 59.99999999999999, -59.99999999999999, -135.0, 119.99999999999999, -75.0, 150.0, 59.99999999999999, 90.0, 29.999999999999996, 59.99999999999999, 59.99999999999999, -75.0, 175.0, -59.99999999999999, 180.0]",0.4953774441631349,155.76596901281607,-115.2751399470925,-76.85009329806167,11.243608383376667,0.0,142.77577705947712,-12.408026753196237,0.0,-7.1096181583073195,0.5883034516246725,0.5883034516246725,0.0,0.0,0.9370642549443167,0.6070623721442858,1.0,40.14410946297269,21.247183025050003,62.87389683772459,176.07625049286162,5.185237408778256,4.242954883933991,3.075128456049839,5.508595556037851,4.848916770784997,False
135,177.56339190531946,10,"[-90.0, -45.0, -59.99999999999999, 180.0, 90.0, 45.0, -59.99999999999999, 180.0, 45.0, 59.99999999999999, 180.0, -135.0, 150.0, -59.99999999999999, 45.0, 45.0, 180.0, 59.99999999999999, 59.99999999999999, -59.99999999999999, -135.0, 119.99999999999999, -75.0, 150.0, 59.99999999999999, -45.0, 145.0, 180.0, -59.99999999999999, -105.00000000000001, 105.00000000000001, 59.99999999999999, -59.99999999999999]",2.2524937627240753,265.6977338683416,-115.2751399470925,-76.85009329806167,17.773391100271624,0.0,24.94585675381139,-12.808003382980209,0.0,-5.6112437013811896,0.5883034516246725,0.5883034516246725,0.0,0.0,0.8926473802552155,0.38735177652296726,1.0,34.85934422005472,13.557312178303855,52.55655263419446,177.56339190531946,6.171192038499277,4.652666029781473,2.412203038354482,5.508595556037851,4.848916770784997,False
136,177.95836360013473,10,"[-90.0, -45.0, -59.99999999999999, 180.0, 90.0, 45.0, -59.99999999999999, 180.0, 45.0, 59.99999999999999, 180.0, -135.0, 150.0, -59.99999999999999, 45.0, 45.0, 180.0, 59.99999999999999, 59.99999999999999, -59.99999999999999, -119.99999999999999, 135.0, -59.99999999999999, 115.0, 59.99999999999999, -45.0, 145.0, 180.0, -59.99999999999999, -105.00000000000001, 105.00000000000001, 59.99999999999999, -59.99999999999999]",8.105253288583068,242.01433552376238,-115.2751399470925,-76.85009329806167,18.93242080446312,0.0,41.37038871172207,-12.808003382980209,0.0,-4.969194849947868,0.5883034516246725,0.5883034516246725,0.0,0.0,0.9022164300914091,0.392754688210038,1.0,36.066487607279946,13.74641408735133,54.89124056756323,177.95836360013473,6.77320487656803,4.5745661384888985,2.756141438762126,5.508595556037851,4.848916770784997,False
137,178.94318957044158,10,"[-90.0, -45.0, -59.99999999999999, 180.0, 90.0, 45.0, -59.99999999999999, 180.0, 45.0, 59.99999999999999, 180.0, -135.0, 150.0, -59.99999999999999, 45.0, 45.0, 180.0, 59.99999999999999, 59.99999999999999, -59.99999999999999, -119.99999999999999, 135.0, -45.0, 160.0, 180.0, -45.0, 145.0, 180.0, -59.99999999999999, -59.99999999999999, -14.999999999999998, -59.99999999999999, -59.99999999999999]",0.032390002518333155,176.34327834242345,-115.2751399470925,-76.85009329806167,16.444170301346983,0.0,124.7993160899873,-15.80753879954923,0.0,-8.181589870817449,0.5883034516246725,0.5883034516246725,0.0,0.0,0.9287501905687178,0.5217050908152683,1.0,39.8142933821748,18.25967817853439,59.0569391059074,178.94318957044158,5.580486026760343,4.470401274325146,2.8522512522127275,5.508595556037851,4.848916770784997,False
138,179.28198954203563,10,"[-90.0, -45.0, -59.99999999999999, 180.0, 90.0, 45.0, -59.99999999999999, 180.0, 45.0, 59.99999999999999, 180.0, -135.0, 150.0, -59.99999999999999, 45.0, 45.0, 180.0, 29.999999999999996, 14.999999999999998, 59.99999999999999, -75.0, 145.0, -59.99999999999999, 115.0, 59.99999999999999, -59.99999999999999, 115.0, -59.99999999999999, -59.99999999999999, -150.0, 105.00000000000001, -59.99999999999999, 59.99999999999999]",0.7000863477922652,254.29020951552684,-115.2751399470925,-76.85009329806167,16.25871201794063,0.0,39.197280901190496,-9.40849133662723,-3.8423331985717395,-3.226638209747845,0.5883034516246725,0.5883034516246725,0.0,0.0,0.8972564810038275,0.3843701901931606,1.0,38.81180175022496,13.452956656760621,58.48827916831291,179.28198954203563,5.125811184616038,4.64959240010718,2.554519307948756,5.508595556037851,4.848916770784997,False
139,179.3523520717293,10,"[-90.0, -45.0, -59.99999999999999, 180.0, 90.0, 45.0, -59.99999999999999, 180.0, 45.0, 59.99999999999999, 180.0, -135.0, 150.0, -59.99999999999999, 45.0, 45.0, 180.0, 59.99999999999999, 59.99999999999999, -59.99999999999999, -135.0, 135.0, -59.99999999999999, 115.0, 59.99999999999999, -45.0, 145.0, 180.0, -59.99999999999999, -105.00000000000001, 105.00000000000001, 59.99999999999999, -59.99999999999999]",0.4354855062948601,195.33349981342477,-115.2751399470925,-76.85009329806167,24.35674246847627,0.0,91.87840269167712,-12.808003382980209,0.0,-5.156938529695669,0.5883034516246725,0.5883034516246725,0.0,0.0,0.9210773738127577,0.4212786993619136,1.0,39.3182495858701,14.744754477666977,59.453522477564434,179.3523520717293,5.795122180221975,4.440292363016295,2.7208213616785915,5.508595556037851,4.848916770784997,False
140,180.61361837179965,10,"[-90.0, -45.0, -59.99999999999999, 180.0, 90.0, 45.0, -59.99999999999999, 180.0, 45.0, 59.99999999999999, 180.0, -135.0, 150.0, -59.99999999999999, 45.0, 45.0, 180.0, 29.999999999999996, 14.999999999999998, 59.99999999999999, -105.00000000000001, 175.0, -45.0, 160.0, 180.0, -90.0, 105.00000000000001, -59.99999999999999, -59.99999999999999, -90.0, -75.0, 180.0, 59.99999999999999]",35.13091625103662,130.20673901285303,-129.14968665419082,-86.09979110279389,17.180700820691385,0.0,152.15783242528016,-12.80800338298022,-7.904652465132056,-4.78853108738315,0.5883034516246725,0.5883034516246725,0.0,0.0,0.9473912165604633,0.41691628947109344,1.0,45.82032522787788,14.59207013148827,66.56418100448313,180.61361837179965,2.8493051382312364,4.328422879656967,2.529622289062224,5.508595556037851,4.848916770784997,False
141,180.85260298431135,10,"[-90.0, -45.0, -59.99999999999999, 180.0, 90.0, 45.0, -59.99999999999999, 180.0, 45.0, 59.99999999999999, 180.0, -135.0, 150.0, -59.99999999999999, 45.0, 45.0, 180.0, 59.99999999999999, 59.99999999999999, -59.99999999999999, -135.0, 135.0, -45.0, 160.0, 180.0, -59.99999999999999, 115.0, -59.99999999999999, -59.99999999999999, -45.0, -45.0, -59.99999999999999, 180.0]",6.2182327169870435,245.90146673748325,-115.2751399470925,-76.85009329806167,19.928304096760733,0.0,48.048772652802455,-15.407562169765262,0.0,-9.149774554489069,0.5883034516246725,0.5883034516246725,0.0,0.0,0.9006458720252593,0.43535813152223873,1.0,37.71401608155376,15.237534603278355,58.83125552720238,180.85260298431135,4.384810983107613,4.343289958095234,2.711587682789818,5.508595556037851,4.848916770784997,False
142,180.88130201403987,10,"[-90.0, -45.0, -59.99999999999999, 180.0, 90.0, 45.0, -59.99999999999999, 180.0, 45.0, 59.99999999999999, 180.0, -135.0, 150.0, -59.99999999999999, 45.0, 45.0, 180.0, 59.99999999999999, 59.99999999999999, -59.99999999999999, -135.0, 135.0, -75.0, 150.0, 59.99999999999999, 90.0, 29.999999999999996, 59.99999999999999, 59.99999999999999, -59.99999999999999, -14.999999999999998, -59.99999999999999, -59.99999999999999]",0.6550187986356444,138.4536166038044,-115.2751399470925,-76.85009329806167,5.209996746638955,0.0,172.38130199338048,-12.408026753196237,0.0,-8.723768879755536,0.5883034516246725,0.5883034516246725,0.0,0.0,0.9440591448065436,0.49172208490230734,1.0,43.111409900646315,17.210272971580757,65.30038809694643,180.88130201403987,5.861944415245116,4.194379481030314,3.2705088131226745,5.508595556037851,4.848916770784997,False
143,181.59684314004764,10,"[-90.0, -45.0, -59.99999999999999, 180.0, 90.0, 45.0, -59.99999999999999, 180.0, 45.0, 59.99999999999999, 180.0, -135.0, 150.0, -59.99999999999999, 45.0, 45.0, 180.0, 59.99999999999999, 59.99999999999999, -59.99999999999999, -135.0, 135.0, -59.99999999999999, 115.0, 59.99999999999999, -45.0, 145.0, 180.0, -59.99999999999999, -59.99999999999999, -14.999999999999998, -59.99999999999999, -59.99999999999999]",0.4354855062948601,199.92808319897338,-115.2751399470925,-76.85009329806167,24.32400366659689,0.0,92.20684476525643,-12.808003382980209,0.0,-7.8027341186259065,0.5883034516246725,0.5883034516246725,0.0,0.0,0.9192209764852634,0.42678751649037167,1.0,39.20489259552336,14.93756307716301,59.53245492082992,181.59684314004764,5.795122180221975,4.440292363016295,2.7208213616785915,5.508595556037851,4.848916770784997,False
144,181.68609093279477,10,"[-90.0, -45.0, -59.99999999999999, 180.0, 90.0, 45.0, -59.99999999999999, 180.0, 45.0, 59.99999999999999, 180.0, -135.0, 150.0, -59.99999999999999, 45.0, 45.0, 180.0, 59.99999999999999, 59.99999999999999, -59.99999999999999, -135.0, 135.0, -45.0, 160.0, 180.0, -90.0, 105.00000000000001, -59.99999999999999, -59.99999999999999, -105.00000000000001, 105.00000000000001, 59.99999999999999, -59.99999999999999]",0.6682190025161685,245.10018941653064,-115.2751399470925,-76.85009329806167,20.987489282892167,0.0,49.4381008356873,-15.407562169765262,0.0,-4.413508939598419,0.5883034516246725,0.5883034516246725,0.0,0.0,0.9009696204377654,0.405015739911711,1.0,36.66213828034972,14.175550896909886,56.85539789837999,181.68609093279477,5.865573249162509,4.494470636971433,2.6997317600560278,5.508595556037851,4.848916770784997,False
145,181.87636781383577,10,"[-90.0, -45.0, -59.99999999999999, 180.0, 90.0, 45.0, -59.99999999999999, 180.0, 45.0, 59.99999999999999, 180.0, -135.0, 150.0, -59.99999999999999, 45.0, 45.0, 180.0, 59.99999999999999, 59.99999999999999, -59.99999999999999, -135.0, 119.99999999999999, -75.0, 150.0, 59.99999999999999, -45.0, 145.0, 180.0, -59.99999999999999, -90.0, -75.0, 180.0, 59.99999999999999]",2.2524937627240753,274.42435730415366,-115.2751399470925,-76.85009329806167,17.829547627775028,0.0,23.199574637281433,-13.207980012764175,0.0,-7.934789009866461,0.5883034516246725,0.5883034516246725,0.0,0.0,0.8891214717963016,0.3898727850358824,1.0,34.17643642900983,13.645547476255885,52.30209692115998,181.87636781383577,6.171192038499277,4.652666029781473,2.412203038354482,5.508595556037851,4.848916770784997,False
146,182.33857767217148,10,"[-90.0, -45.0, -59.99999999999999, 180.0, 90.0, 45.0, -59.99999999999999, 180.0, 45.0, 59.99999999999999, 180.0, -135.0, 150.0, -59.99999999999999, 45.0, 45.0, 180.0, 59.99999999999999, 59.99999999999999, -59.99999999999999, -135.0, 119.99999999999999, -75.0, 150.0, 59.99999999999999, -59.99999999999999, 115.0, -59.99999999999999, -59.99999999999999, -90.0, -75.0, 180.0, 59.99999999999999]",5.61695359989263,261.0519165693951,-115.2751399470925,-76.85009329806167,18.120529688395816,0.0,32.4630099340003,-12.808003382980205,0.0,-7.418992241064272,0.5883034516246725,0.5883034516246725,0.0,0.0,0.8945244781537799,0.3899303433446783,1.0,34.760153464952616,13.64756201706374,52.876604986538915,182.33857767217148,6.5599012784115915,4.663625190423311,2.4217572119106756,5.508595556037851,4.848916770784997,False
147,182.5546040903084,10,"[-90.0, -45.0, -59.99999999999999, 180.0, 90.0, 45.0, -59.99999999999999, 180.0, 45.0, 59.99999999999999, 180.0, -135.0, 150.0, -59.99999999999999, 45.0, 45.0, 180.0, 29.999999999999996, 14.999999999999998, 59.99999999999999, -105.00000000000001, 175.0, -45.0, 160.0, 180.0, -45.0, 145.0, 180.0, -59.99999999999999, -59.99999999999999, -14.999999999999998, -59.99999999999999, -59.99999999999999]",45.28002138388,81.57472979408182,-133.20234984274268,-88.80156656182845,14.194159190328937,0.0,195.26623845100826,-12.808003382980221,-1.917684565027717,-6.420810389864711,0.5883034516246725,0.5883034516246725,0.0,0.0,0.9670405132145123,0.5351932886420784,1.0,48.927739652625455,18.731765102472743,67.0085754260697,182.5546040903084,2.490680429602732,4.179527271055277,2.661663421382975,5.508595556037851,4.848916770784997,False
148,182.74484901884534,10,"[-90.0, -45.0, -59.99999999999999, 180.0, 90.0, 45.0, -59.99999999999999, 180.0, 45.0, 59.99999999999999, 180.0, -135.0, 150.0, -59.99999999999999, 45.0, 45.0, 180.0, 59.99999999999999, 59.99999999999999, -59.99999999999999, -119.99999999999999, 135.0, -45.0, 160.0, 180.0, -59.99999999999999, 115.0, -59.99999999999999, -59.99999999999999, -75.0, 175.0, -59.99999999999999, 180.0]",0.02082388774955465,281.92363300356965,-115.2751399470925,-76.85009329806167,17.430233324134825,0.0,19.93684342852412,-15.407562169765262,0.0,-6.472285959899714,0.5883034516246725,0.5883034516246725,0.0,0.0,0.886091461412699,0.413910273272901,1.0,35.64009511442119,14.486859564551533,55.10334141232486,182.74484901884534,5.435464912257665,4.476252607718327,2.7625670351793405,5.508595556037851,4.848916770784997,False
149,182.75156764958663,10,"[-90.0, -45.0, -59.99999999999999, 180.0, 90.0, 45.0, -59.99999999999999, 180.0, 45.0, 59.99999999999999, 180.0, -135.0, 150.0, -59.99999999999999, 45.0, 45.0, 180.0, 59.99999999999999, 59.99999999999999, -59.99999999999999, -119.99999999999999, 135.0, -45.0, 160.0, 180.0, -75.0, 105.00000000000001, 180.0, -59.99999999999999, -105.00000000000001, 105.00000000000001, 59.99999999999999, -59.99999999999999]",1.2148180698782858,283.94955195102443,-115.2751399470925,-76.85009329806167,16.779408274654795,0.0,15.674704229478662,-15.80753879954923,0.0,-4.372539580432475,0.5883034516246725,0.5883034516246725,0.0,0.0,0.8852729083026165,0.38999277516336556,1.0,35.41760110595078,13.649747130717794,53.802861604051536,182.75156764958663,5.992913393990929,4.545731957504525,2.7242962245550593,5.508595556037851,4.848916770784997,False
150,182.8253326420002,10,"[-90.0, -45.0, -59.99999999999999, 180.0, 90.0, 45.0, -59.99999999999999, 180.0, 45.0, 59.99999999999999, 180.0, -135.0, 150.0, -59.99999999999999, 45.0, 45.0, 180.0, 59.99999999999999, 59.99999999999999, -59.99999999999999, -135.0, 135.0, -119.99999999999999, 59.99999999999999, 59.99999999999999, 90.0, 29.999999999999996, 59.99999999999999, 59.99999999999999, -59.99999999999999, -14.999999999999998, -59.99999999999999, -59.99999999999999]",4.08936497475689,262.1517358311215,-115.2751399470925,-76.85009329806167,18.091001472899357,0.0,29.187963056304916,-12.408026753196237,0.0,-3.599869444418451,0.5883034516246725,0.5883034516246725,0.0,0.0,0.8940801067349003,0.3832627395297183,1.0,37.06744564177058,13.41419588354014,56.29648488738937,182.8253326420002,4.595636690841906,4.35802634181897,2.2821160144177353,5.508595556037851,4.848916770784997,False
151,182.82547205855457,10,"[-90.0, -45.0, -59.99999999999999, 180.0, 90.0, 45.0, -59.99999999999999, 180.0, 45.0, 59.99999999999999, 180.0, -135.0, 150.0, -59.99999999999999, 45.0, 45.0, 180.0, 59.99999999999999, 59.99999999999999, -59.99999999999999, -135.0, 135.0, -59.99999999999999, 90.0, 180.0, 90.0, 29.999999999999996, 59.99999999999999, 59.99999999999999, -45.0, -45.0, -59.99999999999999, 180.0]",26.772765752731793,73.48910024670427,-243.26062587516998,-162.17375058344666,24.156452322792514,0.0,324.80781593100005,-15.40756216976526,0.0,-8.320777601363492,0.5883034516246725,0.5883034516246725,0.0,0.0,0.9703074342437557,0.544628256230824,1.0,47.60555492748709,19.06198896807884,71.009481292424,182.82547205855457,3.1860092587595865,3.8735000720466757,3.1425486291432176,5.508595556037851,4.848916770784997,False
152,183.0531673269991,10,"[-90.0, -45.0, -59.99999999999999, 180.0, 90.0, 45.0, -59.99999999999999, 180.0, 45.0, 59.99999999999999, 180.0, -135.0, 150.0, -59.99999999999999, 45.0, 45.0, 180.0, 59.99999999999999, 59.99999999999999, -59.99999999999999, -135.0, 119.99999999999999, -59.99999999999999, 90.0, 180.0, 90.0, 29.999999999999996, 59.99999999999999, 59.99999999999999, -150.0, 105.00000000000001, -59.99999999999999, 59.99999999999999]",54.04700305788523,96.32032107149305,-201.56907472689892,-134.37938315126596,30.299000976697815,0.0,223.72104141137277,-15.407562169765258,0.0,-4.945865745410273,0.5883034516246725,0.5883034516246725,0.0,0.0,0.9610826985569726,0.4603511505982226,1.0,47.083754656286104,16.11229027093779,67.24265129933346,183.0531673269991,2.212234708563118,3.9260575233484407,2.909390527948877,5.508595556037851,4.848916770784997,False
153,183.1117414306419,10,"[-90.0, -45.0, -59.99999999999999, 180.0, 90.0, 45.0, -59.99999999999999, 180.0, 45.0, 59.99999999999999, 180.0, -135.0, 150.0, -59.99999999999999, 45.0, 45.0, 180.0, 59.99999999999999, 59.99999999999999, -59.99999999999999, -135.0, 135.0, -59.99999999999999, 90.0, 180.0, 90.0, 29.999999999999996, 59.99999999999999, 59.99999999999999, -105.00000000000001, 105.00000000000001, 59.99999999999999, -59.99999999999999]",26.772765752731793,91.66808524709118,-213.18852562085135,-142.12568374723423,15.514459913178687,0.0,281.5429590963394,-15.40756216976526,0.0,-4.378744239707245,0.5883034516246725,0.5883034516246725,0.0,0.0,0.962962389799155,0.49987480283773394,1.0,48.13064716756293,17.495618099320687,70.9957660359431,183.1117414306419,3.1860092587595865,3.8735000720466757,3.1425486291432176,5.508595556037851,4.848916770784997,False
154,183.94679958939753,10,"[-90.0, -45.0, -59.99999999999999, 180.0, 90.0, 45.0, -59.99999999999999, 180.0, 45.0, 59.99999999999999, 180.0, -135.0, 150.0, -59.99999999999999, 45.0, 45.0, 180.0, 59.99999999999999, 59.99999999999999, -59.99999999999999, -135.0, 135.0, -45.0, 160.0, 180.0, -59.99999999999999, 115.0, -59.99999999999999, -59.99999999999999, -45.0, 115.0, 59.99999999999999, 180.0]",6.2182327169870435,245.90146673748325,-115.2751399470925,-76.85009329806167,19.928304096760733,0.0,48.048772652802455,-15.407562169765262,0.0,-6.055577949402867,0.5883034516246725,0.5883034516246725,0.0,0.0,0.9006458720252593,0.43535813152223873,1.0,37.71401608155376,15.237534603278355,58.83125552720238,183.94679958939753,4.384810983107613,4.343289958095234,2.711587682789818,5.508595556037851,4.848916770784997,False
155,183.9873229938985,10,"[-90.0, -45.0, -59.99999999999999, 180.0, 90.0, 45.0, -59.99999999999999, 180.0, 45.0, 59.99999999999999, 180.0, -135.0, 150.0, -59.99999999999999, 45.0, 45.0, 180.0, 59.99999999999999, 59.99999999999999, -59.99999999999999, -135.0, 135.0, -45.0, 160.0, 180.0, -59.99999999999999, 115.0, -59.99999999999999, -59.99999999999999, -45.0, 90.0, 180.0, 180.0]",6.2182327169870435,245.90146673748325,-115.2751399470925,-76.85009329806167,19.928304096760733,0.0,48.048772652802455,-15.80753879954923,0.0,-5.615077915117938,0.5883034516246725,0.5883034516246725,0.0,0.0,0.9006458720252593,0.43535813152223873,1.0,37.71401608155376,15.237534603278355,58.83125552720238,183.9873229938985,4.384810983107613,4.343289958095234,2.711587682789818,5.508595556037851,4.848916770784997,False
156,184.15913588051316,10,"[-90.0, -45.0, -59.99999999999999, 180.0, 90.0, 45.0, -59.99999999999999, 180.0, 45.0, 59.99999999999999, 180.0, -135.0, 150.0, -59.99999999999999, 45.0, 45.0, 180.0, 59.99999999999999, 59.99999999999999, -59.99999999999999, -135.0, 135.0, -59.99999999999999, 90.0, 180.0, 90.0, 29.999999999999996, 59.99999999999999, 59.99999999999999, -75.0, 175.0, -59.99999999999999, 180.0]",26.772765752731793,74.65415604137844,-263.52577375905213,-175.68384917270143,15.717660302913014,0.0,351.1906189472046,-15.40756216976526,0.0,-5.8310326865219375,0.5883034516246725,0.5883034516246725,0.0,0.0,0.9698367046297459,0.5211166874722075,1.0,47.883338498708646,18.23908406152726,71.48717768951789,184.15913588051316,3.1860092587595865,3.8735000720466757,3.1425486291432176,5.508595556037851,4.848916770784997,False
157,184.5244631573959,10,"[-90.0, -45.0, -59.99999999999999, 180.0, 90.0, 45.0, -59.99999999999999, 180.0, 75.0, 59.99999999999999, 59.99999999999999, 45.0, 59.99999999999999, -59.99999999999999, -165.0, 165.0, 180.0, 29.999999999999996, 14.999999999999998, 59.99999999999999, -135.0, 135.0, -59.99999999999999, 115.0, 59.99999999999999, -45.0, 145.0, 180.0, -59.99999999999999, -90.0, -75.0, 180.0, 59.99999999999999]",35.32798822734148,223.98426953419036,-100.06716224994352,-66.71144149996235,14.22931900437314,0.0,29.937299407099772,-10.208444596195166,-3.1155904718841065,-6.151519149210754,0.5883034516246725,0.5883034516246725,0.0,0.0,0.9095013052387111,0.5784186332580195,1.0,36.586461774880426,20.24465216403068,59.047339188844816,184.5244631573959,8.158119193239516,4.704299416068516,4.2797051252101195,5.508595556037851,4.848916770784997,False
158,185.19700079128236,10,"[-90.0, -45.0, -59.99999999999999, 180.0, 90.0, 45.0, -59.99999999999999, 180.0, 45.0, 59.99999999999999, 180.0, -135.0, 150.0, -59.99999999999999, 45.0, 45.0, 180.0, 59.99999999999999, 59.99999999999999, -59.99999999999999, -119.99999999999999, 135.0, -59.99999999999999, 90.0, 180.0, -45.0, 145.0, 180.0, -59.99999999999999, -90.0, -75.0, 180.0, 59.99999999999999]",17.02471494649334,191.15574777961163,-115.2751399470925,-76.85009329806167,28.4881294068984,0.0,85.89122044141331,-16.207515429333196,0.0,-6.468459858333278,0.5883034516246725,0.5883034516246725,0.0,0.0,0.9227653544324801,0.41119222220051754,1.0,37.95341265587608,14.391727777018113,56.869944951438434,185.19700079128236,7.34524876081754,4.552806334770875,2.855308808599129,5.508595556037851,4.848916770784997,False
159,185.46193171929554,10,"[-90.0, -45.0, -59.99999999999999, 180.0, 90.0, 45.0, -59.99999999999999, 180.0, 45.0, 59.99999999999999, 180.0, -135.0, 150.0, -59.99999999999999, 45.0, 45.0, 180.0, 59.99999999999999, 59.99999999999999, -59.99999999999999, -135.0, 135.0, -90.0, 160.0, 180.0, -75.0, 115.0, 180.0, -59.99999999999999, -150.0, 105.00000000000001, -59.99999999999999, 59.99999999999999]",10.780452838472254,267.5171059815974,-115.2751399470925,-76.85009329806167,17.837405361449125,0.0,26.68982624730283,-15.807538799549228,0.0,-6.868483414508995,0.5883034516246725,0.5883034516246725,0.0,0.0,0.8919122804114759,0.38936036024857695,1.0,34.59415842715269,13.627612608700193,52.088278387235,185.46193171929554,6.968363227438787,4.749130673924817,2.4432219567466436,5.508595556037851,4.848916770784997,False
160,185.57347254447367,10,"[-90.0, -45.0, -59.99999999999999, 180.0, 90.0, 45.0, -59.99999999999999, 180.0, 45.0, 59.99999999999999, 180.0, -135.0, 150.0, -59.99999999999999, 45.0, 45.0, 180.0, 59.99999999999999, 59.99999999999999, -59.99999999999999, -135.0, 135.0, -45.0, 160.0, 180.0, -90.0, 119.99999999999999, 180.0, 59.99999999999999, -59.99999999999999, -14.999999999999998, -59.99999999999999, -59.99999999999999]",1.4179649132610839,234.83599860809522,-115.2751399470925,-76.85009329806167,12.514337678001507,0.0,75.51785695517468,-15.807538799549228,0.0,-8.218310315041736,0.5883034516246725,0.5883034516246725,0.0,0.0,0.9051167682391534,0.4249548181938972,1.0,38.555262047381426,14.873418636786402,58.2916251765565,185.57347254447367,6.032534489636321,4.51201077285572,2.736002690965224,5.508595556037851,4.848916770784997,False
161,185.645015010018,10,"[-90.0, -45.0, -59.99999999999999, 180.0, 90.0, 45.0, -59.99999999999999, 180.0, 45.0, 59.99999999999999, 180.0, -135.0, 150.0, -59.99999999999999, 45.0, 45.0, 180.0, 29.999999999999996, 14.999999999999998, 59.99999999999999, -59.99999999999999, 90.0, 59.99999999999999, 45.0, 180.0, 90.0, 29.999999999999996, 59.99999999999999, 59.99999999999999, 59.99999999999999, 29.999999999999996, -59.99999999999999, -59.99999999999999]",0.030748632060378988,207.73571246084563,-119.84345003315363,-79.89563335543575,22.54893605775203,0.0,91.06900709068495,-12.408026753196252,0.0,-4.076215896599786,0.5883034516246725,0.5883034516246725,0.0,0.0,0.9160663788036987,0.39714275463083876,1.0,40.77428310072751,13.899996412079357,63.95249236142098,185.645015010018,5.578420191354496,4.101203647590611,3.84991442123432,5.508595556037851,4.848916770784997,False
162,185.6955343223007,10,"[-90.0, -45.0, -59.99999999999999, 180.0, 90.0, 45.0, -59.99999999999999, 180.0, 45.0, 59.99999999999999, 180.0, -135.0, 150.0, -59.99999999999999, 45.0, 45.0, 180.0, 59.99999999999999, 59.99999999999999, -59.99999999999999, -135.0, 119.99999999999999, -45.0, 160.0, 180.0, -59.99999999999999, 115.0, -59.99999999999999, -59.99999999999999, 59.99999999999999, 29.999999999999996, -59.99999999999999, -59.99999999999999]",3.0255254008765813,268.1418112960428,-115.2751399470925,-76.85009329806167,18.680007113770372,0.0,31.941336674037565,-15.407562169765262,0.0,-5.998747497193559,0.5883034516246725,0.5883034516246725,0.0,0.0,0.8916598742238211,0.39974379070598454,1.0,35.75219787150488,13.991032674709459,55.45388268816916,185.6955343223007,4.722114995532555,4.422921538324989,2.5585925715608027,5.508595556037851,4.848916770784997,False
163,185.85518097938737,10,"[-90.0, -45.0, -59.99999999999999, 180.0, 90.0, 45.0, -59.99999999999999, 180.0, 45.0, 59.99999999999999, 180.0, -135.0, 150.0, -59.99999999999999, 45.0, 45.0, 180.0, 59.99999999999999, 59.99999999999999, -59.99999999999999, -135.0, 135.0, -90.0, 160.0, 180.0, -45.0, 145.0, 180.0, -59.99999999999999, -90.0, -75.0, 180.0, 59.99999999999999]",0.6003446414641908,289.6366404670878,-115.2751399470925,-76.85009329806167,17.359165029367297,0.0,17.985010815392116,-16.207515429333196,0.0,-8.831628049122983,0.5883034516246725,0.5883034516246725,0.0,0.0,0.8829750947607725,0.3891115806040321,1.0,33.83597109435586,13.618905321141124,51.76600817769151,185.85518097938737,5.846509636652198,4.668405133036536,2.376701971869677,5.508595556037851,4.848916770784997,False
164,185.91506443364565,10,"[-90.0, -45.0, -59.99999999999999, 180.0, 90.0, 45.0, -59.99999999999999, 180.0, 45.0, 59.99999999999999, 180.0, -135.0, 150.0, -59.99999999999999, 45.0, 45.0, 180.0, 59.99999999999999, 59.99999999999999, -59.99999999999999, -119.99999999999999, 135.0, -59.99999999999999, 90.0, 180.0, 90.0, 29.999999999999996, 59.99999999999999, 59.99999999999999, 59.99999999999999, 29.999999999999996, -59.99999999999999, -59.99999999999999]",12.946385010683148,85.15182094191624,-153.64183896516457,-102.42789264344304,23.734476392253967,0.0,237.94613021575032,-15.40756216976526,0.0,-5.402650443652852,0.5883034516246725,0.5883034516246725,0.0,0.0,0.965595223861852,0.5786369562816616,1.0,44.0940554420672,20.252293469858156,66.9627833551856,185.91506443364565,3.89087694624164,3.9796984639806388,3.168756158698766,5.508595556037851,4.848916770784997,False
165,185.91966866364078,10,"[-90.0, -45.0, -59.99999999999999, 180.0, 90.0, 45.0, -59.99999999999999, 180.0, 45.0, 59.99999999999999, 180.0, -135.0, 150.0, -59.99999999999999, 45.0, 45.0, 180.0, 59.99999999999999, 59.99999999999999, -59.99999999999999, -135.0, 135.0, -59.99999999999999, 90.0, 180.0, 90.0, 29.999999999999996, 59.99999999999999, 59.99999999999999, -45.0, 115.0, 59.99999999999999, 180.0]",26.772765752731793,73.48910024670427,-243.26062587516998,-162.17375058344666,24.156452322792514,0.0,324.80781593100005,-15.40756216976526,0.0,-5.22658099627729,0.5883034516246725,0.5883034516246725,0.0,0.0,0.9703074342437557,0.544628256230824,1.0,47.60555492748709,19.06198896807884,71.009481292424,185.91966866364078,3.1860092587595865,3.8735000720466757,3.1425486291432176,5.508595556037851,4.848916770784997,False
166,185.96019206814174,10,"[-90.0, -45.0, -59.99999999999999, 180.0, 90.0, 45.0, -59.99999999999999, 180.0, 45.0, 59.99999999999999, 180.0, -135.0, 150.0, -59.99999999999999, 45.0, 45.0, 180.0, 59.99999999999999, 59.99999999999999, -59.99999999999999, -135.0, 135.0, -59.99999999999999, 90.0, 180.0, 90.0, 29.999999999999996, 59.99999999999999, 59.99999999999999, -45.0, 90.0, 180.0, 180.0]",26.772765752731793,73.48910024670427,-243.26062587516998,-162.17375058344666,24.156452322792514,0.0,324.80781593100005,-15.807538799549228,0.0,-4.786080961992361,0.5883034516246725,0.5883034516246725,0.0,0.0,0.9703074342437557,0.544628256230824,1.0,47.60555492748709,19.06198896807884,71.009481292424,185.96019206814174,3.1860092587595865,3.8735000720466757,3.1425486291432176,5.508595556037851,4.848916770784997,False
167,186.00812263178838,10,"[-90.0, -45.0, -59.99999999999999, 180.0, 90.0, 45.0, -59.99999999999999, 180.0, 45.0, 59.99999999999999, 180.0, -135.0, 150.0, -59.99999999999999, 45.0, 45.0, 180.0, 59.99999999999999, 59.99999999999999, -59.99999999999999, -119.99999999999999, 135.0, -45.0, 160.0, 180.0, -90.0, 105.00000000000001, -59.99999999999999, -59.99999999999999, -59.99999999999999, -14.999999999999998, -59.99999999999999, -59.99999999999999]",8.789873530011079,275.78644045386585,-115.2751399470925,-76.85009329806167,17.02396436595638,0.0,21.37380379596899,-15.407562169765262,0.0,-6.871560848780856,0.5883034516246725,0.5883034516246725,0.0,0.0,0.8885711351701552,0.38854106860888626,1.0,34.74090129799962,13.59893740131102,53.14917862677753,186.00812263178838,6.825886385027848,4.6344759889892115,2.74661053010197,5.508595556037851,4.848916770784997,False
168,186.67729648419183,10,"[-90.0, -45.0, -59.99999999999999, 180.0, 90.0, 45.0, -59.99999999999999, 180.0, 45.0, 59.99999999999999, 180.0, -135.0, 150.0, -59.99999999999999, 45.0, 45.0, 180.0, 59.99999999999999, 59.99999999999999, -59.99999999999999, -135.0, 119.99999999999999, -45.0, 160.0, 180.0, 90.0, 29.999999999999996, 59.99999999999999, 59.99999999999999, -59.99999999999999, -14.999999999999998, -59.99999999999999, -59.99999999999999]",22.34084503317704,205.21297669413858,-125.30352624603893,-83.53568416402595,9.630976150922848,0.0,97.61005955147692,-15.40756216976526,0.0,-7.9947759813440165,0.5883034516246725,0.5883034516246725,0.0,0.0,0.9170856659821661,0.43054571368217986,1.0,39.77776654406,15.069099978876295,62.77701012555009,186.67729648419183,7.613804391762731,4.248010161455533,3.5245656906257388,5.508595556037851,4.848916770784997,False
169,186.89529891387278,10,"[-90.0, -45.0, -59.99999999999999, 180.0, 90.0, 45.0, -59.99999999999999, 180.0, 45.0, 59.99999999999999, 180.0, -135.0, 150.0, -59.99999999999999, 45.0, 45.0, 180.0, 29.999999999999996, 14.999999999999998, 59.99999999999999, -105.00000000000001, 175.0, -45.0, 160.0, 180.0, -75.0, 115.0, 180.0, -59.99999999999999, -150.0, 105.00000000000001, -59.99999999999999, 59.99999999999999]",41.02690271064441,117.14009490938085,-135.93848554111258,-90.6256570274084,15.41869516974523,0.0,169.2280627381079,-12.80800338298022,-3.6248556667317318,-4.135415474805755,0.5883034516246725,0.5883034516246725,0.0,0.0,0.9526706687234826,0.41778828824082864,1.0,46.888615599347254,14.622590088429002,68.08822983483383,186.89529891387278,2.6354964580002904,4.2675935306364075,2.5600296685773114,5.508595556037851,4.848916770784997,False
170,187.63262722592174,10,"[-90.0, -45.0, -59.99999999999999, 180.0, 90.0, 45.0, -59.99999999999999, 180.0, 45.0, 59.99999999999999, 180.0, -135.0, 150.0, -59.99999999999999, 45.0, 45.0, 180.0, 59.99999999999999, 59.99999999999999, -59.99999999999999, -135.0, 135.0, -59.99999999999999, 90.0, 180.0, 90.0, 29.999999999999996, 59.99999999999999, 59.99999999999999, -150.0, 105.00000000000001, -59.99999999999999, 59.99999999999999]",26.772765752731793,85.11372234811488,-189.47355062087263,-126.3157004139151,6.807169682056394,0.0,278.5982881067748,-15.407562169765258,0.0,-5.3665093247429425,0.5883034516246725,0.5883034516246725,0.0,0.0,0.9656106172330848,0.4865983167575772,1.0,48.880242050558444,17.030941086515202,69.48338458312023,187.63262722592174,3.1860092587595865,3.8735000720466757,3.1425486291432176,5.508595556037851,4.848916770784997,False
171,187.86295656855418,10,"[-90.0, -45.0, -59.99999999999999, 180.0, 90.0, 45.0, -59.99999999999999, 180.0, 45.0, 59.99999999999999, 180.0, -135.0, 150.0, -59.99999999999999, 45.0, 45.0, 180.0, 59.99999999999999, 59.99999999999999, -59.99999999999999, -135.0, 135.0, -45.0, 160.0, 180.0, -75.0, 75.0, -59.99999999999999, 59.99999999999999, -150.0, 105.00000000000001, -59.99999999999999, 59.99999999999999]",1.9729323332057127,205.6061485775312,-115.2751399470925,-76.85009329806167,14.115542301459783,0.0,100.2827138829958,-15.407562169765258,0.0,-4.019981861405208,0.5883034516246725,0.5883034516246725,0.0,0.0,0.916926808655543,0.4259806948417565,1.0,38.589736972151655,14.909324319461478,58.26593281675916,187.86295656855418,4.871838821128572,4.390174495459159,2.6200164943422832,5.508595556037851,4.848916770784997,False
172,189.13960403225045,10,"[-90.0, -45.0, -59.99999999999999, 180.0, 90.0, 45.0, -59.99999999999999, 180.0, 45.0, 59.99999999999999, 180.0, -135.0, 150.0, -59.99999999999999, 45.0, 45.0, 180.0, 59.99999999999999, 59.99999999999999, -59.99999999999999, -135.0, 135.0, -59.99999999999999, 90.0, 180.0, -45.0, 145.0, 180.0, -59.99999999999999, -90.0, -75.0, 180.0, 59.99999999999999]",3.4119396966956868,156.63340399274384,-115.2751399470925,-76.85009329806167,31.573339673220037,0.0,138.16059252018115,-16.207515429333196,-3.0891163877081804,-6.656203538081079,0.5883034516246725,0.5883034516246725,0.0,0.0,0.9367137761645479,0.4543158236931519,1.0,41.46394315363015,15.901053829260317,60.98679229116676,189.13960403225045,6.326067757111447,4.414831588460853,2.8297358852883705,5.508595556037851,4.848916770784997,False
173,189.42428245964777,10,"[-90.0, -45.0, -59.99999999999999, 180.0, 90.0, 45.0, -59.99999999999999, 180.0, 45.0, 59.99999999999999, 180.0, -135.0, 150.0, -59.99999999999999, 45.0, 45.0, 180.0, 59.99999999999999, 59.99999999999999, -59.99999999999999, -135.0, 119.99999999999999, -45.0, 160.0, 180.0, -75.0, 75.0, -59.99999999999999, 59.99999999999999, -150.0, 105.00000000000001, -59.99999999999999, 59.99999999999999]",0.0025419415364926726,245.45638837839573,-115.2751399470925,-76.85009329806167,15.92614348971874,0.0,61.73294559730242,-15.407562169765258,0.0,-3.599338282072538,0.5883034516246725,0.5883034516246725,0.0,0.0,0.9008257016652946,0.4050843474098679,1.0,36.87577535037914,14.177952159345375,55.90710714800258,189.42428245964777,5.477452532131112,4.470288333250228,2.516612299655968,5.508595556037851,4.848916770784997,False
174,189.88295218373528,10,"[-90.0, -45.0, -59.99999999999999, 180.0, 90.0, 45.0, -59.99999999999999, 180.0, 45.0, 59.99999999999999, 180.0, -135.0, 150.0, -59.99999999999999, 45.0, 45.0, 180.0, 59.99999999999999, 59.99999999999999, -59.99999999999999, -135.0, 135.0, -59.99999999999999, 90.0, 180.0, -45.0, 145.0, 180.0, -59.99999999999999, -150.0, 105.00000000000001, -59.99999999999999, 59.99999999999999]",3.4119396966956868,155.3812251524782,-115.2751399470925,-76.85009329806167,31.613667383986737,0.0,138.3800349479314,-15.807538799549228,-3.0891163877081804,-5.320423314631506,0.5883034516246725,0.5883034516246725,0.0,0.0,0.9372197070090997,0.44334769781585565,1.0,41.25907586062554,15.517169423554947,60.73886044718805,189.88295218373528,6.326067757111447,4.414831588460853,2.8297358852883705,5.508595556037851,4.848916770784997,False
175,190.09013949146998,10,"[-90.0, -45.0, -59.99999999999999, 180.0, 90.0, 45.0, -59.99999999999999, 180.0, 45.0, 59.99999999999999, 180.0, -135.0, 150.0, -59.99999999999999, 45.0, 45.0, 180.0, 29.999999999999996, 14.999999999999998, 59.99999999999999, -90.0, 130.0, 59.99999999999999, 45.0, 180.0, -45.0, 145.0, 180.0, -59.99999999999999, -59.99999999999999, -14.999999999999998, -59.99999999999999, -59.99999999999999]",35.486137061193716,232.63139390238382,-134.4562315666949,-89.63748771112992,16.887846654283216,0.0,58.35695922184874,-12.808003382980221,0.0,-6.596265850189102,0.5883034516246725,0.5883034516246725,0.0,0.0,0.9060075176151984,0.388427811976258,1.0,36.27667872803057,13.59497341916903,53.2711381030774,190.09013949146998,8.164062201270598,4.49511858043095,3.6459037395307656,5.508595556037851,4.848916770784997,False
176,190.6534777192723,10,"[-90.0, -45.0, -59.99999999999999, 180.0, 90.0, 45.0, -59.99999999999999, 180.0, 45.0, 59.99999999999999, 180.0, -135.0, 150.0, -59.99999999999999, 45.0, 45.0, 180.0, 59.99999999999999, 59.99999999999999, -59.99999999999999, -119.99999999999999, 135.0, -45.0, 160.0, 180.0, -45.0, 145.0, 180.0, -59.99999999999999, -105.00000000000001, 105.00000000000001, 59.99999999999999, -59.99999999999999]",0.032390002518333155,184.94780264033204,-115.2751399470925,-76.85009329806167,17.020860794444943,0.0,124.68259385888123,-15.80753879954923,0.0,-5.53579428188721,0.5883034516246725,0.5883034516246725,0.0,0.0,0.9252736150948153,0.44479174831440216,1.0,41.87381880630029,15.567711191004076,61.93030511778928,190.6534777192723,5.580486026760343,4.470401274325146,2.8522512522127275,5.508595556037851,4.848916770784997,False
177,190.8284488438733,10,"[-90.0, -45.0, -59.99999999999999, 180.0, 90.0, 45.0, -59.99999999999999, 180.0, 45.0, 59.99999999999999, 180.0, -135.0, 150.0, -59.99999999999999, 45.0, 45.0, 180.0, 29.999999999999996, 14.999999999999998, 59.99999999999999, -90.0, 130.0, -45.0, 160.0, 180.0, -90.0, 105.00000000000001, -59.99999999999999, -59.99999999999999, -150.0, 105.00000000000001, -59.99999999999999, 59.99999999999999]",0.36748826955929836,259.13312914216584,-115.2751399470925,-76.85009329806167,15.758525602017384,0.0,50.25674221440398,-12.408026753196252,-3.959258189237759,-3.63331494637138,0.5883034516246725,0.5883034516246725,0.0,0.0,0.8952997458011451,0.3845453371835282,1.0,38.31988183245035,13.459086801423487,58.644708810875635,190.8284488438733,5.228895492638245,4.676866126905609,2.4769958190090016,5.508595556037851,4.848916770784997,False
178,191.0075975856795,10,"[-90.0, -45.0, -59.99999999999999, 180.0, 90.0, 45.0, -59.99999999999999, 180.0, 45.0, 59.99999999999999, 180.0, -135.0, 150.0, -59.99999999999999, 45.0, 45.0, 180.0, 59.99999999999999, 59.99999999999999, -59.99999999999999, -105.00000000000001, 175.0, -59.99999999999999, 90.0, 180.0, -45.0, 145.0, 180.0, -59.99999999999999, -59.99999999999999, -14.999999999999998, -59.99999999999999, -59.99999999999999]",61.70575290188599,218.59255423463014,-115.2751399470925,-76.85009329806167,16.273965544649137,0.0,29.95458094987994,-15.80753879954923,0.0,-5.024880750348713,0.5883034516246725,0.5883034516246725,0.0,0.0,0.9116797760668162,0.416611011709631,1.0,35.12917538726173,14.581385409837084,53.79007646619055,191.0075975856795,9.012997378361845,4.582194166694072,3.38081631535604,5.508595556037851,4.848916770784997,False
179,192.58499964607896,10,"[-90.0, -45.0, -59.99999999999999, 180.0, 90.0, 45.0, -59.99999999999999, 180.0, 45.0, 59.99999999999999, 180.0, -135.0, 150.0, -59.99999999999999, 45.0, 45.0, 180.0, 29.999999999999996, 14.999999999999998, 59.99999999999999, -90.0, 130.0, -45.0, 160.0, 180.0, -45.0, 145.0, 180.0, -59.99999999999999, -105.00000000000001, 105.00000000000001, 59.99999999999999, -59.99999999999999]",17.058596615730973,227.30501100889782,-115.2751399470925,-76.85009329806167,14.814363566814151,0.0,64.8574472164563,-12.808003382980221,0.0,-3.9555788833722745,0.5883034516246725,0.5883034516246725,0.0,0.0,0.9081595915115565,0.3837949467913254,1.0,39.910124600023174,13.43282313769639,61.836387166707404,192.58499964607896,3.6529159945616456,4.5231462308836,2.40776348972888,5.508595556037851,4.848916770784997,False
180,192.7631868366331,10,"[-90.0, -45.0, -59.99999999999999, 180.0, 90.0, 45.0, -59.99999999999999, 180.0, 45.0, 59.99999999999999, 180.0, -135.0, 150.0, -59.99999999999999, 45.0, 45.0, 180.0, 59.99999999999999, 59.99999999999999, -59.99999999999999, -135.0, 135.0, -45.0, 160.0, 180.0, -45.0, 145.0, 180.0, -59.99999999999999, -45.0, -45.0, -59.99999999999999, 180.0]",5.260075584176031,259.0385347714207,-115.2751399470925,-76.85009329806167,19.382176654273376,0.0,49.24234644507132,-15.80753879954923,0.0,-9.665571323291257,0.5883034516246725,0.5883034516246725,0.0,0.0,0.8953379657489209,0.4006522400277366,1.0,37.93218351371541,14.02282840097078,59.09510907033919,192.7631868366331,4.474322118384526,4.334803037975611,2.795067185680404,5.508595556037851,4.848916770784997,False
181,193.0759428955141,10,"[-90.0, -45.0, -59.99999999999999, 180.0, 90.0, 45.0, -59.99999999999999, 180.0, 45.0, 59.99999999999999, 180.0, -135.0, 150.0, -59.99999999999999, 45.0, 45.0, 180.0, 59.99999999999999, 59.99999999999999, -59.99999999999999, -135.0, 135.0, -45.0, 160.0, 180.0, -45.0, 145.0, 180.0, -59.99999999999999, -150.0, 105.00000000000001, -59.99999999999999, 59.99999999999999]",5.260075584176031,121.63402406063751,-115.2751399470925,-76.85009329806167,19.389201873870302,0.0,187.781538378978,-15.807538799549228,-3.7832186604600357,-6.711303046670708,0.5883034516246725,0.5883034516246725,0.0,0.0,0.9508549397734798,0.4931562686308461,1.0,46.101251505791325,17.260469402079615,65.50707833500812,193.0759428955141,4.474322118384526,4.334803037975611,2.795067185680404,5.508595556037851,4.848916770784997,False
182,193.33249929108288,10,"[-90.0, -45.0, -59.99999999999999, 180.0, 90.0, 45.0, -59.99999999999999, 180.0, 45.0, 59.99999999999999, 180.0, -135.0, 150.0, -59.99999999999999, 45.0, 45.0, 180.0, 29.999999999999996, 14.999999999999998, 59.99999999999999, -90.0, 130.0, 59.99999999999999, 45.0, 180.0, -59.99999999999999, 115.0, -59.99999999999999, -59.99999999999999, -150.0, 105.00000000000001, -59.99999999999999, 59.99999999999999]",36.24731229486623,237.51568586154391,-134.4562315666949,-89.63748771112992,16.945732108374802,0.0,53.32216247205675,-12.408026753196252,0.0,-4.422438577492373,0.5883034516246725,0.5883034516246725,0.0,0.0,0.9040340663185681,0.38168116166976157,1.0,36.78041147733353,13.358840658441656,52.33346030685571,193.33249929108288,8.192482582854204,4.521559615624262,3.5779266479568412,5.508595556037851,4.848916770784997,False
183,193.82840093368023,10,"[-90.0, -45.0, -59.99999999999999, 180.0, 90.0, 45.0, -59.99999999999999, 180.0, 45.0, 59.99999999999999, 180.0, -135.0, 150.0, -59.99999999999999, 45.0, 45.0, 180.0, 59.99999999999999, 59.99999999999999, -59.99999999999999, -135.0, 119.99999999999999, -59.99999999999999, 90.0, 180.0, 90.0, 29.999999999999996, 59.99999999999999, 59.99999999999999, 59.99999999999999, 29.999999999999996, -59.99999999999999, -59.99999999999999]",54.04700305788523,52.86722171830188,-168.84562377420627,-112.56374918280417,22.718235116562393,0.0,253.0305740773456,-15.40756216976526,0.0,-5.169750544067982,0.5883034516246725,0.5883034516246725,0.0,0.0,0.9786395063764438,0.6152415321122395,1.0,47.56661663796009,21.533453623928384,69.1450397608027,193.82840093368023,2.212234708563118,3.9260575233484407,2.909390527948877,5.508595556037851,4.848916770784997,False
184,193.9556725364789,10,"[-90.0, -45.0, -59.99999999999999, 180.0, 90.0, 45.0, -59.99999999999999, 180.0, 45.0, 59.99999999999999, 180.0, -135.0, 150.0, -59.99999999999999, 45.0, 45.0, 180.0, 59.99999999999999, 59.99999999999999, -59.99999999999999, -135.0, 135.0, -119.99999999999999, 59.99999999999999, 59.99999999999999, 90.0, 29.999999999999996, 59.99999999999999, 59.99999999999999, -90.0, -75.0, 180.0, 59.99999999999999]",4.08936497475689,223.50027561785873,-115.2751399470925,-76.85009329806167,18.176036204456338,0.0,78.96245478182841,-12.808003382980203,0.0,-3.2776191639734833,0.5883034516246725,0.5883034516246725,0.0,0.0,0.9096968583362187,0.3835011188716928,1.0,39.851665906808535,13.422539160509247,57.82215228644634,193.9556725364789,4.595636690841906,4.35802634181897,2.2821160144177353,5.508595556037851,4.848916770784997,False
185,193.9906056662553,10,"[-90.0, -45.0, -59.99999999999999, 180.0, 90.0, 45.0, -59.99999999999999, 180.0, 45.0, 59.99999999999999, 180.0, -135.0, 150.0, -59.99999999999999, 45.0, 45.0, 180.0, 59.99999999999999, 59.99999999999999, -59.99999999999999, -135.0, 119.99999999999999, -45.0, 160.0, 180.0, -75.0, 105.00000000000001, 180.0, -59.99999999999999, 59.99999999999999, 29.999999999999996, -59.99999999999999, -59.99999999999999]",0.002656862174502833,269.73468139995856,-115.2751399470925,-76.85009329806167,19.380765603257668,0.0,40.71816666042266,-15.80753879954923,0.0,-5.351289564541014,0.5883034516246725,0.5883034516246725,0.0,0.0,0.8910162903434511,0.3990238495952931,1.0,35.41426627714329,13.965834735835257,54.90190602857777,193.9906056662553,5.476948483023875,4.491244118535086,2.552305694713192,5.508595556037851,4.848916770784997,False
186,194.30173098598183,10,"[-90.0, -45.0, -59.99999999999999, 180.0, 90.0, 45.0, -59.99999999999999, 180.0, 45.0, 59.99999999999999, 180.0, -135.0, 150.0, -59.99999999999999, 45.0, 45.0, 180.0, 59.99999999999999, 59.99999999999999, -59.99999999999999, -135.0, 135.0, -90.0, 160.0, 180.0, -75.0, 105.00000000000001, 180.0, -59.99999999999999, -150.0, 105.00000000000001, -59.99999999999999, 59.99999999999999]",10.161851318206654,276.32347401321033,-115.2751399470925,-76.85009329806167,17.84116034693984,0.0,26.802213726860774,-15.807538799549228,0.0,-6.332593124218675,0.5883034516246725,0.5883034516246725,0.0,0.0,0.8883541519138544,0.3893418895462792,1.0,34.38786530780334,13.62696613411977,52.02631435938394,194.30173098598183,6.9256122416847195,4.73367631795977,2.4349119901801783,5.508595556037851,4.848916770784997,False
187,194.84975841392148,10,"[-90.0, -45.0, -59.99999999999999, 180.0, 90.0, 45.0, -59.99999999999999, 180.0, 45.0, 59.99999999999999, 180.0, -135.0, 150.0, -59.99999999999999, 45.0, 45.0, 180.0, 29.999999999999996, 14.999999999999998, 59.99999999999999, -75.0, 145.0, -45.0, 160.0, 180.0, -59.99999999999999, 115.0, -59.99999999999999, -59.99999999999999, -90.0, -75.0, 180.0, 59.99999999999999]",28.21756914503858,190.76206959914566,-115.2751399470925,-76.85009329806167,14.829069842044206,0.0,93.66490757127787,-12.80800338298022,0.0,-5.12901786513676,0.5883034516246725,0.5883034516246725,0.0,0.0,0.9229244163235775,0.4003224041958156,1.0,41.71896681289499,14.011284146853546,61.777100702484404,194.84975841392148,3.1243919033208116,4.521384063285417,2.4845016474182917,5.508595556037851,4.848916770784997,False
188,194.97720422902793,10,"[-90.0, -45.0, -59.99999999999999, 180.0, 90.0, 45.0, -59.99999999999999, 180.0, 45.0, 59.99999999999999, 180.0, -135.0, 150.0, -59.99999999999999, 45.0, 45.0, 180.0, 59.99999999999999, 59.99999999999999, -59.99999999999999, -119.99999999999999, 135.0, -59.99999999999999, 90.0, 180.0, -45.0, 145.0, 180.0, -59.99999999999999, -150.0, 105.00000000000001, -59.99999999999999, 59.99999999999999]",17.02471494649334,199.1742864869956,-115.2751399470925,-76.85009329806167,28.51403728402645,0.0,85.89122044141331,-15.807538799549228,0.0,-5.132679634883705,0.5883034516246725,0.5883034516246725,0.0,0.0,0.919525540813335,0.4019207166799121,1.0,37.78191079063532,14.067225083796922,56.694070515941824,194.97720422902793,7.34524876081754,4.552806334770875,2.855308808599129,5.508595556037851,4.848916770784997,False
189,195.11445358428026,10,"[-90.0, -45.0, -59.99999999999999, 180.0, 90.0, 45.0, -59.99999999999999, 180.0, 45.0, 59.99999999999999, 180.0, -135.0, 150.0, -59.99999999999999, 45.0, 45.0, 180.0, 59.99999999999999, 59.99999999999999, -59.99999999999999, -135.0, 119.99999999999999, -59.99999999999999, 90.0, 180.0, 90.0, 29.999999999999996, 59.99999999999999, 59.99999999999999, -90.0, -75.0, 180.0, 59.99999999999999]",54.04700305788523,88.53041869850597,-226.49065777564937,-150.99377185043292,28.09262225659922,0.0,272.4359486637236,-15.807538799549226,0.0,-6.281645968859846,0.5883034516246725,0.5883034516246725,0.0,0.0,0.9642301338591895,0.4803562704291374,1.0,48.755608476644596,16.81246946501981,70.77756895188904,195.11445358428026,2.212234708563118,3.9260575233484407,2.909390527948877,5.508595556037851,4.848916770784997,False
190,195.85738344171932,10,"[-90.0, -45.0, -59.99999999999999, 180.0, 90.0, 45.0, -59.99999999999999, 180.0, 45.0, 59.99999999999999, 180.0, -135.0, 150.0, -59.99999999999999, 45.0, 45.0, 180.0, 59.99999999999999, 59.99999999999999, -59.99999999999999, -135.0, 135.0, -45.0, 160.0, 180.0, -45.0, 145.0, 180.0, -59.99999999999999, -45.0, 115.0, 59.99999999999999, 180.0]",5.260075584176031,259.0385347714207,-115.2751399470925,-76.85009329806167,19.382176654273376,0.0,49.24234644507132,-15.80753879954923,0.0,-6.571374718205056,0.5883034516246725,0.5883034516246725,0.0,0.0,0.8953379657489209,0.4006522400277366,1.0,37.93218351371541,14.02282840097078,59.09510907033919,195.85738344171932,4.474322118384526,4.334803037975611,2.795067185680404,5.508595556037851,4.848916770784997,False
191,195.89790684622028,10,"[-90.0, -45.0, -59.99999999999999, 180.0, 90.0, 45.0, -59.99999999999999, 180.0, 45.0, 59.99999999999999, 180.0, -135.0, 150.0, -59.99999999999999, 45.0, 45.0, 180.0, 59.99999999999999, 59.99999999999999, -59.99999999999999, -135.0, 135.0, -45.0, 160.0, 180.0, -45.0, 145.0, 180.0, -59.99999999999999, -45.0, 90.0, 180.0, 180.0]",5.260075584176031,259.0385347714207,-115.2751399470925,-76.85009329806167,19.382176654273376,0.0,49.24234644507132,-16.207515429333196,0.0,-6.130874683920127,0.5883034516246725,0.5883034516246725,0.0,0.0,0.8953379657489209,0.4006522400277366,1.0,37.93218351371541,14.02282840097078,59.09510907033919,195.89790684622028,4.474322118384526,4.334803037975611,2.795067185680404,5.508595556037851,4.848916770784997,False
192,196.26761290353633,10,"[-90.0, -45.0, -59.99999999999999, 180.0, 90.0, 45.0, -59.99999999999999, 180.0, 45.0, 59.99999999999999, 180.0, -135.0, 150.0, -59.99999999999999, 45.0, 45.0, 180.0, 29.999999999999996, 14.999999999999998, 59.99999999999999, -105.00000000000001, 175.0, -45.0, 160.0, 180.0, -75.0, 105.00000000000001, 180.0, -59.99999999999999, -150.0, 105.00000000000001, -59.99999999999999, 59.99999999999999]",41.05196513714035,124.78636251062878,-135.93848554111258,-90.6256570274084,15.40408446653252,0.0,170.40776711294998,-12.80800338298022,-3.6248556667317318,-3.5995251845154357,0.5883034516246725,0.5883034516246725,0.0,0.0,0.9495812676724732,0.4153435782202131,1.0,46.338047946927304,14.537025237707459,68.02053930201863,196.26761290353633,2.634621660682822,4.260411891464888,2.5574631069331994,5.508595556037851,4.848916770784997,False
193,196.58534020753228,10,"[-90.0, -45.0, -59.99999999999999, 180.0, 90.0, 45.0, -59.99999999999999, 180.0, 45.0, 59.99999999999999, 180.0, -135.0, 150.0, -59.99999999999999, 45.0, 45.0, 180.0, 59.99999999999999, 59.99999999999999, -59.99999999999999, -119.99999999999999, 135.0, -75.0, 150.0, 59.99999999999999, 90.0, 29.999999999999996, 59.99999999999999, 59.99999999999999, -59.99999999999999, -14.999999999999998, -59.99999999999999, -59.99999999999999]",9.657275871741803,208.8208671652525,-115.2751399470925,-76.85009329806167,13.878057650754975,0.0,99.86002796845477,-12.408026753196237,0.0,-8.536025200007735,0.5883034516246725,0.5883034516246725,0.0,0.0,0.9156279324584837,0.4181191484670515,1.0,39.154069782295394,14.634170196346803,60.69334520338346,196.58534020753228,6.889768028970432,4.339696527019905,3.318098081227922,5.508595556037851,4.848916770784997,False
194,196.70895318781461,10,"[-90.0, -45.0, -59.99999999999999, 180.0, 90.0, 45.0, -59.99999999999999, 180.0, 45.0, 59.99999999999999, 180.0, -135.0, 150.0, -59.99999999999999, 45.0, 45.0, 180.0, 59.99999999999999, 59.99999999999999, -59.99999999999999, -135.0, 135.0, -90.0, 160.0, 180.0, 90.0, 29.999999999999996, 59.99999999999999, 59.99999999999999, -90.0, -75.0, 180.0, 59.99999999999999]",0.038304691714552495,182.4783382887669,-115.2751399470925,-76.85009329806167,28.91325727527161,0.0,124.65114228631302,-15.807538799549226,0.0,-8.87771405923442,0.5883034516246725,0.5883034516246725,0.0,0.0,0.9262713784691852,0.472517785477969,1.0,39.07485427862316,16.538122491728917,61.3486033546532,196.70895318781461,5.5875267864308436,4.318616151006842,3.0753858344853566,5.508595556037851,4.848916770784997,False
195,196.92369642821177,10,"[-90.0, -45.0, -59.99999999999999, 180.0, 90.0, 45.0, -59.99999999999999, 180.0, 45.0, 59.99999999999999, 180.0, -135.0, 150.0, -59.99999999999999, 45.0, 45.0, 180.0, 59.99999999999999, 59.99999999999999, -59.99999999999999, -135.0, 119.99999999999999, -45.0, 160.0, 180.0, -75.0, 75.0, -59.99999999999999, 59.99999999999999, 59.99999999999999, 29.999999999999996, -59.99999999999999, -59.99999999999999]",0.0025419415364926726,267.6373079404246,-115.2751399470925,-76.85009329806167,15.753077459233186,0.0,47.448390832980834,-15.40756216976526,0.0,-3.823223080730248,0.5883034516246725,0.5883034516246725,0.0,0.0,0.891863713963465,0.4102271369062436,1.0,37.03412546070694,14.357949791718525,56.13936149494117,196.92369642821177,5.477452532131112,4.470288333250228,2.516612299655968,5.508595556037851,4.848916770784997,False
196,196.95566475331333,10,"[-90.0, -45.0, -59.99999999999999, 180.0, 90.0, 45.0, -59.99999999999999, 180.0, 45.0, 59.99999999999999, 180.0, -135.0, 150.0, -59.99999999999999, 45.0, 45.0, 180.0, 59.99999999999999, 59.99999999999999, -59.99999999999999, -135.0, 135.0, -90.0, 160.0, 180.0, 90.0, 29.999999999999996, 59.99999999999999, 59.99999999999999, -45.0, -45.0, -59.99999999999999, 180.0]",0.038304691714552495,219.83544600782545,-115.2751399470925,-76.85009329806167,29.961430038580755,0.0,87.71108479283104,-15.40756216976526,0.0,-10.496202112405395,0.5883034516246725,0.5883034516246725,0.0,0.0,0.9111775975725958,0.5611147970355805,1.0,37.7330849835292,19.63901789624532,59.870981499462,196.95566475331333,5.5875267864308436,4.318616151006842,3.0753858344853566,5.508595556037851,4.848916770784997,False
197,197.39406593064237,10,"[-90.0, -45.0, -59.99999999999999, 180.0, 90.0, 45.0, -59.99999999999999, 180.0, 45.0, 59.99999999999999, 180.0, -135.0, 150.0, -59.99999999999999, 45.0, 45.0, 180.0, 59.99999999999999, 59.99999999999999, -59.99999999999999, -135.0, 135.0, -90.0, 160.0, 180.0, -75.0, 75.0, -59.99999999999999, 59.99999999999999, -90.0, -75.0, 180.0, 59.99999999999999]",11.201719905274105,290.4145569487832,-115.2751399470925,-76.85009329806167,17.001344048327777,0.0,15.411127187131848,-15.807538799549226,0.0,-6.140306863857482,0.5883034516246725,0.5883034516246725,0.0,0.0,0.8826607850711987,0.3852569619515573,1.0,34.694024672935,13.483993668304505,51.93053345568419,197.39406593064237,6.996777866303087,4.70191376291136,2.437990108132949,5.508595556037851,4.848916770784997,False
198,197.47569263555857,10,"[-90.0, -45.0, -59.99999999999999, 180.0, 90.0, 45.0, -59.99999999999999, 180.0, 45.0, 59.99999999999999, 180.0, -135.0, 150.0, -59.99999999999999, 45.0, 45.0, 180.0, 59.99999999999999, 59.99999999999999, -59.99999999999999, -135.0, 119.99999999999999, -59.99999999999999, 115.0, 59.99999999999999, 90.0, 29.999999999999996, 59.99999999999999, 59.99999999999999, -90.0, -75.0, 180.0, 59.99999999999999]",12.8056382184311,82.78175290016976,-132.35732026773985,-88.23821351182657,26.957731381443192,0.0,229.7739640373578,-12.808003382980203,-3.1604474337882333,-7.105926268959706,0.5883034516246725,0.5883034516246725,0.0,0.0,0.9665528271110425,0.5058834110483025,1.0,46.4214065839661,17.705919386690585,70.41756561537761,197.47569263555857,3.8996476501450625,3.991096493931911,3.132586800719945,5.508595556037851,4.848916770784997,False
199,197.81358543445202,10,"[-90.0, -45.0, -59.99999999999999, 180.0, 90.0, 45.0, -59.99999999999999, 180.0, 45.0, 59.99999999999999, 180.0, -135.0, 150.0, -59.99999999999999, 45.0, 45.0, 180.0, 29.999999999999996, 14.999999999999998, 59.99999999999999, -90.0, 130.0, -45.0, 160.0, 180.0, -45.0, 145.0, 180.0, -59.99999999999999, -59.99999999999999, -14.999999999999998, -59.99999999999999, -59.99999999999999]",17.058596615730973,252.51946205779316,-115.2751399470925,-76.85009329806167,14.728130667873053,0.0,47.603610443805394,-12.808003382980221,0.0,-6.601374472302513,0.5883034516246725,0.5883034516246725,0.0,0.0,0.8979719345221038,0.3867456723439528,1.0,38.84513844093785,13.536098532038348,61.25006230180851,197.81358543445202,3.6529159945616456,4.5231462308836,2.40776348972888,5.508595556037851,4.848916770784997,False
200,198.4464180985569,10,"[-90.0, -45.0, -59.99999999999999, 180.0, 90.0, 45.0, -59.99999999999999, 180.0, 45.0, 59.99999999999999, 180.0, -135.0, 150.0, -59.99999999999999, 45.0, 45.0, 180.0, 59.99999999999999, 59.99999999999999, -59.99999999999999, -119.99999999999999, 135.0, -45.0, 160.0, 180.0, -45.0, 145.0, 180.0, -59.99999999999999, -75.0, 175.0, -59.99999999999999, 180.0]",0.032390002518333155,287.14236657727605,-115.2751399470925,-76.85009329806167,17.646430232744716,0.0,31.10768930973673,-15.80753879954923,0.0,-6.988082728701903,0.5883034516246725,0.5883034516246725,0.0,0.0,0.8839828821909996,0.4472304567674379,1.0,36.0976156421761,15.653065986860327,55.565588341999906,198.4464180985569,5.580486026760343,4.470401274325146,2.8522512522127275,5.508595556037851,4.848916770784997,False
