energy_rank,energy,depth,angles_deg_json,term_constraint,term_sasa,term_hbond,term_hbond_raw,term_electrostatics,term_disulfide,term_vdw_repulsion,term_rotamer,term_pi_stacking,term_rama,term_geometry,term_geom_pro_ring,term_geom_chirality,term_geom_planarity,term_burial_mean,term_burial_min,term_burial_max,term_neighbor_mean,term_neighbor_min,term_neighbor_max,term_total,pred_e2e_A,pred_rg_A,rmsd_to_reference_A,ref_e2e_A,ref_rg_A,native_like
1,108.12346422306354,10,"[-90.0, -45.0, -59.99999999999999, 180.0, 90.0, 45.0, -59.99999999999999, 180.0, 45.0, 59.99999999999999, 180.0, -135.0, 150.0, -59.99999999999999, 45.0, 45.0, 180.0, 59.99999999999999, 59.99999999999999, -59.99999999999999, -135.0, 135.0, -45.0, 160.0, 180.0, -75.0, 105.00000000000001, 180.0, -59.99999999999999, -150.0, 105.00000000000001, -59.99999999999999, 59.99999999999999]",1.2214335341329488,129.21070986595038,-115.2751399470925,-76.85009329806167,20.052192224974828,0.0,93.68155223823842,-15.807538799549228,0.0,-5.548048345215974,0.5883034516246725,0.5883034516246725,0.0,0.0,0.947793652579414,0.4095015853299711,1.0,40.29512897333014,14.332555486548989,59.519259828687645,108.12346422306354,5.005746313289835,4.410689234614565,2.6767563574151403,5.508595556037851,4.848916770784997,False
2,113.77143914345805,10,"[-90.0, -45.0, -59.99999999999999, 180.0, 90.0, 45.0, -59.99999999999999, 180.0, 45.0, 59.99999999999999, 180.0, -135.0, 150.0, -59.99999999999999, 45.0, 45.0, 180.0, 59.99999999999999, 59.99999999999999, -59.99999999999999, -135.0, 119.99999999999999, -45.0, 160.0, 180.0, -75.0, 115.0, 180.0, -59.99999999999999, -150.0, 105.00000000000001, -59.99999999999999, 59.99999999999999]",0.022885379022547996,147.46112515523706,-115.2751399470925,-76.85009329806167,19.64313529332275,0.0,82.8019636670664,-15.807538799549228,0.0,-5.663295056173624,0.5883034516246725,0.5883034516246725,0.0,0.0,0.9404197474120254,0.396323923337062,1.0,38.55748869026482,13.87133731679717,56.70874960832833,113.77143914345805,5.567654089340627,4.5047032375299425,2.570248788819294,5.508595556037851,4.848916770784997,False
3,117.84872398061884,10,"[-90.0, -45.0, -59.99999999999999, 180.0, 90.0, 45.0, -59.99999999999999, 180.0, 45.0, 59.99999999999999, 180.0, -135.0, 150.0, -59.99999999999999, 45.0, 45.0, 180.0, 59.99999999999999, 59.99999999999999, -59.99999999999999, -135.0, 135.0, -75.0, 150.0, 59.99999999999999, -59.99999999999999, 115.0, -59.99999999999999, -59.99999999999999, -150.0, 105.00000000000001, -59.99999999999999, 59.99999999999999]",0.08159864469908372,161.4158273777271,-115.2751399470925,-76.85009329806167,19.040307840624646,0.0,70.90970896317944,-12.408026753196237,0.0,-6.503855596947369,0.5883034516246725,0.5883034516246725,0.0,0.0,0.9347814838877869,0.39422966634529505,1.0,37.64572807041314,13.798038322085327,55.062805195645126,117.84872398061884,5.627748694474021,4.562913599264479,2.452900763273037,5.508595556037851,4.848916770784997,False
4,122.44133514915224,10,"[-90.0, -45.0, -59.99999999999999, 180.0, 90.0, 45.0, -59.99999999999999, 180.0, 45.0, 59.99999999999999, 180.0, -135.0, 150.0, -59.99999999999999, 45.0, 45.0, 180.0, 59.99999999999999, 59.99999999999999, -59.99999999999999, -135.0, 135.0, -75.0, 150.0, 59.99999999999999, -45.0, 145.0, 180.0, -59.99999999999999, -90.0, -75.0, 180.0, 59.99999999999999]",0.2035910567254501,177.00644494310288,-115.2751399470925,-76.85009329806167,18.62434113156424,0.0,62.85720711519079,-13.207980012764175,0.0,-8.35543258919913,0.5883034516246725,0.5883034516246725,0.0,0.0,0.9284822444674331,0.41230152793032315,1.0,37.104354858851416,14.430553477561311,55.24771945022205,122.44133514915224,5.298212459886419,4.549401576568294,2.4701845892812377,5.508595556037851,4.848916770784997,False
5,123.40307380853852,10,"[-90.0, -45.0, -59.99999999999999, 180.0, 90.0, 45.0, -59.99999999999999, 180.0, 45.0, 59.99999999999999, 180.0, -135.0, 150.0, -59.99999999999999, 45.0, 45.0, 180.0, 59.99999999999999, 59.99999999999999, -59.99999999999999, -135.0, 119.99999999999999, -45.0, 160.0, 180.0, -75.0, 105.00000000000001, 180.0, -59.99999999999999, -150.0, 105.00000000000001, -59.99999999999999, 59.99999999999999]",0.002656862174502833,157.63904898128436,-115.2751399470925,-76.85009329806167,19.629431499092085,0.0,81.75371652688796,-15.807538799549228,0.0,-5.127404765883305,0.5883034516246725,0.5883034516246725,0.0,0.0,0.9363074549570569,0.3959109959110213,1.0,38.02068237119806,13.856884856885745,56.276849845182944,123.40307380853852,5.476948483023875,4.491244118535086,2.552305694713192,5.508595556037851,4.848916770784997,False
6,124.2941787830816,10,"[-90.0, -45.0, -59.99999999999999, 180.0, 90.0, 45.0, -59.99999999999999, 180.0, 45.0, 59.99999999999999, 180.0, -135.0, 150.0, -59.99999999999999, 45.0, 45.0, 180.0, 59.99999999999999, 59.99999999999999, -59.99999999999999, -119.99999999999999, 135.0, -45.0, 160.0, 180.0, -75.0, 105.00000000000001, 180.0, -59.99999999999999, -150.0, 105.00000000000001, -59.99999999999999, 59.99999999999999]",1.2148180698782858,204.38587706960624,-115.2751399470925,-76.85009329806167,16.79297850359715,0.0,37.75518510048518,-15.807538799549228,0.0,-5.360304665468173,0.5883034516246725,0.5883034516246725,0.0,0.0,0.9174198476486439,0.3908252128689067,1.0,37.43083664910173,13.678882450411734,54.991460071175304,124.2941787830816,5.992913393990929,4.545731957504525,2.7242962245550593,5.508595556037851,4.848916770784997,False
7,124.69141352411916,10,"[-90.0, -45.0, -59.99999999999999, 180.0, 90.0, 45.0, -59.99999999999999, 180.0, 45.0, 59.99999999999999, 180.0, -135.0, 150.0, -59.99999999999999, 45.0, 45.0, 180.0, 59.99999999999999, 59.99999999999999, -59.99999999999999, -135.0, 135.0, -45.0, 160.0, 180.0, -75.0, 115.0, 180.0, -59.99999999999999, -150.0, 105.00000000000001, -59.99999999999999, 59.99999999999999]",0.6428785635466914,122.2570392268789,-115.2751399470925,-76.85009329806167,20.08257912142979,0.0,118.28723054278714,-15.807538799549228,0.0,-6.083938635506294,0.5883034516246725,0.5883034516246725,0.0,0.0,0.9506032164739883,0.4112954292903377,1.0,40.96578425922765,14.395340025161818,60.11971196769058,124.69141352411916,5.14142544330455,4.424359901967266,2.699386706666084,5.508595556037851,4.848916770784997,False
8,125.57625921051276,10,"[-90.0, -45.0, -59.99999999999999, 180.0, 90.0, 45.0, -59.99999999999999, 180.0, 45.0, 59.99999999999999, 180.0, -135.0, 150.0, -59.99999999999999, 45.0, 45.0, 180.0, 59.99999999999999, 59.99999999999999, -59.99999999999999, -119.99999999999999, 135.0, -45.0, 160.0, 180.0, -75.0, 115.0, 180.0, -59.99999999999999, -150.0, 105.00000000000001, -59.99999999999999, 59.99999999999999]",2.0844060028094678,195.68521865273476,-115.2751399470925,-76.85009329806167,16.832053479412785,0.0,50.32677774734942,-15.807538799549228,-2.9616264210181233,-5.896194955758493,0.5883034516246725,0.5883034516246725,0.0,0.0,0.9209352651908143,0.3919488311215039,1.0,38.12804892666593,13.718209089252637,55.64725097956161,125.57625921051276,6.1456633802236995,4.560853642489402,2.7491641293206386,5.508595556037851,4.848916770784997,False
9,137.66388074972005,10,"[-90.0, -45.0, -59.99999999999999, 180.0, 90.0, 45.0, -59.99999999999999, 180.0, 45.0, 59.99999999999999, 180.0, -135.0, 150.0, -59.99999999999999, 45.0, 45.0, 180.0, 59.99999999999999, 59.99999999999999, -59.99999999999999, -119.99999999999999, 135.0, -59.99999999999999, 115.0, 59.99999999999999, -45.0, 145.0, 180.0, -59.99999999999999, -90.0, -75.0, 180.0, 59.99999999999999]",8.105253288583068,159.7816622613145,-115.2751399470925,-76.85009329806167,19.046776846113666,0.0,85.91774502037396,-13.207980012764175,0.0,-7.292740158433139,0.5883034516246725,0.5883034516246725,0.0,0.0,0.935441752621691,0.4218144387863913,1.0,37.27510191468517,14.763505357523695,55.58901559835151,137.66388074972005,6.77320487656803,4.5745661384888985,2.756141438762126,5.508595556037851,4.848916770784997,False
10,139.38908357524033,10,"[-90.0, -45.0, -59.99999999999999, 180.0, 90.0, 45.0, -59.99999999999999, 180.0, 45.0, 59.99999999999999, 180.0, -135.0, 150.0, -59.99999999999999, 45.0, 45.0, 180.0, 59.99999999999999, 59.99999999999999, -59.99999999999999, -135.0, 135.0, -90.0, 160.0, 180.0, -59.99999999999999, 115.0, -59.99999999999999, -59.99999999999999, -150.0, 105.00000000000001, -59.99999999999999, 59.99999999999999]",2.3022097890522684,213.45878757051486,-115.2751399470925,-76.85009329806167,17.657070577290586,0.0,43.045465360486936,-15.40756216976526,0.0,-6.98005105687122,0.5883034516246725,0.5883034516246725,0.0,0.0,0.9137540252240345,0.3871190422018553,1.0,35.78402884426116,13.549166477064935,52.47445920838783,139.38908357524033,6.1785587357115475,4.674075327367813,2.37814896173899,5.508595556037851,4.848916770784997,False
11,142.5220889839759,10,"[-90.0, -45.0, -59.99999999999999, 180.0, 90.0, 45.0, -59.99999999999999, 180.0, 45.0, 59.99999999999999, 180.0, -135.0, 150.0, -59.99999999999999, 45.0, 45.0, 180.0, 59.99999999999999, 59.99999999999999, -59.99999999999999, -135.0, 135.0, -45.0, 160.0, 180.0, -90.0, 105.00000000000001, -59.99999999999999, -59.99999999999999, -150.0, 105.00000000000001, -59.99999999999999, 59.99999999999999]",0.6682190025161685,156.97259895098406,-115.2751399470925,-76.85009329806167,21.0764805678829,0.0,99.30046315245995,-15.40756216976526,0.0,-5.401274024634116,0.5883034516246725,0.5883034516246725,0.0,0.0,0.9365767276965721,0.4050994037864371,1.0,38.27468952676181,14.178479132525299,57.41908901534563,142.5220889839759,5.865573249162509,4.494470636971433,2.6997317600560278,5.508595556037851,4.848916770784997,False
12,148.98342276770794,10,"[-90.0, -45.0, -59.99999999999999, 180.0, 90.0, 45.0, -59.99999999999999, 180.0, 45.0, 59.99999999999999, 180.0, -135.0, 150.0, -59.99999999999999, 45.0, 45.0, 180.0, 59.99999999999999, 59.99999999999999, -59.99999999999999, -135.0, 119.99999999999999, -45.0, 160.0, 180.0, -59.99999999999999, 115.0, -59.99999999999999, -59.99999999999999, -150.0, 105.00000000000001, -59.99999999999999, 59.99999999999999]",3.0255254008765813,145.5365844595556,-115.2751399470925,-76.85009329806167,19.05034610740407,0.0,117.24022816364064,-15.40756216976526,0.0,-5.774862698535849,0.5883034516246725,0.5883034516246725,0.0,0.0,0.9411973396123008,0.3982176715728181,1.0,40.8467639812473,13.937618505048635,59.177230358560394,148.98342276770794,4.722114995532555,4.422921538324989,2.5585925715608027,5.508595556037851,4.848916770784997,False
13,156.39418697019354,10,"[-90.0, -45.0, -59.99999999999999, 180.0, 90.0, 45.0, -59.99999999999999, 180.0, 45.0, 59.99999999999999, 180.0, -135.0, 150.0, -59.99999999999999, 45.0, 45.0, 180.0, 59.99999999999999, 59.99999999999999, -59.99999999999999, -119.99999999999999, 135.0, -45.0, 160.0, 180.0, -90.0, 105.00000000000001, -59.99999999999999, -59.99999999999999, -90.0, -75.0, 180.0, 59.99999999999999]",8.789873530011079,174.46474568897474,-115.2751399470925,-76.85009329806167,17.162380892034687,0.0,93.02087272252598,-15.807538799549228,0.0,-6.549310568335889,0.5883034516246725,0.5883034516246725,0.0,0.0,0.9295091936610204,0.3962325004057127,1.0,37.03722184663113,13.868137514199944,54.96161086405377,156.39418697019354,6.825886385027848,4.6344759889892115,2.74661053010197,5.508595556037851,4.848916770784997,False
14,156.83217991014595,10,"[-90.0, -45.0, -59.99999999999999, 180.0, 90.0, 45.0, -59.99999999999999, 180.0, 45.0, 59.99999999999999, 180.0, -135.0, 150.0, -59.99999999999999, 45.0, 45.0, 180.0, 59.99999999999999, 59.99999999999999, -59.99999999999999, -135.0, 135.0, -75.0, 150.0, 59.99999999999999, -59.99999999999999, 115.0, -59.99999999999999, -59.99999999999999, -90.0, -75.0, 180.0, 59.99999999999999]",0.08159864469908372,173.66086958531452,-115.2751399470925,-76.85009329806167,19.01338144738965,0.0,99.41080593158767,-12.808003382980205,0.0,-7.839635820396942,0.5883034516246725,0.5883034516246725,0.0,0.0,0.9298339920867416,0.3967259583034944,1.0,37.33036204646561,13.885408540622304,55.74386209201607,156.83217991014595,5.627748694474021,4.562913599264479,2.452900763273037,5.508595556037851,4.848916770784997,False
15,158.20676570210986,10,"[-90.0, -45.0, -59.99999999999999, 180.0, 90.0, 45.0, -59.99999999999999, 180.0, 45.0, 59.99999999999999, 180.0, -135.0, 150.0, -59.99999999999999, 45.0, 45.0, 180.0, 59.99999999999999, 59.99999999999999, -59.99999999999999, -119.99999999999999, 135.0, -59.99999999999999, 115.0, 59.99999999999999, -45.0, 145.0, 180.0, -59.99999999999999, -150.0, 105.00000000000001, -59.99999999999999, 59.99999999999999]",8.105253288583068,155.98063851816914,-115.2751399470925,-76.85009329806167,19.06622107230283,0.0,108.5064526364864,-12.808003382980207,0.0,-5.956959934983566,0.5883034516246725,0.5883034516246725,0.0,0.0,0.9369775197906388,0.39400613696718584,1.0,38.01179517784324,13.790214793851504,56.20209334288084,158.20676570210986,6.77320487656803,4.5745661384888985,2.756141438762126,5.508595556037851,4.848916770784997,False
16,158.9731917505512,10,"[-90.0, -45.0, -59.99999999999999, 180.0, 90.0, 45.0, -59.99999999999999, 180.0, 45.0, 59.99999999999999, 180.0, -135.0, 150.0, -59.99999999999999, 45.0, 45.0, 180.0, 59.99999999999999, 59.99999999999999, -59.99999999999999, -119.99999999999999, 135.0, -45.0, 160.0, 180.0, -90.0, 105.00000000000001, -59.99999999999999, -59.99999999999999, -150.0, 105.00000000000001, -59.99999999999999, 59.99999999999999]",8.789873530011079,228.49647113039194,-115.2751399470925,-76.85009329806167,17.07517857599811,0.0,39.91959752426947,-15.40756216976526,0.0,-5.2135303448863155,0.5883034516246725,0.5883034516246725,0.0,0.0,0.9076781934826699,0.38739699272213635,1.0,35.201534542810734,13.558894745274772,52.83835884745994,158.9731917505512,6.825886385027848,4.6344759889892115,2.74661053010197,5.508595556037851,4.848916770784997,False
17,160.25576494839,10,"[-90.0, -45.0, -59.99999999999999, 180.0, 90.0, 45.0, -59.99999999999999, 180.0, 75.0, 59.99999999999999, 59.99999999999999, 45.0, 59.99999999999999, -59.99999999999999, -165.0, 165.0, 180.0, 29.999999999999996, 14.999999999999998, 59.99999999999999, -135.0, 135.0, -59.99999999999999, 115.0, 59.99999999999999, -45.0, 145.0, 180.0, -59.99999999999999, -150.0, 105.00000000000001, -59.99999999999999, 59.99999999999999]",35.32798822734148,164.5203126856005,-100.06716224994352,-66.71144149996235,14.29010446465118,0.0,60.22042526128809,-9.808467966411198,0.0,-4.815738925761181,0.5883034516246725,0.5883034516246725,0.0,0.0,0.9335271463896563,0.5784792154792309,1.0,37.7708805107647,20.24677254177308,60.340056094668775,160.25576494839,8.158119193239516,4.704299416068516,4.2797051252101195,5.508595556037851,4.848916770784997,False
18,160.7351414309408,10,"[-90.0, -45.0, -59.99999999999999, 180.0, 90.0, 45.0, -59.99999999999999, 180.0, 45.0, 59.99999999999999, 180.0, -135.0, 150.0, -59.99999999999999, 45.0, 45.0, 180.0, 59.99999999999999, 59.99999999999999, -59.99999999999999, -135.0, 119.99999999999999, -45.0, 160.0, 180.0, -59.99999999999999, 115.0, -59.99999999999999, -59.99999999999999, -105.00000000000001, 105.00000000000001, 59.99999999999999, -59.99999999999999]",3.0255254008765813,194.78280914779623,-115.2751399470925,-76.85009329806167,18.937086111750723,0.0,78.87121704925053,-15.407562169765262,0.0,-4.787097613500151,0.5883034516246725,0.5883034516246725,0.0,0.0,0.9212998750917994,0.3973439719798616,1.0,38.65593652369582,13.907039019295157,57.558103677018856,160.7351414309408,4.722114995532555,4.422921538324989,2.5585925715608027,5.508595556037851,4.848916770784997,False
19,161.0289585634322,10,"[-90.0, -45.0, -59.99999999999999, 180.0, 90.0, 45.0, -59.99999999999999, 180.0, 45.0, 59.99999999999999, 180.0, -135.0, 150.0, -59.99999999999999, 45.0, 45.0, 180.0, 59.99999999999999, 59.99999999999999, -59.99999999999999, -119.99999999999999, 135.0, -75.0, 150.0, 59.99999999999999, -45.0, 145.0, 180.0, -59.99999999999999, -90.0, -75.0, 180.0, 59.99999999999999]",1.456213444947021,244.04856413403496,-115.2751399470925,-76.85009329806167,16.61613591578029,0.0,34.97055048635326,-13.207980012764175,0.0,-8.16768890945133,0.5883034516246725,0.5883034516246725,0.0,0.0,0.901394519541804,0.4056359042678108,1.0,34.78349373690606,14.19725664937338,51.969116119300196,161.0289585634322,6.039669055060047,4.66475094614043,2.512461782105863,5.508595556037851,4.848916770784997,False
20,165.55214168521454,10,"[-90.0, -45.0, -59.99999999999999, 180.0, 90.0, 45.0, -59.99999999999999, 180.0, 45.0, 59.99999999999999, 180.0, -135.0, 150.0, -59.99999999999999, 45.0, 45.0, 180.0, 59.99999999999999, 59.99999999999999, -59.99999999999999, -135.0, 135.0, -45.0, 160.0, 180.0, -75.0, 115.0, 180.0, -59.99999999999999, -105.00000000000001, 105.00000000000001, 59.99999999999999, -59.99999999999999]",0.6428785635466914,188.58612767385605,-115.2751399470925,-76.85009329806167,19.977816393176166,0.0,91.93586790012324,-15.80753879954923,0.0,-5.096173550470596,0.5883034516246725,0.5883034516246725,0.0,0.0,0.92380358477824,0.4099554582870537,1.0,38.86593188558409,14.34844104004688,58.67456737240183,165.55214168521454,5.14142544330455,4.424359901967266,2.699386706666084,5.508595556037851,4.848916770784997,False
21,166.1689102115846,10,"[-90.0, -45.0, -59.99999999999999, 180.0, 90.0, 45.0, -59.99999999999999, 180.0, 45.0, 59.99999999999999, 180.0, -135.0, 150.0, -59.99999999999999, 45.0, 45.0, 180.0, 59.99999999999999, 59.99999999999999, -59.99999999999999, -105.00000000000001, 175.0, -59.99999999999999, 90.0, 180.0, -45.0, 145.0, 180.0, -59.99999999999999, -150.0, 105.00000000000001, -59.99999999999999, 59.99999999999999]",61.70575290188599,156.55437676729775,-115.2751399470925,-76.85009329806167,16.622605785942863,0.0,65.1474002979292,-15.807538799549228,0.0,-3.366850246454173,0.5883034516246725,0.5883034516246725,0.0,0.0,0.9367457063566473,0.4029835338240623,1.0,37.28669719729731,14.104423683842182,55.58189165560296,166.1689102115846,9.012997378361845,4.582194166694072,3.38081631535604,5.508595556037851,4.848916770784997,False
22,167.81430820357832,10,"[-90.0, -45.0, -59.99999999999999, 180.0, 90.0, 45.0, -59.99999999999999, 180.0, 45.0, 59.99999999999999, 180.0, -135.0, 150.0, -59.99999999999999, 45.0, 45.0, 180.0, 29.999999999999996, 14.999999999999998, 59.99999999999999, -90.0, 130.0, -45.0, 160.0, 180.0, -59.99999999999999, 115.0, -59.99999999999999, -59.99999999999999, -90.0, -75.0, 180.0, 59.99999999999999]",9.18190104488636,194.7089965504531,-115.2751399470925,-76.85009329806167,15.169030714498174,0.0,87.06045651677769,-12.80800338298022,-5.047909321533608,-5.763327423055356,0.5883034516246725,0.5883034516246725,0.0,0.0,0.9213296983634532,0.3854120259023749,1.0,40.051972055605205,13.48942090658312,61.99704104215343,167.81430820357832,4.144868932915612,4.545795907794879,2.418075999955013,5.508595556037851,4.848916770784997,False
23,168.9203965461092,10,"[-90.0, -45.0, -59.99999999999999, 180.0, 90.0, 45.0, -59.99999999999999, 180.0, 45.0, 59.99999999999999, 180.0, -135.0, 150.0, -59.99999999999999, 45.0, 45.0, 180.0, 59.99999999999999, 59.99999999999999, -59.99999999999999, -119.99999999999999, 135.0, -45.0, 160.0, 180.0, -75.0, 115.0, 180.0, -59.99999999999999, -59.99999999999999, -14.999999999999998, -59.99999999999999, -59.99999999999999]",2.0844060028094678,213.02472969811666,-115.2751399470925,-76.85009329806167,16.76042063150915,0.0,75.09944096834401,-15.80753879954923,0.0,-7.5542254596530345,0.5883034516246725,0.5883034516246725,0.0,0.0,0.9139294021421751,0.39877606267560717,1.0,37.33310180127115,13.957162193646251,55.664198998036944,168.9203965461092,6.1456633802236995,4.560853642489402,2.7491641293206386,5.508595556037851,4.848916770784997,False
24,170.63174266373326,10,"[-90.0, -45.0, -59.99999999999999, 180.0, 90.0, 45.0, -59.99999999999999, 180.0, 45.0, 59.99999999999999, 180.0, -135.0, 150.0, -59.99999999999999, 45.0, 45.0, 180.0, 59.99999999999999, 59.99999999999999, -59.99999999999999, -135.0, 119.99999999999999, -75.0, 150.0, 59.99999999999999, -45.0, 145.0, 180.0, -59.99999999999999, -150.0, 105.00000000000001, -59.99999999999999, 59.99999999999999]",2.2524937627240753,192.8297308188843,-115.2751399470925,-76.85009329806167,17.93423500012976,0.0,91.70913174686005,-12.808003382980207,0.0,-6.599008786416888,0.5883034516246725,0.5883034516246725,0.0,0.0,0.9220889976489357,0.38781493616068136,1.0,36.57070984942864,13.573522765623848,53.81844823709524,170.63174266373326,6.171192038499277,4.652666029781473,2.412203038354482,5.508595556037851,4.848916770784997,False
25,170.64231934251222,10,"[-90.0, -45.0, -59.99999999999999, 180.0, 90.0, 45.0, -59.99999999999999, 180.0, 45.0, 59.99999999999999, 180.0, -135.0, 150.0, -59.99999999999999, 45.0, 45.0, 180.0, 59.99999999999999, 59.99999999999999, -59.99999999999999, -135.0, 119.99999999999999, -45.0, 160.0, 180.0, -75.0, 115.0, 180.0, -59.99999999999999, -90.0, -75.0, 180.0, 59.99999999999999]",0.022885379022547996,133.1452387094087,-115.2751399470925,-76.85009329806167,19.675300763154798,0.0,155.69232169535042,-16.207515429333196,0.0,-6.999075279623197,0.5883034516246725,0.5883034516246725,0.0,0.0,0.9462039439557945,0.4052527628877483,1.0,39.23487609709139,14.183846701071191,58.107839539482626,170.64231934251222,5.567654089340627,4.5047032375299425,2.570248788819294,5.508595556037851,4.848916770784997,False
26,170.66518654426343,10,"[-90.0, -45.0, -59.99999999999999, 180.0, 90.0, 45.0, -59.99999999999999, 180.0, 45.0, 59.99999999999999, 180.0, -135.0, 150.0, -59.99999999999999, 45.0, 45.0, 180.0, 59.99999999999999, 59.99999999999999, -59.99999999999999, -135.0, 135.0, -75.0, 150.0, 59.99999999999999, -45.0, 145.0, 180.0, -59.99999999999999, -105.00000000000001, 105.00000000000001, 59.99999999999999, -59.99999999999999]",0.2035910567254501,198.5222833817292,-115.2751399470925,-76.85009329806167,18.537232031608223,0.0,86.9288072333624,-12.808003382980209,0.0,-6.03188728071386,0.5883034516246725,0.5883034516246725,0.0,0.0,0.9197889764114227,0.392991768526776,1.0,37.47155713989614,13.75471189843716,55.49655040637467,170.66518654426343,5.298212459886419,4.549401576568294,2.4701845892812377,5.508595556037851,4.848916770784997,False
27,170.95660174550812,10,"[-90.0, -45.0, -59.99999999999999, 180.0, 90.0, 45.0, -59.99999999999999, 180.0, 45.0, 59.99999999999999, 180.0, -135.0, 150.0, -59.99999999999999, 45.0, 45.0, 180.0, 59.99999999999999, 59.99999999999999, -59.99999999999999, -135.0, 135.0, -45.0, 160.0, 180.0, -90.0, 105.00000000000001, -59.99999999999999, -59.99999999999999, -90.0, -75.0, 180.0, 59.99999999999999]",0.6682190025161685,121.05553197351358,-115.2751399470925,-76.85009329806167,21.132535023611915,0.0,165.3317452889672,-15.807538799549228,0.0,-6.737054248083689,0.5883034516246725,0.5883034516246725,0.0,0.0,0.9510886739500956,0.4128065330006762,1.0,39.930189504355226,14.448228655023668,59.369749981771676,170.95660174550812,5.865573249162509,4.494470636971433,2.6997317600560278,5.508595556037851,4.848916770784997,False
28,171.3358154996075,10,"[-90.0, -45.0, -59.99999999999999, 180.0, 90.0, 45.0, -59.99999999999999, 180.0, 45.0, 59.99999999999999, 180.0, -135.0, 150.0, -59.99999999999999, 45.0, 45.0, 180.0, 59.99999999999999, 59.99999999999999, -59.99999999999999, -119.99999999999999, 135.0, -45.0, 160.0, 180.0, -59.99999999999999, 115.0, -59.99999999999999, -59.99999999999999, -105.00000000000001, 105.00000000000001, 59.99999999999999, -59.99999999999999]",0.02082388774955465,221.41824567674374,-115.2751399470925,-76.85009329806167,16.87409380471994,0.0,68.1370483087124,-15.407562169765262,0.0,-5.019997513085022,0.5883034516246725,0.5883034516246725,0.0,0.0,0.910538082554851,0.39877617736021337,1.0,38.550450134652145,13.957166207607468,59.919328947958874,171.3358154996075,5.435464912257665,4.476252607718327,2.7625670351793405,5.508595556037851,4.848916770784997,False
29,172.63465784666803,10,"[-90.0, -45.0, -59.99999999999999, 180.0, 90.0, 45.0, -59.99999999999999, 180.0, 45.0, 59.99999999999999, 180.0, -135.0, 150.0, -59.99999999999999, 45.0, 45.0, 180.0, 59.99999999999999, 59.99999999999999, -59.99999999999999, -135.0, 135.0, -45.0, 160.0, 180.0, -75.0, 105.00000000000001, 180.0, -59.99999999999999, -105.00000000000001, 105.00000000000001, 59.99999999999999, -59.99999999999999]",1.2214335341329488,203.17717749604748,-115.2751399470925,-76.85009329806167,19.96825165583334,0.0,83.3224537158516,-15.80753879954923,0.0,-4.560283260180276,0.5883034516246725,0.5883034516246725,0.0,0.0,0.9179082111127082,0.4089470446718285,1.0,38.35877368799072,14.313146563513998,58.4001998121939,172.63465784666803,5.005746313289835,4.410689234614565,2.6767563574151403,5.508595556037851,4.848916770784997,False
30,172.8273868953251,10,"[-90.0, -45.0, -59.99999999999999, 180.0, 90.0, 45.0, -59.99999999999999, 180.0, 45.0, 59.99999999999999, 180.0, -135.0, 150.0, -59.99999999999999, -75.0, 75.0, 180.0, 59.99999999999999, 59.99999999999999, -59.99999999999999, -135.0, 119.99999999999999, 59.99999999999999, 45.0, 180.0, -45.0, 145.0, 180.0, -59.99999999999999, -150.0, 105.00000000000001, -59.99999999999999, 59.99999999999999]",2.193907202527013,143.61825165936324,-40.465631421094756,-26.97708761406317,15.409050769696352,0.0,70.8409941332631,-15.807538799549228,0.0,-3.54995010050526,0.5883034516246725,0.5883034516246725,0.0,0.0,0.9419724235719744,0.4395089181833902,1.0,39.59889502547125,15.382812136418657,56.61010746017714,172.8273868953251,4.8375942025424274,4.722336848469079,3.4251542225068836,5.508595556037851,4.848916770784997,False
31,174.68917173183746,10,"[-90.0, -45.0, -59.99999999999999, 180.0, 90.0, 45.0, -59.99999999999999, 180.0, 45.0, 59.99999999999999, 180.0, -135.0, 150.0, -59.99999999999999, 45.0, 45.0, 180.0, 59.99999999999999, 59.99999999999999, -59.99999999999999, -135.0, 119.99999999999999, -45.0, 160.0, 180.0, -45.0, 145.0, 180.0, -59.99999999999999, -59.99999999999999, -14.999999999999998, -59.99999999999999, -59.99999999999999]",4.124740137280949,149.4625128394143,-115.2751399470925,-76.85009329806167,18.26324922457949,0.0,141.28173479681234,-15.80753879954923,0.0,-7.948689971232579,0.5883034516246725,0.5883034516246725,0.0,0.0,0.9396111059234691,0.4512370333326965,1.0,40.53861657598542,15.793296166644378,59.964142075030246,174.68917173183746,4.59173350416511,4.411959429929279,2.617540398879397,5.508595556037851,4.848916770784997,False
32,176.31274456250748,10,"[-90.0, -45.0, -59.99999999999999, 180.0, 90.0, 45.0, -59.99999999999999, 180.0, 45.0, 59.99999999999999, 180.0, -135.0, 150.0, -59.99999999999999, 45.0, 45.0, 180.0, 29.999999999999996, 14.999999999999998, 59.99999999999999, -90.0, 130.0, -45.0, 160.0, 180.0, -59.99999999999999, 115.0, -59.99999999999999, -59.99999999999999, -150.0, 105.00000000000001, -59.99999999999999, 59.99999999999999]",9.18190104488636,186.63477211745519,-115.2751399470925,-76.85009329806167,15.196006736026952,0.0,98.57831585634689,-12.408026753196252,-1.755840743938047,-4.427547199605783,0.5883034516246725,0.5883034516246725,0.0,0.0,0.9245920112656747,0.38321394016136134,1.0,40.29910558915355,13.412487905647646,61.851815707411895,176.31274456250748,4.144868932915612,4.545795907794879,2.418075999955013,5.508595556037851,4.848916770784997,False
33,177.6476929045327,10,"[-90.0, -45.0, -59.99999999999999, 180.0, 90.0, 45.0, -59.99999999999999, 180.0, 45.0, 59.99999999999999, 180.0, -135.0, 150.0, -59.99999999999999, 45.0, 45.0, 180.0, 59.99999999999999, 59.99999999999999, -59.99999999999999, -119.99999999999999, 135.0, -45.0, 160.0, 180.0, -45.0, 145.0, 180.0, -59.99999999999999, -90.0, -75.0, 180.0, 59.99999999999999]",0.032390002518333155,181.67435549846658,-115.2751399470925,-76.85009329806167,17.20551835327845,0.0,122.35355569394534,-16.207515429333196,-4.864435128502479,-7.859339590372481,0.5883034516246725,0.5883034516246725,0.0,0.0,0.9265962200006196,0.5104568183776268,1.0,38.777404356702505,17.865988643216937,57.935245963887525,177.6476929045327,5.580486026760343,4.470401274325146,2.8522512522127275,5.508595556037851,4.848916770784997,False
34,177.71668284374383,10,"[-90.0, -45.0, -59.99999999999999, 180.0, 90.0, 45.0, -59.99999999999999, 180.0, 45.0, 59.99999999999999, 180.0, -135.0, 150.0, -59.99999999999999, 45.0, 45.0, 180.0, 59.99999999999999, 59.99999999999999, -59.99999999999999, -119.99999999999999, 135.0, -45.0, 160.0, 180.0, -75.0, 105.00000000000001, 180.0, -59.99999999999999, -59.99999999999999, -14.999999999999998, -59.99999999999999, -59.99999999999999]",1.2148180698782858,223.62281017193698,-115.2751399470925,-76.85009329806167,16.789807623902725,0.0,73.60195744240558,-15.80753879954923,0.0,-7.0183351693627145,0.5883034516246725,0.5883034516246725,0.0,0.0,0.9096473494254801,0.39442801749377204,1.0,37.18204853563178,13.804980612282021,56.34988865778354,177.71668284374383,5.992913393990929,4.545731957504525,2.7242962245550593,5.508595556037851,4.848916770784997,False
35,179.16297036476337,10,"[-90.0, -45.0, -59.99999999999999, 180.0, 90.0, 45.0, -59.99999999999999, 180.0, 45.0, 59.99999999999999, 180.0, -135.0, 150.0, -59.99999999999999, 45.0, 45.0, 180.0, 59.99999999999999, 59.99999999999999, -59.99999999999999, -119.99999999999999, 135.0, -45.0, 160.0, 180.0, -75.0, 115.0, 180.0, -59.99999999999999, -105.00000000000001, 105.00000000000001, 59.99999999999999, -59.99999999999999]",2.0844060028094678,263.873213198439,-115.2751399470925,-76.85009329806167,16.79683295053141,0.0,31.81132337872334,-15.80753879954923,0.0,-4.908429870722795,0.5883034516246725,0.5883034516246725,0.0,0.0,0.893384560323863,0.3905620039255261,1.0,35.93061225054913,13.669670137393414,54.10237884391304,179.16297036476337,6.1456633802236995,4.560853642489402,2.7491641293206386,5.508595556037851,4.848916770784997,False
36,179.46409362609873,10,"[-90.0, -45.0, -59.99999999999999, 180.0, 90.0, 45.0, -59.99999999999999, 180.0, 45.0, 59.99999999999999, 180.0, -135.0, 150.0, -59.99999999999999, 45.0, 45.0, 180.0, 59.99999999999999, 59.99999999999999, -59.99999999999999, -135.0, 119.99999999999999, -75.0, 150.0, 59.99999999999999, -59.99999999999999, 115.0, -59.99999999999999, -59.99999999999999, -150.0, 105.00000000000001, -59.99999999999999, 59.99999999999999]",5.61695359989263,225.23000787851632,-115.2751399470925,-76.85009329806167,18.172208816070903,0.0,63.622998597897606,-12.408026753196237,0.0,-6.083212017614699,0.5883034516246725,0.5883034516246725,0.0,0.0,0.9089979766147408,0.3895060392214783,1.0,35.48954351544286,13.632711372751741,52.683122649459776,179.46409362609873,6.5599012784115915,4.663625190423311,2.4217572119106756,5.508595556037851,4.848916770784997,False
37,180.40344905077984,10,"[-90.0, -45.0, -59.99999999999999, 180.0, 90.0, 45.0, -59.99999999999999, 180.0, 45.0, 59.99999999999999, 180.0, -135.0, 150.0, -59.99999999999999, 45.0, 45.0, 180.0, 59.99999999999999, 59.99999999999999, -59.99999999999999, -135.0, 135.0, -45.0, 160.0, 180.0, -90.0, 119.99999999999999, 180.0, 59.99999999999999, -150.0, 105.00000000000001, -59.99999999999999, 59.99999999999999]",1.4179649132610839,166.4808314481361,-115.2751399470925,-76.85009329806167,12.637276379970164,0.0,136.92203141557675,-15.807538799549226,0.0,-6.560279811147194,0.5883034516246725,0.5883034516246725,0.0,0.0,0.9327350175967127,0.42184766806098306,1.0,39.70940756774206,14.764668382134408,58.514222859920466,180.40344905077984,6.032534489636321,4.51201077285572,2.736002690965224,5.508595556037851,4.848916770784997,False
38,180.83632976443468,10,"[-90.0, -45.0, -59.99999999999999, 180.0, 90.0, 45.0, -59.99999999999999, 180.0, 45.0, 59.99999999999999, 180.0, -135.0, 150.0, -59.99999999999999, 45.0, 45.0, 180.0, 29.999999999999996, 14.999999999999998, 59.99999999999999, -90.0, 130.0, -45.0, 160.0, 180.0, -75.0, 115.0, 180.0, -59.99999999999999, -150.0, 105.00000000000001, -59.99999999999999, 59.99999999999999]",3.2328124951299033,211.45004095078264,-115.2751399470925,-76.85009329806167,15.450263408616618,0.0,85.56900656702673,-12.80800338298022,-3.054974221429614,-4.3159795572435575,0.5883034516246725,0.5883034516246725,0.0,0.0,0.9145656400198858,0.38374334267206844,1.0,39.20119500686505,13.431016993522395,60.48482244291995,180.83632976443468,4.695908898801895,4.618447726181618,2.4364805007606516,5.508595556037851,4.848916770784997,False
39,180.98429714783026,10,"[-90.0, -45.0, -59.99999999999999, 180.0, 90.0, 45.0, -59.99999999999999, 180.0, 45.0, 59.99999999999999, 180.0, -135.0, 150.0, -59.99999999999999, 45.0, 45.0, 180.0, 59.99999999999999, 59.99999999999999, -59.99999999999999, -135.0, 135.0, -45.0, 160.0, 180.0, -75.0, 105.00000000000001, 180.0, -59.99999999999999, 59.99999999999999, 29.999999999999996, -59.99999999999999, -59.99999999999999]",1.2214335341329488,215.73282282461417,-115.2751399470925,-76.85009329806167,19.764719207331172,0.0,80.5316300206427,-15.80753879954923,0.0,-5.771933143873683,0.5883034516246725,0.5883034516246725,0.0,0.0,0.912835223101166,0.4252777247606316,1.0,37.481122889975076,14.884720366622105,57.16864308904091,180.98429714783026,5.005746313289835,4.410689234614565,2.6767563574151403,5.508595556037851,4.848916770784997,False
40,181.521743716466,10,"[-90.0, -45.0, -59.99999999999999, 180.0, 90.0, 45.0, -59.99999999999999, 180.0, 45.0, 59.99999999999999, 180.0, -135.0, 150.0, -59.99999999999999, 45.0, 45.0, 180.0, 59.99999999999999, 59.99999999999999, -59.99999999999999, -135.0, 135.0, -90.0, 160.0, 180.0, -59.99999999999999, 115.0, -59.99999999999999, -59.99999999999999, -90.0, -75.0, 180.0, 59.99999999999999]",2.3022097890522684,250.06323837375353,-115.2751399470925,-76.85009329806167,17.606505913061937,0.0,50.35999621593613,-15.807538799549228,0.0,-8.315831280320793,0.5883034516246725,0.5883034516246725,0.0,0.0,0.8989643481318167,0.3879069184033428,1.0,34.7179983750005,13.576742144116997,52.56743557071849,181.521743716466,6.1785587357115475,4.674075327367813,2.37814896173899,5.508595556037851,4.848916770784997,False
41,182.3041755809132,10,"[-90.0, -45.0, -59.99999999999999, 180.0, 90.0, 45.0, -59.99999999999999, 180.0, 45.0, 59.99999999999999, 180.0, -135.0, 150.0, -59.99999999999999, 45.0, 45.0, 180.0, 29.999999999999996, 14.999999999999998, 59.99999999999999, -90.0, 130.0, -45.0, 160.0, 180.0, -45.0, 145.0, 180.0, -59.99999999999999, -90.0, -75.0, 180.0, 59.99999999999999]",17.058596615730973,190.18634563003792,-115.2751399470925,-76.85009329806167,14.880949512662824,0.0,94.35222452257102,-13.207980012764187,0.0,-6.279124191857545,0.5883034516246725,0.5883034516246725,0.0,0.0,0.9231570320686715,0.40280388478076795,1.0,39.788424358772915,14.09813596732688,61.572928492410426,182.3041755809132,3.6529159945616456,4.5231462308836,2.40776348972888,5.508595556037851,4.848916770784997,False
42,182.44195677203217,10,"[-90.0, -45.0, -59.99999999999999, 180.0, 90.0, 45.0, -59.99999999999999, 180.0, 45.0, 59.99999999999999, 180.0, -135.0, 150.0, -59.99999999999999, 45.0, 45.0, 180.0, 59.99999999999999, 59.99999999999999, -59.99999999999999, -135.0, 135.0, -75.0, 150.0, 59.99999999999999, -45.0, 145.0, 180.0, -59.99999999999999, -59.99999999999999, -14.999999999999998, -59.99999999999999, -59.99999999999999]",0.2035910567254501,224.91952681944008,-115.2751399470925,-76.85009329806167,18.451433355345202,0.0,75.03992828861358,-12.808003382980209,0.0,-8.677682869644098,0.5883034516246725,0.5883034516246725,0.0,0.0,0.909123423507297,0.39626931610057026,1.0,36.47075914805907,13.86942606351996,55.06726530185184,182.44195677203217,5.298212459886419,4.549401576568294,2.4701845892812377,5.508595556037851,4.848916770784997,False
43,183.23651608418513,10,"[-90.0, -45.0, -59.99999999999999, 180.0, 90.0, 45.0, -59.99999999999999, 180.0, 45.0, 59.99999999999999, 180.0, -135.0, 150.0, -59.99999999999999, 45.0, 45.0, 180.0, 59.99999999999999, 59.99999999999999, -59.99999999999999, -135.0, 135.0, -45.0, 160.0, 180.0, -75.0, 105.00000000000001, 180.0, -59.99999999999999, -59.99999999999999, -14.999999999999998, -59.99999999999999, -59.99999999999999]",1.2214335341329488,163.90361178651833,-115.2751399470925,-76.85009329806167,19.955802244837443,0.0,135.85612266282396,-15.80753879954923,0.0,-7.206078849110515,0.5883034516246725,0.5883034516246725,0.0,0.0,0.9337763184700936,0.41270870512805247,1.0,39.85360005010431,14.444804679481836,59.797917390167584,183.23651608418513,5.005746313289835,4.410689234614565,2.6767563574151403,5.508595556037851,4.848916770784997,False
44,183.30855072735025,10,"[-90.0, -45.0, -59.99999999999999, 180.0, 90.0, 45.0, -59.99999999999999, 180.0, 45.0, 59.99999999999999, 180.0, -135.0, 150.0, -59.99999999999999, 45.0, 45.0, 180.0, 59.99999999999999, 59.99999999999999, -59.99999999999999, -135.0, 135.0, -45.0, 160.0, 180.0, -75.0, 115.0, 180.0, -59.99999999999999, -59.99999999999999, -14.999999999999998, -59.99999999999999, -59.99999999999999]",0.6428785635466914,157.60666151051655,-115.2751399470925,-76.85009329806167,19.942485642652695,0.0,143.3528694450522,-15.80753879954923,0.0,-7.741969139400835,0.5883034516246725,0.5883034516246725,0.0,0.0,0.9363205408038318,0.41722826223007814,1.0,40.013961834469946,14.602989178052734,59.94929716121075,183.30855072735025,5.14142544330455,4.424359901967266,2.699386706666084,5.508595556037851,4.848916770784997,False
45,183.53276877057885,10,"[-90.0, -45.0, -59.99999999999999, 180.0, 90.0, 45.0, -59.99999999999999, 180.0, 45.0, 59.99999999999999, 180.0, -135.0, 150.0, -59.99999999999999, 45.0, 45.0, 180.0, 29.999999999999996, 14.999999999999998, 59.99999999999999, -90.0, 130.0, -45.0, 160.0, 180.0, -75.0, 105.00000000000001, 180.0, -59.99999999999999, -150.0, 105.00000000000001, -59.99999999999999, 59.99999999999999]",2.8458617584304196,216.3604897236332,-115.2751399470925,-76.85009329806167,15.448570421830512,0.0,83.20775023351557,-12.80800338298022,-3.054974221429614,-3.7800892669532375,0.5883034516246725,0.5883034516246725,0.0,0.0,0.9125816203136835,0.38371202388618914,1.0,38.96939026254769,13.42992083601662,60.16955394968347,183.53276877057885,4.745564879074361,4.610001569820352,2.440876288568856,5.508595556037851,4.848916770784997,False
46,183.94494707245462,10,"[-90.0, -45.0, -59.99999999999999, 180.0, 90.0, 45.0, -59.99999999999999, 180.0, 45.0, 59.99999999999999, 180.0, -135.0, 150.0, -59.99999999999999, 45.0, 45.0, 180.0, 59.99999999999999, 59.99999999999999, -59.99999999999999, -135.0, 135.0, -75.0, 150.0, 59.99999999999999, -75.0, 75.0, -59.99999999999999, 59.99999999999999, -90.0, -75.0, 180.0, 59.99999999999999]",4.855327147616923,240.0513564977543,-115.2751399470925,-76.85009329806167,17.747370759444852,0.0,54.44984395002014,-12.808003382980203,0.0,-5.664111403933631,0.5883034516246725,0.5883034516246725,0.0,0.0,0.9030095529302001,0.3934029912170803,1.0,36.57185558683775,13.76910469259781,54.573052666426904,183.94494707245462,6.48542652162573,4.602323891726824,2.4848408981414205,5.508595556037851,4.848916770784997,False
47,184.07843522282107,10,"[-90.0, -45.0, -59.99999999999999, 180.0, 90.0, 45.0, -59.99999999999999, 180.0, 45.0, 59.99999999999999, 180.0, -135.0, 150.0, -59.99999999999999, 45.0, 45.0, 180.0, 29.999999999999996, 14.999999999999998, 59.99999999999999, -75.0, 145.0, -45.0, 160.0, 180.0, -90.0, 105.00000000000001, -59.99999999999999, -59.99999999999999, -90.0, -75.0, 180.0, 59.99999999999999]",2.8666956417670315,231.7690995896783,-115.2751399470925,-76.85009329806167,15.083975937182986,0.0,71.71573791279906,-12.80800338298022,-5.527448368255893,-4.3347856119023565,0.5883034516246725,0.5883034516246725,0.0,0.0,0.9063559193577059,0.3827402310877191,1.0,37.8924418917792,13.395908088070168,60.21252943170558,184.07843522282107,4.742808393896627,4.6734287241236,2.515232915748184,5.508595556037851,4.848916770784997,False
48,184.69198543486735,10,"[-90.0, -45.0, -59.99999999999999, 180.0, 90.0, 45.0, -59.99999999999999, 180.0, 45.0, 59.99999999999999, 180.0, -135.0, 150.0, -59.99999999999999, 45.0, 45.0, 180.0, 59.99999999999999, 59.99999999999999, -59.99999999999999, -105.00000000000001, 175.0, -59.99999999999999, 90.0, 180.0, -59.99999999999999, 115.0, -59.99999999999999, -59.99999999999999, -90.0, -75.0, 180.0, 59.99999999999999]",66.04137310237763,191.9455345893551,-115.2751399470925,-76.85009329806167,16.663504290341653,0.0,44.72278244891156,-15.807538799549228,0.0,-4.186833701101557,0.5883034516246725,0.5883034516246725,0.0,0.0,0.9224462486507656,0.40693545320186925,1.0,35.747561479869205,14.242740862065423,54.3495189509345,184.69198543486735,9.134319003675314,4.606764008009442,3.3230164690776873,5.508595556037851,4.848916770784997,False
49,187.65521096089896,10,"[-90.0, -45.0, -59.99999999999999, 180.0, 90.0, 45.0, -59.99999999999999, 180.0, 45.0, 59.99999999999999, 180.0, -135.0, 150.0, -59.99999999999999, 45.0, 45.0, 180.0, 59.99999999999999, 59.99999999999999, -59.99999999999999, -135.0, 135.0, -45.0, 160.0, 180.0, -75.0, 115.0, 180.0, -59.99999999999999, -90.0, -75.0, 180.0, 59.99999999999999]",0.6428785635466914,110.60690451278194,-115.2751399470925,-76.85009329806167,20.200424348946736,0.0,194.51907431938048,-16.207515429333196,0.0,-7.419718858955867,0.5883034516246725,0.5883034516246725,0.0,0.0,0.9553103416109973,0.44851750271225754,1.0,42.043638151263565,15.698112594929015,61.46102609481036,187.65521096089896,5.14142544330455,4.424359901967266,2.699386706666084,5.508595556037851,4.848916770784997,False
50,187.84912866135582,10,"[-90.0, -45.0, -59.99999999999999, 180.0, 90.0, 45.0, -59.99999999999999, 180.0, 45.0, 59.99999999999999, 180.0, -135.0, 150.0, -59.99999999999999, 45.0, 45.0, 180.0, 59.99999999999999, 59.99999999999999, -59.99999999999999, -135.0, 135.0, -90.0, 160.0, 180.0, -45.0, 145.0, 180.0, -59.99999999999999, -105.00000000000001, 105.00000000000001, 59.99999999999999, -59.99999999999999]",0.6003446414641908,262.72564141243913,-115.2751399470925,-76.85009329806167,17.308275321558042,0.0,44.21732532154927,-15.80753879954923,0.0,-6.508082740637711,0.5883034516246725,0.5883034516246725,0.0,0.0,0.8938482256919438,0.3858351306598195,1.0,35.011160712247914,13.504229573093683,52.35625990219133,187.84912866135582,5.846509636652198,4.668405133036536,2.376701971869677,5.508595556037851,4.848916770784997,False
51,188.0319156444917,10,"[-90.0, -45.0, -59.99999999999999, 180.0, 90.0, 45.0, -59.99999999999999, 180.0, 45.0, 59.99999999999999, 180.0, -135.0, 150.0, -59.99999999999999, 45.0, 45.0, 180.0, 59.99999999999999, 59.99999999999999, -59.99999999999999, -135.0, 119.99999999999999, -45.0, 160.0, 180.0, -75.0, 105.00000000000001, 180.0, -59.99999999999999, -90.0, -75.0, 180.0, 59.99999999999999]",0.002656862174502833,135.36876039652418,-115.2751399470925,-76.85009329806167,19.676481715242407,0.0,172.33106761404272,-16.207515429333196,-1.9895140293581894,-6.463184989332878,0.5883034516246725,0.5883034516246725,0.0,0.0,0.9453055513549398,0.4006774073437071,1.0,39.344819130210595,14.023709257029749,58.21561989142311,188.0319156444917,5.476948483023875,4.491244118535086,2.552305694713192,5.508595556037851,4.848916770784997,False
52,188.57972429626966,10,"[-90.0, -45.0, -59.99999999999999, 180.0, 90.0, 45.0, -59.99999999999999, 180.0, 45.0, 59.99999999999999, 180.0, -135.0, 150.0, -59.99999999999999, 45.0, 45.0, 180.0, 29.999999999999996, 14.999999999999998, 59.99999999999999, -75.0, 145.0, -45.0, 160.0, 180.0, -75.0, 115.0, 180.0, -59.99999999999999, -90.0, -75.0, 180.0, 59.99999999999999]",11.990469770710725,193.2447518749669,-115.2751399470925,-76.85009329806167,14.915155391535773,0.0,101.34161399006277,-13.207980012764187,0.0,-5.017450222774534,0.5883034516246725,0.5883034516246725,0.0,0.0,0.9219213123737507,0.38756011303034826,1.0,39.58081083225355,13.56460395606219,61.191791515866846,188.57972429626966,3.9514219573614815,4.6023455675291425,2.488005362739883,5.508595556037851,4.848916770784997,False
53,188.8175099379756,10,"[-90.0, -45.0, -59.99999999999999, 180.0, 90.0, 45.0, -59.99999999999999, 180.0, 45.0, 59.99999999999999, 180.0, -135.0, 150.0, -59.99999999999999, 45.0, 45.0, 180.0, 59.99999999999999, 59.99999999999999, -59.99999999999999, -135.0, 119.99999999999999, -45.0, 160.0, 180.0, -90.0, 119.99999999999999, 180.0, 59.99999999999999, -150.0, 105.00000000000001, -59.99999999999999, 59.99999999999999]",4.625681384996908,219.67937675946195,-115.2751399470925,-76.85009329806167,16.051563856882908,0.0,85.0948994634654,-15.807538799549226,0.0,-6.139636231814524,0.5883034516246725,0.5883034516246725,0.0,0.0,0.9112406558547628,0.40154331354889944,1.0,37.531561443715084,14.054015974211481,55.917128771499975,188.8175099379756,6.461840047512777,4.590464447499566,2.626302530513703,5.508595556037851,4.848916770784997,False
54,189.7752308604053,10,"[-90.0, -45.0, -59.99999999999999, 180.0, 90.0, 45.0, -59.99999999999999, 180.0, 45.0, 59.99999999999999, 180.0, -135.0, 150.0, -59.99999999999999, 45.0, 45.0, 180.0, 29.999999999999996, 14.999999999999998, 59.99999999999999, -75.0, 145.0, -45.0, 160.0, 180.0, -75.0, 115.0, 180.0, -59.99999999999999, -150.0, 105.00000000000001, -59.99999999999999, 59.99999999999999]",11.990469770710725,209.36972751661744,-115.2751399470925,-76.85009329806167,14.89431753536705,0.0,84.69722591548306,-12.80800338298022,0.0,-3.681669999324961,0.5883034516246725,0.5883034516246725,0.0,0.0,0.9154061707003567,0.38233162822484806,1.0,38.74042113602264,13.381606987869683,60.900959865121244,189.7752308604053,3.9514219573614815,4.6023455675291425,2.488005362739883,5.508595556037851,4.848916770784997,False
55,190.10568991213452,10,"[-90.0, -45.0, -59.99999999999999, 180.0, 90.0, 45.0, -59.99999999999999, 180.0, 45.0, 59.99999999999999, 180.0, -135.0, 150.0, -59.99999999999999, 45.0, 45.0, 180.0, 59.99999999999999, 59.99999999999999, -59.99999999999999, -135.0, 135.0, -119.99999999999999, 59.99999999999999, 59.99999999999999, 90.0, 29.999999999999996, 59.99999999999999, 59.99999999999999, -150.0, 105.00000000000001, -59.99999999999999, 59.99999999999999]",4.08936497475689,245.8484577373381,-115.2751399470925,-76.85009329806167,17.86359604365523,0.0,51.34097334557226,-12.408026753196236,0.0,-1.9418389405239103,0.5883034516246725,0.5883034516246725,0.0,0.0,0.9006672898030956,0.3832067422835075,1.0,36.17316996510039,13.412235979922762,55.07033882237974,190.10568991213452,4.595636690841906,4.35802634181897,2.2821160144177353,5.508595556037851,4.848916770784997,False
56,190.6636141157427,10,"[-90.0, -45.0, -59.99999999999999, 180.0, 90.0, 45.0, -59.99999999999999, 180.0, 45.0, 59.99999999999999, 180.0, -135.0, 150.0, -59.99999999999999, 45.0, 45.0, 180.0, 29.999999999999996, 14.999999999999998, 59.99999999999999, -75.0, 145.0, -59.99999999999999, 115.0, 59.99999999999999, -45.0, 145.0, 180.0, -59.99999999999999, -150.0, 105.00000000000001, -59.99999999999999, 59.99999999999999]",4.0483794088281675,221.87530421096648,-115.2751399470925,-76.85009329806167,15.855635617578619,0.0,80.93257512624079,-9.808467966411198,-3.8105408074423344,-3.7424349785500333,0.5883034516246725,0.5883034516246725,0.0,0.0,0.9103534124400136,0.3838551824627662,1.0,39.47166260000134,13.434931386196816,60.629826431499666,190.6636141157427,4.6001800837025035,4.621509036712794,2.523071907490384,5.508595556037851,4.848916770784997,False
57,190.78304872850302,10,"[-90.0, -45.0, -59.99999999999999, 180.0, 90.0, 45.0, -59.99999999999999, 180.0, 45.0, 59.99999999999999, 180.0, -135.0, 150.0, -59.99999999999999, 45.0, 45.0, 180.0, 29.999999999999996, 14.999999999999998, 59.99999999999999, -75.0, 145.0, -45.0, 160.0, 180.0, -75.0, 105.00000000000001, 180.0, -59.99999999999999, -150.0, 105.00000000000001, -59.99999999999999, 59.99999999999999]",11.81315967231205,219.9631138233136,-115.2751399470925,-76.85009329806167,14.882975849337917,0.0,74.76441897102214,-12.80800338298022,0.0,-3.1457797090346418,0.5883034516246725,0.5883034516246725,0.0,0.0,0.911126014616843,0.382214752876199,1.0,38.341229658453216,13.377516350666966,60.53474765886826,190.78304872850302,3.962914467421409,4.593955879882737,2.483099179767458,5.508595556037851,4.848916770784997,False
58,190.94905553351623,10,"[-90.0, -45.0, -59.99999999999999, 180.0, 90.0, 45.0, -59.99999999999999, 180.0, 45.0, 59.99999999999999, 180.0, -135.0, 150.0, -59.99999999999999, 45.0, 45.0, 180.0, 59.99999999999999, 59.99999999999999, -59.99999999999999, -105.00000000000001, 175.0, -59.99999999999999, 90.0, 180.0, -45.0, 145.0, 180.0, -59.99999999999999, -90.0, -75.0, 180.0, 59.99999999999999]",61.70575290188599,186.13538858922178,-115.2751399470925,-76.85009329806167,16.634003995225775,0.0,62.07089244188744,-16.207515429333196,0.0,-4.702630469903745,0.5883034516246725,0.5883034516246725,0.0,0.0,0.9247937823881932,0.4444885450836396,1.0,35.54441640798955,15.557099077927386,54.15308117064069,190.94905553351623,9.012997378361845,4.582194166694072,3.38081631535604,5.508595556037851,4.848916770784997,False
59,192.84917315262032,10,"[-90.0, -45.0, -59.99999999999999, 180.0, 90.0, 45.0, -59.99999999999999, 180.0, 45.0, 59.99999999999999, 180.0, -135.0, 150.0, -59.99999999999999, 45.0, 45.0, 180.0, 59.99999999999999, 59.99999999999999, -59.99999999999999, -135.0, 119.99999999999999, -45.0, 160.0, 180.0, -75.0, 75.0, -59.99999999999999, 59.99999999999999, -90.0, -75.0, 180.0, 59.99999999999999]",0.0025419415364926726,182.9850770161031,-115.2751399470925,-76.85009329806167,16.010326905033523,0.0,129.28072109048634,-15.807538799549226,0.0,-4.935118505522111,0.5883034516246725,0.5883034516246725,0.0,0.0,0.9260666355490492,0.40587042613651647,1.0,39.639883512819104,14.205464914778076,57.96021524959819,192.84917315262032,5.477452532131112,4.470288333250228,2.516612299655968,5.508595556037851,4.848916770784997,False
60,193.12526997388198,10,"[-90.0, -45.0, -59.99999999999999, 180.0, 90.0, 45.0, -59.99999999999999, 180.0, 45.0, 59.99999999999999, 180.0, -135.0, 150.0, -59.99999999999999, 45.0, 45.0, 180.0, 59.99999999999999, 59.99999999999999, -59.99999999999999, -135.0, 119.99999999999999, -45.0, 160.0, 180.0, -59.99999999999999, 115.0, -59.99999999999999, -59.99999999999999, -90.0, -75.0, 180.0, 59.99999999999999]",3.0255254008765813,126.04475027778214,-115.2751399470925,-76.85009329806167,19.14310996572433,0.0,183.9925914534515,-15.807538799549228,-1.4756889069501107,-7.110642921985423,0.5883034516246725,0.5883034516246725,0.0,0.0,0.9490728281705931,0.42618097660485554,1.0,41.34315226907503,14.916334181169944,60.15627261491191,193.12526997388198,4.722114995532555,4.422921538324989,2.5585925715608027,5.508595556037851,4.848916770784997,False
61,193.25176155131862,10,"[-90.0, -45.0, -59.99999999999999, 180.0, 90.0, 45.0, -59.99999999999999, 180.0, 45.0, 59.99999999999999, 180.0, -135.0, 150.0, -59.99999999999999, 45.0, 45.0, 180.0, 59.99999999999999, 59.99999999999999, -59.99999999999999, -135.0, 119.99999999999999, -45.0, 160.0, 180.0, -75.0, 105.00000000000001, 180.0, -59.99999999999999, -59.99999999999999, -14.999999999999998, -59.99999999999999, -59.99999999999999]",0.002656862174502833,211.5910388689964,-115.2751399470925,-76.85009329806167,19.518152518210986,0.0,99.41972386673164,-15.80753879954923,0.0,-6.785435269777846,0.5883034516246725,0.5883034516246725,0.0,0.0,0.9145086711640418,0.39670666785325714,1.0,37.33769341217015,13.884733374864,56.443916785211215,193.25176155131862,5.476948483023875,4.491244118535086,2.552305694713192,5.508595556037851,4.848916770784997,False
62,193.5229607292869,10,"[-90.0, -45.0, -59.99999999999999, 180.0, 90.0, 45.0, -59.99999999999999, 180.0, 45.0, 59.99999999999999, 180.0, -135.0, 150.0, -59.99999999999999, 45.0, 45.0, 180.0, 59.99999999999999, 59.99999999999999, -59.99999999999999, -119.99999999999999, 135.0, -75.0, 150.0, 59.99999999999999, -45.0, 145.0, 180.0, -59.99999999999999, -105.00000000000001, 105.00000000000001, 59.99999999999999, -59.99999999999999]",1.456213444947021,263.3263814227972,-115.2751399470925,-76.85009329806167,16.530995498029785,0.0,45.548353842926936,-12.808003382980209,0.0,-5.84414360096606,0.5883034516246725,0.5883034516246725,0.0,0.0,0.8936055024554355,0.38578435435033515,1.0,35.44981691642935,13.50245240226173,52.5895878410433,193.5229607292869,6.039669055060047,4.66475094614043,2.512461782105863,5.508595556037851,4.848916770784997,False
63,195.46566764362,10,"[-90.0, -45.0, -59.99999999999999, 180.0, 90.0, 45.0, -59.99999999999999, 180.0, 45.0, 59.99999999999999, 180.0, -135.0, 150.0, -59.99999999999999, 45.0, 45.0, 180.0, 59.99999999999999, 59.99999999999999, -59.99999999999999, -135.0, 119.99999999999999, -45.0, 160.0, 180.0, -45.0, 145.0, 180.0, -59.99999999999999, -90.0, -75.0, 180.0, 59.99999999999999]",4.124740137280949,131.55412964904392,-115.2751399470925,-76.85009329806167,18.681891675159576,0.0,184.37098976544274,-16.207515429333196,-4.745291967718571,-7.6264396907876115,0.5883034516246725,0.5883034516246725,0.0,0.0,0.9468468163034166,0.4940808089415852,1.0,40.354134346994464,17.292828312955482,59.60881744989863,195.46566764362,4.59173350416511,4.411959429929279,2.617540398879397,5.508595556037851,4.848916770784997,False
64,195.6926184363517,10,"[-90.0, -45.0, -59.99999999999999, 180.0, 90.0, 45.0, -59.99999999999999, 180.0, 45.0, 59.99999999999999, 180.0, -135.0, 150.0, -59.99999999999999, 45.0, 45.0, 180.0, 59.99999999999999, 59.99999999999999, -59.99999999999999, -119.99999999999999, 135.0, -45.0, 160.0, 180.0, -75.0, 115.0, 180.0, -59.99999999999999, -90.0, -75.0, 180.0, 59.99999999999999]",2.0844060028094678,167.15999914473525,-115.2751399470925,-76.85009329806167,17.015521113547894,0.0,147.55901927926817,-16.207515429333196,0.0,-7.231975179208066,0.5883034516246725,0.5883034516246725,0.0,0.0,0.9324606064061676,0.4362433229132984,1.0,39.08614113788458,15.268516301965445,56.89677536301025,195.6926184363517,6.1456633802236995,4.560853642489402,2.7491641293206386,5.508595556037851,4.848916770784997,False
65,196.12793296639097,10,"[-90.0, -45.0, -59.99999999999999, 180.0, 90.0, 45.0, -59.99999999999999, 180.0, 45.0, 59.99999999999999, 180.0, -135.0, 150.0, -59.99999999999999, 45.0, 45.0, 180.0, 29.999999999999996, 14.999999999999998, 59.99999999999999, -90.0, 130.0, -45.0, 160.0, 180.0, -75.0, 105.00000000000001, 180.0, -59.99999999999999, -90.0, -75.0, 180.0, 59.99999999999999]",2.8458617584304196,224.5224506851715,-115.2751399470925,-76.85009329806167,15.423896495668844,0.0,93.23738234442156,-13.207980012764187,-6.890972318666538,-5.115869490402811,0.5883034516246725,0.5883034516246725,0.0,0.0,0.9092838583090216,0.3840149094936156,1.0,39.029917734859836,13.440521832276547,60.92561963679124,196.12793296639097,4.745564879074361,4.610001569820352,2.440876288568856,5.508595556037851,4.848916770784997,False
66,196.22175421139812,10,"[-90.0, -45.0, -59.99999999999999, 180.0, 90.0, 45.0, -59.99999999999999, 180.0, 45.0, 59.99999999999999, 180.0, -135.0, 150.0, -59.99999999999999, 45.0, 45.0, 180.0, 59.99999999999999, 59.99999999999999, -59.99999999999999, -135.0, 135.0, -90.0, 160.0, 180.0, -45.0, 145.0, 180.0, -59.99999999999999, -150.0, 105.00000000000001, -59.99999999999999, 59.99999999999999]",0.6003446414641908,202.05830822924702,-115.2751399470925,-76.85009329806167,17.486049462406736,0.0,114.06727499897063,-15.807538799549228,0.0,-7.495847825673409,0.5883034516246725,0.5883034516246725,0.0,0.0,0.9183602795033344,0.3868044677576079,1.0,36.757363756328665,13.538156371516276,53.83777335248789,196.22175421139812,5.846509636652198,4.668405133036536,2.376701971869677,5.508595556037851,4.848916770784997,False
67,196.96522888557882,10,"[-90.0, -45.0, -59.99999999999999, 180.0, 90.0, 45.0, -59.99999999999999, 180.0, 45.0, 59.99999999999999, 180.0, -135.0, 150.0, -59.99999999999999, 45.0, 45.0, 180.0, 59.99999999999999, 59.99999999999999, -59.99999999999999, -135.0, 119.99999999999999, -45.0, 160.0, 180.0, -75.0, 115.0, 180.0, -59.99999999999999, -59.99999999999999, -14.999999999999998, -59.99999999999999, -59.99999999999999]",0.022885379022547996,208.08085761692922,-115.2751399470925,-76.85009329806167,19.5060475882682,0.0,107.17113915644408,-15.80753879954923,0.0,-7.321325560068164,0.5883034516246725,0.5883034516246725,0.0,0.0,0.9159269262153822,0.3976581288475309,1.0,37.40159100497883,13.918034509663581,56.53228326543193,196.96522888557882,5.567654089340627,4.5047032375299425,2.570248788819294,5.508595556037851,4.848916770784997,False
68,197.1258933346307,10,"[-90.0, -45.0, -59.99999999999999, 180.0, 90.0, 45.0, -59.99999999999999, 180.0, 45.0, 59.99999999999999, 180.0, -135.0, 150.0, -59.99999999999999, 45.0, 45.0, 180.0, 59.99999999999999, 59.99999999999999, -59.99999999999999, -135.0, 135.0, -45.0, 160.0, 180.0, -75.0, 115.0, 180.0, -59.99999999999999, 59.99999999999999, 29.999999999999996, -59.99999999999999, -59.99999999999999]",0.6428785635466914,233.01633556838362,-115.2751399470925,-76.85009329806167,19.761276202203256,0.0,80.50760172967816,-15.80753879954923,0.0,-6.307823434164003,0.5883034516246725,0.5883034516246725,0.0,0.0,0.9058519856289359,0.419462997306808,1.0,36.986375472354915,14.681204905738282,56.90924187672713,197.1258933346307,5.14142544330455,4.424359901967266,2.699386706666084,5.508595556037851,4.848916770784997,False
69,197.77571471265335,10,"[-90.0, -45.0, -59.99999999999999, 180.0, 90.0, 45.0, -59.99999999999999, 180.0, 45.0, 59.99999999999999, 180.0, -135.0, 150.0, -59.99999999999999, 45.0, 45.0, 180.0, 59.99999999999999, 59.99999999999999, -59.99999999999999, -135.0, 135.0, -45.0, 160.0, 180.0, -75.0, 105.00000000000001, 180.0, -59.99999999999999, -90.0, -75.0, 180.0, 59.99999999999999]",1.2214335341329488,114.82366667093267,-115.2751399470925,-76.85009329806167,20.187196254505075,0.0,201.8113846046399,-16.207515429333196,-2.489785858090666,-6.883828568665547,0.5883034516246725,0.5883034516246725,0.0,0.0,0.9536065993248758,0.4297473413030622,1.0,42.18907778648601,15.041156945607177,61.63296788011129,197.77571471265335,5.005746313289835,4.410689234614565,2.6767563574151403,5.508595556037851,4.848916770784997,False
70,198.01528632287446,10,"[-90.0, -45.0, -59.99999999999999, 180.0, 90.0, 45.0, -59.99999999999999, 180.0, 45.0, 59.99999999999999, 180.0, -135.0, 150.0, -59.99999999999999, 45.0, 45.0, 180.0, 59.99999999999999, 59.99999999999999, -59.99999999999999, -135.0, 135.0, -59.99999999999999, 115.0, 59.99999999999999, -45.0, 145.0, 180.0, -59.99999999999999, -90.0, -75.0, 180.0, 59.99999999999999]",0.4354855062948601,131.06450657722758,-115.2751399470925,-76.85009329806167,24.473355921601726,0.0,177.41723866416322,-13.207980012764175,0.0,-7.480483838180939,0.5883034516246725,0.5883034516246725,0.0,0.0,0.9470446438071808,0.45031832184826603,1.0,40.61431599215802,15.76114126468931,60.266063720323565,198.01528632287446,5.795122180221975,4.440292363016295,2.7208213616785915,5.508595556037851,4.848916770784997,False
71,198.25770987372834,10,"[-90.0, -45.0, -59.99999999999999, 180.0, 90.0, 45.0, -59.99999999999999, 180.0, 45.0, 59.99999999999999, 180.0, -135.0, 150.0, -59.99999999999999, 45.0, 45.0, 180.0, 29.999999999999996, 14.999999999999998, 59.99999999999999, -90.0, 130.0, -45.0, 160.0, 180.0, -75.0, 115.0, 180.0, -59.99999999999999, -90.0, -75.0, 180.0, 59.99999999999999]",3.2328124951299033,233.87338877080435,-115.2751399470925,-76.85009329806167,15.413391136243073,0.0,86.15605598385982,-13.207980012764187,-6.871362223383665,-5.651759780693131,0.5883034516246725,0.5883034516246725,0.0,0.0,0.9055057015067457,0.3842771043750243,1.0,38.83575644506993,13.449698653125852,60.857250998228935,198.25770987372834,4.695908898801895,4.618447726181618,2.4364805007606516,5.508595556037851,4.848916770784997,False
72,198.4262718790653,10,"[-90.0, -45.0, -59.99999999999999, 180.0, 90.0, 45.0, -59.99999999999999, 180.0, 45.0, 59.99999999999999, 180.0, -135.0, 150.0, -59.99999999999999, 45.0, 45.0, 180.0, 59.99999999999999, 59.99999999999999, -59.99999999999999, -119.99999999999999, 135.0, -45.0, 160.0, 180.0, -75.0, 105.00000000000001, 180.0, -59.99999999999999, -105.00000000000001, 105.00000000000001, 59.99999999999999, -59.99999999999999]",1.2148180698782858,283.94955195102443,-115.2751399470925,-76.85009329806167,16.779408274654795,0.0,31.349408458957324,-15.80753879954923,0.0,-4.372539580432475,0.5883034516246725,0.5883034516246725,0.0,0.0,0.8852729083026165,0.38999277516336556,1.0,35.41760110595078,13.649747130717794,53.802861604051536,198.4262718790653,5.992913393990929,4.545731957504525,2.7242962245550593,5.508595556037851,4.848916770784997,False
73,199.24250665528496,10,"[-90.0, -45.0, -59.99999999999999, 180.0, 90.0, 45.0, -59.99999999999999, 180.0, 45.0, 59.99999999999999, 180.0, -135.0, 150.0, -59.99999999999999, 45.0, 45.0, 180.0, 29.999999999999996, 14.999999999999998, 59.99999999999999, -75.0, 145.0, -45.0, 160.0, 180.0, -90.0, 105.00000000000001, -59.99999999999999, -59.99999999999999, -150.0, 105.00000000000001, -59.99999999999999, 59.99999999999999]",2.8666956417670315,246.68616985726132,-115.2751399470925,-76.85009329806167,15.079957617870665,0.0,66.43335092507368,-12.408026753196252,-1.7297987495708704,-2.999005388452783,0.5883034516246725,0.5883034516246725,0.0,0.0,0.9003288202596924,0.3820638733390251,1.0,37.2311344528369,13.372235566865879,58.951717275178424,199.24250665528496,4.742808393896627,4.6734287241236,2.515232915748184,5.508595556037851,4.848916770784997,False
74,199.30765362346108,10,"[-90.0, -45.0, -59.99999999999999, 180.0, 90.0, 45.0, -59.99999999999999, 180.0, 45.0, 59.99999999999999, 180.0, -135.0, 150.0, -59.99999999999999, 45.0, 45.0, 180.0, 59.99999999999999, 59.99999999999999, -59.99999999999999, -119.99999999999999, 135.0, -45.0, 160.0, 180.0, -90.0, 119.99999999999999, 180.0, 59.99999999999999, -150.0, 105.00000000000001, -59.99999999999999, 59.99999999999999]",11.548811685827483,239.22313627018454,-115.2751399470925,-76.85009329806167,15.113993694211985,0.0,70.2886233996535,-15.807538799549226,0.0,-6.372536131399394,0.5883034516246725,0.5883034516246725,0.0,0.0,0.903344187365582,0.3957335490933932,1.0,36.91814911361323,13.850674218268763,54.485231960918796,199.30765362346108,7.019790228013556,4.654123022288037,2.785912824085922,5.508595556037851,4.848916770784997,False
75,199.593671013025,10,"[-90.0, -45.0, -59.99999999999999, 180.0, 90.0, 45.0, -59.99999999999999, 180.0, 45.0, 59.99999999999999, 180.0, -135.0, 150.0, -59.99999999999999, -75.0, 130.0, -59.99999999999999, 29.999999999999996, 14.999999999999998, 59.99999999999999, -135.0, 135.0, -105.00000000000001, 165.0, 180.0, 90.0, 29.999999999999996, 59.99999999999999, 59.99999999999999, -105.00000000000001, 105.00000000000001, 59.99999999999999, -59.99999999999999]",4.132835732484307,16.118299499594286,-42.91296519736293,-28.60864346490862,17.695848382220976,0.0,223.37688314906677,-12.408026753196252,0.0,-6.99750725140686,0.5883034516246725,0.5883034516246725,0.0,0.0,0.9934875557577396,0.8971572814961091,1.0,46.34996123212669,31.400504852363817,69.86421307118079,199.593671013025,6.409157382688422,4.316721098226236,2.836281284343461,5.508595556037851,4.848916770784997,False
76,199.68979790763694,10,"[-90.0, -45.0, -59.99999999999999, 180.0, 90.0, 45.0, -59.99999999999999, 180.0, 45.0, 59.99999999999999, 180.0, -135.0, 150.0, -59.99999999999999, 45.0, 45.0, 180.0, 59.99999999999999, 59.99999999999999, -59.99999999999999, -135.0, 119.99999999999999, -45.0, 160.0, 180.0, -90.0, 119.99999999999999, 180.0, 59.99999999999999, -90.0, -75.0, 180.0, 59.99999999999999]",4.625681384996908,212.04327462899434,-115.2751399470925,-76.85009329806167,16.046423902913762,0.0,105.34418637079705,-16.207515429333192,0.0,-7.475416455264098,0.5883034516246725,0.5883034516246725,0.0,0.0,0.9143259496448507,0.4051660160083547,1.0,37.94028865510055,14.180810560292414,56.786603374950104,199.68979790763694,6.461840047512777,4.590464447499566,2.626302530513703,5.508595556037851,4.848916770784997,False
77,199.78155285889974,10,"[-90.0, -45.0, -59.99999999999999, 180.0, 90.0, 45.0, -59.99999999999999, 180.0, 45.0, 59.99999999999999, 180.0, -135.0, 150.0, -59.99999999999999, 45.0, 45.0, 180.0, 59.99999999999999, 59.99999999999999, -59.99999999999999, -135.0, 119.99999999999999, -45.0, 160.0, 180.0, -59.99999999999999, 115.0, -59.99999999999999, -59.99999999999999, -59.99999999999999, -14.999999999999998, -59.99999999999999, -59.99999999999999]",3.0255254008765813,167.9151963860701,-115.2751399470925,-76.85009329806167,18.871281595787273,0.0,147.49684134382926,-15.407562169765262,0.0,-7.432893202430391,0.5883034516246725,0.5883034516246725,0.0,0.0,0.9321554762076485,0.40219299395607655,1.0,39.57600954433505,14.07675478846268,58.88870981135436,199.78155285889974,4.722114995532555,4.422921538324989,2.5585925715608027,5.508595556037851,4.848916770784997,False
78,202.3102199049007,10,"[-90.0, -45.0, -59.99999999999999, 180.0, 90.0, 45.0, -59.99999999999999, 180.0, 45.0, 59.99999999999999, 180.0, -135.0, 150.0, -59.99999999999999, 45.0, 45.0, 180.0, 59.99999999999999, 59.99999999999999, -59.99999999999999, -135.0, 119.99999999999999, -45.0, 160.0, 180.0, -75.0, 115.0, 180.0, -59.99999999999999, -105.00000000000001, 105.00000000000001, 59.99999999999999, -59.99999999999999]",0.022885379022547996,236.30496437484607,-115.2751399470925,-76.85009329806167,19.53812832182571,0.0,81.61414709536135,-15.80753879954923,0.0,-4.675529971137927,0.5883034516246725,0.5883034516246725,0.0,0.0,0.904523246717234,0.39605854196893503,1.0,36.603620348358575,13.862048968912726,55.754055303997326,202.3102199049007,5.567654089340627,4.5047032375299425,2.570248788819294,5.508595556037851,4.848916770784997,False
79,202.50924865913086,10,"[-90.0, -45.0, -59.99999999999999, 180.0, 90.0, 45.0, -59.99999999999999, 180.0, 45.0, 59.99999999999999, 180.0, -135.0, 150.0, -59.99999999999999, 45.0, 45.0, 180.0, 59.99999999999999, 59.99999999999999, -59.99999999999999, -135.0, 119.99999999999999, -75.0, 150.0, 59.99999999999999, -45.0, 145.0, 180.0, -59.99999999999999, -105.00000000000001, 105.00000000000001, 59.99999999999999, -59.99999999999999]",2.2524937627240753,265.6977338683416,-115.2751399470925,-76.85009329806167,17.773391100271624,0.0,49.89171350762278,-12.808003382980209,0.0,-5.6112437013811896,0.5883034516246725,0.5883034516246725,0.0,0.0,0.8926473802552155,0.38735177652296726,1.0,34.85934422005472,13.557312178303855,52.55655263419446,202.50924865913086,6.171192038499277,4.652666029781473,2.412203038354482,5.508595556037851,4.848916770784997,False
80,202.61143772267604,10,"[-90.0, -45.0, -59.99999999999999, 180.0, 90.0, 45.0, -59.99999999999999, 180.0, 45.0, 59.99999999999999, 180.0, -135.0, 150.0, -59.99999999999999, 45.0, 45.0, 180.0, 59.99999999999999, 59.99999999999999, -59.99999999999999, -135.0, 135.0, -45.0, 160.0, 180.0, -59.99999999999999, 115.0, -59.99999999999999, -59.99999999999999, 59.99999999999999, 29.999999999999996, -59.99999999999999, -59.99999999999999]",6.2182327169870435,223.7771230856311,-115.2751399470925,-76.85009329806167,18.913204658237234,0.0,90.21666700358,-15.407562169765262,0.0,-6.419391076526229,0.5883034516246725,0.5883034516246725,0.0,0.0,0.9095850007734824,0.4346865833055838,1.0,37.96458762812363,15.214030415695433,58.147383641468565,202.61143772267604,4.384810983107613,4.343289958095234,2.711587682789818,5.508595556037851,4.848916770784997,False
81,202.68169244736944,10,"[-90.0, -45.0, -59.99999999999999, 180.0, 90.0, 45.0, -59.99999999999999, 180.0, 45.0, 59.99999999999999, 180.0, -135.0, 150.0, -59.99999999999999, 45.0, 45.0, 180.0, 59.99999999999999, 59.99999999999999, -59.99999999999999, -119.99999999999999, 135.0, -45.0, 160.0, 180.0, -59.99999999999999, 115.0, -59.99999999999999, -59.99999999999999, -75.0, 175.0, -59.99999999999999, 180.0]",0.02082388774955465,281.92363300356965,-115.2751399470925,-76.85009329806167,17.430233324134825,0.0,39.87368685704824,-15.407562169765262,0.0,-6.472285959899714,0.5883034516246725,0.5883034516246725,0.0,0.0,0.886091461412699,0.413910273272901,1.0,35.64009511442119,14.486859564551533,55.10334141232486,202.68169244736944,5.435464912257665,4.476252607718327,2.7625670351793405,5.508595556037851,4.848916770784997,False
82,202.75228035112917,10,"[-90.0, -45.0, -59.99999999999999, 180.0, 90.0, 45.0, -59.99999999999999, 180.0, 45.0, 59.99999999999999, 180.0, -135.0, 150.0, -59.99999999999999, 45.0, 45.0, 180.0, 59.99999999999999, 59.99999999999999, -59.99999999999999, -119.99999999999999, 135.0, -75.0, 150.0, 59.99999999999999, -45.0, 145.0, 180.0, -59.99999999999999, -59.99999999999999, -14.999999999999998, -59.99999999999999, -59.99999999999999]",1.456213444947021,284.5325067229802,-115.2751399470925,-76.85009329806167,16.42160619792919,0.0,36.32673305361708,-12.808003382980209,0.0,-8.489939189896297,0.5883034516246725,0.5883034516246725,0.0,0.0,0.8850373710210182,0.3897394295452491,1.0,34.42972761043306,13.640880034083718,52.01053906353608,202.75228035112917,6.039669055060047,4.66475094614043,2.512461782105863,5.508595556037851,4.848916770784997,False
83,203.04797615853215,10,"[-90.0, -45.0, -59.99999999999999, 180.0, 90.0, 45.0, -59.99999999999999, 180.0, 45.0, 59.99999999999999, 180.0, -135.0, 150.0, -59.99999999999999, 45.0, 45.0, 180.0, 59.99999999999999, 59.99999999999999, -59.99999999999999, -135.0, 135.0, -45.0, 160.0, 180.0, -59.99999999999999, 115.0, -59.99999999999999, -59.99999999999999, -105.00000000000001, 105.00000000000001, 59.99999999999999, -59.99999999999999]",6.2182327169870435,157.1866663944614,-115.2751399470925,-76.85009329806167,19.190034371476813,0.0,155.7551825336728,-15.407562169765262,0.0,-5.207741192832822,0.5883034516246725,0.5883034516246725,0.0,0.0,0.9364902358002176,0.42182299571960563,1.0,41.20996788325558,14.763804850186197,61.31166020752751,203.04797615853215,4.384810983107613,4.343289958095234,2.711587682789818,5.508595556037851,4.848916770784997,False
84,203.63094192042047,10,"[-90.0, -45.0, -59.99999999999999, 180.0, 90.0, 45.0, -59.99999999999999, 180.0, 45.0, 59.99999999999999, 180.0, -135.0, 150.0, -59.99999999999999, 45.0, 45.0, 180.0, 59.99999999999999, 59.99999999999999, -59.99999999999999, -135.0, 135.0, -75.0, 150.0, 59.99999999999999, -45.0, 145.0, 180.0, -59.99999999999999, -150.0, 105.00000000000001, -59.99999999999999, 59.99999999999999]",0.2035910567254501,144.49053606358515,-115.2751399470925,-76.85009329806167,18.721570474869203,0.0,174.72973656943824,-12.808003382980207,0.0,-7.0196523657495575,0.5883034516246725,0.5883034516246725,0.0,0.0,0.9416199854288544,0.3947756695336334,1.0,39.47684895820982,13.81714843367717,57.164973078977646,203.63094192042047,5.298212459886419,4.549401576568294,2.4701845892812377,5.508595556037851,4.848916770784997,False
85,203.7307977694089,10,"[-90.0, -45.0, -59.99999999999999, 180.0, 90.0, 45.0, -59.99999999999999, 180.0, 45.0, 59.99999999999999, 180.0, -135.0, 150.0, -59.99999999999999, 45.0, 45.0, 180.0, 59.99999999999999, 59.99999999999999, -59.99999999999999, -135.0, 119.99999999999999, -45.0, 160.0, 180.0, -90.0, 105.00000000000001, -59.99999999999999, -59.99999999999999, -90.0, -75.0, 180.0, 59.99999999999999]",3.6699653204009857,178.43100005526043,-115.2751399470925,-76.85009329806167,20.475085276506555,0.0,137.965533081009,-15.807538799549228,0.0,-6.316410668751019,0.5883034516246725,0.5883034516246725,0.0,0.0,0.9279066666443392,0.39897617333354146,1.0,37.39925958268784,13.96416606667395,56.34136578827499,203.7307977694089,6.3567339517494315,4.5734460368672085,2.597634946257271,5.508595556037851,4.848916770784997,False
86,203.84019179477949,10,"[-90.0, -45.0, -59.99999999999999, 180.0, 90.0, 45.0, -59.99999999999999, 180.0, 45.0, 59.99999999999999, 180.0, -135.0, 150.0, -59.99999999999999, 45.0, 45.0, 180.0, 59.99999999999999, 59.99999999999999, -59.99999999999999, -135.0, 135.0, -90.0, 160.0, 180.0, -45.0, 145.0, 180.0, -59.99999999999999, -90.0, -75.0, 180.0, 59.99999999999999]",0.6003446414641908,289.6366404670878,-115.2751399470925,-76.85009329806167,17.359165029367297,0.0,35.97002163078423,-16.207515429333196,0.0,-8.831628049122983,0.5883034516246725,0.5883034516246725,0.0,0.0,0.8829750947607725,0.3891115806040321,1.0,33.83597109435586,13.618905321141124,51.76600817769151,203.84019179477949,5.846509636652198,4.668405133036536,2.376701971869677,5.508595556037851,4.848916770784997,False
87,203.8714191273972,10,"[-90.0, -45.0, -59.99999999999999, 180.0, 90.0, 45.0, -59.99999999999999, 180.0, 45.0, 59.99999999999999, 180.0, -135.0, 150.0, -59.99999999999999, 45.0, 45.0, 180.0, 29.999999999999996, 14.999999999999998, 59.99999999999999, -90.0, 130.0, 59.99999999999999, 45.0, 180.0, -45.0, 145.0, 180.0, -59.99999999999999, -150.0, 105.00000000000001, -59.99999999999999, 59.99999999999999]",35.486137061193716,169.05081926125916,-134.4562315666949,-89.63748771112992,17.193165806139614,0.0,133.75546384314967,-12.80800338298022,0.0,-4.938235346294562,0.5883034516246725,0.5883034516246725,0.0,0.0,0.9316966386823196,0.3905854864324387,1.0,39.187835216975486,13.670492025135355,55.24061987693449,203.8714191273972,8.164062201270598,4.49511858043095,3.6459037395307656,5.508595556037851,4.848916770784997,False
88,204.10065070723095,10,"[-90.0, -45.0, -59.99999999999999, 180.0, 90.0, 45.0, -59.99999999999999, 180.0, 45.0, 59.99999999999999, 180.0, -135.0, 150.0, -59.99999999999999, -75.0, 130.0, -59.99999999999999, 29.999999999999996, 14.999999999999998, 59.99999999999999, -135.0, 135.0, -105.00000000000001, 165.0, 180.0, 90.0, 29.999999999999996, 59.99999999999999, 59.99999999999999, -75.0, 175.0, -59.99999999999999, 180.0]",4.132835732484307,39.06842919312932,-42.91296519736293,-28.60864346490862,16.847368600363236,0.0,207.23450137841013,-12.408026753196252,0.0,-8.449795698221553,0.5883034516246725,0.5883034516246725,0.0,0.0,0.9842147760835842,0.6813334030647163,1.0,43.567469138171305,23.846669107265072,68.50421056021541,204.10065070723095,6.409157382688422,4.316721098226236,2.836281284343461,5.508595556037851,4.848916770784997,False
89,204.88802144414862,10,"[-90.0, -45.0, -59.99999999999999, 180.0, 90.0, 45.0, -59.99999999999999, 180.0, 45.0, 59.99999999999999, 180.0, -135.0, 150.0, -59.99999999999999, 45.0, 45.0, 180.0, 59.99999999999999, 59.99999999999999, -59.99999999999999, -135.0, 135.0, -75.0, 150.0, 59.99999999999999, -59.99999999999999, 115.0, -59.99999999999999, -59.99999999999999, -59.99999999999999, -14.999999999999998, -59.99999999999999, -59.99999999999999]",0.08159864469908372,240.73340531342924,-115.2751399470925,-76.85009329806167,18.875115651005938,0.0,80.45465118452032,-12.40802675319624,0.0,-8.16188610084191,0.5883034516246725,0.5883034516246725,0.0,0.0,0.9027339776511397,0.39463108359216736,1.0,36.06140827444075,13.812087925725857,54.7058275574794,204.88802144414862,5.627748694474021,4.562913599264479,2.452900763273037,5.508595556037851,4.848916770784997,False
90,205.07594245111719,10,"[-90.0, -45.0, -59.99999999999999, 180.0, 90.0, 45.0, -59.99999999999999, 180.0, 45.0, 59.99999999999999, 180.0, -135.0, 150.0, -59.99999999999999, 45.0, 45.0, 180.0, 59.99999999999999, 59.99999999999999, -59.99999999999999, -135.0, 119.99999999999999, -75.0, 150.0, 59.99999999999999, -45.0, 145.0, 180.0, -59.99999999999999, -90.0, -75.0, 180.0, 59.99999999999999]",2.2524937627240753,274.42435730415366,-115.2751399470925,-76.85009329806167,17.829547627775028,0.0,46.399149274562866,-13.207980012764175,0.0,-7.934789009866461,0.5883034516246725,0.5883034516246725,0.0,0.0,0.8891214717963016,0.3898727850358824,1.0,34.17643642900983,13.645547476255885,52.30209692115998,205.07594245111719,6.171192038499277,4.652666029781473,2.412203038354482,5.508595556037851,4.848916770784997,False
91,205.14086999798192,10,"[-90.0, -45.0, -59.99999999999999, 180.0, 90.0, 45.0, -59.99999999999999, 180.0, 45.0, 59.99999999999999, 180.0, -135.0, 150.0, -59.99999999999999, 45.0, 45.0, 180.0, 59.99999999999999, 59.99999999999999, -59.99999999999999, -135.0, 135.0, -75.0, 150.0, 59.99999999999999, -75.0, 115.0, 180.0, -59.99999999999999, -150.0, 105.00000000000001, -59.99999999999999, 59.99999999999999]",4.464938944002103,209.1457191267027,-115.2751399470925,-76.85009329806167,19.429391494178233,0.0,105.98794826613207,-12.808003382980207,0.0,-6.392287954585143,0.5883034516246725,0.5883034516246725,0.0,0.0,0.9154966791407261,0.39765741888922285,1.0,36.29040876160489,13.918009661122799,54.34399497525466,205.14086999798192,6.444980311329512,4.637957628106795,2.50933241038732,5.508595556037851,4.848916770784997,False
92,205.44584436735718,10,"[-90.0, -45.0, -59.99999999999999, 180.0, 90.0, 45.0, -59.99999999999999, 180.0, 45.0, 59.99999999999999, 180.0, -135.0, 150.0, -59.99999999999999, 45.0, 45.0, 180.0, 29.999999999999996, 14.999999999999998, 59.99999999999999, -75.0, 145.0, -59.99999999999999, 115.0, 59.99999999999999, -45.0, 145.0, 180.0, -59.99999999999999, -90.0, -75.0, 180.0, 59.99999999999999]",4.0483794088281675,242.62266461288152,-115.2751399470925,-76.85009329806167,15.808684906943517,0.0,76.75015253980888,-10.208444596195166,-3.8105408074423344,-5.0782152019996065,0.5883034516246725,0.5883034516246725,0.0,0.0,0.9019706405604518,0.3864636944583136,1.0,38.90315014145569,13.526229306040975,59.96461067255236,205.44584436735718,4.6001800837025035,4.621509036712794,2.523071907490384,5.508595556037851,4.848916770784997,False
93,206.1500868988514,10,"[-90.0, -45.0, -59.99999999999999, 180.0, 90.0, 45.0, -59.99999999999999, 180.0, 45.0, 59.99999999999999, 180.0, -135.0, 150.0, -59.99999999999999, 45.0, 45.0, 180.0, 59.99999999999999, 59.99999999999999, -59.99999999999999, -119.99999999999999, 135.0, -45.0, 160.0, 180.0, -90.0, 119.99999999999999, 180.0, 59.99999999999999, -90.0, -75.0, 180.0, 59.99999999999999]",11.548811685827483,209.3395425400012,-115.2751399470925,-76.85009329806167,15.182506539373597,0.0,108.68189441329915,-16.207515429333192,0.0,-7.708316354848967,0.5883034516246725,0.5883034516246725,0.0,0.0,0.9154183666505045,0.4181133922462407,1.0,37.80540991519186,14.633968728618425,55.76256497164069,206.1500868988514,7.019790228013556,4.654123022288037,2.785912824085922,5.508595556037851,4.848916770784997,False
94,207.06113387524115,10,"[-90.0, -45.0, -59.99999999999999, 180.0, 90.0, 45.0, -59.99999999999999, 180.0, 45.0, 59.99999999999999, 180.0, -135.0, 150.0, -59.99999999999999, 45.0, 45.0, 180.0, 59.99999999999999, 59.99999999999999, -59.99999999999999, -135.0, 135.0, -75.0, 150.0, 59.99999999999999, -59.99999999999999, 115.0, -59.99999999999999, -59.99999999999999, -105.00000000000001, 105.00000000000001, 59.99999999999999, -59.99999999999999]",0.08159864469908372,249.85158215479981,-115.2751399470925,-76.85009329806167,18.920985307167257,0.0,70.81792152915071,-12.40802675319624,0.0,-5.5160905119116705,0.5883034516246725,0.5883034516246725,0.0,0.0,0.8990498657960405,0.3941278070536276,1.0,35.773628918405954,13.794473246876965,54.337290186756015,207.06113387524115,5.627748694474021,4.562913599264479,2.452900763273037,5.508595556037851,4.848916770784997,False
95,207.38192642775738,10,"[-90.0, -45.0, -59.99999999999999, 180.0, 90.0, 45.0, -59.99999999999999, 180.0, 45.0, 59.99999999999999, 180.0, -135.0, 150.0, -59.99999999999999, 45.0, 45.0, 180.0, 59.99999999999999, 59.99999999999999, -59.99999999999999, -119.99999999999999, 135.0, -45.0, 160.0, 180.0, -90.0, 105.00000000000001, -59.99999999999999, -59.99999999999999, -59.99999999999999, -14.999999999999998, -59.99999999999999, -59.99999999999999]",8.789873530011079,275.78644045386585,-115.2751399470925,-76.85009329806167,17.02396436595638,0.0,42.74760759193798,-15.407562169765262,0.0,-6.871560848780856,0.5883034516246725,0.5883034516246725,0.0,0.0,0.8885711351701552,0.38854106860888626,1.0,34.74090129799962,13.59893740131102,53.14917862677753,207.38192642775738,6.825886385027848,4.6344759889892115,2.74661053010197,5.508595556037851,4.848916770784997,False
96,207.57428431884122,10,"[-90.0, -45.0, -59.99999999999999, 180.0, 90.0, 45.0, -59.99999999999999, 180.0, 45.0, 59.99999999999999, 180.0, -135.0, 150.0, -59.99999999999999, 45.0, 45.0, 180.0, 59.99999999999999, 59.99999999999999, -59.99999999999999, -135.0, 135.0, -45.0, 160.0, 180.0, -90.0, 105.00000000000001, -59.99999999999999, -59.99999999999999, -59.99999999999999, -14.999999999999998, -59.99999999999999, -59.99999999999999]",0.6682190025161685,209.76769472530418,-115.2751399470925,-76.85009329806167,20.985872817787637,0.0,113.30620096699498,-15.407562169765262,0.0,-7.059304528528656,0.5883034516246725,0.5883034516246725,0.0,0.0,0.915245375868564,0.4064352984727902,1.0,37.76095756004161,14.225235446547657,57.64240440950363,207.57428431884122,5.865573249162509,4.494470636971433,2.6997317600560278,5.508595556037851,4.848916770784997,False
97,208.05110088628314,10,"[-90.0, -45.0, -59.99999999999999, 180.0, 90.0, 45.0, -59.99999999999999, 180.0, 45.0, 59.99999999999999, 180.0, -135.0, 150.0, -59.99999999999999, 45.0, 45.0, 180.0, 59.99999999999999, 59.99999999999999, -59.99999999999999, -135.0, 119.99999999999999, -45.0, 160.0, 180.0, -90.0, 105.00000000000001, -59.99999999999999, -59.99999999999999, -150.0, 105.00000000000001, -59.99999999999999, 59.99999999999999]",3.6699653204009857,204.26368013650364,-115.2751399470925,-76.85009329806167,20.468460213474025,0.0,114.72402432643902,-15.40756216976526,0.0,-4.980630445301446,0.5883034516246725,0.5883034516246725,0.0,0.0,0.9174692201468673,0.39747520377788964,1.0,36.403218974570585,13.911632132226137,55.1609825983136,208.05110088628314,6.3567339517494315,4.5734460368672085,2.597634946257271,5.508595556037851,4.848916770784997,False
98,208.94280140980058,10,"[-90.0, -45.0, -59.99999999999999, 180.0, 90.0, 45.0, -59.99999999999999, 180.0, 45.0, 59.99999999999999, 180.0, -135.0, 150.0, -59.99999999999999, 45.0, 45.0, 180.0, 59.99999999999999, 59.99999999999999, -59.99999999999999, -119.99999999999999, 135.0, -59.99999999999999, 115.0, 59.99999999999999, -45.0, 145.0, 180.0, -59.99999999999999, -59.99999999999999, -14.999999999999998, -59.99999999999999, -59.99999999999999]",8.105253288583068,236.6141315700271,-115.2751399470925,-76.85009329806167,18.885585830471193,0.0,80.44766103804534,-12.808003382980209,0.0,-7.614990438878106,0.5883034516246725,0.5883034516246725,0.0,0.0,0.904398330678777,0.39739834411107744,1.0,36.012974418810835,13.908942043887711,54.95282867585069,208.94280140980058,6.77320487656803,4.5745661384888985,2.756141438762126,5.508595556037851,4.848916770784997,False
99,209.97833543272438,10,"[-90.0, -45.0, -59.99999999999999, 180.0, 90.0, 45.0, -59.99999999999999, 180.0, 45.0, 59.99999999999999, 180.0, -135.0, 150.0, -59.99999999999999, 45.0, 45.0, 180.0, 59.99999999999999, 59.99999999999999, -59.99999999999999, -119.99999999999999, 135.0, -45.0, 160.0, 180.0, -75.0, 105.00000000000001, 180.0, -59.99999999999999, -90.0, -75.0, 180.0, 59.99999999999999]",1.2148180698782858,173.56188313213488,-115.2751399470925,-76.85009329806167,17.00269784725358,0.0,155.7893731971764,-16.207515429333196,0.0,-6.6960848889177464,0.5883034516246725,0.5883034516246725,0.0,0.0,0.9298739866132788,0.4172686291976262,1.0,39.44844375362037,14.604402021916917,57.17801552052626,209.97833543272438,5.992913393990929,4.545731957504525,2.7242962245550593,5.508595556037851,4.848916770784997,False
100,210.0885899764216,10,"[-90.0, -45.0, -59.99999999999999, 180.0, 90.0, 45.0, -59.99999999999999, 180.0, 45.0, 59.99999999999999, 180.0, -135.0, 150.0, -59.99999999999999, 45.0, 45.0, 180.0, 29.999999999999996, 14.999999999999998, 59.99999999999999, -75.0, 145.0, -45.0, 160.0, 180.0, -75.0, 105.00000000000001, 180.0, -59.99999999999999, -90.0, -75.0, 180.0, 59.99999999999999]",11.81315967231205,198.0994690448601,-115.2751399470925,-76.85009329806167,14.918472264578748,0.0,117.6338654353869,-13.207980012764187,0.0,-4.481559932484215,0.5883034516246725,0.5883034516246725,0.0,0.0,0.9199598104869252,0.38471629952006325,1.0,39.57209300507187,13.465070483202213,61.34546143813148,210.0885899764216,3.962914467421409,4.593955879882737,2.483099179767458,5.508595556037851,4.848916770784997,False
101,210.09241155842733,10,"[-90.0, -45.0, -59.99999999999999, 180.0, 90.0, 45.0, -59.99999999999999, 180.0, 45.0, 59.99999999999999, 180.0, -135.0, 150.0, -59.99999999999999, 45.0, 45.0, 180.0, 59.99999999999999, 59.99999999999999, -59.99999999999999, -135.0, 135.0, -45.0, 160.0, 180.0, -90.0, 119.99999999999999, 180.0, 59.99999999999999, -90.0, -75.0, 180.0, 59.99999999999999]",1.4179649132610839,152.64698268068608,-115.2751399470925,-76.85009329806167,12.679230046177908,0.0,182.13864587770004,-16.207515429333192,0.0,-7.8960600345967675,0.5883034516246725,0.5883034516246725,0.0,0.0,0.9383244514421472,0.4420935007497803,1.0,40.62504817028667,15.473272526242312,59.80497623682086,210.09241155842733,6.032534489636321,4.51201077285572,2.736002690965224,5.508595556037851,4.848916770784997,False
102,212.01329569830514,10,"[-90.0, -45.0, -59.99999999999999, 180.0, 90.0, 45.0, -59.99999999999999, 180.0, 45.0, 59.99999999999999, 180.0, -135.0, 150.0, -59.99999999999999, 45.0, 45.0, 180.0, 59.99999999999999, 59.99999999999999, -59.99999999999999, -135.0, 135.0, -119.99999999999999, 59.99999999999999, 59.99999999999999, 90.0, 29.999999999999996, 59.99999999999999, 59.99999999999999, -59.99999999999999, -14.999999999999998, -59.99999999999999, -59.99999999999999]",4.08936497475689,262.1517358311215,-115.2751399470925,-76.85009329806167,18.091001472899357,0.0,58.37592611260983,-12.408026753196237,0.0,-3.599869444418451,0.5883034516246725,0.5883034516246725,0.0,0.0,0.8940801067349003,0.3832627395297183,1.0,37.06744564177058,13.41419588354014,56.29648488738937,212.01329569830514,4.595636690841906,4.35802634181897,2.2821160144177353,5.508595556037851,4.848916770784997,False
103,212.15175796659838,10,"[-90.0, -45.0, -59.99999999999999, 180.0, 90.0, 45.0, -59.99999999999999, 180.0, 45.0, 59.99999999999999, 180.0, -135.0, 150.0, -59.99999999999999, 45.0, 45.0, 180.0, 59.99999999999999, 59.99999999999999, -59.99999999999999, -135.0, 135.0, -90.0, 160.0, 180.0, -75.0, 115.0, 180.0, -59.99999999999999, -150.0, 105.00000000000001, -59.99999999999999, 59.99999999999999]",10.780452838472254,267.5171059815974,-115.2751399470925,-76.85009329806167,17.837405361449125,0.0,53.37965249460566,-15.807538799549228,0.0,-6.868483414508995,0.5883034516246725,0.5883034516246725,0.0,0.0,0.8919122804114759,0.38936036024857695,1.0,34.59415842715269,13.627612608700193,52.088278387235,212.15175796659838,6.968363227438787,4.749130673924817,2.4432219567466436,5.508595556037851,4.848916770784997,False
104,212.5293729005393,10,"[-90.0, -45.0, -59.99999999999999, 180.0, 90.0, 45.0, -59.99999999999999, 180.0, 45.0, 59.99999999999999, 180.0, -135.0, 150.0, -59.99999999999999, 45.0, 45.0, 180.0, 59.99999999999999, 59.99999999999999, -59.99999999999999, -119.99999999999999, 135.0, -45.0, 160.0, 180.0, -59.99999999999999, 115.0, -59.99999999999999, -59.99999999999999, -150.0, 105.00000000000001, -59.99999999999999, 59.99999999999999]",0.02082388774955465,196.69321752669708,-115.2751399470925,-76.85009329806167,16.77451145033219,0.0,135.14298129911427,-15.40756216976526,0.0,-6.007762598120719,0.5883034516246725,0.5883034516246725,0.0,0.0,0.9205279929185063,0.40268046017859394,1.0,40.854162912438866,14.093816106250788,60.362263397264385,212.5293729005393,5.435464912257665,4.476252607718327,2.7625670351793405,5.508595556037851,4.848916770784997,False
105,212.80519311777422,10,"[-90.0, -45.0, -59.99999999999999, 180.0, 90.0, 45.0, -59.99999999999999, 180.0, 45.0, 59.99999999999999, 180.0, -135.0, 150.0, -59.99999999999999, 45.0, 45.0, 180.0, 59.99999999999999, 59.99999999999999, -59.99999999999999, -135.0, 135.0, -90.0, 160.0, 180.0, -75.0, 75.0, -59.99999999999999, 59.99999999999999, -90.0, -75.0, 180.0, 59.99999999999999]",11.201719905274105,290.4145569487832,-115.2751399470925,-76.85009329806167,17.001344048327777,0.0,30.822254374263697,-15.807538799549226,0.0,-6.140306863857482,0.5883034516246725,0.5883034516246725,0.0,0.0,0.8826607850711987,0.3852569619515573,1.0,34.694024672935,13.483993668304505,51.93053345568419,212.80519311777422,6.996777866303087,4.70191376291136,2.437990108132949,5.508595556037851,4.848916770784997,False
106,214.30465128488603,10,"[-90.0, -45.0, -59.99999999999999, 180.0, 90.0, 45.0, -59.99999999999999, 180.0, 45.0, 59.99999999999999, 180.0, -135.0, 150.0, -59.99999999999999, 45.0, 45.0, 180.0, 59.99999999999999, 59.99999999999999, -59.99999999999999, -135.0, 135.0, -75.0, 150.0, 59.99999999999999, -75.0, 105.00000000000001, 180.0, -59.99999999999999, -90.0, -75.0, 180.0, 59.99999999999999]",4.057453041555995,218.51988090014473,-115.2751399470925,-76.85009329806167,19.395917237546357,0.0,107.41839450161537,-13.207980012764175,0.0,-7.192177887744397,0.5883034516246725,0.5883034516246725,0.0,0.0,0.9117091390302445,0.39802262567960106,1.0,36.23928133960418,13.930791898786037,54.757824975774106,214.30465128488603,6.40082773509212,4.625412934509172,2.4965069062240524,5.508595556037851,4.848916770784997,False
107,214.46176256449567,10,"[-90.0, -45.0, -59.99999999999999, 180.0, 90.0, 45.0, -59.99999999999999, 180.0, 75.0, 59.99999999999999, 59.99999999999999, 45.0, 59.99999999999999, -59.99999999999999, -165.0, 165.0, 180.0, 29.999999999999996, 14.999999999999998, 59.99999999999999, -135.0, 135.0, -59.99999999999999, 115.0, 59.99999999999999, -45.0, 145.0, 180.0, -59.99999999999999, -90.0, -75.0, 180.0, 59.99999999999999]",35.32798822734148,223.98426953419036,-100.06716224994352,-66.71144149996235,14.22931900437314,0.0,59.874598814199544,-10.208444596195166,-3.1155904718841065,-6.151519149210754,0.5883034516246725,0.5883034516246725,0.0,0.0,0.9095013052387111,0.5784186332580195,1.0,36.586461774880426,20.24465216403068,59.047339188844816,214.46176256449567,8.158119193239516,4.704299416068516,4.2797051252101195,5.508595556037851,4.848916770784997,False
108,214.47704999731653,10,"[-90.0, -45.0, -59.99999999999999, 180.0, 90.0, 45.0, -59.99999999999999, 180.0, 45.0, 59.99999999999999, 180.0, -135.0, 150.0, -59.99999999999999, -75.0, 130.0, -59.99999999999999, 29.999999999999996, 14.999999999999998, 59.99999999999999, -105.00000000000001, 175.0, -105.00000000000001, 165.0, 180.0, -75.0, 75.0, -59.99999999999999, 59.99999999999999, -90.0, -75.0, 180.0, 59.99999999999999]",17.49493948093835,63.32932822043568,-61.2428204805221,-40.82854698701473,15.891831457507962,0.0,199.75507066144374,-12.808003382980218,-3.9015271147937174,-4.630072296337862,0.5883034516246725,0.5883034516246725,0.0,0.0,0.9744123926382078,0.6767724365848635,1.0,43.084518325711,23.687035280470223,64.83422419491447,214.47704999731653,7.370558177707304,4.567243022875739,2.717170429291162,5.508595556037851,4.848916770784997,False
109,214.80158760617178,10,"[-90.0, -45.0, -59.99999999999999, 180.0, 90.0, 45.0, -59.99999999999999, 180.0, 45.0, 59.99999999999999, 180.0, -135.0, 150.0, -59.99999999999999, 45.0, 45.0, 180.0, 59.99999999999999, 59.99999999999999, -59.99999999999999, -135.0, 119.99999999999999, -75.0, 150.0, 59.99999999999999, -59.99999999999999, 115.0, -59.99999999999999, -59.99999999999999, -90.0, -75.0, 180.0, 59.99999999999999]",5.61695359989263,261.0519165693951,-115.2751399470925,-76.85009329806167,18.120529688395816,0.0,64.9260198680006,-12.808003382980205,0.0,-7.418992241064272,0.5883034516246725,0.5883034516246725,0.0,0.0,0.8945244781537799,0.3899303433446783,1.0,34.760153464952616,13.64756201706374,52.876604986538915,214.80158760617178,6.5599012784115915,4.663625190423311,2.4217572119106756,5.508595556037851,4.848916770784997,False
110,214.94635768291664,10,"[-90.0, -45.0, -59.99999999999999, 180.0, 90.0, 45.0, -59.99999999999999, 180.0, 45.0, 59.99999999999999, 180.0, -135.0, 150.0, -59.99999999999999, 45.0, 45.0, 180.0, 29.999999999999996, 14.999999999999998, 59.99999999999999, -90.0, 130.0, 59.99999999999999, 45.0, 180.0, -45.0, 145.0, 180.0, -59.99999999999999, -105.00000000000001, 105.00000000000001, 59.99999999999999, -59.99999999999999]",35.486137061193716,218.1414357816844,-134.4562315666949,-89.63748771112992,17.141690203019774,0.0,94.80349639632803,-12.808003382980221,0.0,-3.950470261258864,0.5883034516246725,0.5883034516246725,0.0,0.0,0.9118620461488144,0.38415364403739966,1.0,37.0690783951715,13.445377541308988,53.533125049948566,214.94635768291664,8.164062201270598,4.49511858043095,3.6459037395307656,5.508595556037851,4.848916770784997,False
111,215.54526615890893,10,"[-90.0, -45.0, -59.99999999999999, 180.0, 90.0, 45.0, -59.99999999999999, 180.0, 45.0, 59.99999999999999, 180.0, -135.0, 150.0, -59.99999999999999, 45.0, 45.0, 180.0, 59.99999999999999, 59.99999999999999, -59.99999999999999, -135.0, 119.99999999999999, -45.0, 160.0, 180.0, -75.0, 105.00000000000001, 180.0, -59.99999999999999, -105.00000000000001, 105.00000000000001, 59.99999999999999, -59.99999999999999]",0.002656862174502833,248.9883307486022,-115.2751399470925,-76.85009329806167,19.537951302748663,0.0,81.65034222124822,-15.80753879954923,0.0,-4.139639680847607,0.5883034516246725,0.5883034516246725,0.0,0.0,0.8993986542429889,0.3958021975380604,1.0,36.22398756599416,13.853076913832114,55.58363300367544,215.54526615890893,5.476948483023875,4.491244118535086,2.552305694713192,5.508595556037851,4.848916770784997,False
112,217.33001719753446,10,"[-90.0, -45.0, -59.99999999999999, 180.0, 90.0, 45.0, -59.99999999999999, 180.0, 45.0, 59.99999999999999, 180.0, -135.0, 150.0, -59.99999999999999, 45.0, 45.0, 180.0, 59.99999999999999, 59.99999999999999, -59.99999999999999, -135.0, 135.0, -45.0, 160.0, 180.0, -90.0, 105.00000000000001, -59.99999999999999, -59.99999999999999, 59.99999999999999, 29.999999999999996, -59.99999999999999, -59.99999999999999]",0.6682190025161685,233.1696316944749,-115.2751399470925,-76.85009329806167,20.866295341362772,0.0,98.34542864770556,-15.407562169765262,0.0,-5.625158823291826,0.5883034516246725,0.5883034516246725,0.0,0.0,0.9057900478002121,0.4154691790425972,1.0,36.704256455214114,14.541421266490904,56.375791561459316,217.33001719753446,5.865573249162509,4.494470636971433,2.6997317600560278,5.508595556037851,4.848916770784997,False
113,217.63687099633825,10,"[-90.0, -45.0, -59.99999999999999, 180.0, 90.0, 45.0, -59.99999999999999, 180.0, 45.0, 59.99999999999999, 180.0, -135.0, 150.0, -59.99999999999999, 45.0, 45.0, 180.0, 59.99999999999999, 59.99999999999999, -59.99999999999999, -135.0, 119.99999999999999, -45.0, 160.0, 180.0, -59.99999999999999, 115.0, -59.99999999999999, -59.99999999999999, 59.99999999999999, 29.999999999999996, -59.99999999999999, -59.99999999999999]",3.0255254008765813,268.1418112960428,-115.2751399470925,-76.85009329806167,18.680007113770372,0.0,63.88267334807513,-15.407562169765262,0.0,-5.998747497193559,0.5883034516246725,0.5883034516246725,0.0,0.0,0.8916598742238211,0.39974379070598454,1.0,35.75219787150488,13.991032674709459,55.45388268816916,217.63687099633825,4.722114995532555,4.422921538324989,2.5585925715608027,5.508595556037851,4.848916770784997,False
114,217.77162282587304,10,"[-90.0, -45.0, -59.99999999999999, 180.0, 90.0, 45.0, -59.99999999999999, 180.0, 45.0, 59.99999999999999, 180.0, -135.0, 150.0, -59.99999999999999, 45.0, 45.0, 180.0, 59.99999999999999, 59.99999999999999, -59.99999999999999, -135.0, 135.0, -59.99999999999999, 115.0, 59.99999999999999, -45.0, 145.0, 180.0, -59.99999999999999, -150.0, 105.00000000000001, -59.99999999999999, 59.99999999999999]",0.4354855062948601,116.22879416203006,-115.2751399470925,-76.85009329806167,24.50925617644151,0.0,210.237630474286,-12.808003382980207,0.0,-6.144703614731366,0.5883034516246725,0.5883034516246725,0.0,0.0,0.9530388710456444,0.4224148275969809,1.0,41.11838084718667,14.784518965894332,60.60732382022736,217.77162282587304,5.795122180221975,4.440292363016295,2.7208213616785915,5.508595556037851,4.848916770784997,False
115,218.03999533304784,10,"[-90.0, -45.0, -59.99999999999999, 180.0, 90.0, 45.0, -59.99999999999999, 180.0, 45.0, 59.99999999999999, 180.0, -135.0, 150.0, -59.99999999999999, -75.0, 130.0, -59.99999999999999, 29.999999999999996, 14.999999999999998, 59.99999999999999, -135.0, 135.0, -105.00000000000001, 165.0, 180.0, -75.0, 75.0, -59.99999999999999, 59.99999999999999, -150.0, 105.00000000000001, -59.99999999999999, 59.99999999999999]",22.081045417340675,101.33062116754138,-42.91296519736293,-28.60864346490862,17.194301630342082,0.0,137.41458075782384,-12.40802675319625,0.0,-5.2478651410656205,0.5883034516246725,0.5883034516246725,0.0,0.0,0.9590583348818014,0.7384122528898013,1.0,40.05234051031632,25.844428851143043,60.44154302845662,218.03999533304784,7.601477833208843,4.701123579627682,2.9727042603920393,5.508595556037851,4.848916770784997,False
116,218.4792704432261,10,"[-90.0, -45.0, -59.99999999999999, 180.0, 90.0, 45.0, -59.99999999999999, 180.0, 45.0, 59.99999999999999, 180.0, -135.0, 150.0, -59.99999999999999, 45.0, 45.0, 180.0, 29.999999999999996, 14.999999999999998, 59.99999999999999, -75.0, 145.0, -59.99999999999999, 115.0, 59.99999999999999, -59.99999999999999, 115.0, -59.99999999999999, -59.99999999999999, -150.0, 105.00000000000001, -59.99999999999999, 59.99999999999999]",0.7000863477922652,254.29020951552684,-115.2751399470925,-76.85009329806167,16.25871201794063,0.0,78.39456180238099,-9.40849133662723,-3.8423331985717395,-3.226638209747845,0.5883034516246725,0.5883034516246725,0.0,0.0,0.8972564810038275,0.3843701901931606,1.0,38.81180175022496,13.452956656760621,58.48827916831291,218.4792704432261,5.125811184616038,4.64959240010718,2.554519307948756,5.508595556037851,4.848916770784997,False
117,219.11339646857158,10,"[-90.0, -45.0, -59.99999999999999, 180.0, 90.0, 45.0, -59.99999999999999, 180.0, 45.0, 59.99999999999999, 180.0, -135.0, 150.0, -59.99999999999999, 45.0, 45.0, 180.0, 59.99999999999999, 59.99999999999999, -59.99999999999999, -105.00000000000001, 175.0, -90.0, 160.0, 180.0, -90.0, 119.99999999999999, 180.0, 59.99999999999999, -90.0, -75.0, 180.0, 59.99999999999999]",22.643228037478753,272.5907225875475,-115.2751399470925,-76.85009329806167,15.218484842684784,0.0,46.28234467108371,-16.207515429333192,0.0,-6.727031745422136,0.5883034516246725,0.5883034516246725,0.0,0.0,0.8898623343080616,0.4038553018434856,1.0,35.15824742879476,14.134935564521996,52.542990089218684,219.11339646857158,7.628061467038899,4.796590545357496,2.7941163457377693,5.508595556037851,4.848916770784997,False
118,219.12356119915887,10,"[-90.0, -45.0, -59.99999999999999, 180.0, 90.0, 45.0, -59.99999999999999, 180.0, 45.0, 59.99999999999999, 180.0, -135.0, 150.0, -59.99999999999999, 45.0, 45.0, 180.0, 59.99999999999999, 59.99999999999999, -59.99999999999999, -135.0, 135.0, -75.0, 150.0, 59.99999999999999, -75.0, 105.00000000000001, 180.0, -59.99999999999999, -150.0, 105.00000000000001, -59.99999999999999, 59.99999999999999]",4.057453041555995,222.3653535974553,-115.2751399470925,-76.85009329806167,19.430466950640508,0.0,106.62152515224994,-12.808003382980207,0.0,-5.856397664294824,0.5883034516246725,0.5883034516246725,0.0,0.0,0.9101554126878969,0.39758821260390476,1.0,36.0007411782232,13.915587441136667,54.236170271073156,219.12356119915887,6.40082773509212,4.625412934509172,2.4965069062240524,5.508595556037851,4.848916770784997,False
119,219.3287523118568,10,"[-90.0, -45.0, -59.99999999999999, 180.0, 90.0, 45.0, -59.99999999999999, 180.0, 45.0, 59.99999999999999, 180.0, -135.0, 150.0, -59.99999999999999, 45.0, 45.0, 180.0, 59.99999999999999, 59.99999999999999, -59.99999999999999, -119.99999999999999, 135.0, -59.99999999999999, 115.0, 59.99999999999999, -45.0, 145.0, 180.0, -59.99999999999999, -105.00000000000001, 105.00000000000001, 59.99999999999999, -59.99999999999999]",8.105253288583068,242.01433552376238,-115.2751399470925,-76.85009329806167,18.93242080446312,0.0,82.74077742344414,-12.808003382980209,0.0,-4.969194849947868,0.5883034516246725,0.5883034516246725,0.0,0.0,0.9022164300914091,0.392754688210038,1.0,36.066487607279946,13.74641408735133,54.89124056756323,219.3287523118568,6.77320487656803,4.5745661384888985,2.756141438762126,5.508595556037851,4.848916770784997,False
120,220.8728944704718,10,"[-90.0, -45.0, -59.99999999999999, 180.0, 90.0, 45.0, -59.99999999999999, 180.0, 45.0, 59.99999999999999, 180.0, -135.0, 150.0, -59.99999999999999, 45.0, 45.0, 180.0, 59.99999999999999, 59.99999999999999, -59.99999999999999, -119.99999999999999, 135.0, -59.99999999999999, 115.0, 59.99999999999999, -59.99999999999999, 115.0, -59.99999999999999, -59.99999999999999, -90.0, -75.0, 180.0, 59.99999999999999]",13.161698747546469,204.5024021397944,-115.2751399470925,-76.85009329806167,20.32080509718295,0.0,117.15977175402695,-12.808003382980205,0.0,-6.77694338963095,0.5883034516246725,0.5883034516246725,0.0,0.0,0.9173727668122043,0.3952310308208943,1.0,36.43956246823503,13.8330860787313,55.233043764186625,220.8728944704718,7.122448689330203,4.599331798598443,2.7401024312736104,5.508595556037851,4.848916770784997,False
121,220.96217853555942,10,"[-90.0, -45.0, -59.99999999999999, 180.0, 90.0, 45.0, -59.99999999999999, 180.0, 45.0, 59.99999999999999, 180.0, -135.0, 150.0, -59.99999999999999, 45.0, 45.0, 180.0, 59.99999999999999, 59.99999999999999, -59.99999999999999, -105.00000000000001, 175.0, -59.99999999999999, 90.0, 180.0, -45.0, 145.0, 180.0, -59.99999999999999, -59.99999999999999, -14.999999999999998, -59.99999999999999, -59.99999999999999]",61.70575290188599,218.59255423463014,-115.2751399470925,-76.85009329806167,16.273965544649137,0.0,59.90916189975988,-15.80753879954923,0.0,-5.024880750348713,0.5883034516246725,0.5883034516246725,0.0,0.0,0.9116797760668162,0.416611011709631,1.0,35.12917538726173,14.581385409837084,53.79007646619055,220.96217853555942,9.012997378361845,4.582194166694072,3.38081631535604,5.508595556037851,4.848916770784997,False
122,221.1039447128426,10,"[-90.0, -45.0, -59.99999999999999, 180.0, 90.0, 45.0, -59.99999999999999, 180.0, 45.0, 59.99999999999999, 180.0, -135.0, 150.0, -59.99999999999999, 45.0, 45.0, 180.0, 59.99999999999999, 59.99999999999999, -59.99999999999999, -135.0, 135.0, -90.0, 160.0, 180.0, -75.0, 105.00000000000001, 180.0, -59.99999999999999, -150.0, 105.00000000000001, -59.99999999999999, 59.99999999999999]",10.161851318206654,276.32347401321033,-115.2751399470925,-76.85009329806167,17.84116034693984,0.0,53.60442745372155,-15.807538799549228,0.0,-6.332593124218675,0.5883034516246725,0.5883034516246725,0.0,0.0,0.8883541519138544,0.3893418895462792,1.0,34.38786530780334,13.62696613411977,52.02631435938394,221.1039447128426,6.9256122416847195,4.73367631795977,2.4349119901801783,5.508595556037851,4.848916770784997,False
123,222.3432331630257,10,"[-90.0, -45.0, -59.99999999999999, 180.0, 90.0, 45.0, -59.99999999999999, 180.0, 45.0, 59.99999999999999, 180.0, -135.0, 150.0, -59.99999999999999, -75.0, 75.0, 180.0, 59.99999999999999, 59.99999999999999, -59.99999999999999, -135.0, 119.99999999999999, 59.99999999999999, 45.0, 180.0, -59.99999999999999, 115.0, -59.99999999999999, -59.99999999999999, -90.0, -75.0, 180.0, 59.99999999999999]",0.294356728864407,207.9257044436226,-40.465631421094756,-26.97708761406317,15.402601907546996,0.0,58.77537040716364,-15.807538799549228,0.0,-4.369933555152645,0.5883034516246725,0.5883034516246725,0.0,0.0,0.9159896143662131,0.4245899001514642,1.0,37.847458874620116,14.860646505301247,55.55937202600486,222.3432331630257,5.25736581903433,4.754660384149263,3.3921412993246793,5.508595556037851,4.848916770784997,False
124,222.4299856308175,10,"[-90.0, -45.0, -59.99999999999999, 180.0, 90.0, 45.0, -59.99999999999999, 180.0, 45.0, 59.99999999999999, 180.0, -135.0, 150.0, -59.99999999999999, 45.0, 45.0, 180.0, 59.99999999999999, 59.99999999999999, -59.99999999999999, -135.0, 135.0, -45.0, 160.0, 180.0, -45.0, 145.0, 180.0, -59.99999999999999, -75.0, 175.0, -59.99999999999999, 180.0]",5.260075584176031,222.90966786292068,-115.2751399470925,-76.85009329806167,19.657001139924112,0.0,112.2734427472634,-15.80753879954923,0.0,-7.175826408449703,0.5883034516246725,0.5883034516246725,0.0,0.0,0.9099354877321534,0.48589533106236593,1.0,38.921010447019896,17.00633658718281,59.94874644145849,222.4299856308175,4.474322118384526,4.334803037975611,2.795067185680404,5.508595556037851,4.848916770784997,False
125,222.52548409048447,10,"[-90.0, -45.0, -59.99999999999999, 180.0, 90.0, 45.0, -59.99999999999999, 180.0, 45.0, 59.99999999999999, 180.0, -135.0, 150.0, -59.99999999999999, 45.0, 45.0, 180.0, 59.99999999999999, 59.99999999999999, -59.99999999999999, -135.0, 135.0, -75.0, 150.0, 59.99999999999999, -75.0, 115.0, 180.0, -59.99999999999999, -90.0, -75.0, 180.0, 59.99999999999999]",4.464938944002103,225.70966666568953,-115.2751399470925,-76.85009329806167,19.38657055584703,0.0,108.58719261121252,-13.207980012764175,0.0,-7.728068178034716,0.5883034516246725,0.5883034516246725,0.0,0.0,0.9088041750845699,0.39834583303251675,1.0,36.0868949996831,13.942104156138086,54.71263635305539,222.52548409048447,6.444980311329512,4.637957628106795,2.50933241038732,5.508595556037851,4.848916770784997,False
126,223.28346551419932,10,"[-90.0, -45.0, -59.99999999999999, 180.0, 90.0, 45.0, -59.99999999999999, 180.0, 45.0, 59.99999999999999, 180.0, -135.0, 150.0, -59.99999999999999, -75.0, 75.0, 180.0, 59.99999999999999, 59.99999999999999, -59.99999999999999, -135.0, 119.99999999999999, 59.99999999999999, 45.0, 180.0, -45.0, 145.0, 180.0, -59.99999999999999, -105.00000000000001, 105.00000000000001, 59.99999999999999, -59.99999999999999]",2.193907202527013,220.6631333330427,-40.465631421094756,-26.97708761406317,15.26592408792714,0.0,43.40755267519131,-15.80753879954923,0.0,-2.562185015469562,0.5883034516246725,0.5883034516246725,0.0,0.0,0.9108431784512959,0.4276853135047091,1.0,37.620293633385494,14.96898597266482,55.58099462209877,223.28346551419932,4.8375942025424274,4.722336848469079,3.4251542225068836,5.508595556037851,4.848916770784997,False
127,224.14435580218273,10,"[-90.0, -45.0, -59.99999999999999, 180.0, 90.0, 45.0, -59.99999999999999, 180.0, 45.0, 59.99999999999999, 180.0, -135.0, 150.0, -59.99999999999999, 45.0, 45.0, 180.0, 59.99999999999999, 59.99999999999999, -59.99999999999999, -135.0, 119.99999999999999, -90.0, 160.0, 180.0, 90.0, 29.999999999999996, 59.99999999999999, 59.99999999999999, 59.99999999999999, 29.999999999999996, -59.99999999999999, -59.99999999999999]",0.5304931524981381,293.81717927511374,-143.42103297533671,-95.6140219835578,15.568264249338538,0.0,79.81388587381947,-15.40756216976526,0.0,-7.345175055109885,0.5883034516246725,0.5883034516246725,0.0,0.0,0.881285988171671,0.4022788374468403,1.0,34.866796233223255,14.07975931063941,55.52151499618556,224.14435580218273,5.174272152710844,4.385590692498762,2.9070472404308263,5.508595556037851,4.848916770784997,False
128,224.87996356519034,10,"[-90.0, -45.0, -59.99999999999999, 180.0, 90.0, 45.0, -59.99999999999999, 180.0, 45.0, 59.99999999999999, 180.0, -135.0, 150.0, -59.99999999999999, -75.0, 130.0, -59.99999999999999, 29.999999999999996, 14.999999999999998, 59.99999999999999, -135.0, 135.0, -105.00000000000001, 165.0, 180.0, 90.0, 29.999999999999996, 59.99999999999999, 59.99999999999999, -45.0, -45.0, -59.99999999999999, 180.0]",4.132835732484307,54.6001123110738,-42.91296519736293,-28.60864346490862,18.82110409657536,0.0,212.9981405370545,-12.408026753196252,0.0,-10.939540613063107,0.5883034516246725,0.5883034516246725,0.0,0.0,0.9779393485611824,0.610648664863636,1.0,43.149174317390425,21.37270327022726,67.6967706356481,224.87996356519034,6.409157382688422,4.316721098226236,2.836281284343461,5.508595556037851,4.848916770784997,False
129,226.71800850890142,10,"[-90.0, -45.0, -59.99999999999999, 180.0, 90.0, 45.0, -59.99999999999999, 180.0, 45.0, 59.99999999999999, 180.0, -135.0, 150.0, -59.99999999999999, 45.0, 45.0, 180.0, 59.99999999999999, 59.99999999999999, -59.99999999999999, -105.00000000000001, 175.0, -59.99999999999999, 90.0, 180.0, -45.0, 145.0, 180.0, -59.99999999999999, -105.00000000000001, 105.00000000000001, 59.99999999999999, -59.99999999999999]",61.70575290188599,233.3801296551607,-115.2751399470925,-76.85009329806167,16.39418385149532,0.0,48.11140255679498,-15.80753879954923,0.0,-2.379085161418475,0.5883034516246725,0.5883034516246725,0.0,0.0,0.905704998119127,0.3933235102630683,1.0,35.207792138366266,13.76632285920739,53.9485926133548,226.71800850890142,9.012997378361845,4.582194166694072,3.38081631535604,5.508595556037851,4.848916770784997,False
130,226.72347332061887,10,"[-90.0, -45.0, -59.99999999999999, 180.0, 90.0, 45.0, -59.99999999999999, 180.0, 45.0, 59.99999999999999, 180.0, -135.0, 150.0, -59.99999999999999, 45.0, 45.0, 180.0, 59.99999999999999, 59.99999999999999, -59.99999999999999, -135.0, 119.99999999999999, -59.99999999999999, 115.0, 59.99999999999999, -45.0, 145.0, 180.0, -59.99999999999999, -150.0, 105.00000000000001, -59.99999999999999, 59.99999999999999]",2.8652207665272567,167.74148937006427,-115.2751399470925,-76.85009329806167,22.19186984791089,0.0,167.14379324996318,-12.808003382980207,0.0,-5.724060035398696,0.5883034516246725,0.5883034516246725,0.0,0.0,0.9322256608605801,0.410512911280849,1.0,38.73430710050557,14.367951894829714,57.44052296074445,226.72347332061887,6.256996798741878,4.524733890550285,2.603737449495922,5.508595556037851,4.848916770784997,False
131,226.79713933930907,10,"[-90.0, -45.0, -59.99999999999999, 180.0, 90.0, 45.0, -59.99999999999999, 180.0, 45.0, 59.99999999999999, 180.0, -135.0, 150.0, -59.99999999999999, -75.0, 75.0, 180.0, 59.99999999999999, 59.99999999999999, -59.99999999999999, -135.0, 119.99999999999999, 59.99999999999999, 45.0, 180.0, -59.99999999999999, 115.0, -59.99999999999999, -59.99999999999999, -150.0, 105.00000000000001, -59.99999999999999, 59.99999999999999]",0.294356728864407,211.47660401203456,-40.465631421094756,-26.97708761406317,15.4229697327608,0.0,57.922252336587704,-15.40756216976526,0.0,-3.034153331703072,0.5883034516246725,0.5883034516246725,0.0,0.0,0.9145549074698851,0.4365805188459253,1.0,37.61033055072153,15.280318159607386,54.93056988525279,226.79713933930907,5.25736581903433,4.754660384149263,3.3921412993246793,5.508595556037851,4.848916770784997,False
132,226.83798339779588,10,"[-90.0, -45.0, -59.99999999999999, 180.0, 90.0, 45.0, -59.99999999999999, 180.0, 45.0, 59.99999999999999, 180.0, -135.0, 150.0, -59.99999999999999, 45.0, 45.0, 180.0, 59.99999999999999, 59.99999999999999, -59.99999999999999, -119.99999999999999, 135.0, -45.0, 160.0, 180.0, -75.0, 105.00000000000001, 180.0, -59.99999999999999, 59.99999999999999, 29.999999999999996, -59.99999999999999, -59.99999999999999]",1.2148180698782858,314.0051045167587,-115.2751399470925,-76.85009329806167,16.4760848336329,0.0,31.220540736668916,-15.80753879954923,0.0,-5.584189464125883,0.5883034516246725,0.5883034516246725,0.0,0.0,0.8731292507002996,0.39375355569572995,1.0,33.79417252066173,13.78137444935055,52.41844248564958,226.83798339779588,5.992913393990929,4.545731957504525,2.7242962245550593,5.508595556037851,4.848916770784997,False
133,227.3202829070722,10,"[-90.0, -45.0, -59.99999999999999, 180.0, 90.0, 45.0, -59.99999999999999, 180.0, 45.0, 59.99999999999999, 180.0, -135.0, 150.0, -59.99999999999999, 45.0, 45.0, 180.0, 59.99999999999999, 59.99999999999999, -59.99999999999999, -119.99999999999999, 135.0, -75.0, 150.0, 59.99999999999999, -75.0, 75.0, -59.99999999999999, 59.99999999999999, -90.0, -75.0, 180.0, 59.99999999999999]",12.686924704086827,301.0960768556988,-115.2751399470925,-76.85009329806167,15.83885618166658,0.0,30.669632768253805,-12.808003382980203,0.0,-5.47636772418583,0.5883034516246725,0.5883034516246725,0.0,0.0,0.8783450194522429,0.3855026613731314,1.0,34.68978741504319,13.492593148059598,51.628518561415966,227.3202829070722,7.092917116744423,4.721190122353393,2.5058169403777155,5.508595556037851,4.848916770784997,False
134,227.39412372210674,10,"[-90.0, -45.0, -59.99999999999999, 180.0, 90.0, 45.0, -59.99999999999999, 180.0, 45.0, 59.99999999999999, 180.0, -135.0, 150.0, -59.99999999999999, 45.0, 45.0, 180.0, 59.99999999999999, 59.99999999999999, -59.99999999999999, -135.0, 135.0, -75.0, 150.0, 59.99999999999999, -90.0, 119.99999999999999, 180.0, 59.99999999999999, -150.0, 105.00000000000001, -59.99999999999999, 59.99999999999999]",14.715414989295468,281.273983611017,-115.2751399470925,-76.85009329806167,18.18070532292361,0.0,47.58748880754473,-12.808003382980205,0.0,-6.868629130226044,0.5883034516246725,0.5883034516246725,0.0,0.0,0.8863539460157508,0.3932673269409197,1.0,35.35228422381612,13.76435644293219,53.92398682641711,227.39412372210674,7.215541604817293,4.710626152104579,2.5965806317957774,5.508595556037851,4.848916770784997,False
135,227.97416017027655,10,"[-90.0, -45.0, -59.99999999999999, 180.0, 90.0, 45.0, -59.99999999999999, 180.0, 45.0, 59.99999999999999, 180.0, -135.0, 150.0, -59.99999999999999, -75.0, 130.0, -59.99999999999999, 29.999999999999996, 14.999999999999998, 59.99999999999999, -135.0, 135.0, -105.00000000000001, 165.0, 180.0, 90.0, 29.999999999999996, 59.99999999999999, 59.99999999999999, -45.0, 115.0, 59.99999999999999, 180.0]",4.132835732484307,54.6001123110738,-42.91296519736293,-28.60864346490862,18.82110409657536,0.0,212.9981405370545,-12.408026753196252,0.0,-7.845344007976906,0.5883034516246725,0.5883034516246725,0.0,0.0,0.9779393485611824,0.610648664863636,1.0,43.149174317390425,21.37270327022726,67.6967706356481,227.97416017027655,6.409157382688422,4.316721098226236,2.836281284343461,5.508595556037851,4.848916770784997,False
136,228.0146835747775,10,"[-90.0, -45.0, -59.99999999999999, 180.0, 90.0, 45.0, -59.99999999999999, 180.0, 45.0, 59.99999999999999, 180.0, -135.0, 150.0, -59.99999999999999, -75.0, 130.0, -59.99999999999999, 29.999999999999996, 14.999999999999998, 59.99999999999999, -135.0, 135.0, -105.00000000000001, 165.0, 180.0, 90.0, 29.999999999999996, 59.99999999999999, 59.99999999999999, -45.0, 90.0, 180.0, 180.0]",4.132835732484307,54.6001123110738,-42.91296519736293,-28.60864346490862,18.82110409657536,0.0,212.9981405370545,-12.80800338298022,0.0,-7.404843973691977,0.5883034516246725,0.5883034516246725,0.0,0.0,0.9779393485611824,0.610648664863636,1.0,43.149174317390425,21.37270327022726,67.6967706356481,228.0146835747775,6.409157382688422,4.316721098226236,2.836281284343461,5.508595556037851,4.848916770784997,False
137,228.78864818647438,10,"[-90.0, -45.0, -59.99999999999999, 180.0, 90.0, 45.0, -59.99999999999999, 180.0, 45.0, 59.99999999999999, 180.0, -135.0, 150.0, -59.99999999999999, 45.0, 45.0, 180.0, 59.99999999999999, 59.99999999999999, -59.99999999999999, -119.99999999999999, 135.0, -45.0, 160.0, 180.0, -59.99999999999999, 115.0, -59.99999999999999, -59.99999999999999, -45.0, -45.0, -59.99999999999999, 180.0]",0.02082388774955465,312.373670956118,-115.2751399470925,-76.85009329806167,17.35545093846226,0.0,38.0951319441189,-15.407562169765262,0.0,-8.962030874741268,0.5883034516246725,0.5883034516246725,0.0,0.0,0.8737884157753059,0.4105136446227816,1.0,34.931074513638706,14.367977561797357,54.39186324691073,228.78864818647438,5.435464912257665,4.476252607718327,2.7625670351793405,5.508595556037851,4.848916770784997,False
138,228.9013756371138,10,"[-90.0, -45.0, -59.99999999999999, 180.0, 90.0, 45.0, -59.99999999999999, 180.0, 45.0, 59.99999999999999, 180.0, -135.0, 150.0, -59.99999999999999, 45.0, 45.0, 180.0, 59.99999999999999, 59.99999999999999, -59.99999999999999, -135.0, 135.0, -45.0, 160.0, 180.0, -59.99999999999999, 115.0, -59.99999999999999, -59.99999999999999, -45.0, -45.0, -59.99999999999999, 180.0]",6.2182327169870435,245.90146673748325,-115.2751399470925,-76.85009329806167,19.928304096760733,0.0,96.09754530560491,-15.407562169765262,0.0,-9.149774554489069,0.5883034516246725,0.5883034516246725,0.0,0.0,0.9006458720252593,0.43535813152223873,1.0,37.71401608155376,15.237534603278355,58.83125552720238,228.9013756371138,4.384810983107613,4.343289958095234,2.711587682789818,5.508595556037851,4.848916770784997,False
139,229.13070873414839,10,"[-90.0, -45.0, -59.99999999999999, 180.0, 90.0, 45.0, -59.99999999999999, 180.0, 45.0, 59.99999999999999, 180.0, -135.0, 150.0, -59.99999999999999, 45.0, 45.0, 180.0, 59.99999999999999, 59.99999999999999, -59.99999999999999, -135.0, 135.0, -90.0, 160.0, 180.0, -59.99999999999999, 115.0, -59.99999999999999, -59.99999999999999, -59.99999999999999, -14.999999999999998, -59.99999999999999, -59.99999999999999]",2.3022097890522684,303.20770949203745,-115.2751399470925,-76.85009329806167,17.477451445496357,0.0,44.87581823356118,-15.407562169765262,0.0,-8.63808156076576,0.5883034516246725,0.5883034516246725,0.0,0.0,0.8774918345486717,0.3872192602817974,1.0,33.86756623443797,13.552674109862908,51.96837149540442,229.13070873414839,6.1785587357115475,4.674075327367813,2.37814896173899,5.508595556037851,4.848916770784997,False
140,229.49017373883595,10,"[-90.0, -45.0, -59.99999999999999, 180.0, 90.0, 45.0, -59.99999999999999, 180.0, 45.0, 59.99999999999999, 180.0, -135.0, 150.0, -59.99999999999999, 45.0, 45.0, 180.0, 59.99999999999999, 59.99999999999999, -59.99999999999999, -119.99999999999999, 135.0, -59.99999999999999, 115.0, 59.99999999999999, -59.99999999999999, 115.0, -59.99999999999999, -59.99999999999999, -150.0, 105.00000000000001, -59.99999999999999, 59.99999999999999]",13.161698747546469,219.98198974524664,-115.2751399470925,-76.85009329806167,20.337283589032097,0.0,108.54522807185617,-12.408026753196237,0.0,-5.441163166181377,0.5883034516246725,0.5883034516246725,0.0,0.0,0.9111183879817185,0.3928708066537823,1.0,35.93310141842156,13.750478232882381,54.409625872808775,229.49017373883595,7.122448689330203,4.599331798598443,2.7401024312736104,5.508595556037851,4.848916770784997,False
141,229.55410740829362,10,"[-90.0, -45.0, -59.99999999999999, 180.0, 90.0, 45.0, -59.99999999999999, 180.0, 45.0, 59.99999999999999, 180.0, -135.0, 150.0, -59.99999999999999, 45.0, 45.0, 180.0, 59.99999999999999, 59.99999999999999, -59.99999999999999, -119.99999999999999, 135.0, -45.0, 160.0, 180.0, -45.0, 145.0, 180.0, -59.99999999999999, -75.0, 175.0, -59.99999999999999, 180.0]",0.032390002518333155,287.14236657727605,-115.2751399470925,-76.85009329806167,17.646430232744716,0.0,62.21537861947346,-15.80753879954923,0.0,-6.988082728701903,0.5883034516246725,0.5883034516246725,0.0,0.0,0.8839828821909996,0.4472304567674379,1.0,36.0976156421761,15.653065986860327,55.565588341999906,229.55410740829362,5.580486026760343,4.470401274325146,2.8522512522127275,5.508595556037851,4.848916770784997,False
142,229.73562036163685,10,"[-90.0, -45.0, -59.99999999999999, 180.0, 90.0, 45.0, -59.99999999999999, 180.0, 45.0, 59.99999999999999, 180.0, -135.0, 150.0, -59.99999999999999, 45.0, 45.0, 180.0, 59.99999999999999, 59.99999999999999, -59.99999999999999, -135.0, 135.0, -90.0, 160.0, 180.0, -45.0, 145.0, 180.0, -59.99999999999999, -59.99999999999999, -14.999999999999998, -59.99999999999999, -59.99999999999999]",0.6003446414641908,314.14863072544296,-115.2751399470925,-76.85009329806167,17.222583398700273,0.0,37.41231522061445,-15.80753879954923,0.0,-9.15387832956795,0.5883034516246725,0.5883034516246725,0.0,0.0,0.8730712603129523,0.386384656355842,1.0,33.60303239371227,13.523462972454471,51.79275806052799,229.73562036163685,5.846509636652198,4.668405133036536,2.376701971869677,5.508595556037851,4.848916770784997,False
143,230.31099591381857,10,"[-90.0, -45.0, -59.99999999999999, 180.0, 90.0, 45.0, -59.99999999999999, 180.0, 45.0, 59.99999999999999, 180.0, -135.0, 150.0, -59.99999999999999, 45.0, 45.0, 180.0, 59.99999999999999, 59.99999999999999, -59.99999999999999, -105.00000000000001, 175.0, -59.99999999999999, 90.0, 180.0, -59.99999999999999, 115.0, -59.99999999999999, -59.99999999999999, -150.0, 105.00000000000001, -59.99999999999999, 59.99999999999999]",66.04137310237763,240.50843238020144,-115.2751399470925,-76.85009329806167,16.59937002230299,0.0,40.10727255182158,-15.40756216976526,0.0,-2.851053477651985,0.5883034516246725,0.5883034516246725,0.0,0.0,0.9028248758059791,0.3864353958230448,1.0,34.83642197353615,13.525238853806568,53.39781365199354,230.31099591381857,9.134319003675314,4.606764008009442,3.3230164690776873,5.508595556037851,4.848916770784997,False
144,231.12419176848206,10,"[-90.0, -45.0, -59.99999999999999, 180.0, 90.0, 45.0, -59.99999999999999, 180.0, 45.0, 59.99999999999999, 180.0, -135.0, 150.0, -59.99999999999999, 45.0, 45.0, 180.0, 59.99999999999999, 59.99999999999999, -59.99999999999999, -135.0, 135.0, -45.0, 160.0, 180.0, -90.0, 105.00000000000001, -59.99999999999999, -59.99999999999999, -105.00000000000001, 105.00000000000001, 59.99999999999999, -59.99999999999999]",0.6682190025161685,245.10018941653064,-115.2751399470925,-76.85009329806167,20.987489282892167,0.0,98.8762016713746,-15.407562169765262,0.0,-4.413508939598419,0.5883034516246725,0.5883034516246725,0.0,0.0,0.9009696204377654,0.405015739911711,1.0,36.66213828034972,14.175550896909886,56.85539789837999,231.12419176848206,5.865573249162509,4.494470636971433,2.6997317600560278,5.508595556037851,4.848916770784997,False
145,231.22591566274616,10,"[-90.0, -45.0, -59.99999999999999, 180.0, 90.0, 45.0, -59.99999999999999, 180.0, 45.0, 59.99999999999999, 180.0, -135.0, 150.0, -59.99999999999999, 45.0, 45.0, 180.0, 59.99999999999999, 59.99999999999999, -59.99999999999999, -135.0, 135.0, -45.0, 160.0, 180.0, -59.99999999999999, 115.0, -59.99999999999999, -59.99999999999999, -75.0, 175.0, -59.99999999999999, 180.0]",6.2182327169870435,228.5562593351992,-115.2751399470925,-76.85009329806167,19.912496179544807,0.0,113.29335573589572,-15.407562169765262,0.0,-6.660029639647514,0.5883034516246725,0.5883034516246725,0.0,0.0,0.9076540366322428,0.43292135515793373,1.0,38.178555212876844,15.15224743052768,59.42769396103041,231.22591566274616,4.384810983107613,4.343289958095234,2.711587682789818,5.508595556037851,4.848916770784997,False
146,231.7425382363646,10,"[-90.0, -45.0, -59.99999999999999, 180.0, 90.0, 45.0, -59.99999999999999, 180.0, 45.0, 59.99999999999999, 180.0, -135.0, 150.0, -59.99999999999999, 45.0, 45.0, 180.0, 59.99999999999999, 59.99999999999999, -59.99999999999999, -135.0, 135.0, -90.0, 160.0, 180.0, -59.99999999999999, 115.0, -59.99999999999999, -59.99999999999999, -105.00000000000001, 105.00000000000001, 59.99999999999999, -59.99999999999999]",2.3022097890522684,304.9419869690886,-115.2751399470925,-76.85009329806167,17.5372852529594,0.0,43.04774086233296,-15.407562169765262,0.0,-5.992285971835523,0.5883034516246725,0.5883034516246725,0.0,0.0,0.8767911163761258,0.38705752321140574,1.0,33.887317038444756,13.547013312399201,51.81595095992371,231.7425382363646,6.1785587357115475,4.674075327367813,2.37814896173899,5.508595556037851,4.848916770784997,False
147,231.88284479156056,10,"[-90.0, -45.0, -59.99999999999999, 180.0, 90.0, 45.0, -59.99999999999999, 180.0, 45.0, 59.99999999999999, 180.0, -135.0, 150.0, -59.99999999999999, 45.0, 45.0, 180.0, 59.99999999999999, 59.99999999999999, -59.99999999999999, -119.99999999999999, 135.0, -45.0, 160.0, 180.0, -59.99999999999999, 115.0, -59.99999999999999, -59.99999999999999, -45.0, 115.0, 59.99999999999999, 180.0]",0.02082388774955465,312.373670956118,-115.2751399470925,-76.85009329806167,17.35545093846226,0.0,38.0951319441189,-15.407562169765262,0.0,-5.8678342696550665,0.5883034516246725,0.5883034516246725,0.0,0.0,0.8737884157753059,0.4105136446227816,1.0,34.931074513638706,14.367977561797357,54.39186324691073,231.88284479156056,5.435464912257665,4.476252607718327,2.7625670351793405,5.508595556037851,4.848916770784997,False
148,231.92336819606155,10,"[-90.0, -45.0, -59.99999999999999, 180.0, 90.0, 45.0, -59.99999999999999, 180.0, 45.0, 59.99999999999999, 180.0, -135.0, 150.0, -59.99999999999999, 45.0, 45.0, 180.0, 59.99999999999999, 59.99999999999999, -59.99999999999999, -119.99999999999999, 135.0, -45.0, 160.0, 180.0, -59.99999999999999, 115.0, -59.99999999999999, -59.99999999999999, -45.0, 90.0, 180.0, 180.0]",0.02082388774955465,312.373670956118,-115.2751399470925,-76.85009329806167,17.35545093846226,0.0,38.0951319441189,-15.80753879954923,0.0,-5.427334235370138,0.5883034516246725,0.5883034516246725,0.0,0.0,0.8737884157753059,0.4105136446227816,1.0,34.931074513638706,14.367977561797357,54.39186324691073,231.92336819606155,5.435464912257665,4.476252607718327,2.7625670351793405,5.508595556037851,4.848916770784997,False
149,231.99557224219998,10,"[-90.0, -45.0, -59.99999999999999, 180.0, 90.0, 45.0, -59.99999999999999, 180.0, 45.0, 59.99999999999999, 180.0, -135.0, 150.0, -59.99999999999999, 45.0, 45.0, 180.0, 59.99999999999999, 59.99999999999999, -59.99999999999999, -135.0, 135.0, -45.0, 160.0, 180.0, -59.99999999999999, 115.0, -59.99999999999999, -59.99999999999999, -45.0, 115.0, 59.99999999999999, 180.0]",6.2182327169870435,245.90146673748325,-115.2751399470925,-76.85009329806167,19.928304096760733,0.0,96.09754530560491,-15.407562169765262,0.0,-6.055577949402867,0.5883034516246725,0.5883034516246725,0.0,0.0,0.9006458720252593,0.43535813152223873,1.0,37.71401608155376,15.237534603278355,58.83125552720238,231.99557224219998,4.384810983107613,4.343289958095234,2.711587682789818,5.508595556037851,4.848916770784997,False
150,232.03609564670094,10,"[-90.0, -45.0, -59.99999999999999, 180.0, 90.0, 45.0, -59.99999999999999, 180.0, 45.0, 59.99999999999999, 180.0, -135.0, 150.0, -59.99999999999999, 45.0, 45.0, 180.0, 59.99999999999999, 59.99999999999999, -59.99999999999999, -135.0, 135.0, -45.0, 160.0, 180.0, -59.99999999999999, 115.0, -59.99999999999999, -59.99999999999999, -45.0, 90.0, 180.0, 180.0]",6.2182327169870435,245.90146673748325,-115.2751399470925,-76.85009329806167,19.928304096760733,0.0,96.09754530560491,-15.80753879954923,0.0,-5.615077915117938,0.5883034516246725,0.5883034516246725,0.0,0.0,0.9006458720252593,0.43535813152223873,1.0,37.71401608155376,15.237534603278355,58.83125552720238,232.03609564670094,4.384810983107613,4.343289958095234,2.711587682789818,5.508595556037851,4.848916770784997,False
151,232.46324085124147,10,"[-90.0, -45.0, -59.99999999999999, 180.0, 90.0, 45.0, -59.99999999999999, 180.0, 45.0, 59.99999999999999, 180.0, -135.0, 150.0, -59.99999999999999, 45.0, 45.0, 180.0, 59.99999999999999, 59.99999999999999, -59.99999999999999, -105.00000000000001, 175.0, -90.0, 160.0, 180.0, -90.0, 119.99999999999999, 180.0, 59.99999999999999, -150.0, 105.00000000000001, -59.99999999999999, 59.99999999999999]",22.643228037478753,288.88951695277507,-115.2751399470925,-76.85009329806167,15.19451159624199,0.0,41.621611081735246,-15.807538799549226,0.0,-5.3912515219725625,0.5883034516246725,0.5883034516246725,0.0,0.0,0.8832769628473637,0.388324821751373,1.0,34.95108852845237,13.591368761298055,51.9423011375165,232.46324085124147,7.628061467038899,4.796590545357496,2.7941163457377693,5.508595556037851,4.848916770784997,False
152,232.54115836918734,10,"[-90.0, -45.0, -59.99999999999999, 180.0, 90.0, 45.0, -59.99999999999999, 180.0, 45.0, 59.99999999999999, 180.0, -135.0, 150.0, -59.99999999999999, -75.0, 75.0, 180.0, 59.99999999999999, 59.99999999999999, -59.99999999999999, -135.0, 119.99999999999999, 59.99999999999999, 45.0, 180.0, -45.0, 145.0, 180.0, -59.99999999999999, -90.0, -75.0, 180.0, 59.99999999999999]",2.193907202527013,241.83617304253926,-40.465631421094756,-26.97708761406317,15.322063826751387,0.0,34.15958802012779,-16.207515429333196,0.0,-4.885730323954833,0.5883034516246725,0.5883034516246725,0.0,0.0,0.9022884149323074,0.4212853617985438,1.0,37.178468618188624,14.744987662949033,56.40496745388051,232.54115836918734,4.8375942025424274,4.722336848469079,3.4251542225068836,5.508595556037851,4.848916770784997,False
153,233.01786543494032,10,"[-90.0, -45.0, -59.99999999999999, 180.0, 90.0, 45.0, -59.99999999999999, 180.0, 45.0, 59.99999999999999, 180.0, -135.0, 150.0, -59.99999999999999, 45.0, 45.0, 180.0, 59.99999999999999, 59.99999999999999, -59.99999999999999, -119.99999999999999, 135.0, -45.0, 160.0, 180.0, -59.99999999999999, 115.0, -59.99999999999999, -59.99999999999999, -59.99999999999999, -14.999999999999998, -59.99999999999999, -59.99999999999999]",0.02082388774955465,183.76177608234605,-115.2751399470925,-76.85009329806167,16.70173431362539,0.0,170.2937229184677,-15.407562169765262,0.0,-7.665793102015259,0.5883034516246725,0.5883034516246725,0.0,0.0,0.9257528177445067,0.4240397262138927,1.0,40.04938555490201,14.841390417486243,59.54649802753602,233.01786543494032,5.435464912257665,4.476252607718327,2.7625670351793405,5.508595556037851,4.848916770784997,False
154,233.5238786439667,10,"[-90.0, -45.0, -59.99999999999999, 180.0, 90.0, 45.0, -59.99999999999999, 180.0, 45.0, 59.99999999999999, 180.0, -135.0, 150.0, -59.99999999999999, 45.0, 45.0, 180.0, 59.99999999999999, 59.99999999999999, -59.99999999999999, -119.99999999999999, 135.0, -75.0, 150.0, 59.99999999999999, -45.0, 145.0, 180.0, -59.99999999999999, -150.0, 105.00000000000001, -59.99999999999999, 59.99999999999999]",1.456213444947021,211.409212376739,-115.2751399470925,-76.85009329806167,16.70402444285945,0.0,140.93328704354886,-12.808003382980207,-2.6521100996778193,-6.831908686001757,0.5883034516246725,0.5883034516246725,0.0,0.0,0.9145821364134388,0.38879674327483105,1.0,37.55072350337684,13.607886014619087,54.267960727558915,233.5238786439667,6.039669055060047,4.66475094614043,2.512461782105863,5.508595556037851,4.848916770784997,False
155,234.70877232667797,10,"[-90.0, -45.0, -59.99999999999999, 180.0, 90.0, 45.0, -59.99999999999999, 180.0, 45.0, 59.99999999999999, 180.0, -135.0, 150.0, -59.99999999999999, 45.0, 45.0, 180.0, 59.99999999999999, 59.99999999999999, -59.99999999999999, -135.0, 119.99999999999999, -45.0, 160.0, 180.0, -75.0, 105.00000000000001, 180.0, -59.99999999999999, 59.99999999999999, 29.999999999999996, -59.99999999999999, -59.99999999999999]",0.002656862174502833,269.73468139995856,-115.2751399470925,-76.85009329806167,19.380765603257668,0.0,81.43633332084532,-15.80753879954923,0.0,-5.351289564541014,0.5883034516246725,0.5883034516246725,0.0,0.0,0.8910162903434511,0.3990238495952931,1.0,35.41426627714329,13.965834735835257,54.90190602857777,234.70877232667797,5.476948483023875,4.491244118535086,2.552305694713192,5.508595556037851,4.848916770784997,False
156,235.38682112929578,10,"[-90.0, -45.0, -59.99999999999999, 180.0, 90.0, 45.0, -59.99999999999999, 180.0, 45.0, 59.99999999999999, 180.0, -135.0, 150.0, -59.99999999999999, -75.0, 130.0, -59.99999999999999, 29.999999999999996, 14.999999999999998, 59.99999999999999, -135.0, 135.0, -105.00000000000001, 165.0, 180.0, 90.0, 29.999999999999996, 59.99999999999999, 59.99999999999999, -150.0, 105.00000000000001, -59.99999999999999, 59.99999999999999]",4.132835732484307,10.408718544312448,-42.91296519736293,-28.60864346490862,16.98379767084783,0.0,271.99823860864376,-12.40802675319625,-5.418808591615481,-7.985272336442558,0.5883034516246725,0.5883034516246725,0.0,0.0,0.9957944571538131,0.9069943883959969,1.0,48.54381396458682,31.744803593859892,70.45311680057493,235.38682112929578,6.409157382688422,4.316721098226236,2.836281284343461,5.508595556037851,4.848916770784997,False
157,236.05078763762168,10,"[-90.0, -45.0, -59.99999999999999, 180.0, 90.0, 45.0, -59.99999999999999, 180.0, 45.0, 59.99999999999999, 180.0, -135.0, 150.0, -59.99999999999999, 45.0, 45.0, 180.0, 59.99999999999999, 59.99999999999999, -59.99999999999999, -119.99999999999999, 135.0, -45.0, 160.0, 180.0, -59.99999999999999, 115.0, -59.99999999999999, -59.99999999999999, 59.99999999999999, 29.999999999999996, -59.99999999999999, -59.99999999999999]",0.02082388774955465,318.6196917315064,-115.2751399470925,-76.85009329806167,16.190789488340954,0.0,37.545528592036284,-15.407562169765262,0.0,-6.2316473967784285,0.5883034516246725,0.5883034516246725,0.0,0.0,0.8712647710175733,0.39858922962038373,1.0,34.32217662626684,13.95062303671343,53.48121484078269,236.05078763762168,5.435464912257665,4.476252607718327,2.7625670351793405,5.508595556037851,4.848916770784997,False
158,238.18192620915514,10,"[-90.0, -45.0, -59.99999999999999, 180.0, 90.0, 45.0, -59.99999999999999, 180.0, 45.0, 59.99999999999999, 180.0, -135.0, 150.0, -59.99999999999999, 45.0, 45.0, 180.0, 59.99999999999999, 59.99999999999999, -59.99999999999999, -135.0, 119.99999999999999, -75.0, 150.0, 59.99999999999999, -45.0, 145.0, 180.0, -59.99999999999999, -59.99999999999999, -14.999999999999998, -59.99999999999999, -59.99999999999999]",2.2524937627240753,306.5022886582284,-115.2751399470925,-76.85009329806167,17.702607818643852,0.0,47.47641513831829,-12.808003382980209,0.0,-8.257039290311429,0.5883034516246725,0.5883034516246725,0.0,0.0,0.8761606914512208,0.387778714716688,1.0,33.77180401074622,13.57225501508408,52.21533940409972,238.18192620915514,6.171192038499277,4.652666029781473,2.412203038354482,5.508595556037851,4.848916770784997,False
159,238.24573202723337,10,"[-90.0, -45.0, -59.99999999999999, 180.0, 90.0, 45.0, -59.99999999999999, 180.0, 45.0, 59.99999999999999, 180.0, -135.0, 150.0, -59.99999999999999, 45.0, 45.0, 180.0, 59.99999999999999, 59.99999999999999, -59.99999999999999, -135.0, 135.0, -90.0, 160.0, 180.0, -75.0, 105.00000000000001, 180.0, -59.99999999999999, -90.0, -75.0, 180.0, 59.99999999999999]",10.161851318206654,295.3747571957452,-115.2751399470925,-76.85009329806167,17.793773704869967,0.0,53.478075080880856,-16.207515429333196,0.0,-7.668373347668248,0.5883034516246725,0.5883034516246725,0.0,0.0,0.8806566637592949,0.38947937968113655,1.0,34.163374202354554,13.63177828883978,52.2359977032673,238.24573202723337,6.9256122416847195,4.73367631795977,2.4349119901801783,5.508595556037851,4.848916770784997,False
160,238.8026454925629,10,"[-90.0, -45.0, -59.99999999999999, 180.0, 90.0, 45.0, -59.99999999999999, 180.0, 75.0, 59.99999999999999, 59.99999999999999, 45.0, 59.99999999999999, -59.99999999999999, -165.0, 165.0, 180.0, 29.999999999999996, 14.999999999999998, 59.99999999999999, -135.0, 135.0, -59.99999999999999, 115.0, 59.99999999999999, -45.0, 145.0, 180.0, -59.99999999999999, -105.00000000000001, 105.00000000000001, 59.99999999999999, -59.99999999999999]",35.32798822734148,242.37469682244452,-100.06716224994352,-66.71144149996235,14.176104502942257,0.0,60.03915654529019,-9.8084679664112,0.0,-3.8279738407254835,0.5883034516246725,0.5883034516246725,0.0,0.0,0.9020708295666892,0.4325590737507848,1.0,36.275174186527416,15.139567581277468,58.87174425442488,238.8026454925629,8.158119193239516,4.704299416068516,4.2797051252101195,5.508595556037851,4.848916770784997,False
161,239.15555293975808,10,"[-90.0, -45.0, -59.99999999999999, 180.0, 90.0, 45.0, -59.99999999999999, 180.0, 75.0, 59.99999999999999, 59.99999999999999, 45.0, 59.99999999999999, -59.99999999999999, -165.0, 165.0, 180.0, 29.999999999999996, 14.999999999999998, 59.99999999999999, -135.0, 135.0, -59.99999999999999, 115.0, 59.99999999999999, -59.99999999999999, 115.0, -59.99999999999999, -59.99999999999999, -150.0, 105.00000000000001, -59.99999999999999, 59.99999999999999]",41.15359906640642,211.66441987766888,-91.54625412028676,-61.03083608019117,14.41472160895448,0.0,76.58919654897659,-9.40849133662723,0.0,-4.299942156958992,0.5883034516246725,0.5883034516246725,0.0,0.0,0.914479022271649,0.5785318558605743,1.0,36.85208327238463,20.2486149551201,58.27340376181646,239.15555293975808,8.36892311038154,4.736818293106523,4.2814830673446265,5.508595556037851,4.848916770784997,False
162,241.0851910582773,10,"[-90.0, -45.0, -59.99999999999999, 180.0, 90.0, 45.0, -59.99999999999999, 180.0, 45.0, 59.99999999999999, 180.0, -135.0, 150.0, -59.99999999999999, 45.0, 45.0, 180.0, 29.999999999999996, 14.999999999999998, 59.99999999999999, -90.0, 130.0, -45.0, 160.0, 180.0, -90.0, 105.00000000000001, -59.99999999999999, -59.99999999999999, -150.0, 105.00000000000001, -59.99999999999999, 59.99999999999999]",0.36748826955929836,259.13312914216584,-115.2751399470925,-76.85009329806167,15.758525602017384,0.0,100.51348442880796,-12.408026753196252,-3.959258189237759,-3.63331494637138,0.5883034516246725,0.5883034516246725,0.0,0.0,0.8952997458011451,0.3845453371835282,1.0,38.31988183245035,13.459086801423487,58.644708810875635,241.0851910582773,5.228895492638245,4.676866126905609,2.4769958190090016,5.508595556037851,4.848916770784997,False
163,241.8338633178449,10,"[-90.0, -45.0, -59.99999999999999, 180.0, 90.0, 45.0, -59.99999999999999, 180.0, 45.0, 59.99999999999999, 180.0, -135.0, 150.0, -59.99999999999999, -75.0, 130.0, -59.99999999999999, 29.999999999999996, 14.999999999999998, 59.99999999999999, -105.00000000000001, 175.0, -105.00000000000001, 165.0, 180.0, -59.99999999999999, 115.0, -59.99999999999999, -59.99999999999999, -150.0, 105.00000000000001, -59.99999999999999, 59.99999999999999]",18.67666368792008,18.810425201093885,-61.2428204805221,-40.82854698701473,17.245364274918938,0.0,265.6337704253573,-12.408026753196252,0.0,-5.4698164893516,0.5883034516246725,0.5883034516246725,0.0,0.0,0.9923998282015782,0.859731325209013,1.0,44.80118570716249,30.090596382315454,66.67841726016364,241.8338633178449,7.432700891908527,4.5375210351661375,2.689691524277842,5.508595556037851,4.848916770784997,False
164,242.00553328170446,10,"[-90.0, -45.0, -59.99999999999999, 180.0, 90.0, 45.0, -59.99999999999999, 180.0, 45.0, 59.99999999999999, 180.0, -135.0, 150.0, -59.99999999999999, 45.0, 45.0, 180.0, 59.99999999999999, 59.99999999999999, -59.99999999999999, -135.0, 135.0, -45.0, 160.0, 180.0, -45.0, 145.0, 180.0, -59.99999999999999, -45.0, -45.0, -59.99999999999999, 180.0]",5.260075584176031,259.0385347714207,-115.2751399470925,-76.85009329806167,19.382176654273376,0.0,98.48469289014264,-15.80753879954923,0.0,-9.665571323291257,0.5883034516246725,0.5883034516246725,0.0,0.0,0.8953379657489209,0.4006522400277366,1.0,37.93218351371541,14.02282840097078,59.09510907033919,242.00553328170446,4.474322118384526,4.334803037975611,2.795067185680404,5.508595556037851,4.848916770784997,False
165,243.33547145344454,10,"[-90.0, -45.0, -59.99999999999999, 180.0, 90.0, 45.0, -59.99999999999999, 180.0, 45.0, 59.99999999999999, 180.0, -135.0, 150.0, -59.99999999999999, 45.0, 45.0, 180.0, 59.99999999999999, 59.99999999999999, -59.99999999999999, -135.0, 119.99999999999999, -75.0, 150.0, 59.99999999999999, -75.0, 75.0, -59.99999999999999, 59.99999999999999, -90.0, -75.0, 180.0, 59.99999999999999]",18.329325857837485,304.72006622708443,-115.2751399470925,-76.85009329806167,17.34416401959258,0.0,35.68022305197905,-12.808003382980203,0.0,-5.243467824600961,0.5883034516246725,0.5883034516246725,0.0,0.0,0.8768807813223901,0.38615347303205605,1.0,34.35183958786679,13.515371556121961,52.151186345177955,243.33547145344454,7.414644920492439,4.6952754621516135,2.4950428925572927,5.508595556037851,4.848916770784997,False
166,243.65096376208035,10,"[-90.0, -45.0, -59.99999999999999, 180.0, 90.0, 45.0, -59.99999999999999, 180.0, 45.0, 59.99999999999999, 180.0, -135.0, 150.0, -59.99999999999999, 45.0, 45.0, 180.0, 29.999999999999996, 14.999999999999998, 59.99999999999999, -90.0, 130.0, -45.0, 160.0, 180.0, -45.0, 145.0, 180.0, -59.99999999999999, -150.0, 105.00000000000001, -59.99999999999999, 59.99999999999999]",17.058596615730973,183.820559252846,-115.2751399470925,-76.85009329806167,15.006587958753277,0.0,160.20340378160608,-12.80800338298022,0.0,-4.943343968407972,0.5883034516246725,0.5883034516246725,0.0,0.0,0.9257290669685471,0.3850287040300956,1.0,41.984988139704285,13.476004641053345,62.874456833626795,243.65096376208035,3.6529159945616456,4.5231462308836,2.40776348972888,5.508595556037851,4.848916770784997,False
167,244.1670154410001,10,"[-90.0, -45.0, -59.99999999999999, 180.0, 90.0, 45.0, -59.99999999999999, 180.0, 45.0, 59.99999999999999, 180.0, -135.0, 150.0, -59.99999999999999, 45.0, 45.0, 180.0, 29.999999999999996, 14.999999999999998, 59.99999999999999, -75.0, 145.0, -59.99999999999999, 115.0, 59.99999999999999, -59.99999999999999, 115.0, -59.99999999999999, -59.99999999999999, -90.0, -75.0, 180.0, 59.99999999999999]",0.7000863477922652,282.1465104010498,-115.2751399470925,-76.85009329806167,16.20142964745664,0.0,78.01904513834957,-9.808467966411198,-3.8423331985717395,-4.5624184331974185,0.5883034516246725,0.5883034516246725,0.0,0.0,0.8860014099389697,0.38454038314740197,1.0,38.51670615042819,13.458913410159068,59.35702263344313,244.1670154410001,5.125811184616038,4.64959240010718,2.554519307948756,5.508595556037851,4.848916770784997,False
168,244.37208726119258,10,"[-90.0, -45.0, -59.99999999999999, 180.0, 90.0, 45.0, -59.99999999999999, 180.0, 45.0, 59.99999999999999, 180.0, -135.0, 150.0, -59.99999999999999, 45.0, 45.0, 180.0, 59.99999999999999, 59.99999999999999, -59.99999999999999, -135.0, 119.99999999999999, -45.0, 160.0, 180.0, -75.0, 75.0, -59.99999999999999, 59.99999999999999, 59.99999999999999, 29.999999999999996, -59.99999999999999, -59.99999999999999]",0.0025419415364926726,267.6373079404246,-115.2751399470925,-76.85009329806167,15.753077459233186,0.0,94.89678166596167,-15.40756216976526,0.0,-3.823223080730248,0.5883034516246725,0.5883034516246725,0.0,0.0,0.891863713963465,0.4102271369062436,1.0,37.03412546070694,14.357949791718525,56.13936149494117,244.37208726119258,5.477452532131112,4.470288333250228,2.516612299655968,5.508595556037851,4.848916770784997,False
169,245.09972988679067,10,"[-90.0, -45.0, -59.99999999999999, 180.0, 90.0, 45.0, -59.99999999999999, 180.0, 45.0, 59.99999999999999, 180.0, -135.0, 150.0, -59.99999999999999, 45.0, 45.0, 180.0, 59.99999999999999, 59.99999999999999, -59.99999999999999, -135.0, 135.0, -45.0, 160.0, 180.0, -45.0, 145.0, 180.0, -59.99999999999999, -45.0, 115.0, 59.99999999999999, 180.0]",5.260075584176031,259.0385347714207,-115.2751399470925,-76.85009329806167,19.382176654273376,0.0,98.48469289014264,-15.80753879954923,0.0,-6.571374718205056,0.5883034516246725,0.5883034516246725,0.0,0.0,0.8953379657489209,0.4006522400277366,1.0,37.93218351371541,14.02282840097078,59.09510907033919,245.09972988679067,4.474322118384526,4.334803037975611,2.795067185680404,5.508595556037851,4.848916770784997,False
170,245.14025329129163,10,"[-90.0, -45.0, -59.99999999999999, 180.0, 90.0, 45.0, -59.99999999999999, 180.0, 45.0, 59.99999999999999, 180.0, -135.0, 150.0, -59.99999999999999, 45.0, 45.0, 180.0, 59.99999999999999, 59.99999999999999, -59.99999999999999, -135.0, 135.0, -45.0, 160.0, 180.0, -45.0, 145.0, 180.0, -59.99999999999999, -45.0, 90.0, 180.0, 180.0]",5.260075584176031,259.0385347714207,-115.2751399470925,-76.85009329806167,19.382176654273376,0.0,98.48469289014264,-16.207515429333196,0.0,-6.130874683920127,0.5883034516246725,0.5883034516246725,0.0,0.0,0.8953379657489209,0.4006522400277366,1.0,37.93218351371541,14.02282840097078,59.09510907033919,245.14025329129163,4.474322118384526,4.334803037975611,2.795067185680404,5.508595556037851,4.848916770784997,False
171,245.3856129197472,10,"[-90.0, -45.0, -59.99999999999999, 180.0, 90.0, 45.0, -59.99999999999999, 180.0, 45.0, 59.99999999999999, 180.0, -135.0, 150.0, -59.99999999999999, 45.0, 45.0, 180.0, 59.99999999999999, 59.99999999999999, -59.99999999999999, -135.0, 135.0, -90.0, 160.0, 180.0, 90.0, 29.999999999999996, 59.99999999999999, 59.99999999999999, 59.99999999999999, 29.999999999999996, -59.99999999999999, -59.99999999999999]",0.038304691714552495,250.94533763236913,-153.596996805391,-102.39799787026067,14.883919257903555,0.0,155.70012549573408,-15.40756216976526,0.0,-7.765818634442556,0.5883034516246725,0.5883034516246725,0.0,0.0,0.898607944390962,0.4003980571889168,1.0,36.60450304756078,14.013932001612089,57.91253057333508,245.3856129197472,5.5875267864308436,4.318616151006842,3.0753858344853566,5.508595556037851,4.848916770784997,False
172,245.4171958782574,10,"[-90.0, -45.0, -59.99999999999999, 180.0, 90.0, 45.0, -59.99999999999999, 180.0, 45.0, 59.99999999999999, 180.0, -135.0, 150.0, -59.99999999999999, 45.0, 45.0, 180.0, 29.999999999999996, 14.999999999999998, 59.99999999999999, -90.0, 130.0, -45.0, 160.0, 180.0, -45.0, 145.0, 180.0, -59.99999999999999, -59.99999999999999, -14.999999999999998, -59.99999999999999, -59.99999999999999]",17.058596615730973,252.51946205779316,-115.2751399470925,-76.85009329806167,14.728130667873053,0.0,95.20722088761079,-12.808003382980221,0.0,-6.601374472302513,0.5883034516246725,0.5883034516246725,0.0,0.0,0.8979719345221038,0.3867456723439528,1.0,38.84513844093785,13.536098532038348,61.25006230180851,245.4171958782574,3.6529159945616456,4.5231462308836,2.40776348972888,5.508595556037851,4.848916770784997,False
173,245.6800117688056,10,"[-90.0, -45.0, -59.99999999999999, 180.0, 90.0, 45.0, -59.99999999999999, 180.0, 45.0, 59.99999999999999, 180.0, -135.0, 150.0, -59.99999999999999, 45.0, 45.0, 180.0, 59.99999999999999, 59.99999999999999, -59.99999999999999, -135.0, 135.0, -45.0, 160.0, 180.0, -45.0, 145.0, 180.0, -59.99999999999999, -59.99999999999999, -14.999999999999998, -59.99999999999999, -59.99999999999999]",5.260075584176031,115.42831132907165,-115.2751399470925,-76.85009329806167,18.48786585534898,0.0,245.36746784579123,-15.80753879954923,0.0,-8.36933355056525,0.5883034516246725,0.5883034516246725,0.0,0.0,0.9533622984529003,0.5614250939647393,1.0,42.93316133021595,19.649878288765873,63.43990177886657,245.6800117688056,4.474322118384526,4.334803037975611,2.795067185680404,5.508595556037851,4.848916770784997,False
174,245.91559296353714,10,"[-90.0, -45.0, -59.99999999999999, 180.0, 90.0, 45.0, -59.99999999999999, 180.0, 45.0, 59.99999999999999, 180.0, -135.0, 150.0, -59.99999999999999, -75.0, 130.0, -59.99999999999999, 29.999999999999996, 14.999999999999998, 59.99999999999999, -135.0, 135.0, -105.00000000000001, 165.0, 180.0, -75.0, 75.0, -59.99999999999999, 59.99999999999999, -90.0, -75.0, 180.0, 59.99999999999999]",22.081045417340675,157.89762800700146,-42.91296519736293,-28.60864346490862,17.14717909239413,0.0,110.50605094003456,-12.808003382980218,0.0,-6.583645364515194,0.5883034516246725,0.5883034516246725,0.0,0.0,0.9362029785830297,0.5800484715477012,1.0,38.63892197601036,20.30169650416954,60.06358291693864,245.91559296353714,7.601477833208843,4.701123579627682,2.9727042603920393,5.508595556037851,4.848916770784997,False
175,246.00761098269135,10,"[-90.0, -45.0, -59.99999999999999, 180.0, 90.0, 45.0, -59.99999999999999, 180.0, 45.0, 59.99999999999999, 180.0, -135.0, 150.0, -59.99999999999999, 45.0, 45.0, 180.0, 59.99999999999999, 59.99999999999999, -59.99999999999999, -135.0, 135.0, -45.0, 160.0, 180.0, -75.0, 115.0, 180.0, -59.99999999999999, -75.0, 175.0, -59.99999999999999, 180.0]",0.6428785635466914,280.4999406453565,-115.2751399470925,-76.85009329806167,20.36844303099251,0.0,81.539186035098,-15.80753879954923,0.0,-6.548461997285289,0.5883034516246725,0.5883034516246725,0.0,0.0,0.8866666906483408,0.39605167658721774,1.0,36.25935448781449,13.86180868055262,57.35650752400604,246.00761098269135,5.14142544330455,4.424359901967266,2.699386706666084,5.508595556037851,4.848916770784997,False
176,246.34059761235298,10,"[-90.0, -45.0, -59.99999999999999, 180.0, 90.0, 45.0, -59.99999999999999, 180.0, 45.0, 59.99999999999999, 180.0, -135.0, 150.0, -59.99999999999999, 45.0, 45.0, 180.0, 29.999999999999996, 14.999999999999998, 59.99999999999999, -90.0, 130.0, -45.0, 160.0, 180.0, -59.99999999999999, 115.0, -59.99999999999999, -59.99999999999999, -105.00000000000001, 105.00000000000001, 59.99999999999999, -59.99999999999999]",9.18190104488636,265.79467459492344,-115.2751399470925,-76.85009329806167,15.07680002276912,0.0,88.57770805694626,-12.408026753196253,-1.755840743938047,-3.4397821145700855,0.5883034516246725,0.5883034516246725,0.0,0.0,0.8926082122848794,0.3831522486357679,1.0,38.4511290716919,13.410328702251876,60.59102466448703,246.34059761235298,4.144868932915612,4.545795907794879,2.418075999955013,5.508595556037851,4.848916770784997,False
177,247.21926932203016,10,"[-90.0, -45.0, -59.99999999999999, 180.0, 90.0, 45.0, -59.99999999999999, 180.0, 45.0, 59.99999999999999, 180.0, -135.0, 150.0, -59.99999999999999, 45.0, 45.0, 180.0, 59.99999999999999, 59.99999999999999, -59.99999999999999, -135.0, 135.0, -45.0, 160.0, 180.0, -75.0, 105.00000000000001, 180.0, -59.99999999999999, -75.0, 175.0, -59.99999999999999, 180.0]",1.2214335341329488,278.83376990328134,-115.2751399470925,-76.85009329806167,20.319732731156606,0.0,83.35128015547136,-15.80753879954923,0.0,-6.012571706994969,0.5883034516246725,0.5883034516246725,0.0,0.0,0.8873398909481691,0.40322359269519886,1.0,36.279314912643635,14.11282574433196,57.487902116608694,247.21926932203016,5.005746313289835,4.410689234614565,2.6767563574151403,5.508595556037851,4.848916770784997,False
178,247.76054112204383,10,"[-90.0, -45.0, -59.99999999999999, 180.0, 90.0, 45.0, -59.99999999999999, 180.0, 45.0, 59.99999999999999, 180.0, -135.0, 150.0, -59.99999999999999, 45.0, 45.0, 180.0, 59.99999999999999, 59.99999999999999, -59.99999999999999, -105.00000000000001, 175.0, -105.00000000000001, 165.0, 180.0, -90.0, 119.99999999999999, 180.0, 59.99999999999999, -150.0, 105.00000000000001, -59.99999999999999, 59.99999999999999]",20.19439161283968,319.4340171049173,-115.2751399470925,-76.85009329806167,15.244546338147488,0.0,29.26224851261417,-15.807538799549226,0.0,-5.880287151457756,0.5883034516246725,0.5883034516246725,0.0,0.0,0.87093575066468,0.38480158790398195,1.0,33.98677488973714,13.468055576639369,50.57858753843285,247.76054112204383,7.509696077163892,4.863658871716324,2.645710704672761,5.508595556037851,4.848916770784997,False
179,247.88457195240906,10,"[-90.0, -45.0, -59.99999999999999, 180.0, 90.0, 45.0, -59.99999999999999, 180.0, 45.0, 59.99999999999999, 180.0, -135.0, 150.0, -59.99999999999999, 45.0, 45.0, 180.0, 59.99999999999999, 59.99999999999999, -59.99999999999999, -135.0, 135.0, -45.0, 160.0, 180.0, -75.0, 105.00000000000001, 180.0, -59.99999999999999, -45.0, -45.0, -59.99999999999999, 180.0]",1.2214335341329488,284.1922611648152,-115.2751399470925,-76.85009329806167,20.405127968782033,0.0,81.06244120153244,-15.80753879954923,0.0,-8.502316621836522,0.5883034516246725,0.5883034516246725,0.0,0.0,0.8851748439738121,0.38435399870680603,1.0,36.1779509333624,13.45238995473821,57.279598180224255,247.88457195240906,5.005746313289835,4.410689234614565,2.6767563574151403,5.508595556037851,4.848916770784997,False
180,248.29573636991003,10,"[-90.0, -45.0, -59.99999999999999, 180.0, 90.0, 45.0, -59.99999999999999, 180.0, 45.0, 59.99999999999999, 180.0, -135.0, 150.0, -59.99999999999999, 45.0, 45.0, 180.0, 59.99999999999999, 59.99999999999999, -59.99999999999999, -135.0, 119.99999999999999, -45.0, 160.0, 180.0, -45.0, 145.0, 180.0, -59.99999999999999, -75.0, 175.0, -59.99999999999999, 180.0]",4.124740137280949,294.3404143582834,-115.2751399470925,-76.85009329806167,19.031583565076016,0.0,68.04855643340382,-15.80753879954923,0.0,-6.755182829117033,0.5883034516246725,0.5883034516246725,0.0,0.0,0.8810745800572594,0.3855327360523147,1.0,36.117825304609575,13.493645761831015,56.59971015953058,248.29573636991003,4.59173350416511,4.411959429929279,2.617540398879397,5.508595556037851,4.848916770784997,False
181,248.4470987133187,10,"[-90.0, -45.0, -59.99999999999999, 180.0, 90.0, 45.0, -59.99999999999999, 180.0, 45.0, 59.99999999999999, 180.0, -135.0, 150.0, -59.99999999999999, 45.0, 45.0, 180.0, 29.999999999999996, 14.999999999999998, 59.99999999999999, -90.0, 130.0, 59.99999999999999, 45.0, 180.0, -45.0, 145.0, 180.0, -59.99999999999999, -59.99999999999999, -14.999999999999998, -59.99999999999999, -59.99999999999999]",35.486137061193716,232.63139390238382,-134.4562315666949,-89.63748771112992,16.887846654283216,0.0,116.71391844369748,-12.808003382980221,0.0,-6.596265850189102,0.5883034516246725,0.5883034516246725,0.0,0.0,0.9060075176151984,0.388427811976258,1.0,36.27667872803057,13.59497341916903,53.2711381030774,248.4470987133187,8.164062201270598,4.49511858043095,3.6459037395307656,5.508595556037851,4.848916770784997,False
182,248.7673282361572,10,"[-90.0, -45.0, -59.99999999999999, 180.0, 90.0, 45.0, -59.99999999999999, 180.0, 45.0, 59.99999999999999, 180.0, -135.0, 150.0, -59.99999999999999, 45.0, 45.0, 180.0, 59.99999999999999, 59.99999999999999, -59.99999999999999, -119.99999999999999, 135.0, -45.0, 160.0, 180.0, -90.0, 105.00000000000001, -59.99999999999999, -59.99999999999999, -105.00000000000001, 105.00000000000001, 59.99999999999999, -59.99999999999999]",8.789873530011079,317.6567359358155,-115.2751399470925,-76.85009329806167,17.01726830667832,0.0,39.62361438873601,-15.407562169765262,0.0,-4.225765259850618,0.5883034516246725,0.5883034516246725,0.0,0.0,0.8716538440663373,0.3871576061487109,1.0,33.56377285789713,13.550516215204881,52.289345778913166,248.7673282361572,6.825886385027848,4.6344759889892115,2.74661053010197,5.508595556037851,4.848916770784997,False
183,248.88637211561928,10,"[-90.0, -45.0, -59.99999999999999, 180.0, 90.0, 45.0, -59.99999999999999, 180.0, 45.0, 59.99999999999999, 180.0, -135.0, 150.0, -59.99999999999999, 45.0, 45.0, 180.0, 59.99999999999999, 59.99999999999999, -59.99999999999999, -135.0, 135.0, -119.99999999999999, 59.99999999999999, 59.99999999999999, 90.0, 29.999999999999996, 59.99999999999999, 59.99999999999999, 59.99999999999999, 29.999999999999996, -59.99999999999999, -59.99999999999999]",4.08936497475689,297.16815297446686,-115.2751399470925,-76.85009329806167,17.683004015161995,0.0,59.20643713907919,-12.408026753196237,0.0,-2.1657237391816198,0.5883034516246725,0.5883034516246725,0.0,0.0,0.8799320594042559,0.3836312198486646,1.0,35.733753388874334,13.42709269470326,57.13534639068801,248.88637211561928,4.595636690841906,4.35802634181897,2.2821160144177353,5.508595556037851,4.848916770784997,False
184,249.27938935629192,10,"[-90.0, -45.0, -59.99999999999999, 180.0, 90.0, 45.0, -59.99999999999999, 180.0, 45.0, 59.99999999999999, 180.0, -135.0, 150.0, -59.99999999999999, 45.0, 45.0, 180.0, 59.99999999999999, 59.99999999999999, -59.99999999999999, -135.0, 119.99999999999999, -45.0, 160.0, 180.0, -75.0, 115.0, 180.0, -59.99999999999999, 59.99999999999999, 29.999999999999996, -59.99999999999999, -59.99999999999999]",0.022885379022547996,284.92169179014854,-115.2751399470925,-76.85009329806167,19.378456602399073,0.0,81.33791073457012,-15.80753879954923,0.0,-5.887179854831333,0.5883034516246725,0.5883034516246725,0.0,0.0,0.8848801245292329,0.3899286410673398,1.0,35.08318482709963,13.647502437356893,54.76227329040127,249.27938935629192,5.567654089340627,4.5047032375299425,2.570248788819294,5.508595556037851,4.848916770784997,False
185,250.4923599650337,10,"[-90.0, -45.0, -59.99999999999999, 180.0, 90.0, 45.0, -59.99999999999999, 180.0, 45.0, 59.99999999999999, 180.0, -135.0, 150.0, -59.99999999999999, 45.0, 45.0, 180.0, 59.99999999999999, 59.99999999999999, -59.99999999999999, -135.0, 135.0, -90.0, 160.0, 180.0, -75.0, 115.0, 180.0, -59.99999999999999, -90.0, -75.0, 180.0, 59.99999999999999]",10.780452838472254,307.65170392556666,-115.2751399470925,-76.85009329806167,17.779166269148696,0.0,53.37965249460566,-16.207515429333196,0.0,-8.204263637958569,0.5883034516246725,0.5883034516246725,0.0,0.0,0.8756962812421953,0.38954604271734106,1.0,33.888213467069086,13.634111495106938,52.14230520235725,250.4923599650337,6.968363227438787,4.749130673924817,2.4432219567466436,5.508595556037851,4.848916770784997,False
186,250.97876855749524,10,"[-90.0, -45.0, -59.99999999999999, 180.0, 90.0, 45.0, -59.99999999999999, 180.0, 45.0, 59.99999999999999, 180.0, -135.0, 150.0, -59.99999999999999, 45.0, 45.0, 180.0, 59.99999999999999, 59.99999999999999, -59.99999999999999, -135.0, 135.0, -45.0, 160.0, 180.0, -75.0, 105.00000000000001, 180.0, -59.99999999999999, -45.0, 115.0, 59.99999999999999, 180.0]",1.2214335341329488,284.1922611648152,-115.2751399470925,-76.85009329806167,20.405127968782033,0.0,81.06244120153244,-15.80753879954923,0.0,-5.408120016750321,0.5883034516246725,0.5883034516246725,0.0,0.0,0.8851748439738121,0.38435399870680603,1.0,36.1779509333624,13.45238995473821,57.279598180224255,250.97876855749524,5.005746313289835,4.410689234614565,2.6767563574151403,5.508595556037851,4.848916770784997,False
187,251.01929196199623,10,"[-90.0, -45.0, -59.99999999999999, 180.0, 90.0, 45.0, -59.99999999999999, 180.0, 45.0, 59.99999999999999, 180.0, -135.0, 150.0, -59.99999999999999, 45.0, 45.0, 180.0, 59.99999999999999, 59.99999999999999, -59.99999999999999, -135.0, 135.0, -45.0, 160.0, 180.0, -75.0, 105.00000000000001, 180.0, -59.99999999999999, -45.0, 90.0, 180.0, 180.0]",1.2214335341329488,284.1922611648152,-115.2751399470925,-76.85009329806167,20.405127968782033,0.0,81.06244120153244,-16.207515429333196,0.0,-4.967619982465393,0.5883034516246725,0.5883034516246725,0.0,0.0,0.8851748439738121,0.38435399870680603,1.0,36.1779509333624,13.45238995473821,57.279598180224255,251.01929196199623,5.005746313289835,4.410689234614565,2.6767563574151403,5.508595556037851,4.848916770784997,False
188,251.1572280569502,10,"[-90.0, -45.0, -59.99999999999999, 180.0, 90.0, 45.0, -59.99999999999999, 180.0, 45.0, 59.99999999999999, 180.0, -135.0, 150.0, -59.99999999999999, 45.0, 45.0, 180.0, 59.99999999999999, 59.99999999999999, -59.99999999999999, -135.0, 119.99999999999999, -45.0, 160.0, 180.0, -75.0, 75.0, -59.99999999999999, 59.99999999999999, -150.0, 105.00000000000001, -59.99999999999999, 59.99999999999999]",0.0025419415364926726,245.45638837839573,-115.2751399470925,-76.85009329806167,15.92614348971874,0.0,123.46589119460484,-15.407562169765258,0.0,-3.599338282072538,0.5883034516246725,0.5883034516246725,0.0,0.0,0.9008257016652946,0.4050843474098679,1.0,36.87577535037914,14.177952159345375,55.90710714800258,251.1572280569502,5.477452532131112,4.470288333250228,2.516612299655968,5.508595556037851,4.848916770784997,False
189,251.65225425035268,10,"[-90.0, -45.0, -59.99999999999999, 180.0, 90.0, 45.0, -59.99999999999999, 180.0, 45.0, 59.99999999999999, 180.0, -135.0, 150.0, -59.99999999999999, 45.0, 45.0, 180.0, 59.99999999999999, 59.99999999999999, -59.99999999999999, -135.0, 135.0, -45.0, 160.0, 180.0, -59.99999999999999, 115.0, -59.99999999999999, -59.99999999999999, -59.99999999999999, -14.999999999999998, -59.99999999999999, -59.99999999999999]",6.2182327169870435,127.33981295084763,-115.2751399470925,-76.85009329806167,19.08878542981605,0.0,236.9533585996981,-15.407562169765262,0.0,-7.85353678176306,0.5883034516246725,0.5883034516246725,0.0,0.0,0.9485495705249101,0.44003528175630374,1.0,42.480466450744416,15.40123486147063,62.794616697643775,251.65225425035268,4.384810983107613,4.343289958095234,2.711587682789818,5.508595556037851,4.848916770784997,False
190,251.97871722796597,10,"[-90.0, -45.0, -59.99999999999999, 180.0, 90.0, 45.0, -59.99999999999999, 180.0, 45.0, 59.99999999999999, 180.0, -135.0, 150.0, -59.99999999999999, 45.0, 45.0, 180.0, 59.99999999999999, 59.99999999999999, -59.99999999999999, -135.0, 135.0, -45.0, 160.0, 180.0, -75.0, 115.0, 180.0, -59.99999999999999, -45.0, -45.0, -59.99999999999999, 180.0]",0.6428785635466914,289.86828668743954,-115.2751399470925,-76.85009329806167,20.406551507309516,0.0,80.5935826768141,-15.80753879954923,0.0,-9.038206912126842,0.5883034516246725,0.5883034516246725,0.0,0.0,0.8828815003283074,0.37198899445046446,1.0,36.05035430020188,13.019614805766256,57.09754465786724,251.97871722796597,5.14142544330455,4.424359901967266,2.699386706666084,5.508595556037851,4.848916770784997,False
191,252.00950046632227,10,"[-90.0, -45.0, -59.99999999999999, 180.0, 90.0, 45.0, -59.99999999999999, 180.0, 75.0, 59.99999999999999, 59.99999999999999, 45.0, 59.99999999999999, -59.99999999999999, -165.0, 165.0, 180.0, 29.999999999999996, 14.999999999999998, 59.99999999999999, -135.0, 135.0, -59.99999999999999, 90.0, 180.0, -45.0, 145.0, 180.0, -59.99999999999999, -150.0, 105.00000000000001, -59.99999999999999, 59.99999999999999]",47.10660127063249,210.28952030534967,-110.78479370465855,-73.85652913643904,15.087264997960233,0.0,106.52206615405534,-12.80800338298022,0.0,-3.9914586256613207,0.5883034516246725,0.5883034516246725,0.0,0.0,0.9150345372503639,0.5789348150628886,1.0,38.16246064553676,20.262718527201102,59.87770261739153,252.00950046632227,8.569416924128506,4.67791819061668,4.355269768558131,5.508595556037851,4.848916770784997,False
192,252.27582161328075,10,"[-90.0, -45.0, -59.99999999999999, 180.0, 90.0, 45.0, -59.99999999999999, 180.0, 45.0, 59.99999999999999, 180.0, -135.0, 150.0, -59.99999999999999, 45.0, 45.0, 180.0, 59.99999999999999, 59.99999999999999, -59.99999999999999, -135.0, 135.0, -105.00000000000001, 165.0, 180.0, 90.0, 29.999999999999996, 59.99999999999999, 59.99999999999999, 59.99999999999999, 29.999999999999996, -59.99999999999999, -59.99999999999999]",0.18089189029099909,319.50542507159616,-126.1619202257078,-84.10794681713854,15.662491746018368,0.0,66.16304611315137,-15.40756216976526,0.0,-8.254854263927749,0.5883034516246725,0.5883034516246725,0.0,0.0,0.8709068989609713,0.37193376202546513,1.0,34.33790828101269,13.01768167089128,54.82279804885491,252.27582161328075,5.309793853784375,4.43060451238519,2.8975316217423175,5.508595556037851,4.848916770784997,False
193,253.97247701195283,10,"[-90.0, -45.0, -59.99999999999999, 180.0, 90.0, 45.0, -59.99999999999999, 180.0, 45.0, 59.99999999999999, 180.0, -135.0, 150.0, -59.99999999999999, 45.0, 45.0, 180.0, 59.99999999999999, 59.99999999999999, -59.99999999999999, -135.0, 135.0, -75.0, 150.0, 59.99999999999999, -90.0, 119.99999999999999, 180.0, 59.99999999999999, -90.0, -75.0, 180.0, 59.99999999999999]",14.715414989295468,309.64185285858736,-115.2751399470925,-76.85009329806167,18.12694621843284,0.0,47.58748880754473,-13.207980012764173,0.0,-8.204409353675617,0.5883034516246725,0.5883034516246725,0.0,0.0,0.8748921806631971,0.3935634407521385,1.0,35.075535504410475,13.774720426324848,54.03413789792627,253.97247701195283,7.215541604817293,4.710626152104579,2.5965806317957774,5.508595556037851,4.848916770784997,False
194,254.1052021092022,10,"[-90.0, -45.0, -59.99999999999999, 180.0, 90.0, 45.0, -59.99999999999999, 180.0, 45.0, 59.99999999999999, 180.0, -135.0, 150.0, -59.99999999999999, 45.0, 45.0, 180.0, 29.999999999999996, 14.999999999999998, 59.99999999999999, -90.0, 130.0, -45.0, 160.0, 180.0, -59.99999999999999, 115.0, -59.99999999999999, -59.99999999999999, -59.99999999999999, -14.999999999999998, -59.99999999999999, -59.99999999999999]",9.18190104488636,266.5024360965015,-115.2751399470925,-76.85009329806167,15.025936366499549,0.0,98.33121029741716,-12.408026753196253,-1.755840743938047,-6.085577703500324,0.5883034516246725,0.5883034516246725,0.0,0.0,0.8923222480418176,0.38348355104401,1.0,38.53741954573528,13.42192428654035,60.92199382172741,254.1052021092022,4.144868932915612,4.545795907794879,2.418075999955013,5.508595556037851,4.848916770784997,False
195,254.8790078287673,10,"[-90.0, -45.0, -59.99999999999999, 180.0, 90.0, 45.0, -59.99999999999999, 180.0, 45.0, 59.99999999999999, 180.0, -135.0, 150.0, -59.99999999999999, 45.0, 45.0, 180.0, 59.99999999999999, 59.99999999999999, -59.99999999999999, -135.0, 119.99999999999999, -45.0, 160.0, 180.0, -45.0, 145.0, 180.0, -59.99999999999999, -105.00000000000001, 105.00000000000001, 59.99999999999999, -59.99999999999999]",4.124740137280949,145.43057045209434,-115.2751399470925,-76.85009329806167,18.45473651402397,0.0,222.6662304026874,-15.80753879954923,0.0,-5.302894382302341,0.5883034516246725,0.5883034516246725,0.0,0.0,0.9412401735547093,0.4114861704809406,1.0,41.62950705275582,14.402015966832922,61.770441338934916,254.8790078287673,4.59173350416511,4.411959429929279,2.617540398879397,5.508595556037851,4.848916770784997,False
196,255.07291383305218,10,"[-90.0, -45.0, -59.99999999999999, 180.0, 90.0, 45.0, -59.99999999999999, 180.0, 45.0, 59.99999999999999, 180.0, -135.0, 150.0, -59.99999999999999, 45.0, 45.0, 180.0, 59.99999999999999, 59.99999999999999, -59.99999999999999, -135.0, 135.0, -45.0, 160.0, 180.0, -75.0, 115.0, 180.0, -59.99999999999999, -45.0, 115.0, 59.99999999999999, 180.0]",0.6428785635466914,289.86828668743954,-115.2751399470925,-76.85009329806167,20.406551507309516,0.0,80.5935826768141,-15.80753879954923,0.0,-5.944010307040641,0.5883034516246725,0.5883034516246725,0.0,0.0,0.8828815003283074,0.37198899445046446,1.0,36.05035430020188,13.019614805766256,57.09754465786724,255.07291383305218,5.14142544330455,4.424359901967266,2.699386706666084,5.508595556037851,4.848916770784997,False
197,255.11343723755314,10,"[-90.0, -45.0, -59.99999999999999, 180.0, 90.0, 45.0, -59.99999999999999, 180.0, 45.0, 59.99999999999999, 180.0, -135.0, 150.0, -59.99999999999999, 45.0, 45.0, 180.0, 59.99999999999999, 59.99999999999999, -59.99999999999999, -135.0, 135.0, -45.0, 160.0, 180.0, -75.0, 115.0, 180.0, -59.99999999999999, -45.0, 90.0, 180.0, 180.0]",0.6428785635466914,289.86828668743954,-115.2751399470925,-76.85009329806167,20.406551507309516,0.0,80.5935826768141,-16.207515429333196,0.0,-5.503510272755713,0.5883034516246725,0.5883034516246725,0.0,0.0,0.8828815003283074,0.37198899445046446,1.0,36.05035430020188,13.019614805766256,57.09754465786724,255.11343723755314,5.14142544330455,4.424359901967266,2.699386706666084,5.508595556037851,4.848916770784997,False
198,255.1852604253721,10,"[-90.0, -45.0, -59.99999999999999, 180.0, 90.0, 45.0, -59.99999999999999, 180.0, 45.0, 59.99999999999999, 180.0, -135.0, 150.0, -59.99999999999999, 45.0, 45.0, 180.0, 59.99999999999999, 59.99999999999999, -59.99999999999999, -135.0, 119.99999999999999, -75.0, 150.0, 59.99999999999999, 90.0, 29.999999999999996, 59.99999999999999, 59.99999999999999, 59.99999999999999, 29.999999999999996, -59.99999999999999, -59.99999999999999]",0.4953774441631349,205.5062926184944,-157.87166572905656,-105.24777715270437,14.295349859593095,0.0,211.44860912893563,-12.408026753196237,0.0,-6.868979595186034,0.5883034516246725,0.5883034516246725,0.0,0.0,0.916967154497578,0.4772250195533494,1.0,37.90843313215772,16.70287568436723,59.43695754773804,255.1852604253721,5.185237408778256,4.242954883933991,3.075128456049839,5.508595556037851,4.848916770784997,False
199,255.37929709260396,10,"[-90.0, -45.0, -59.99999999999999, 180.0, 90.0, 45.0, -59.99999999999999, 180.0, 45.0, 59.99999999999999, 180.0, -135.0, 150.0, -59.99999999999999, -75.0, 75.0, 180.0, 59.99999999999999, 59.99999999999999, -59.99999999999999, -135.0, 119.99999999999999, 59.99999999999999, 45.0, 180.0, -45.0, 145.0, 180.0, -59.99999999999999, -59.99999999999999, -14.999999999999998, -59.99999999999999, -59.99999999999999]",2.193907202527013,261.493318141561,-40.465631421094756,-26.97708761406317,15.184020081928109,0.0,37.400899040006934,-15.80753879954923,0.0,-5.2079806043998005,0.5883034516246725,0.5883034516246725,0.0,0.0,0.8943461340842178,0.4218769738288901,1.0,36.74495112030365,14.765694084011153,55.680857463114286,255.37929709260396,4.8375942025424274,4.722336848469079,3.4251542225068836,5.508595556037851,4.848916770784997,False
200,255.52823649454965,10,"[-90.0, -45.0, -59.99999999999999, 180.0, 90.0, 45.0, -59.99999999999999, 180.0, 45.0, 59.99999999999999, 180.0, -135.0, 150.0, -59.99999999999999, 45.0, 45.0, 180.0, 59.99999999999999, 59.99999999999999, -59.99999999999999, -135.0, 135.0, -45.0, 160.0, 180.0, -59.99999999999999, 115.0, -59.99999999999999, -59.99999999999999, -90.0, -75.0, 180.0, 59.99999999999999]",6.2182327169870435,111.11818709999008,-115.2751399470925,-76.85009329806167,19.611264451666916,0.0,256.60621402224075,-15.807538799549228,0.0,-7.5312865013180925,0.5883034516246725,0.5883034516246725,0.0,0.0,0.9551037627878828,0.4970660105330155,1.0,43.947297182554244,17.397310368655543,63.54422692878093,255.52823649454965,4.384810983107613,4.343289958095234,2.711587682789818,5.508595556037851,4.848916770784997,False
