replica_id,seed,init_type,sequence,forcefield,energy,rmsd_to_reference,pred_e2e_A,pred_rg_A,ref_e2e_A,ref_rg_A,runtime_s,hw_backend,hw_shots,pdb_path,ca_pdb_path
375,313297142,random,YYDPETGTWY,amber,-80.0660582748767,2.6175442829031272,7.8213874710291105,4.730035024131299,5.508595556037851,4.848916770784997,1103.96,aer,4096,outputs/only_random_strategy/slurm_YYDPETGTWY_amber/replica_375/replica_375.pdb,outputs/only_random_strategy/slurm_YYDPETGTWY_amber/replica_375/replica_375_ca.pdb
540,313297307,random,YYDPETGTWY,amber,-55.80312768487036,2.6619877695078658,9.363670122640217,4.832840005504828,5.508595556037851,4.848916770784997,1113.37,aer,4096,outputs/only_random_strategy/slurm_YYDPETGTWY_amber/replica_540/replica_540.pdb,outputs/only_random_strategy/slurm_YYDPETGTWY_amber/replica_540/replica_540_ca.pdb
10,313296777,random,YYDPETGTWY,amber,-70.27242293168668,2.66212358220428,8.94038710799666,4.747343384749887,5.508595556037851,4.848916770784997,1372.26,aer,4096,outputs/only_random_strategy/slurm_YYDPETGTWY_amber/replica_10/replica_10.pdb,outputs/only_random_strategy/slurm_YYDPETGTWY_amber/replica_10/replica_10_ca.pdb
403,313297170,random,YYDPETGTWY,amber,12.360075827826932,2.6811331961992857,9.778425327855446,4.894987745264811,5.508595556037851,4.848916770784997,1563.23,aer,4096,outputs/only_random_strategy/slurm_YYDPETGTWY_amber/replica_403/replica_403.pdb,outputs/only_random_strategy/slurm_YYDPETGTWY_amber/replica_403/replica_403_ca.pdb
494,313297261,random,YYDPETGTWY,amber,-27.506460220964986,2.760824650346859,6.953738629833623,4.593763850912284,5.508595556037851,4.848916770784997,1314.18,aer,4096,outputs/only_random_strategy/slurm_YYDPETGTWY_amber/replica_494/replica_494.pdb,outputs/only_random_strategy/slurm_YYDPETGTWY_amber/replica_494/replica_494_ca.pdb
559,313297326,random,YYDPETGTWY,amber,-82.84894306199834,2.8796715390335423,9.17263120143749,5.1649690661927465,5.508595556037851,4.848916770784997,1378.34,aer,4096,outputs/only_random_strategy/slurm_YYDPETGTWY_amber/replica_559/replica_559.pdb,outputs/only_random_strategy/slurm_YYDPETGTWY_amber/replica_559/replica_559_ca.pdb
71,313296838,random,YYDPETGTWY,amber,-67.47026059429152,2.9272434204129025,7.133284077990316,4.723529024957046,5.508595556037851,4.848916770784997,1225.0,aer,4096,outputs/only_random_strategy/slurm_YYDPETGTWY_amber/replica_71/replica_71.pdb,outputs/only_random_strategy/slurm_YYDPETGTWY_amber/replica_71/replica_71_ca.pdb
848,313297615,random,YYDPETGTWY,amber,-101.83931430449925,2.933862055463748,8.053160276860131,4.7115698812847935,5.508595556037851,4.848916770784997,1443.32,aer,4096,outputs/only_random_strategy/slurm_YYDPETGTWY_amber/replica_848/replica_848.pdb,outputs/only_random_strategy/slurm_YYDPETGTWY_amber/replica_848/replica_848_ca.pdb
886,313297653,random,YYDPETGTWY,amber,-18.270498868702855,2.953207066997985,4.65788101299638,4.353335775117514,5.508595556037851,4.848916770784997,1315.47,aer,4096,outputs/only_random_strategy/slurm_YYDPETGTWY_amber/replica_886/replica_886.pdb,outputs/only_random_strategy/slurm_YYDPETGTWY_amber/replica_886/replica_886_ca.pdb
790,313297557,random,YYDPETGTWY,amber,-22.563015144442122,2.9783860217695795,10.590575789557803,5.1066943475442415,5.508595556037851,4.848916770784997,1242.07,aer,4096,outputs/only_random_strategy/slurm_YYDPETGTWY_amber/replica_790/replica_790.pdb,outputs/only_random_strategy/slurm_YYDPETGTWY_amber/replica_790/replica_790_ca.pdb
845,313297612,random,YYDPETGTWY,amber,-11.98266803273027,2.992165612579019,4.012471351228839,4.221369689110705,5.508595556037851,4.848916770784997,1574.2,aer,4096,outputs/only_random_strategy/slurm_YYDPETGTWY_amber/replica_845/replica_845.pdb,outputs/only_random_strategy/slurm_YYDPETGTWY_amber/replica_845/replica_845_ca.pdb
33,313296800,random,YYDPETGTWY,amber,60.48856255007421,2.9976286967298313,6.840590445895946,4.4517408243109795,5.508595556037851,4.848916770784997,1056.13,aer,4096,outputs/only_random_strategy/slurm_YYDPETGTWY_amber/replica_33/replica_33.pdb,outputs/only_random_strategy/slurm_YYDPETGTWY_amber/replica_33/replica_33_ca.pdb
654,313297421,random,YYDPETGTWY,amber,-80.2006383585683,3.020951605109972,10.281488906725446,5.123560579142651,5.508595556037851,4.848916770784997,1256.4,aer,4096,outputs/only_random_strategy/slurm_YYDPETGTWY_amber/replica_654/replica_654.pdb,outputs/only_random_strategy/slurm_YYDPETGTWY_amber/replica_654/replica_654_ca.pdb
776,313297543,random,YYDPETGTWY,amber,-3.100621000858009,3.0254891959166437,8.095552131428002,3.9469607681203613,5.508595556037851,4.848916770784997,1700.0,aer,4096,outputs/only_random_strategy/slurm_YYDPETGTWY_amber/replica_776/replica_776.pdb,outputs/only_random_strategy/slurm_YYDPETGTWY_amber/replica_776/replica_776_ca.pdb
627,313297394,random,YYDPETGTWY,amber,-97.74301581046919,3.0300004625767674,5.584914021550058,4.4305184403592515,5.508595556037851,4.848916770784997,1391.76,aer,4096,outputs/only_random_strategy/slurm_YYDPETGTWY_amber/replica_627/replica_627.pdb,outputs/only_random_strategy/slurm_YYDPETGTWY_amber/replica_627/replica_627_ca.pdb
322,313297089,random,YYDPETGTWY,amber,-19.589700252880395,3.0636382153857142,7.635937653679117,4.6163352797938035,5.508595556037851,4.848916770784997,1584.05,aer,4096,outputs/only_random_strategy/slurm_YYDPETGTWY_amber/replica_322/replica_322.pdb,outputs/only_random_strategy/slurm_YYDPETGTWY_amber/replica_322/replica_322_ca.pdb
192,313296959,random,YYDPETGTWY,amber,-75.09200169313402,3.0836419262189816,6.127486865762647,4.8178607569587895,5.508595556037851,4.848916770784997,1275.33,aer,4096,outputs/only_random_strategy/slurm_YYDPETGTWY_amber/replica_192/replica_192.pdb,outputs/only_random_strategy/slurm_YYDPETGTWY_amber/replica_192/replica_192_ca.pdb
499,313297266,random,YYDPETGTWY,amber,19.767650300419266,3.114518198887771,6.706733975186521,4.730487381620146,5.508595556037851,4.848916770784997,1357.98,aer,4096,outputs/only_random_strategy/slurm_YYDPETGTWY_amber/replica_499/replica_499.pdb,outputs/only_random_strategy/slurm_YYDPETGTWY_amber/replica_499/replica_499_ca.pdb
897,313297664,random,YYDPETGTWY,amber,-4.843266915641631,3.1231894235364095,13.079787897183415,5.166565304867089,5.508595556037851,4.848916770784997,1247.84,aer,4096,outputs/only_random_strategy/slurm_YYDPETGTWY_amber/replica_897/replica_897.pdb,outputs/only_random_strategy/slurm_YYDPETGTWY_amber/replica_897/replica_897_ca.pdb
842,313297609,random,YYDPETGTWY,amber,-15.607053456110478,3.142242650436839,8.673956320688273,4.421001626946501,5.508595556037851,4.848916770784997,1219.8,aer,4096,outputs/only_random_strategy/slurm_YYDPETGTWY_amber/replica_842/replica_842.pdb,outputs/only_random_strategy/slurm_YYDPETGTWY_amber/replica_842/replica_842_ca.pdb
70,313296837,random,YYDPETGTWY,amber,-64.9478785006582,3.147358426414209,10.76634325087147,5.338814366202699,5.508595556037851,4.848916770784997,1344.57,aer,4096,outputs/only_random_strategy/slurm_YYDPETGTWY_amber/replica_70/replica_70.pdb,outputs/only_random_strategy/slurm_YYDPETGTWY_amber/replica_70/replica_70_ca.pdb
519,313297286,random,YYDPETGTWY,amber,-43.37715938434872,3.1623714319144742,12.167331210742207,5.0891796308535735,5.508595556037851,4.848916770784997,1723.04,aer,4096,outputs/only_random_strategy/slurm_YYDPETGTWY_amber/replica_519/replica_519.pdb,outputs/only_random_strategy/slurm_YYDPETGTWY_amber/replica_519/replica_519_ca.pdb
301,313297068,random,YYDPETGTWY,amber,-59.57448403759563,3.1640465386457657,7.551776937166998,4.701564697384721,5.508595556037851,4.848916770784997,1137.84,aer,4096,outputs/only_random_strategy/slurm_YYDPETGTWY_amber/replica_301/replica_301.pdb,outputs/only_random_strategy/slurm_YYDPETGTWY_amber/replica_301/replica_301_ca.pdb
143,313296910,random,YYDPETGTWY,amber,-39.034977319802586,3.1662672555859053,13.243351812344276,5.316050815349027,5.508595556037851,4.848916770784997,1247.76,aer,4096,outputs/only_random_strategy/slurm_YYDPETGTWY_amber/replica_143/replica_143.pdb,outputs/only_random_strategy/slurm_YYDPETGTWY_amber/replica_143/replica_143_ca.pdb
68,313296835,random,YYDPETGTWY,amber,953.4277478646508,3.1744933694022186,11.103579674857055,4.924173386726256,5.508595556037851,4.848916770784997,1301.84,aer,4096,outputs/only_random_strategy/slurm_YYDPETGTWY_amber/replica_68/replica_68.pdb,outputs/only_random_strategy/slurm_YYDPETGTWY_amber/replica_68/replica_68_ca.pdb
451,313297218,random,YYDPETGTWY,amber,-30.349163236217592,3.186782970700675,11.160660141093517,5.002770571210705,5.508595556037851,4.848916770784997,1182.25,aer,4096,outputs/only_random_strategy/slurm_YYDPETGTWY_amber/replica_451/replica_451.pdb,outputs/only_random_strategy/slurm_YYDPETGTWY_amber/replica_451/replica_451_ca.pdb
584,313297351,random,YYDPETGTWY,amber,30.162350943538943,3.2078506438094525,6.647442604891928,4.473886245292545,5.508595556037851,4.848916770784997,1247.05,aer,4096,outputs/only_random_strategy/slurm_YYDPETGTWY_amber/replica_584/replica_584.pdb,outputs/only_random_strategy/slurm_YYDPETGTWY_amber/replica_584/replica_584_ca.pdb
364,313297131,random,YYDPETGTWY,amber,-127.1794823851749,3.217016755265869,9.740721343889291,4.877776496140769,5.508595556037851,4.848916770784997,1412.44,aer,4096,outputs/only_random_strategy/slurm_YYDPETGTWY_amber/replica_364/replica_364.pdb,outputs/only_random_strategy/slurm_YYDPETGTWY_amber/replica_364/replica_364_ca.pdb
442,313297209,random,YYDPETGTWY,amber,-115.72271707873921,3.226626494097836,2.4694631577320747,4.207339835652233,5.508595556037851,4.848916770784997,1506.02,aer,4096,outputs/only_random_strategy/slurm_YYDPETGTWY_amber/replica_442/replica_442.pdb,outputs/only_random_strategy/slurm_YYDPETGTWY_amber/replica_442/replica_442_ca.pdb
694,313297461,random,YYDPETGTWY,amber,-97.71946860928927,3.2313682230634786,11.345568158945149,5.1931793916958515,5.508595556037851,4.848916770784997,1607.9,aer,4096,outputs/only_random_strategy/slurm_YYDPETGTWY_amber/replica_694/replica_694.pdb,outputs/only_random_strategy/slurm_YYDPETGTWY_amber/replica_694/replica_694_ca.pdb
526,313297293,random,YYDPETGTWY,amber,-42.40002785856686,3.236578384691155,8.61467564015332,4.705096135403968,5.508595556037851,4.848916770784997,1049.5,aer,4096,outputs/only_random_strategy/slurm_YYDPETGTWY_amber/replica_526/replica_526.pdb,outputs/only_random_strategy/slurm_YYDPETGTWY_amber/replica_526/replica_526_ca.pdb
920,313297687,random,YYDPETGTWY,amber,-32.46552408685949,3.2428127971420917,7.343768453641385,4.572279323946421,5.508595556037851,4.848916770784997,1240.83,aer,4096,outputs/only_random_strategy/slurm_YYDPETGTWY_amber/replica_920/replica_920.pdb,outputs/only_random_strategy/slurm_YYDPETGTWY_amber/replica_920/replica_920_ca.pdb
514,313297281,random,YYDPETGTWY,amber,-95.90789538615309,3.2515674592570347,7.337679534225951,4.7801825132156255,5.508595556037851,4.848916770784997,1564.99,aer,4096,outputs/only_random_strategy/slurm_YYDPETGTWY_amber/replica_514/replica_514.pdb,outputs/only_random_strategy/slurm_YYDPETGTWY_amber/replica_514/replica_514_ca.pdb
173,313296940,random,YYDPETGTWY,amber,-85.91237165432432,3.275462383950218,9.121556127615406,4.285412665233297,5.508595556037851,4.848916770784997,1429.15,aer,4096,outputs/only_random_strategy/slurm_YYDPETGTWY_amber/replica_173/replica_173.pdb,outputs/only_random_strategy/slurm_YYDPETGTWY_amber/replica_173/replica_173_ca.pdb
359,313297126,random,YYDPETGTWY,amber,-34.045744319838,3.294465755278519,9.203242863539673,4.793897874065969,5.508595556037851,4.848916770784997,1611.48,aer,4096,outputs/only_random_strategy/slurm_YYDPETGTWY_amber/replica_359/replica_359.pdb,outputs/only_random_strategy/slurm_YYDPETGTWY_amber/replica_359/replica_359_ca.pdb
252,313297019,random,YYDPETGTWY,amber,3.1895702546616285,3.297945798787009,6.964957646132555,4.253035461067395,5.508595556037851,4.848916770784997,1858.19,aer,4096,outputs/only_random_strategy/slurm_YYDPETGTWY_amber/replica_252/replica_252.pdb,outputs/only_random_strategy/slurm_YYDPETGTWY_amber/replica_252/replica_252_ca.pdb
595,313297362,random,YYDPETGTWY,amber,-58.88068088152448,3.313544555554575,7.90139185188675,4.731943507581726,5.508595556037851,4.848916770784997,1364.33,aer,4096,outputs/only_random_strategy/slurm_YYDPETGTWY_amber/replica_595/replica_595.pdb,outputs/only_random_strategy/slurm_YYDPETGTWY_amber/replica_595/replica_595_ca.pdb
413,313297180,random,YYDPETGTWY,amber,-46.442098190792066,3.313833472391769,8.245042157574828,4.916236482048293,5.508595556037851,4.848916770784997,1276.83,aer,4096,outputs/only_random_strategy/slurm_YYDPETGTWY_amber/replica_413/replica_413.pdb,outputs/only_random_strategy/slurm_YYDPETGTWY_amber/replica_413/replica_413_ca.pdb
382,313297149,random,YYDPETGTWY,amber,-106.34507251262286,3.3228762331479413,12.50509178988041,5.325826360717705,5.508595556037851,4.848916770784997,1327.63,aer,4096,outputs/only_random_strategy/slurm_YYDPETGTWY_amber/replica_382/replica_382.pdb,outputs/only_random_strategy/slurm_YYDPETGTWY_amber/replica_382/replica_382_ca.pdb
334,313297101,random,YYDPETGTWY,amber,43.83208661797459,3.3305671862395685,10.205217828804843,4.668498711279885,5.508595556037851,4.848916770784997,1060.29,aer,4096,outputs/only_random_strategy/slurm_YYDPETGTWY_amber/replica_334/replica_334.pdb,outputs/only_random_strategy/slurm_YYDPETGTWY_amber/replica_334/replica_334_ca.pdb
690,313297457,random,YYDPETGTWY,amber,-27.88341713170256,3.3432476433941303,8.75600154677348,4.87810345548246,5.508595556037851,4.848916770784997,1221.96,aer,4096,outputs/only_random_strategy/slurm_YYDPETGTWY_amber/replica_690/replica_690.pdb,outputs/only_random_strategy/slurm_YYDPETGTWY_amber/replica_690/replica_690_ca.pdb
214,313296981,random,YYDPETGTWY,amber,-48.73599176279389,3.3496359320207465,10.640136758217789,4.93679999219664,5.508595556037851,4.848916770784997,1432.41,aer,4096,outputs/only_random_strategy/slurm_YYDPETGTWY_amber/replica_214/replica_214.pdb,outputs/only_random_strategy/slurm_YYDPETGTWY_amber/replica_214/replica_214_ca.pdb
380,313297147,random,YYDPETGTWY,amber,-97.68281616902932,3.3632661695920025,10.92905311149639,4.551483598523396,5.508595556037851,4.848916770784997,1207.32,aer,4096,outputs/only_random_strategy/slurm_YYDPETGTWY_amber/replica_380/replica_380.pdb,outputs/only_random_strategy/slurm_YYDPETGTWY_amber/replica_380/replica_380_ca.pdb
602,313297369,random,YYDPETGTWY,amber,-76.95957749315461,3.373538488408635,12.39716501089323,5.285835415993808,5.508595556037851,4.848916770784997,1271.01,aer,4096,outputs/only_random_strategy/slurm_YYDPETGTWY_amber/replica_602/replica_602.pdb,outputs/only_random_strategy/slurm_YYDPETGTWY_amber/replica_602/replica_602_ca.pdb
107,313296874,random,YYDPETGTWY,amber,363.6339316388168,3.3899407705596927,8.009688093628819,4.760538457121895,5.508595556037851,4.848916770784997,1087.37,aer,4096,outputs/only_random_strategy/slurm_YYDPETGTWY_amber/replica_107/replica_107.pdb,outputs/only_random_strategy/slurm_YYDPETGTWY_amber/replica_107/replica_107_ca.pdb
592,313297359,random,YYDPETGTWY,amber,-17.619921545045145,3.3920587968134654,7.309640816913134,4.7701434240196905,5.508595556037851,4.848916770784997,1139.16,aer,4096,outputs/only_random_strategy/slurm_YYDPETGTWY_amber/replica_592/replica_592.pdb,outputs/only_random_strategy/slurm_YYDPETGTWY_amber/replica_592/replica_592_ca.pdb
417,313297184,random,YYDPETGTWY,amber,-61.078896413963,3.393721738066174,11.146408107512931,4.8427001675232235,5.508595556037851,4.848916770784997,1639.34,aer,4096,outputs/only_random_strategy/slurm_YYDPETGTWY_amber/replica_417/replica_417.pdb,outputs/only_random_strategy/slurm_YYDPETGTWY_amber/replica_417/replica_417_ca.pdb
453,313297220,random,YYDPETGTWY,amber,362.7890835577726,3.3956142663421627,7.784122084506585,4.9087001940536865,5.508595556037851,4.848916770784997,1009.27,aer,4096,outputs/only_random_strategy/slurm_YYDPETGTWY_amber/replica_453/replica_453.pdb,outputs/only_random_strategy/slurm_YYDPETGTWY_amber/replica_453/replica_453_ca.pdb
971,313297738,random,YYDPETGTWY,amber,-37.88190574013387,3.4203925469835155,12.861574285442838,5.210029809131102,5.508595556037851,4.848916770784997,1129.62,aer,4096,outputs/only_random_strategy/slurm_YYDPETGTWY_amber/replica_971/replica_971.pdb,outputs/only_random_strategy/slurm_YYDPETGTWY_amber/replica_971/replica_971_ca.pdb
588,313297355,random,YYDPETGTWY,amber,-20.609370763260863,3.424232499458726,11.515190489998089,4.938004362558738,5.508595556037851,4.848916770784997,1352.5,aer,4096,outputs/only_random_strategy/slurm_YYDPETGTWY_amber/replica_588/replica_588.pdb,outputs/only_random_strategy/slurm_YYDPETGTWY_amber/replica_588/replica_588_ca.pdb
868,313297635,random,YYDPETGTWY,amber,-11.068677657938476,3.43334438581115,10.87030019911074,5.266789767836402,5.508595556037851,4.848916770784997,1381.58,aer,4096,outputs/only_random_strategy/slurm_YYDPETGTWY_amber/replica_868/replica_868.pdb,outputs/only_random_strategy/slurm_YYDPETGTWY_amber/replica_868/replica_868_ca.pdb
610,313297377,random,YYDPETGTWY,amber,-75.1764870642846,3.45166790773479,10.529539224314448,5.227515133088426,5.508595556037851,4.848916770784997,1396.69,aer,4096,outputs/only_random_strategy/slurm_YYDPETGTWY_amber/replica_610/replica_610.pdb,outputs/only_random_strategy/slurm_YYDPETGTWY_amber/replica_610/replica_610_ca.pdb
418,313297185,random,YYDPETGTWY,amber,-65.82600459267475,3.4537479654662633,13.923076309658189,5.440013516497553,5.508595556037851,4.848916770784997,1146.76,aer,4096,outputs/only_random_strategy/slurm_YYDPETGTWY_amber/replica_418/replica_418.pdb,outputs/only_random_strategy/slurm_YYDPETGTWY_amber/replica_418/replica_418_ca.pdb
943,313297710,random,YYDPETGTWY,amber,-39.18900089377682,3.4579440247478415,7.244794936973903,4.807646794455106,5.508595556037851,4.848916770784997,1262.74,aer,4096,outputs/only_random_strategy/slurm_YYDPETGTWY_amber/replica_943/replica_943.pdb,outputs/only_random_strategy/slurm_YYDPETGTWY_amber/replica_943/replica_943_ca.pdb
569,313297336,random,YYDPETGTWY,amber,-20.51664038387884,3.471396877245238,11.871167449545482,4.586735646870695,5.508595556037851,4.848916770784997,1661.86,aer,4096,outputs/only_random_strategy/slurm_YYDPETGTWY_amber/replica_569/replica_569.pdb,outputs/only_random_strategy/slurm_YYDPETGTWY_amber/replica_569/replica_569_ca.pdb
148,313296915,random,YYDPETGTWY,amber,-47.04015416431765,3.475547324967569,13.080749701503409,5.364115883000236,5.508595556037851,4.848916770784997,1211.81,aer,4096,outputs/only_random_strategy/slurm_YYDPETGTWY_amber/replica_148/replica_148.pdb,outputs/only_random_strategy/slurm_YYDPETGTWY_amber/replica_148/replica_148_ca.pdb
44,313296811,random,YYDPETGTWY,amber,-16.233354398916834,3.481821893583604,12.674144415983786,5.005671844088022,5.508595556037851,4.848916770784997,1424.8,aer,4096,outputs/only_random_strategy/slurm_YYDPETGTWY_amber/replica_44/replica_44.pdb,outputs/only_random_strategy/slurm_YYDPETGTWY_amber/replica_44/replica_44_ca.pdb
701,313297468,random,YYDPETGTWY,amber,-15.04297879083275,3.487942360737196,9.150214875882819,4.950358661189911,5.508595556037851,4.848916770784997,1601.43,aer,4096,outputs/only_random_strategy/slurm_YYDPETGTWY_amber/replica_701/replica_701.pdb,outputs/only_random_strategy/slurm_YYDPETGTWY_amber/replica_701/replica_701_ca.pdb
470,313297237,random,YYDPETGTWY,amber,-88.07175459256696,3.4907217212172745,11.719668873284887,5.468480165768531,5.508595556037851,4.848916770784997,1794.75,aer,4096,outputs/only_random_strategy/slurm_YYDPETGTWY_amber/replica_470/replica_470.pdb,outputs/only_random_strategy/slurm_YYDPETGTWY_amber/replica_470/replica_470_ca.pdb
507,313297274,random,YYDPETGTWY,amber,732.5619986301353,3.497037356136317,12.234625803552404,5.183780750346115,5.508595556037851,4.848916770784997,859.7,aer,4096,outputs/only_random_strategy/slurm_YYDPETGTWY_amber/replica_507/replica_507.pdb,outputs/only_random_strategy/slurm_YYDPETGTWY_amber/replica_507/replica_507_ca.pdb
208,313296975,random,YYDPETGTWY,amber,-31.064891286014635,3.50529497110557,8.059835348298593,4.586389599836778,5.508595556037851,4.848916770784997,1011.15,aer,4096,outputs/only_random_strategy/slurm_YYDPETGTWY_amber/replica_208/replica_208.pdb,outputs/only_random_strategy/slurm_YYDPETGTWY_amber/replica_208/replica_208_ca.pdb
754,313297521,random,YYDPETGTWY,amber,-0.9412808318623862,3.51183028716445,7.2153300309600805,4.9474248318038,5.508595556037851,4.848916770784997,1472.33,aer,4096,outputs/only_random_strategy/slurm_YYDPETGTWY_amber/replica_754/replica_754.pdb,outputs/only_random_strategy/slurm_YYDPETGTWY_amber/replica_754/replica_754_ca.pdb
837,313297604,random,YYDPETGTWY,amber,-0.12495034986443476,3.514072120884193,12.099705417325913,5.229820286884528,5.508595556037851,4.848916770784997,1554.87,aer,4096,outputs/only_random_strategy/slurm_YYDPETGTWY_amber/replica_837/replica_837.pdb,outputs/only_random_strategy/slurm_YYDPETGTWY_amber/replica_837/replica_837_ca.pdb
697,313297464,random,YYDPETGTWY,amber,23.19313693027358,3.515563781038168,9.865478282286265,5.180909769292148,5.508595556037851,4.848916770784997,1076.78,aer,4096,outputs/only_random_strategy/slurm_YYDPETGTWY_amber/replica_697/replica_697.pdb,outputs/only_random_strategy/slurm_YYDPETGTWY_amber/replica_697/replica_697_ca.pdb
483,313297250,random,YYDPETGTWY,amber,-26.492654860021474,3.5164235811023654,8.358720329227507,4.9514652969035104,5.508595556037851,4.848916770784997,2109.84,aer,4096,outputs/only_random_strategy/slurm_YYDPETGTWY_amber/replica_483/replica_483.pdb,outputs/only_random_strategy/slurm_YYDPETGTWY_amber/replica_483/replica_483_ca.pdb
724,313297491,random,YYDPETGTWY,amber,-30.931119878124818,3.5182453922086054,10.445983563318816,4.97256428880093,5.508595556037851,4.848916770784997,1845.65,aer,4096,outputs/only_random_strategy/slurm_YYDPETGTWY_amber/replica_724/replica_724.pdb,outputs/only_random_strategy/slurm_YYDPETGTWY_amber/replica_724/replica_724_ca.pdb
793,313297560,random,YYDPETGTWY,amber,15.395195092928887,3.518745307026716,13.476773775296156,5.223750524993514,5.508595556037851,4.848916770784997,1496.84,aer,4096,outputs/only_random_strategy/slurm_YYDPETGTWY_amber/replica_793/replica_793.pdb,outputs/only_random_strategy/slurm_YYDPETGTWY_amber/replica_793/replica_793_ca.pdb
242,313297009,random,YYDPETGTWY,amber,-38.511006118474796,3.523972771648459,8.54818174761971,4.9332651809080925,5.508595556037851,4.848916770784997,1216.35,aer,4096,outputs/only_random_strategy/slurm_YYDPETGTWY_amber/replica_242/replica_242.pdb,outputs/only_random_strategy/slurm_YYDPETGTWY_amber/replica_242/replica_242_ca.pdb
16,313296783,random,YYDPETGTWY,amber,-49.932167342428976,3.528484500677746,8.0928684614343,4.901750974056861,5.508595556037851,4.848916770784997,1264.13,aer,4096,outputs/only_random_strategy/slurm_YYDPETGTWY_amber/replica_16/replica_16.pdb,outputs/only_random_strategy/slurm_YYDPETGTWY_amber/replica_16/replica_16_ca.pdb
193,313296960,random,YYDPETGTWY,amber,-47.22054380501142,3.5311002656665607,13.019139472618011,5.163361013046806,5.508595556037851,4.848916770784997,1495.76,aer,4096,outputs/only_random_strategy/slurm_YYDPETGTWY_amber/replica_193/replica_193.pdb,outputs/only_random_strategy/slurm_YYDPETGTWY_amber/replica_193/replica_193_ca.pdb
347,313297114,random,YYDPETGTWY,amber,-42.80915478695471,3.5329947625829012,8.47046048441234,5.04264011547958,5.508595556037851,4.848916770784997,1436.85,aer,4096,outputs/only_random_strategy/slurm_YYDPETGTWY_amber/replica_347/replica_347.pdb,outputs/only_random_strategy/slurm_YYDPETGTWY_amber/replica_347/replica_347_ca.pdb
562,313297329,random,YYDPETGTWY,amber,31.60533944559574,3.5411375310013717,11.198542583729793,5.201463619164434,5.508595556037851,4.848916770784997,1066.19,aer,4096,outputs/only_random_strategy/slurm_YYDPETGTWY_amber/replica_562/replica_562.pdb,outputs/only_random_strategy/slurm_YYDPETGTWY_amber/replica_562/replica_562_ca.pdb
850,313297617,random,YYDPETGTWY,amber,-42.324864083549606,3.5529534724175065,10.776410054907519,5.108337304216933,5.508595556037851,4.848916770784997,1294.2,aer,4096,outputs/only_random_strategy/slurm_YYDPETGTWY_amber/replica_850/replica_850.pdb,outputs/only_random_strategy/slurm_YYDPETGTWY_amber/replica_850/replica_850_ca.pdb
564,313297331,random,YYDPETGTWY,amber,-5.210650282123366,3.5891599562452154,8.520343287359541,5.051174956918392,5.508595556037851,4.848916770784997,1285.38,aer,4096,outputs/only_random_strategy/slurm_YYDPETGTWY_amber/replica_564/replica_564.pdb,outputs/only_random_strategy/slurm_YYDPETGTWY_amber/replica_564/replica_564_ca.pdb
635,313297402,random,YYDPETGTWY,amber,7.900136208716683,3.5917160164231516,12.960205663680403,5.364373089265519,5.508595556037851,4.848916770784997,1614.09,aer,4096,outputs/only_random_strategy/slurm_YYDPETGTWY_amber/replica_635/replica_635.pdb,outputs/only_random_strategy/slurm_YYDPETGTWY_amber/replica_635/replica_635_ca.pdb
9,313296776,random,YYDPETGTWY,amber,-22.32939111605185,3.5952479560133983,6.775433152624606,4.502824947914298,5.508595556037851,4.848916770784997,1591.98,aer,4096,outputs/only_random_strategy/slurm_YYDPETGTWY_amber/replica_9/replica_9.pdb,outputs/only_random_strategy/slurm_YYDPETGTWY_amber/replica_9/replica_9_ca.pdb
899,313297666,random,YYDPETGTWY,amber,38.947048929947165,3.6186021501500987,9.982559299545692,5.5060376744904485,5.508595556037851,4.848916770784997,1524.9,aer,4096,outputs/only_random_strategy/slurm_YYDPETGTWY_amber/replica_899/replica_899.pdb,outputs/only_random_strategy/slurm_YYDPETGTWY_amber/replica_899/replica_899_ca.pdb
877,313297644,random,YYDPETGTWY,amber,-29.840370406212635,3.6249906989892002,14.622136340258075,5.629947500994694,5.508595556037851,4.848916770784997,1231.23,aer,4096,outputs/only_random_strategy/slurm_YYDPETGTWY_amber/replica_877/replica_877.pdb,outputs/only_random_strategy/slurm_YYDPETGTWY_amber/replica_877/replica_877_ca.pdb
285,313297052,random,YYDPETGTWY,amber,-38.76993143121012,3.62739171125857,4.844198733880423,4.055822485699232,5.508595556037851,4.848916770784997,1469.81,aer,4096,outputs/only_random_strategy/slurm_YYDPETGTWY_amber/replica_285/replica_285.pdb,outputs/only_random_strategy/slurm_YYDPETGTWY_amber/replica_285/replica_285_ca.pdb
264,313297031,random,YYDPETGTWY,amber,-77.50981259496668,3.6276112299814285,11.311957661320594,5.195853074027409,5.508595556037851,4.848916770784997,1212.42,aer,4096,outputs/only_random_strategy/slurm_YYDPETGTWY_amber/replica_264/replica_264.pdb,outputs/only_random_strategy/slurm_YYDPETGTWY_amber/replica_264/replica_264_ca.pdb
553,313297320,random,YYDPETGTWY,amber,720.9479371945006,3.6296320263415,11.020788800487832,5.101510467553754,5.508595556037851,4.848916770784997,1291.92,aer,4096,outputs/only_random_strategy/slurm_YYDPETGTWY_amber/replica_553/replica_553.pdb,outputs/only_random_strategy/slurm_YYDPETGTWY_amber/replica_553/replica_553_ca.pdb
330,313297097,random,YYDPETGTWY,amber,-81.43431033022495,3.642508220619007,10.266082561350675,5.396590597773661,5.508595556037851,4.848916770784997,1354.82,aer,4096,outputs/only_random_strategy/slurm_YYDPETGTWY_amber/replica_330/replica_330.pdb,outputs/only_random_strategy/slurm_YYDPETGTWY_amber/replica_330/replica_330_ca.pdb
164,313296931,random,YYDPETGTWY,amber,-66.76801768431609,3.642688680066962,12.097454184012474,4.520847153087518,5.508595556037851,4.848916770784997,1857.68,aer,4096,outputs/only_random_strategy/slurm_YYDPETGTWY_amber/replica_164/replica_164.pdb,outputs/only_random_strategy/slurm_YYDPETGTWY_amber/replica_164/replica_164_ca.pdb
260,313297027,random,YYDPETGTWY,amber,-65.94498972262457,3.65338859761176,13.65739647368793,5.45737227295682,5.508595556037851,4.848916770784997,1252.29,aer,4096,outputs/only_random_strategy/slurm_YYDPETGTWY_amber/replica_260/replica_260.pdb,outputs/only_random_strategy/slurm_YYDPETGTWY_amber/replica_260/replica_260_ca.pdb
988,313297755,random,YYDPETGTWY,amber,-112.17572713903802,3.6544640753087214,11.734408466238616,4.506596515412497,5.508595556037851,4.848916770784997,1185.64,aer,4096,outputs/only_random_strategy/slurm_YYDPETGTWY_amber/replica_988/replica_988.pdb,outputs/only_random_strategy/slurm_YYDPETGTWY_amber/replica_988/replica_988_ca.pdb
47,313296814,random,YYDPETGTWY,amber,-21.57486358258193,3.669364774942658,11.352689913995963,5.354838149902753,5.508595556037851,4.848916770784997,1126.07,aer,4096,outputs/only_random_strategy/slurm_YYDPETGTWY_amber/replica_47/replica_47.pdb,outputs/only_random_strategy/slurm_YYDPETGTWY_amber/replica_47/replica_47_ca.pdb
717,313297484,random,YYDPETGTWY,amber,-73.33909703279805,3.675510215953153,12.42698765744491,5.535227654148506,5.508595556037851,4.848916770784997,1432.12,aer,4096,outputs/only_random_strategy/slurm_YYDPETGTWY_amber/replica_717/replica_717.pdb,outputs/only_random_strategy/slurm_YYDPETGTWY_amber/replica_717/replica_717_ca.pdb
962,313297729,random,YYDPETGTWY,amber,-24.10792595603264,3.68111711209355,11.430166316239076,5.30732037091081,5.508595556037851,4.848916770784997,1042.83,aer,4096,outputs/only_random_strategy/slurm_YYDPETGTWY_amber/replica_962/replica_962.pdb,outputs/only_random_strategy/slurm_YYDPETGTWY_amber/replica_962/replica_962_ca.pdb
355,313297122,random,YYDPETGTWY,amber,-71.79222593871847,3.6816254874311047,12.429512047410771,5.5066995198053945,5.508595556037851,4.848916770784997,1738.21,aer,4096,outputs/only_random_strategy/slurm_YYDPETGTWY_amber/replica_355/replica_355.pdb,outputs/only_random_strategy/slurm_YYDPETGTWY_amber/replica_355/replica_355_ca.pdb
386,313297153,random,YYDPETGTWY,amber,-6.5009088784427895,3.6994166476063413,12.424981965557128,4.7318154767927,5.508595556037851,4.848916770784997,1423.18,aer,4096,outputs/only_random_strategy/slurm_YYDPETGTWY_amber/replica_386/replica_386.pdb,outputs/only_random_strategy/slurm_YYDPETGTWY_amber/replica_386/replica_386_ca.pdb
640,313297407,random,YYDPETGTWY,amber,-13.721958189452833,3.6999847056082147,11.949288034862343,5.035587957006679,5.508595556037851,4.848916770784997,1218.27,aer,4096,outputs/only_random_strategy/slurm_YYDPETGTWY_amber/replica_640/replica_640.pdb,outputs/only_random_strategy/slurm_YYDPETGTWY_amber/replica_640/replica_640_ca.pdb
536,313297303,random,YYDPETGTWY,amber,-7.43235661731593,3.7137577871299774,14.339767548794995,5.574182428170183,5.508595556037851,4.848916770784997,1274.23,aer,4096,outputs/only_random_strategy/slurm_YYDPETGTWY_amber/replica_536/replica_536.pdb,outputs/only_random_strategy/slurm_YYDPETGTWY_amber/replica_536/replica_536_ca.pdb
67,313296834,random,YYDPETGTWY,amber,-26.169044290353277,3.7370916424350376,13.460952291472385,5.410438227313172,5.508595556037851,4.848916770784997,1057.53,aer,4096,outputs/only_random_strategy/slurm_YYDPETGTWY_amber/replica_67/replica_67.pdb,outputs/only_random_strategy/slurm_YYDPETGTWY_amber/replica_67/replica_67_ca.pdb
531,313297298,random,YYDPETGTWY,amber,-15.738250706088337,3.742610849951119,13.330630199765897,5.273297885414057,5.508595556037851,4.848916770784997,1296.05,aer,4096,outputs/only_random_strategy/slurm_YYDPETGTWY_amber/replica_531/replica_531.pdb,outputs/only_random_strategy/slurm_YYDPETGTWY_amber/replica_531/replica_531_ca.pdb
38,313296805,random,YYDPETGTWY,amber,-138.55419392393026,3.7462173916889943,12.888103484626386,5.223899463895559,5.508595556037851,4.848916770784997,1697.88,aer,4096,outputs/only_random_strategy/slurm_YYDPETGTWY_amber/replica_38/replica_38.pdb,outputs/only_random_strategy/slurm_YYDPETGTWY_amber/replica_38/replica_38_ca.pdb
945,313297712,random,YYDPETGTWY,amber,-8.634290406692097,3.747434012622959,12.61338007429268,5.54400575190875,5.508595556037851,4.848916770784997,1438.74,aer,4096,outputs/only_random_strategy/slurm_YYDPETGTWY_amber/replica_945/replica_945.pdb,outputs/only_random_strategy/slurm_YYDPETGTWY_amber/replica_945/replica_945_ca.pdb
444,313297211,random,YYDPETGTWY,amber,-76.3388556978917,3.7486971716034523,10.411271853704317,4.631514868091681,5.508595556037851,4.848916770784997,1416.94,aer,4096,outputs/only_random_strategy/slurm_YYDPETGTWY_amber/replica_444/replica_444.pdb,outputs/only_random_strategy/slurm_YYDPETGTWY_amber/replica_444/replica_444_ca.pdb
410,313297177,random,YYDPETGTWY,amber,663.2370945017291,3.7564975319730753,12.742549643919174,5.711855510262313,5.508595556037851,4.848916770784997,1047.01,aer,4096,outputs/only_random_strategy/slurm_YYDPETGTWY_amber/replica_410/replica_410.pdb,outputs/only_random_strategy/slurm_YYDPETGTWY_amber/replica_410/replica_410_ca.pdb
706,313297473,random,YYDPETGTWY,amber,-92.55473527196423,3.7594035877278316,12.842215377985518,5.1702336532247,5.508595556037851,4.848916770784997,1858.38,aer,4096,outputs/only_random_strategy/slurm_YYDPETGTWY_amber/replica_706/replica_706.pdb,outputs/only_random_strategy/slurm_YYDPETGTWY_amber/replica_706/replica_706_ca.pdb
61,313296828,random,YYDPETGTWY,amber,-21.940491338569657,3.760574815694531,10.914603415861404,5.675604443997115,5.508595556037851,4.848916770784997,1310.12,aer,4096,outputs/only_random_strategy/slurm_YYDPETGTWY_amber/replica_61/replica_61.pdb,outputs/only_random_strategy/slurm_YYDPETGTWY_amber/replica_61/replica_61_ca.pdb
715,313297482,random,YYDPETGTWY,amber,-81.2040707833675,3.7641824856639237,8.360583447151443,5.039578835256285,5.508595556037851,4.848916770784997,1402.68,aer,4096,outputs/only_random_strategy/slurm_YYDPETGTWY_amber/replica_715/replica_715.pdb,outputs/only_random_strategy/slurm_YYDPETGTWY_amber/replica_715/replica_715_ca.pdb
299,313297066,random,YYDPETGTWY,amber,-8.281836143016129,3.7654777343060992,6.569565204247065,4.420647065403439,5.508595556037851,4.848916770784997,1631.87,aer,4096,outputs/only_random_strategy/slurm_YYDPETGTWY_amber/replica_299/replica_299.pdb,outputs/only_random_strategy/slurm_YYDPETGTWY_amber/replica_299/replica_299_ca.pdb
811,313297578,random,YYDPETGTWY,amber,-16.29971160491194,3.768745715701675,9.934045073266795,4.8377186761905735,5.508595556037851,4.848916770784997,1494.1,aer,4096,outputs/only_random_strategy/slurm_YYDPETGTWY_amber/replica_811/replica_811.pdb,outputs/only_random_strategy/slurm_YYDPETGTWY_amber/replica_811/replica_811_ca.pdb
942,313297709,random,YYDPETGTWY,amber,-78.43232743305634,3.776343732217338,10.092391778300028,5.116691353025523,5.508595556037851,4.848916770784997,1415.69,aer,4096,outputs/only_random_strategy/slurm_YYDPETGTWY_amber/replica_942/replica_942.pdb,outputs/only_random_strategy/slurm_YYDPETGTWY_amber/replica_942/replica_942_ca.pdb
985,313297752,random,YYDPETGTWY,amber,-88.52371154884185,3.778331400051051,12.439750660307624,5.424867195202274,5.508595556037851,4.848916770784997,1149.43,aer,4096,outputs/only_random_strategy/slurm_YYDPETGTWY_amber/replica_985/replica_985.pdb,outputs/only_random_strategy/slurm_YYDPETGTWY_amber/replica_985/replica_985_ca.pdb
183,313296950,random,YYDPETGTWY,amber,-4.952588776151371,3.7806962953471963,11.438074924873527,5.371884879850006,5.508595556037851,4.848916770784997,1263.04,aer,4096,outputs/only_random_strategy/slurm_YYDPETGTWY_amber/replica_183/replica_183.pdb,outputs/only_random_strategy/slurm_YYDPETGTWY_amber/replica_183/replica_183_ca.pdb
92,313296859,random,YYDPETGTWY,amber,-35.077182988580745,3.7873858427665663,14.032178837835076,5.405054529922541,5.508595556037851,4.848916770784997,1193.71,aer,4096,outputs/only_random_strategy/slurm_YYDPETGTWY_amber/replica_92/replica_92.pdb,outputs/only_random_strategy/slurm_YYDPETGTWY_amber/replica_92/replica_92_ca.pdb
591,313297358,random,YYDPETGTWY,amber,-41.72255619202421,3.79855790155284,12.829484223499515,5.460516600545149,5.508595556037851,4.848916770784997,1273.21,aer,4096,outputs/only_random_strategy/slurm_YYDPETGTWY_amber/replica_591/replica_591.pdb,outputs/only_random_strategy/slurm_YYDPETGTWY_amber/replica_591/replica_591_ca.pdb
649,313297416,random,YYDPETGTWY,amber,-100.49649446978438,3.8078802294740624,11.345264139254425,4.767792278537616,5.508595556037851,4.848916770784997,1328.94,aer,4096,outputs/only_random_strategy/slurm_YYDPETGTWY_amber/replica_649/replica_649.pdb,outputs/only_random_strategy/slurm_YYDPETGTWY_amber/replica_649/replica_649_ca.pdb
135,313296902,random,YYDPETGTWY,amber,515.9411120063768,3.8125627990813773,10.374681166309696,5.065991687869698,5.508595556037851,4.848916770784997,781.85,aer,4096,outputs/only_random_strategy/slurm_YYDPETGTWY_amber/replica_135/replica_135.pdb,outputs/only_random_strategy/slurm_YYDPETGTWY_amber/replica_135/replica_135_ca.pdb
495,313297262,random,YYDPETGTWY,amber,-19.147854960987686,3.818246038739365,11.429571034492419,5.207211097956766,5.508595556037851,4.848916770784997,1994.9,aer,4096,outputs/only_random_strategy/slurm_YYDPETGTWY_amber/replica_495/replica_495.pdb,outputs/only_random_strategy/slurm_YYDPETGTWY_amber/replica_495/replica_495_ca.pdb
31,313296798,random,YYDPETGTWY,amber,-129.67995126168506,3.8407990298096855,10.992508246724409,5.132151233168734,5.508595556037851,4.848916770784997,1665.41,aer,4096,outputs/only_random_strategy/slurm_YYDPETGTWY_amber/replica_31/replica_31.pdb,outputs/only_random_strategy/slurm_YYDPETGTWY_amber/replica_31/replica_31_ca.pdb
311,313297078,random,YYDPETGTWY,amber,-76.0972812750106,3.8418267007315574,13.440986932476994,5.836288689587911,5.508595556037851,4.848916770784997,1343.66,aer,4096,outputs/only_random_strategy/slurm_YYDPETGTWY_amber/replica_311/replica_311.pdb,outputs/only_random_strategy/slurm_YYDPETGTWY_amber/replica_311/replica_311_ca.pdb
763,313297530,random,YYDPETGTWY,amber,-19.21489131847845,3.8435056253640334,11.82894105885184,5.320471025693106,5.508595556037851,4.848916770784997,1363.1,aer,4096,outputs/only_random_strategy/slurm_YYDPETGTWY_amber/replica_763/replica_763.pdb,outputs/only_random_strategy/slurm_YYDPETGTWY_amber/replica_763/replica_763_ca.pdb
166,313296933,random,YYDPETGTWY,amber,-20.183654106910218,3.8436493258429834,13.246309064350774,4.850980958654114,5.508595556037851,4.848916770784997,1827.73,aer,4096,outputs/only_random_strategy/slurm_YYDPETGTWY_amber/replica_166/replica_166.pdb,outputs/only_random_strategy/slurm_YYDPETGTWY_amber/replica_166/replica_166_ca.pdb
575,313297342,random,YYDPETGTWY,amber,-7.590032853419778,3.847951136645854,11.318654876557508,5.170273946427077,5.508595556037851,4.848916770784997,1309.82,aer,4096,outputs/only_random_strategy/slurm_YYDPETGTWY_amber/replica_575/replica_575.pdb,outputs/only_random_strategy/slurm_YYDPETGTWY_amber/replica_575/replica_575_ca.pdb
134,313296901,random,YYDPETGTWY,amber,31.394932740248972,3.8494494743221743,10.458689281433694,5.247204651530256,5.508595556037851,4.848916770784997,1041.61,aer,4096,outputs/only_random_strategy/slurm_YYDPETGTWY_amber/replica_134/replica_134.pdb,outputs/only_random_strategy/slurm_YYDPETGTWY_amber/replica_134/replica_134_ca.pdb
362,313297129,random,YYDPETGTWY,amber,-44.982000774220914,3.8516636110229245,15.087167700337242,5.501663193265676,5.508595556037851,4.848916770784997,1417.82,aer,4096,outputs/only_random_strategy/slurm_YYDPETGTWY_amber/replica_362/replica_362.pdb,outputs/only_random_strategy/slurm_YYDPETGTWY_amber/replica_362/replica_362_ca.pdb
702,313297469,random,YYDPETGTWY,amber,-106.22290680077761,3.8545151779831315,10.873753280226548,5.28048364848906,5.508595556037851,4.848916770784997,1489.19,aer,4096,outputs/only_random_strategy/slurm_YYDPETGTWY_amber/replica_702/replica_702.pdb,outputs/only_random_strategy/slurm_YYDPETGTWY_amber/replica_702/replica_702_ca.pdb
759,313297526,random,YYDPETGTWY,amber,-33.62023551034223,3.8554197327943336,9.698101401003441,4.856450407317566,5.508595556037851,4.848916770784997,1183.54,aer,4096,outputs/only_random_strategy/slurm_YYDPETGTWY_amber/replica_759/replica_759.pdb,outputs/only_random_strategy/slurm_YYDPETGTWY_amber/replica_759/replica_759_ca.pdb
409,313297176,random,YYDPETGTWY,amber,-24.73532308483505,3.8563102906137714,10.903890283162076,5.345400522066179,5.508595556037851,4.848916770784997,1450.02,aer,4096,outputs/only_random_strategy/slurm_YYDPETGTWY_amber/replica_409/replica_409.pdb,outputs/only_random_strategy/slurm_YYDPETGTWY_amber/replica_409/replica_409_ca.pdb
35,313296802,random,YYDPETGTWY,amber,12.550961151859982,3.861881190888933,11.641676143248853,4.918184263330826,5.508595556037851,4.848916770784997,1180.19,aer,4096,outputs/only_random_strategy/slurm_YYDPETGTWY_amber/replica_35/replica_35.pdb,outputs/only_random_strategy/slurm_YYDPETGTWY_amber/replica_35/replica_35_ca.pdb
780,313297547,random,YYDPETGTWY,amber,-74.27878194628661,3.862733291189807,11.664413927985827,5.180767597136778,5.508595556037851,4.848916770784997,1063.04,aer,4096,outputs/only_random_strategy/slurm_YYDPETGTWY_amber/replica_780/replica_780.pdb,outputs/only_random_strategy/slurm_YYDPETGTWY_amber/replica_780/replica_780_ca.pdb
297,313297064,random,YYDPETGTWY,amber,-73.98421673167361,3.863787528304352,10.889933816322353,5.409945401968796,5.508595556037851,4.848916770784997,1004.83,aer,4096,outputs/only_random_strategy/slurm_YYDPETGTWY_amber/replica_297/replica_297.pdb,outputs/only_random_strategy/slurm_YYDPETGTWY_amber/replica_297/replica_297_ca.pdb
858,313297625,random,YYDPETGTWY,amber,-33.045588054758824,3.873714184891313,10.135044194579814,4.801314972183847,5.508595556037851,4.848916770784997,1184.53,aer,4096,outputs/only_random_strategy/slurm_YYDPETGTWY_amber/replica_858/replica_858.pdb,outputs/only_random_strategy/slurm_YYDPETGTWY_amber/replica_858/replica_858_ca.pdb
108,313296875,random,YYDPETGTWY,amber,36.29641834520517,3.884737380038006,12.6744549837044,5.368604956395704,5.508595556037851,4.848916770784997,1139.69,aer,4096,outputs/only_random_strategy/slurm_YYDPETGTWY_amber/replica_108/replica_108.pdb,outputs/only_random_strategy/slurm_YYDPETGTWY_amber/replica_108/replica_108_ca.pdb
890,313297657,random,YYDPETGTWY,amber,8.054807667252115,3.9062430327124082,11.644780903685394,4.441102481459964,5.508595556037851,4.848916770784997,1304.16,aer,4096,outputs/only_random_strategy/slurm_YYDPETGTWY_amber/replica_890/replica_890.pdb,outputs/only_random_strategy/slurm_YYDPETGTWY_amber/replica_890/replica_890_ca.pdb
342,313297109,random,YYDPETGTWY,amber,38.74420616550062,3.9086429997715917,12.814019871361234,5.299304242315371,5.508595556037851,4.848916770784997,1233.52,aer,4096,outputs/only_random_strategy/slurm_YYDPETGTWY_amber/replica_342/replica_342.pdb,outputs/only_random_strategy/slurm_YYDPETGTWY_amber/replica_342/replica_342_ca.pdb
817,313297584,random,YYDPETGTWY,amber,-41.307700384092406,3.9097729345782635,11.224527587040091,5.653821479652795,5.508595556037851,4.848916770784997,1250.46,aer,4096,outputs/only_random_strategy/slurm_YYDPETGTWY_amber/replica_817/replica_817.pdb,outputs/only_random_strategy/slurm_YYDPETGTWY_amber/replica_817/replica_817_ca.pdb
338,313297105,random,YYDPETGTWY,amber,35.91324180784803,3.914016917122263,10.457401197264728,5.089210999410503,5.508595556037851,4.848916770784997,1512.67,aer,4096,outputs/only_random_strategy/slurm_YYDPETGTWY_amber/replica_338/replica_338.pdb,outputs/only_random_strategy/slurm_YYDPETGTWY_amber/replica_338/replica_338_ca.pdb
644,313297411,random,YYDPETGTWY,amber,-46.490852265134336,3.9169704234659988,11.168484815089675,5.60791943773428,5.508595556037851,4.848916770784997,1437.43,aer,4096,outputs/only_random_strategy/slurm_YYDPETGTWY_amber/replica_644/replica_644.pdb,outputs/only_random_strategy/slurm_YYDPETGTWY_amber/replica_644/replica_644_ca.pdb
554,313297321,random,YYDPETGTWY,amber,-41.09993246283799,3.9229201513459038,12.790714344080492,5.206347532691206,5.508595556037851,4.848916770784997,1016.48,aer,4096,outputs/only_random_strategy/slurm_YYDPETGTWY_amber/replica_554/replica_554.pdb,outputs/only_random_strategy/slurm_YYDPETGTWY_amber/replica_554/replica_554_ca.pdb
241,313297008,random,YYDPETGTWY,amber,-64.07568365845732,3.9289794764096677,6.641620735107112,4.066292085401656,5.508595556037851,4.848916770784997,1233.83,aer,4096,outputs/only_random_strategy/slurm_YYDPETGTWY_amber/replica_241/replica_241.pdb,outputs/only_random_strategy/slurm_YYDPETGTWY_amber/replica_241/replica_241_ca.pdb
224,313296991,random,YYDPETGTWY,amber,-52.0479319313599,3.9308247497343065,11.965822334237156,5.3536774293392755,5.508595556037851,4.848916770784997,1174.96,aer,4096,outputs/only_random_strategy/slurm_YYDPETGTWY_amber/replica_224/replica_224.pdb,outputs/only_random_strategy/slurm_YYDPETGTWY_amber/replica_224/replica_224_ca.pdb
181,313296948,random,YYDPETGTWY,amber,-60.69281527740981,3.931928160677136,9.62383674584042,4.732807717899066,5.508595556037851,4.848916770784997,1745.3,aer,4096,outputs/only_random_strategy/slurm_YYDPETGTWY_amber/replica_181/replica_181.pdb,outputs/only_random_strategy/slurm_YYDPETGTWY_amber/replica_181/replica_181_ca.pdb
486,313297253,random,YYDPETGTWY,amber,-55.76985720946047,3.937526840110317,13.852770050225075,5.753763976654673,5.508595556037851,4.848916770784997,1240.77,aer,4096,outputs/only_random_strategy/slurm_YYDPETGTWY_amber/replica_486/replica_486.pdb,outputs/only_random_strategy/slurm_YYDPETGTWY_amber/replica_486/replica_486_ca.pdb
740,313297507,random,YYDPETGTWY,amber,-51.23250211484121,3.94208616747602,14.177983165574716,5.2532699970971635,5.508595556037851,4.848916770784997,1106.15,aer,4096,outputs/only_random_strategy/slurm_YYDPETGTWY_amber/replica_740/replica_740.pdb,outputs/only_random_strategy/slurm_YYDPETGTWY_amber/replica_740/replica_740_ca.pdb
902,313297669,random,YYDPETGTWY,amber,-133.88758075565053,3.943857430701105,13.886417089670868,5.204554785308424,5.508595556037851,4.848916770784997,1254.84,aer,4096,outputs/only_random_strategy/slurm_YYDPETGTWY_amber/replica_902/replica_902.pdb,outputs/only_random_strategy/slurm_YYDPETGTWY_amber/replica_902/replica_902_ca.pdb
455,313297222,random,YYDPETGTWY,amber,-43.11680923660183,3.9458733516673785,11.591087360471038,5.356852148123196,5.508595556037851,4.848916770784997,1437.11,aer,4096,outputs/only_random_strategy/slurm_YYDPETGTWY_amber/replica_455/replica_455.pdb,outputs/only_random_strategy/slurm_YYDPETGTWY_amber/replica_455/replica_455_ca.pdb
429,313297196,random,YYDPETGTWY,amber,-0.6765586818309777,3.9492371255205807,12.437328899851728,5.4706306879758335,5.508595556037851,4.848916770784997,1237.28,aer,4096,outputs/only_random_strategy/slurm_YYDPETGTWY_amber/replica_429/replica_429.pdb,outputs/only_random_strategy/slurm_YYDPETGTWY_amber/replica_429/replica_429_ca.pdb
39,313296806,random,YYDPETGTWY,amber,-86.64482848937953,3.9534073475320985,12.13159206449319,5.067566760435304,5.508595556037851,4.848916770784997,1297.95,aer,4096,outputs/only_random_strategy/slurm_YYDPETGTWY_amber/replica_39/replica_39.pdb,outputs/only_random_strategy/slurm_YYDPETGTWY_amber/replica_39/replica_39_ca.pdb
150,313296917,random,YYDPETGTWY,amber,-10.198891349575668,3.9570959113643793,9.721933655784547,5.217776318560938,5.508595556037851,4.848916770784997,1352.55,aer,4096,outputs/only_random_strategy/slurm_YYDPETGTWY_amber/replica_150/replica_150.pdb,outputs/only_random_strategy/slurm_YYDPETGTWY_amber/replica_150/replica_150_ca.pdb
933,313297700,random,YYDPETGTWY,amber,374.47733226066214,3.9658216784184073,12.561051247333909,5.442097333386422,5.508595556037851,4.848916770784997,1317.05,aer,4096,outputs/only_random_strategy/slurm_YYDPETGTWY_amber/replica_933/replica_933.pdb,outputs/only_random_strategy/slurm_YYDPETGTWY_amber/replica_933/replica_933_ca.pdb
325,313297092,random,YYDPETGTWY,amber,-104.44231625767189,3.9692798928162465,11.260588757043083,5.336951197900457,5.508595556037851,4.848916770784997,1516.58,aer,4096,outputs/only_random_strategy/slurm_YYDPETGTWY_amber/replica_325/replica_325.pdb,outputs/only_random_strategy/slurm_YYDPETGTWY_amber/replica_325/replica_325_ca.pdb
388,313297155,random,YYDPETGTWY,amber,-0.003551106103431234,3.97293502618888,12.242313200997494,5.261360426601349,5.508595556037851,4.848916770784997,1480.13,aer,4096,outputs/only_random_strategy/slurm_YYDPETGTWY_amber/replica_388/replica_388.pdb,outputs/only_random_strategy/slurm_YYDPETGTWY_amber/replica_388/replica_388_ca.pdb
363,313297130,random,YYDPETGTWY,amber,-20.896957527893417,3.976854016752838,13.690252153477028,5.4654365065536945,5.508595556037851,4.848916770784997,1143.14,aer,4096,outputs/only_random_strategy/slurm_YYDPETGTWY_amber/replica_363/replica_363.pdb,outputs/only_random_strategy/slurm_YYDPETGTWY_amber/replica_363/replica_363_ca.pdb
791,313297558,random,YYDPETGTWY,amber,-3.9940143443198894,3.9862408710695414,15.28364563253369,5.856243353424605,5.508595556037851,4.848916770784997,1525.01,aer,4096,outputs/only_random_strategy/slurm_YYDPETGTWY_amber/replica_791/replica_791.pdb,outputs/only_random_strategy/slurm_YYDPETGTWY_amber/replica_791/replica_791_ca.pdb
570,313297337,random,YYDPETGTWY,amber,-68.15622818981365,3.9892068633880746,14.55813172530091,5.695825001588775,5.508595556037851,4.848916770784997,1354.87,aer,4096,outputs/only_random_strategy/slurm_YYDPETGTWY_amber/replica_570/replica_570.pdb,outputs/only_random_strategy/slurm_YYDPETGTWY_amber/replica_570/replica_570_ca.pdb
406,313297173,random,YYDPETGTWY,amber,-22.84915206529072,3.994093778395584,11.043144542344573,5.378493345688295,5.508595556037851,4.848916770784997,1454.7,aer,4096,outputs/only_random_strategy/slurm_YYDPETGTWY_amber/replica_406/replica_406.pdb,outputs/only_random_strategy/slurm_YYDPETGTWY_amber/replica_406/replica_406_ca.pdb
11,313296778,random,YYDPETGTWY,amber,18.478725207238405,4.000929695700235,11.536795612953702,5.218964011899497,5.508595556037851,4.848916770784997,1555.16,aer,4096,outputs/only_random_strategy/slurm_YYDPETGTWY_amber/replica_11/replica_11.pdb,outputs/only_random_strategy/slurm_YYDPETGTWY_amber/replica_11/replica_11_ca.pdb
332,313297099,random,YYDPETGTWY,amber,-5.90733683731904,4.001105764601598,12.98197619396686,5.581251601229687,5.508595556037851,4.848916770784997,2325.76,aer,4096,outputs/only_random_strategy/slurm_YYDPETGTWY_amber/replica_332/replica_332.pdb,outputs/only_random_strategy/slurm_YYDPETGTWY_amber/replica_332/replica_332_ca.pdb
979,313297746,random,YYDPETGTWY,amber,-72.66679039414471,4.002298747959869,15.105103790574383,5.610707173386763,5.508595556037851,4.848916770784997,1494.59,aer,4096,outputs/only_random_strategy/slurm_YYDPETGTWY_amber/replica_979/replica_979.pdb,outputs/only_random_strategy/slurm_YYDPETGTWY_amber/replica_979/replica_979_ca.pdb
445,313297212,random,YYDPETGTWY,amber,-113.3316232126565,4.01648179990509,13.483061443992533,5.554970782264293,5.508595556037851,4.848916770784997,1141.24,aer,4096,outputs/only_random_strategy/slurm_YYDPETGTWY_amber/replica_445/replica_445.pdb,outputs/only_random_strategy/slurm_YYDPETGTWY_amber/replica_445/replica_445_ca.pdb
82,313296849,random,YYDPETGTWY,amber,-63.89734029542557,4.018410797522773,13.136780441913688,5.147514359290212,5.508595556037851,4.848916770784997,1515.03,aer,4096,outputs/only_random_strategy/slurm_YYDPETGTWY_amber/replica_82/replica_82.pdb,outputs/only_random_strategy/slurm_YYDPETGTWY_amber/replica_82/replica_82_ca.pdb
336,313297103,random,YYDPETGTWY,amber,-60.3769550988232,4.020925876375344,13.341641919891599,5.394990635824259,5.508595556037851,4.848916770784997,1609.63,aer,4096,outputs/only_random_strategy/slurm_YYDPETGTWY_amber/replica_336/replica_336.pdb,outputs/only_random_strategy/slurm_YYDPETGTWY_amber/replica_336/replica_336_ca.pdb
302,313297069,random,YYDPETGTWY,amber,725.6269517192377,4.028617592697042,12.755333907778674,5.354591071283646,5.508595556037851,4.848916770784997,1166.02,aer,4096,outputs/only_random_strategy/slurm_YYDPETGTWY_amber/replica_302/replica_302.pdb,outputs/only_random_strategy/slurm_YYDPETGTWY_amber/replica_302/replica_302_ca.pdb
474,313297241,random,YYDPETGTWY,amber,3.8015979676135156,4.031881450669134,10.12791042581737,4.870323837513555,5.508595556037851,4.848916770784997,1156.88,aer,4096,outputs/only_random_strategy/slurm_YYDPETGTWY_amber/replica_474/replica_474.pdb,outputs/only_random_strategy/slurm_YYDPETGTWY_amber/replica_474/replica_474_ca.pdb
452,313297219,random,YYDPETGTWY,amber,-80.81553088674097,4.035118020148862,9.256152283588337,4.8039258686711825,5.508595556037851,4.848916770784997,1224.81,aer,4096,outputs/only_random_strategy/slurm_YYDPETGTWY_amber/replica_452/replica_452.pdb,outputs/only_random_strategy/slurm_YYDPETGTWY_amber/replica_452/replica_452_ca.pdb
479,313297246,random,YYDPETGTWY,amber,0.05071871134760375,4.039341868971029,14.182619986970149,5.417226454553581,5.508595556037851,4.848916770784997,1311.83,aer,4096,outputs/only_random_strategy/slurm_YYDPETGTWY_amber/replica_479/replica_479.pdb,outputs/only_random_strategy/slurm_YYDPETGTWY_amber/replica_479/replica_479_ca.pdb
766,313297533,random,YYDPETGTWY,amber,-62.31241530389537,4.043609264838819,13.908537631636857,5.549973016311977,5.508595556037851,4.848916770784997,1104.53,aer,4096,outputs/only_random_strategy/slurm_YYDPETGTWY_amber/replica_766/replica_766.pdb,outputs/only_random_strategy/slurm_YYDPETGTWY_amber/replica_766/replica_766_ca.pdb
622,313297389,random,YYDPETGTWY,amber,-81.14751237874302,4.046291934083122,12.35785939966811,5.294254216440449,5.508595556037851,4.848916770784997,1551.69,aer,4096,outputs/only_random_strategy/slurm_YYDPETGTWY_amber/replica_622/replica_622.pdb,outputs/only_random_strategy/slurm_YYDPETGTWY_amber/replica_622/replica_622_ca.pdb
105,313296872,random,YYDPETGTWY,amber,-71.02962781781518,4.0499684632319015,12.208518917600427,5.581937563885334,5.508595556037851,4.848916770784997,1094.93,aer,4096,outputs/only_random_strategy/slurm_YYDPETGTWY_amber/replica_105/replica_105.pdb,outputs/only_random_strategy/slurm_YYDPETGTWY_amber/replica_105/replica_105_ca.pdb
975,313297742,random,YYDPETGTWY,amber,-99.95984896064964,4.051261324637623,14.269464395401803,5.55560460716243,5.508595556037851,4.848916770784997,1153.83,aer,4096,outputs/only_random_strategy/slurm_YYDPETGTWY_amber/replica_975/replica_975.pdb,outputs/only_random_strategy/slurm_YYDPETGTWY_amber/replica_975/replica_975_ca.pdb
867,313297634,random,YYDPETGTWY,amber,-33.06940983556308,4.052271162122159,12.39866066180754,5.45545741053095,5.508595556037851,4.848916770784997,1543.99,aer,4096,outputs/only_random_strategy/slurm_YYDPETGTWY_amber/replica_867/replica_867.pdb,outputs/only_random_strategy/slurm_YYDPETGTWY_amber/replica_867/replica_867_ca.pdb
13,313296780,random,YYDPETGTWY,amber,-56.55336961121103,4.055034201243126,14.5470676539729,5.562013175712173,5.508595556037851,4.848916770784997,1606.26,aer,4096,outputs/only_random_strategy/slurm_YYDPETGTWY_amber/replica_13/replica_13.pdb,outputs/only_random_strategy/slurm_YYDPETGTWY_amber/replica_13/replica_13_ca.pdb
578,313297345,random,YYDPETGTWY,amber,-35.44919888693539,4.060882835099512,12.67286073794571,5.126687161836282,5.508595556037851,4.848916770784997,1096.11,aer,4096,outputs/only_random_strategy/slurm_YYDPETGTWY_amber/replica_578/replica_578.pdb,outputs/only_random_strategy/slurm_YYDPETGTWY_amber/replica_578/replica_578_ca.pdb
904,313297671,random,YYDPETGTWY,amber,-100.01795708864842,4.062580639386014,10.468835141605355,4.905421382967634,5.508595556037851,4.848916770784997,1299.67,aer,4096,outputs/only_random_strategy/slurm_YYDPETGTWY_amber/replica_904/replica_904.pdb,outputs/only_random_strategy/slurm_YYDPETGTWY_amber/replica_904/replica_904_ca.pdb
709,313297476,random,YYDPETGTWY,amber,-43.07087828927612,4.06980756429983,10.627513002022546,5.172849297611795,5.508595556037851,4.848916770784997,1320.93,aer,4096,outputs/only_random_strategy/slurm_YYDPETGTWY_amber/replica_709/replica_709.pdb,outputs/only_random_strategy/slurm_YYDPETGTWY_amber/replica_709/replica_709_ca.pdb
643,313297410,random,YYDPETGTWY,amber,649.3182045713047,4.071641348884383,14.5669622931684,5.556356815415203,5.508595556037851,4.848916770784997,927.64,aer,4096,outputs/only_random_strategy/slurm_YYDPETGTWY_amber/replica_643/replica_643.pdb,outputs/only_random_strategy/slurm_YYDPETGTWY_amber/replica_643/replica_643_ca.pdb
127,313296894,random,YYDPETGTWY,amber,-31.96166923207743,4.081194381338061,12.656202186609038,5.787808613849167,5.508595556037851,4.848916770784997,1486.8,aer,4096,outputs/only_random_strategy/slurm_YYDPETGTWY_amber/replica_127/replica_127.pdb,outputs/only_random_strategy/slurm_YYDPETGTWY_amber/replica_127/replica_127_ca.pdb
130,313296897,random,YYDPETGTWY,amber,-67.34317378028865,4.081495109260573,13.871852803817404,5.265213977799355,5.508595556037851,4.848916770784997,1077.71,aer,4096,outputs/only_random_strategy/slurm_YYDPETGTWY_amber/replica_130/replica_130.pdb,outputs/only_random_strategy/slurm_YYDPETGTWY_amber/replica_130/replica_130_ca.pdb
541,313297308,random,YYDPETGTWY,amber,-52.83111860229242,4.083398238734685,11.293475765789465,5.419599724030334,5.508595556037851,4.848916770784997,2324.75,aer,4096,outputs/only_random_strategy/slurm_YYDPETGTWY_amber/replica_541/replica_541.pdb,outputs/only_random_strategy/slurm_YYDPETGTWY_amber/replica_541/replica_541_ca.pdb
832,313297599,random,YYDPETGTWY,amber,-38.469914622924044,4.083825828882499,14.422598361306429,5.7076081599327715,5.508595556037851,4.848916770784997,1706.0,aer,4096,outputs/only_random_strategy/slurm_YYDPETGTWY_amber/replica_832/replica_832.pdb,outputs/only_random_strategy/slurm_YYDPETGTWY_amber/replica_832/replica_832_ca.pdb
15,313296782,random,YYDPETGTWY,amber,-70.5213162533781,4.085151159819441,13.4552614079552,5.363487412039617,5.508595556037851,4.848916770784997,1229.03,aer,4096,outputs/only_random_strategy/slurm_YYDPETGTWY_amber/replica_15/replica_15.pdb,outputs/only_random_strategy/slurm_YYDPETGTWY_amber/replica_15/replica_15_ca.pdb
930,313297697,random,YYDPETGTWY,amber,-101.06262477372104,4.089168073169092,16.124343079832165,5.9464603983979964,5.508595556037851,4.848916770784997,1341.67,aer,4096,outputs/only_random_strategy/slurm_YYDPETGTWY_amber/replica_930/replica_930.pdb,outputs/only_random_strategy/slurm_YYDPETGTWY_amber/replica_930/replica_930_ca.pdb
861,313297628,random,YYDPETGTWY,amber,13.440812632108049,4.089720154586163,13.955582871013037,5.74658708425154,5.508595556037851,4.848916770784997,1150.48,aer,4096,outputs/only_random_strategy/slurm_YYDPETGTWY_amber/replica_861/replica_861.pdb,outputs/only_random_strategy/slurm_YYDPETGTWY_amber/replica_861/replica_861_ca.pdb
12,313296779,random,YYDPETGTWY,amber,-107.49806459815288,4.089836525278233,15.902846690703345,5.835905152125637,5.508595556037851,4.848916770784997,1386.28,aer,4096,outputs/only_random_strategy/slurm_YYDPETGTWY_amber/replica_12/replica_12.pdb,outputs/only_random_strategy/slurm_YYDPETGTWY_amber/replica_12/replica_12_ca.pdb
590,313297357,random,YYDPETGTWY,amber,12.783033668949734,4.090008170369256,12.752738581586398,5.3932447086837,5.508595556037851,4.848916770784997,1382.29,aer,4096,outputs/only_random_strategy/slurm_YYDPETGTWY_amber/replica_590/replica_590.pdb,outputs/only_random_strategy/slurm_YYDPETGTWY_amber/replica_590/replica_590_ca.pdb
161,313296928,random,YYDPETGTWY,amber,79.3232857385738,4.091068903120305,13.274302850722858,5.520539971303152,5.508595556037851,4.848916770784997,1111.0,aer,4096,outputs/only_random_strategy/slurm_YYDPETGTWY_amber/replica_161/replica_161.pdb,outputs/only_random_strategy/slurm_YYDPETGTWY_amber/replica_161/replica_161_ca.pdb
125,313296892,random,YYDPETGTWY,amber,13.74549046213333,4.101370695070468,14.351366130998594,5.146368658777686,5.508595556037851,4.848916770784997,1171.8,aer,4096,outputs/only_random_strategy/slurm_YYDPETGTWY_amber/replica_125/replica_125.pdb,outputs/only_random_strategy/slurm_YYDPETGTWY_amber/replica_125/replica_125_ca.pdb
204,313296971,random,YYDPETGTWY,amber,-39.56028091940865,4.106703559798169,14.078055926612567,5.618497851667377,5.508595556037851,4.848916770784997,1358.1,aer,4096,outputs/only_random_strategy/slurm_YYDPETGTWY_amber/replica_204/replica_204.pdb,outputs/only_random_strategy/slurm_YYDPETGTWY_amber/replica_204/replica_204_ca.pdb
482,313297249,random,YYDPETGTWY,amber,-109.48275949466958,4.1131812741655756,13.882897663217083,5.070093621470315,5.508595556037851,4.848916770784997,1242.79,aer,4096,outputs/only_random_strategy/slurm_YYDPETGTWY_amber/replica_482/replica_482.pdb,outputs/only_random_strategy/slurm_YYDPETGTWY_amber/replica_482/replica_482_ca.pdb
560,313297327,random,YYDPETGTWY,amber,-1.693111105821938,4.118815241212095,13.425213304692882,5.343493177184656,5.508595556037851,4.848916770784997,1968.48,aer,4096,outputs/only_random_strategy/slurm_YYDPETGTWY_amber/replica_560/replica_560.pdb,outputs/only_random_strategy/slurm_YYDPETGTWY_amber/replica_560/replica_560_ca.pdb
353,313297120,random,YYDPETGTWY,amber,-101.93297847917825,4.127536700633477,16.100264221574307,5.868013610397562,5.508595556037851,4.848916770784997,1221.48,aer,4096,outputs/only_random_strategy/slurm_YYDPETGTWY_amber/replica_353/replica_353.pdb,outputs/only_random_strategy/slurm_YYDPETGTWY_amber/replica_353/replica_353_ca.pdb
131,313296898,random,YYDPETGTWY,amber,-40.27372183063473,4.131499073936602,12.741532482277112,5.371373107759241,5.508595556037851,4.848916770784997,1315.22,aer,4096,outputs/only_random_strategy/slurm_YYDPETGTWY_amber/replica_131/replica_131.pdb,outputs/only_random_strategy/slurm_YYDPETGTWY_amber/replica_131/replica_131_ca.pdb
268,313297035,random,YYDPETGTWY,amber,-68.42462355528171,4.133841022473165,10.232208021025434,4.713227170225561,5.508595556037851,4.848916770784997,1380.15,aer,4096,outputs/only_random_strategy/slurm_YYDPETGTWY_amber/replica_268/replica_268.pdb,outputs/only_random_strategy/slurm_YYDPETGTWY_amber/replica_268/replica_268_ca.pdb
785,313297552,random,YYDPETGTWY,amber,-31.67530399667828,4.143302952455582,13.27962991448901,5.557766531695254,5.508595556037851,4.848916770784997,1174.52,aer,4096,outputs/only_random_strategy/slurm_YYDPETGTWY_amber/replica_785/replica_785.pdb,outputs/only_random_strategy/slurm_YYDPETGTWY_amber/replica_785/replica_785_ca.pdb
282,313297049,random,YYDPETGTWY,amber,-13.206603363094038,4.1534344679655675,14.651647233152184,5.080464400104046,5.508595556037851,4.848916770784997,1215.7,aer,4096,outputs/only_random_strategy/slurm_YYDPETGTWY_amber/replica_282/replica_282.pdb,outputs/only_random_strategy/slurm_YYDPETGTWY_amber/replica_282/replica_282_ca.pdb
686,313297453,random,YYDPETGTWY,amber,-37.93364463525991,4.153438577606217,15.112208631889997,5.941689759230801,5.508595556037851,4.848916770784997,1414.41,aer,4096,outputs/only_random_strategy/slurm_YYDPETGTWY_amber/replica_686/replica_686.pdb,outputs/only_random_strategy/slurm_YYDPETGTWY_amber/replica_686/replica_686_ca.pdb
195,313296962,random,YYDPETGTWY,amber,-32.26964818990027,4.156939034261786,13.873348470644018,5.627478906589086,5.508595556037851,4.848916770784997,916.21,aer,4096,outputs/only_random_strategy/slurm_YYDPETGTWY_amber/replica_195/replica_195.pdb,outputs/only_random_strategy/slurm_YYDPETGTWY_amber/replica_195/replica_195_ca.pdb
340,313297107,random,YYDPETGTWY,amber,-10.081109065615346,4.160641931942768,12.830069275478412,5.131295394904124,5.508595556037851,4.848916770784997,1602.15,aer,4096,outputs/only_random_strategy/slurm_YYDPETGTWY_amber/replica_340/replica_340.pdb,outputs/only_random_strategy/slurm_YYDPETGTWY_amber/replica_340/replica_340_ca.pdb
493,313297260,random,YYDPETGTWY,amber,-48.12980881797997,4.162226584815933,13.190740406178543,5.556147886563718,5.508595556037851,4.848916770784997,1262.91,aer,4096,outputs/only_random_strategy/slurm_YYDPETGTWY_amber/replica_493/replica_493.pdb,outputs/only_random_strategy/slurm_YYDPETGTWY_amber/replica_493/replica_493_ca.pdb
88,313296855,random,YYDPETGTWY,amber,-17.35382473613446,4.164291699376982,15.322354275310898,5.616377386896898,5.508595556037851,4.848916770784997,1036.14,aer,4096,outputs/only_random_strategy/slurm_YYDPETGTWY_amber/replica_88/replica_88.pdb,outputs/only_random_strategy/slurm_YYDPETGTWY_amber/replica_88/replica_88_ca.pdb
222,313296989,random,YYDPETGTWY,amber,42.24472651248517,4.167868605914984,14.328069089416614,5.8424863983324515,5.508595556037851,4.848916770784997,1528.42,aer,4096,outputs/only_random_strategy/slurm_YYDPETGTWY_amber/replica_222/replica_222.pdb,outputs/only_random_strategy/slurm_YYDPETGTWY_amber/replica_222/replica_222_ca.pdb
801,313297568,random,YYDPETGTWY,amber,14.181637655584925,4.177728999056264,12.051297967212543,5.529561625533627,5.508595556037851,4.848916770784997,1269.79,aer,4096,outputs/only_random_strategy/slurm_YYDPETGTWY_amber/replica_801/replica_801.pdb,outputs/only_random_strategy/slurm_YYDPETGTWY_amber/replica_801/replica_801_ca.pdb
435,313297202,random,YYDPETGTWY,amber,-18.578882392325188,4.178516152179173,11.654510374564333,5.165374431392385,5.508595556037851,4.848916770784997,1662.81,aer,4096,outputs/only_random_strategy/slurm_YYDPETGTWY_amber/replica_435/replica_435.pdb,outputs/only_random_strategy/slurm_YYDPETGTWY_amber/replica_435/replica_435_ca.pdb
491,313297258,random,YYDPETGTWY,amber,-113.90388817351423,4.213935781302142,12.868950076115237,5.61515188817246,5.508595556037851,4.848916770784997,1433.53,aer,4096,outputs/only_random_strategy/slurm_YYDPETGTWY_amber/replica_491/replica_491.pdb,outputs/only_random_strategy/slurm_YYDPETGTWY_amber/replica_491/replica_491_ca.pdb
468,313297235,random,YYDPETGTWY,amber,-100.22987131579497,4.215832794112852,13.679789749400278,5.07937323824341,5.508595556037851,4.848916770784997,1144.82,aer,4096,outputs/only_random_strategy/slurm_YYDPETGTWY_amber/replica_468/replica_468.pdb,outputs/only_random_strategy/slurm_YYDPETGTWY_amber/replica_468/replica_468_ca.pdb
78,313296845,random,YYDPETGTWY,amber,-118.78348944437211,4.217211236352021,12.87915921228351,5.465660101813771,5.508595556037851,4.848916770784997,1115.02,aer,4096,outputs/only_random_strategy/slurm_YYDPETGTWY_amber/replica_78/replica_78.pdb,outputs/only_random_strategy/slurm_YYDPETGTWY_amber/replica_78/replica_78_ca.pdb
611,313297378,random,YYDPETGTWY,amber,-8.622663158821616,4.226402801386663,11.904203653108743,5.510912675942345,5.508595556037851,4.848916770784997,1670.88,aer,4096,outputs/only_random_strategy/slurm_YYDPETGTWY_amber/replica_611/replica_611.pdb,outputs/only_random_strategy/slurm_YYDPETGTWY_amber/replica_611/replica_611_ca.pdb
935,313297702,random,YYDPETGTWY,amber,2.2907364613779295,4.231797575020148,15.658066490922211,5.600726618125645,5.508595556037851,4.848916770784997,1507.43,aer,4096,outputs/only_random_strategy/slurm_YYDPETGTWY_amber/replica_935/replica_935.pdb,outputs/only_random_strategy/slurm_YYDPETGTWY_amber/replica_935/replica_935_ca.pdb
464,313297231,random,YYDPETGTWY,amber,-60.978477528907426,4.232508172880027,8.00569007813785,4.264923596500181,5.508595556037851,4.848916770784997,1302.72,aer,4096,outputs/only_random_strategy/slurm_YYDPETGTWY_amber/replica_464/replica_464.pdb,outputs/only_random_strategy/slurm_YYDPETGTWY_amber/replica_464/replica_464_ca.pdb
909,313297676,random,YYDPETGTWY,amber,-69.8577189135441,4.238100847686798,11.282018597597924,4.9835632323155235,5.508595556037851,4.848916770784997,1342.04,aer,4096,outputs/only_random_strategy/slurm_YYDPETGTWY_amber/replica_909/replica_909.pdb,outputs/only_random_strategy/slurm_YYDPETGTWY_amber/replica_909/replica_909_ca.pdb
937,313297704,random,YYDPETGTWY,amber,-60.330341897960075,4.242764716022949,16.40809488113086,5.728729315867093,5.508595556037851,4.848916770784997,1297.92,aer,4096,outputs/only_random_strategy/slurm_YYDPETGTWY_amber/replica_937/replica_937.pdb,outputs/only_random_strategy/slurm_YYDPETGTWY_amber/replica_937/replica_937_ca.pdb
97,313296864,random,YYDPETGTWY,amber,37.74684798632819,4.24718142885063,14.016017369867297,5.868700819353565,5.508595556037851,4.848916770784997,1364.41,aer,4096,outputs/only_random_strategy/slurm_YYDPETGTWY_amber/replica_97/replica_97.pdb,outputs/only_random_strategy/slurm_YYDPETGTWY_amber/replica_97/replica_97_ca.pdb
440,313297207,random,YYDPETGTWY,amber,-67.96394712799771,4.250079981861405,12.482262276143853,5.438576407421772,5.508595556037851,4.848916770784997,1574.21,aer,4096,outputs/only_random_strategy/slurm_YYDPETGTWY_amber/replica_440/replica_440.pdb,outputs/only_random_strategy/slurm_YYDPETGTWY_amber/replica_440/replica_440_ca.pdb
40,313296807,random,YYDPETGTWY,amber,-39.24304149734697,4.258191216349889,8.843500291100563,4.473978930490538,5.508595556037851,4.848916770784997,1286.33,aer,4096,outputs/only_random_strategy/slurm_YYDPETGTWY_amber/replica_40/replica_40.pdb,outputs/only_random_strategy/slurm_YYDPETGTWY_amber/replica_40/replica_40_ca.pdb
605,313297372,random,YYDPETGTWY,amber,-65.4094263196977,4.260364095146983,13.066183567518245,5.137245101416891,5.508595556037851,4.848916770784997,1493.64,aer,4096,outputs/only_random_strategy/slurm_YYDPETGTWY_amber/replica_605/replica_605.pdb,outputs/only_random_strategy/slurm_YYDPETGTWY_amber/replica_605/replica_605_ca.pdb
860,313297627,random,YYDPETGTWY,amber,0.7048885672121452,4.261052436359288,13.442407161262187,5.157843425958559,5.508595556037851,4.848916770784997,1291.52,aer,4096,outputs/only_random_strategy/slurm_YYDPETGTWY_amber/replica_860/replica_860.pdb,outputs/only_random_strategy/slurm_YYDPETGTWY_amber/replica_860/replica_860_ca.pdb
958,313297725,random,YYDPETGTWY,amber,-72.36971965906616,4.261616391043621,14.00361439567237,5.762810593280697,5.508595556037851,4.848916770784997,1707.1,aer,4096,outputs/only_random_strategy/slurm_YYDPETGTWY_amber/replica_958/replica_958.pdb,outputs/only_random_strategy/slurm_YYDPETGTWY_amber/replica_958/replica_958_ca.pdb
398,313297165,random,YYDPETGTWY,amber,-84.77603424951917,4.264193293906793,14.202310441718172,5.83321396672637,5.508595556037851,4.848916770784997,1509.76,aer,4096,outputs/only_random_strategy/slurm_YYDPETGTWY_amber/replica_398/replica_398.pdb,outputs/only_random_strategy/slurm_YYDPETGTWY_amber/replica_398/replica_398_ca.pdb
772,313297539,random,YYDPETGTWY,amber,-77.27721282350026,4.26925591225509,14.782089041675835,5.58100836730731,5.508595556037851,4.848916770784997,1472.95,aer,4096,outputs/only_random_strategy/slurm_YYDPETGTWY_amber/replica_772/replica_772.pdb,outputs/only_random_strategy/slurm_YYDPETGTWY_amber/replica_772/replica_772_ca.pdb
852,313297619,random,YYDPETGTWY,amber,-4.6028525735903365,4.274656972400715,15.847060149684689,5.865195675914772,5.508595556037851,4.848916770784997,1120.28,aer,4096,outputs/only_random_strategy/slurm_YYDPETGTWY_amber/replica_852/replica_852.pdb,outputs/only_random_strategy/slurm_YYDPETGTWY_amber/replica_852/replica_852_ca.pdb
665,313297432,random,YYDPETGTWY,amber,-4.590928164477804,4.276981759057142,13.010395894233579,5.52270240147942,5.508595556037851,4.848916770784997,1220.93,aer,4096,outputs/only_random_strategy/slurm_YYDPETGTWY_amber/replica_665/replica_665.pdb,outputs/only_random_strategy/slurm_YYDPETGTWY_amber/replica_665/replica_665_ca.pdb
857,313297624,random,YYDPETGTWY,amber,-40.30902069499194,4.277952198409879,13.59005724205352,5.739704867239563,5.508595556037851,4.848916770784997,1250.73,aer,4096,outputs/only_random_strategy/slurm_YYDPETGTWY_amber/replica_857/replica_857.pdb,outputs/only_random_strategy/slurm_YYDPETGTWY_amber/replica_857/replica_857_ca.pdb
813,313297580,random,YYDPETGTWY,amber,2.2965708643862874,4.278392869803835,12.05947652543118,5.444540000388822,5.508595556037851,4.848916770784997,1422.41,aer,4096,outputs/only_random_strategy/slurm_YYDPETGTWY_amber/replica_813/replica_813.pdb,outputs/only_random_strategy/slurm_YYDPETGTWY_amber/replica_813/replica_813_ca.pdb
74,313296841,random,YYDPETGTWY,amber,5.004312508928338,4.2851422057971655,11.721000171118932,5.211353280365769,5.508595556037851,4.848916770784997,1812.34,aer,4096,outputs/only_random_strategy/slurm_YYDPETGTWY_amber/replica_74/replica_74.pdb,outputs/only_random_strategy/slurm_YYDPETGTWY_amber/replica_74/replica_74_ca.pdb
572,313297339,random,YYDPETGTWY,amber,-7.5889963392294915,4.2867284334000395,13.848530860328216,5.768101584108757,5.508595556037851,4.848916770784997,1326.16,aer,4096,outputs/only_random_strategy/slurm_YYDPETGTWY_amber/replica_572/replica_572.pdb,outputs/only_random_strategy/slurm_YYDPETGTWY_amber/replica_572/replica_572_ca.pdb
800,313297567,random,YYDPETGTWY,amber,-87.10346358589965,4.290055181264442,14.5707338286762,5.585112436188533,5.508595556037851,4.848916770784997,1856.38,aer,4096,outputs/only_random_strategy/slurm_YYDPETGTWY_amber/replica_800/replica_800.pdb,outputs/only_random_strategy/slurm_YYDPETGTWY_amber/replica_800/replica_800_ca.pdb
819,313297586,random,YYDPETGTWY,amber,-24.70402063567794,4.290266148821706,14.155102747036086,5.8403399677409364,5.508595556037851,4.848916770784997,1285.97,aer,4096,outputs/only_random_strategy/slurm_YYDPETGTWY_amber/replica_819/replica_819.pdb,outputs/only_random_strategy/slurm_YYDPETGTWY_amber/replica_819/replica_819_ca.pdb
822,313297589,random,YYDPETGTWY,amber,-66.87829443725218,4.290845225585308,12.980653248059868,5.469235705470505,5.508595556037851,4.848916770784997,1286.37,aer,4096,outputs/only_random_strategy/slurm_YYDPETGTWY_amber/replica_822/replica_822.pdb,outputs/only_random_strategy/slurm_YYDPETGTWY_amber/replica_822/replica_822_ca.pdb
952,313297719,random,YYDPETGTWY,amber,-3.7337724650301127,4.294518208931261,15.658702974952552,5.769827533179111,5.508595556037851,4.848916770784997,1346.15,aer,4096,outputs/only_random_strategy/slurm_YYDPETGTWY_amber/replica_952/replica_952.pdb,outputs/only_random_strategy/slurm_YYDPETGTWY_amber/replica_952/replica_952_ca.pdb
660,313297427,random,YYDPETGTWY,amber,2.613051031369401,4.2959097109886235,14.209529431722197,5.726232045482332,5.508595556037851,4.848916770784997,1377.98,aer,4096,outputs/only_random_strategy/slurm_YYDPETGTWY_amber/replica_660/replica_660.pdb,outputs/only_random_strategy/slurm_YYDPETGTWY_amber/replica_660/replica_660_ca.pdb
532,313297299,random,YYDPETGTWY,amber,-25.233196585016366,4.302344364931208,13.737249482357965,5.037327171318307,5.508595556037851,4.848916770784997,1285.24,aer,4096,outputs/only_random_strategy/slurm_YYDPETGTWY_amber/replica_532/replica_532.pdb,outputs/only_random_strategy/slurm_YYDPETGTWY_amber/replica_532/replica_532_ca.pdb
389,313297156,random,YYDPETGTWY,amber,-44.33034633841641,4.306211644248028,14.32386785698535,5.4931033087225405,5.508595556037851,4.848916770784997,2257.77,aer,4096,outputs/only_random_strategy/slurm_YYDPETGTWY_amber/replica_389/replica_389.pdb,outputs/only_random_strategy/slurm_YYDPETGTWY_amber/replica_389/replica_389_ca.pdb
57,313296824,random,YYDPETGTWY,amber,521.1593050305569,4.307705426488689,12.055037401019309,5.447207714142563,5.508595556037851,4.848916770784997,1037.0,aer,4096,outputs/only_random_strategy/slurm_YYDPETGTWY_amber/replica_57/replica_57.pdb,outputs/only_random_strategy/slurm_YYDPETGTWY_amber/replica_57/replica_57_ca.pdb
993,313297760,random,YYDPETGTWY,amber,-24.48166271832696,4.3134762753499585,15.314589827059105,6.020715373640237,5.508595556037851,4.848916770784997,979.04,aer,4096,outputs/only_random_strategy/slurm_YYDPETGTWY_amber/replica_993/replica_993.pdb,outputs/only_random_strategy/slurm_YYDPETGTWY_amber/replica_993/replica_993_ca.pdb
100,313296867,random,YYDPETGTWY,amber,-56.75356350560604,4.315256108771922,15.89288076207951,5.643183563784091,5.508595556037851,4.848916770784997,1517.32,aer,4096,outputs/only_random_strategy/slurm_YYDPETGTWY_amber/replica_100/replica_100.pdb,outputs/only_random_strategy/slurm_YYDPETGTWY_amber/replica_100/replica_100_ca.pdb
289,313297056,random,YYDPETGTWY,amber,-80.6879262141186,4.319018807478741,16.2261021339033,5.744494722489675,5.508595556037851,4.848916770784997,1200.02,aer,4096,outputs/only_random_strategy/slurm_YYDPETGTWY_amber/replica_289/replica_289.pdb,outputs/only_random_strategy/slurm_YYDPETGTWY_amber/replica_289/replica_289_ca.pdb
847,313297614,random,YYDPETGTWY,amber,-72.4695627306414,4.3245010104964114,14.928210674652421,5.780834482518713,5.508595556037851,4.848916770784997,1405.18,aer,4096,outputs/only_random_strategy/slurm_YYDPETGTWY_amber/replica_847/replica_847.pdb,outputs/only_random_strategy/slurm_YYDPETGTWY_amber/replica_847/replica_847_ca.pdb
256,313297023,random,YYDPETGTWY,amber,-19.131228866759088,4.333073112359554,14.099833922497625,5.4631847982753134,5.508595556037851,4.848916770784997,2443.74,aer,4096,outputs/only_random_strategy/slurm_YYDPETGTWY_amber/replica_256/replica_256.pdb,outputs/only_random_strategy/slurm_YYDPETGTWY_amber/replica_256/replica_256_ca.pdb
291,313297058,random,YYDPETGTWY,amber,-74.99707822231652,4.334756380840681,14.464774648333448,5.186443906588878,5.508595556037851,4.848916770784997,1291.79,aer,4096,outputs/only_random_strategy/slurm_YYDPETGTWY_amber/replica_291/replica_291.pdb,outputs/only_random_strategy/slurm_YYDPETGTWY_amber/replica_291/replica_291_ca.pdb
734,313297501,random,YYDPETGTWY,amber,-37.44392433765055,4.335242355702381,13.825126828919943,5.260501058998663,5.508595556037851,4.848916770784997,1298.78,aer,4096,outputs/only_random_strategy/slurm_YYDPETGTWY_amber/replica_734/replica_734.pdb,outputs/only_random_strategy/slurm_YYDPETGTWY_amber/replica_734/replica_734_ca.pdb
196,313296963,random,YYDPETGTWY,amber,-104.37166199023983,4.335274519039621,14.375976623828967,6.017947993108325,5.508595556037851,4.848916770784997,1268.9,aer,4096,outputs/only_random_strategy/slurm_YYDPETGTWY_amber/replica_196/replica_196.pdb,outputs/only_random_strategy/slurm_YYDPETGTWY_amber/replica_196/replica_196_ca.pdb
973,313297740,random,YYDPETGTWY,amber,32.10944362647748,4.335412633307622,14.411170536486486,5.588042522236328,5.508595556037851,4.848916770784997,1414.66,aer,4096,outputs/only_random_strategy/slurm_YYDPETGTWY_amber/replica_973/replica_973.pdb,outputs/only_random_strategy/slurm_YYDPETGTWY_amber/replica_973/replica_973_ca.pdb
59,313296826,random,YYDPETGTWY,amber,-45.4689076448716,4.336640790717536,16.448374491093595,5.8338963496083736,5.508595556037851,4.848916770784997,1806.65,aer,4096,outputs/only_random_strategy/slurm_YYDPETGTWY_amber/replica_59/replica_59.pdb,outputs/only_random_strategy/slurm_YYDPETGTWY_amber/replica_59/replica_59_ca.pdb
504,313297271,random,YYDPETGTWY,amber,-141.98962420711868,4.337443146020918,15.320294190103349,5.489681584276711,5.508595556037851,4.848916770784997,1562.36,aer,4096,outputs/only_random_strategy/slurm_YYDPETGTWY_amber/replica_504/replica_504.pdb,outputs/only_random_strategy/slurm_YYDPETGTWY_amber/replica_504/replica_504_ca.pdb
992,313297759,random,YYDPETGTWY,amber,-109.6152847218229,4.353394952476018,16.245839313756022,5.824193510079293,5.508595556037851,4.848916770784997,1290.18,aer,4096,outputs/only_random_strategy/slurm_YYDPETGTWY_amber/replica_992/replica_992.pdb,outputs/only_random_strategy/slurm_YYDPETGTWY_amber/replica_992/replica_992_ca.pdb
704,313297471,random,YYDPETGTWY,amber,17.279667958543044,4.355797319826588,13.19451125916389,5.766645615697486,5.508595556037851,4.848916770784997,1444.69,aer,4096,outputs/only_random_strategy/slurm_YYDPETGTWY_amber/replica_704/replica_704.pdb,outputs/only_random_strategy/slurm_YYDPETGTWY_amber/replica_704/replica_704_ca.pdb
50,313296817,random,YYDPETGTWY,amber,-37.248836228560705,4.36843920400638,14.03586753017795,5.802852881499288,5.508595556037851,4.848916770784997,1166.41,aer,4096,outputs/only_random_strategy/slurm_YYDPETGTWY_amber/replica_50/replica_50.pdb,outputs/only_random_strategy/slurm_YYDPETGTWY_amber/replica_50/replica_50_ca.pdb
710,313297477,random,YYDPETGTWY,amber,-27.820906195281953,4.369292962761642,17.336795720431493,5.877932419846559,5.508595556037851,4.848916770784997,1406.1,aer,4096,outputs/only_random_strategy/slurm_YYDPETGTWY_amber/replica_710/replica_710.pdb,outputs/only_random_strategy/slurm_YYDPETGTWY_amber/replica_710/replica_710_ca.pdb
653,313297420,random,YYDPETGTWY,amber,20.680798042581596,4.370110378427886,13.792196445898574,4.979373046887873,5.508595556037851,4.848916770784997,1518.8,aer,4096,outputs/only_random_strategy/slurm_YYDPETGTWY_amber/replica_653/replica_653.pdb,outputs/only_random_strategy/slurm_YYDPETGTWY_amber/replica_653/replica_653_ca.pdb
547,313297314,random,YYDPETGTWY,amber,3.6452748200029754,4.37933111084175,13.363710042709723,5.57279571945853,5.508595556037851,4.848916770784997,1244.2,aer,4096,outputs/only_random_strategy/slurm_YYDPETGTWY_amber/replica_547/replica_547.pdb,outputs/only_random_strategy/slurm_YYDPETGTWY_amber/replica_547/replica_547_ca.pdb
309,313297076,random,YYDPETGTWY,amber,-95.10265871690477,4.383828767603501,15.176980344264905,5.502704776779915,5.508595556037851,4.848916770784997,1318.39,aer,4096,outputs/only_random_strategy/slurm_YYDPETGTWY_amber/replica_309/replica_309.pdb,outputs/only_random_strategy/slurm_YYDPETGTWY_amber/replica_309/replica_309_ca.pdb
246,313297013,random,YYDPETGTWY,amber,-118.462748861511,4.3848246877937,16.099908145996626,5.894147806681907,5.508595556037851,4.848916770784997,1622.11,aer,4096,outputs/only_random_strategy/slurm_YYDPETGTWY_amber/replica_246/replica_246.pdb,outputs/only_random_strategy/slurm_YYDPETGTWY_amber/replica_246/replica_246_ca.pdb
118,313296885,random,YYDPETGTWY,amber,31.176657160681884,4.387307147898505,15.688837870438729,5.816177781212605,5.508595556037851,4.848916770784997,1273.37,aer,4096,outputs/only_random_strategy/slurm_YYDPETGTWY_amber/replica_118/replica_118.pdb,outputs/only_random_strategy/slurm_YYDPETGTWY_amber/replica_118/replica_118_ca.pdb
361,313297128,random,YYDPETGTWY,amber,-88.90500070024653,4.39490705257758,13.2091593166521,5.0108715363789065,5.508595556037851,4.848916770784997,1075.44,aer,4096,outputs/only_random_strategy/slurm_YYDPETGTWY_amber/replica_361/replica_361.pdb,outputs/only_random_strategy/slurm_YYDPETGTWY_amber/replica_361/replica_361_ca.pdb
2,313296769,random,YYDPETGTWY,amber,-46.85653435207018,4.396249229120156,14.396722344846468,5.554420368939176,5.508595556037851,4.848916770784997,1169.87,aer,4096,outputs/only_random_strategy/slurm_YYDPETGTWY_amber/replica_2/replica_2.pdb,outputs/only_random_strategy/slurm_YYDPETGTWY_amber/replica_2/replica_2_ca.pdb
513,313297280,random,YYDPETGTWY,amber,-47.182513683007365,4.401436537004731,8.644128099979955,4.311329038344246,5.508595556037851,4.848916770784997,1078.07,aer,4096,outputs/only_random_strategy/slurm_YYDPETGTWY_amber/replica_513/replica_513.pdb,outputs/only_random_strategy/slurm_YYDPETGTWY_amber/replica_513/replica_513_ca.pdb
221,313296988,random,YYDPETGTWY,amber,139.9667114449131,4.406347178498098,15.750975214066898,5.982053938040138,5.508595556037851,4.848916770784997,1364.46,aer,4096,outputs/only_random_strategy/slurm_YYDPETGTWY_amber/replica_221/replica_221.pdb,outputs/only_random_strategy/slurm_YYDPETGTWY_amber/replica_221/replica_221_ca.pdb
641,313297408,random,YYDPETGTWY,amber,-20.369330838386315,4.410266451030638,14.231882733980743,5.709919258460484,5.508595556037851,4.848916770784997,887.13,aer,4096,outputs/only_random_strategy/slurm_YYDPETGTWY_amber/replica_641/replica_641.pdb,outputs/only_random_strategy/slurm_YYDPETGTWY_amber/replica_641/replica_641_ca.pdb
753,313297520,random,YYDPETGTWY,amber,21.30346217007246,4.41185724159351,12.33211017958661,5.466716306478432,5.508595556037851,4.848916770784997,1065.74,aer,4096,outputs/only_random_strategy/slurm_YYDPETGTWY_amber/replica_753/replica_753.pdb,outputs/only_random_strategy/slurm_YYDPETGTWY_amber/replica_753/replica_753_ca.pdb
139,313296906,random,YYDPETGTWY,amber,600.4266757842016,4.412135628769682,15.341037118121191,5.760019193672815,5.508595556037851,4.848916770784997,1037.36,aer,4096,outputs/only_random_strategy/slurm_YYDPETGTWY_amber/replica_139/replica_139.pdb,outputs/only_random_strategy/slurm_YYDPETGTWY_amber/replica_139/replica_139_ca.pdb
628,313297395,random,YYDPETGTWY,amber,12.514967343721803,4.412329832198081,12.788625047849425,5.539832289744309,5.508595556037851,4.848916770784997,1675.72,aer,4096,outputs/only_random_strategy/slurm_YYDPETGTWY_amber/replica_628/replica_628.pdb,outputs/only_random_strategy/slurm_YYDPETGTWY_amber/replica_628/replica_628_ca.pdb
703,313297470,random,YYDPETGTWY,amber,-84.34848478999052,4.416929694196236,17.24910702043576,5.882071548652757,5.508595556037851,4.848916770784997,1489.52,aer,4096,outputs/only_random_strategy/slurm_YYDPETGTWY_amber/replica_703/replica_703.pdb,outputs/only_random_strategy/slurm_YYDPETGTWY_amber/replica_703/replica_703_ca.pdb
466,313297233,random,YYDPETGTWY,amber,-111.79430295495116,4.425621728988579,14.355903054828524,5.516823063142567,5.508595556037851,4.848916770784997,1411.26,aer,4096,outputs/only_random_strategy/slurm_YYDPETGTWY_amber/replica_466/replica_466.pdb,outputs/only_random_strategy/slurm_YYDPETGTWY_amber/replica_466/replica_466_ca.pdb
549,313297316,random,YYDPETGTWY,amber,-51.27279929563178,4.425843448149923,14.45861858733292,5.58117478538118,5.508595556037851,4.848916770784997,1281.49,aer,4096,outputs/only_random_strategy/slurm_YYDPETGTWY_amber/replica_549/replica_549.pdb,outputs/only_random_strategy/slurm_YYDPETGTWY_amber/replica_549/replica_549_ca.pdb
337,313297104,random,YYDPETGTWY,amber,-100.76162413170168,4.430405335077548,14.147823579867149,5.74073485150994,5.508595556037851,4.848916770784997,1129.67,aer,4096,outputs/only_random_strategy/slurm_YYDPETGTWY_amber/replica_337/replica_337.pdb,outputs/only_random_strategy/slurm_YYDPETGTWY_amber/replica_337/replica_337_ca.pdb
544,313297311,random,YYDPETGTWY,amber,624.3621491909139,4.431861297867745,16.018241070580828,5.8985461136668,5.508595556037851,4.848916770784997,904.82,aer,4096,outputs/only_random_strategy/slurm_YYDPETGTWY_amber/replica_544/replica_544.pdb,outputs/only_random_strategy/slurm_YYDPETGTWY_amber/replica_544/replica_544_ca.pdb
116,313296883,random,YYDPETGTWY,amber,-24.603439608981635,4.433012106992038,11.98108918750469,5.5162863496765695,5.508595556037851,4.848916770784997,1125.41,aer,4096,outputs/only_random_strategy/slurm_YYDPETGTWY_amber/replica_116/replica_116.pdb,outputs/only_random_strategy/slurm_YYDPETGTWY_amber/replica_116/replica_116_ca.pdb
4,313296771,random,YYDPETGTWY,amber,-57.88192215881222,4.445771555442801,15.328207278256482,5.495122743342534,5.508595556037851,4.848916770784997,1565.33,aer,4096,outputs/only_random_strategy/slurm_YYDPETGTWY_amber/replica_4/replica_4.pdb,outputs/only_random_strategy/slurm_YYDPETGTWY_amber/replica_4/replica_4_ca.pdb
471,313297238,random,YYDPETGTWY,amber,-6.670398258218965,4.447262106407987,13.704333628918839,5.823241636053977,5.508595556037851,4.848916770784997,1552.74,aer,4096,outputs/only_random_strategy/slurm_YYDPETGTWY_amber/replica_471/replica_471.pdb,outputs/only_random_strategy/slurm_YYDPETGTWY_amber/replica_471/replica_471_ca.pdb
814,313297581,random,YYDPETGTWY,amber,991.4120952513495,4.451731875703419,16.008518998332676,5.9369712617151045,5.508595556037851,4.848916770784997,1384.01,aer,4096,outputs/only_random_strategy/slurm_YYDPETGTWY_amber/replica_814/replica_814.pdb,outputs/only_random_strategy/slurm_YYDPETGTWY_amber/replica_814/replica_814_ca.pdb
306,313297073,random,YYDPETGTWY,amber,57.41997787981699,4.454349961234204,11.637316304476109,4.967805093668008,5.508595556037851,4.848916770784997,1524.86,aer,4096,outputs/only_random_strategy/slurm_YYDPETGTWY_amber/replica_306/replica_306.pdb,outputs/only_random_strategy/slurm_YYDPETGTWY_amber/replica_306/replica_306_ca.pdb
46,313296813,random,YYDPETGTWY,amber,-0.436108623281262,4.455314483312827,15.723018618963648,5.84193871895712,5.508595556037851,4.848916770784997,1587.14,aer,4096,outputs/only_random_strategy/slurm_YYDPETGTWY_amber/replica_46/replica_46.pdb,outputs/only_random_strategy/slurm_YYDPETGTWY_amber/replica_46/replica_46_ca.pdb
266,313297033,random,YYDPETGTWY,amber,-22.13064675293254,4.4584972777140495,12.048623645884238,5.234552379320784,5.508595556037851,4.848916770784997,1521.36,aer,4096,outputs/only_random_strategy/slurm_YYDPETGTWY_amber/replica_266/replica_266.pdb,outputs/only_random_strategy/slurm_YYDPETGTWY_amber/replica_266/replica_266_ca.pdb
901,313297668,random,YYDPETGTWY,amber,-54.937584883792915,4.460700540816128,16.4258858568292,5.855641700104122,5.508595556037851,4.848916770784997,1089.28,aer,4096,outputs/only_random_strategy/slurm_YYDPETGTWY_amber/replica_901/replica_901.pdb,outputs/only_random_strategy/slurm_YYDPETGTWY_amber/replica_901/replica_901_ca.pdb
747,313297514,random,YYDPETGTWY,amber,34.34625473305372,4.463091501678963,13.320266411298476,5.478515527016535,5.508595556037851,4.848916770784997,1154.64,aer,4096,outputs/only_random_strategy/slurm_YYDPETGTWY_amber/replica_747/replica_747.pdb,outputs/only_random_strategy/slurm_YYDPETGTWY_amber/replica_747/replica_747_ca.pdb
450,313297217,random,YYDPETGTWY,amber,-104.57735381574558,4.463971564304051,13.408618345551394,5.461790136370396,5.508595556037851,4.848916770784997,1423.75,aer,4096,outputs/only_random_strategy/slurm_YYDPETGTWY_amber/replica_450/replica_450.pdb,outputs/only_random_strategy/slurm_YYDPETGTWY_amber/replica_450/replica_450_ca.pdb
968,313297735,random,YYDPETGTWY,amber,39.754650853400165,4.464732554442442,13.110581195221569,5.649266628837606,5.508595556037851,4.848916770784997,1466.32,aer,4096,outputs/only_random_strategy/slurm_YYDPETGTWY_amber/replica_968/replica_968.pdb,outputs/only_random_strategy/slurm_YYDPETGTWY_amber/replica_968/replica_968_ca.pdb
614,313297381,random,YYDPETGTWY,amber,-8.925697072154692,4.468058784124145,15.390905266847042,5.642164593858268,5.508595556037851,4.848916770784997,1355.94,aer,4096,outputs/only_random_strategy/slurm_YYDPETGTWY_amber/replica_614/replica_614.pdb,outputs/only_random_strategy/slurm_YYDPETGTWY_amber/replica_614/replica_614_ca.pdb
298,313297065,random,YYDPETGTWY,amber,-84.35665268515372,4.468071915374246,15.176359143908467,5.967357809186636,5.508595556037851,4.848916770784997,1378.21,aer,4096,outputs/only_random_strategy/slurm_YYDPETGTWY_amber/replica_298/replica_298.pdb,outputs/only_random_strategy/slurm_YYDPETGTWY_amber/replica_298/replica_298_ca.pdb
407,313297174,random,YYDPETGTWY,amber,-23.002132984578807,4.468817622153375,12.589723109820277,5.123473806502707,5.508595556037851,4.848916770784997,871.0,aer,4096,outputs/only_random_strategy/slurm_YYDPETGTWY_amber/replica_407/replica_407.pdb,outputs/only_random_strategy/slurm_YYDPETGTWY_amber/replica_407/replica_407_ca.pdb
998,313297765,random,YYDPETGTWY,amber,61.188018199973676,4.473177365764736,16.538913027268634,5.894428920314285,5.508595556037851,4.848916770784997,1143.57,aer,4096,outputs/only_random_strategy/slurm_YYDPETGTWY_amber/replica_998/replica_998.pdb,outputs/only_random_strategy/slurm_YYDPETGTWY_amber/replica_998/replica_998_ca.pdb
820,313297587,random,YYDPETGTWY,amber,-5.857695183341372,4.474935295062361,12.46527065994057,4.757822884847185,5.508595556037851,4.848916770784997,1264.99,aer,4096,outputs/only_random_strategy/slurm_YYDPETGTWY_amber/replica_820/replica_820.pdb,outputs/only_random_strategy/slurm_YYDPETGTWY_amber/replica_820/replica_820_ca.pdb
989,313297756,random,YYDPETGTWY,amber,-56.39914461291426,4.4801476965929785,12.684730440481239,5.136512903149097,5.508595556037851,4.848916770784997,1279.35,aer,4096,outputs/only_random_strategy/slurm_YYDPETGTWY_amber/replica_989/replica_989.pdb,outputs/only_random_strategy/slurm_YYDPETGTWY_amber/replica_989/replica_989_ca.pdb
324,313297091,random,YYDPETGTWY,amber,-46.26142069459682,4.48483892108744,12.700422792167991,5.132314305128215,5.508595556037851,4.848916770784997,1888.32,aer,4096,outputs/only_random_strategy/slurm_YYDPETGTWY_amber/replica_324/replica_324.pdb,outputs/only_random_strategy/slurm_YYDPETGTWY_amber/replica_324/replica_324_ca.pdb
679,313297446,random,YYDPETGTWY,amber,-66.37977130912235,4.485499760216883,14.166532772635492,5.807796738270635,5.508595556037851,4.848916770784997,1747.22,aer,4096,outputs/only_random_strategy/slurm_YYDPETGTWY_amber/replica_679/replica_679.pdb,outputs/only_random_strategy/slurm_YYDPETGTWY_amber/replica_679/replica_679_ca.pdb
543,313297310,random,YYDPETGTWY,amber,-53.59587537999289,4.485683636464959,14.242689243218596,5.793220189078484,5.508595556037851,4.848916770784997,1359.66,aer,4096,outputs/only_random_strategy/slurm_YYDPETGTWY_amber/replica_543/replica_543.pdb,outputs/only_random_strategy/slurm_YYDPETGTWY_amber/replica_543/replica_543_ca.pdb
32,313296799,random,YYDPETGTWY,amber,197.84135675782267,4.487359527618433,15.001010559957937,5.891662319012474,5.508595556037851,4.848916770784997,872.76,aer,4096,outputs/only_random_strategy/slurm_YYDPETGTWY_amber/replica_32/replica_32.pdb,outputs/only_random_strategy/slurm_YYDPETGTWY_amber/replica_32/replica_32_ca.pdb
941,313297708,random,YYDPETGTWY,amber,-58.94176760999909,4.4883528441807075,14.920168174491803,5.798966178111217,5.508595556037851,4.848916770784997,1242.93,aer,4096,outputs/only_random_strategy/slurm_YYDPETGTWY_amber/replica_941/replica_941.pdb,outputs/only_random_strategy/slurm_YYDPETGTWY_amber/replica_941/replica_941_ca.pdb
144,313296911,random,YYDPETGTWY,amber,59.91359352750443,4.491404232325513,14.294319721740381,5.340512565700141,5.508595556037851,4.848916770784997,1651.55,aer,4096,outputs/only_random_strategy/slurm_YYDPETGTWY_amber/replica_144/replica_144.pdb,outputs/only_random_strategy/slurm_YYDPETGTWY_amber/replica_144/replica_144_ca.pdb
186,313296953,random,YYDPETGTWY,amber,-91.94462248605353,4.493392534512805,14.09158701340801,5.860270591555068,5.508595556037851,4.848916770784997,1562.05,aer,4096,outputs/only_random_strategy/slurm_YYDPETGTWY_amber/replica_186/replica_186.pdb,outputs/only_random_strategy/slurm_YYDPETGTWY_amber/replica_186/replica_186_ca.pdb
723,313297490,random,YYDPETGTWY,amber,354.9584325396417,4.493761495167248,14.669869712829708,5.586568745125128,5.508595556037851,4.848916770784997,1414.77,aer,4096,outputs/only_random_strategy/slurm_YYDPETGTWY_amber/replica_723/replica_723.pdb,outputs/only_random_strategy/slurm_YYDPETGTWY_amber/replica_723/replica_723_ca.pdb
126,313296893,random,YYDPETGTWY,amber,25.16421214514239,4.4954470386669545,15.661555380144408,5.472229750656539,5.508595556037851,4.848916770784997,1289.51,aer,4096,outputs/only_random_strategy/slurm_YYDPETGTWY_amber/replica_126/replica_126.pdb,outputs/only_random_strategy/slurm_YYDPETGTWY_amber/replica_126/replica_126_ca.pdb
305,313297072,random,YYDPETGTWY,amber,-40.50587939226719,4.495678142237566,13.418743531783385,5.498766658420301,5.508595556037851,4.848916770784997,1281.65,aer,4096,outputs/only_random_strategy/slurm_YYDPETGTWY_amber/replica_305/replica_305.pdb,outputs/only_random_strategy/slurm_YYDPETGTWY_amber/replica_305/replica_305_ca.pdb
454,313297221,random,YYDPETGTWY,amber,489.515999356348,4.499392478117419,16.688727319414223,6.013238773438338,5.508595556037851,4.848916770784997,1200.25,aer,4096,outputs/only_random_strategy/slurm_YYDPETGTWY_amber/replica_454/replica_454.pdb,outputs/only_random_strategy/slurm_YYDPETGTWY_amber/replica_454/replica_454_ca.pdb
762,313297529,random,YYDPETGTWY,amber,3.562778552434718,4.501116721482425,14.099983301744068,5.687721300135482,5.508595556037851,4.848916770784997,1323.27,aer,4096,outputs/only_random_strategy/slurm_YYDPETGTWY_amber/replica_762/replica_762.pdb,outputs/only_random_strategy/slurm_YYDPETGTWY_amber/replica_762/replica_762_ca.pdb
69,313296836,random,YYDPETGTWY,amber,-32.334112775792924,4.5017175840463315,12.782779792198223,5.770929639816959,5.508595556037851,4.848916770784997,1346.9,aer,4096,outputs/only_random_strategy/slurm_YYDPETGTWY_amber/replica_69/replica_69.pdb,outputs/only_random_strategy/slurm_YYDPETGTWY_amber/replica_69/replica_69_ca.pdb
283,313297050,random,YYDPETGTWY,amber,120.00677260719597,4.507173001182538,13.512592082050114,4.982381760541043,5.508595556037851,4.848916770784997,1196.69,aer,4096,outputs/only_random_strategy/slurm_YYDPETGTWY_amber/replica_283/replica_283.pdb,outputs/only_random_strategy/slurm_YYDPETGTWY_amber/replica_283/replica_283_ca.pdb
360,313297127,random,YYDPETGTWY,amber,77.88083683830813,4.508208550839342,15.575805613700656,5.647181260505298,5.508595556037851,4.848916770784997,1483.49,aer,4096,outputs/only_random_strategy/slurm_YYDPETGTWY_amber/replica_360/replica_360.pdb,outputs/only_random_strategy/slurm_YYDPETGTWY_amber/replica_360/replica_360_ca.pdb
30,313296797,random,YYDPETGTWY,amber,-30.342471766251563,4.508452352293145,17.673523235419715,6.068146022992574,5.508595556037851,4.848916770784997,1647.52,aer,4096,outputs/only_random_strategy/slurm_YYDPETGTWY_amber/replica_30/replica_30.pdb,outputs/only_random_strategy/slurm_YYDPETGTWY_amber/replica_30/replica_30_ca.pdb
517,313297284,random,YYDPETGTWY,amber,-10.88864580435224,4.50903525678492,14.009000706674913,5.361621524324102,5.508595556037851,4.848916770784997,1183.44,aer,4096,outputs/only_random_strategy/slurm_YYDPETGTWY_amber/replica_517/replica_517.pdb,outputs/only_random_strategy/slurm_YYDPETGTWY_amber/replica_517/replica_517_ca.pdb
739,313297506,random,YYDPETGTWY,amber,-104.0051170533319,4.516517085735761,14.154650961609338,5.6521552963349,5.508595556037851,4.848916770784997,1942.16,aer,4096,outputs/only_random_strategy/slurm_YYDPETGTWY_amber/replica_739/replica_739.pdb,outputs/only_random_strategy/slurm_YYDPETGTWY_amber/replica_739/replica_739_ca.pdb
257,313297024,random,YYDPETGTWY,amber,-36.76892229008907,4.526354463491149,15.384749799386926,5.548270390522202,5.508595556037851,4.848916770784997,1189.12,aer,4096,outputs/only_random_strategy/slurm_YYDPETGTWY_amber/replica_257/replica_257.pdb,outputs/only_random_strategy/slurm_YYDPETGTWY_amber/replica_257/replica_257_ca.pdb
769,313297536,random,YYDPETGTWY,amber,-0.4507390342263171,4.526376861609818,12.55651750894085,5.11416344266566,5.508595556037851,4.848916770784997,1140.41,aer,4096,outputs/only_random_strategy/slurm_YYDPETGTWY_amber/replica_769/replica_769.pdb,outputs/only_random_strategy/slurm_YYDPETGTWY_amber/replica_769/replica_769_ca.pdb
883,313297650,random,YYDPETGTWY,amber,-58.229950765076474,4.5309996335897,16.772760681154363,5.923551058886249,5.508595556037851,4.848916770784997,1099.47,aer,4096,outputs/only_random_strategy/slurm_YYDPETGTWY_amber/replica_883/replica_883.pdb,outputs/only_random_strategy/slurm_YYDPETGTWY_amber/replica_883/replica_883_ca.pdb
778,313297545,random,YYDPETGTWY,amber,-114.62881231531543,4.532658386628935,14.524040316042555,6.054502051345021,5.508595556037851,4.848916770784997,1437.14,aer,4096,outputs/only_random_strategy/slurm_YYDPETGTWY_amber/replica_778/replica_778.pdb,outputs/only_random_strategy/slurm_YYDPETGTWY_amber/replica_778/replica_778_ca.pdb
154,313296921,random,YYDPETGTWY,amber,-129.47326166609326,4.536833010767556,13.576315598491332,5.665922891227622,5.508595556037851,4.848916770784997,1351.47,aer,4096,outputs/only_random_strategy/slurm_YYDPETGTWY_amber/replica_154/replica_154.pdb,outputs/only_random_strategy/slurm_YYDPETGTWY_amber/replica_154/replica_154_ca.pdb
5,313296772,random,YYDPETGTWY,amber,-33.64831675457118,4.538197834546472,15.79186157980714,5.829842112571908,5.508595556037851,4.848916770784997,1147.64,aer,4096,outputs/only_random_strategy/slurm_YYDPETGTWY_amber/replica_5/replica_5.pdb,outputs/only_random_strategy/slurm_YYDPETGTWY_amber/replica_5/replica_5_ca.pdb
516,313297283,random,YYDPETGTWY,amber,386.84672338650245,4.541538043886379,14.738220724547016,5.799986057583581,5.508595556037851,4.848916770784997,760.52,aer,4096,outputs/only_random_strategy/slurm_YYDPETGTWY_amber/replica_516/replica_516.pdb,outputs/only_random_strategy/slurm_YYDPETGTWY_amber/replica_516/replica_516_ca.pdb
94,313296861,random,YYDPETGTWY,amber,-52.468688951038935,4.54243261051561,16.128721028305886,5.813556610372009,5.508595556037851,4.848916770784997,1111.15,aer,4096,outputs/only_random_strategy/slurm_YYDPETGTWY_amber/replica_94/replica_94.pdb,outputs/only_random_strategy/slurm_YYDPETGTWY_amber/replica_94/replica_94_ca.pdb
925,313297692,random,YYDPETGTWY,amber,-85.99308547657613,4.543061003187589,15.585079635324865,6.068348630537548,5.508595556037851,4.848916770784997,1398.34,aer,4096,outputs/only_random_strategy/slurm_YYDPETGTWY_amber/replica_925/replica_925.pdb,outputs/only_random_strategy/slurm_YYDPETGTWY_amber/replica_925/replica_925_ca.pdb
420,313297187,random,YYDPETGTWY,amber,-87.8270244248221,4.551932279663837,15.387399012406254,5.8321578911952985,5.508595556037851,4.848916770784997,1504.37,aer,4096,outputs/only_random_strategy/slurm_YYDPETGTWY_amber/replica_420/replica_420.pdb,outputs/only_random_strategy/slurm_YYDPETGTWY_amber/replica_420/replica_420_ca.pdb
624,313297391,random,YYDPETGTWY,amber,-29.385621185903698,4.553595095137465,16.913036379619893,5.949831807141767,5.508595556037851,4.848916770784997,1372.17,aer,4096,outputs/only_random_strategy/slurm_YYDPETGTWY_amber/replica_624/replica_624.pdb,outputs/only_random_strategy/slurm_YYDPETGTWY_amber/replica_624/replica_624_ca.pdb
87,313296854,random,YYDPETGTWY,amber,-29.093522236091196,4.554145400117852,14.669680073337991,5.442910772955817,5.508595556037851,4.848916770784997,1688.54,aer,4096,outputs/only_random_strategy/slurm_YYDPETGTWY_amber/replica_87/replica_87.pdb,outputs/only_random_strategy/slurm_YYDPETGTWY_amber/replica_87/replica_87_ca.pdb
79,313296846,random,YYDPETGTWY,amber,-23.586296353616053,4.55568645902818,14.751214677971696,5.928691180402523,5.508595556037851,4.848916770784997,1235.98,aer,4096,outputs/only_random_strategy/slurm_YYDPETGTWY_amber/replica_79/replica_79.pdb,outputs/only_random_strategy/slurm_YYDPETGTWY_amber/replica_79/replica_79_ca.pdb
425,313297192,random,YYDPETGTWY,amber,-45.9777902879593,4.5573619098385825,13.258438428180181,5.031267219888174,5.508595556037851,4.848916770784997,1622.39,aer,4096,outputs/only_random_strategy/slurm_YYDPETGTWY_amber/replica_425/replica_425.pdb,outputs/only_random_strategy/slurm_YYDPETGTWY_amber/replica_425/replica_425_ca.pdb
981,313297748,random,YYDPETGTWY,amber,-92.82532813306788,4.562170728023429,16.785097900657654,5.752579076914967,5.508595556037851,4.848916770784997,1401.34,aer,4096,outputs/only_random_strategy/slurm_YYDPETGTWY_amber/replica_981/replica_981.pdb,outputs/only_random_strategy/slurm_YYDPETGTWY_amber/replica_981/replica_981_ca.pdb
316,313297083,random,YYDPETGTWY,amber,-17.023765077600736,4.562907984227501,12.850347640121317,4.897214158554113,5.508595556037851,4.848916770784997,1315.19,aer,4096,outputs/only_random_strategy/slurm_YYDPETGTWY_amber/replica_316/replica_316.pdb,outputs/only_random_strategy/slurm_YYDPETGTWY_amber/replica_316/replica_316_ca.pdb
520,313297287,random,YYDPETGTWY,amber,25.432509771054434,4.563633097879453,13.206419761873809,4.876251940139478,5.508595556037851,4.848916770784997,1137.66,aer,4096,outputs/only_random_strategy/slurm_YYDPETGTWY_amber/replica_520/replica_520.pdb,outputs/only_random_strategy/slurm_YYDPETGTWY_amber/replica_520/replica_520_ca.pdb
771,313297538,random,YYDPETGTWY,amber,-95.06637841405718,4.563843179708749,13.1256683927488,5.1541585710042614,5.508595556037851,4.848916770784997,1339.81,aer,4096,outputs/only_random_strategy/slurm_YYDPETGTWY_amber/replica_771/replica_771.pdb,outputs/only_random_strategy/slurm_YYDPETGTWY_amber/replica_771/replica_771_ca.pdb
158,313296925,random,YYDPETGTWY,amber,-116.98607167574455,4.566811045180667,13.146322455531042,5.671830064492073,5.508595556037851,4.848916770784997,1851.99,aer,4096,outputs/only_random_strategy/slurm_YYDPETGTWY_amber/replica_158/replica_158.pdb,outputs/only_random_strategy/slurm_YYDPETGTWY_amber/replica_158/replica_158_ca.pdb
238,313297005,random,YYDPETGTWY,amber,-27.425707036489843,4.576070226779315,15.784826332420915,5.932898502299061,5.508595556037851,4.848916770784997,1169.55,aer,4096,outputs/only_random_strategy/slurm_YYDPETGTWY_amber/replica_238/replica_238.pdb,outputs/only_random_strategy/slurm_YYDPETGTWY_amber/replica_238/replica_238_ca.pdb
80,313296847,random,YYDPETGTWY,amber,-64.5374994419985,4.578306612197,14.11896003395939,5.164319288092311,5.508595556037851,4.848916770784997,1566.46,aer,4096,outputs/only_random_strategy/slurm_YYDPETGTWY_amber/replica_80/replica_80.pdb,outputs/only_random_strategy/slurm_YYDPETGTWY_amber/replica_80/replica_80_ca.pdb
898,313297665,random,YYDPETGTWY,amber,-32.63572365230702,4.579429882987254,15.15009157854348,5.56155098598333,5.508595556037851,4.848916770784997,1276.52,aer,4096,outputs/only_random_strategy/slurm_YYDPETGTWY_amber/replica_898/replica_898.pdb,outputs/only_random_strategy/slurm_YYDPETGTWY_amber/replica_898/replica_898_ca.pdb
436,313297203,random,YYDPETGTWY,amber,22.650808185993206,4.580386749852631,14.698330697810933,5.268859455714756,5.508595556037851,4.848916770784997,1067.99,aer,4096,outputs/only_random_strategy/slurm_YYDPETGTWY_amber/replica_436/replica_436.pdb,outputs/only_random_strategy/slurm_YYDPETGTWY_amber/replica_436/replica_436_ca.pdb
713,313297480,random,YYDPETGTWY,amber,-57.141573021712716,4.587047703618751,13.849957920524972,5.856954770691755,5.508595556037851,4.848916770784997,1547.75,aer,4096,outputs/only_random_strategy/slurm_YYDPETGTWY_amber/replica_713/replica_713.pdb,outputs/only_random_strategy/slurm_YYDPETGTWY_amber/replica_713/replica_713_ca.pdb
220,313296987,random,YYDPETGTWY,amber,-52.2138729159001,4.587748344856097,14.093106601761656,5.927102921834264,5.508595556037851,4.848916770784997,1067.77,aer,4096,outputs/only_random_strategy/slurm_YYDPETGTWY_amber/replica_220/replica_220.pdb,outputs/only_random_strategy/slurm_YYDPETGTWY_amber/replica_220/replica_220_ca.pdb
203,313296970,random,YYDPETGTWY,amber,6.686739502502105,4.592503298524962,17.299369715778205,5.729324627266413,5.508595556037851,4.848916770784997,1262.41,aer,4096,outputs/only_random_strategy/slurm_YYDPETGTWY_amber/replica_203/replica_203.pdb,outputs/only_random_strategy/slurm_YYDPETGTWY_amber/replica_203/replica_203_ca.pdb
120,313296887,random,YYDPETGTWY,amber,-51.48216156003651,4.5930537479780025,13.334171833036478,5.364927391630683,5.508595556037851,4.848916770784997,1626.22,aer,4096,outputs/only_random_strategy/slurm_YYDPETGTWY_amber/replica_120/replica_120.pdb,outputs/only_random_strategy/slurm_YYDPETGTWY_amber/replica_120/replica_120_ca.pdb
953,313297720,random,YYDPETGTWY,amber,423.1622801129446,4.599953450364139,14.809734458228002,5.896112947009335,5.508595556037851,4.848916770784997,1276.92,aer,4096,outputs/only_random_strategy/slurm_YYDPETGTWY_amber/replica_953/replica_953.pdb,outputs/only_random_strategy/slurm_YYDPETGTWY_amber/replica_953/replica_953_ca.pdb
573,313297340,random,YYDPETGTWY,amber,-54.962463397736954,4.601147624070468,16.299364895247358,6.237337791784947,5.508595556037851,4.848916770784997,1171.92,aer,4096,outputs/only_random_strategy/slurm_YYDPETGTWY_amber/replica_573/replica_573.pdb,outputs/only_random_strategy/slurm_YYDPETGTWY_amber/replica_573/replica_573_ca.pdb
944,313297711,random,YYDPETGTWY,amber,-23.12132246690655,4.6012221045061095,15.607059446789311,5.7704610342205465,5.508595556037851,4.848916770784997,1284.08,aer,4096,outputs/only_random_strategy/slurm_YYDPETGTWY_amber/replica_944/replica_944.pdb,outputs/only_random_strategy/slurm_YYDPETGTWY_amber/replica_944/replica_944_ca.pdb
700,313297467,random,YYDPETGTWY,amber,-48.16896683920367,4.601617636697144,13.545651229521123,5.514315306244054,5.508595556037851,4.848916770784997,1403.17,aer,4096,outputs/only_random_strategy/slurm_YYDPETGTWY_amber/replica_700/replica_700.pdb,outputs/only_random_strategy/slurm_YYDPETGTWY_amber/replica_700/replica_700_ca.pdb
946,313297713,random,YYDPETGTWY,amber,-7.243004163527877,4.601623522358636,15.36936373551569,5.670231425676535,5.508595556037851,4.848916770784997,1302.42,aer,4096,outputs/only_random_strategy/slurm_YYDPETGTWY_amber/replica_946/replica_946.pdb,outputs/only_random_strategy/slurm_YYDPETGTWY_amber/replica_946/replica_946_ca.pdb
743,313297510,random,YYDPETGTWY,amber,-76.84686400676695,4.60454257774878,16.704692759047294,6.013445545666458,5.508595556037851,4.848916770784997,1695.53,aer,4096,outputs/only_random_strategy/slurm_YYDPETGTWY_amber/replica_743/replica_743.pdb,outputs/only_random_strategy/slurm_YYDPETGTWY_amber/replica_743/replica_743_ca.pdb
233,313297000,random,YYDPETGTWY,amber,-36.31152373919395,4.6048821281193355,14.476688806490975,5.225453920731882,5.508595556037851,4.848916770784997,2123.92,aer,4096,outputs/only_random_strategy/slurm_YYDPETGTWY_amber/replica_233/replica_233.pdb,outputs/only_random_strategy/slurm_YYDPETGTWY_amber/replica_233/replica_233_ca.pdb
613,313297380,random,YYDPETGTWY,amber,-119.68066468425684,4.608573005531687,15.744671143409663,6.152065967602307,5.508595556037851,4.848916770784997,1496.07,aer,4096,outputs/only_random_strategy/slurm_YYDPETGTWY_amber/replica_613/replica_613.pdb,outputs/only_random_strategy/slurm_YYDPETGTWY_amber/replica_613/replica_613_ca.pdb
213,313296980,random,YYDPETGTWY,amber,-2.226318845852666,4.60960255948613,15.711096662942614,5.836265092264736,5.508595556037851,4.848916770784997,1777.33,aer,4096,outputs/only_random_strategy/slurm_YYDPETGTWY_amber/replica_213/replica_213.pdb,outputs/only_random_strategy/slurm_YYDPETGTWY_amber/replica_213/replica_213_ca.pdb
535,313297302,random,YYDPETGTWY,amber,-48.258975914782525,4.609736461031247,14.489194385706359,5.975446462233768,5.508595556037851,4.848916770784997,1206.64,aer,4096,outputs/only_random_strategy/slurm_YYDPETGTWY_amber/replica_535/replica_535.pdb,outputs/only_random_strategy/slurm_YYDPETGTWY_amber/replica_535/replica_535_ca.pdb
179,313296946,random,YYDPETGTWY,amber,-21.071298028907414,4.614575945686235,15.273365569792462,5.574951510051778,5.508595556037851,4.848916770784997,1101.15,aer,4096,outputs/only_random_strategy/slurm_YYDPETGTWY_amber/replica_179/replica_179.pdb,outputs/only_random_strategy/slurm_YYDPETGTWY_amber/replica_179/replica_179_ca.pdb
72,313296839,random,YYDPETGTWY,amber,-63.921159349193076,4.614793028629799,13.306402593241904,5.7588177699199505,5.508595556037851,4.848916770784997,1625.04,aer,4096,outputs/only_random_strategy/slurm_YYDPETGTWY_amber/replica_72/replica_72.pdb,outputs/only_random_strategy/slurm_YYDPETGTWY_amber/replica_72/replica_72_ca.pdb
728,313297495,random,YYDPETGTWY,amber,-38.521307265765884,4.616000462923897,14.268176255954954,5.474199859979232,5.508595556037851,4.848916770784997,1355.52,aer,4096,outputs/only_random_strategy/slurm_YYDPETGTWY_amber/replica_728/replica_728.pdb,outputs/only_random_strategy/slurm_YYDPETGTWY_amber/replica_728/replica_728_ca.pdb
349,313297116,random,YYDPETGTWY,amber,-8.922871873218034,4.6211801505851655,15.05447089287836,6.023249567587381,5.508595556037851,4.848916770784997,1216.23,aer,4096,outputs/only_random_strategy/slurm_YYDPETGTWY_amber/replica_349/replica_349.pdb,outputs/only_random_strategy/slurm_YYDPETGTWY_amber/replica_349/replica_349_ca.pdb
194,313296961,random,YYDPETGTWY,amber,-133.4721892519119,4.62583444459596,12.714908258242087,5.100390908238544,5.508595556037851,4.848916770784997,1384.27,aer,4096,outputs/only_random_strategy/slurm_YYDPETGTWY_amber/replica_194/replica_194.pdb,outputs/only_random_strategy/slurm_YYDPETGTWY_amber/replica_194/replica_194_ca.pdb
17,313296784,random,YYDPETGTWY,amber,-98.98867113180505,4.626244526568583,13.624397024925866,5.089538540930816,5.508595556037851,4.848916770784997,1217.17,aer,4096,outputs/only_random_strategy/slurm_YYDPETGTWY_amber/replica_17/replica_17.pdb,outputs/only_random_strategy/slurm_YYDPETGTWY_amber/replica_17/replica_17_ca.pdb
253,313297020,random,YYDPETGTWY,amber,431.47811298840116,4.626573541903754,13.415786872006205,4.984444838399471,5.508595556037851,4.848916770784997,1017.89,aer,4096,outputs/only_random_strategy/slurm_YYDPETGTWY_amber/replica_253/replica_253.pdb,outputs/only_random_strategy/slurm_YYDPETGTWY_amber/replica_253/replica_253_ca.pdb
162,313296929,random,YYDPETGTWY,amber,-37.04133014913442,4.626714636956764,13.98513273919979,5.9036870129972545,5.508595556037851,4.848916770784997,1246.95,aer,4096,outputs/only_random_strategy/slurm_YYDPETGTWY_amber/replica_162/replica_162.pdb,outputs/only_random_strategy/slurm_YYDPETGTWY_amber/replica_162/replica_162_ca.pdb
267,313297034,random,YYDPETGTWY,amber,-36.514232212645254,4.627216230128458,16.79205994838358,5.989901215984519,5.508595556037851,4.848916770784997,1177.97,aer,4096,outputs/only_random_strategy/slurm_YYDPETGTWY_amber/replica_267/replica_267.pdb,outputs/only_random_strategy/slurm_YYDPETGTWY_amber/replica_267/replica_267_ca.pdb
744,313297511,random,YYDPETGTWY,amber,-66.0353208957146,4.630885672086091,14.478289462625467,5.4219703589342805,5.508595556037851,4.848916770784997,1932.05,aer,4096,outputs/only_random_strategy/slurm_YYDPETGTWY_amber/replica_744/replica_744.pdb,outputs/only_random_strategy/slurm_YYDPETGTWY_amber/replica_744/replica_744_ca.pdb
938,313297705,random,YYDPETGTWY,amber,597.2250205663098,4.631901956211785,17.47540629783792,6.13595872601353,5.508595556037851,4.848916770784997,1691.09,aer,4096,outputs/only_random_strategy/slurm_YYDPETGTWY_amber/replica_938/replica_938.pdb,outputs/only_random_strategy/slurm_YYDPETGTWY_amber/replica_938/replica_938_ca.pdb
892,313297659,random,YYDPETGTWY,amber,-48.40645135007683,4.633044411328638,14.011123677873067,5.538095988981136,5.508595556037851,4.848916770784997,1811.61,aer,4096,outputs/only_random_strategy/slurm_YYDPETGTWY_amber/replica_892/replica_892.pdb,outputs/only_random_strategy/slurm_YYDPETGTWY_amber/replica_892/replica_892_ca.pdb
328,313297095,random,YYDPETGTWY,amber,-54.15298356812447,4.635922345452672,13.961446774909442,5.491626190467419,5.508595556037851,4.848916770784997,1627.3,aer,4096,outputs/only_random_strategy/slurm_YYDPETGTWY_amber/replica_328/replica_328.pdb,outputs/only_random_strategy/slurm_YYDPETGTWY_amber/replica_328/replica_328_ca.pdb
259,313297026,random,YYDPETGTWY,amber,-102.7989285152656,4.636917641614695,16.525570948138448,5.862673409234358,5.508595556037851,4.848916770784997,1167.81,aer,4096,outputs/only_random_strategy/slurm_YYDPETGTWY_amber/replica_259/replica_259.pdb,outputs/only_random_strategy/slurm_YYDPETGTWY_amber/replica_259/replica_259_ca.pdb
874,313297641,random,YYDPETGTWY,amber,11.007533018228177,4.640096353190127,15.728788953723596,5.7261019465495995,5.508595556037851,4.848916770784997,1405.83,aer,4096,outputs/only_random_strategy/slurm_YYDPETGTWY_amber/replica_874/replica_874.pdb,outputs/only_random_strategy/slurm_YYDPETGTWY_amber/replica_874/replica_874_ca.pdb
111,313296878,random,YYDPETGTWY,amber,-52.95569889626986,4.643556953474463,15.903580353534354,5.925000112483312,5.508595556037851,4.848916770784997,1257.21,aer,4096,outputs/only_random_strategy/slurm_YYDPETGTWY_amber/replica_111/replica_111.pdb,outputs/only_random_strategy/slurm_YYDPETGTWY_amber/replica_111/replica_111_ca.pdb
955,313297722,random,YYDPETGTWY,amber,-41.78401598433495,4.645787784302915,15.621444157192046,5.906518465698782,5.508595556037851,4.848916770784997,1457.22,aer,4096,outputs/only_random_strategy/slurm_YYDPETGTWY_amber/replica_955/replica_955.pdb,outputs/only_random_strategy/slurm_YYDPETGTWY_amber/replica_955/replica_955_ca.pdb
625,313297392,random,YYDPETGTWY,amber,-57.668054842654804,4.6479694696878875,16.04002912295714,6.204292317406362,5.508595556037851,4.848916770784997,1098.12,aer,4096,outputs/only_random_strategy/slurm_YYDPETGTWY_amber/replica_625/replica_625.pdb,outputs/only_random_strategy/slurm_YYDPETGTWY_amber/replica_625/replica_625_ca.pdb
456,313297223,random,YYDPETGTWY,amber,-52.71580730812551,4.6532271132211,16.187151832154452,5.828661567066838,5.508595556037851,4.848916770784997,1695.12,aer,4096,outputs/only_random_strategy/slurm_YYDPETGTWY_amber/replica_456/replica_456.pdb,outputs/only_random_strategy/slurm_YYDPETGTWY_amber/replica_456/replica_456_ca.pdb
153,313296920,random,YYDPETGTWY,amber,-37.28466603304569,4.654696870828994,16.441148913450277,5.847099812301293,5.508595556037851,4.848916770784997,1176.57,aer,4096,outputs/only_random_strategy/slurm_YYDPETGTWY_amber/replica_153/replica_153.pdb,outputs/only_random_strategy/slurm_YYDPETGTWY_amber/replica_153/replica_153_ca.pdb
784,313297551,random,YYDPETGTWY,amber,-96.17571648239107,4.656292463047178,14.688519865583645,5.807579853588319,5.508595556037851,4.848916770784997,1143.99,aer,4096,outputs/only_random_strategy/slurm_YYDPETGTWY_amber/replica_784/replica_784.pdb,outputs/only_random_strategy/slurm_YYDPETGTWY_amber/replica_784/replica_784_ca.pdb
905,313297672,random,YYDPETGTWY,amber,-97.23581604345762,4.658799422656343,15.709738671369374,6.239256934001093,5.508595556037851,4.848916770784997,2045.58,aer,4096,outputs/only_random_strategy/slurm_YYDPETGTWY_amber/replica_905/replica_905.pdb,outputs/only_random_strategy/slurm_YYDPETGTWY_amber/replica_905/replica_905_ca.pdb
579,313297346,random,YYDPETGTWY,amber,-61.47430249769759,4.659197483081224,13.4073233954621,5.16428794150478,5.508595556037851,4.848916770784997,1132.82,aer,4096,outputs/only_random_strategy/slurm_YYDPETGTWY_amber/replica_579/replica_579.pdb,outputs/only_random_strategy/slurm_YYDPETGTWY_amber/replica_579/replica_579_ca.pdb
326,313297093,random,YYDPETGTWY,amber,-10.344859885047839,4.659543108854024,16.525556867296586,6.1180251353338315,5.508595556037851,4.848916770784997,1666.0,aer,4096,outputs/only_random_strategy/slurm_YYDPETGTWY_amber/replica_326/replica_326.pdb,outputs/only_random_strategy/slurm_YYDPETGTWY_amber/replica_326/replica_326_ca.pdb
427,313297194,random,YYDPETGTWY,amber,-53.03721534205522,4.659815505871598,11.567041490958244,4.735623559165208,5.508595556037851,4.848916770784997,1359.56,aer,4096,outputs/only_random_strategy/slurm_YYDPETGTWY_amber/replica_427/replica_427.pdb,outputs/only_random_strategy/slurm_YYDPETGTWY_amber/replica_427/replica_427_ca.pdb
995,313297762,random,YYDPETGTWY,amber,-5.71354806104127,4.661297081838384,14.789666526175594,5.320533167463209,5.508595556037851,4.848916770784997,1357.96,aer,4096,outputs/only_random_strategy/slurm_YYDPETGTWY_amber/replica_995/replica_995.pdb,outputs/only_random_strategy/slurm_YYDPETGTWY_amber/replica_995/replica_995_ca.pdb
457,313297224,random,YYDPETGTWY,amber,-3.9493688445816324,4.661813380665222,16.130086723437632,5.799303100503595,5.508595556037851,4.848916770784997,1384.89,aer,4096,outputs/only_random_strategy/slurm_YYDPETGTWY_amber/replica_457/replica_457.pdb,outputs/only_random_strategy/slurm_YYDPETGTWY_amber/replica_457/replica_457_ca.pdb
621,313297388,random,YYDPETGTWY,amber,52.86329495907238,4.662628354690596,15.396462667970873,5.97799207527707,5.508595556037851,4.848916770784997,1849.98,aer,4096,outputs/only_random_strategy/slurm_YYDPETGTWY_amber/replica_621/replica_621.pdb,outputs/only_random_strategy/slurm_YYDPETGTWY_amber/replica_621/replica_621_ca.pdb
276,313297043,random,YYDPETGTWY,amber,-46.462024826170165,4.666149107074004,15.76724761759221,5.866615847794888,5.508595556037851,4.848916770784997,1490.38,aer,4096,outputs/only_random_strategy/slurm_YYDPETGTWY_amber/replica_276/replica_276.pdb,outputs/only_random_strategy/slurm_YYDPETGTWY_amber/replica_276/replica_276_ca.pdb
275,313297042,random,YYDPETGTWY,amber,-72.51249303506316,4.666493386903605,14.723542592266222,6.0642683391855,5.508595556037851,4.848916770784997,1327.08,aer,4096,outputs/only_random_strategy/slurm_YYDPETGTWY_amber/replica_275/replica_275.pdb,outputs/only_random_strategy/slurm_YYDPETGTWY_amber/replica_275/replica_275_ca.pdb
987,313297754,random,YYDPETGTWY,amber,-30.051850111022613,4.670851718367674,16.34297344260337,6.166342729361907,5.508595556037851,4.848916770784997,1225.35,aer,4096,outputs/only_random_strategy/slurm_YYDPETGTWY_amber/replica_987/replica_987.pdb,outputs/only_random_strategy/slurm_YYDPETGTWY_amber/replica_987/replica_987_ca.pdb
711,313297478,random,YYDPETGTWY,amber,38.70299131795319,4.671937796802461,15.341183111197282,5.6976115181686975,5.508595556037851,4.848916770784997,1065.91,aer,4096,outputs/only_random_strategy/slurm_YYDPETGTWY_amber/replica_711/replica_711.pdb,outputs/only_random_strategy/slurm_YYDPETGTWY_amber/replica_711/replica_711_ca.pdb
484,313297251,random,YYDPETGTWY,amber,-28.296672178225673,4.673957411733028,15.499917936090768,5.8446375819228376,5.508595556037851,4.848916770784997,1182.15,aer,4096,outputs/only_random_strategy/slurm_YYDPETGTWY_amber/replica_484/replica_484.pdb,outputs/only_random_strategy/slurm_YYDPETGTWY_amber/replica_484/replica_484_ca.pdb
705,313297472,random,YYDPETGTWY,amber,-31.270606561667783,4.674543263821921,15.531935437292903,5.931171044720463,5.508595556037851,4.848916770784997,1402.04,aer,4096,outputs/only_random_strategy/slurm_YYDPETGTWY_amber/replica_705/replica_705.pdb,outputs/only_random_strategy/slurm_YYDPETGTWY_amber/replica_705/replica_705_ca.pdb
918,313297685,random,YYDPETGTWY,amber,-34.53455870611905,4.679150119550933,12.387404166821833,5.118343958786837,5.508595556037851,4.848916770784997,1247.46,aer,4096,outputs/only_random_strategy/slurm_YYDPETGTWY_amber/replica_918/replica_918.pdb,outputs/only_random_strategy/slurm_YYDPETGTWY_amber/replica_918/replica_918_ca.pdb
603,313297370,random,YYDPETGTWY,amber,413.6183005711196,4.682299127673436,14.983474947035651,5.454456950256839,5.508595556037851,4.848916770784997,1467.42,aer,4096,outputs/only_random_strategy/slurm_YYDPETGTWY_amber/replica_603/replica_603.pdb,outputs/only_random_strategy/slurm_YYDPETGTWY_amber/replica_603/replica_603_ca.pdb
916,313297683,random,YYDPETGTWY,amber,-39.16452372768508,4.685141727151098,14.900006188428836,5.408659650655858,5.508595556037851,4.848916770784997,1110.97,aer,4096,outputs/only_random_strategy/slurm_YYDPETGTWY_amber/replica_916/replica_916.pdb,outputs/only_random_strategy/slurm_YYDPETGTWY_amber/replica_916/replica_916_ca.pdb
307,313297074,random,YYDPETGTWY,amber,-17.75761267619462,4.687455135527713,16.359825573955167,5.701088466308667,5.508595556037851,4.848916770784997,1085.45,aer,4096,outputs/only_random_strategy/slurm_YYDPETGTWY_amber/replica_307/replica_307.pdb,outputs/only_random_strategy/slurm_YYDPETGTWY_amber/replica_307/replica_307_ca.pdb
684,313297451,random,YYDPETGTWY,amber,39.22291232188112,4.6894789486787625,16.111131395236093,5.588293683148404,5.508595556037851,4.848916770784997,1517.05,aer,4096,outputs/only_random_strategy/slurm_YYDPETGTWY_amber/replica_684/replica_684.pdb,outputs/only_random_strategy/slurm_YYDPETGTWY_amber/replica_684/replica_684_ca.pdb
331,313297098,random,YYDPETGTWY,amber,-25.550595920734963,4.691114545252735,16.33955377173446,5.713672342581132,5.508595556037851,4.848916770784997,1213.46,aer,4096,outputs/only_random_strategy/slurm_YYDPETGTWY_amber/replica_331/replica_331.pdb,outputs/only_random_strategy/slurm_YYDPETGTWY_amber/replica_331/replica_331_ca.pdb
735,313297502,random,YYDPETGTWY,amber,-67.31889263849388,4.6917141590582006,14.261965328355327,5.1819962092392435,5.508595556037851,4.848916770784997,1030.56,aer,4096,outputs/only_random_strategy/slurm_YYDPETGTWY_amber/replica_735/replica_735.pdb,outputs/only_random_strategy/slurm_YYDPETGTWY_amber/replica_735/replica_735_ca.pdb
293,313297060,random,YYDPETGTWY,amber,8.502027561049404,4.693753063027209,15.385809883291719,5.737166133663789,5.508595556037851,4.848916770784997,1730.42,aer,4096,outputs/only_random_strategy/slurm_YYDPETGTWY_amber/replica_293/replica_293.pdb,outputs/only_random_strategy/slurm_YYDPETGTWY_amber/replica_293/replica_293_ca.pdb
555,313297322,random,YYDPETGTWY,amber,4.1514891936583735,4.693764078311838,16.27411107623998,5.353303399485416,5.508595556037851,4.848916770784997,1376.34,aer,4096,outputs/only_random_strategy/slurm_YYDPETGTWY_amber/replica_555/replica_555.pdb,outputs/only_random_strategy/slurm_YYDPETGTWY_amber/replica_555/replica_555_ca.pdb
383,313297150,random,YYDPETGTWY,amber,-17.099572498831026,4.694483463522737,16.790312028127232,5.985674887951693,5.508595556037851,4.848916770784997,1365.62,aer,4096,outputs/only_random_strategy/slurm_YYDPETGTWY_amber/replica_383/replica_383.pdb,outputs/only_random_strategy/slurm_YYDPETGTWY_amber/replica_383/replica_383_ca.pdb
239,313297006,random,YYDPETGTWY,amber,-33.35050128414084,4.694665832286792,17.648157608516605,5.977303595420151,5.508595556037851,4.848916770784997,1799.06,aer,4096,outputs/only_random_strategy/slurm_YYDPETGTWY_amber/replica_239/replica_239.pdb,outputs/only_random_strategy/slurm_YYDPETGTWY_amber/replica_239/replica_239_ca.pdb
157,313296924,random,YYDPETGTWY,amber,-109.58427763422871,4.695465849471411,14.777558059055734,5.944523899974564,5.508595556037851,4.848916770784997,1511.19,aer,4096,outputs/only_random_strategy/slurm_YYDPETGTWY_amber/replica_157/replica_157.pdb,outputs/only_random_strategy/slurm_YYDPETGTWY_amber/replica_157/replica_157_ca.pdb
593,313297360,random,YYDPETGTWY,amber,-5.841028007981261,4.699958280357309,14.064980839151202,5.9373864186918,5.508595556037851,4.848916770784997,1015.6,aer,4096,outputs/only_random_strategy/slurm_YYDPETGTWY_amber/replica_593/replica_593.pdb,outputs/only_random_strategy/slurm_YYDPETGTWY_amber/replica_593/replica_593_ca.pdb
870,313297637,random,YYDPETGTWY,amber,-64.21817080280253,4.7010220041718185,16.276635776788137,5.857168400387744,5.508595556037851,4.848916770784997,1094.87,aer,4096,outputs/only_random_strategy/slurm_YYDPETGTWY_amber/replica_870/replica_870.pdb,outputs/only_random_strategy/slurm_YYDPETGTWY_amber/replica_870/replica_870_ca.pdb
402,313297169,random,YYDPETGTWY,amber,-28.57137146379508,4.702771734008532,13.96377156488258,5.670081094931174,5.508595556037851,4.848916770784997,1288.9,aer,4096,outputs/only_random_strategy/slurm_YYDPETGTWY_amber/replica_402/replica_402.pdb,outputs/only_random_strategy/slurm_YYDPETGTWY_amber/replica_402/replica_402_ca.pdb
884,313297651,random,YYDPETGTWY,amber,-26.038214756711266,4.707390567921319,17.054377424355767,5.9894916193239425,5.508595556037851,4.848916770784997,1314.37,aer,4096,outputs/only_random_strategy/slurm_YYDPETGTWY_amber/replica_884/replica_884.pdb,outputs/only_random_strategy/slurm_YYDPETGTWY_amber/replica_884/replica_884_ca.pdb
25,313296792,random,YYDPETGTWY,amber,-40.82177490322015,4.7080697077389875,15.951038359491815,5.825976548827586,5.508595556037851,4.848916770784997,1254.84,aer,4096,outputs/only_random_strategy/slurm_YYDPETGTWY_amber/replica_25/replica_25.pdb,outputs/only_random_strategy/slurm_YYDPETGTWY_amber/replica_25/replica_25_ca.pdb
96,313296863,random,YYDPETGTWY,amber,-113.23089164433708,4.708676643941833,15.158653901358893,5.710556097387687,5.508595556037851,4.848916770784997,1978.13,aer,4096,outputs/only_random_strategy/slurm_YYDPETGTWY_amber/replica_96/replica_96.pdb,outputs/only_random_strategy/slurm_YYDPETGTWY_amber/replica_96/replica_96_ca.pdb
323,313297090,random,YYDPETGTWY,amber,-39.4148147102301,4.708975893031022,14.960689615643828,5.73056483592309,5.508595556037851,4.848916770784997,1213.05,aer,4096,outputs/only_random_strategy/slurm_YYDPETGTWY_amber/replica_323/replica_323.pdb,outputs/only_random_strategy/slurm_YYDPETGTWY_amber/replica_323/replica_323_ca.pdb
509,313297276,random,YYDPETGTWY,amber,-50.52430308204942,4.710052656473948,13.385285654526562,5.297694198284801,5.508595556037851,4.848916770784997,1347.23,aer,4096,outputs/only_random_strategy/slurm_YYDPETGTWY_amber/replica_509/replica_509.pdb,outputs/only_random_strategy/slurm_YYDPETGTWY_amber/replica_509/replica_509_ca.pdb
374,313297141,random,YYDPETGTWY,amber,-81.12745028453146,4.712022235378956,15.190900952470038,5.967567671899354,5.508595556037851,4.848916770784997,1145.73,aer,4096,outputs/only_random_strategy/slurm_YYDPETGTWY_amber/replica_374/replica_374.pdb,outputs/only_random_strategy/slurm_YYDPETGTWY_amber/replica_374/replica_374_ca.pdb
421,313297188,random,YYDPETGTWY,amber,-78.54795411184566,4.7124715706704725,15.58777887310873,5.948334534661354,5.508595556037851,4.848916770784997,1190.34,aer,4096,outputs/only_random_strategy/slurm_YYDPETGTWY_amber/replica_421/replica_421.pdb,outputs/only_random_strategy/slurm_YYDPETGTWY_amber/replica_421/replica_421_ca.pdb
835,313297602,random,YYDPETGTWY,amber,-40.87440069598923,4.7140027721531546,15.514336359840694,5.6465561732063305,5.508595556037851,4.848916770784997,1479.78,aer,4096,outputs/only_random_strategy/slurm_YYDPETGTWY_amber/replica_835/replica_835.pdb,outputs/only_random_strategy/slurm_YYDPETGTWY_amber/replica_835/replica_835_ca.pdb
245,313297012,random,YYDPETGTWY,amber,-35.979912453315144,4.71565993192132,13.37793690390085,5.599915307046352,5.508595556037851,4.848916770784997,1342.82,aer,4096,outputs/only_random_strategy/slurm_YYDPETGTWY_amber/replica_245/replica_245.pdb,outputs/only_random_strategy/slurm_YYDPETGTWY_amber/replica_245/replica_245_ca.pdb
960,313297727,random,YYDPETGTWY,amber,118.83916064500657,4.720060686959148,14.442084592286845,5.835066605192469,5.508595556037851,4.848916770784997,1327.53,aer,4096,outputs/only_random_strategy/slurm_YYDPETGTWY_amber/replica_960/replica_960.pdb,outputs/only_random_strategy/slurm_YYDPETGTWY_amber/replica_960/replica_960_ca.pdb
548,313297315,random,YYDPETGTWY,amber,564.6275379306104,4.732118950906329,17.378977619120924,6.0768344555841844,5.508595556037851,4.848916770784997,1034.32,aer,4096,outputs/only_random_strategy/slurm_YYDPETGTWY_amber/replica_548/replica_548.pdb,outputs/only_random_strategy/slurm_YYDPETGTWY_amber/replica_548/replica_548_ca.pdb
117,313296884,random,YYDPETGTWY,amber,-6.814602388046925,4.732535309562615,16.430266706075095,5.59532966075887,5.508595556037851,4.848916770784997,1669.88,aer,4096,outputs/only_random_strategy/slurm_YYDPETGTWY_amber/replica_117/replica_117.pdb,outputs/only_random_strategy/slurm_YYDPETGTWY_amber/replica_117/replica_117_ca.pdb
652,313297419,random,YYDPETGTWY,amber,371.2266738807669,4.733756822971107,18.34802597563988,6.06917744863405,5.508595556037851,4.848916770784997,794.03,aer,4096,outputs/only_random_strategy/slurm_YYDPETGTWY_amber/replica_652/replica_652.pdb,outputs/only_random_strategy/slurm_YYDPETGTWY_amber/replica_652/replica_652_ca.pdb
758,313297525,random,YYDPETGTWY,amber,-27.320287789747994,4.741102350337423,15.19851983696173,5.822214792430253,5.508595556037851,4.848916770784997,1181.68,aer,4096,outputs/only_random_strategy/slurm_YYDPETGTWY_amber/replica_758/replica_758.pdb,outputs/only_random_strategy/slurm_YYDPETGTWY_amber/replica_758/replica_758_ca.pdb
828,313297595,random,YYDPETGTWY,amber,-41.98139375509001,4.741946209431616,10.469139595146078,4.536820405629324,5.508595556037851,4.848916770784997,980.36,aer,4096,outputs/only_random_strategy/slurm_YYDPETGTWY_amber/replica_828/replica_828.pdb,outputs/only_random_strategy/slurm_YYDPETGTWY_amber/replica_828/replica_828_ca.pdb
721,313297488,random,YYDPETGTWY,amber,-1.011613624363793,4.742787521327322,15.36707237420861,6.199460480957809,5.508595556037851,4.848916770784997,1144.0,aer,4096,outputs/only_random_strategy/slurm_YYDPETGTWY_amber/replica_721/replica_721.pdb,outputs/only_random_strategy/slurm_YYDPETGTWY_amber/replica_721/replica_721_ca.pdb
841,313297608,random,YYDPETGTWY,amber,-22.325324788375408,4.74435338714303,14.129218320266117,5.840526253840852,5.508595556037851,4.848916770784997,1593.56,aer,4096,outputs/only_random_strategy/slurm_YYDPETGTWY_amber/replica_841/replica_841.pdb,outputs/only_random_strategy/slurm_YYDPETGTWY_amber/replica_841/replica_841_ca.pdb
438,313297205,random,YYDPETGTWY,amber,41.71376142112446,4.745066699736089,15.355371737590877,5.544571808394104,5.508595556037851,4.848916770784997,1354.66,aer,4096,outputs/only_random_strategy/slurm_YYDPETGTWY_amber/replica_438/replica_438.pdb,outputs/only_random_strategy/slurm_YYDPETGTWY_amber/replica_438/replica_438_ca.pdb
172,313296939,random,YYDPETGTWY,amber,-58.07285644110752,4.745295214902869,17.382215534382006,5.977985787472955,5.508595556037851,4.848916770784997,1351.76,aer,4096,outputs/only_random_strategy/slurm_YYDPETGTWY_amber/replica_172/replica_172.pdb,outputs/only_random_strategy/slurm_YYDPETGTWY_amber/replica_172/replica_172_ca.pdb
846,313297613,random,YYDPETGTWY,amber,-84.5938949972957,4.749285911610603,14.628269652238169,5.525349701930476,5.508595556037851,4.848916770784997,1186.33,aer,4096,outputs/only_random_strategy/slurm_YYDPETGTWY_amber/replica_846/replica_846.pdb,outputs/only_random_strategy/slurm_YYDPETGTWY_amber/replica_846/replica_846_ca.pdb
580,313297347,random,YYDPETGTWY,amber,-82.00067878643068,4.752530229030295,15.882835257097073,6.0285990884801635,5.508595556037851,4.848916770784997,1286.33,aer,4096,outputs/only_random_strategy/slurm_YYDPETGTWY_amber/replica_580/replica_580.pdb,outputs/only_random_strategy/slurm_YYDPETGTWY_amber/replica_580/replica_580_ca.pdb
696,313297463,random,YYDPETGTWY,amber,-99.83344985238028,4.753597730288099,15.360696885680994,6.062052510569522,5.508595556037851,4.848916770784997,1309.87,aer,4096,outputs/only_random_strategy/slurm_YYDPETGTWY_amber/replica_696/replica_696.pdb,outputs/only_random_strategy/slurm_YYDPETGTWY_amber/replica_696/replica_696_ca.pdb
269,313297036,random,YYDPETGTWY,amber,-21.181654982205444,4.754297400540659,15.747749358228704,6.118596386205975,5.508595556037851,4.848916770784997,1304.47,aer,4096,outputs/only_random_strategy/slurm_YYDPETGTWY_amber/replica_269/replica_269.pdb,outputs/only_random_strategy/slurm_YYDPETGTWY_amber/replica_269/replica_269_ca.pdb
411,313297178,random,YYDPETGTWY,amber,-20.652961369196944,4.756146492881531,12.416184927434248,4.918880574345119,5.508595556037851,4.848916770784997,1228.26,aer,4096,outputs/only_random_strategy/slurm_YYDPETGTWY_amber/replica_411/replica_411.pdb,outputs/only_random_strategy/slurm_YYDPETGTWY_amber/replica_411/replica_411_ca.pdb
750,313297517,random,YYDPETGTWY,amber,-56.378975323185905,4.756423087128883,15.596411150494117,5.9435994534081455,5.508595556037851,4.848916770784997,1420.2,aer,4096,outputs/only_random_strategy/slurm_YYDPETGTWY_amber/replica_750/replica_750.pdb,outputs/only_random_strategy/slurm_YYDPETGTWY_amber/replica_750/replica_750_ca.pdb
191,313296958,random,YYDPETGTWY,amber,-60.109512916750866,4.756592742184449,13.986282300989224,5.472284174238749,5.508595556037851,4.848916770784997,1308.35,aer,4096,outputs/only_random_strategy/slurm_YYDPETGTWY_amber/replica_191/replica_191.pdb,outputs/only_random_strategy/slurm_YYDPETGTWY_amber/replica_191/replica_191_ca.pdb
397,313297164,random,YYDPETGTWY,amber,-35.02998543823635,4.758163930070694,14.168689303641273,5.387462186057527,5.508595556037851,4.848916770784997,1160.0,aer,4096,outputs/only_random_strategy/slurm_YYDPETGTWY_amber/replica_397/replica_397.pdb,outputs/only_random_strategy/slurm_YYDPETGTWY_amber/replica_397/replica_397_ca.pdb
270,313297037,random,YYDPETGTWY,amber,-83.36768035281482,4.759192617148868,17.911493447290297,5.97758059775929,5.508595556037851,4.848916770784997,1421.02,aer,4096,outputs/only_random_strategy/slurm_YYDPETGTWY_amber/replica_270/replica_270.pdb,outputs/only_random_strategy/slurm_YYDPETGTWY_amber/replica_270/replica_270_ca.pdb
235,313297002,random,YYDPETGTWY,amber,-41.50089597578252,4.761793445011981,16.518510382943703,6.1546482196105625,5.508595556037851,4.848916770784997,1367.06,aer,4096,outputs/only_random_strategy/slurm_YYDPETGTWY_amber/replica_235/replica_235.pdb,outputs/only_random_strategy/slurm_YYDPETGTWY_amber/replica_235/replica_235_ca.pdb
45,313296812,random,YYDPETGTWY,amber,-15.069724897615817,4.761847734531824,17.300689701037008,6.182033445032703,5.508595556037851,4.848916770784997,1335.55,aer,4096,outputs/only_random_strategy/slurm_YYDPETGTWY_amber/replica_45/replica_45.pdb,outputs/only_random_strategy/slurm_YYDPETGTWY_amber/replica_45/replica_45_ca.pdb
749,313297516,random,YYDPETGTWY,amber,-98.26881771515387,4.762903748845616,13.324119218853877,5.771056175244067,5.508595556037851,4.848916770784997,1503.89,aer,4096,outputs/only_random_strategy/slurm_YYDPETGTWY_amber/replica_749/replica_749.pdb,outputs/only_random_strategy/slurm_YYDPETGTWY_amber/replica_749/replica_749_ca.pdb
816,313297583,random,YYDPETGTWY,amber,-63.22258096930088,4.764421599932299,15.451770060555308,5.811656282344195,5.508595556037851,4.848916770784997,1585.56,aer,4096,outputs/only_random_strategy/slurm_YYDPETGTWY_amber/replica_816/replica_816.pdb,outputs/only_random_strategy/slurm_YYDPETGTWY_amber/replica_816/replica_816_ca.pdb
462,313297229,random,YYDPETGTWY,amber,-51.73242543536307,4.76551258027924,13.465861875365833,5.354026609638994,5.508595556037851,4.848916770784997,1221.69,aer,4096,outputs/only_random_strategy/slurm_YYDPETGTWY_amber/replica_462/replica_462.pdb,outputs/only_random_strategy/slurm_YYDPETGTWY_amber/replica_462/replica_462_ca.pdb
707,313297474,random,YYDPETGTWY,amber,26.922555420822523,4.768564957664956,17.310263908665046,6.034271494339261,5.508595556037851,4.848916770784997,980.05,aer,4096,outputs/only_random_strategy/slurm_YYDPETGTWY_amber/replica_707/replica_707.pdb,outputs/only_random_strategy/slurm_YYDPETGTWY_amber/replica_707/replica_707_ca.pdb
742,313297509,random,YYDPETGTWY,amber,-91.49073900414604,4.769180146069476,15.101464264014528,5.776929088172095,5.508595556037851,4.848916770784997,961.45,aer,4096,outputs/only_random_strategy/slurm_YYDPETGTWY_amber/replica_742/replica_742.pdb,outputs/only_random_strategy/slurm_YYDPETGTWY_amber/replica_742/replica_742_ca.pdb
431,313297198,random,YYDPETGTWY,amber,-77.44265313206712,4.769253488354655,13.916115013583294,5.418402116141899,5.508595556037851,4.848916770784997,1887.54,aer,4096,outputs/only_random_strategy/slurm_YYDPETGTWY_amber/replica_431/replica_431.pdb,outputs/only_random_strategy/slurm_YYDPETGTWY_amber/replica_431/replica_431_ca.pdb
189,313296956,random,YYDPETGTWY,amber,-53.07207661325383,4.770220850720964,18.215326931163585,6.395230413253958,5.508595556037851,4.848916770784997,1117.14,aer,4096,outputs/only_random_strategy/slurm_YYDPETGTWY_amber/replica_189/replica_189.pdb,outputs/only_random_strategy/slurm_YYDPETGTWY_amber/replica_189/replica_189_ca.pdb
880,313297647,random,YYDPETGTWY,amber,17.599704563804327,4.775740829207098,17.01084863018225,6.237772988367481,5.508595556037851,4.848916770784997,1347.57,aer,4096,outputs/only_random_strategy/slurm_YYDPETGTWY_amber/replica_880/replica_880.pdb,outputs/only_random_strategy/slurm_YYDPETGTWY_amber/replica_880/replica_880_ca.pdb
718,313297485,random,YYDPETGTWY,amber,-41.67563271529934,4.7774328046565175,16.65900660595887,5.713098588928719,5.508595556037851,4.848916770784997,1760.42,aer,4096,outputs/only_random_strategy/slurm_YYDPETGTWY_amber/replica_718/replica_718.pdb,outputs/only_random_strategy/slurm_YYDPETGTWY_amber/replica_718/replica_718_ca.pdb
768,313297535,random,YYDPETGTWY,amber,-148.51573665292614,4.7792305423652905,15.496939669620692,5.442064739797057,5.508595556037851,4.848916770784997,1418.71,aer,4096,outputs/only_random_strategy/slurm_YYDPETGTWY_amber/replica_768/replica_768.pdb,outputs/only_random_strategy/slurm_YYDPETGTWY_amber/replica_768/replica_768_ca.pdb
329,313297096,random,YYDPETGTWY,amber,-14.56042011434605,4.78189145101358,15.337240966762058,5.692604409057645,5.508595556037851,4.848916770784997,1420.9,aer,4096,outputs/only_random_strategy/slurm_YYDPETGTWY_amber/replica_329/replica_329.pdb,outputs/only_random_strategy/slurm_YYDPETGTWY_amber/replica_329/replica_329_ca.pdb
109,313296876,random,YYDPETGTWY,amber,-80.6582751176769,4.781899682889342,15.47326498285357,6.237021442229366,5.508595556037851,4.848916770784997,1303.77,aer,4096,outputs/only_random_strategy/slurm_YYDPETGTWY_amber/replica_109/replica_109.pdb,outputs/only_random_strategy/slurm_YYDPETGTWY_amber/replica_109/replica_109_ca.pdb
300,313297067,random,YYDPETGTWY,amber,10.169734735221844,4.784119382814242,17.091078524550944,5.904643201103624,5.508595556037851,4.848916770784997,1048.71,aer,4096,outputs/only_random_strategy/slurm_YYDPETGTWY_amber/replica_300/replica_300.pdb,outputs/only_random_strategy/slurm_YYDPETGTWY_amber/replica_300/replica_300_ca.pdb
863,313297630,random,YYDPETGTWY,amber,-56.3885743376629,4.784714627916114,16.387933863859203,5.790103987776319,5.508595556037851,4.848916770784997,1513.5,aer,4096,outputs/only_random_strategy/slurm_YYDPETGTWY_amber/replica_863/replica_863.pdb,outputs/only_random_strategy/slurm_YYDPETGTWY_amber/replica_863/replica_863_ca.pdb
736,313297503,random,YYDPETGTWY,amber,33.04313645021579,4.785931133819772,16.30064247338626,6.018854110387522,5.508595556037851,4.848916770784997,1222.81,aer,4096,outputs/only_random_strategy/slurm_YYDPETGTWY_amber/replica_736/replica_736.pdb,outputs/only_random_strategy/slurm_YYDPETGTWY_amber/replica_736/replica_736_ca.pdb
335,313297102,random,YYDPETGTWY,amber,-69.7726298977457,4.786234050372409,15.08264443647013,5.85866284379713,5.508595556037851,4.848916770784997,1381.76,aer,4096,outputs/only_random_strategy/slurm_YYDPETGTWY_amber/replica_335/replica_335.pdb,outputs/only_random_strategy/slurm_YYDPETGTWY_amber/replica_335/replica_335_ca.pdb
41,313296808,random,YYDPETGTWY,amber,351.1005196117664,4.786470993724575,16.637168148988046,5.727447079857777,5.508595556037851,4.848916770784997,1033.27,aer,4096,outputs/only_random_strategy/slurm_YYDPETGTWY_amber/replica_41/replica_41.pdb,outputs/only_random_strategy/slurm_YYDPETGTWY_amber/replica_41/replica_41_ca.pdb
756,313297523,random,YYDPETGTWY,amber,-45.407471235606806,4.789700723324462,14.606502710329526,5.759334110513194,5.508595556037851,4.848916770784997,1246.46,aer,4096,outputs/only_random_strategy/slurm_YYDPETGTWY_amber/replica_756/replica_756.pdb,outputs/only_random_strategy/slurm_YYDPETGTWY_amber/replica_756/replica_756_ca.pdb
926,313297693,random,YYDPETGTWY,amber,-30.651066259928463,4.792216997900567,15.794040142810921,5.9133599185226124,5.508595556037851,4.848916770784997,1937.24,aer,4096,outputs/only_random_strategy/slurm_YYDPETGTWY_amber/replica_926/replica_926.pdb,outputs/only_random_strategy/slurm_YYDPETGTWY_amber/replica_926/replica_926_ca.pdb
612,313297379,random,YYDPETGTWY,amber,-74.81190920939078,4.792537827600524,15.958603171756703,6.052486897202042,5.508595556037851,4.848916770784997,1390.94,aer,4096,outputs/only_random_strategy/slurm_YYDPETGTWY_amber/replica_612/replica_612.pdb,outputs/only_random_strategy/slurm_YYDPETGTWY_amber/replica_612/replica_612_ca.pdb
339,313297106,random,YYDPETGTWY,amber,-84.1699546394576,4.7963706142450695,15.438310808532727,5.575765513608998,5.508595556037851,4.848916770784997,1653.44,aer,4096,outputs/only_random_strategy/slurm_YYDPETGTWY_amber/replica_339/replica_339.pdb,outputs/only_random_strategy/slurm_YYDPETGTWY_amber/replica_339/replica_339_ca.pdb
682,313297449,random,YYDPETGTWY,amber,-14.689355771513016,4.799442054381564,16.58345598776424,5.924209614432218,5.508595556037851,4.848916770784997,1510.87,aer,4096,outputs/only_random_strategy/slurm_YYDPETGTWY_amber/replica_682/replica_682.pdb,outputs/only_random_strategy/slurm_YYDPETGTWY_amber/replica_682/replica_682_ca.pdb
806,313297573,random,YYDPETGTWY,amber,-51.15155571639487,4.800111259242444,18.562499847999153,6.237326437030209,5.508595556037851,4.848916770784997,1404.7,aer,4096,outputs/only_random_strategy/slurm_YYDPETGTWY_amber/replica_806/replica_806.pdb,outputs/only_random_strategy/slurm_YYDPETGTWY_amber/replica_806/replica_806_ca.pdb
919,313297686,random,YYDPETGTWY,amber,22.4087506656956,4.800287274707444,14.978355100023204,5.839116107734328,5.508595556037851,4.848916770784997,2709.93,aer,4096,outputs/only_random_strategy/slurm_YYDPETGTWY_amber/replica_919/replica_919.pdb,outputs/only_random_strategy/slurm_YYDPETGTWY_amber/replica_919/replica_919_ca.pdb
550,313297317,random,YYDPETGTWY,amber,-32.20892394386542,4.80453860607273,17.02677657125056,5.430472650640911,5.508595556037851,4.848916770784997,1012.94,aer,4096,outputs/only_random_strategy/slurm_YYDPETGTWY_amber/replica_550/replica_550.pdb,outputs/only_random_strategy/slurm_YYDPETGTWY_amber/replica_550/replica_550_ca.pdb
60,313296827,random,YYDPETGTWY,amber,559.4372045986231,4.806156603679244,13.053304915085583,5.0461819852615335,5.508595556037851,4.848916770784997,970.56,aer,4096,outputs/only_random_strategy/slurm_YYDPETGTWY_amber/replica_60/replica_60.pdb,outputs/only_random_strategy/slurm_YYDPETGTWY_amber/replica_60/replica_60_ca.pdb
751,313297518,random,YYDPETGTWY,amber,7.242488850486145,4.806256445698575,13.227424651991457,5.064385120978098,5.508595556037851,4.848916770784997,1506.44,aer,4096,outputs/only_random_strategy/slurm_YYDPETGTWY_amber/replica_751/replica_751.pdb,outputs/only_random_strategy/slurm_YYDPETGTWY_amber/replica_751/replica_751_ca.pdb
467,313297234,random,YYDPETGTWY,amber,-94.48009284535438,4.806450028267101,17.29775831960409,5.877853948567825,5.508595556037851,4.848916770784997,1430.5,aer,4096,outputs/only_random_strategy/slurm_YYDPETGTWY_amber/replica_467/replica_467.pdb,outputs/only_random_strategy/slurm_YYDPETGTWY_amber/replica_467/replica_467_ca.pdb
642,313297409,random,YYDPETGTWY,amber,-99.89851654883726,4.809996045831664,15.858738631096983,5.4415892343055745,5.508595556037851,4.848916770784997,1696.15,aer,4096,outputs/only_random_strategy/slurm_YYDPETGTWY_amber/replica_642/replica_642.pdb,outputs/only_random_strategy/slurm_YYDPETGTWY_amber/replica_642/replica_642_ca.pdb
655,313297422,random,YYDPETGTWY,amber,-32.56248982029003,4.810336572684329,17.61704519950761,6.18816073681149,5.508595556037851,4.848916770784997,1238.51,aer,4096,outputs/only_random_strategy/slurm_YYDPETGTWY_amber/replica_655/replica_655.pdb,outputs/only_random_strategy/slurm_YYDPETGTWY_amber/replica_655/replica_655_ca.pdb
152,313296919,random,YYDPETGTWY,amber,-29.676737628306675,4.810511483780157,18.575038832242186,6.1815033147027085,5.508595556037851,4.848916770784997,1215.29,aer,4096,outputs/only_random_strategy/slurm_YYDPETGTWY_amber/replica_152/replica_152.pdb,outputs/only_random_strategy/slurm_YYDPETGTWY_amber/replica_152/replica_152_ca.pdb
693,313297460,random,YYDPETGTWY,amber,-23.915937999831403,4.8151456880556385,16.901317606977205,6.150503874921221,5.508595556037851,4.848916770784997,1644.78,aer,4096,outputs/only_random_strategy/slurm_YYDPETGTWY_amber/replica_693/replica_693.pdb,outputs/only_random_strategy/slurm_YYDPETGTWY_amber/replica_693/replica_693_ca.pdb
1,313296768,random,YYDPETGTWY,amber,-60.249593332775376,4.817519046698733,15.527255123302785,5.629894872480081,5.508595556037851,4.848916770784997,1579.13,aer,4096,outputs/only_random_strategy/slurm_YYDPETGTWY_amber/replica_1/replica_1.pdb,outputs/only_random_strategy/slurm_YYDPETGTWY_amber/replica_1/replica_1_ca.pdb
247,313297014,random,YYDPETGTWY,amber,484.62793981475994,4.81786398486025,14.324874346121494,5.965760168543325,5.508595556037851,4.848916770784997,862.02,aer,4096,outputs/only_random_strategy/slurm_YYDPETGTWY_amber/replica_247/replica_247.pdb,outputs/only_random_strategy/slurm_YYDPETGTWY_amber/replica_247/replica_247_ca.pdb
205,313296972,random,YYDPETGTWY,amber,571.0925672300206,4.819795140991897,18.70061259358247,6.23027874992845,5.508595556037851,4.848916770784997,1265.49,aer,4096,outputs/only_random_strategy/slurm_YYDPETGTWY_amber/replica_205/replica_205.pdb,outputs/only_random_strategy/slurm_YYDPETGTWY_amber/replica_205/replica_205_ca.pdb
136,313296903,random,YYDPETGTWY,amber,446.9789488210938,4.820982756595637,18.67638028522461,6.077363436367808,5.508595556037851,4.848916770784997,822.08,aer,4096,outputs/only_random_strategy/slurm_YYDPETGTWY_amber/replica_136/replica_136.pdb,outputs/only_random_strategy/slurm_YYDPETGTWY_amber/replica_136/replica_136_ca.pdb
510,313297277,random,YYDPETGTWY,amber,-37.075708275730385,4.821717066026105,14.914592519767488,5.69880477858128,5.508595556037851,4.848916770784997,1184.1,aer,4096,outputs/only_random_strategy/slurm_YYDPETGTWY_amber/replica_510/replica_510.pdb,outputs/only_random_strategy/slurm_YYDPETGTWY_amber/replica_510/replica_510_ca.pdb
966,313297733,random,YYDPETGTWY,amber,-36.45956098291073,4.822392160707867,17.87817968673834,6.094441673388859,5.508595556037851,4.848916770784997,2155.27,aer,4096,outputs/only_random_strategy/slurm_YYDPETGTWY_amber/replica_966/replica_966.pdb,outputs/only_random_strategy/slurm_YYDPETGTWY_amber/replica_966/replica_966_ca.pdb
379,313297146,random,YYDPETGTWY,amber,-34.14911841629007,4.82302746282959,15.306201283962862,5.8146327583389725,5.508595556037851,4.848916770784997,1819.44,aer,4096,outputs/only_random_strategy/slurm_YYDPETGTWY_amber/replica_379/replica_379.pdb,outputs/only_random_strategy/slurm_YYDPETGTWY_amber/replica_379/replica_379_ca.pdb
856,313297623,random,YYDPETGTWY,amber,20.05775039145559,4.825362647435127,14.419959915406498,5.654367632990674,5.508595556037851,4.848916770784997,1395.75,aer,4096,outputs/only_random_strategy/slurm_YYDPETGTWY_amber/replica_856/replica_856.pdb,outputs/only_random_strategy/slurm_YYDPETGTWY_amber/replica_856/replica_856_ca.pdb
209,313296976,random,YYDPETGTWY,amber,-26.897609703589026,4.827030205425304,15.302081366661547,5.954896800367094,5.508595556037851,4.848916770784997,1311.28,aer,4096,outputs/only_random_strategy/slurm_YYDPETGTWY_amber/replica_209/replica_209.pdb,outputs/only_random_strategy/slurm_YYDPETGTWY_amber/replica_209/replica_209_ca.pdb
745,313297512,random,YYDPETGTWY,amber,-6.792530175227752,4.8276863613681495,17.81477752279493,6.1463288248216825,5.508595556037851,4.848916770784997,1141.02,aer,4096,outputs/only_random_strategy/slurm_YYDPETGTWY_amber/replica_745/replica_745.pdb,outputs/only_random_strategy/slurm_YYDPETGTWY_amber/replica_745/replica_745_ca.pdb
844,313297611,random,YYDPETGTWY,amber,-20.919399511962943,4.833423123618457,13.198481273087094,5.355020754031744,5.508595556037851,4.848916770784997,1770.95,aer,4096,outputs/only_random_strategy/slurm_YYDPETGTWY_amber/replica_844/replica_844.pdb,outputs/only_random_strategy/slurm_YYDPETGTWY_amber/replica_844/replica_844_ca.pdb
518,313297285,random,YYDPETGTWY,amber,-12.353741286350372,4.83598715332858,17.58169424691435,5.925278962713011,5.508595556037851,4.848916770784997,1604.04,aer,4096,outputs/only_random_strategy/slurm_YYDPETGTWY_amber/replica_518/replica_518.pdb,outputs/only_random_strategy/slurm_YYDPETGTWY_amber/replica_518/replica_518_ca.pdb
680,313297447,random,YYDPETGTWY,amber,-38.12226044455737,4.838207200504978,15.736159211267786,5.91913267126731,5.508595556037851,4.848916770784997,1210.67,aer,4096,outputs/only_random_strategy/slurm_YYDPETGTWY_amber/replica_680/replica_680.pdb,outputs/only_random_strategy/slurm_YYDPETGTWY_amber/replica_680/replica_680_ca.pdb
123,313296890,random,YYDPETGTWY,amber,-71.08675923804974,4.839453758471493,17.830601098158002,6.046761255006663,5.508595556037851,4.848916770784997,1302.64,aer,4096,outputs/only_random_strategy/slurm_YYDPETGTWY_amber/replica_123/replica_123.pdb,outputs/only_random_strategy/slurm_YYDPETGTWY_amber/replica_123/replica_123_ca.pdb
490,313297257,random,YYDPETGTWY,amber,68.32031274676294,4.845752719107595,16.940130057575953,5.893458618768245,5.508595556037851,4.848916770784997,1373.63,aer,4096,outputs/only_random_strategy/slurm_YYDPETGTWY_amber/replica_490/replica_490.pdb,outputs/only_random_strategy/slurm_YYDPETGTWY_amber/replica_490/replica_490_ca.pdb
280,313297047,random,YYDPETGTWY,amber,2.4207328011178095,4.8472162030283,14.150793344192747,5.665608485960912,5.508595556037851,4.848916770784997,1732.16,aer,4096,outputs/only_random_strategy/slurm_YYDPETGTWY_amber/replica_280/replica_280.pdb,outputs/only_random_strategy/slurm_YYDPETGTWY_amber/replica_280/replica_280_ca.pdb
501,313297268,random,YYDPETGTWY,amber,-113.57738439116744,4.848500083393723,14.031901482308685,5.948443339212553,5.508595556037851,4.848916770784997,1475.55,aer,4096,outputs/only_random_strategy/slurm_YYDPETGTWY_amber/replica_501/replica_501.pdb,outputs/only_random_strategy/slurm_YYDPETGTWY_amber/replica_501/replica_501_ca.pdb
304,313297071,random,YYDPETGTWY,amber,-93.80183176246611,4.848541457460193,16.40177005983204,5.607652190151955,5.508595556037851,4.848916770784997,1204.86,aer,4096,outputs/only_random_strategy/slurm_YYDPETGTWY_amber/replica_304/replica_304.pdb,outputs/only_random_strategy/slurm_YYDPETGTWY_amber/replica_304/replica_304_ca.pdb
991,313297758,random,YYDPETGTWY,amber,-68.74058981856639,4.849221683563003,15.923284349511476,5.838291429557029,5.508595556037851,4.848916770784997,1237.26,aer,4096,outputs/only_random_strategy/slurm_YYDPETGTWY_amber/replica_991/replica_991.pdb,outputs/only_random_strategy/slurm_YYDPETGTWY_amber/replica_991/replica_991_ca.pdb
185,313296952,random,YYDPETGTWY,amber,-12.338709545307522,4.849808955760206,17.155328540741326,5.903245105946153,5.508595556037851,4.848916770784997,1188.78,aer,4096,outputs/only_random_strategy/slurm_YYDPETGTWY_amber/replica_185/replica_185.pdb,outputs/only_random_strategy/slurm_YYDPETGTWY_amber/replica_185/replica_185_ca.pdb
779,313297546,random,YYDPETGTWY,amber,-21.10462931433541,4.850926503635013,14.73746099263857,6.011596051202876,5.508595556037851,4.848916770784997,1449.26,aer,4096,outputs/only_random_strategy/slurm_YYDPETGTWY_amber/replica_779/replica_779.pdb,outputs/only_random_strategy/slurm_YYDPETGTWY_amber/replica_779/replica_779_ca.pdb
934,313297701,random,YYDPETGTWY,amber,-74.95474479665826,4.853270798701176,16.802784490213796,6.081704570189748,5.508595556037851,4.848916770784997,1359.34,aer,4096,outputs/only_random_strategy/slurm_YYDPETGTWY_amber/replica_934/replica_934.pdb,outputs/only_random_strategy/slurm_YYDPETGTWY_amber/replica_934/replica_934_ca.pdb
508,313297275,random,YYDPETGTWY,amber,-88.3642508817827,4.854465212235218,15.72158440736802,5.846051125977138,5.508595556037851,4.848916770784997,1827.18,aer,4096,outputs/only_random_strategy/slurm_YYDPETGTWY_amber/replica_508/replica_508.pdb,outputs/only_random_strategy/slurm_YYDPETGTWY_amber/replica_508/replica_508_ca.pdb
36,313296803,random,YYDPETGTWY,amber,322.0307997765108,4.854817753360217,17.04874141620951,5.973761021201427,5.508595556037851,4.848916770784997,971.2,aer,4096,outputs/only_random_strategy/slurm_YYDPETGTWY_amber/replica_36/replica_36.pdb,outputs/only_random_strategy/slurm_YYDPETGTWY_amber/replica_36/replica_36_ca.pdb
54,313296821,random,YYDPETGTWY,amber,-22.71857657095316,4.857416078868217,15.746602257312295,5.931913151850516,5.508595556037851,4.848916770784997,1646.24,aer,4096,outputs/only_random_strategy/slurm_YYDPETGTWY_amber/replica_54/replica_54.pdb,outputs/only_random_strategy/slurm_YYDPETGTWY_amber/replica_54/replica_54_ca.pdb
623,313297390,random,YYDPETGTWY,amber,14.898144599242096,4.870385568367249,16.10468412444475,5.779526266982735,5.508595556037851,4.848916770784997,1249.92,aer,4096,outputs/only_random_strategy/slurm_YYDPETGTWY_amber/replica_623/replica_623.pdb,outputs/only_random_strategy/slurm_YYDPETGTWY_amber/replica_623/replica_623_ca.pdb
598,313297365,random,YYDPETGTWY,amber,278.7829561818437,4.8719575788259935,15.184248138843758,5.779962357462234,5.508595556037851,4.848916770784997,1559.27,aer,4096,outputs/only_random_strategy/slurm_YYDPETGTWY_amber/replica_598/replica_598.pdb,outputs/only_random_strategy/slurm_YYDPETGTWY_amber/replica_598/replica_598_ca.pdb
563,313297330,random,YYDPETGTWY,amber,23.22014116681023,4.872217701861318,15.645072756872135,5.787513853316367,5.508595556037851,4.848916770784997,1150.32,aer,4096,outputs/only_random_strategy/slurm_YYDPETGTWY_amber/replica_563/replica_563.pdb,outputs/only_random_strategy/slurm_YYDPETGTWY_amber/replica_563/replica_563_ca.pdb
936,313297703,random,YYDPETGTWY,amber,-43.76979785740979,4.87231650339105,15.668546577770986,5.6721421942886145,5.508595556037851,4.848916770784997,1282.45,aer,4096,outputs/only_random_strategy/slurm_YYDPETGTWY_amber/replica_936/replica_936.pdb,outputs/only_random_strategy/slurm_YYDPETGTWY_amber/replica_936/replica_936_ca.pdb
303,313297070,random,YYDPETGTWY,amber,-48.444183027647895,4.873278562465321,15.785713038593121,5.726311662444212,5.508595556037851,4.848916770784997,1069.65,aer,4096,outputs/only_random_strategy/slurm_YYDPETGTWY_amber/replica_303/replica_303.pdb,outputs/only_random_strategy/slurm_YYDPETGTWY_amber/replica_303/replica_303_ca.pdb
104,313296871,random,YYDPETGTWY,amber,28.86007775977984,4.8745633542336915,14.996625446694074,5.932765324447556,5.508595556037851,4.848916770784997,1390.28,aer,4096,outputs/only_random_strategy/slurm_YYDPETGTWY_amber/replica_104/replica_104.pdb,outputs/only_random_strategy/slurm_YYDPETGTWY_amber/replica_104/replica_104_ca.pdb
794,313297561,random,YYDPETGTWY,amber,-40.36852596326228,4.8746441833077245,16.222465120592336,6.072879710054357,5.508595556037851,4.848916770784997,1621.1,aer,4096,outputs/only_random_strategy/slurm_YYDPETGTWY_amber/replica_794/replica_794.pdb,outputs/only_random_strategy/slurm_YYDPETGTWY_amber/replica_794/replica_794_ca.pdb
290,313297057,random,YYDPETGTWY,amber,36.10445344527865,4.875452611700011,16.809123179488463,6.07110893087699,5.508595556037851,4.848916770784997,1209.65,aer,4096,outputs/only_random_strategy/slurm_YYDPETGTWY_amber/replica_290/replica_290.pdb,outputs/only_random_strategy/slurm_YYDPETGTWY_amber/replica_290/replica_290_ca.pdb
829,313297596,random,YYDPETGTWY,amber,-68.17551839363183,4.876419531271467,16.356909308927495,5.631697684896487,5.508595556037851,4.848916770784997,1653.08,aer,4096,outputs/only_random_strategy/slurm_YYDPETGTWY_amber/replica_829/replica_829.pdb,outputs/only_random_strategy/slurm_YYDPETGTWY_amber/replica_829/replica_829_ca.pdb
22,313296789,random,YYDPETGTWY,amber,8.688083279540578,4.8766147176516075,18.411512014487172,5.995951047038291,5.508595556037851,4.848916770784997,1231.68,aer,4096,outputs/only_random_strategy/slurm_YYDPETGTWY_amber/replica_22/replica_22.pdb,outputs/only_random_strategy/slurm_YYDPETGTWY_amber/replica_22/replica_22_ca.pdb
875,313297642,random,YYDPETGTWY,amber,-101.98664116835258,4.881153854525208,17.17832644482223,6.305819803820618,5.508595556037851,4.848916770784997,1238.22,aer,4096,outputs/only_random_strategy/slurm_YYDPETGTWY_amber/replica_875/replica_875.pdb,outputs/only_random_strategy/slurm_YYDPETGTWY_amber/replica_875/replica_875_ca.pdb
599,313297366,random,YYDPETGTWY,amber,-78.71967762287883,4.881857524049862,16.697505362219665,5.814814751159117,5.508595556037851,4.848916770784997,1400.51,aer,4096,outputs/only_random_strategy/slurm_YYDPETGTWY_amber/replica_599/replica_599.pdb,outputs/only_random_strategy/slurm_YYDPETGTWY_amber/replica_599/replica_599_ca.pdb
250,313297017,random,YYDPETGTWY,amber,-52.002342180616324,4.882815175409718,13.885796742050294,5.797560536478422,5.508595556037851,4.848916770784997,1370.94,aer,4096,outputs/only_random_strategy/slurm_YYDPETGTWY_amber/replica_250/replica_250.pdb,outputs/only_random_strategy/slurm_YYDPETGTWY_amber/replica_250/replica_250_ca.pdb
64,313296831,random,YYDPETGTWY,amber,-102.4532343075873,4.883554793251873,14.8824918186738,6.0001602553420845,5.508595556037851,4.848916770784997,1528.3,aer,4096,outputs/only_random_strategy/slurm_YYDPETGTWY_amber/replica_64/replica_64.pdb,outputs/only_random_strategy/slurm_YYDPETGTWY_amber/replica_64/replica_64_ca.pdb
825,313297592,random,YYDPETGTWY,amber,370.8851874555224,4.886484573008779,17.12823690414672,6.081903437553776,5.508595556037851,4.848916770784997,734.14,aer,4096,outputs/only_random_strategy/slurm_YYDPETGTWY_amber/replica_825/replica_825.pdb,outputs/only_random_strategy/slurm_YYDPETGTWY_amber/replica_825/replica_825_ca.pdb
669,313297436,random,YYDPETGTWY,amber,169.7414715907349,4.8865596686085695,16.736740078650016,6.161035063368553,5.508595556037851,4.848916770784997,854.67,aer,4096,outputs/only_random_strategy/slurm_YYDPETGTWY_amber/replica_669/replica_669.pdb,outputs/only_random_strategy/slurm_YYDPETGTWY_amber/replica_669/replica_669_ca.pdb
206,313296973,random,YYDPETGTWY,amber,-9.49245968973825,4.887071520612362,16.159497985678293,5.697420771591176,5.508595556037851,4.848916770784997,1800.92,aer,4096,outputs/only_random_strategy/slurm_YYDPETGTWY_amber/replica_206/replica_206.pdb,outputs/only_random_strategy/slurm_YYDPETGTWY_amber/replica_206/replica_206_ca.pdb
577,313297344,random,YYDPETGTWY,amber,-46.138349782806095,4.888098284003308,15.307417471297347,6.044441835595273,5.508595556037851,4.848916770784997,1156.23,aer,4096,outputs/only_random_strategy/slurm_YYDPETGTWY_amber/replica_577/replica_577.pdb,outputs/only_random_strategy/slurm_YYDPETGTWY_amber/replica_577/replica_577_ca.pdb
231,313296998,random,YYDPETGTWY,amber,-68.31758506745882,4.888142445987906,14.728638359863124,5.89843587501345,5.508595556037851,4.848916770784997,1117.14,aer,4096,outputs/only_random_strategy/slurm_YYDPETGTWY_amber/replica_231/replica_231.pdb,outputs/only_random_strategy/slurm_YYDPETGTWY_amber/replica_231/replica_231_ca.pdb
391,313297158,random,YYDPETGTWY,amber,38.47600753611366,4.8956331036419,18.550416867214857,6.142288539208997,5.508595556037851,4.848916770784997,1070.66,aer,4096,outputs/only_random_strategy/slurm_YYDPETGTWY_amber/replica_391/replica_391.pdb,outputs/only_random_strategy/slurm_YYDPETGTWY_amber/replica_391/replica_391_ca.pdb
103,313296870,random,YYDPETGTWY,amber,-27.11874426730075,4.898374385615801,17.94053124484792,6.333934129473491,5.508595556037851,4.848916770784997,1542.01,aer,4096,outputs/only_random_strategy/slurm_YYDPETGTWY_amber/replica_103/replica_103.pdb,outputs/only_random_strategy/slurm_YYDPETGTWY_amber/replica_103/replica_103_ca.pdb
288,313297055,random,YYDPETGTWY,amber,13.960203528461356,4.903564263226455,15.746014382427735,5.752307976799531,5.508595556037851,4.848916770784997,1502.32,aer,4096,outputs/only_random_strategy/slurm_YYDPETGTWY_amber/replica_288/replica_288.pdb,outputs/only_random_strategy/slurm_YYDPETGTWY_amber/replica_288/replica_288_ca.pdb
212,313296979,random,YYDPETGTWY,amber,-55.782183729086235,4.904466236759418,16.853143246358865,6.069990062583839,5.508595556037851,4.848916770784997,1177.0,aer,4096,outputs/only_random_strategy/slurm_YYDPETGTWY_amber/replica_212/replica_212.pdb,outputs/only_random_strategy/slurm_YYDPETGTWY_amber/replica_212/replica_212_ca.pdb
146,313296913,random,YYDPETGTWY,amber,-67.52513200161663,4.908755367264889,15.12753349243929,5.865106758024748,5.508595556037851,4.848916770784997,1171.94,aer,4096,outputs/only_random_strategy/slurm_YYDPETGTWY_amber/replica_146/replica_146.pdb,outputs/only_random_strategy/slurm_YYDPETGTWY_amber/replica_146/replica_146_ca.pdb
129,313296896,random,YYDPETGTWY,amber,32.348549186563126,4.913677701030106,16.501759263747942,5.832288107171302,5.508595556037851,4.848916770784997,1905.47,aer,4096,outputs/only_random_strategy/slurm_YYDPETGTWY_amber/replica_129/replica_129.pdb,outputs/only_random_strategy/slurm_YYDPETGTWY_amber/replica_129/replica_129_ca.pdb
688,313297455,random,YYDPETGTWY,amber,37.80962532528923,4.920730735623122,14.580072910776975,5.996803337376898,5.508595556037851,4.848916770784997,1447.5,aer,4096,outputs/only_random_strategy/slurm_YYDPETGTWY_amber/replica_688/replica_688.pdb,outputs/only_random_strategy/slurm_YYDPETGTWY_amber/replica_688/replica_688_ca.pdb
89,313296856,random,YYDPETGTWY,amber,-2.672980077369943,4.923285433349832,16.213270259094553,6.12717591662208,5.508595556037851,4.848916770784997,1588.85,aer,4096,outputs/only_random_strategy/slurm_YYDPETGTWY_amber/replica_89/replica_89.pdb,outputs/only_random_strategy/slurm_YYDPETGTWY_amber/replica_89/replica_89_ca.pdb
695,313297462,random,YYDPETGTWY,amber,-33.718498908099676,4.924004113591648,17.064596537996557,6.035075057323763,5.508595556037851,4.848916770784997,1347.91,aer,4096,outputs/only_random_strategy/slurm_YYDPETGTWY_amber/replica_695/replica_695.pdb,outputs/only_random_strategy/slurm_YYDPETGTWY_amber/replica_695/replica_695_ca.pdb
803,313297570,random,YYDPETGTWY,amber,7.787718519783256,4.92691604290261,18.412599007730297,6.164994544489267,5.508595556037851,4.848916770784997,1314.39,aer,4096,outputs/only_random_strategy/slurm_YYDPETGTWY_amber/replica_803/replica_803.pdb,outputs/only_random_strategy/slurm_YYDPETGTWY_amber/replica_803/replica_803_ca.pdb
295,313297062,random,YYDPETGTWY,amber,-65.341890258398,4.930871129284168,17.405898010228746,6.1380299413704495,5.508595556037851,4.848916770784997,1226.2,aer,4096,outputs/only_random_strategy/slurm_YYDPETGTWY_amber/replica_295/replica_295.pdb,outputs/only_random_strategy/slurm_YYDPETGTWY_amber/replica_295/replica_295_ca.pdb
978,313297745,random,YYDPETGTWY,amber,10.516945163730334,4.932849535778385,15.901702098936445,5.953962138875938,5.508595556037851,4.848916770784997,1347.13,aer,4096,outputs/only_random_strategy/slurm_YYDPETGTWY_amber/replica_978/replica_978.pdb,outputs/only_random_strategy/slurm_YYDPETGTWY_amber/replica_978/replica_978_ca.pdb
8,313296775,random,YYDPETGTWY,amber,329.3957536084007,4.936742565315059,15.60302084464971,6.1788093950076615,5.508595556037851,4.848916770784997,840.81,aer,4096,outputs/only_random_strategy/slurm_YYDPETGTWY_amber/replica_8/replica_8.pdb,outputs/only_random_strategy/slurm_YYDPETGTWY_amber/replica_8/replica_8_ca.pdb
262,313297029,random,YYDPETGTWY,amber,-78.36759098128844,4.938623847018426,17.035168665262898,5.961424082111458,5.508595556037851,4.848916770784997,1201.6,aer,4096,outputs/only_random_strategy/slurm_YYDPETGTWY_amber/replica_262/replica_262.pdb,outputs/only_random_strategy/slurm_YYDPETGTWY_amber/replica_262/replica_262_ca.pdb
957,313297724,random,YYDPETGTWY,amber,-78.75185282486004,4.938810084717706,18.696479405912797,6.288691107220959,5.508595556037851,4.848916770784997,1313.12,aer,4096,outputs/only_random_strategy/slurm_YYDPETGTWY_amber/replica_957/replica_957.pdb,outputs/only_random_strategy/slurm_YYDPETGTWY_amber/replica_957/replica_957_ca.pdb
227,313296994,random,YYDPETGTWY,amber,9.467029367460878,4.939248752496018,15.758401169863799,6.086386998399174,5.508595556037851,4.848916770784997,1425.83,aer,4096,outputs/only_random_strategy/slurm_YYDPETGTWY_amber/replica_227/replica_227.pdb,outputs/only_random_strategy/slurm_YYDPETGTWY_amber/replica_227/replica_227_ca.pdb
757,313297524,random,YYDPETGTWY,amber,-34.555613761812594,4.945849720882953,16.92357945686836,6.228376864313421,5.508595556037851,4.848916770784997,1692.88,aer,4096,outputs/only_random_strategy/slurm_YYDPETGTWY_amber/replica_757/replica_757.pdb,outputs/only_random_strategy/slurm_YYDPETGTWY_amber/replica_757/replica_757_ca.pdb
469,313297236,random,YYDPETGTWY,amber,-19.396210001903974,4.94772493594116,16.037551419110546,5.753183358009523,5.508595556037851,4.848916770784997,1243.52,aer,4096,outputs/only_random_strategy/slurm_YYDPETGTWY_amber/replica_469/replica_469.pdb,outputs/only_random_strategy/slurm_YYDPETGTWY_amber/replica_469/replica_469_ca.pdb
873,313297640,random,YYDPETGTWY,amber,-0.2341970090920561,4.949660679472422,16.490397788025792,5.995054064054232,5.508595556037851,4.848916770784997,1582.23,aer,4096,outputs/only_random_strategy/slurm_YYDPETGTWY_amber/replica_873/replica_873.pdb,outputs/only_random_strategy/slurm_YYDPETGTWY_amber/replica_873/replica_873_ca.pdb
692,313297459,random,YYDPETGTWY,amber,-57.642269204631354,4.950912442140069,16.56991601159132,5.635701485582491,5.508595556037851,4.848916770784997,1259.73,aer,4096,outputs/only_random_strategy/slurm_YYDPETGTWY_amber/replica_692/replica_692.pdb,outputs/only_random_strategy/slurm_YYDPETGTWY_amber/replica_692/replica_692_ca.pdb
405,313297172,random,YYDPETGTWY,amber,-59.13782171108289,4.9562226291518625,13.973146896450924,4.938895531801331,5.508595556037851,4.848916770784997,1386.6,aer,4096,outputs/only_random_strategy/slurm_YYDPETGTWY_amber/replica_405/replica_405.pdb,outputs/only_random_strategy/slurm_YYDPETGTWY_amber/replica_405/replica_405_ca.pdb
81,313296848,random,YYDPETGTWY,amber,-46.72832522204144,4.956405706517008,16.580988096238617,6.266419785331077,5.508595556037851,4.848916770784997,1582.9,aer,4096,outputs/only_random_strategy/slurm_YYDPETGTWY_amber/replica_81/replica_81.pdb,outputs/only_random_strategy/slurm_YYDPETGTWY_amber/replica_81/replica_81_ca.pdb
237,313297004,random,YYDPETGTWY,amber,-80.68914411141466,4.958945428300612,14.508345745772413,5.015441611796065,5.508595556037851,4.848916770784997,1470.14,aer,4096,outputs/only_random_strategy/slurm_YYDPETGTWY_amber/replica_237/replica_237.pdb,outputs/only_random_strategy/slurm_YYDPETGTWY_amber/replica_237/replica_237_ca.pdb
0,313296767,random,YYDPETGTWY,amber,-40.36222118146687,4.961241877876223,14.661345800570968,5.534910934483008,5.508595556037851,4.848916770784997,1275.96,aer,4096,outputs/only_random_strategy/slurm_YYDPETGTWY_amber/replica_0/replica_0.pdb,outputs/only_random_strategy/slurm_YYDPETGTWY_amber/replica_0/replica_0_ca.pdb
685,313297452,random,YYDPETGTWY,amber,-92.3733810418249,4.9625352922637855,14.970486946031178,5.515769782645399,5.508595556037851,4.848916770784997,1655.09,aer,4096,outputs/only_random_strategy/slurm_YYDPETGTWY_amber/replica_685/replica_685.pdb,outputs/only_random_strategy/slurm_YYDPETGTWY_amber/replica_685/replica_685_ca.pdb
990,313297757,random,YYDPETGTWY,amber,-8.184802892824532,4.963087301132499,12.970482037704565,4.795039286111971,5.508595556037851,4.848916770784997,1223.83,aer,4096,outputs/only_random_strategy/slurm_YYDPETGTWY_amber/replica_990/replica_990.pdb,outputs/only_random_strategy/slurm_YYDPETGTWY_amber/replica_990/replica_990_ca.pdb
738,313297505,random,YYDPETGTWY,amber,14.109583107946968,4.964475041227836,17.816698112659264,6.033400346993936,5.508595556037851,4.848916770784997,1797.3,aer,4096,outputs/only_random_strategy/slurm_YYDPETGTWY_amber/replica_738/replica_738.pdb,outputs/only_random_strategy/slurm_YYDPETGTWY_amber/replica_738/replica_738_ca.pdb
666,313297433,random,YYDPETGTWY,amber,36.69045752159132,4.96680134491135,17.985018275512008,6.006029656978592,5.508595556037851,4.848916770784997,1919.39,aer,4096,outputs/only_random_strategy/slurm_YYDPETGTWY_amber/replica_666/replica_666.pdb,outputs/only_random_strategy/slurm_YYDPETGTWY_amber/replica_666/replica_666_ca.pdb
565,313297332,random,YYDPETGTWY,amber,-106.52132756418136,4.970732239704771,17.81347911940146,6.159886523003919,5.508595556037851,4.848916770784997,1727.44,aer,4096,outputs/only_random_strategy/slurm_YYDPETGTWY_amber/replica_565/replica_565.pdb,outputs/only_random_strategy/slurm_YYDPETGTWY_amber/replica_565/replica_565_ca.pdb
522,313297289,random,YYDPETGTWY,amber,-53.75360262118897,4.978948446516122,18.054335204064987,6.078590619946164,5.508595556037851,4.848916770784997,1283.99,aer,4096,outputs/only_random_strategy/slurm_YYDPETGTWY_amber/replica_522/replica_522.pdb,outputs/only_random_strategy/slurm_YYDPETGTWY_amber/replica_522/replica_522_ca.pdb
808,313297575,random,YYDPETGTWY,amber,-64.08356676878563,4.979916994469416,17.30241775733452,6.021844843081479,5.508595556037851,4.848916770784997,1507.89,aer,4096,outputs/only_random_strategy/slurm_YYDPETGTWY_amber/replica_808/replica_808.pdb,outputs/only_random_strategy/slurm_YYDPETGTWY_amber/replica_808/replica_808_ca.pdb
557,313297324,random,YYDPETGTWY,amber,31.071137206038028,4.980198703910891,15.87991549007167,5.588581390342707,5.508595556037851,4.848916770784997,1502.07,aer,4096,outputs/only_random_strategy/slurm_YYDPETGTWY_amber/replica_557/replica_557.pdb,outputs/only_random_strategy/slurm_YYDPETGTWY_amber/replica_557/replica_557_ca.pdb
366,313297133,random,YYDPETGTWY,amber,-46.24754017943254,4.981061465926351,17.545731175240146,5.972852694877746,5.508595556037851,4.848916770784997,1475.38,aer,4096,outputs/only_random_strategy/slurm_YYDPETGTWY_amber/replica_366/replica_366.pdb,outputs/only_random_strategy/slurm_YYDPETGTWY_amber/replica_366/replica_366_ca.pdb
296,313297063,random,YYDPETGTWY,amber,-36.579819092004655,4.987821353976345,16.438995397368192,5.85457977691576,5.508595556037851,4.848916770784997,1083.86,aer,4096,outputs/only_random_strategy/slurm_YYDPETGTWY_amber/replica_296/replica_296.pdb,outputs/only_random_strategy/slurm_YYDPETGTWY_amber/replica_296/replica_296_ca.pdb
478,313297245,random,YYDPETGTWY,amber,-82.76223649352262,4.991499180587432,18.657691884522364,6.115549978553882,5.508595556037851,4.848916770784997,1104.2,aer,4096,outputs/only_random_strategy/slurm_YYDPETGTWY_amber/replica_478/replica_478.pdb,outputs/only_random_strategy/slurm_YYDPETGTWY_amber/replica_478/replica_478_ca.pdb
441,313297208,random,YYDPETGTWY,amber,-60.049805356405074,4.992954738409335,17.89693524766135,6.039828316973611,5.508595556037851,4.848916770784997,1042.91,aer,4096,outputs/only_random_strategy/slurm_YYDPETGTWY_amber/replica_441/replica_441.pdb,outputs/only_random_strategy/slurm_YYDPETGTWY_amber/replica_441/replica_441_ca.pdb
636,313297403,random,YYDPETGTWY,amber,-47.16826586271297,4.993217088839641,15.782971494812346,5.760440468446642,5.508595556037851,4.848916770784997,1195.32,aer,4096,outputs/only_random_strategy/slurm_YYDPETGTWY_amber/replica_636/replica_636.pdb,outputs/only_random_strategy/slurm_YYDPETGTWY_amber/replica_636/replica_636_ca.pdb
878,313297645,random,YYDPETGTWY,amber,-59.37500925010666,5.002196286862844,16.845209883891087,5.690603071672311,5.508595556037851,4.848916770784997,1666.54,aer,4096,outputs/only_random_strategy/slurm_YYDPETGTWY_amber/replica_878/replica_878.pdb,outputs/only_random_strategy/slurm_YYDPETGTWY_amber/replica_878/replica_878_ca.pdb
896,313297663,random,YYDPETGTWY,amber,-53.09001590704752,5.006311194856832,15.938544146544379,5.299404262947029,5.508595556037851,4.848916770784997,1271.93,aer,4096,outputs/only_random_strategy/slurm_YYDPETGTWY_amber/replica_896/replica_896.pdb,outputs/only_random_strategy/slurm_YYDPETGTWY_amber/replica_896/replica_896_ca.pdb
970,313297737,random,YYDPETGTWY,amber,665.31154960374,5.007848249506051,18.149642284686678,6.466553029069551,5.508595556037851,4.848916770784997,895.31,aer,4096,outputs/only_random_strategy/slurm_YYDPETGTWY_amber/replica_970/replica_970.pdb,outputs/only_random_strategy/slurm_YYDPETGTWY_amber/replica_970/replica_970_ca.pdb
228,313296995,random,YYDPETGTWY,amber,-96.14058786391473,5.010669023051176,13.21760500444673,4.732422511585025,5.508595556037851,4.848916770784997,1401.1,aer,4096,outputs/only_random_strategy/slurm_YYDPETGTWY_amber/replica_228/replica_228.pdb,outputs/only_random_strategy/slurm_YYDPETGTWY_amber/replica_228/replica_228_ca.pdb
932,313297699,random,YYDPETGTWY,amber,547.0800555202278,5.011571205809156,16.01202086799903,5.897572508366882,5.508595556037851,4.848916770784997,1104.59,aer,4096,outputs/only_random_strategy/slurm_YYDPETGTWY_amber/replica_932/replica_932.pdb,outputs/only_random_strategy/slurm_YYDPETGTWY_amber/replica_932/replica_932_ca.pdb
775,313297542,random,YYDPETGTWY,amber,-25.924052148705083,5.011973039699021,17.212826821412794,6.068836135061747,5.508595556037851,4.848916770784997,1369.54,aer,4096,outputs/only_random_strategy/slurm_YYDPETGTWY_amber/replica_775/replica_775.pdb,outputs/only_random_strategy/slurm_YYDPETGTWY_amber/replica_775/replica_775_ca.pdb
395,313297162,random,YYDPETGTWY,amber,497.1382633217518,5.014221133497044,17.864283884718393,6.28067599790774,5.508595556037851,4.848916770784997,1308.05,aer,4096,outputs/only_random_strategy/slurm_YYDPETGTWY_amber/replica_395/replica_395.pdb,outputs/only_random_strategy/slurm_YYDPETGTWY_amber/replica_395/replica_395_ca.pdb
731,313297498,random,YYDPETGTWY,amber,-106.85142215269084,5.014668720114434,17.260961224104854,5.968857735304303,5.508595556037851,4.848916770784997,2008.3,aer,4096,outputs/only_random_strategy/slurm_YYDPETGTWY_amber/replica_731/replica_731.pdb,outputs/only_random_strategy/slurm_YYDPETGTWY_amber/replica_731/replica_731_ca.pdb
737,313297504,random,YYDPETGTWY,amber,-3.557473494989867,5.015755720970541,15.462198662297995,5.4352200474508,5.508595556037851,4.848916770784997,1206.04,aer,4096,outputs/only_random_strategy/slurm_YYDPETGTWY_amber/replica_737/replica_737.pdb,outputs/only_random_strategy/slurm_YYDPETGTWY_amber/replica_737/replica_737_ca.pdb
244,313297011,random,YYDPETGTWY,amber,-92.6001519443654,5.016253928949817,15.380977651602988,5.847910900699013,5.508595556037851,4.848916770784997,1331.9,aer,4096,outputs/only_random_strategy/slurm_YYDPETGTWY_amber/replica_244/replica_244.pdb,outputs/only_random_strategy/slurm_YYDPETGTWY_amber/replica_244/replica_244_ca.pdb
907,313297674,random,YYDPETGTWY,amber,595.4652508075334,5.02015725921672,18.669058506218327,6.290875320867731,5.508595556037851,4.848916770784997,793.68,aer,4096,outputs/only_random_strategy/slurm_YYDPETGTWY_amber/replica_907/replica_907.pdb,outputs/only_random_strategy/slurm_YYDPETGTWY_amber/replica_907/replica_907_ca.pdb
163,313296930,random,YYDPETGTWY,amber,59.65968871991227,5.023220358580129,14.209573733930396,5.091322050031837,5.508595556037851,4.848916770784997,1364.9,aer,4096,outputs/only_random_strategy/slurm_YYDPETGTWY_amber/replica_163/replica_163.pdb,outputs/only_random_strategy/slurm_YYDPETGTWY_amber/replica_163/replica_163_ca.pdb
112,313296879,random,YYDPETGTWY,amber,-70.94419751933772,5.025989066887767,16.366870183115907,5.649660784723024,5.508595556037851,4.848916770784997,1441.9,aer,4096,outputs/only_random_strategy/slurm_YYDPETGTWY_amber/replica_112/replica_112.pdb,outputs/only_random_strategy/slurm_YYDPETGTWY_amber/replica_112/replica_112_ca.pdb
600,313297367,random,YYDPETGTWY,amber,-38.45348529398797,5.030624658986335,17.623536092960013,6.019944452077945,5.508595556037851,4.848916770784997,1432.68,aer,4096,outputs/only_random_strategy/slurm_YYDPETGTWY_amber/replica_600/replica_600.pdb,outputs/only_random_strategy/slurm_YYDPETGTWY_amber/replica_600/replica_600_ca.pdb
881,313297648,random,YYDPETGTWY,amber,-52.52763580977482,5.031413618319725,16.554751809304975,5.866453385752241,5.508595556037851,4.848916770784997,1840.31,aer,4096,outputs/only_random_strategy/slurm_YYDPETGTWY_amber/replica_881/replica_881.pdb,outputs/only_random_strategy/slurm_YYDPETGTWY_amber/replica_881/replica_881_ca.pdb
658,313297425,random,YYDPETGTWY,amber,-70.60448012355339,5.039894378019597,17.114410856112922,6.20311593009048,5.508595556037851,4.848916770784997,1646.23,aer,4096,outputs/only_random_strategy/slurm_YYDPETGTWY_amber/replica_658/replica_658.pdb,outputs/only_random_strategy/slurm_YYDPETGTWY_amber/replica_658/replica_658_ca.pdb
615,313297382,random,YYDPETGTWY,amber,-20.905656516770318,5.0400387588579525,15.396950296724624,5.382082999483336,5.508595556037851,4.848916770784997,1300.41,aer,4096,outputs/only_random_strategy/slurm_YYDPETGTWY_amber/replica_615/replica_615.pdb,outputs/only_random_strategy/slurm_YYDPETGTWY_amber/replica_615/replica_615_ca.pdb
521,313297288,random,YYDPETGTWY,amber,-87.35555278956895,5.042191657013324,18.280670034602704,6.303808675179483,5.508595556037851,4.848916770784997,1053.63,aer,4096,outputs/only_random_strategy/slurm_YYDPETGTWY_amber/replica_521/replica_521.pdb,outputs/only_random_strategy/slurm_YYDPETGTWY_amber/replica_521/replica_521_ca.pdb
485,313297252,random,YYDPETGTWY,amber,33.91654567843352,5.043585982198025,16.094701952979154,5.934453709230689,5.508595556037851,4.848916770784997,1386.27,aer,4096,outputs/only_random_strategy/slurm_YYDPETGTWY_amber/replica_485/replica_485.pdb,outputs/only_random_strategy/slurm_YYDPETGTWY_amber/replica_485/replica_485_ca.pdb
525,313297292,random,YYDPETGTWY,amber,-27.687756494827518,5.04418875155483,16.37201904101445,5.854783018960122,5.508595556037851,4.848916770784997,1407.14,aer,4096,outputs/only_random_strategy/slurm_YYDPETGTWY_amber/replica_525/replica_525.pdb,outputs/only_random_strategy/slurm_YYDPETGTWY_amber/replica_525/replica_525_ca.pdb
314,313297081,random,YYDPETGTWY,amber,-56.10646854530813,5.050070674968236,17.36560971485478,6.276319332935055,5.508595556037851,4.848916770784997,1651.82,aer,4096,outputs/only_random_strategy/slurm_YYDPETGTWY_amber/replica_314/replica_314.pdb,outputs/only_random_strategy/slurm_YYDPETGTWY_amber/replica_314/replica_314_ca.pdb
939,313297706,random,YYDPETGTWY,amber,-46.480686770695456,5.056367679958837,14.857176684962678,5.3883149607042995,5.508595556037851,4.848916770784997,948.51,aer,4096,outputs/only_random_strategy/slurm_YYDPETGTWY_amber/replica_939/replica_939.pdb,outputs/only_random_strategy/slurm_YYDPETGTWY_amber/replica_939/replica_939_ca.pdb
733,313297500,random,YYDPETGTWY,amber,-42.596032938121546,5.0584339039665585,16.80487343282465,5.986234843100121,5.508595556037851,4.848916770784997,1839.27,aer,4096,outputs/only_random_strategy/slurm_YYDPETGTWY_amber/replica_733/replica_733.pdb,outputs/only_random_strategy/slurm_YYDPETGTWY_amber/replica_733/replica_733_ca.pdb
473,313297240,random,YYDPETGTWY,amber,10.151266364865895,5.058456923136453,15.470403598204992,5.419851068884869,5.508595556037851,4.848916770784997,1553.21,aer,4096,outputs/only_random_strategy/slurm_YYDPETGTWY_amber/replica_473/replica_473.pdb,outputs/only_random_strategy/slurm_YYDPETGTWY_amber/replica_473/replica_473_ca.pdb
963,313297730,random,YYDPETGTWY,amber,428.20031927614366,5.059274648396416,17.386008492995916,6.332453065716444,5.508595556037851,4.848916770784997,1280.7,aer,4096,outputs/only_random_strategy/slurm_YYDPETGTWY_amber/replica_963/replica_963.pdb,outputs/only_random_strategy/slurm_YYDPETGTWY_amber/replica_963/replica_963_ca.pdb
716,313297483,random,YYDPETGTWY,amber,-57.51691009093088,5.060419573090383,17.202175565182678,6.033358499982241,5.508595556037851,4.848916770784997,1630.85,aer,4096,outputs/only_random_strategy/slurm_YYDPETGTWY_amber/replica_716/replica_716.pdb,outputs/only_random_strategy/slurm_YYDPETGTWY_amber/replica_716/replica_716_ca.pdb
463,313297230,random,YYDPETGTWY,amber,-67.99088688069146,5.062725336523897,16.368150279886514,5.954795002109396,5.508595556037851,4.848916770784997,1146.68,aer,4096,outputs/only_random_strategy/slurm_YYDPETGTWY_amber/replica_463/replica_463.pdb,outputs/only_random_strategy/slurm_YYDPETGTWY_amber/replica_463/replica_463_ca.pdb
986,313297753,random,YYDPETGTWY,amber,-70.77527288463092,5.07168171372157,16.932478061554377,6.1059495638509445,5.508595556037851,4.848916770784997,1123.38,aer,4096,outputs/only_random_strategy/slurm_YYDPETGTWY_amber/replica_986/replica_986.pdb,outputs/only_random_strategy/slurm_YYDPETGTWY_amber/replica_986/replica_986_ca.pdb
630,313297397,random,YYDPETGTWY,amber,90.6752302298446,5.071807595128886,19.550660581766184,6.3735463821527665,5.508595556037851,4.848916770784997,1249.06,aer,4096,outputs/only_random_strategy/slurm_YYDPETGTWY_amber/replica_630/replica_630.pdb,outputs/only_random_strategy/slurm_YYDPETGTWY_amber/replica_630/replica_630_ca.pdb
51,313296818,random,YYDPETGTWY,amber,-32.91197632851715,5.073622509346926,14.511651589606137,5.2514012667538275,5.508595556037851,4.848916770784997,1573.32,aer,4096,outputs/only_random_strategy/slurm_YYDPETGTWY_amber/replica_51/replica_51.pdb,outputs/only_random_strategy/slurm_YYDPETGTWY_amber/replica_51/replica_51_ca.pdb
174,313296941,random,YYDPETGTWY,amber,539.0733274765487,5.079129846741986,15.46248971698163,5.656489397385657,5.508595556037851,4.848916770784997,1272.22,aer,4096,outputs/only_random_strategy/slurm_YYDPETGTWY_amber/replica_174/replica_174.pdb,outputs/only_random_strategy/slurm_YYDPETGTWY_amber/replica_174/replica_174_ca.pdb
741,313297508,random,YYDPETGTWY,amber,-14.26853590373797,5.080067785737448,15.591107323488862,5.68656429167465,5.508595556037851,4.848916770784997,1500.28,aer,4096,outputs/only_random_strategy/slurm_YYDPETGTWY_amber/replica_741/replica_741.pdb,outputs/only_random_strategy/slurm_YYDPETGTWY_amber/replica_741/replica_741_ca.pdb
607,313297374,random,YYDPETGTWY,amber,-12.097540715031467,5.080797390307611,11.879012057753597,4.638527778350994,5.508595556037851,4.848916770784997,1259.44,aer,4096,outputs/only_random_strategy/slurm_YYDPETGTWY_amber/replica_607/replica_607.pdb,outputs/only_random_strategy/slurm_YYDPETGTWY_amber/replica_607/replica_607_ca.pdb
7,313296774,random,YYDPETGTWY,amber,-90.2262340453224,5.0860659554001,18.58130626944623,6.177717805284552,5.508595556037851,4.848916770784997,1434.09,aer,4096,outputs/only_random_strategy/slurm_YYDPETGTWY_amber/replica_7/replica_7.pdb,outputs/only_random_strategy/slurm_YYDPETGTWY_amber/replica_7/replica_7_ca.pdb
377,313297144,random,YYDPETGTWY,amber,-82.30766419842506,5.088195526660353,18.530275015263165,6.157316574190098,5.508595556037851,4.848916770784997,1319.65,aer,4096,outputs/only_random_strategy/slurm_YYDPETGTWY_amber/replica_377/replica_377.pdb,outputs/only_random_strategy/slurm_YYDPETGTWY_amber/replica_377/replica_377_ca.pdb
587,313297354,random,YYDPETGTWY,amber,-90.33240464160393,5.088830790819418,16.570151804120517,6.270998153656728,5.508595556037851,4.848916770784997,1311.83,aer,4096,outputs/only_random_strategy/slurm_YYDPETGTWY_amber/replica_587/replica_587.pdb,outputs/only_random_strategy/slurm_YYDPETGTWY_amber/replica_587/replica_587_ca.pdb
279,313297046,random,YYDPETGTWY,amber,32.90099809358788,5.090857049641724,15.780157361292023,5.9974980143987535,5.508595556037851,4.848916770784997,1296.72,aer,4096,outputs/only_random_strategy/slurm_YYDPETGTWY_amber/replica_279/replica_279.pdb,outputs/only_random_strategy/slurm_YYDPETGTWY_amber/replica_279/replica_279_ca.pdb
243,313297010,random,YYDPETGTWY,amber,-120.36830909153802,5.096523192519179,17.72650823139327,6.074654577746191,5.508595556037851,4.848916770784997,1710.82,aer,4096,outputs/only_random_strategy/slurm_YYDPETGTWY_amber/replica_243/replica_243.pdb,outputs/only_random_strategy/slurm_YYDPETGTWY_amber/replica_243/replica_243_ca.pdb
546,313297313,random,YYDPETGTWY,amber,-55.009353883454885,5.097521327869837,17.32791472640423,5.8939154181724165,5.508595556037851,4.848916770784997,1283.75,aer,4096,outputs/only_random_strategy/slurm_YYDPETGTWY_amber/replica_546/replica_546.pdb,outputs/only_random_strategy/slurm_YYDPETGTWY_amber/replica_546/replica_546_ca.pdb
175,313296942,random,YYDPETGTWY,amber,-126.53450459519993,5.097818628126772,15.421089295039298,5.895525874566998,5.508595556037851,4.848916770784997,1202.15,aer,4096,outputs/only_random_strategy/slurm_YYDPETGTWY_amber/replica_175/replica_175.pdb,outputs/only_random_strategy/slurm_YYDPETGTWY_amber/replica_175/replica_175_ca.pdb
62,313296829,random,YYDPETGTWY,amber,-53.96600258298684,5.097895160977342,18.42214973857595,6.391144385706782,5.508595556037851,4.848916770784997,1215.09,aer,4096,outputs/only_random_strategy/slurm_YYDPETGTWY_amber/replica_62/replica_62.pdb,outputs/only_random_strategy/slurm_YYDPETGTWY_amber/replica_62/replica_62_ca.pdb
818,313297585,random,YYDPETGTWY,amber,24.18190001009962,5.098459564519983,16.396098918814427,6.418342086957429,5.508595556037851,4.848916770784997,1505.87,aer,4096,outputs/only_random_strategy/slurm_YYDPETGTWY_amber/replica_818/replica_818.pdb,outputs/only_random_strategy/slurm_YYDPETGTWY_amber/replica_818/replica_818_ca.pdb
885,313297652,random,YYDPETGTWY,amber,-83.49574300095993,5.1021571552777365,15.48300163572123,6.161473190201884,5.508595556037851,4.848916770784997,1579.44,aer,4096,outputs/only_random_strategy/slurm_YYDPETGTWY_amber/replica_885/replica_885.pdb,outputs/only_random_strategy/slurm_YYDPETGTWY_amber/replica_885/replica_885_ca.pdb
928,313297695,random,YYDPETGTWY,amber,-28.638904309820074,5.104723255554073,16.96131894926519,6.343788447030117,5.508595556037851,4.848916770784997,1449.39,aer,4096,outputs/only_random_strategy/slurm_YYDPETGTWY_amber/replica_928/replica_928.pdb,outputs/only_random_strategy/slurm_YYDPETGTWY_amber/replica_928/replica_928_ca.pdb
21,313296788,random,YYDPETGTWY,amber,3.9292434513210797,5.1057700177466545,15.839244352178177,6.036892493719573,5.508595556037851,4.848916770784997,1041.4,aer,4096,outputs/only_random_strategy/slurm_YYDPETGTWY_amber/replica_21/replica_21.pdb,outputs/only_random_strategy/slurm_YYDPETGTWY_amber/replica_21/replica_21_ca.pdb
151,313296918,random,YYDPETGTWY,amber,-40.92304024446026,5.107637594913867,16.843679571662513,6.107334161812279,5.508595556037851,4.848916770784997,2233.25,aer,4096,outputs/only_random_strategy/slurm_YYDPETGTWY_amber/replica_151/replica_151.pdb,outputs/only_random_strategy/slurm_YYDPETGTWY_amber/replica_151/replica_151_ca.pdb
502,313297269,random,YYDPETGTWY,amber,-15.888509983423143,5.109066045118771,15.42131947624101,5.988175573407959,5.508595556037851,4.848916770784997,940.27,aer,4096,outputs/only_random_strategy/slurm_YYDPETGTWY_amber/replica_502/replica_502.pdb,outputs/only_random_strategy/slurm_YYDPETGTWY_amber/replica_502/replica_502_ca.pdb
567,313297334,random,YYDPETGTWY,amber,-72.25483576416,5.109259937940226,14.537046911497011,5.182732698748068,5.508595556037851,4.848916770784997,1071.71,aer,4096,outputs/only_random_strategy/slurm_YYDPETGTWY_amber/replica_567/replica_567.pdb,outputs/only_random_strategy/slurm_YYDPETGTWY_amber/replica_567/replica_567_ca.pdb
216,313296983,random,YYDPETGTWY,amber,-15.197516617035472,5.111981332212667,17.140108646659105,5.794828639832465,5.508595556037851,4.848916770784997,1317.08,aer,4096,outputs/only_random_strategy/slurm_YYDPETGTWY_amber/replica_216/replica_216.pdb,outputs/only_random_strategy/slurm_YYDPETGTWY_amber/replica_216/replica_216_ca.pdb
798,313297565,random,YYDPETGTWY,amber,0.4923165295421956,5.1142765185871895,18.787775437604186,6.136578509157865,5.508595556037851,4.848916770784997,1185.45,aer,4096,outputs/only_random_strategy/slurm_YYDPETGTWY_amber/replica_798/replica_798.pdb,outputs/only_random_strategy/slurm_YYDPETGTWY_amber/replica_798/replica_798_ca.pdb
281,313297048,random,YYDPETGTWY,amber,-60.851563970055764,5.118561068724641,16.645552164068345,5.784180853139611,5.508595556037851,4.848916770784997,1595.5,aer,4096,outputs/only_random_strategy/slurm_YYDPETGTWY_amber/replica_281/replica_281.pdb,outputs/only_random_strategy/slurm_YYDPETGTWY_amber/replica_281/replica_281_ca.pdb
506,313297273,random,YYDPETGTWY,amber,48.08799467352709,5.1216885628478215,16.191279945387194,5.51780508251539,5.508595556037851,4.848916770784997,1784.05,aer,4096,outputs/only_random_strategy/slurm_YYDPETGTWY_amber/replica_506/replica_506.pdb,outputs/only_random_strategy/slurm_YYDPETGTWY_amber/replica_506/replica_506_ca.pdb
75,313296842,random,YYDPETGTWY,amber,28.54513313483277,5.128840472759574,15.675489138792774,5.867083478385301,5.508595556037851,4.848916770784997,1573.39,aer,4096,outputs/only_random_strategy/slurm_YYDPETGTWY_amber/replica_75/replica_75.pdb,outputs/only_random_strategy/slurm_YYDPETGTWY_amber/replica_75/replica_75_ca.pdb
634,313297401,random,YYDPETGTWY,amber,-121.42316916733652,5.1303359233698265,16.83460985773937,6.14893480561422,5.508595556037851,4.848916770784997,1220.22,aer,4096,outputs/only_random_strategy/slurm_YYDPETGTWY_amber/replica_634/replica_634.pdb,outputs/only_random_strategy/slurm_YYDPETGTWY_amber/replica_634/replica_634_ca.pdb
786,313297553,random,YYDPETGTWY,amber,37.39584259622691,5.130947967849743,16.97427607043838,6.073011256301639,5.508595556037851,4.848916770784997,1581.62,aer,4096,outputs/only_random_strategy/slurm_YYDPETGTWY_amber/replica_786/replica_786.pdb,outputs/only_random_strategy/slurm_YYDPETGTWY_amber/replica_786/replica_786_ca.pdb
63,313296830,random,YYDPETGTWY,amber,-67.85270981170211,5.134074954761837,16.943734457291956,5.895861111778439,5.508595556037851,4.848916770784997,2016.71,aer,4096,outputs/only_random_strategy/slurm_YYDPETGTWY_amber/replica_63/replica_63.pdb,outputs/only_random_strategy/slurm_YYDPETGTWY_amber/replica_63/replica_63_ca.pdb
821,313297588,random,YYDPETGTWY,amber,74.04658599332393,5.134887661891338,18.029383452513933,6.123062713333312,5.508595556037851,4.848916770784997,1169.41,aer,4096,outputs/only_random_strategy/slurm_YYDPETGTWY_amber/replica_821/replica_821.pdb,outputs/only_random_strategy/slurm_YYDPETGTWY_amber/replica_821/replica_821_ca.pdb
527,313297294,random,YYDPETGTWY,amber,-63.911643320067135,5.135782402947004,14.803965120009584,5.44918997548786,5.508595556037851,4.848916770784997,1411.68,aer,4096,outputs/only_random_strategy/slurm_YYDPETGTWY_amber/replica_527/replica_527.pdb,outputs/only_random_strategy/slurm_YYDPETGTWY_amber/replica_527/replica_527_ca.pdb
219,313296986,random,YYDPETGTWY,amber,-69.01051124965313,5.137235813542634,17.781165546835258,6.028168650857799,5.508595556037851,4.848916770784997,1493.49,aer,4096,outputs/only_random_strategy/slurm_YYDPETGTWY_amber/replica_219/replica_219.pdb,outputs/only_random_strategy/slurm_YYDPETGTWY_amber/replica_219/replica_219_ca.pdb
667,313297434,random,YYDPETGTWY,amber,-68.39045412970813,5.13828175272854,17.095485849705486,6.079458463098975,5.508595556037851,4.848916770784997,1450.01,aer,4096,outputs/only_random_strategy/slurm_YYDPETGTWY_amber/replica_667/replica_667.pdb,outputs/only_random_strategy/slurm_YYDPETGTWY_amber/replica_667/replica_667_ca.pdb
26,313296793,random,YYDPETGTWY,amber,-63.70238394837543,5.1417330805846815,16.636583781657503,5.867657427424284,5.508595556037851,4.848916770784997,1209.47,aer,4096,outputs/only_random_strategy/slurm_YYDPETGTWY_amber/replica_26/replica_26.pdb,outputs/only_random_strategy/slurm_YYDPETGTWY_amber/replica_26/replica_26_ca.pdb
647,313297414,random,YYDPETGTWY,amber,-4.378694955035855,5.142154697326735,17.15817676874242,6.612752863093368,5.508595556037851,4.848916770784997,1373.87,aer,4096,outputs/only_random_strategy/slurm_YYDPETGTWY_amber/replica_647/replica_647.pdb,outputs/only_random_strategy/slurm_YYDPETGTWY_amber/replica_647/replica_647_ca.pdb
851,313297618,random,YYDPETGTWY,amber,-75.2221974463357,5.147880543880693,15.109312966390219,5.453502235241638,5.508595556037851,4.848916770784997,1338.97,aer,4096,outputs/only_random_strategy/slurm_YYDPETGTWY_amber/replica_851/replica_851.pdb,outputs/only_random_strategy/slurm_YYDPETGTWY_amber/replica_851/replica_851_ca.pdb
446,313297213,random,YYDPETGTWY,amber,-38.688725836268915,5.150996047750843,19.072266547694742,6.4198745366575425,5.508595556037851,4.848916770784997,1538.75,aer,4096,outputs/only_random_strategy/slurm_YYDPETGTWY_amber/replica_446/replica_446.pdb,outputs/only_random_strategy/slurm_YYDPETGTWY_amber/replica_446/replica_446_ca.pdb
381,313297148,random,YYDPETGTWY,amber,-75.02232397717486,5.1525108592916675,18.061986410877214,6.488179214456062,5.508595556037851,4.848916770784997,1497.54,aer,4096,outputs/only_random_strategy/slurm_YYDPETGTWY_amber/replica_381/replica_381.pdb,outputs/only_random_strategy/slurm_YYDPETGTWY_amber/replica_381/replica_381_ca.pdb
258,313297025,random,YYDPETGTWY,amber,-42.04010623218899,5.153135652096065,16.04801856383902,5.529367874276315,5.508595556037851,4.848916770784997,1296.37,aer,4096,outputs/only_random_strategy/slurm_YYDPETGTWY_amber/replica_258/replica_258.pdb,outputs/only_random_strategy/slurm_YYDPETGTWY_amber/replica_258/replica_258_ca.pdb
924,313297691,random,YYDPETGTWY,amber,354.49011180401277,5.154211582068588,16.443732931120813,5.7823050909064815,5.508595556037851,4.848916770784997,1216.29,aer,4096,outputs/only_random_strategy/slurm_YYDPETGTWY_amber/replica_924/replica_924.pdb,outputs/only_random_strategy/slurm_YYDPETGTWY_amber/replica_924/replica_924_ca.pdb
805,313297572,random,YYDPETGTWY,amber,-53.081694219967254,5.156507980762891,17.357927160676144,5.944828695298488,5.508595556037851,4.848916770784997,1243.51,aer,4096,outputs/only_random_strategy/slurm_YYDPETGTWY_amber/replica_805/replica_805.pdb,outputs/only_random_strategy/slurm_YYDPETGTWY_amber/replica_805/replica_805_ca.pdb
983,313297750,random,YYDPETGTWY,amber,-79.19790141177805,5.161022628213567,16.91619271592995,6.118287080785496,5.508595556037851,4.848916770784997,1262.59,aer,4096,outputs/only_random_strategy/slurm_YYDPETGTWY_amber/replica_983/replica_983.pdb,outputs/only_random_strategy/slurm_YYDPETGTWY_amber/replica_983/replica_983_ca.pdb
65,313296832,random,YYDPETGTWY,amber,-29.042323222539164,5.1620091046531495,19.22499979299173,6.521400196500713,5.508595556037851,4.848916770784997,1221.05,aer,4096,outputs/only_random_strategy/slurm_YYDPETGTWY_amber/replica_65/replica_65.pdb,outputs/only_random_strategy/slurm_YYDPETGTWY_amber/replica_65/replica_65_ca.pdb
497,313297264,random,YYDPETGTWY,amber,99.42895933600185,5.1639857106149165,18.117125904211168,6.108195659330925,5.508595556037851,4.848916770784997,1459.86,aer,4096,outputs/only_random_strategy/slurm_YYDPETGTWY_amber/replica_497/replica_497.pdb,outputs/only_random_strategy/slurm_YYDPETGTWY_amber/replica_497/replica_497_ca.pdb
503,313297270,random,YYDPETGTWY,amber,-16.626156249262593,5.164063621382128,19.070504891550847,6.177282203895047,5.508595556037851,4.848916770784997,1243.79,aer,4096,outputs/only_random_strategy/slurm_YYDPETGTWY_amber/replica_503/replica_503.pdb,outputs/only_random_strategy/slurm_YYDPETGTWY_amber/replica_503/replica_503_ca.pdb
974,313297741,random,YYDPETGTWY,amber,-33.782780072115024,5.168095085520471,18.271797132341135,6.153749023466735,5.508595556037851,4.848916770784997,1244.31,aer,4096,outputs/only_random_strategy/slurm_YYDPETGTWY_amber/replica_974/replica_974.pdb,outputs/only_random_strategy/slurm_YYDPETGTWY_amber/replica_974/replica_974_ca.pdb
864,313297631,random,YYDPETGTWY,amber,-16.39429310097689,5.170302159287895,17.980747688144096,6.107593513540969,5.508595556037851,4.848916770784997,1276.91,aer,4096,outputs/only_random_strategy/slurm_YYDPETGTWY_amber/replica_864/replica_864.pdb,outputs/only_random_strategy/slurm_YYDPETGTWY_amber/replica_864/replica_864_ca.pdb
476,313297243,random,YYDPETGTWY,amber,-55.69243810631551,5.171962381373811,14.665288212663407,5.491643877565514,5.508595556037851,4.848916770784997,1157.82,aer,4096,outputs/only_random_strategy/slurm_YYDPETGTWY_amber/replica_476/replica_476.pdb,outputs/only_random_strategy/slurm_YYDPETGTWY_amber/replica_476/replica_476_ca.pdb
601,313297368,random,YYDPETGTWY,amber,-53.66828129988555,5.17214733424154,17.548254583827745,6.391638876422929,5.508595556037851,4.848916770784997,1255.02,aer,4096,outputs/only_random_strategy/slurm_YYDPETGTWY_amber/replica_601/replica_601.pdb,outputs/only_random_strategy/slurm_YYDPETGTWY_amber/replica_601/replica_601_ca.pdb
133,313296900,random,YYDPETGTWY,amber,31.730776810440567,5.174344041816614,15.812731386542717,5.780481549275741,5.508595556037851,4.848916770784997,1156.22,aer,4096,outputs/only_random_strategy/slurm_YYDPETGTWY_amber/replica_133/replica_133.pdb,outputs/only_random_strategy/slurm_YYDPETGTWY_amber/replica_133/replica_133_ca.pdb
720,313297487,random,YYDPETGTWY,amber,-9.070850390763043,5.174543813979701,15.726995635111505,5.622004760733539,5.508595556037851,4.848916770784997,1199.59,aer,4096,outputs/only_random_strategy/slurm_YYDPETGTWY_amber/replica_720/replica_720.pdb,outputs/only_random_strategy/slurm_YYDPETGTWY_amber/replica_720/replica_720_ca.pdb
401,313297168,random,YYDPETGTWY,amber,-25.342362958736533,5.178348803115844,15.766655811962321,5.678437949239727,5.508595556037851,4.848916770784997,1457.4,aer,4096,outputs/only_random_strategy/slurm_YYDPETGTWY_amber/replica_401/replica_401.pdb,outputs/only_random_strategy/slurm_YYDPETGTWY_amber/replica_401/replica_401_ca.pdb
434,313297201,random,YYDPETGTWY,amber,-7.026493727525135,5.178903823954178,17.763810259036454,5.994354587123127,5.508595556037851,4.848916770784997,1113.14,aer,4096,outputs/only_random_strategy/slurm_YYDPETGTWY_amber/replica_434/replica_434.pdb,outputs/only_random_strategy/slurm_YYDPETGTWY_amber/replica_434/replica_434_ca.pdb
581,313297348,random,YYDPETGTWY,amber,-72.9524472618103,5.1789518951480344,16.109167024969697,5.7221284863299795,5.508595556037851,4.848916770784997,1718.73,aer,4096,outputs/only_random_strategy/slurm_YYDPETGTWY_amber/replica_581/replica_581.pdb,outputs/only_random_strategy/slurm_YYDPETGTWY_amber/replica_581/replica_581_ca.pdb
748,313297515,random,YYDPETGTWY,amber,-29.21255784609961,5.179980117487353,15.28069939766322,5.70336723442035,5.508595556037851,4.848916770784997,1020.87,aer,4096,outputs/only_random_strategy/slurm_YYDPETGTWY_amber/replica_748/replica_748.pdb,outputs/only_random_strategy/slurm_YYDPETGTWY_amber/replica_748/replica_748_ca.pdb
428,313297195,random,YYDPETGTWY,amber,-23.330010269999548,5.185477138990881,18.333895742940086,6.306307811688797,5.508595556037851,4.848916770784997,1443.61,aer,4096,outputs/only_random_strategy/slurm_YYDPETGTWY_amber/replica_428/replica_428.pdb,outputs/only_random_strategy/slurm_YYDPETGTWY_amber/replica_428/replica_428_ca.pdb
683,313297450,random,YYDPETGTWY,amber,406.42825675470476,5.191994452700589,14.83596898773041,5.486750056071221,5.508595556037851,4.848916770784997,1097.04,aer,4096,outputs/only_random_strategy/slurm_YYDPETGTWY_amber/replica_683/replica_683.pdb,outputs/only_random_strategy/slurm_YYDPETGTWY_amber/replica_683/replica_683_ca.pdb
147,313296914,random,YYDPETGTWY,amber,-82.36464182347089,5.195367367800762,17.769409948912507,6.278807595893497,5.508595556037851,4.848916770784997,1193.72,aer,4096,outputs/only_random_strategy/slurm_YYDPETGTWY_amber/replica_147/replica_147.pdb,outputs/only_random_strategy/slurm_YYDPETGTWY_amber/replica_147/replica_147_ca.pdb
872,313297639,random,YYDPETGTWY,amber,-85.84718933414759,5.196718206098166,16.7790890977587,5.912666977772535,5.508595556037851,4.848916770784997,1142.48,aer,4096,outputs/only_random_strategy/slurm_YYDPETGTWY_amber/replica_872/replica_872.pdb,outputs/only_random_strategy/slurm_YYDPETGTWY_amber/replica_872/replica_872_ca.pdb
230,313296997,random,YYDPETGTWY,amber,-67.50508905701061,5.198934704610331,16.06257651598851,5.91343977990175,5.508595556037851,4.848916770784997,1255.06,aer,4096,outputs/only_random_strategy/slurm_YYDPETGTWY_amber/replica_230/replica_230.pdb,outputs/only_random_strategy/slurm_YYDPETGTWY_amber/replica_230/replica_230_ca.pdb
708,313297475,random,YYDPETGTWY,amber,-39.0389904598659,5.199185362264132,17.744013331672562,5.704740225151155,5.508595556037851,4.848916770784997,1192.74,aer,4096,outputs/only_random_strategy/slurm_YYDPETGTWY_amber/replica_708/replica_708.pdb,outputs/only_random_strategy/slurm_YYDPETGTWY_amber/replica_708/replica_708_ca.pdb
412,313297179,random,YYDPETGTWY,amber,37.089633928043774,5.202696293483562,16.867438937021056,6.146649444047052,5.508595556037851,4.848916770784997,1290.71,aer,4096,outputs/only_random_strategy/slurm_YYDPETGTWY_amber/replica_412/replica_412.pdb,outputs/only_random_strategy/slurm_YYDPETGTWY_amber/replica_412/replica_412_ca.pdb
854,313297621,random,YYDPETGTWY,amber,775.6897917456741,5.204842430470113,15.315253362692284,5.3886708544008215,5.508595556037851,4.848916770784997,1265.52,aer,4096,outputs/only_random_strategy/slurm_YYDPETGTWY_amber/replica_854/replica_854.pdb,outputs/only_random_strategy/slurm_YYDPETGTWY_amber/replica_854/replica_854_ca.pdb
840,313297607,random,YYDPETGTWY,amber,-135.42891914134987,5.206409646060655,17.41727463834243,5.883332618672889,5.508595556037851,4.848916770784997,1158.14,aer,4096,outputs/only_random_strategy/slurm_YYDPETGTWY_amber/replica_840/replica_840.pdb,outputs/only_random_strategy/slurm_YYDPETGTWY_amber/replica_840/replica_840_ca.pdb
894,313297661,random,YYDPETGTWY,amber,-106.67191240716976,5.2102535522697275,18.30700116491696,5.967765845411499,5.508595556037851,4.848916770784997,1250.99,aer,4096,outputs/only_random_strategy/slurm_YYDPETGTWY_amber/replica_894/replica_894.pdb,outputs/only_random_strategy/slurm_YYDPETGTWY_amber/replica_894/replica_894_ca.pdb
691,313297458,random,YYDPETGTWY,amber,-53.778894101291414,5.212137243420077,17.04595079376186,6.1451861819089615,5.508595556037851,4.848916770784997,2090.59,aer,4096,outputs/only_random_strategy/slurm_YYDPETGTWY_amber/replica_691/replica_691.pdb,outputs/only_random_strategy/slurm_YYDPETGTWY_amber/replica_691/replica_691_ca.pdb
394,313297161,random,YYDPETGTWY,amber,-77.85655588516471,5.212983201929139,17.074098275860297,6.477227905375766,5.508595556037851,4.848916770784997,1222.59,aer,4096,outputs/only_random_strategy/slurm_YYDPETGTWY_amber/replica_394/replica_394.pdb,outputs/only_random_strategy/slurm_YYDPETGTWY_amber/replica_394/replica_394_ca.pdb
176,313296943,random,YYDPETGTWY,amber,-56.78450032073523,5.215646080394721,19.52742111086812,6.364327921087277,5.508595556037851,4.848916770784997,1444.19,aer,4096,outputs/only_random_strategy/slurm_YYDPETGTWY_amber/replica_176/replica_176.pdb,outputs/only_random_strategy/slurm_YYDPETGTWY_amber/replica_176/replica_176_ca.pdb
396,313297163,random,YYDPETGTWY,amber,-11.81526540130964,5.219260195742702,16.516439442066016,6.099047799152984,5.508595556037851,4.848916770784997,1543.69,aer,4096,outputs/only_random_strategy/slurm_YYDPETGTWY_amber/replica_396/replica_396.pdb,outputs/only_random_strategy/slurm_YYDPETGTWY_amber/replica_396/replica_396_ca.pdb
823,313297590,random,YYDPETGTWY,amber,-29.636823894639114,5.220403045640956,17.44733620582072,6.409165023281776,5.508595556037851,4.848916770784997,1805.45,aer,4096,outputs/only_random_strategy/slurm_YYDPETGTWY_amber/replica_823/replica_823.pdb,outputs/only_random_strategy/slurm_YYDPETGTWY_amber/replica_823/replica_823_ca.pdb
815,313297582,random,YYDPETGTWY,amber,24.745266038401976,5.223640877145919,17.979659055385596,6.044335931188956,5.508595556037851,4.848916770784997,1418.31,aer,4096,outputs/only_random_strategy/slurm_YYDPETGTWY_amber/replica_815/replica_815.pdb,outputs/only_random_strategy/slurm_YYDPETGTWY_amber/replica_815/replica_815_ca.pdb
651,313297418,random,YYDPETGTWY,amber,37.6519851069757,5.225281522206408,17.446910237367145,5.870660791305541,5.508595556037851,4.848916770784997,1227.55,aer,4096,outputs/only_random_strategy/slurm_YYDPETGTWY_amber/replica_651/replica_651.pdb,outputs/only_random_strategy/slurm_YYDPETGTWY_amber/replica_651/replica_651_ca.pdb
273,313297040,random,YYDPETGTWY,amber,-43.53874753914972,5.228084029995953,16.470500720977345,6.103934418900724,5.508595556037851,4.848916770784997,1177.26,aer,4096,outputs/only_random_strategy/slurm_YYDPETGTWY_amber/replica_273/replica_273.pdb,outputs/only_random_strategy/slurm_YYDPETGTWY_amber/replica_273/replica_273_ca.pdb
922,313297689,random,YYDPETGTWY,amber,265.0780790287998,5.22850146731484,17.94606600303132,6.197561567253169,5.508595556037851,4.848916770784997,1502.56,aer,4096,outputs/only_random_strategy/slurm_YYDPETGTWY_amber/replica_922/replica_922.pdb,outputs/only_random_strategy/slurm_YYDPETGTWY_amber/replica_922/replica_922_ca.pdb
447,313297214,random,YYDPETGTWY,amber,-105.4133710815318,5.230041452476319,16.002858024999295,6.035606677186546,5.508595556037851,4.848916770784997,1308.81,aer,4096,outputs/only_random_strategy/slurm_YYDPETGTWY_amber/replica_447/replica_447.pdb,outputs/only_random_strategy/slurm_YYDPETGTWY_amber/replica_447/replica_447_ca.pdb
159,313296926,random,YYDPETGTWY,amber,-73.83968720568494,5.239555082321617,16.512394500193526,6.050558054795238,5.508595556037851,4.848916770784997,1280.79,aer,4096,outputs/only_random_strategy/slurm_YYDPETGTWY_amber/replica_159/replica_159.pdb,outputs/only_random_strategy/slurm_YYDPETGTWY_amber/replica_159/replica_159_ca.pdb
18,313296785,random,YYDPETGTWY,amber,-65.45303421064048,5.24522132087971,15.850427645682068,5.684562188263048,5.508595556037851,4.848916770784997,1746.28,aer,4096,outputs/only_random_strategy/slurm_YYDPETGTWY_amber/replica_18/replica_18.pdb,outputs/only_random_strategy/slurm_YYDPETGTWY_amber/replica_18/replica_18_ca.pdb
631,313297398,random,YYDPETGTWY,amber,-60.553332927728434,5.247946290624881,15.69922804473499,5.435137225729365,5.508595556037851,4.848916770784997,1358.23,aer,4096,outputs/only_random_strategy/slurm_YYDPETGTWY_amber/replica_631/replica_631.pdb,outputs/only_random_strategy/slurm_YYDPETGTWY_amber/replica_631/replica_631_ca.pdb
505,313297272,random,YYDPETGTWY,amber,770.9360708261127,5.248769614650106,17.00299188719344,5.8899329563485034,5.508595556037851,4.848916770784997,982.59,aer,4096,outputs/only_random_strategy/slurm_YYDPETGTWY_amber/replica_505/replica_505.pdb,outputs/only_random_strategy/slurm_YYDPETGTWY_amber/replica_505/replica_505_ca.pdb
574,313297341,random,YYDPETGTWY,amber,-25.039806919542382,5.249364814649499,17.486449666780153,6.315410127454763,5.508595556037851,4.848916770784997,1894.47,aer,4096,outputs/only_random_strategy/slurm_YYDPETGTWY_amber/replica_574/replica_574.pdb,outputs/only_random_strategy/slurm_YYDPETGTWY_amber/replica_574/replica_574_ca.pdb
533,313297300,random,YYDPETGTWY,amber,-84.15335383466666,5.252677300182456,17.368719021033385,6.135009312188875,5.508595556037851,4.848916770784997,1183.83,aer,4096,outputs/only_random_strategy/slurm_YYDPETGTWY_amber/replica_533/replica_533.pdb,outputs/only_random_strategy/slurm_YYDPETGTWY_amber/replica_533/replica_533_ca.pdb
443,313297210,random,YYDPETGTWY,amber,-61.16380659970001,5.253035039610953,16.323314589726134,6.402017872344677,5.508595556037851,4.848916770784997,1193.36,aer,4096,outputs/only_random_strategy/slurm_YYDPETGTWY_amber/replica_443/replica_443.pdb,outputs/only_random_strategy/slurm_YYDPETGTWY_amber/replica_443/replica_443_ca.pdb
190,313296957,random,YYDPETGTWY,amber,-50.88633676241748,5.253735446641728,16.863272624022827,5.856509573923456,5.508595556037851,4.848916770784997,1327.49,aer,4096,outputs/only_random_strategy/slurm_YYDPETGTWY_amber/replica_190/replica_190.pdb,outputs/only_random_strategy/slurm_YYDPETGTWY_amber/replica_190/replica_190_ca.pdb
608,313297375,random,YYDPETGTWY,amber,-94.80702491126341,5.257357532387386,17.37878174898869,5.90831293125163,5.508595556037851,4.848916770784997,1937.65,aer,4096,outputs/only_random_strategy/slurm_YYDPETGTWY_amber/replica_608/replica_608.pdb,outputs/only_random_strategy/slurm_YYDPETGTWY_amber/replica_608/replica_608_ca.pdb
528,313297295,random,YYDPETGTWY,amber,-10.346241466614758,5.260924276567099,19.209376830958725,6.425168704280944,5.508595556037851,4.848916770784997,1219.41,aer,4096,outputs/only_random_strategy/slurm_YYDPETGTWY_amber/replica_528/replica_528.pdb,outputs/only_random_strategy/slurm_YYDPETGTWY_amber/replica_528/replica_528_ca.pdb
961,313297728,random,YYDPETGTWY,amber,54.02694093338582,5.261178332003051,18.150740818112748,6.31111694873167,5.508595556037851,4.848916770784997,1519.08,aer,4096,outputs/only_random_strategy/slurm_YYDPETGTWY_amber/replica_961/replica_961.pdb,outputs/only_random_strategy/slurm_YYDPETGTWY_amber/replica_961/replica_961_ca.pdb
687,313297454,random,YYDPETGTWY,amber,-16.936887059003976,5.262271755707589,16.09064183722007,5.952920064882776,5.508595556037851,4.848916770784997,1290.77,aer,4096,outputs/only_random_strategy/slurm_YYDPETGTWY_amber/replica_687/replica_687.pdb,outputs/only_random_strategy/slurm_YYDPETGTWY_amber/replica_687/replica_687_ca.pdb
774,313297541,random,YYDPETGTWY,amber,-19.16027734302066,5.2632463610680285,15.347634586702204,5.382995819703455,5.508595556037851,4.848916770784997,1532.16,aer,4096,outputs/only_random_strategy/slurm_YYDPETGTWY_amber/replica_774/replica_774.pdb,outputs/only_random_strategy/slurm_YYDPETGTWY_amber/replica_774/replica_774_ca.pdb
345,313297112,random,YYDPETGTWY,amber,479.5841404248177,5.26336117891954,15.554062140335834,5.887374887225634,5.508595556037851,4.848916770784997,1167.0,aer,4096,outputs/only_random_strategy/slurm_YYDPETGTWY_amber/replica_345/replica_345.pdb,outputs/only_random_strategy/slurm_YYDPETGTWY_amber/replica_345/replica_345_ca.pdb
423,313297190,random,YYDPETGTWY,amber,-56.720599217788,5.266697317002544,17.43820064424451,6.1290046516358405,5.508595556037851,4.848916770784997,1572.65,aer,4096,outputs/only_random_strategy/slurm_YYDPETGTWY_amber/replica_423/replica_423.pdb,outputs/only_random_strategy/slurm_YYDPETGTWY_amber/replica_423/replica_423_ca.pdb
515,313297282,random,YYDPETGTWY,amber,-71.76384372091799,5.267700225193567,19.057084852642255,6.119403939527138,5.508595556037851,4.848916770784997,1163.41,aer,4096,outputs/only_random_strategy/slurm_YYDPETGTWY_amber/replica_515/replica_515.pdb,outputs/only_random_strategy/slurm_YYDPETGTWY_amber/replica_515/replica_515_ca.pdb
29,313296796,random,YYDPETGTWY,amber,-69.56474871560432,5.2677811701503545,16.2508046440166,6.136782602578579,5.508595556037851,4.848916770784997,1581.41,aer,4096,outputs/only_random_strategy/slurm_YYDPETGTWY_amber/replica_29/replica_29.pdb,outputs/only_random_strategy/slurm_YYDPETGTWY_amber/replica_29/replica_29_ca.pdb
556,313297323,random,YYDPETGTWY,amber,-52.254551970794445,5.272611186766935,19.25922461114367,6.358528030058162,5.508595556037851,4.848916770784997,1227.55,aer,4096,outputs/only_random_strategy/slurm_YYDPETGTWY_amber/replica_556/replica_556.pdb,outputs/only_random_strategy/slurm_YYDPETGTWY_amber/replica_556/replica_556_ca.pdb
433,313297200,random,YYDPETGTWY,amber,-26.3792994946255,5.273454361226397,16.904227606230087,6.15865670361122,5.508595556037851,4.848916770784997,1314.48,aer,4096,outputs/only_random_strategy/slurm_YYDPETGTWY_amber/replica_433/replica_433.pdb,outputs/only_random_strategy/slurm_YYDPETGTWY_amber/replica_433/replica_433_ca.pdb
656,313297423,random,YYDPETGTWY,amber,-53.568282796070555,5.2801943728691,14.581576400607235,5.291544450683811,5.508595556037851,4.848916770784997,1753.67,aer,4096,outputs/only_random_strategy/slurm_YYDPETGTWY_amber/replica_656/replica_656.pdb,outputs/only_random_strategy/slurm_YYDPETGTWY_amber/replica_656/replica_656_ca.pdb
767,313297534,random,YYDPETGTWY,amber,530.4975122722755,5.283506076626233,18.25871541609956,6.368512665266788,5.508595556037851,4.848916770784997,606.67,aer,4096,outputs/only_random_strategy/slurm_YYDPETGTWY_amber/replica_767/replica_767.pdb,outputs/only_random_strategy/slurm_YYDPETGTWY_amber/replica_767/replica_767_ca.pdb
996,313297763,random,YYDPETGTWY,amber,24.070768912102,5.2904489593599635,18.757826651599217,6.299215314730855,5.508595556037851,4.848916770784997,1702.06,aer,4096,outputs/only_random_strategy/slurm_YYDPETGTWY_amber/replica_996/replica_996.pdb,outputs/only_random_strategy/slurm_YYDPETGTWY_amber/replica_996/replica_996_ca.pdb
551,313297318,random,YYDPETGTWY,amber,-33.71718214348662,5.292336048021012,18.976157286357896,6.450504174714649,5.508595556037851,4.848916770784997,1434.27,aer,4096,outputs/only_random_strategy/slurm_YYDPETGTWY_amber/replica_551/replica_551.pdb,outputs/only_random_strategy/slurm_YYDPETGTWY_amber/replica_551/replica_551_ca.pdb
341,313297108,random,YYDPETGTWY,amber,-41.43066547159686,5.294340083615775,16.718903608387723,5.818029576202924,5.508595556037851,4.848916770784997,1493.83,aer,4096,outputs/only_random_strategy/slurm_YYDPETGTWY_amber/replica_341/replica_341.pdb,outputs/only_random_strategy/slurm_YYDPETGTWY_amber/replica_341/replica_341_ca.pdb
320,313297087,random,YYDPETGTWY,amber,612.0234156098579,5.29450330971529,16.290765929215034,6.015116826203513,5.508595556037851,4.848916770784997,1165.62,aer,4096,outputs/only_random_strategy/slurm_YYDPETGTWY_amber/replica_320/replica_320.pdb,outputs/only_random_strategy/slurm_YYDPETGTWY_amber/replica_320/replica_320_ca.pdb
121,313296888,random,YYDPETGTWY,amber,41.26399340969839,5.299841339402657,19.071312178308997,6.215631839319396,5.508595556037851,4.848916770784997,1485.43,aer,4096,outputs/only_random_strategy/slurm_YYDPETGTWY_amber/replica_121/replica_121.pdb,outputs/only_random_strategy/slurm_YYDPETGTWY_amber/replica_121/replica_121_ca.pdb
802,313297569,random,YYDPETGTWY,amber,-68.83955266059583,5.299848787875511,18.045183133474712,6.247724074442874,5.508595556037851,4.848916770784997,1528.62,aer,4096,outputs/only_random_strategy/slurm_YYDPETGTWY_amber/replica_802/replica_802.pdb,outputs/only_random_strategy/slurm_YYDPETGTWY_amber/replica_802/replica_802_ca.pdb
670,313297437,random,YYDPETGTWY,amber,-49.58079912001289,5.302066377841553,17.910337118593212,6.165194946442324,5.508595556037851,4.848916770784997,1040.64,aer,4096,outputs/only_random_strategy/slurm_YYDPETGTWY_amber/replica_670/replica_670.pdb,outputs/only_random_strategy/slurm_YYDPETGTWY_amber/replica_670/replica_670_ca.pdb
997,313297764,random,YYDPETGTWY,amber,-72.92070065121204,5.30326708750637,15.742213117315629,5.9186220279888415,5.508595556037851,4.848916770784997,1151.73,aer,4096,outputs/only_random_strategy/slurm_YYDPETGTWY_amber/replica_997/replica_997.pdb,outputs/only_random_strategy/slurm_YYDPETGTWY_amber/replica_997/replica_997_ca.pdb
249,313297016,random,YYDPETGTWY,amber,-12.261899866928793,5.3052525797468775,18.24952083764563,6.136545186153268,5.508595556037851,4.848916770784997,2057.58,aer,4096,outputs/only_random_strategy/slurm_YYDPETGTWY_amber/replica_249/replica_249.pdb,outputs/only_random_strategy/slurm_YYDPETGTWY_amber/replica_249/replica_249_ca.pdb
833,313297600,random,YYDPETGTWY,amber,-18.87039620048624,5.306264426963683,16.788631170735844,5.501538666375047,5.508595556037851,4.848916770784997,1300.28,aer,4096,outputs/only_random_strategy/slurm_YYDPETGTWY_amber/replica_833/replica_833.pdb,outputs/only_random_strategy/slurm_YYDPETGTWY_amber/replica_833/replica_833_ca.pdb
404,313297171,random,YYDPETGTWY,amber,-96.12781515782704,5.30634345421685,18.350372309124484,6.288569447220162,5.508595556037851,4.848916770784997,1242.72,aer,4096,outputs/only_random_strategy/slurm_YYDPETGTWY_amber/replica_404/replica_404.pdb,outputs/only_random_strategy/slurm_YYDPETGTWY_amber/replica_404/replica_404_ca.pdb
99,313296866,random,YYDPETGTWY,amber,51.70187634525828,5.30734222593395,18.574551211869,6.190777164363282,5.508595556037851,4.848916770784997,1327.59,aer,4096,outputs/only_random_strategy/slurm_YYDPETGTWY_amber/replica_99/replica_99.pdb,outputs/only_random_strategy/slurm_YYDPETGTWY_amber/replica_99/replica_99_ca.pdb
317,313297084,random,YYDPETGTWY,amber,-111.46150347750891,5.308409245347497,17.809049209838694,6.16835623635557,5.508595556037851,4.848916770784997,1672.12,aer,4096,outputs/only_random_strategy/slurm_YYDPETGTWY_amber/replica_317/replica_317.pdb,outputs/only_random_strategy/slurm_YYDPETGTWY_amber/replica_317/replica_317_ca.pdb
487,313297254,random,YYDPETGTWY,amber,79.94671712590434,5.310118337673637,19.829619923704072,6.533704464636959,5.508595556037851,4.848916770784997,1354.67,aer,4096,outputs/only_random_strategy/slurm_YYDPETGTWY_amber/replica_487/replica_487.pdb,outputs/only_random_strategy/slurm_YYDPETGTWY_amber/replica_487/replica_487_ca.pdb
827,313297594,random,YYDPETGTWY,amber,16.541805300072205,5.312450403939025,15.939917304034761,6.059165810390619,5.508595556037851,4.848916770784997,1219.25,aer,4096,outputs/only_random_strategy/slurm_YYDPETGTWY_amber/replica_827/replica_827.pdb,outputs/only_random_strategy/slurm_YYDPETGTWY_amber/replica_827/replica_827_ca.pdb
90,313296857,random,YYDPETGTWY,amber,-65.8633885659559,5.31800658590581,20.022907907834796,6.467059696049167,5.508595556037851,4.848916770784997,1877.63,aer,4096,outputs/only_random_strategy/slurm_YYDPETGTWY_amber/replica_90/replica_90.pdb,outputs/only_random_strategy/slurm_YYDPETGTWY_amber/replica_90/replica_90_ca.pdb
755,313297522,random,YYDPETGTWY,amber,-58.32705991484641,5.319291550911502,16.754900960402182,6.390647835237885,5.508595556037851,4.848916770784997,1200.57,aer,4096,outputs/only_random_strategy/slurm_YYDPETGTWY_amber/replica_755/replica_755.pdb,outputs/only_random_strategy/slurm_YYDPETGTWY_amber/replica_755/replica_755_ca.pdb
439,313297206,random,YYDPETGTWY,amber,-56.470489666568874,5.320475103210227,17.920362667895706,6.031109816439176,5.508595556037851,4.848916770784997,1170.76,aer,4096,outputs/only_random_strategy/slurm_YYDPETGTWY_amber/replica_439/replica_439.pdb,outputs/only_random_strategy/slurm_YYDPETGTWY_amber/replica_439/replica_439_ca.pdb
534,313297301,random,YYDPETGTWY,amber,-15.735527729945566,5.320518228795379,18.114429113507338,6.15528313798141,5.508595556037851,4.848916770784997,1028.75,aer,4096,outputs/only_random_strategy/slurm_YYDPETGTWY_amber/replica_534/replica_534.pdb,outputs/only_random_strategy/slurm_YYDPETGTWY_amber/replica_534/replica_534_ca.pdb
197,313296964,random,YYDPETGTWY,amber,60.99661494537232,5.321284239884374,17.957936493376227,6.088978332465508,5.508595556037851,4.848916770784997,1199.16,aer,4096,outputs/only_random_strategy/slurm_YYDPETGTWY_amber/replica_197/replica_197.pdb,outputs/only_random_strategy/slurm_YYDPETGTWY_amber/replica_197/replica_197_ca.pdb
119,313296886,random,YYDPETGTWY,amber,-89.32128071057106,5.325458900586319,18.162482372367922,6.485581287231964,5.508595556037851,4.848916770784997,1542.73,aer,4096,outputs/only_random_strategy/slurm_YYDPETGTWY_amber/replica_119/replica_119.pdb,outputs/only_random_strategy/slurm_YYDPETGTWY_amber/replica_119/replica_119_ca.pdb
188,313296955,random,YYDPETGTWY,amber,-51.04197916118777,5.328490449716911,16.78626010305356,6.04379211138423,5.508595556037851,4.848916770784997,1515.7,aer,4096,outputs/only_random_strategy/slurm_YYDPETGTWY_amber/replica_188/replica_188.pdb,outputs/only_random_strategy/slurm_YYDPETGTWY_amber/replica_188/replica_188_ca.pdb
799,313297566,random,YYDPETGTWY,amber,-98.07380180485903,5.329528114888123,16.616619326876467,6.406005573704763,5.508595556037851,4.848916770784997,1226.55,aer,4096,outputs/only_random_strategy/slurm_YYDPETGTWY_amber/replica_799/replica_799.pdb,outputs/only_random_strategy/slurm_YYDPETGTWY_amber/replica_799/replica_799_ca.pdb
826,313297593,random,YYDPETGTWY,amber,-24.237228544818333,5.3358012296988875,19.273989096154285,6.238800446575618,5.508595556037851,4.848916770784997,1219.34,aer,4096,outputs/only_random_strategy/slurm_YYDPETGTWY_amber/replica_826/replica_826.pdb,outputs/only_random_strategy/slurm_YYDPETGTWY_amber/replica_826/replica_826_ca.pdb
14,313296781,random,YYDPETGTWY,amber,-80.74052877587498,5.336800783336054,17.749056574570258,6.408052832638811,5.508595556037851,4.848916770784997,1312.13,aer,4096,outputs/only_random_strategy/slurm_YYDPETGTWY_amber/replica_14/replica_14.pdb,outputs/only_random_strategy/slurm_YYDPETGTWY_amber/replica_14/replica_14_ca.pdb
145,313296912,random,YYDPETGTWY,amber,-5.200536830444623,5.338342487139836,19.612389363741556,6.415964408617143,5.508595556037851,4.848916770784997,1478.6,aer,4096,outputs/only_random_strategy/slurm_YYDPETGTWY_amber/replica_145/replica_145.pdb,outputs/only_random_strategy/slurm_YYDPETGTWY_amber/replica_145/replica_145_ca.pdb
272,313297039,random,YYDPETGTWY,amber,270.3795308670763,5.339763413082169,18.601234727799994,6.40173648435073,5.508595556037851,4.848916770784997,1094.1,aer,4096,outputs/only_random_strategy/slurm_YYDPETGTWY_amber/replica_272/replica_272.pdb,outputs/only_random_strategy/slurm_YYDPETGTWY_amber/replica_272/replica_272_ca.pdb
948,313297715,random,YYDPETGTWY,amber,34.41326907369864,5.34035590179791,16.844472438923855,5.942845427801722,5.508595556037851,4.848916770784997,1466.57,aer,4096,outputs/only_random_strategy/slurm_YYDPETGTWY_amber/replica_948/replica_948.pdb,outputs/only_random_strategy/slurm_YYDPETGTWY_amber/replica_948/replica_948_ca.pdb
286,313297053,random,YYDPETGTWY,amber,17.404582768780845,5.340843687200813,17.106695406776925,6.153385315747807,5.508595556037851,4.848916770784997,1181.53,aer,4096,outputs/only_random_strategy/slurm_YYDPETGTWY_amber/replica_286/replica_286.pdb,outputs/only_random_strategy/slurm_YYDPETGTWY_amber/replica_286/replica_286_ca.pdb
699,313297466,random,YYDPETGTWY,amber,-48.61448128724041,5.344525990910158,18.018067397432525,6.527953304536558,5.508595556037851,4.848916770784997,1567.33,aer,4096,outputs/only_random_strategy/slurm_YYDPETGTWY_amber/replica_699/replica_699.pdb,outputs/only_random_strategy/slurm_YYDPETGTWY_amber/replica_699/replica_699_ca.pdb
333,313297100,random,YYDPETGTWY,amber,7.897416764229917,5.350502484770185,17.004667601162485,6.508884029139579,5.508595556037851,4.848916770784997,933.19,aer,4096,outputs/only_random_strategy/slurm_YYDPETGTWY_amber/replica_333/replica_333.pdb,outputs/only_random_strategy/slurm_YYDPETGTWY_amber/replica_333/replica_333_ca.pdb
373,313297140,random,YYDPETGTWY,amber,-17.620951623853337,5.353263552719877,18.28973838388039,6.459595806832527,5.508595556037851,4.848916770784997,1319.27,aer,4096,outputs/only_random_strategy/slurm_YYDPETGTWY_amber/replica_373/replica_373.pdb,outputs/only_random_strategy/slurm_YYDPETGTWY_amber/replica_373/replica_373_ca.pdb
787,313297554,random,YYDPETGTWY,amber,-73.69485057418,5.354693253080879,16.742519400814558,5.742903972372959,5.508595556037851,4.848916770784997,1443.22,aer,4096,outputs/only_random_strategy/slurm_YYDPETGTWY_amber/replica_787/replica_787.pdb,outputs/only_random_strategy/slurm_YYDPETGTWY_amber/replica_787/replica_787_ca.pdb
458,313297225,random,YYDPETGTWY,amber,-26.613839874012882,5.358914166183037,17.362319868449223,6.244417446612759,5.508595556037851,4.848916770784997,1216.9,aer,4096,outputs/only_random_strategy/slurm_YYDPETGTWY_amber/replica_458/replica_458.pdb,outputs/only_random_strategy/slurm_YYDPETGTWY_amber/replica_458/replica_458_ca.pdb
576,313297343,random,YYDPETGTWY,amber,57.13488362144408,5.361984157558732,16.537980868276026,6.1612863279709345,5.508595556037851,4.848916770784997,1094.38,aer,4096,outputs/only_random_strategy/slurm_YYDPETGTWY_amber/replica_576/replica_576.pdb,outputs/only_random_strategy/slurm_YYDPETGTWY_amber/replica_576/replica_576_ca.pdb
53,313296820,random,YYDPETGTWY,amber,-67.9412547649937,5.363159495730468,18.807787826612863,6.206143956547313,5.508595556037851,4.848916770784997,1406.29,aer,4096,outputs/only_random_strategy/slurm_YYDPETGTWY_amber/replica_53/replica_53.pdb,outputs/only_random_strategy/slurm_YYDPETGTWY_amber/replica_53/replica_53_ca.pdb
113,313296880,random,YYDPETGTWY,amber,-88.38428319942318,5.363684041034484,17.75199882861171,6.530128000029524,5.508595556037851,4.848916770784997,1194.08,aer,4096,outputs/only_random_strategy/slurm_YYDPETGTWY_amber/replica_113/replica_113.pdb,outputs/only_random_strategy/slurm_YYDPETGTWY_amber/replica_113/replica_113_ca.pdb
265,313297032,random,YYDPETGTWY,amber,-35.194327845130246,5.365069656548832,17.007049933728357,5.95442023353485,5.508595556037851,4.848916770784997,1159.62,aer,4096,outputs/only_random_strategy/slurm_YYDPETGTWY_amber/replica_265/replica_265.pdb,outputs/only_random_strategy/slurm_YYDPETGTWY_amber/replica_265/replica_265_ca.pdb
698,313297465,random,YYDPETGTWY,amber,4.958176100268477,5.369284934859491,15.466076746534995,5.545549964384453,5.508595556037851,4.848916770784997,1419.94,aer,4096,outputs/only_random_strategy/slurm_YYDPETGTWY_amber/replica_698/replica_698.pdb,outputs/only_random_strategy/slurm_YYDPETGTWY_amber/replica_698/replica_698_ca.pdb
248,313297015,random,YYDPETGTWY,amber,-6.667251313737532,5.371990850679567,19.247371869653804,6.15847893457299,5.508595556037851,4.848916770784997,1195.16,aer,4096,outputs/only_random_strategy/slurm_YYDPETGTWY_amber/replica_248/replica_248.pdb,outputs/only_random_strategy/slurm_YYDPETGTWY_amber/replica_248/replica_248_ca.pdb
165,313296932,random,YYDPETGTWY,amber,-3.76542041364282,5.372895212984966,16.33350383504948,5.452419925802161,5.508595556037851,4.848916770784997,1217.89,aer,4096,outputs/only_random_strategy/slurm_YYDPETGTWY_amber/replica_165/replica_165.pdb,outputs/only_random_strategy/slurm_YYDPETGTWY_amber/replica_165/replica_165_ca.pdb
839,313297606,random,YYDPETGTWY,amber,30.358004715821995,5.374609183371339,16.064271442751902,5.365012410827435,5.508595556037851,4.848916770784997,1210.77,aer,4096,outputs/only_random_strategy/slurm_YYDPETGTWY_amber/replica_839/replica_839.pdb,outputs/only_random_strategy/slurm_YYDPETGTWY_amber/replica_839/replica_839_ca.pdb
585,313297352,random,YYDPETGTWY,amber,637.2049143553638,5.375170540244308,15.570797646546062,5.9991990299600015,5.508595556037851,4.848916770784997,1107.47,aer,4096,outputs/only_random_strategy/slurm_YYDPETGTWY_amber/replica_585/replica_585.pdb,outputs/only_random_strategy/slurm_YYDPETGTWY_amber/replica_585/replica_585_ca.pdb
865,313297632,random,YYDPETGTWY,amber,-63.162576066162096,5.377366789148922,19.567754050736973,6.290024492231797,5.508595556037851,4.848916770784997,1244.59,aer,4096,outputs/only_random_strategy/slurm_YYDPETGTWY_amber/replica_865/replica_865.pdb,outputs/only_random_strategy/slurm_YYDPETGTWY_amber/replica_865/replica_865_ca.pdb
831,313297598,random,YYDPETGTWY,amber,-29.801510449808323,5.377552269263567,16.188294494390988,5.984598851702311,5.508595556037851,4.848916770784997,1297.33,aer,4096,outputs/only_random_strategy/slurm_YYDPETGTWY_amber/replica_831/replica_831.pdb,outputs/only_random_strategy/slurm_YYDPETGTWY_amber/replica_831/replica_831_ca.pdb
855,313297622,random,YYDPETGTWY,amber,-57.26864838228661,5.379144293069967,16.77988528300893,5.893157726320699,5.508595556037851,4.848916770784997,1433.84,aer,4096,outputs/only_random_strategy/slurm_YYDPETGTWY_amber/replica_855/replica_855.pdb,outputs/only_random_strategy/slurm_YYDPETGTWY_amber/replica_855/replica_855_ca.pdb
910,313297677,random,YYDPETGTWY,amber,-63.51793776528849,5.379858147039455,16.233830909802688,5.960568034997621,5.508595556037851,4.848916770784997,1167.53,aer,4096,outputs/only_random_strategy/slurm_YYDPETGTWY_amber/replica_910/replica_910.pdb,outputs/only_random_strategy/slurm_YYDPETGTWY_amber/replica_910/replica_910_ca.pdb
788,313297555,random,YYDPETGTWY,amber,-44.7245393343108,5.389558148966461,19.29375065932759,6.491228713918051,5.508595556037851,4.848916770784997,1371.28,aer,4096,outputs/only_random_strategy/slurm_YYDPETGTWY_amber/replica_788/replica_788.pdb,outputs/only_random_strategy/slurm_YYDPETGTWY_amber/replica_788/replica_788_ca.pdb
663,313297430,random,YYDPETGTWY,amber,-35.78899126789669,5.396015316279199,18.03002111948628,6.426123261792771,5.508595556037851,4.848916770784997,1364.73,aer,4096,outputs/only_random_strategy/slurm_YYDPETGTWY_amber/replica_663/replica_663.pdb,outputs/only_random_strategy/slurm_YYDPETGTWY_amber/replica_663/replica_663_ca.pdb
367,313297134,random,YYDPETGTWY,amber,-39.558396145824986,5.397791204222278,18.183922956838472,6.267347296186633,5.508595556037851,4.848916770784997,1651.93,aer,4096,outputs/only_random_strategy/slurm_YYDPETGTWY_amber/replica_367/replica_367.pdb,outputs/only_random_strategy/slurm_YYDPETGTWY_amber/replica_367/replica_367_ca.pdb
661,313297428,random,YYDPETGTWY,amber,-43.58581507687609,5.3999603004052155,19.313793432145367,6.462548674729276,5.508595556037851,4.848916770784997,1313.18,aer,4096,outputs/only_random_strategy/slurm_YYDPETGTWY_amber/replica_661/replica_661.pdb,outputs/only_random_strategy/slurm_YYDPETGTWY_amber/replica_661/replica_661_ca.pdb
198,313296965,random,YYDPETGTWY,amber,22.424865615109013,5.4018058742952215,15.688855073573672,5.531309342114951,5.508595556037851,4.848916770784997,1791.1,aer,4096,outputs/only_random_strategy/slurm_YYDPETGTWY_amber/replica_198/replica_198.pdb,outputs/only_random_strategy/slurm_YYDPETGTWY_amber/replica_198/replica_198_ca.pdb
999,313297766,random,YYDPETGTWY,amber,1.9835447327901483,5.4027228804296294,19.174974616619515,6.404231438786204,5.508595556037851,4.848916770784997,1298.7,aer,4096,outputs/only_random_strategy/slurm_YYDPETGTWY_amber/replica_999/replica_999.pdb,outputs/only_random_strategy/slurm_YYDPETGTWY_amber/replica_999/replica_999_ca.pdb
24,313296791,random,YYDPETGTWY,amber,-13.670474966689726,5.40314934240761,15.738730581812112,5.831443095148558,5.508595556037851,4.848916770784997,1005.1,aer,4096,outputs/only_random_strategy/slurm_YYDPETGTWY_amber/replica_24/replica_24.pdb,outputs/only_random_strategy/slurm_YYDPETGTWY_amber/replica_24/replica_24_ca.pdb
184,313296951,random,YYDPETGTWY,amber,4.494346047771145,5.403573698274563,19.46404379434704,6.387708597658904,5.508595556037851,4.848916770784997,1266.46,aer,4096,outputs/only_random_strategy/slurm_YYDPETGTWY_amber/replica_184/replica_184.pdb,outputs/only_random_strategy/slurm_YYDPETGTWY_amber/replica_184/replica_184_ca.pdb
350,313297117,random,YYDPETGTWY,amber,-87.65709112704744,5.404760433553657,19.282748105731578,6.5226375871000215,5.508595556037851,4.848916770784997,1112.53,aer,4096,outputs/only_random_strategy/slurm_YYDPETGTWY_amber/replica_350/replica_350.pdb,outputs/only_random_strategy/slurm_YYDPETGTWY_amber/replica_350/replica_350_ca.pdb
52,313296819,random,YYDPETGTWY,amber,-81.28081427020756,5.410027153929872,16.927134561017592,5.690170935813758,5.508595556037851,4.848916770784997,1672.97,aer,4096,outputs/only_random_strategy/slurm_YYDPETGTWY_amber/replica_52/replica_52.pdb,outputs/only_random_strategy/slurm_YYDPETGTWY_amber/replica_52/replica_52_ca.pdb
449,313297216,random,YYDPETGTWY,amber,-49.302309294794306,5.4194159749482465,17.257988230743464,6.351144435865263,5.508595556037851,4.848916770784997,1306.17,aer,4096,outputs/only_random_strategy/slurm_YYDPETGTWY_amber/replica_449/replica_449.pdb,outputs/only_random_strategy/slurm_YYDPETGTWY_amber/replica_449/replica_449_ca.pdb
903,313297670,random,YYDPETGTWY,amber,-7.982175898697519,5.419712484642572,16.496288206407552,5.74586554421197,5.508595556037851,4.848916770784997,1428.18,aer,4096,outputs/only_random_strategy/slurm_YYDPETGTWY_amber/replica_903/replica_903.pdb,outputs/only_random_strategy/slurm_YYDPETGTWY_amber/replica_903/replica_903_ca.pdb
426,313297193,random,YYDPETGTWY,amber,-88.1059710894753,5.4236186923883,18.54156575361693,6.33209133789952,5.508595556037851,4.848916770784997,1332.98,aer,4096,outputs/only_random_strategy/slurm_YYDPETGTWY_amber/replica_426/replica_426.pdb,outputs/only_random_strategy/slurm_YYDPETGTWY_amber/replica_426/replica_426_ca.pdb
727,313297494,random,YYDPETGTWY,amber,-36.33435846683209,5.423965559532116,18.790135471739763,6.589183641576525,5.508595556037851,4.848916770784997,1281.31,aer,4096,outputs/only_random_strategy/slurm_YYDPETGTWY_amber/replica_727/replica_727.pdb,outputs/only_random_strategy/slurm_YYDPETGTWY_amber/replica_727/replica_727_ca.pdb
648,313297415,random,YYDPETGTWY,amber,-21.027538051993933,5.427925731661622,18.619382430806198,6.093326944124483,5.508595556037851,4.848916770784997,1584.1,aer,4096,outputs/only_random_strategy/slurm_YYDPETGTWY_amber/replica_648/replica_648.pdb,outputs/only_random_strategy/slurm_YYDPETGTWY_amber/replica_648/replica_648_ca.pdb
853,313297620,random,YYDPETGTWY,amber,-3.809560859170201,5.432437432553109,16.3773982428692,5.658086848373735,5.508595556037851,4.848916770784997,1327.89,aer,4096,outputs/only_random_strategy/slurm_YYDPETGTWY_amber/replica_853/replica_853.pdb,outputs/only_random_strategy/slurm_YYDPETGTWY_amber/replica_853/replica_853_ca.pdb
761,313297528,random,YYDPETGTWY,amber,90.97051428594882,5.435213727544337,19.613101057739442,6.459926556011051,5.508595556037851,4.848916770784997,1309.36,aer,4096,outputs/only_random_strategy/slurm_YYDPETGTWY_amber/replica_761/replica_761.pdb,outputs/only_random_strategy/slurm_YYDPETGTWY_amber/replica_761/replica_761_ca.pdb
681,313297448,random,YYDPETGTWY,amber,276.1775111170964,5.436166103241408,17.17801753958861,5.9307982746204555,5.508595556037851,4.848916770784997,882.99,aer,4096,outputs/only_random_strategy/slurm_YYDPETGTWY_amber/replica_681/replica_681.pdb,outputs/only_random_strategy/slurm_YYDPETGTWY_amber/replica_681/replica_681_ca.pdb
27,313296794,random,YYDPETGTWY,amber,23.052169784037186,5.440734529793736,19.169054750674835,6.2565375904145,5.508595556037851,4.848916770784997,1300.32,aer,4096,outputs/only_random_strategy/slurm_YYDPETGTWY_amber/replica_27/replica_27.pdb,outputs/only_random_strategy/slurm_YYDPETGTWY_amber/replica_27/replica_27_ca.pdb
48,313296815,random,YYDPETGTWY,amber,-113.28940337478073,5.443050850109289,16.2092687940797,5.8004160737527615,5.508595556037851,4.848916770784997,1190.87,aer,4096,outputs/only_random_strategy/slurm_YYDPETGTWY_amber/replica_48/replica_48.pdb,outputs/only_random_strategy/slurm_YYDPETGTWY_amber/replica_48/replica_48_ca.pdb
722,313297489,random,YYDPETGTWY,amber,-16.93450648238877,5.443581415220527,18.025744473299255,6.3634716375519425,5.508595556037851,4.848916770784997,1205.21,aer,4096,outputs/only_random_strategy/slurm_YYDPETGTWY_amber/replica_722/replica_722.pdb,outputs/only_random_strategy/slurm_YYDPETGTWY_amber/replica_722/replica_722_ca.pdb
876,313297643,random,YYDPETGTWY,amber,-28.400775342626652,5.444461171356931,19.021596039341613,6.032195430024074,5.508595556037851,4.848916770784997,1235.24,aer,4096,outputs/only_random_strategy/slurm_YYDPETGTWY_amber/replica_876/replica_876.pdb,outputs/only_random_strategy/slurm_YYDPETGTWY_amber/replica_876/replica_876_ca.pdb
617,313297384,random,YYDPETGTWY,amber,-41.95483534221541,5.4468127483565985,16.817298044999294,5.896592422402398,5.508595556037851,4.848916770784997,1432.71,aer,4096,outputs/only_random_strategy/slurm_YYDPETGTWY_amber/replica_617/replica_617.pdb,outputs/only_random_strategy/slurm_YYDPETGTWY_amber/replica_617/replica_617_ca.pdb
726,313297493,random,YYDPETGTWY,amber,-11.175054469545607,5.447204557262788,19.08369539513488,6.243734933252856,5.508595556037851,4.848916770784997,1748.64,aer,4096,outputs/only_random_strategy/slurm_YYDPETGTWY_amber/replica_726/replica_726.pdb,outputs/only_random_strategy/slurm_YYDPETGTWY_amber/replica_726/replica_726_ca.pdb
566,313297333,random,YYDPETGTWY,amber,-37.485482060288525,5.450498683029709,17.659563116660934,6.527566407630777,5.508595556037851,4.848916770784997,1990.93,aer,4096,outputs/only_random_strategy/slurm_YYDPETGTWY_amber/replica_566/replica_566.pdb,outputs/only_random_strategy/slurm_YYDPETGTWY_amber/replica_566/replica_566_ca.pdb
523,313297290,random,YYDPETGTWY,amber,-69.86837139646717,5.451105087011693,15.240084078472,5.362824410799849,5.508595556037851,4.848916770784997,1329.01,aer,4096,outputs/only_random_strategy/slurm_YYDPETGTWY_amber/replica_523/replica_523.pdb,outputs/only_random_strategy/slurm_YYDPETGTWY_amber/replica_523/replica_523_ca.pdb
199,313296966,random,YYDPETGTWY,amber,34.91158291382326,5.451482584017736,17.51485829849027,6.260959043654183,5.508595556037851,4.848916770784997,1851.34,aer,4096,outputs/only_random_strategy/slurm_YYDPETGTWY_amber/replica_199/replica_199.pdb,outputs/only_random_strategy/slurm_YYDPETGTWY_amber/replica_199/replica_199_ca.pdb
399,313297166,random,YYDPETGTWY,amber,-17.68211966316827,5.452892412663217,18.908501356043473,6.299199009947181,5.508595556037851,4.848916770784997,1171.16,aer,4096,outputs/only_random_strategy/slurm_YYDPETGTWY_amber/replica_399/replica_399.pdb,outputs/only_random_strategy/slurm_YYDPETGTWY_amber/replica_399/replica_399_ca.pdb
169,313296936,random,YYDPETGTWY,amber,-4.689636883515376,5.458016299980668,14.635424078895998,5.033133009616698,5.508595556037851,4.848916770784997,1153.13,aer,4096,outputs/only_random_strategy/slurm_YYDPETGTWY_amber/replica_169/replica_169.pdb,outputs/only_random_strategy/slurm_YYDPETGTWY_amber/replica_169/replica_169_ca.pdb
895,313297662,random,YYDPETGTWY,amber,-47.51901605365663,5.463773017725485,19.325065753722686,6.180056623587292,5.508595556037851,4.848916770784997,1159.68,aer,4096,outputs/only_random_strategy/slurm_YYDPETGTWY_amber/replica_895/replica_895.pdb,outputs/only_random_strategy/slurm_YYDPETGTWY_amber/replica_895/replica_895_ca.pdb
795,313297562,random,YYDPETGTWY,amber,35.68752826987062,5.464095709746888,19.769546992460334,6.571940128887457,5.508595556037851,4.848916770784997,1172.87,aer,4096,outputs/only_random_strategy/slurm_YYDPETGTWY_amber/replica_795/replica_795.pdb,outputs/only_random_strategy/slurm_YYDPETGTWY_amber/replica_795/replica_795_ca.pdb
167,313296934,random,YYDPETGTWY,amber,6.437985932707748,5.464663657213343,17.287655000436573,6.359077092484738,5.508595556037851,4.848916770784997,2003.65,aer,4096,outputs/only_random_strategy/slurm_YYDPETGTWY_amber/replica_167/replica_167.pdb,outputs/only_random_strategy/slurm_YYDPETGTWY_amber/replica_167/replica_167_ca.pdb
56,313296823,random,YYDPETGTWY,amber,0.8197346484044876,5.465373436308898,19.31896396616622,6.294228496448252,5.508595556037851,4.848916770784997,1676.65,aer,4096,outputs/only_random_strategy/slurm_YYDPETGTWY_amber/replica_56/replica_56.pdb,outputs/only_random_strategy/slurm_YYDPETGTWY_amber/replica_56/replica_56_ca.pdb
460,313297227,random,YYDPETGTWY,amber,-43.78749295632001,5.466748186524132,19.903857615885123,6.6102075275407906,5.508595556037851,4.848916770784997,1786.7,aer,4096,outputs/only_random_strategy/slurm_YYDPETGTWY_amber/replica_460/replica_460.pdb,outputs/only_random_strategy/slurm_YYDPETGTWY_amber/replica_460/replica_460_ca.pdb
182,313296949,random,YYDPETGTWY,amber,-3.954476667120149,5.468942272356598,17.082601464570313,6.1613745275286655,5.508595556037851,4.848916770784997,1242.4,aer,4096,outputs/only_random_strategy/slurm_YYDPETGTWY_amber/replica_182/replica_182.pdb,outputs/only_random_strategy/slurm_YYDPETGTWY_amber/replica_182/replica_182_ca.pdb
777,313297544,random,YYDPETGTWY,amber,-64.07491086026913,5.4715884189792945,16.628831784172164,5.839618839355066,5.508595556037851,4.848916770784997,1642.32,aer,4096,outputs/only_random_strategy/slurm_YYDPETGTWY_amber/replica_777/replica_777.pdb,outputs/only_random_strategy/slurm_YYDPETGTWY_amber/replica_777/replica_777_ca.pdb
838,313297605,random,YYDPETGTWY,amber,356.0492748570172,5.471716383487526,17.49820066871936,6.235880342023275,5.508595556037851,4.848916770784997,1008.91,aer,4096,outputs/only_random_strategy/slurm_YYDPETGTWY_amber/replica_838/replica_838.pdb,outputs/only_random_strategy/slurm_YYDPETGTWY_amber/replica_838/replica_838_ca.pdb
949,313297716,random,YYDPETGTWY,amber,-24.724160406161577,5.474461682431345,17.823735335688454,6.569015660808713,5.508595556037851,4.848916770784997,1208.1,aer,4096,outputs/only_random_strategy/slurm_YYDPETGTWY_amber/replica_949/replica_949.pdb,outputs/only_random_strategy/slurm_YYDPETGTWY_amber/replica_949/replica_949_ca.pdb
524,313297291,random,YYDPETGTWY,amber,-116.93190901294105,5.474587993385803,18.140270391373345,6.160782793127755,5.508595556037851,4.848916770784997,1240.59,aer,4096,outputs/only_random_strategy/slurm_YYDPETGTWY_amber/replica_524/replica_524.pdb,outputs/only_random_strategy/slurm_YYDPETGTWY_amber/replica_524/replica_524_ca.pdb
675,313297442,random,YYDPETGTWY,amber,-2.64178771094584,5.4785028922420285,18.755600159821658,6.375384599390866,5.508595556037851,4.848916770784997,1218.67,aer,4096,outputs/only_random_strategy/slurm_YYDPETGTWY_amber/replica_675/replica_675.pdb,outputs/only_random_strategy/slurm_YYDPETGTWY_amber/replica_675/replica_675_ca.pdb
929,313297696,random,YYDPETGTWY,amber,-67.11113644358802,5.480020967162337,18.08121731345246,6.3361607274051845,5.508595556037851,4.848916770784997,1163.99,aer,4096,outputs/only_random_strategy/slurm_YYDPETGTWY_amber/replica_929/replica_929.pdb,outputs/only_random_strategy/slurm_YYDPETGTWY_amber/replica_929/replica_929_ca.pdb
28,313296795,random,YYDPETGTWY,amber,-34.662932532681715,5.481535532093407,16.37951325909932,5.656860272597838,5.508595556037851,4.848916770784997,1327.46,aer,4096,outputs/only_random_strategy/slurm_YYDPETGTWY_amber/replica_28/replica_28.pdb,outputs/only_random_strategy/slurm_YYDPETGTWY_amber/replica_28/replica_28_ca.pdb
645,313297412,random,YYDPETGTWY,amber,-25.289561027368798,5.48358867539515,18.571911811588503,6.323591848413633,5.508595556037851,4.848916770784997,1409.76,aer,4096,outputs/only_random_strategy/slurm_YYDPETGTWY_amber/replica_645/replica_645.pdb,outputs/only_random_strategy/slurm_YYDPETGTWY_amber/replica_645/replica_645_ca.pdb
606,313297373,random,YYDPETGTWY,amber,-57.047329115310944,5.486821524484413,18.38569851696508,6.158669484990426,5.508595556037851,4.848916770784997,1145.0,aer,4096,outputs/only_random_strategy/slurm_YYDPETGTWY_amber/replica_606/replica_606.pdb,outputs/only_random_strategy/slurm_YYDPETGTWY_amber/replica_606/replica_606_ca.pdb
789,313297556,random,YYDPETGTWY,amber,-51.120386350969085,5.488013118879044,16.281061464156025,5.677712026961951,5.508595556037851,4.848916770784997,1178.92,aer,4096,outputs/only_random_strategy/slurm_YYDPETGTWY_amber/replica_789/replica_789.pdb,outputs/only_random_strategy/slurm_YYDPETGTWY_amber/replica_789/replica_789_ca.pdb
489,313297256,random,YYDPETGTWY,amber,-47.199142247751446,5.499357311131332,19.481887614641554,6.481819850472102,5.508595556037851,4.848916770784997,1096.96,aer,4096,outputs/only_random_strategy/slurm_YYDPETGTWY_amber/replica_489/replica_489.pdb,outputs/only_random_strategy/slurm_YYDPETGTWY_amber/replica_489/replica_489_ca.pdb
891,313297658,random,YYDPETGTWY,amber,-22.40816659923585,5.501400165626428,18.10274611168069,6.396963133196735,5.508595556037851,4.848916770784997,1452.93,aer,4096,outputs/only_random_strategy/slurm_YYDPETGTWY_amber/replica_891/replica_891.pdb,outputs/only_random_strategy/slurm_YYDPETGTWY_amber/replica_891/replica_891_ca.pdb
529,313297296,random,YYDPETGTWY,amber,-75.3855494018169,5.505858443095649,19.491967196301648,6.4034539543488,5.508595556037851,4.848916770784997,1067.83,aer,4096,outputs/only_random_strategy/slurm_YYDPETGTWY_amber/replica_529/replica_529.pdb,outputs/only_random_strategy/slurm_YYDPETGTWY_amber/replica_529/replica_529_ca.pdb
537,313297304,random,YYDPETGTWY,amber,-69.51207144127665,5.511131155900856,18.0985923967368,6.229079191184153,5.508595556037851,4.848916770784997,1303.15,aer,4096,outputs/only_random_strategy/slurm_YYDPETGTWY_amber/replica_537/replica_537.pdb,outputs/only_random_strategy/slurm_YYDPETGTWY_amber/replica_537/replica_537_ca.pdb
672,313297439,random,YYDPETGTWY,amber,-39.32902282751504,5.513623353645533,17.376095507455386,6.070586521035502,5.508595556037851,4.848916770784997,1614.23,aer,4096,outputs/only_random_strategy/slurm_YYDPETGTWY_amber/replica_672/replica_672.pdb,outputs/only_random_strategy/slurm_YYDPETGTWY_amber/replica_672/replica_672_ca.pdb
984,313297751,random,YYDPETGTWY,amber,-69.37150335789282,5.516179429101701,19.26295677436889,6.295342805723258,5.508595556037851,4.848916770784997,1342.81,aer,4096,outputs/only_random_strategy/slurm_YYDPETGTWY_amber/replica_984/replica_984.pdb,outputs/only_random_strategy/slurm_YYDPETGTWY_amber/replica_984/replica_984_ca.pdb
969,313297736,random,YYDPETGTWY,amber,512.1820064389121,5.516477140184701,19.236687794865105,6.415450167429325,5.508595556037851,4.848916770784997,784.15,aer,4096,outputs/only_random_strategy/slurm_YYDPETGTWY_amber/replica_969/replica_969.pdb,outputs/only_random_strategy/slurm_YYDPETGTWY_amber/replica_969/replica_969_ca.pdb
629,313297396,random,YYDPETGTWY,amber,101.83777605357041,5.518573822548186,17.22236715664834,5.967262343095565,5.508595556037851,4.848916770784997,1090.12,aer,4096,outputs/only_random_strategy/slurm_YYDPETGTWY_amber/replica_629/replica_629.pdb,outputs/only_random_strategy/slurm_YYDPETGTWY_amber/replica_629/replica_629_ca.pdb
568,313297335,random,YYDPETGTWY,amber,-68.36193452193235,5.521318625342555,18.971504691100364,6.490943526422665,5.508595556037851,4.848916770784997,1164.1,aer,4096,outputs/only_random_strategy/slurm_YYDPETGTWY_amber/replica_568/replica_568.pdb,outputs/only_random_strategy/slurm_YYDPETGTWY_amber/replica_568/replica_568_ca.pdb
954,313297721,random,YYDPETGTWY,amber,-18.01950225091891,5.525409369685333,15.983073642466975,5.80429141341842,5.508595556037851,4.848916770784997,1057.66,aer,4096,outputs/only_random_strategy/slurm_YYDPETGTWY_amber/replica_954/replica_954.pdb,outputs/only_random_strategy/slurm_YYDPETGTWY_amber/replica_954/replica_954_ca.pdb
882,313297649,random,YYDPETGTWY,amber,-97.80402075892744,5.525545309207069,19.190355734140173,6.366742813614444,5.508595556037851,4.848916770784997,1233.67,aer,4096,outputs/only_random_strategy/slurm_YYDPETGTWY_amber/replica_882/replica_882.pdb,outputs/only_random_strategy/slurm_YYDPETGTWY_amber/replica_882/replica_882_ca.pdb
915,313297682,random,YYDPETGTWY,amber,-33.200957980195085,5.531197098502206,16.882302421869426,5.805906376771524,5.508595556037851,4.848916770784997,1125.03,aer,4096,outputs/only_random_strategy/slurm_YYDPETGTWY_amber/replica_915/replica_915.pdb,outputs/only_random_strategy/slurm_YYDPETGTWY_amber/replica_915/replica_915_ca.pdb
294,313297061,random,YYDPETGTWY,amber,437.9223075408238,5.534201473338087,18.52012100268036,6.704356858018985,5.508595556037851,4.848916770784997,1069.89,aer,4096,outputs/only_random_strategy/slurm_YYDPETGTWY_amber/replica_294/replica_294.pdb,outputs/only_random_strategy/slurm_YYDPETGTWY_amber/replica_294/replica_294_ca.pdb
155,313296922,random,YYDPETGTWY,amber,-20.739355998741217,5.534294880332013,19.579083799371652,6.3650731018701885,5.508595556037851,4.848916770784997,1381.04,aer,4096,outputs/only_random_strategy/slurm_YYDPETGTWY_amber/replica_155/replica_155.pdb,outputs/only_random_strategy/slurm_YYDPETGTWY_amber/replica_155/replica_155_ca.pdb
657,313297424,random,YYDPETGTWY,amber,6.140157655066073,5.536603947113599,17.643763058245366,6.267009544482039,5.508595556037851,4.848916770784997,1327.57,aer,4096,outputs/only_random_strategy/slurm_YYDPETGTWY_amber/replica_657/replica_657.pdb,outputs/only_random_strategy/slurm_YYDPETGTWY_amber/replica_657/replica_657_ca.pdb
931,313297698,random,YYDPETGTWY,amber,-87.62742290436744,5.540173745127613,18.24297034846937,6.485304592037494,5.508595556037851,4.848916770784997,1631.95,aer,4096,outputs/only_random_strategy/slurm_YYDPETGTWY_amber/replica_931/replica_931.pdb,outputs/only_random_strategy/slurm_YYDPETGTWY_amber/replica_931/replica_931_ca.pdb
424,313297191,random,YYDPETGTWY,amber,-10.147463527949377,5.543417769417998,18.026102372928488,6.20788766155432,5.508595556037851,4.848916770784997,1649.89,aer,4096,outputs/only_random_strategy/slurm_YYDPETGTWY_amber/replica_424/replica_424.pdb,outputs/only_random_strategy/slurm_YYDPETGTWY_amber/replica_424/replica_424_ca.pdb
773,313297540,random,YYDPETGTWY,amber,412.31436929595026,5.545452454475415,17.430676953551487,6.100700685306671,5.508595556037851,4.848916770784997,858.27,aer,4096,outputs/only_random_strategy/slurm_YYDPETGTWY_amber/replica_773/replica_773.pdb,outputs/only_random_strategy/slurm_YYDPETGTWY_amber/replica_773/replica_773_ca.pdb
369,313297136,random,YYDPETGTWY,amber,-80.8908766147839,5.552197621179617,18.907527851222767,6.330254161438719,5.508595556037851,4.848916770784997,1592.79,aer,4096,outputs/only_random_strategy/slurm_YYDPETGTWY_amber/replica_369/replica_369.pdb,outputs/only_random_strategy/slurm_YYDPETGTWY_amber/replica_369/replica_369_ca.pdb
124,313296891,random,YYDPETGTWY,amber,-58.899497127399634,5.554882148581059,19.183691245204276,6.166506057283562,5.508595556037851,4.848916770784997,1137.55,aer,4096,outputs/only_random_strategy/slurm_YYDPETGTWY_amber/replica_124/replica_124.pdb,outputs/only_random_strategy/slurm_YYDPETGTWY_amber/replica_124/replica_124_ca.pdb
98,313296865,random,YYDPETGTWY,amber,-2.2304118285264685,5.555807736195313,20.103156637676783,6.416217054396221,5.508595556037851,4.848916770784997,1295.58,aer,4096,outputs/only_random_strategy/slurm_YYDPETGTWY_amber/replica_98/replica_98.pdb,outputs/only_random_strategy/slurm_YYDPETGTWY_amber/replica_98/replica_98_ca.pdb
538,313297305,random,YYDPETGTWY,amber,-71.02442670095796,5.558565534136977,19.954323622351534,6.317513794232155,5.508595556037851,4.848916770784997,1492.08,aer,4096,outputs/only_random_strategy/slurm_YYDPETGTWY_amber/replica_538/replica_538.pdb,outputs/only_random_strategy/slurm_YYDPETGTWY_amber/replica_538/replica_538_ca.pdb
232,313296999,random,YYDPETGTWY,amber,-110.80776605954297,5.558721341797174,18.643706924037605,6.254172695293042,5.508595556037851,4.848916770784997,1287.96,aer,4096,outputs/only_random_strategy/slurm_YYDPETGTWY_amber/replica_232/replica_232.pdb,outputs/only_random_strategy/slurm_YYDPETGTWY_amber/replica_232/replica_232_ca.pdb
77,313296844,random,YYDPETGTWY,amber,-72.1463579717638,5.56172748477691,19.426210792268453,6.3258856993325745,5.508595556037851,4.848916770784997,1753.13,aer,4096,outputs/only_random_strategy/slurm_YYDPETGTWY_amber/replica_77/replica_77.pdb,outputs/only_random_strategy/slurm_YYDPETGTWY_amber/replica_77/replica_77_ca.pdb
917,313297684,random,YYDPETGTWY,amber,-31.762753358378234,5.563552338660045,18.78656727459323,6.387350452200182,5.508595556037851,4.848916770784997,1057.2,aer,4096,outputs/only_random_strategy/slurm_YYDPETGTWY_amber/replica_917/replica_917.pdb,outputs/only_random_strategy/slurm_YYDPETGTWY_amber/replica_917/replica_917_ca.pdb
210,313296977,random,YYDPETGTWY,amber,-36.65288472574382,5.56555156181821,17.03839994420066,6.115856241942934,5.508595556037851,4.848916770784997,1209.91,aer,4096,outputs/only_random_strategy/slurm_YYDPETGTWY_amber/replica_210/replica_210.pdb,outputs/only_random_strategy/slurm_YYDPETGTWY_amber/replica_210/replica_210_ca.pdb
730,313297497,random,YYDPETGTWY,amber,18.717714074533063,5.5658673833792776,17.172647258219317,6.13346375949276,5.508595556037851,4.848916770784997,1309.64,aer,4096,outputs/only_random_strategy/slurm_YYDPETGTWY_amber/replica_730/replica_730.pdb,outputs/only_random_strategy/slurm_YYDPETGTWY_amber/replica_730/replica_730_ca.pdb
959,313297726,random,YYDPETGTWY,amber,-39.321059725455214,5.565902302586336,17.461173724180497,6.127191593236444,5.508595556037851,4.848916770784997,1465.06,aer,4096,outputs/only_random_strategy/slurm_YYDPETGTWY_amber/replica_959/replica_959.pdb,outputs/only_random_strategy/slurm_YYDPETGTWY_amber/replica_959/replica_959_ca.pdb
115,313296882,random,YYDPETGTWY,amber,-9.59988487992197,5.567963506437337,18.140251254651844,6.174735370642433,5.508595556037851,4.848916770784997,1152.65,aer,4096,outputs/only_random_strategy/slurm_YYDPETGTWY_amber/replica_115/replica_115.pdb,outputs/only_random_strategy/slurm_YYDPETGTWY_amber/replica_115/replica_115_ca.pdb
760,313297527,random,YYDPETGTWY,amber,-145.05361983993842,5.571068531664253,17.686662262406795,6.180201480290093,5.508595556037851,4.848916770784997,1302.28,aer,4096,outputs/only_random_strategy/slurm_YYDPETGTWY_amber/replica_760/replica_760.pdb,outputs/only_random_strategy/slurm_YYDPETGTWY_amber/replica_760/replica_760_ca.pdb
201,313296968,random,YYDPETGTWY,amber,-38.67749588684473,5.573294834219174,18.88529611647609,6.451113231038793,5.508595556037851,4.848916770784997,1324.54,aer,4096,outputs/only_random_strategy/slurm_YYDPETGTWY_amber/replica_201/replica_201.pdb,outputs/only_random_strategy/slurm_YYDPETGTWY_amber/replica_201/replica_201_ca.pdb
558,313297325,random,YYDPETGTWY,amber,-11.05596060255719,5.576421819976305,18.200118377849112,6.7685238853918355,5.508595556037851,4.848916770784997,1162.13,aer,4096,outputs/only_random_strategy/slurm_YYDPETGTWY_amber/replica_558/replica_558.pdb,outputs/only_random_strategy/slurm_YYDPETGTWY_amber/replica_558/replica_558_ca.pdb
156,313296923,random,YYDPETGTWY,amber,-72.0595000003692,5.577519553332398,16.67663383036375,5.818230073832781,5.508595556037851,4.848916770784997,1115.72,aer,4096,outputs/only_random_strategy/slurm_YYDPETGTWY_amber/replica_156/replica_156.pdb,outputs/only_random_strategy/slurm_YYDPETGTWY_amber/replica_156/replica_156_ca.pdb
888,313297655,random,YYDPETGTWY,amber,335.9514620041303,5.578108118402078,19.973531443538594,6.255434783879235,5.508595556037851,4.848916770784997,1056.92,aer,4096,outputs/only_random_strategy/slurm_YYDPETGTWY_amber/replica_888/replica_888.pdb,outputs/only_random_strategy/slurm_YYDPETGTWY_amber/replica_888/replica_888_ca.pdb
217,313296984,random,YYDPETGTWY,amber,-10.758111551778384,5.581498798310265,18.417789209931982,6.686790521452115,5.508595556037851,4.848916770784997,1316.95,aer,4096,outputs/only_random_strategy/slurm_YYDPETGTWY_amber/replica_217/replica_217.pdb,outputs/only_random_strategy/slurm_YYDPETGTWY_amber/replica_217/replica_217_ca.pdb
49,313296816,random,YYDPETGTWY,amber,40.14634332593582,5.582318070379782,17.580970404123455,6.150571856464353,5.508595556037851,4.848916770784997,1311.65,aer,4096,outputs/only_random_strategy/slurm_YYDPETGTWY_amber/replica_49/replica_49.pdb,outputs/only_random_strategy/slurm_YYDPETGTWY_amber/replica_49/replica_49_ca.pdb
498,313297265,random,YYDPETGTWY,amber,-129.9897820247778,5.587045386223091,17.838772878558796,6.194960881882798,5.508595556037851,4.848916770784997,1318.87,aer,4096,outputs/only_random_strategy/slurm_YYDPETGTWY_amber/replica_498/replica_498.pdb,outputs/only_random_strategy/slurm_YYDPETGTWY_amber/replica_498/replica_498_ca.pdb
810,313297577,random,YYDPETGTWY,amber,31.039782506711774,5.5871959693137745,16.853569731717833,5.8638257221891195,5.508595556037851,4.848916770784997,1156.07,aer,4096,outputs/only_random_strategy/slurm_YYDPETGTWY_amber/replica_810/replica_810.pdb,outputs/only_random_strategy/slurm_YYDPETGTWY_amber/replica_810/replica_810_ca.pdb
110,313296877,random,YYDPETGTWY,amber,593.1475464404924,5.589596613186683,16.762328807277207,5.862282982340609,5.508595556037851,4.848916770784997,1304.61,aer,4096,outputs/only_random_strategy/slurm_YYDPETGTWY_amber/replica_110/replica_110.pdb,outputs/only_random_strategy/slurm_YYDPETGTWY_amber/replica_110/replica_110_ca.pdb
712,313297479,random,YYDPETGTWY,amber,-54.41182433600741,5.593276913664381,16.20458100366527,6.026632931904708,5.508595556037851,4.848916770784997,1186.31,aer,4096,outputs/only_random_strategy/slurm_YYDPETGTWY_amber/replica_712/replica_712.pdb,outputs/only_random_strategy/slurm_YYDPETGTWY_amber/replica_712/replica_712_ca.pdb
321,313297088,random,YYDPETGTWY,amber,-74.11574518900237,5.594046273084708,19.044728441089024,6.343271577856872,5.508595556037851,4.848916770784997,1334.5,aer,4096,outputs/only_random_strategy/slurm_YYDPETGTWY_amber/replica_321/replica_321.pdb,outputs/only_random_strategy/slurm_YYDPETGTWY_amber/replica_321/replica_321_ca.pdb
37,313296804,random,YYDPETGTWY,amber,-85.94845177652459,5.601316396804131,16.368991092610976,5.724678893147718,5.508595556037851,4.848916770784997,1172.17,aer,4096,outputs/only_random_strategy/slurm_YYDPETGTWY_amber/replica_37/replica_37.pdb,outputs/only_random_strategy/slurm_YYDPETGTWY_amber/replica_37/replica_37_ca.pdb
149,313296916,random,YYDPETGTWY,amber,-3.4366242155456828,5.602561114802036,19.498380865118637,6.514226711967763,5.508595556037851,4.848916770784997,1508.1,aer,4096,outputs/only_random_strategy/slurm_YYDPETGTWY_amber/replica_149/replica_149.pdb,outputs/only_random_strategy/slurm_YYDPETGTWY_amber/replica_149/replica_149_ca.pdb
274,313297041,random,YYDPETGTWY,amber,-50.436747586823884,5.602976473663365,19.501306095187754,6.174331998566363,5.508595556037851,4.848916770784997,1241.01,aer,4096,outputs/only_random_strategy/slurm_YYDPETGTWY_amber/replica_274/replica_274.pdb,outputs/only_random_strategy/slurm_YYDPETGTWY_amber/replica_274/replica_274_ca.pdb
770,313297537,random,YYDPETGTWY,amber,-83.39045109238724,5.603901195607523,18.391569823919582,6.567883143962859,5.508595556037851,4.848916770784997,1396.04,aer,4096,outputs/only_random_strategy/slurm_YYDPETGTWY_amber/replica_770/replica_770.pdb,outputs/only_random_strategy/slurm_YYDPETGTWY_amber/replica_770/replica_770_ca.pdb
240,313297007,random,YYDPETGTWY,amber,470.09670028640716,5.607871323825519,19.5675616107968,6.510526187596641,5.508595556037851,4.848916770784997,1472.21,aer,4096,outputs/only_random_strategy/slurm_YYDPETGTWY_amber/replica_240/replica_240.pdb,outputs/only_random_strategy/slurm_YYDPETGTWY_amber/replica_240/replica_240_ca.pdb
392,313297159,random,YYDPETGTWY,amber,-31.14218706496936,5.613631214070578,17.652020033380072,6.185293171136881,5.508595556037851,4.848916770784997,1221.8,aer,4096,outputs/only_random_strategy/slurm_YYDPETGTWY_amber/replica_392/replica_392.pdb,outputs/only_random_strategy/slurm_YYDPETGTWY_amber/replica_392/replica_392_ca.pdb
571,313297338,random,YYDPETGTWY,amber,-40.386663847311105,5.617056170777478,16.984850219787035,5.993673066431635,5.508595556037851,4.848916770784997,1156.6,aer,4096,outputs/only_random_strategy/slurm_YYDPETGTWY_amber/replica_571/replica_571.pdb,outputs/only_random_strategy/slurm_YYDPETGTWY_amber/replica_571/replica_571_ca.pdb
913,313297680,random,YYDPETGTWY,amber,485.97288172426425,5.620038853083763,18.22025120303763,6.075573774352521,5.508595556037851,4.848916770784997,749.29,aer,4096,outputs/only_random_strategy/slurm_YYDPETGTWY_amber/replica_913/replica_913.pdb,outputs/only_random_strategy/slurm_YYDPETGTWY_amber/replica_913/replica_913_ca.pdb
676,313297443,random,YYDPETGTWY,amber,-8.854682082869468,5.6252592173948806,17.213730823383333,6.103009156973061,5.508595556037851,4.848916770784997,1093.12,aer,4096,outputs/only_random_strategy/slurm_YYDPETGTWY_amber/replica_676/replica_676.pdb,outputs/only_random_strategy/slurm_YYDPETGTWY_amber/replica_676/replica_676_ca.pdb
102,313296869,random,YYDPETGTWY,amber,-42.72472273988578,5.630393982325524,19.89533719790712,6.388960801526833,5.508595556037851,4.848916770784997,1695.0,aer,4096,outputs/only_random_strategy/slurm_YYDPETGTWY_amber/replica_102/replica_102.pdb,outputs/only_random_strategy/slurm_YYDPETGTWY_amber/replica_102/replica_102_ca.pdb
646,313297413,random,YYDPETGTWY,amber,-6.058148906029299,5.63208464194001,20.095915138254124,6.624463533767071,5.508595556037851,4.848916770784997,1347.42,aer,4096,outputs/only_random_strategy/slurm_YYDPETGTWY_amber/replica_646/replica_646.pdb,outputs/only_random_strategy/slurm_YYDPETGTWY_amber/replica_646/replica_646_ca.pdb
638,313297405,random,YYDPETGTWY,amber,-94.54745088131658,5.634274454987489,18.326475676600126,6.47428342924975,5.508595556037851,4.848916770784997,1410.43,aer,4096,outputs/only_random_strategy/slurm_YYDPETGTWY_amber/replica_638/replica_638.pdb,outputs/only_random_strategy/slurm_YYDPETGTWY_amber/replica_638/replica_638_ca.pdb
912,313297679,random,YYDPETGTWY,amber,-75.29968158425916,5.639758407553574,20.08450010530592,6.506484777177314,5.508595556037851,4.848916770784997,1223.35,aer,4096,outputs/only_random_strategy/slurm_YYDPETGTWY_amber/replica_912/replica_912.pdb,outputs/only_random_strategy/slurm_YYDPETGTWY_amber/replica_912/replica_912_ca.pdb
3,313296770,random,YYDPETGTWY,amber,3.130109494428522,5.642195445439733,18.10557609156445,6.482124587944495,5.508595556037851,4.848916770784997,1850.94,aer,4096,outputs/only_random_strategy/slurm_YYDPETGTWY_amber/replica_3/replica_3.pdb,outputs/only_random_strategy/slurm_YYDPETGTWY_amber/replica_3/replica_3_ca.pdb
83,313296850,random,YYDPETGTWY,amber,-30.88962832703621,5.645851855235045,17.78034312270232,6.112229101320312,5.508595556037851,4.848916770784997,1676.79,aer,4096,outputs/only_random_strategy/slurm_YYDPETGTWY_amber/replica_83/replica_83.pdb,outputs/only_random_strategy/slurm_YYDPETGTWY_amber/replica_83/replica_83_ca.pdb
465,313297232,random,YYDPETGTWY,amber,-20.25876650278102,5.64980289754558,18.496231761400207,6.333392110551962,5.508595556037851,4.848916770784997,1376.49,aer,4096,outputs/only_random_strategy/slurm_YYDPETGTWY_amber/replica_465/replica_465.pdb,outputs/only_random_strategy/slurm_YYDPETGTWY_amber/replica_465/replica_465_ca.pdb
263,313297030,random,YYDPETGTWY,amber,-15.11705533955056,5.655909863774456,19.192707932395187,6.368155850262914,5.508595556037851,4.848916770784997,1262.53,aer,4096,outputs/only_random_strategy/slurm_YYDPETGTWY_amber/replica_263/replica_263.pdb,outputs/only_random_strategy/slurm_YYDPETGTWY_amber/replica_263/replica_263_ca.pdb
764,313297531,random,YYDPETGTWY,amber,-57.541012545158026,5.656303024320131,18.782946819223387,6.297383357059229,5.508595556037851,4.848916770784997,1079.93,aer,4096,outputs/only_random_strategy/slurm_YYDPETGTWY_amber/replica_764/replica_764.pdb,outputs/only_random_strategy/slurm_YYDPETGTWY_amber/replica_764/replica_764_ca.pdb
254,313297021,random,YYDPETGTWY,amber,-46.355169219027275,5.656663681082444,19.79336487719334,6.596584418588049,5.508595556037851,4.848916770784997,1272.02,aer,4096,outputs/only_random_strategy/slurm_YYDPETGTWY_amber/replica_254/replica_254.pdb,outputs/only_random_strategy/slurm_YYDPETGTWY_amber/replica_254/replica_254_ca.pdb
357,313297124,random,YYDPETGTWY,amber,-45.50367164337188,5.658048029748726,18.334623645966783,6.366367987880713,5.508595556037851,4.848916770784997,1382.01,aer,4096,outputs/only_random_strategy/slurm_YYDPETGTWY_amber/replica_357/replica_357.pdb,outputs/only_random_strategy/slurm_YYDPETGTWY_amber/replica_357/replica_357_ca.pdb
616,313297383,random,YYDPETGTWY,amber,82.91920135966295,5.661160364933129,18.942179839291942,6.136326432670538,5.508595556037851,4.848916770784997,1845.67,aer,4096,outputs/only_random_strategy/slurm_YYDPETGTWY_amber/replica_616/replica_616.pdb,outputs/only_random_strategy/slurm_YYDPETGTWY_amber/replica_616/replica_616_ca.pdb
86,313296853,random,YYDPETGTWY,amber,-33.108939330244255,5.668590521937455,19.481435894380127,6.427298335689952,5.508595556037851,4.848916770784997,1339.21,aer,4096,outputs/only_random_strategy/slurm_YYDPETGTWY_amber/replica_86/replica_86.pdb,outputs/only_random_strategy/slurm_YYDPETGTWY_amber/replica_86/replica_86_ca.pdb
500,313297267,random,YYDPETGTWY,amber,-29.79526833651523,5.670975204300372,19.48598549385823,6.358599214175803,5.508595556037851,4.848916770784997,1682.07,aer,4096,outputs/only_random_strategy/slurm_YYDPETGTWY_amber/replica_500/replica_500.pdb,outputs/only_random_strategy/slurm_YYDPETGTWY_amber/replica_500/replica_500_ca.pdb
807,313297574,random,YYDPETGTWY,amber,-11.232565023698472,5.6716288031152615,17.44540168914531,5.98980855583042,5.508595556037851,4.848916770784997,2198.08,aer,4096,outputs/only_random_strategy/slurm_YYDPETGTWY_amber/replica_807/replica_807.pdb,outputs/only_random_strategy/slurm_YYDPETGTWY_amber/replica_807/replica_807_ca.pdb
408,313297175,random,YYDPETGTWY,amber,-25.663638385773194,5.675477472245288,20.424615952030933,6.660287627201739,5.508595556037851,4.848916770784997,1263.73,aer,4096,outputs/only_random_strategy/slurm_YYDPETGTWY_amber/replica_408/replica_408.pdb,outputs/only_random_strategy/slurm_YYDPETGTWY_amber/replica_408/replica_408_ca.pdb
202,313296969,random,YYDPETGTWY,amber,-4.7936899576487155,5.676707898620162,18.07619475852264,6.023137247766753,5.508595556037851,4.848916770784997,1293.82,aer,4096,outputs/only_random_strategy/slurm_YYDPETGTWY_amber/replica_202/replica_202.pdb,outputs/only_random_strategy/slurm_YYDPETGTWY_amber/replica_202/replica_202_ca.pdb
128,313296895,random,YYDPETGTWY,amber,534.8110369142237,5.679273345771555,19.058169880310505,6.489206329136979,5.508595556037851,4.848916770784997,1415.64,aer,4096,outputs/only_random_strategy/slurm_YYDPETGTWY_amber/replica_128/replica_128.pdb,outputs/only_random_strategy/slurm_YYDPETGTWY_amber/replica_128/replica_128_ca.pdb
114,313296881,random,YYDPETGTWY,amber,-68.51834582692621,5.684385596461526,19.180743074280254,6.513900155226416,5.508595556037851,4.848916770784997,1100.45,aer,4096,outputs/only_random_strategy/slurm_YYDPETGTWY_amber/replica_114/replica_114.pdb,outputs/only_random_strategy/slurm_YYDPETGTWY_amber/replica_114/replica_114_ca.pdb
812,313297579,random,YYDPETGTWY,amber,-58.439850455946235,5.684510657500708,18.822755748997103,6.379750336257718,5.508595556037851,4.848916770784997,1494.59,aer,4096,outputs/only_random_strategy/slurm_YYDPETGTWY_amber/replica_812/replica_812.pdb,outputs/only_random_strategy/slurm_YYDPETGTWY_amber/replica_812/replica_812_ca.pdb
783,313297550,random,YYDPETGTWY,amber,-51.36187625170571,5.6854741888765785,17.454123301202635,6.450736350543368,5.508595556037851,4.848916770784997,1324.48,aer,4096,outputs/only_random_strategy/slurm_YYDPETGTWY_amber/replica_783/replica_783.pdb,outputs/only_random_strategy/slurm_YYDPETGTWY_amber/replica_783/replica_783_ca.pdb
178,313296945,random,YYDPETGTWY,amber,-51.73284898499596,5.686243224483608,18.43454899516401,6.3287413451898145,5.508595556037851,4.848916770784997,1431.21,aer,4096,outputs/only_random_strategy/slurm_YYDPETGTWY_amber/replica_178/replica_178.pdb,outputs/only_random_strategy/slurm_YYDPETGTWY_amber/replica_178/replica_178_ca.pdb
416,313297183,random,YYDPETGTWY,amber,-17.514444082863474,5.689536700415277,18.292348650712277,6.193191426391569,5.508595556037851,4.848916770784997,1323.68,aer,4096,outputs/only_random_strategy/slurm_YYDPETGTWY_amber/replica_416/replica_416.pdb,outputs/only_random_strategy/slurm_YYDPETGTWY_amber/replica_416/replica_416_ca.pdb
170,313296937,random,YYDPETGTWY,amber,-63.248105630531306,5.689713888152333,19.514813619359064,6.503365744518518,5.508595556037851,4.848916770784997,1187.4,aer,4096,outputs/only_random_strategy/slurm_YYDPETGTWY_amber/replica_170/replica_170.pdb,outputs/only_random_strategy/slurm_YYDPETGTWY_amber/replica_170/replica_170_ca.pdb
384,313297151,random,YYDPETGTWY,amber,0.4211515563644118,5.694996600323652,18.83036731113859,6.400099988633619,5.508595556037851,4.848916770784997,938.53,aer,4096,outputs/only_random_strategy/slurm_YYDPETGTWY_amber/replica_384/replica_384.pdb,outputs/only_random_strategy/slurm_YYDPETGTWY_amber/replica_384/replica_384_ca.pdb
20,313296787,random,YYDPETGTWY,amber,-10.084020075610372,5.695617420556484,16.87747217012677,5.875811829246086,5.508595556037851,4.848916770784997,1253.15,aer,4096,outputs/only_random_strategy/slurm_YYDPETGTWY_amber/replica_20/replica_20.pdb,outputs/only_random_strategy/slurm_YYDPETGTWY_amber/replica_20/replica_20_ca.pdb
781,313297548,random,YYDPETGTWY,amber,20.40034048155972,5.6958789326863295,15.084638769716427,5.613405442632152,5.508595556037851,4.848916770784997,1163.22,aer,4096,outputs/only_random_strategy/slurm_YYDPETGTWY_amber/replica_781/replica_781.pdb,outputs/only_random_strategy/slurm_YYDPETGTWY_amber/replica_781/replica_781_ca.pdb
951,313297718,random,YYDPETGTWY,amber,-36.89885068203744,5.69610919418127,18.394173013306833,6.2345138629960255,5.508595556037851,4.848916770784997,1395.75,aer,4096,outputs/only_random_strategy/slurm_YYDPETGTWY_amber/replica_951/replica_951.pdb,outputs/only_random_strategy/slurm_YYDPETGTWY_amber/replica_951/replica_951_ca.pdb
965,313297732,random,YYDPETGTWY,amber,-96.80130650371007,5.698875123626773,19.143636608629073,6.353070038613285,5.508595556037851,4.848916770784997,1031.81,aer,4096,outputs/only_random_strategy/slurm_YYDPETGTWY_amber/replica_965/replica_965.pdb,outputs/only_random_strategy/slurm_YYDPETGTWY_amber/replica_965/replica_965_ca.pdb
589,313297356,random,YYDPETGTWY,amber,-24.880226110039022,5.702493168390465,18.633805063772893,6.3268758124686215,5.508595556037851,4.848916770784997,1044.81,aer,4096,outputs/only_random_strategy/slurm_YYDPETGTWY_amber/replica_589/replica_589.pdb,outputs/only_random_strategy/slurm_YYDPETGTWY_amber/replica_589/replica_589_ca.pdb
34,313296801,random,YYDPETGTWY,amber,-48.772961393770835,5.704689324088812,17.87546095838881,6.185161372819338,5.508595556037851,4.848916770784997,1293.88,aer,4096,outputs/only_random_strategy/slurm_YYDPETGTWY_amber/replica_34/replica_34.pdb,outputs/only_random_strategy/slurm_YYDPETGTWY_amber/replica_34/replica_34_ca.pdb
475,313297242,random,YYDPETGTWY,amber,26.7624945541565,5.705651597197313,19.708134885883258,6.524223996388429,5.508595556037851,4.848916770784997,1413.91,aer,4096,outputs/only_random_strategy/slurm_YYDPETGTWY_amber/replica_475/replica_475.pdb,outputs/only_random_strategy/slurm_YYDPETGTWY_amber/replica_475/replica_475_ca.pdb
714,313297481,random,YYDPETGTWY,amber,393.05049195547855,5.706231170022531,19.87779318984724,6.496279342644022,5.508595556037851,4.848916770784997,1246.51,aer,4096,outputs/only_random_strategy/slurm_YYDPETGTWY_amber/replica_714/replica_714.pdb,outputs/only_random_strategy/slurm_YYDPETGTWY_amber/replica_714/replica_714_ca.pdb
618,313297385,random,YYDPETGTWY,amber,-90.45258992681958,5.709913642933762,18.604728619071263,6.621074850113434,5.508595556037851,4.848916770784997,1106.31,aer,4096,outputs/only_random_strategy/slurm_YYDPETGTWY_amber/replica_618/replica_618.pdb,outputs/only_random_strategy/slurm_YYDPETGTWY_amber/replica_618/replica_618_ca.pdb
177,313296944,random,YYDPETGTWY,amber,54.39106285646786,5.711070031872276,20.35621084157232,6.567293583116572,5.508595556037851,4.848916770784997,1823.78,aer,4096,outputs/only_random_strategy/slurm_YYDPETGTWY_amber/replica_177/replica_177.pdb,outputs/only_random_strategy/slurm_YYDPETGTWY_amber/replica_177/replica_177_ca.pdb
752,313297519,random,YYDPETGTWY,amber,-12.432510085321884,5.713016806524324,17.046026063134924,6.049268576311546,5.508595556037851,4.848916770784997,1482.58,aer,4096,outputs/only_random_strategy/slurm_YYDPETGTWY_amber/replica_752/replica_752.pdb,outputs/only_random_strategy/slurm_YYDPETGTWY_amber/replica_752/replica_752_ca.pdb
545,313297312,random,YYDPETGTWY,amber,-1.1198401231637167,5.715145273038021,19.665583324774936,6.186889439181834,5.508595556037851,4.848916770784997,1360.29,aer,4096,outputs/only_random_strategy/slurm_YYDPETGTWY_amber/replica_545/replica_545.pdb,outputs/only_random_strategy/slurm_YYDPETGTWY_amber/replica_545/replica_545_ca.pdb
414,313297181,random,YYDPETGTWY,amber,-117.24478914826938,5.719100203240848,19.00369860315839,6.3375795679533535,5.508595556037851,4.848916770784997,1406.72,aer,4096,outputs/only_random_strategy/slurm_YYDPETGTWY_amber/replica_414/replica_414.pdb,outputs/only_random_strategy/slurm_YYDPETGTWY_amber/replica_414/replica_414_ca.pdb
225,313296992,random,YYDPETGTWY,amber,38.17485919398193,5.725595920870362,19.334398171988248,6.150112986584477,5.508595556037851,4.848916770784997,1032.32,aer,4096,outputs/only_random_strategy/slurm_YYDPETGTWY_amber/replica_225/replica_225.pdb,outputs/only_random_strategy/slurm_YYDPETGTWY_amber/replica_225/replica_225_ca.pdb
866,313297633,random,YYDPETGTWY,amber,639.30494127437,5.729233773440163,19.370039275429143,6.42266697971306,5.508595556037851,4.848916770784997,720.92,aer,4096,outputs/only_random_strategy/slurm_YYDPETGTWY_amber/replica_866/replica_866.pdb,outputs/only_random_strategy/slurm_YYDPETGTWY_amber/replica_866/replica_866_ca.pdb
539,313297306,random,YYDPETGTWY,amber,462.9565628116214,5.731099054121502,17.091706665544873,5.796526834519351,5.508595556037851,4.848916770784997,1014.55,aer,4096,outputs/only_random_strategy/slurm_YYDPETGTWY_amber/replica_539/replica_539.pdb,outputs/only_random_strategy/slurm_YYDPETGTWY_amber/replica_539/replica_539_ca.pdb
481,313297248,random,YYDPETGTWY,amber,-76.26116146871438,5.731600074393095,19.878894647493187,6.683892806593509,5.508595556037851,4.848916770784997,1410.27,aer,4096,outputs/only_random_strategy/slurm_YYDPETGTWY_amber/replica_481/replica_481.pdb,outputs/only_random_strategy/slurm_YYDPETGTWY_amber/replica_481/replica_481_ca.pdb
229,313296996,random,YYDPETGTWY,amber,-70.87804248254065,5.733729941376901,17.921629875733156,6.310399866291383,5.508595556037851,4.848916770784997,1002.44,aer,4096,outputs/only_random_strategy/slurm_YYDPETGTWY_amber/replica_229/replica_229.pdb,outputs/only_random_strategy/slurm_YYDPETGTWY_amber/replica_229/replica_229_ca.pdb
887,313297654,random,YYDPETGTWY,amber,-46.66761258274959,5.734311439957664,19.005857536758302,6.386101981758415,5.508595556037851,4.848916770784997,1240.33,aer,4096,outputs/only_random_strategy/slurm_YYDPETGTWY_amber/replica_887/replica_887.pdb,outputs/only_random_strategy/slurm_YYDPETGTWY_amber/replica_887/replica_887_ca.pdb
911,313297678,random,YYDPETGTWY,amber,331.72734673232526,5.736587430110433,18.72493638411257,6.325740554696721,5.508595556037851,4.848916770784997,1584.76,aer,4096,outputs/only_random_strategy/slurm_YYDPETGTWY_amber/replica_911/replica_911.pdb,outputs/only_random_strategy/slurm_YYDPETGTWY_amber/replica_911/replica_911_ca.pdb
477,313297244,random,YYDPETGTWY,amber,-48.34258416309601,5.736773610813652,19.199097467301996,6.720703136004696,5.508595556037851,4.848916770784997,1645.2,aer,4096,outputs/only_random_strategy/slurm_YYDPETGTWY_amber/replica_477/replica_477.pdb,outputs/only_random_strategy/slurm_YYDPETGTWY_amber/replica_477/replica_477_ca.pdb
430,313297197,random,YYDPETGTWY,amber,-1.9035074496352302,5.737768367964116,19.56340802136633,6.645998923730353,5.508595556037851,4.848916770784997,1673.53,aer,4096,outputs/only_random_strategy/slurm_YYDPETGTWY_amber/replica_430/replica_430.pdb,outputs/only_random_strategy/slurm_YYDPETGTWY_amber/replica_430/replica_430_ca.pdb
809,313297576,random,YYDPETGTWY,amber,-98.50423948106325,5.741781182314307,18.459293456841205,6.513994450006814,5.508595556037851,4.848916770784997,1162.35,aer,4096,outputs/only_random_strategy/slurm_YYDPETGTWY_amber/replica_809/replica_809.pdb,outputs/only_random_strategy/slurm_YYDPETGTWY_amber/replica_809/replica_809_ca.pdb
662,313297429,random,YYDPETGTWY,amber,540.5598700740209,5.744703605039946,18.10678108733317,5.984939203825591,5.508595556037851,4.848916770784997,959.07,aer,4096,outputs/only_random_strategy/slurm_YYDPETGTWY_amber/replica_662/replica_662.pdb,outputs/only_random_strategy/slurm_YYDPETGTWY_amber/replica_662/replica_662_ca.pdb
390,313297157,random,YYDPETGTWY,amber,-32.56832799240322,5.747438496811021,20.12900475533722,6.749685478225993,5.508595556037851,4.848916770784997,1192.36,aer,4096,outputs/only_random_strategy/slurm_YYDPETGTWY_amber/replica_390/replica_390.pdb,outputs/only_random_strategy/slurm_YYDPETGTWY_amber/replica_390/replica_390_ca.pdb
313,313297080,random,YYDPETGTWY,amber,-4.186426281442187,5.7522935602911796,19.342767393708648,6.369822029632506,5.508595556037851,4.848916770784997,1283.63,aer,4096,outputs/only_random_strategy/slurm_YYDPETGTWY_amber/replica_313/replica_313.pdb,outputs/only_random_strategy/slurm_YYDPETGTWY_amber/replica_313/replica_313_ca.pdb
93,313296860,random,YYDPETGTWY,amber,-63.92136861759159,5.753209204639109,17.198184114429104,5.894921009760612,5.508595556037851,4.848916770784997,1595.19,aer,4096,outputs/only_random_strategy/slurm_YYDPETGTWY_amber/replica_93/replica_93.pdb,outputs/only_random_strategy/slurm_YYDPETGTWY_amber/replica_93/replica_93_ca.pdb
422,313297189,random,YYDPETGTWY,amber,-22.534111068004947,5.75895583765248,19.991725700942148,6.6598382510608385,5.508595556037851,4.848916770784997,1711.08,aer,4096,outputs/only_random_strategy/slurm_YYDPETGTWY_amber/replica_422/replica_422.pdb,outputs/only_random_strategy/slurm_YYDPETGTWY_amber/replica_422/replica_422_ca.pdb
400,313297167,random,YYDPETGTWY,amber,28.899201387942224,5.762896902332497,20.434039888881017,6.516837918869136,5.508595556037851,4.848916770784997,1046.43,aer,4096,outputs/only_random_strategy/slurm_YYDPETGTWY_amber/replica_400/replica_400.pdb,outputs/only_random_strategy/slurm_YYDPETGTWY_amber/replica_400/replica_400_ca.pdb
432,313297199,random,YYDPETGTWY,amber,-38.49246062465542,5.768682632051244,20.490281357076764,6.782789904131597,5.508595556037851,4.848916770784997,1802.64,aer,4096,outputs/only_random_strategy/slurm_YYDPETGTWY_amber/replica_432/replica_432.pdb,outputs/only_random_strategy/slurm_YYDPETGTWY_amber/replica_432/replica_432_ca.pdb
782,313297549,random,YYDPETGTWY,amber,47.98002342117187,5.769702712174537,18.36869104027999,6.59578839936897,5.508595556037851,4.848916770784997,1481.6,aer,4096,outputs/only_random_strategy/slurm_YYDPETGTWY_amber/replica_782/replica_782.pdb,outputs/only_random_strategy/slurm_YYDPETGTWY_amber/replica_782/replica_782_ca.pdb
967,313297734,random,YYDPETGTWY,amber,-24.292527532869165,5.772785974221936,18.751661213122638,6.677577160992719,5.508595556037851,4.848916770784997,1226.69,aer,4096,outputs/only_random_strategy/slurm_YYDPETGTWY_amber/replica_967/replica_967.pdb,outputs/only_random_strategy/slurm_YYDPETGTWY_amber/replica_967/replica_967_ca.pdb
42,313296809,random,YYDPETGTWY,amber,-20.00099637596379,5.774489018082609,19.665179726761437,6.7071968150926695,5.508595556037851,4.848916770784997,1601.06,aer,4096,outputs/only_random_strategy/slurm_YYDPETGTWY_amber/replica_42/replica_42.pdb,outputs/only_random_strategy/slurm_YYDPETGTWY_amber/replica_42/replica_42_ca.pdb
869,313297636,random,YYDPETGTWY,amber,-65.65963563941676,5.780610771350174,18.24752484912028,6.263912142206386,5.508595556037851,4.848916770784997,1465.37,aer,4096,outputs/only_random_strategy/slurm_YYDPETGTWY_amber/replica_869/replica_869.pdb,outputs/only_random_strategy/slurm_YYDPETGTWY_amber/replica_869/replica_869_ca.pdb
977,313297744,random,YYDPETGTWY,amber,-15.607435073240357,5.786024137818713,19.272690600540756,6.4290113594765295,5.508595556037851,4.848916770784997,2120.53,aer,4096,outputs/only_random_strategy/slurm_YYDPETGTWY_amber/replica_977/replica_977.pdb,outputs/only_random_strategy/slurm_YYDPETGTWY_amber/replica_977/replica_977_ca.pdb
512,313297279,random,YYDPETGTWY,amber,-11.156456691728115,5.786398299840428,19.006865949417254,6.279108001890323,5.508595556037851,4.848916770784997,1096.04,aer,4096,outputs/only_random_strategy/slurm_YYDPETGTWY_amber/replica_512/replica_512.pdb,outputs/only_random_strategy/slurm_YYDPETGTWY_amber/replica_512/replica_512_ca.pdb
620,313297387,random,YYDPETGTWY,amber,-52.942541606322536,5.7923597826088935,19.484013397577954,6.405361332670033,5.508595556037851,4.848916770784997,1530.37,aer,4096,outputs/only_random_strategy/slurm_YYDPETGTWY_amber/replica_620/replica_620.pdb,outputs/only_random_strategy/slurm_YYDPETGTWY_amber/replica_620/replica_620_ca.pdb
448,313297215,random,YYDPETGTWY,amber,-2.0936362709435397,5.7944215636365275,20.2281908054769,6.494389956114534,5.508595556037851,4.848916770784997,1544.4,aer,4096,outputs/only_random_strategy/slurm_YYDPETGTWY_amber/replica_448/replica_448.pdb,outputs/only_random_strategy/slurm_YYDPETGTWY_amber/replica_448/replica_448_ca.pdb
43,313296810,random,YYDPETGTWY,amber,-56.64344777619075,5.797572701685888,18.97417767813395,6.458360126773655,5.508595556037851,4.848916770784997,1140.46,aer,4096,outputs/only_random_strategy/slurm_YYDPETGTWY_amber/replica_43/replica_43.pdb,outputs/only_random_strategy/slurm_YYDPETGTWY_amber/replica_43/replica_43_ca.pdb
834,313297601,random,YYDPETGTWY,amber,46.381154320745104,5.802535511991494,18.72806743022595,6.299070777655349,5.508595556037851,4.848916770784997,1166.07,aer,4096,outputs/only_random_strategy/slurm_YYDPETGTWY_amber/replica_834/replica_834.pdb,outputs/only_random_strategy/slurm_YYDPETGTWY_amber/replica_834/replica_834_ca.pdb
85,313296852,random,YYDPETGTWY,amber,0.6008183263562117,5.806904430386124,18.512689937672214,5.925715666832918,5.508595556037851,4.848916770784997,1192.49,aer,4096,outputs/only_random_strategy/slurm_YYDPETGTWY_amber/replica_85/replica_85.pdb,outputs/only_random_strategy/slurm_YYDPETGTWY_amber/replica_85/replica_85_ca.pdb
318,313297085,random,YYDPETGTWY,amber,-81.56502205731678,5.811091994209841,18.789193277223486,6.186329254197198,5.508595556037851,4.848916770784997,1067.35,aer,4096,outputs/only_random_strategy/slurm_YYDPETGTWY_amber/replica_318/replica_318.pdb,outputs/only_random_strategy/slurm_YYDPETGTWY_amber/replica_318/replica_318_ca.pdb
101,313296868,random,YYDPETGTWY,amber,621.1454953428006,5.815648879333756,17.697077484330293,5.985150893704239,5.508595556037851,4.848916770784997,1217.84,aer,4096,outputs/only_random_strategy/slurm_YYDPETGTWY_amber/replica_101/replica_101.pdb,outputs/only_random_strategy/slurm_YYDPETGTWY_amber/replica_101/replica_101_ca.pdb
207,313296974,random,YYDPETGTWY,amber,-47.20489694802119,5.818111037396263,19.918464747385546,6.520176288778921,5.508595556037851,4.848916770784997,1290.36,aer,4096,outputs/only_random_strategy/slurm_YYDPETGTWY_amber/replica_207/replica_207.pdb,outputs/only_random_strategy/slurm_YYDPETGTWY_amber/replica_207/replica_207_ca.pdb
95,313296862,random,YYDPETGTWY,amber,-36.50713399780338,5.818435609204595,18.583070395919698,6.361786246528067,5.508595556037851,4.848916770784997,1675.44,aer,4096,outputs/only_random_strategy/slurm_YYDPETGTWY_amber/replica_95/replica_95.pdb,outputs/only_random_strategy/slurm_YYDPETGTWY_amber/replica_95/replica_95_ca.pdb
677,313297444,random,YYDPETGTWY,amber,-17.18534973957016,5.822126654703838,19.55805458171645,6.425132099086995,5.508595556037851,4.848916770784997,1280.42,aer,4096,outputs/only_random_strategy/slurm_YYDPETGTWY_amber/replica_677/replica_677.pdb,outputs/only_random_strategy/slurm_YYDPETGTWY_amber/replica_677/replica_677_ca.pdb
437,313297204,random,YYDPETGTWY,amber,-40.800348414829536,5.825258205645501,19.506293627260924,6.922365080445413,5.508595556037851,4.848916770784997,1308.36,aer,4096,outputs/only_random_strategy/slurm_YYDPETGTWY_amber/replica_437/replica_437.pdb,outputs/only_random_strategy/slurm_YYDPETGTWY_amber/replica_437/replica_437_ca.pdb
583,313297350,random,YYDPETGTWY,amber,-70.75737025403369,5.826373405451435,18.52327278481005,5.973920574454076,5.508595556037851,4.848916770784997,1823.27,aer,4096,outputs/only_random_strategy/slurm_YYDPETGTWY_amber/replica_583/replica_583.pdb,outputs/only_random_strategy/slurm_YYDPETGTWY_amber/replica_583/replica_583_ca.pdb
19,313296786,random,YYDPETGTWY,amber,20.703533102372223,5.829990595760213,19.110156211702854,6.401408639202342,5.508595556037851,4.848916770784997,2076.14,aer,4096,outputs/only_random_strategy/slurm_YYDPETGTWY_amber/replica_19/replica_19.pdb,outputs/only_random_strategy/slurm_YYDPETGTWY_amber/replica_19/replica_19_ca.pdb
419,313297186,random,YYDPETGTWY,amber,-66.40561644014547,5.8309280696390475,20.283075328475796,6.679134023373779,5.508595556037851,4.848916770784997,1424.44,aer,4096,outputs/only_random_strategy/slurm_YYDPETGTWY_amber/replica_419/replica_419.pdb,outputs/only_random_strategy/slurm_YYDPETGTWY_amber/replica_419/replica_419_ca.pdb
836,313297603,random,YYDPETGTWY,amber,-48.30242562591855,5.83884480013403,20.12806371240291,6.558342400952982,5.508595556037851,4.848916770784997,955.3,aer,4096,outputs/only_random_strategy/slurm_YYDPETGTWY_amber/replica_836/replica_836.pdb,outputs/only_random_strategy/slurm_YYDPETGTWY_amber/replica_836/replica_836_ca.pdb
255,313297022,random,YYDPETGTWY,amber,24.323187718476312,5.840882989266016,18.660974455976042,6.230299195729153,5.508595556037851,4.848916770784997,1419.41,aer,4096,outputs/only_random_strategy/slurm_YYDPETGTWY_amber/replica_255/replica_255.pdb,outputs/only_random_strategy/slurm_YYDPETGTWY_amber/replica_255/replica_255_ca.pdb
732,313297499,random,YYDPETGTWY,amber,-70.86685255022648,5.842287133440716,20.065360716899526,6.426145156650122,5.508595556037851,4.848916770784997,1285.83,aer,4096,outputs/only_random_strategy/slurm_YYDPETGTWY_amber/replica_732/replica_732.pdb,outputs/only_random_strategy/slurm_YYDPETGTWY_amber/replica_732/replica_732_ca.pdb
976,313297743,random,YYDPETGTWY,amber,-9.020007586475343,5.846236730076762,19.205442911730422,6.491895518554611,5.508595556037851,4.848916770784997,1327.03,aer,4096,outputs/only_random_strategy/slurm_YYDPETGTWY_amber/replica_976/replica_976.pdb,outputs/only_random_strategy/slurm_YYDPETGTWY_amber/replica_976/replica_976_ca.pdb
138,313296905,random,YYDPETGTWY,amber,-118.99551108172115,5.847994087382651,19.35081165521722,6.554630272240689,5.508595556037851,4.848916770784997,1386.91,aer,4096,outputs/only_random_strategy/slurm_YYDPETGTWY_amber/replica_138/replica_138.pdb,outputs/only_random_strategy/slurm_YYDPETGTWY_amber/replica_138/replica_138_ca.pdb
492,313297259,random,YYDPETGTWY,amber,-88.24584526056285,5.849241093011815,19.2172016114809,6.5959580105153774,5.508595556037851,4.848916770784997,1596.44,aer,4096,outputs/only_random_strategy/slurm_YYDPETGTWY_amber/replica_492/replica_492.pdb,outputs/only_random_strategy/slurm_YYDPETGTWY_amber/replica_492/replica_492_ca.pdb
664,313297431,random,YYDPETGTWY,amber,-17.711488389257017,5.853097067479514,16.655698858758818,5.709705032556225,5.508595556037851,4.848916770784997,1531.52,aer,4096,outputs/only_random_strategy/slurm_YYDPETGTWY_amber/replica_664/replica_664.pdb,outputs/only_random_strategy/slurm_YYDPETGTWY_amber/replica_664/replica_664_ca.pdb
312,313297079,random,YYDPETGTWY,amber,-90.22242951540174,5.8556501619272625,19.86514842621626,6.56094617123361,5.508595556037851,4.848916770784997,1572.01,aer,4096,outputs/only_random_strategy/slurm_YYDPETGTWY_amber/replica_312/replica_312.pdb,outputs/only_random_strategy/slurm_YYDPETGTWY_amber/replica_312/replica_312_ca.pdb
950,313297717,random,YYDPETGTWY,amber,-68.49471370621109,5.86093056619048,20.831523341458393,6.763592098496131,5.508595556037851,4.848916770784997,1164.79,aer,4096,outputs/only_random_strategy/slurm_YYDPETGTWY_amber/replica_950/replica_950.pdb,outputs/only_random_strategy/slurm_YYDPETGTWY_amber/replica_950/replica_950_ca.pdb
923,313297690,random,YYDPETGTWY,amber,-27.355549744911695,5.8669917229184465,18.955403101851694,6.28943473345971,5.508595556037851,4.848916770784997,1452.07,aer,4096,outputs/only_random_strategy/slurm_YYDPETGTWY_amber/replica_923/replica_923.pdb,outputs/only_random_strategy/slurm_YYDPETGTWY_amber/replica_923/replica_923_ca.pdb
393,313297160,random,YYDPETGTWY,amber,12.436092389955512,5.8754756115197315,20.411137050890616,6.654719851046335,5.508595556037851,4.848916770784997,1461.75,aer,4096,outputs/only_random_strategy/slurm_YYDPETGTWY_amber/replica_393/replica_393.pdb,outputs/only_random_strategy/slurm_YYDPETGTWY_amber/replica_393/replica_393_ca.pdb
871,313297638,random,YYDPETGTWY,amber,-54.17231468580081,5.880005809169835,19.613462984386192,6.886940359761171,5.508595556037851,4.848916770784997,1192.73,aer,4096,outputs/only_random_strategy/slurm_YYDPETGTWY_amber/replica_871/replica_871.pdb,outputs/only_random_strategy/slurm_YYDPETGTWY_amber/replica_871/replica_871_ca.pdb
415,313297182,random,YYDPETGTWY,amber,-77.85259743854361,5.881949224349086,20.03883582065859,6.580807381108755,5.508595556037851,4.848916770784997,1127.7,aer,4096,outputs/only_random_strategy/slurm_YYDPETGTWY_amber/replica_415/replica_415.pdb,outputs/only_random_strategy/slurm_YYDPETGTWY_amber/replica_415/replica_415_ca.pdb
261,313297028,random,YYDPETGTWY,amber,-15.32798455671176,5.884169544559605,17.95666285214803,6.0326252875525235,5.508595556037851,4.848916770784997,1420.02,aer,4096,outputs/only_random_strategy/slurm_YYDPETGTWY_amber/replica_261/replica_261.pdb,outputs/only_random_strategy/slurm_YYDPETGTWY_amber/replica_261/replica_261_ca.pdb
55,313296822,random,YYDPETGTWY,amber,-26.56109805861431,5.8848564883454895,19.846941829035334,6.574341022849053,5.508595556037851,4.848916770784997,1264.72,aer,4096,outputs/only_random_strategy/slurm_YYDPETGTWY_amber/replica_55/replica_55.pdb,outputs/only_random_strategy/slurm_YYDPETGTWY_amber/replica_55/replica_55_ca.pdb
964,313297731,random,YYDPETGTWY,amber,-45.765702980825054,5.888086189806765,18.938411531483574,6.354249249602353,5.508595556037851,4.848916770784997,1699.03,aer,4096,outputs/only_random_strategy/slurm_YYDPETGTWY_amber/replica_964/replica_964.pdb,outputs/only_random_strategy/slurm_YYDPETGTWY_amber/replica_964/replica_964_ca.pdb
859,313297626,random,YYDPETGTWY,amber,-33.30470800127485,5.90363805726255,18.486617168188378,6.140195056457282,5.508595556037851,4.848916770784997,1660.24,aer,4096,outputs/only_random_strategy/slurm_YYDPETGTWY_amber/replica_859/replica_859.pdb,outputs/only_random_strategy/slurm_YYDPETGTWY_amber/replica_859/replica_859_ca.pdb
488,313297255,random,YYDPETGTWY,amber,-51.44083094732895,5.904724694084226,20.760370018311143,6.922949329809083,5.508595556037851,4.848916770784997,1694.77,aer,4096,outputs/only_random_strategy/slurm_YYDPETGTWY_amber/replica_488/replica_488.pdb,outputs/only_random_strategy/slurm_YYDPETGTWY_amber/replica_488/replica_488_ca.pdb
344,313297111,random,YYDPETGTWY,amber,-82.75930722564894,5.907565128900674,20.460223289101588,6.507403453127348,5.508595556037851,4.848916770784997,1109.98,aer,4096,outputs/only_random_strategy/slurm_YYDPETGTWY_amber/replica_344/replica_344.pdb,outputs/only_random_strategy/slurm_YYDPETGTWY_amber/replica_344/replica_344_ca.pdb
792,313297559,random,YYDPETGTWY,amber,53.016738366649854,5.917905827051506,17.29832902922524,5.758204374004456,5.508595556037851,4.848916770784997,1129.02,aer,4096,outputs/only_random_strategy/slurm_YYDPETGTWY_amber/replica_792/replica_792.pdb,outputs/only_random_strategy/slurm_YYDPETGTWY_amber/replica_792/replica_792_ca.pdb
639,313297406,random,YYDPETGTWY,amber,-12.619224068381639,5.91961757225882,19.69273659870341,6.517710062977746,5.508595556037851,4.848916770784997,1429.36,aer,4096,outputs/only_random_strategy/slurm_YYDPETGTWY_amber/replica_639/replica_639.pdb,outputs/only_random_strategy/slurm_YYDPETGTWY_amber/replica_639/replica_639_ca.pdb
940,313297707,random,YYDPETGTWY,amber,-0.38228253773442666,5.9200948517181455,18.29456890853297,6.21882524037893,5.508595556037851,4.848916770784997,1856.79,aer,4096,outputs/only_random_strategy/slurm_YYDPETGTWY_amber/replica_940/replica_940.pdb,outputs/only_random_strategy/slurm_YYDPETGTWY_amber/replica_940/replica_940_ca.pdb
277,313297044,random,YYDPETGTWY,amber,7.9040337264177865,5.923426401417599,19.874292354067236,6.830941814404254,5.508595556037851,4.848916770784997,1269.58,aer,4096,outputs/only_random_strategy/slurm_YYDPETGTWY_amber/replica_277/replica_277.pdb,outputs/only_random_strategy/slurm_YYDPETGTWY_amber/replica_277/replica_277_ca.pdb
632,313297399,random,YYDPETGTWY,amber,-111.967078564475,5.923939870725977,18.316590426930446,6.493056703939315,5.508595556037851,4.848916770784997,1311.39,aer,4096,outputs/only_random_strategy/slurm_YYDPETGTWY_amber/replica_632/replica_632.pdb,outputs/only_random_strategy/slurm_YYDPETGTWY_amber/replica_632/replica_632_ca.pdb
552,313297319,random,YYDPETGTWY,amber,-57.33864886433242,5.925248127728303,18.82600038797434,6.528760954772407,5.508595556037851,4.848916770784997,1222.57,aer,4096,outputs/only_random_strategy/slurm_YYDPETGTWY_amber/replica_552/replica_552.pdb,outputs/only_random_strategy/slurm_YYDPETGTWY_amber/replica_552/replica_552_ca.pdb
980,313297747,random,YYDPETGTWY,amber,-71.28816247882271,5.932952213518858,19.377559086666817,6.487186271993567,5.508595556037851,4.848916770784997,1566.63,aer,4096,outputs/only_random_strategy/slurm_YYDPETGTWY_amber/replica_980/replica_980.pdb,outputs/only_random_strategy/slurm_YYDPETGTWY_amber/replica_980/replica_980_ca.pdb
542,313297309,random,YYDPETGTWY,amber,-72.37751585814428,5.935194952522924,18.252546236197027,6.432337353669956,5.508595556037851,4.848916770784997,1212.79,aer,4096,outputs/only_random_strategy/slurm_YYDPETGTWY_amber/replica_542/replica_542.pdb,outputs/only_random_strategy/slurm_YYDPETGTWY_amber/replica_542/replica_542_ca.pdb
356,313297123,random,YYDPETGTWY,amber,-79.2721108355647,5.935486995080455,19.348760723312118,6.3384221912135805,5.508595556037851,4.848916770784997,1512.91,aer,4096,outputs/only_random_strategy/slurm_YYDPETGTWY_amber/replica_356/replica_356.pdb,outputs/only_random_strategy/slurm_YYDPETGTWY_amber/replica_356/replica_356_ca.pdb
348,313297115,random,YYDPETGTWY,amber,-113.08067436797836,5.94589415740879,19.976899877591347,6.656682969181569,5.508595556037851,4.848916770784997,1291.42,aer,4096,outputs/only_random_strategy/slurm_YYDPETGTWY_amber/replica_348/replica_348.pdb,outputs/only_random_strategy/slurm_YYDPETGTWY_amber/replica_348/replica_348_ca.pdb
371,313297138,random,YYDPETGTWY,amber,8.865916210891198,5.948397863160529,19.422758960488963,6.5412726497889775,5.508595556037851,4.848916770784997,1249.25,aer,4096,outputs/only_random_strategy/slurm_YYDPETGTWY_amber/replica_371/replica_371.pdb,outputs/only_random_strategy/slurm_YYDPETGTWY_amber/replica_371/replica_371_ca.pdb
650,313297417,random,YYDPETGTWY,amber,-7.35736751883467,5.950120309990614,19.87190198002561,6.567711082088298,5.508595556037851,4.848916770784997,1249.37,aer,4096,outputs/only_random_strategy/slurm_YYDPETGTWY_amber/replica_650/replica_650.pdb,outputs/only_random_strategy/slurm_YYDPETGTWY_amber/replica_650/replica_650_ca.pdb
343,313297110,random,YYDPETGTWY,amber,-21.082554819688312,5.951909865216214,20.246489408640535,6.575126632007563,5.508595556037851,4.848916770784997,1139.76,aer,4096,outputs/only_random_strategy/slurm_YYDPETGTWY_amber/replica_343/replica_343.pdb,outputs/only_random_strategy/slurm_YYDPETGTWY_amber/replica_343/replica_343_ca.pdb
597,313297364,random,YYDPETGTWY,amber,40.46295838591488,5.954660327137081,19.591828749076186,6.683818416469338,5.508595556037851,4.848916770784997,1736.18,aer,4096,outputs/only_random_strategy/slurm_YYDPETGTWY_amber/replica_597/replica_597.pdb,outputs/only_random_strategy/slurm_YYDPETGTWY_amber/replica_597/replica_597_ca.pdb
308,313297075,random,YYDPETGTWY,amber,-67.34423142908588,5.956248584807788,19.513122976906093,6.500934061242396,5.508595556037851,4.848916770784997,1170.23,aer,4096,outputs/only_random_strategy/slurm_YYDPETGTWY_amber/replica_308/replica_308.pdb,outputs/only_random_strategy/slurm_YYDPETGTWY_amber/replica_308/replica_308_ca.pdb
511,313297278,random,YYDPETGTWY,amber,-48.22158711802516,5.964801393856706,18.751594334045834,6.199115723915376,5.508595556037851,4.848916770784997,1233.85,aer,4096,outputs/only_random_strategy/slurm_YYDPETGTWY_amber/replica_511/replica_511.pdb,outputs/only_random_strategy/slurm_YYDPETGTWY_amber/replica_511/replica_511_ca.pdb
626,313297393,random,YYDPETGTWY,amber,468.2025622867476,5.965830268579147,20.229831259321994,6.783678390822775,5.508595556037851,4.848916770784997,872.45,aer,4096,outputs/only_random_strategy/slurm_YYDPETGTWY_amber/replica_626/replica_626.pdb,outputs/only_random_strategy/slurm_YYDPETGTWY_amber/replica_626/replica_626_ca.pdb
582,313297349,random,YYDPETGTWY,amber,-57.35486095376068,5.970171806621189,19.233326426864522,6.50011815588321,5.508595556037851,4.848916770784997,1478.09,aer,4096,outputs/only_random_strategy/slurm_YYDPETGTWY_amber/replica_582/replica_582.pdb,outputs/only_random_strategy/slurm_YYDPETGTWY_amber/replica_582/replica_582_ca.pdb
796,313297563,random,YYDPETGTWY,amber,830.0073294383711,5.977517713751991,19.00964029858177,6.533381806738623,5.508595556037851,4.848916770784997,929.3,aer,4096,outputs/only_random_strategy/slurm_YYDPETGTWY_amber/replica_796/replica_796.pdb,outputs/only_random_strategy/slurm_YYDPETGTWY_amber/replica_796/replica_796_ca.pdb
376,313297143,random,YYDPETGTWY,amber,10.91055048031235,5.977962432128043,19.57956610178911,6.416245155895915,5.508595556037851,4.848916770784997,1234.9,aer,4096,outputs/only_random_strategy/slurm_YYDPETGTWY_amber/replica_376/replica_376.pdb,outputs/only_random_strategy/slurm_YYDPETGTWY_amber/replica_376/replica_376_ca.pdb
914,313297681,random,YYDPETGTWY,amber,-75.23214941807036,5.981769656336375,20.36703192887966,6.616455515833523,5.508595556037851,4.848916770784997,1411.81,aer,4096,outputs/only_random_strategy/slurm_YYDPETGTWY_amber/replica_914/replica_914.pdb,outputs/only_random_strategy/slurm_YYDPETGTWY_amber/replica_914/replica_914_ca.pdb
160,313296927,random,YYDPETGTWY,amber,523.9558684090018,5.982111757297929,20.929941896762276,6.787792521682351,5.508595556037851,4.848916770784997,1669.88,aer,4096,outputs/only_random_strategy/slurm_YYDPETGTWY_amber/replica_160/replica_160.pdb,outputs/only_random_strategy/slurm_YYDPETGTWY_amber/replica_160/replica_160_ca.pdb
472,313297239,random,YYDPETGTWY,amber,-82.98248222013872,5.984206821497817,19.69903956546383,6.697639193335225,5.508595556037851,4.848916770784997,1122.36,aer,4096,outputs/only_random_strategy/slurm_YYDPETGTWY_amber/replica_472/replica_472.pdb,outputs/only_random_strategy/slurm_YYDPETGTWY_amber/replica_472/replica_472_ca.pdb
218,313296985,random,YYDPETGTWY,amber,7.474572452835798,5.985572295500518,19.189028770605848,6.465669558695389,5.508595556037851,4.848916770784997,1169.21,aer,4096,outputs/only_random_strategy/slurm_YYDPETGTWY_amber/replica_218/replica_218.pdb,outputs/only_random_strategy/slurm_YYDPETGTWY_amber/replica_218/replica_218_ca.pdb
226,313296993,random,YYDPETGTWY,amber,349.41579455569774,5.986232591637458,19.782284239614114,6.946208106569091,5.508595556037851,4.848916770784997,828.43,aer,4096,outputs/only_random_strategy/slurm_YYDPETGTWY_amber/replica_226/replica_226.pdb,outputs/only_random_strategy/slurm_YYDPETGTWY_amber/replica_226/replica_226_ca.pdb
106,313296873,random,YYDPETGTWY,amber,563.4391540600359,5.988843346616135,19.879611136258657,6.586866660833464,5.508595556037851,4.848916770784997,785.37,aer,4096,outputs/only_random_strategy/slurm_YYDPETGTWY_amber/replica_106/replica_106.pdb,outputs/only_random_strategy/slurm_YYDPETGTWY_amber/replica_106/replica_106_ca.pdb
906,313297673,random,YYDPETGTWY,amber,-94.97707436014187,5.989708854466525,17.437664194469658,5.886618219081567,5.508595556037851,4.848916770784997,1920.88,aer,4096,outputs/only_random_strategy/slurm_YYDPETGTWY_amber/replica_906/replica_906.pdb,outputs/only_random_strategy/slurm_YYDPETGTWY_amber/replica_906/replica_906_ca.pdb
319,313297086,random,YYDPETGTWY,amber,19.723817013420724,5.996943816559079,19.707470851855565,6.707756924580179,5.508595556037851,4.848916770784997,1141.56,aer,4096,outputs/only_random_strategy/slurm_YYDPETGTWY_amber/replica_319/replica_319.pdb,outputs/only_random_strategy/slurm_YYDPETGTWY_amber/replica_319/replica_319_ca.pdb
73,313296840,random,YYDPETGTWY,amber,3.420449155232885,6.000336766403568,19.78484874354693,6.583289076106861,5.508595556037851,4.848916770784997,1431.07,aer,4096,outputs/only_random_strategy/slurm_YYDPETGTWY_amber/replica_73/replica_73.pdb,outputs/only_random_strategy/slurm_YYDPETGTWY_amber/replica_73/replica_73_ca.pdb
370,313297137,random,YYDPETGTWY,amber,-9.40453234905371,6.0115099546879,19.9568200524311,6.482405771783029,5.508595556037851,4.848916770784997,1136.22,aer,4096,outputs/only_random_strategy/slurm_YYDPETGTWY_amber/replica_370/replica_370.pdb,outputs/only_random_strategy/slurm_YYDPETGTWY_amber/replica_370/replica_370_ca.pdb
673,313297440,random,YYDPETGTWY,amber,-62.95145888190869,6.012662364380225,18.933583864413443,6.289393450370641,5.508595556037851,4.848916770784997,2200.0,aer,4096,outputs/only_random_strategy/slurm_YYDPETGTWY_amber/replica_673/replica_673.pdb,outputs/only_random_strategy/slurm_YYDPETGTWY_amber/replica_673/replica_673_ca.pdb
765,313297532,random,YYDPETGTWY,amber,-14.54383281955586,6.013623068104968,21.090291329680472,6.741713048859629,5.508595556037851,4.848916770784997,1404.45,aer,4096,outputs/only_random_strategy/slurm_YYDPETGTWY_amber/replica_765/replica_765.pdb,outputs/only_random_strategy/slurm_YYDPETGTWY_amber/replica_765/replica_765_ca.pdb
211,313296978,random,YYDPETGTWY,amber,-37.903482989466546,6.016199962030719,19.894620727291052,6.526896920368799,5.508595556037851,4.848916770784997,1723.7,aer,4096,outputs/only_random_strategy/slurm_YYDPETGTWY_amber/replica_211/replica_211.pdb,outputs/only_random_strategy/slurm_YYDPETGTWY_amber/replica_211/replica_211_ca.pdb
633,313297400,random,YYDPETGTWY,amber,-20.043531076992494,6.0168347361491925,19.309365678716176,6.212533858556911,5.508595556037851,4.848916770784997,1542.49,aer,4096,outputs/only_random_strategy/slurm_YYDPETGTWY_amber/replica_633/replica_633.pdb,outputs/only_random_strategy/slurm_YYDPETGTWY_amber/replica_633/replica_633_ca.pdb
719,313297486,random,YYDPETGTWY,amber,-11.31860516317096,6.018370147451748,20.238955993618408,6.437225285413224,5.508595556037851,4.848916770784997,980.56,aer,4096,outputs/only_random_strategy/slurm_YYDPETGTWY_amber/replica_719/replica_719.pdb,outputs/only_random_strategy/slurm_YYDPETGTWY_amber/replica_719/replica_719_ca.pdb
368,313297135,random,YYDPETGTWY,amber,665.7761335960087,6.01849553685138,19.779431065181228,6.522844849725938,5.508595556037851,4.848916770784997,341.82,aer,4096,outputs/only_random_strategy/slurm_YYDPETGTWY_amber/replica_368/replica_368.pdb,outputs/only_random_strategy/slurm_YYDPETGTWY_amber/replica_368/replica_368_ca.pdb
668,313297435,random,YYDPETGTWY,amber,-2.298287962027949,6.020065318349953,20.506867637067675,6.585778799871649,5.508595556037851,4.848916770784997,1338.09,aer,4096,outputs/only_random_strategy/slurm_YYDPETGTWY_amber/replica_668/replica_668.pdb,outputs/only_random_strategy/slurm_YYDPETGTWY_amber/replica_668/replica_668_ca.pdb
927,313297694,random,YYDPETGTWY,amber,1185.1839095191322,6.022220664089575,19.85122095346164,6.62246524284072,5.508595556037851,4.848916770784997,991.91,aer,4096,outputs/only_random_strategy/slurm_YYDPETGTWY_amber/replica_927/replica_927.pdb,outputs/only_random_strategy/slurm_YYDPETGTWY_amber/replica_927/replica_927_ca.pdb
132,313296899,random,YYDPETGTWY,amber,-46.028003229312816,6.025113495961075,19.712486145864762,6.763630694528163,5.508595556037851,4.848916770784997,1392.91,aer,4096,outputs/only_random_strategy/slurm_YYDPETGTWY_amber/replica_132/replica_132.pdb,outputs/only_random_strategy/slurm_YYDPETGTWY_amber/replica_132/replica_132_ca.pdb
251,313297018,random,YYDPETGTWY,amber,-4.375762226990889,6.033161624708258,20.241492201330498,6.798734741339323,5.508595556037851,4.848916770784997,1257.08,aer,4096,outputs/only_random_strategy/slurm_YYDPETGTWY_amber/replica_251/replica_251.pdb,outputs/only_random_strategy/slurm_YYDPETGTWY_amber/replica_251/replica_251_ca.pdb
23,313296790,random,YYDPETGTWY,amber,-82.31117555925078,6.036267970735476,19.140235611646872,6.245805796526927,5.508595556037851,4.848916770784997,1502.22,aer,4096,outputs/only_random_strategy/slurm_YYDPETGTWY_amber/replica_23/replica_23.pdb,outputs/only_random_strategy/slurm_YYDPETGTWY_amber/replica_23/replica_23_ca.pdb
900,313297667,random,YYDPETGTWY,amber,-27.718169047884153,6.042316175467475,21.315177742629963,6.893247206841669,5.508595556037851,4.848916770784997,1484.13,aer,4096,outputs/only_random_strategy/slurm_YYDPETGTWY_amber/replica_900/replica_900.pdb,outputs/only_random_strategy/slurm_YYDPETGTWY_amber/replica_900/replica_900_ca.pdb
91,313296858,random,YYDPETGTWY,amber,-6.810279820410323,6.046959029754375,20.83013092653535,6.845799835753141,5.508595556037851,4.848916770784997,1566.54,aer,4096,outputs/only_random_strategy/slurm_YYDPETGTWY_amber/replica_91/replica_91.pdb,outputs/only_random_strategy/slurm_YYDPETGTWY_amber/replica_91/replica_91_ca.pdb
561,313297328,random,YYDPETGTWY,amber,473.14319717473967,6.05287925862942,19.04678902839824,6.500879895680179,5.508595556037851,4.848916770784997,702.75,aer,4096,outputs/only_random_strategy/slurm_YYDPETGTWY_amber/replica_561/replica_561.pdb,outputs/only_random_strategy/slurm_YYDPETGTWY_amber/replica_561/replica_561_ca.pdb
84,313296851,random,YYDPETGTWY,amber,21.3334098470146,6.052943124424375,20.292876064731104,6.682713329443385,5.508595556037851,4.848916770784997,1269.7,aer,4096,outputs/only_random_strategy/slurm_YYDPETGTWY_amber/replica_84/replica_84.pdb,outputs/only_random_strategy/slurm_YYDPETGTWY_amber/replica_84/replica_84_ca.pdb
729,313297496,random,YYDPETGTWY,amber,-55.038320361138624,6.057480470895131,20.638835409291787,6.590200730268249,5.508595556037851,4.848916770784997,1187.86,aer,4096,outputs/only_random_strategy/slurm_YYDPETGTWY_amber/replica_729/replica_729.pdb,outputs/only_random_strategy/slurm_YYDPETGTWY_amber/replica_729/replica_729_ca.pdb
234,313297001,random,YYDPETGTWY,amber,-103.95663813922512,6.06144252975496,19.9208145735448,6.361405158758688,5.508595556037851,4.848916770784997,1307.62,aer,4096,outputs/only_random_strategy/slurm_YYDPETGTWY_amber/replica_234/replica_234.pdb,outputs/only_random_strategy/slurm_YYDPETGTWY_amber/replica_234/replica_234_ca.pdb
596,313297363,random,YYDPETGTWY,amber,-21.96654637892308,6.061502055305944,19.365327615137524,6.3904521614572,5.508595556037851,4.848916770784997,2084.08,aer,4096,outputs/only_random_strategy/slurm_YYDPETGTWY_amber/replica_596/replica_596.pdb,outputs/only_random_strategy/slurm_YYDPETGTWY_amber/replica_596/replica_596_ca.pdb
619,313297386,random,YYDPETGTWY,amber,-29.4906953561987,6.062548102808602,18.69205459019767,6.423555401278806,5.508595556037851,4.848916770784997,1387.08,aer,4096,outputs/only_random_strategy/slurm_YYDPETGTWY_amber/replica_619/replica_619.pdb,outputs/only_random_strategy/slurm_YYDPETGTWY_amber/replica_619/replica_619_ca.pdb
994,313297761,random,YYDPETGTWY,amber,-31.16383775178629,6.066933285404934,19.93481759141927,6.64908777765744,5.508595556037851,4.848916770784997,1357.95,aer,4096,outputs/only_random_strategy/slurm_YYDPETGTWY_amber/replica_994/replica_994.pdb,outputs/only_random_strategy/slurm_YYDPETGTWY_amber/replica_994/replica_994_ca.pdb
365,313297132,random,YYDPETGTWY,amber,-65.33205524276191,6.068007750053219,20.765522867492077,6.838712720193949,5.508595556037851,4.848916770784997,1588.42,aer,4096,outputs/only_random_strategy/slurm_YYDPETGTWY_amber/replica_365/replica_365.pdb,outputs/only_random_strategy/slurm_YYDPETGTWY_amber/replica_365/replica_365_ca.pdb
804,313297571,random,YYDPETGTWY,amber,-43.24191188535912,6.075089784440327,20.03704159081546,6.610469264038479,5.508595556037851,4.848916770784997,1999.87,aer,4096,outputs/only_random_strategy/slurm_YYDPETGTWY_amber/replica_804/replica_804.pdb,outputs/only_random_strategy/slurm_YYDPETGTWY_amber/replica_804/replica_804_ca.pdb
236,313297003,random,YYDPETGTWY,amber,-94.39441030454925,6.075644609979288,19.827789303526437,6.669374634531093,5.508595556037851,4.848916770784997,1648.11,aer,4096,outputs/only_random_strategy/slurm_YYDPETGTWY_amber/replica_236/replica_236.pdb,outputs/only_random_strategy/slurm_YYDPETGTWY_amber/replica_236/replica_236_ca.pdb
908,313297675,random,YYDPETGTWY,amber,421.3940939880733,6.0771131290487315,20.49521114985828,6.9839384318153295,5.508595556037851,4.848916770784997,1420.34,aer,4096,outputs/only_random_strategy/slurm_YYDPETGTWY_amber/replica_908/replica_908.pdb,outputs/only_random_strategy/slurm_YYDPETGTWY_amber/replica_908/replica_908_ca.pdb
671,313297438,random,YYDPETGTWY,amber,-67.56726802111585,6.077888085673158,19.096386970674825,6.595785167750993,5.508595556037851,4.848916770784997,1514.81,aer,4096,outputs/only_random_strategy/slurm_YYDPETGTWY_amber/replica_671/replica_671.pdb,outputs/only_random_strategy/slurm_YYDPETGTWY_amber/replica_671/replica_671_ca.pdb
824,313297591,random,YYDPETGTWY,amber,-43.41167278322587,6.078616507444831,21.070495962271643,6.684231773761283,5.508595556037851,4.848916770784997,1462.31,aer,4096,outputs/only_random_strategy/slurm_YYDPETGTWY_amber/replica_824/replica_824.pdb,outputs/only_random_strategy/slurm_YYDPETGTWY_amber/replica_824/replica_824_ca.pdb
689,313297456,random,YYDPETGTWY,amber,-11.700914953323583,6.081653861249155,20.079285787860854,6.832178063194182,5.508595556037851,4.848916770784997,1596.86,aer,4096,outputs/only_random_strategy/slurm_YYDPETGTWY_amber/replica_689/replica_689.pdb,outputs/only_random_strategy/slurm_YYDPETGTWY_amber/replica_689/replica_689_ca.pdb
223,313296990,random,YYDPETGTWY,amber,-27.895170530292965,6.082326313640718,19.59915729953985,6.700587450948291,5.508595556037851,4.848916770784997,1407.16,aer,4096,outputs/only_random_strategy/slurm_YYDPETGTWY_amber/replica_223/replica_223.pdb,outputs/only_random_strategy/slurm_YYDPETGTWY_amber/replica_223/replica_223_ca.pdb
168,313296935,random,YYDPETGTWY,amber,-29.031641468928473,6.0865402363240895,19.717346671524492,6.504532053851426,5.508595556037851,4.848916770784997,1279.77,aer,4096,outputs/only_random_strategy/slurm_YYDPETGTWY_amber/replica_168/replica_168.pdb,outputs/only_random_strategy/slurm_YYDPETGTWY_amber/replica_168/replica_168_ca.pdb
215,313296982,random,YYDPETGTWY,amber,-24.07883872338334,6.104293454839248,19.95647798013301,6.6946868810784705,5.508595556037851,4.848916770784997,1270.18,aer,4096,outputs/only_random_strategy/slurm_YYDPETGTWY_amber/replica_215/replica_215.pdb,outputs/only_random_strategy/slurm_YYDPETGTWY_amber/replica_215/replica_215_ca.pdb
327,313297094,random,YYDPETGTWY,amber,-21.749508316409738,6.110678853395282,19.60738111424141,6.479103619532647,5.508595556037851,4.848916770784997,1226.21,aer,4096,outputs/only_random_strategy/slurm_YYDPETGTWY_amber/replica_327/replica_327.pdb,outputs/only_random_strategy/slurm_YYDPETGTWY_amber/replica_327/replica_327_ca.pdb
746,313297513,random,YYDPETGTWY,amber,-106.71399870494945,6.1223493716823105,20.016625855006716,6.447310626691336,5.508595556037851,4.848916770784997,1400.77,aer,4096,outputs/only_random_strategy/slurm_YYDPETGTWY_amber/replica_746/replica_746.pdb,outputs/only_random_strategy/slurm_YYDPETGTWY_amber/replica_746/replica_746_ca.pdb
142,313296909,random,YYDPETGTWY,amber,-52.23502028219961,6.12583688483089,19.35199160210917,6.59654145226331,5.508595556037851,4.848916770784997,1073.15,aer,4096,outputs/only_random_strategy/slurm_YYDPETGTWY_amber/replica_142/replica_142.pdb,outputs/only_random_strategy/slurm_YYDPETGTWY_amber/replica_142/replica_142_ca.pdb
187,313296954,random,YYDPETGTWY,amber,-54.8901933442992,6.1306766620004325,19.520456574263132,6.367876950116846,5.508595556037851,4.848916770784997,1334.74,aer,4096,outputs/only_random_strategy/slurm_YYDPETGTWY_amber/replica_187/replica_187.pdb,outputs/only_random_strategy/slurm_YYDPETGTWY_amber/replica_187/replica_187_ca.pdb
122,313296889,random,YYDPETGTWY,amber,-128.96040126322268,6.133748553746358,20.11027404567914,6.574117041508041,5.508595556037851,4.848916770784997,1347.99,aer,4096,outputs/only_random_strategy/slurm_YYDPETGTWY_amber/replica_122/replica_122.pdb,outputs/only_random_strategy/slurm_YYDPETGTWY_amber/replica_122/replica_122_ca.pdb
609,313297376,random,YYDPETGTWY,amber,483.1066321751938,6.14026386311628,21.169081187349807,6.780517571006304,5.508595556037851,4.848916770784997,1002.5,aer,4096,outputs/only_random_strategy/slurm_YYDPETGTWY_amber/replica_609/replica_609.pdb,outputs/only_random_strategy/slurm_YYDPETGTWY_amber/replica_609/replica_609_ca.pdb
271,313297038,random,YYDPETGTWY,amber,9.26592277528922,6.145673360529774,19.04262562030372,6.732638734070622,5.508595556037851,4.848916770784997,1204.02,aer,4096,outputs/only_random_strategy/slurm_YYDPETGTWY_amber/replica_271/replica_271.pdb,outputs/only_random_strategy/slurm_YYDPETGTWY_amber/replica_271/replica_271_ca.pdb
947,313297714,random,YYDPETGTWY,amber,-7.794411189314875,6.145720138304765,19.523789231107894,6.607491866373457,5.508595556037851,4.848916770784997,1483.66,aer,4096,outputs/only_random_strategy/slurm_YYDPETGTWY_amber/replica_947/replica_947.pdb,outputs/only_random_strategy/slurm_YYDPETGTWY_amber/replica_947/replica_947_ca.pdb
58,313296825,random,YYDPETGTWY,amber,-47.09548483668653,6.147652160197544,18.899934551274857,6.79388084009315,5.508595556037851,4.848916770784997,1470.97,aer,4096,outputs/only_random_strategy/slurm_YYDPETGTWY_amber/replica_58/replica_58.pdb,outputs/only_random_strategy/slurm_YYDPETGTWY_amber/replica_58/replica_58_ca.pdb
66,313296833,random,YYDPETGTWY,amber,29.58612201615454,6.150245681428211,20.115844057746024,6.565231782264981,5.508595556037851,4.848916770784997,1112.48,aer,4096,outputs/only_random_strategy/slurm_YYDPETGTWY_amber/replica_66/replica_66.pdb,outputs/only_random_strategy/slurm_YYDPETGTWY_amber/replica_66/replica_66_ca.pdb
889,313297656,random,YYDPETGTWY,amber,-71.70489816953139,6.151084131747026,21.35044167313776,6.8277556625972755,5.508595556037851,4.848916770784997,1138.27,aer,4096,outputs/only_random_strategy/slurm_YYDPETGTWY_amber/replica_889/replica_889.pdb,outputs/only_random_strategy/slurm_YYDPETGTWY_amber/replica_889/replica_889_ca.pdb
797,313297564,random,YYDPETGTWY,amber,34.32174562633539,6.155192458913681,21.103716006382665,6.859800842060031,5.508595556037851,4.848916770784997,1409.08,aer,4096,outputs/only_random_strategy/slurm_YYDPETGTWY_amber/replica_797/replica_797.pdb,outputs/only_random_strategy/slurm_YYDPETGTWY_amber/replica_797/replica_797_ca.pdb
351,313297118,random,YYDPETGTWY,amber,5.188830022875309,6.165716073989671,19.42076529698236,6.4333503607258615,5.508595556037851,4.848916770784997,1088.72,aer,4096,outputs/only_random_strategy/slurm_YYDPETGTWY_amber/replica_351/replica_351.pdb,outputs/only_random_strategy/slurm_YYDPETGTWY_amber/replica_351/replica_351_ca.pdb
354,313297121,random,YYDPETGTWY,amber,-41.906945200422534,6.178238957401549,19.785580226693796,6.461834207213326,5.508595556037851,4.848916770784997,1446.85,aer,4096,outputs/only_random_strategy/slurm_YYDPETGTWY_amber/replica_354/replica_354.pdb,outputs/only_random_strategy/slurm_YYDPETGTWY_amber/replica_354/replica_354_ca.pdb
378,313297145,random,YYDPETGTWY,amber,-20.559458453317944,6.184702693100262,19.849914022536804,6.615894471957774,5.508595556037851,4.848916770784997,1146.97,aer,4096,outputs/only_random_strategy/slurm_YYDPETGTWY_amber/replica_378/replica_378.pdb,outputs/only_random_strategy/slurm_YYDPETGTWY_amber/replica_378/replica_378_ca.pdb
284,313297051,random,YYDPETGTWY,amber,8.617734081112784,6.1883435379199145,21.037144380485717,7.091922419198938,5.508595556037851,4.848916770784997,1464.89,aer,4096,outputs/only_random_strategy/slurm_YYDPETGTWY_amber/replica_284/replica_284.pdb,outputs/only_random_strategy/slurm_YYDPETGTWY_amber/replica_284/replica_284_ca.pdb
879,313297646,random,YYDPETGTWY,amber,63.66525791362106,6.189841337833104,20.732168301083547,6.719647449663646,5.508595556037851,4.848916770784997,1617.7,aer,4096,outputs/only_random_strategy/slurm_YYDPETGTWY_amber/replica_879/replica_879.pdb,outputs/only_random_strategy/slurm_YYDPETGTWY_amber/replica_879/replica_879_ca.pdb
310,313297077,random,YYDPETGTWY,amber,753.5179780086585,6.192562042506252,19.90089890222452,6.523595272698458,5.508595556037851,4.848916770784997,727.28,aer,4096,outputs/only_random_strategy/slurm_YYDPETGTWY_amber/replica_310/replica_310.pdb,outputs/only_random_strategy/slurm_YYDPETGTWY_amber/replica_310/replica_310_ca.pdb
586,313297353,random,YYDPETGTWY,amber,-101.93662286489233,6.200807390833471,19.26635827469839,6.310454970212771,5.508595556037851,4.848916770784997,1178.32,aer,4096,outputs/only_random_strategy/slurm_YYDPETGTWY_amber/replica_586/replica_586.pdb,outputs/only_random_strategy/slurm_YYDPETGTWY_amber/replica_586/replica_586_ca.pdb
862,313297629,random,YYDPETGTWY,amber,-15.18114508870288,6.214340990145815,21.304868405067868,6.938451297732478,5.508595556037851,4.848916770784997,1869.48,aer,4096,outputs/only_random_strategy/slurm_YYDPETGTWY_amber/replica_862/replica_862.pdb,outputs/only_random_strategy/slurm_YYDPETGTWY_amber/replica_862/replica_862_ca.pdb
141,313296908,random,YYDPETGTWY,amber,-6.677136676625413,6.215510623707823,19.18743806516296,6.541255235638974,5.508595556037851,4.848916770784997,1148.78,aer,4096,outputs/only_random_strategy/slurm_YYDPETGTWY_amber/replica_141/replica_141.pdb,outputs/only_random_strategy/slurm_YYDPETGTWY_amber/replica_141/replica_141_ca.pdb
678,313297445,random,YYDPETGTWY,amber,-42.24798916161772,6.216083514270589,19.74662943484278,6.356489162606268,5.508595556037851,4.848916770784997,1611.84,aer,4096,outputs/only_random_strategy/slurm_YYDPETGTWY_amber/replica_678/replica_678.pdb,outputs/only_random_strategy/slurm_YYDPETGTWY_amber/replica_678/replica_678_ca.pdb
459,313297226,random,YYDPETGTWY,amber,3.582210965230039,6.218770274402874,21.248428501416168,6.7165206607760775,5.508595556037851,4.848916770784997,1207.3,aer,4096,outputs/only_random_strategy/slurm_YYDPETGTWY_amber/replica_459/replica_459.pdb,outputs/only_random_strategy/slurm_YYDPETGTWY_amber/replica_459/replica_459_ca.pdb
278,313297045,random,YYDPETGTWY,amber,-42.43428776510918,6.220407885795107,20.58484456803156,6.915446563517513,5.508595556037851,4.848916770784997,1811.89,aer,4096,outputs/only_random_strategy/slurm_YYDPETGTWY_amber/replica_278/replica_278.pdb,outputs/only_random_strategy/slurm_YYDPETGTWY_amber/replica_278/replica_278_ca.pdb
893,313297660,random,YYDPETGTWY,amber,26.326261707214634,6.221944854842219,20.756181129491004,6.575348474403003,5.508595556037851,4.848916770784997,1156.11,aer,4096,outputs/only_random_strategy/slurm_YYDPETGTWY_amber/replica_893/replica_893.pdb,outputs/only_random_strategy/slurm_YYDPETGTWY_amber/replica_893/replica_893_ca.pdb
171,313296938,random,YYDPETGTWY,amber,541.1862696151873,6.224471598705134,20.225689810220167,6.803427502515696,5.508595556037851,4.848916770784997,769.17,aer,4096,outputs/only_random_strategy/slurm_YYDPETGTWY_amber/replica_171/replica_171.pdb,outputs/only_random_strategy/slurm_YYDPETGTWY_amber/replica_171/replica_171_ca.pdb
830,313297597,random,YYDPETGTWY,amber,-4.426251511075017,6.2253439438243765,18.865084981443246,6.359352206747478,5.508595556037851,4.848916770784997,1264.52,aer,4096,outputs/only_random_strategy/slurm_YYDPETGTWY_amber/replica_830/replica_830.pdb,outputs/only_random_strategy/slurm_YYDPETGTWY_amber/replica_830/replica_830_ca.pdb
604,313297371,random,YYDPETGTWY,amber,-58.48196789461888,6.230326687820332,19.653382795385696,6.536752481249234,5.508595556037851,4.848916770784997,1349.78,aer,4096,outputs/only_random_strategy/slurm_YYDPETGTWY_amber/replica_604/replica_604.pdb,outputs/only_random_strategy/slurm_YYDPETGTWY_amber/replica_604/replica_604_ca.pdb
982,313297749,random,YYDPETGTWY,amber,16.84095972755941,6.242691134846407,20.892209454419422,6.660765922206577,5.508595556037851,4.848916770784997,1110.74,aer,4096,outputs/only_random_strategy/slurm_YYDPETGTWY_amber/replica_982/replica_982.pdb,outputs/only_random_strategy/slurm_YYDPETGTWY_amber/replica_982/replica_982_ca.pdb
956,313297723,random,YYDPETGTWY,amber,-21.678793654172857,6.249258096028941,20.032462916671964,6.601863811608787,5.508595556037851,4.848916770784997,1026.14,aer,4096,outputs/only_random_strategy/slurm_YYDPETGTWY_amber/replica_956/replica_956.pdb,outputs/only_random_strategy/slurm_YYDPETGTWY_amber/replica_956/replica_956_ca.pdb
372,313297139,random,YYDPETGTWY,amber,-30.09018590457927,6.249715765970226,19.728120124660308,6.868341639707863,5.508595556037851,4.848916770784997,1305.59,aer,4096,outputs/only_random_strategy/slurm_YYDPETGTWY_amber/replica_372/replica_372.pdb,outputs/only_random_strategy/slurm_YYDPETGTWY_amber/replica_372/replica_372_ca.pdb
530,313297297,random,YYDPETGTWY,amber,-16.678453533897585,6.253869692790592,20.447008072336786,6.6572522029892545,5.508595556037851,4.848916770784997,1408.62,aer,4096,outputs/only_random_strategy/slurm_YYDPETGTWY_amber/replica_530/replica_530.pdb,outputs/only_random_strategy/slurm_YYDPETGTWY_amber/replica_530/replica_530_ca.pdb
385,313297152,random,YYDPETGTWY,amber,-69.23438344925817,6.267233736997439,19.389459136451954,6.422943416631287,5.508595556037851,4.848916770784997,1313.2,aer,4096,outputs/only_random_strategy/slurm_YYDPETGTWY_amber/replica_385/replica_385.pdb,outputs/only_random_strategy/slurm_YYDPETGTWY_amber/replica_385/replica_385_ca.pdb
849,313297616,random,YYDPETGTWY,amber,-15.973593922325378,6.268463422410153,21.24585063282427,6.736983257924991,5.508595556037851,4.848916770784997,1028.36,aer,4096,outputs/only_random_strategy/slurm_YYDPETGTWY_amber/replica_849/replica_849.pdb,outputs/only_random_strategy/slurm_YYDPETGTWY_amber/replica_849/replica_849_ca.pdb
6,313296773,random,YYDPETGTWY,amber,-37.750906972598344,6.2698598732640125,20.525784020891027,6.7628059160335185,5.508595556037851,4.848916770784997,1285.29,aer,4096,outputs/only_random_strategy/slurm_YYDPETGTWY_amber/replica_6/replica_6.pdb,outputs/only_random_strategy/slurm_YYDPETGTWY_amber/replica_6/replica_6_ca.pdb
292,313297059,random,YYDPETGTWY,amber,-15.843279179422256,6.269876149611982,19.77498704478205,6.531242969567185,5.508595556037851,4.848916770784997,1091.36,aer,4096,outputs/only_random_strategy/slurm_YYDPETGTWY_amber/replica_292/replica_292.pdb,outputs/only_random_strategy/slurm_YYDPETGTWY_amber/replica_292/replica_292_ca.pdb
140,313296907,random,YYDPETGTWY,amber,-20.598753648061955,6.276730990826649,19.963288258654007,6.4883113518307045,5.508595556037851,4.848916770784997,1594.4,aer,4096,outputs/only_random_strategy/slurm_YYDPETGTWY_amber/replica_140/replica_140.pdb,outputs/only_random_strategy/slurm_YYDPETGTWY_amber/replica_140/replica_140_ca.pdb
843,313297610,random,YYDPETGTWY,amber,-50.459857361386426,6.277448063799632,20.45338429369959,6.593513510357854,5.508595556037851,4.848916770784997,1734.92,aer,4096,outputs/only_random_strategy/slurm_YYDPETGTWY_amber/replica_843/replica_843.pdb,outputs/only_random_strategy/slurm_YYDPETGTWY_amber/replica_843/replica_843_ca.pdb
358,313297125,random,YYDPETGTWY,amber,-24.728793867405606,6.281100442569194,20.880932321318372,6.8124718935837,5.508595556037851,4.848916770784997,1318.68,aer,4096,outputs/only_random_strategy/slurm_YYDPETGTWY_amber/replica_358/replica_358.pdb,outputs/only_random_strategy/slurm_YYDPETGTWY_amber/replica_358/replica_358_ca.pdb
180,313296947,random,YYDPETGTWY,amber,-41.82474353343936,6.282709433401691,21.2423552917591,6.924989916005623,5.508595556037851,4.848916770784997,1648.15,aer,4096,outputs/only_random_strategy/slurm_YYDPETGTWY_amber/replica_180/replica_180.pdb,outputs/only_random_strategy/slurm_YYDPETGTWY_amber/replica_180/replica_180_ca.pdb
461,313297228,random,YYDPETGTWY,amber,-33.35103894217222,6.288557327340511,21.321302811952716,6.948868955412869,5.508595556037851,4.848916770784997,1517.08,aer,4096,outputs/only_random_strategy/slurm_YYDPETGTWY_amber/replica_461/replica_461.pdb,outputs/only_random_strategy/slurm_YYDPETGTWY_amber/replica_461/replica_461_ca.pdb
387,313297154,random,YYDPETGTWY,amber,-37.960076542735194,6.294002605410096,20.336371696472,6.529189946689692,5.508595556037851,4.848916770784997,1650.89,aer,4096,outputs/only_random_strategy/slurm_YYDPETGTWY_amber/replica_387/replica_387.pdb,outputs/only_random_strategy/slurm_YYDPETGTWY_amber/replica_387/replica_387_ca.pdb
137,313296904,random,YYDPETGTWY,amber,57.385208687014234,6.302112757302678,21.30014204854983,6.928892807801917,5.508595556037851,4.848916770784997,1212.83,aer,4096,outputs/only_random_strategy/slurm_YYDPETGTWY_amber/replica_137/replica_137.pdb,outputs/only_random_strategy/slurm_YYDPETGTWY_amber/replica_137/replica_137_ca.pdb
674,313297441,random,YYDPETGTWY,amber,271.46443303686425,6.307444574495279,21.720252162122176,6.88495885756573,5.508595556037851,4.848916770784997,1557.54,aer,4096,outputs/only_random_strategy/slurm_YYDPETGTWY_amber/replica_674/replica_674.pdb,outputs/only_random_strategy/slurm_YYDPETGTWY_amber/replica_674/replica_674_ca.pdb
287,313297054,random,YYDPETGTWY,amber,-75.68470528571108,6.31933837296341,20.507604941014304,6.610216129101457,5.508595556037851,4.848916770784997,1101.75,aer,4096,outputs/only_random_strategy/slurm_YYDPETGTWY_amber/replica_287/replica_287.pdb,outputs/only_random_strategy/slurm_YYDPETGTWY_amber/replica_287/replica_287_ca.pdb
972,313297739,random,YYDPETGTWY,amber,-10.803989671189113,6.325440438802363,19.631689406868237,6.628994196688125,5.508595556037851,4.848916770784997,1245.19,aer,4096,outputs/only_random_strategy/slurm_YYDPETGTWY_amber/replica_972/replica_972.pdb,outputs/only_random_strategy/slurm_YYDPETGTWY_amber/replica_972/replica_972_ca.pdb
496,313297263,random,YYDPETGTWY,amber,-69.28105534321801,6.3309791046329655,20.658337636394464,6.7411343987116386,5.508595556037851,4.848916770784997,1394.14,aer,4096,outputs/only_random_strategy/slurm_YYDPETGTWY_amber/replica_496/replica_496.pdb,outputs/only_random_strategy/slurm_YYDPETGTWY_amber/replica_496/replica_496_ca.pdb
659,313297426,random,YYDPETGTWY,amber,-40.51817819120401,6.351232726523141,20.918271902722452,6.739904102308507,5.508595556037851,4.848916770784997,1106.52,aer,4096,outputs/only_random_strategy/slurm_YYDPETGTWY_amber/replica_659/replica_659.pdb,outputs/only_random_strategy/slurm_YYDPETGTWY_amber/replica_659/replica_659_ca.pdb
480,313297247,random,YYDPETGTWY,amber,-3.624247242948813,6.361125061863044,21.525050781024568,7.021034000091352,5.508595556037851,4.848916770784997,1487.98,aer,4096,outputs/only_random_strategy/slurm_YYDPETGTWY_amber/replica_480/replica_480.pdb,outputs/only_random_strategy/slurm_YYDPETGTWY_amber/replica_480/replica_480_ca.pdb
594,313297361,random,YYDPETGTWY,amber,-85.97777591715374,6.361142204863152,20.760477520117476,6.8123861017442255,5.508595556037851,4.848916770784997,1361.58,aer,4096,outputs/only_random_strategy/slurm_YYDPETGTWY_amber/replica_594/replica_594.pdb,outputs/only_random_strategy/slurm_YYDPETGTWY_amber/replica_594/replica_594_ca.pdb
352,313297119,random,YYDPETGTWY,amber,-85.15277590542439,6.361975019966361,21.608725413362812,6.8526796089233795,5.508595556037851,4.848916770784997,998.8,aer,4096,outputs/only_random_strategy/slurm_YYDPETGTWY_amber/replica_352/replica_352.pdb,outputs/only_random_strategy/slurm_YYDPETGTWY_amber/replica_352/replica_352_ca.pdb
921,313297688,random,YYDPETGTWY,amber,-15.583899350352212,6.3631316345349695,20.03478101394769,6.566962741287231,5.508595556037851,4.848916770784997,1257.68,aer,4096,outputs/only_random_strategy/slurm_YYDPETGTWY_amber/replica_921/replica_921.pdb,outputs/only_random_strategy/slurm_YYDPETGTWY_amber/replica_921/replica_921_ca.pdb
346,313297113,random,YYDPETGTWY,amber,-24.178924870641588,6.374095360551033,21.049529763824925,6.6783887987834225,5.508595556037851,4.848916770784997,1394.08,aer,4096,outputs/only_random_strategy/slurm_YYDPETGTWY_amber/replica_346/replica_346.pdb,outputs/only_random_strategy/slurm_YYDPETGTWY_amber/replica_346/replica_346_ca.pdb
315,313297082,random,YYDPETGTWY,amber,-36.8258454394435,6.41394201896304,19.43058933322359,6.718230304215418,5.508595556037851,4.848916770784997,2096.69,aer,4096,outputs/only_random_strategy/slurm_YYDPETGTWY_amber/replica_315/replica_315.pdb,outputs/only_random_strategy/slurm_YYDPETGTWY_amber/replica_315/replica_315_ca.pdb
200,313296967,random,YYDPETGTWY,amber,-34.29349221519407,6.434765944074999,20.495591873652835,6.742230462859574,5.508595556037851,4.848916770784997,2108.15,aer,4096,outputs/only_random_strategy/slurm_YYDPETGTWY_amber/replica_200/replica_200.pdb,outputs/only_random_strategy/slurm_YYDPETGTWY_amber/replica_200/replica_200_ca.pdb
76,313296843,random,YYDPETGTWY,amber,-70.18996478443198,6.43769254265722,21.1374059235811,7.050177222414856,5.508595556037851,4.848916770784997,1144.78,aer,4096,outputs/only_random_strategy/slurm_YYDPETGTWY_amber/replica_76/replica_76.pdb,outputs/only_random_strategy/slurm_YYDPETGTWY_amber/replica_76/replica_76_ca.pdb
725,313297492,random,YYDPETGTWY,amber,-56.82286778187847,6.456186785491227,21.327967019479853,6.866407434804097,5.508595556037851,4.848916770784997,1022.93,aer,4096,outputs/only_random_strategy/slurm_YYDPETGTWY_amber/replica_725/replica_725.pdb,outputs/only_random_strategy/slurm_YYDPETGTWY_amber/replica_725/replica_725_ca.pdb
637,313297404,random,YYDPETGTWY,amber,-72.36964250189125,6.4839512738305745,20.756426602071542,6.659605482539544,5.508595556037851,4.848916770784997,1220.8,aer,4096,outputs/only_random_strategy/slurm_YYDPETGTWY_amber/replica_637/replica_637.pdb,outputs/only_random_strategy/slurm_YYDPETGTWY_amber/replica_637/replica_637_ca.pdb
