replica_id,seed,init_type,sequence,forcefield,energy,rmsd_to_reference,pred_e2e_A,pred_rg_A,ref_e2e_A,ref_rg_A,runtime_s,hw_backend,hw_shots,pdb_path,ca_pdb_path
799,2158524184,random,DAYAQWLKDGGPSSGRPPPS,amber,-148.18162159882993,4.050602866411499,12.839065739094028,7.985525508055151,11.253883418624879,6.910665322709527,1388.89,aer,4096,outputs/reps_Brickwork_entanglement1/slurm_DAYAQWLKDGGPSSGRPPPS_amber/replica_799/replica_799.pdb,outputs/reps_Brickwork_entanglement1/slurm_DAYAQWLKDGGPSSGRPPPS_amber/replica_799/replica_799_ca.pdb
187,2158523572,random,DAYAQWLKDGGPSSGRPPPS,amber,22.84008508419435,4.05345748675136,12.58816201470076,8.367550866099972,11.253883418624879,6.910665322709527,615.44,aer,4096,outputs/reps_Brickwork_entanglement1/slurm_DAYAQWLKDGGPSSGRPPPS_amber/replica_187/replica_187.pdb,outputs/reps_Brickwork_entanglement1/slurm_DAYAQWLKDGGPSSGRPPPS_amber/replica_187/replica_187_ca.pdb
221,2158523606,random,DAYAQWLKDGGPSSGRPPPS,amber,716.643884910727,4.147865236515739,10.35094561293519,7.763281468511467,11.253883418624879,6.910665322709527,483.79,aer,4096,outputs/reps_Brickwork_entanglement1/slurm_DAYAQWLKDGGPSSGRPPPS_amber/replica_221/replica_221.pdb,outputs/reps_Brickwork_entanglement1/slurm_DAYAQWLKDGGPSSGRPPPS_amber/replica_221/replica_221_ca.pdb
86,2158523471,random,DAYAQWLKDGGPSSGRPPPS,amber,-111.92267044693169,4.166743326019361,12.482853502026238,7.318079085452578,11.253883418624879,6.910665322709527,762.25,aer,4096,outputs/reps_Brickwork_entanglement1/slurm_DAYAQWLKDGGPSSGRPPPS_amber/replica_86/replica_86.pdb,outputs/reps_Brickwork_entanglement1/slurm_DAYAQWLKDGGPSSGRPPPS_amber/replica_86/replica_86_ca.pdb
585,2158523970,random,DAYAQWLKDGGPSSGRPPPS,amber,-81.86887418010014,4.183235886658222,12.149606136677438,8.281473930303477,11.253883418624879,6.910665322709527,870.86,aer,4096,outputs/reps_Brickwork_entanglement1/slurm_DAYAQWLKDGGPSSGRPPPS_amber/replica_585/replica_585.pdb,outputs/reps_Brickwork_entanglement1/slurm_DAYAQWLKDGGPSSGRPPPS_amber/replica_585/replica_585_ca.pdb
164,2158523549,random,DAYAQWLKDGGPSSGRPPPS,amber,-100.81989644086772,4.188034058491434,5.677364955440801,6.2979706562477835,11.253883418624879,6.910665322709527,725.36,aer,4096,outputs/reps_Brickwork_entanglement1/slurm_DAYAQWLKDGGPSSGRPPPS_amber/replica_164/replica_164.pdb,outputs/reps_Brickwork_entanglement1/slurm_DAYAQWLKDGGPSSGRPPPS_amber/replica_164/replica_164_ca.pdb
481,2158523866,random,DAYAQWLKDGGPSSGRPPPS,amber,-155.80712299608933,4.207507264176274,11.327288990850693,8.762362237199921,11.253883418624879,6.910665322709527,786.62,aer,4096,outputs/reps_Brickwork_entanglement1/slurm_DAYAQWLKDGGPSSGRPPPS_amber/replica_481/replica_481.pdb,outputs/reps_Brickwork_entanglement1/slurm_DAYAQWLKDGGPSSGRPPPS_amber/replica_481/replica_481_ca.pdb
810,2158524195,random,DAYAQWLKDGGPSSGRPPPS,amber,316.6401505515553,4.2308849445309615,4.822793125595681,7.326574399123111,11.253883418624879,6.910665322709527,520.14,aer,4096,outputs/reps_Brickwork_entanglement1/slurm_DAYAQWLKDGGPSSGRPPPS_amber/replica_810/replica_810.pdb,outputs/reps_Brickwork_entanglement1/slurm_DAYAQWLKDGGPSSGRPPPS_amber/replica_810/replica_810_ca.pdb
113,2158523498,random,DAYAQWLKDGGPSSGRPPPS,amber,930.2655341244886,4.303306712582616,16.595623209367027,7.305316238028298,11.253883418624879,6.910665322709527,397.43,aer,4096,outputs/reps_Brickwork_entanglement1/slurm_DAYAQWLKDGGPSSGRPPPS_amber/replica_113/replica_113.pdb,outputs/reps_Brickwork_entanglement1/slurm_DAYAQWLKDGGPSSGRPPPS_amber/replica_113/replica_113_ca.pdb
274,2158523659,random,DAYAQWLKDGGPSSGRPPPS,amber,-86.60499356450282,4.314131881867291,7.673189653561781,7.187502221563894,11.253883418624879,6.910665322709527,909.57,aer,4096,outputs/reps_Brickwork_entanglement1/slurm_DAYAQWLKDGGPSSGRPPPS_amber/replica_274/replica_274.pdb,outputs/reps_Brickwork_entanglement1/slurm_DAYAQWLKDGGPSSGRPPPS_amber/replica_274/replica_274_ca.pdb
1,2158523386,random,DAYAQWLKDGGPSSGRPPPS,amber,-87.49803848170451,4.33849666842515,13.916424997678815,7.443419701654033,11.253883418624879,6.910665322709527,2155.06,aer,4096,outputs/reps_Brickwork_entanglement1/slurm_DAYAQWLKDGGPSSGRPPPS_amber/replica_1/replica_1.pdb,outputs/reps_Brickwork_entanglement1/slurm_DAYAQWLKDGGPSSGRPPPS_amber/replica_1/replica_1_ca.pdb
729,2158524114,random,DAYAQWLKDGGPSSGRPPPS,amber,-151.59501882872826,4.36944258890025,13.292016429394826,7.671648696605912,11.253883418624879,6.910665322709527,1228.49,aer,4096,outputs/reps_Brickwork_entanglement1/slurm_DAYAQWLKDGGPSSGRPPPS_amber/replica_729/replica_729.pdb,outputs/reps_Brickwork_entanglement1/slurm_DAYAQWLKDGGPSSGRPPPS_amber/replica_729/replica_729_ca.pdb
138,2158523523,random,DAYAQWLKDGGPSSGRPPPS,amber,161.5811922960784,4.3722277633431945,13.96260888632657,7.816217222527394,11.253883418624879,6.910665322709527,1498.46,aer,4096,outputs/reps_Brickwork_entanglement1/slurm_DAYAQWLKDGGPSSGRPPPS_amber/replica_138/replica_138.pdb,outputs/reps_Brickwork_entanglement1/slurm_DAYAQWLKDGGPSSGRPPPS_amber/replica_138/replica_138_ca.pdb
543,2158523928,random,DAYAQWLKDGGPSSGRPPPS,amber,1421.3292294423254,4.383117685302213,10.545313167322258,7.291421505303462,11.253883418624879,6.910665322709527,578.96,aer,4096,outputs/reps_Brickwork_entanglement1/slurm_DAYAQWLKDGGPSSGRPPPS_amber/replica_543/replica_543.pdb,outputs/reps_Brickwork_entanglement1/slurm_DAYAQWLKDGGPSSGRPPPS_amber/replica_543/replica_543_ca.pdb
184,2158523569,random,DAYAQWLKDGGPSSGRPPPS,amber,520.8989083561577,4.398253530189959,13.082833976509882,7.519198748381017,11.253883418624879,6.910665322709527,544.98,aer,4096,outputs/reps_Brickwork_entanglement1/slurm_DAYAQWLKDGGPSSGRPPPS_amber/replica_184/replica_184.pdb,outputs/reps_Brickwork_entanglement1/slurm_DAYAQWLKDGGPSSGRPPPS_amber/replica_184/replica_184_ca.pdb
736,2158524121,random,DAYAQWLKDGGPSSGRPPPS,amber,-159.8201374022777,4.43319388106627,18.06356832557018,8.018174444631372,11.253883418624879,6.910665322709527,931.2,aer,4096,outputs/reps_Brickwork_entanglement1/slurm_DAYAQWLKDGGPSSGRPPPS_amber/replica_736/replica_736.pdb,outputs/reps_Brickwork_entanglement1/slurm_DAYAQWLKDGGPSSGRPPPS_amber/replica_736/replica_736_ca.pdb
555,2158523940,random,DAYAQWLKDGGPSSGRPPPS,amber,31.883752024211308,4.525115712596033,16.623442912371853,7.84505818843181,11.253883418624879,6.910665322709527,1276.11,aer,4096,outputs/reps_Brickwork_entanglement1/slurm_DAYAQWLKDGGPSSGRPPPS_amber/replica_555/replica_555.pdb,outputs/reps_Brickwork_entanglement1/slurm_DAYAQWLKDGGPSSGRPPPS_amber/replica_555/replica_555_ca.pdb
932,2158524317,random,DAYAQWLKDGGPSSGRPPPS,amber,-3.4420880080570697,4.530841716423078,12.942963520709585,7.933630850873006,11.253883418624879,6.910665322709527,1074.8,aer,4096,outputs/reps_Brickwork_entanglement1/slurm_DAYAQWLKDGGPSSGRPPPS_amber/replica_932/replica_932.pdb,outputs/reps_Brickwork_entanglement1/slurm_DAYAQWLKDGGPSSGRPPPS_amber/replica_932/replica_932_ca.pdb
755,2158524140,random,DAYAQWLKDGGPSSGRPPPS,amber,-73.82896253742815,4.5322645074348475,14.952093871945452,7.545114078964494,11.253883418624879,6.910665322709527,1447.07,aer,4096,outputs/reps_Brickwork_entanglement1/slurm_DAYAQWLKDGGPSSGRPPPS_amber/replica_755/replica_755.pdb,outputs/reps_Brickwork_entanglement1/slurm_DAYAQWLKDGGPSSGRPPPS_amber/replica_755/replica_755_ca.pdb
278,2158523663,random,DAYAQWLKDGGPSSGRPPPS,amber,-146.00976193592638,4.569946802922635,11.13220093684253,7.268118127726297,11.253883418624879,6.910665322709527,1605.38,aer,4096,outputs/reps_Brickwork_entanglement1/slurm_DAYAQWLKDGGPSSGRPPPS_amber/replica_278/replica_278.pdb,outputs/reps_Brickwork_entanglement1/slurm_DAYAQWLKDGGPSSGRPPPS_amber/replica_278/replica_278_ca.pdb
422,2158523807,random,DAYAQWLKDGGPSSGRPPPS,amber,388.25739172672036,4.5937912707861965,20.801893894360568,8.55326189870583,11.253883418624879,6.910665322709527,479.79,aer,4096,outputs/reps_Brickwork_entanglement1/slurm_DAYAQWLKDGGPSSGRPPPS_amber/replica_422/replica_422.pdb,outputs/reps_Brickwork_entanglement1/slurm_DAYAQWLKDGGPSSGRPPPS_amber/replica_422/replica_422_ca.pdb
174,2158523559,random,DAYAQWLKDGGPSSGRPPPS,amber,-53.20470212990406,4.609150522901112,13.613922084315929,7.400238010933011,11.253883418624879,6.910665322709527,825.72,aer,4096,outputs/reps_Brickwork_entanglement1/slurm_DAYAQWLKDGGPSSGRPPPS_amber/replica_174/replica_174.pdb,outputs/reps_Brickwork_entanglement1/slurm_DAYAQWLKDGGPSSGRPPPS_amber/replica_174/replica_174_ca.pdb
85,2158523470,random,DAYAQWLKDGGPSSGRPPPS,amber,-104.8792350465118,4.635178218137223,10.783883692809958,7.913314796056006,11.253883418624879,6.910665322709527,796.64,aer,4096,outputs/reps_Brickwork_entanglement1/slurm_DAYAQWLKDGGPSSGRPPPS_amber/replica_85/replica_85.pdb,outputs/reps_Brickwork_entanglement1/slurm_DAYAQWLKDGGPSSGRPPPS_amber/replica_85/replica_85_ca.pdb
732,2158524117,random,DAYAQWLKDGGPSSGRPPPS,amber,943.2029693668708,4.643461468209838,15.31176083803334,8.286043491014894,11.253883418624879,6.910665322709527,460.21,aer,4096,outputs/reps_Brickwork_entanglement1/slurm_DAYAQWLKDGGPSSGRPPPS_amber/replica_732/replica_732.pdb,outputs/reps_Brickwork_entanglement1/slurm_DAYAQWLKDGGPSSGRPPPS_amber/replica_732/replica_732_ca.pdb
491,2158523876,random,DAYAQWLKDGGPSSGRPPPS,amber,-130.35201697947056,4.658265918574339,8.187278631226688,7.434166324040076,11.253883418624879,6.910665322709527,1190.86,aer,4096,outputs/reps_Brickwork_entanglement1/slurm_DAYAQWLKDGGPSSGRPPPS_amber/replica_491/replica_491.pdb,outputs/reps_Brickwork_entanglement1/slurm_DAYAQWLKDGGPSSGRPPPS_amber/replica_491/replica_491_ca.pdb
574,2158523959,random,DAYAQWLKDGGPSSGRPPPS,amber,-144.76916630163095,4.666650991656865,17.122180828381786,7.996995954851044,11.253883418624879,6.910665322709527,873.69,aer,4096,outputs/reps_Brickwork_entanglement1/slurm_DAYAQWLKDGGPSSGRPPPS_amber/replica_574/replica_574.pdb,outputs/reps_Brickwork_entanglement1/slurm_DAYAQWLKDGGPSSGRPPPS_amber/replica_574/replica_574_ca.pdb
419,2158523804,random,DAYAQWLKDGGPSSGRPPPS,amber,-156.91174638636897,4.683246494003923,15.62541061710612,7.569366173713586,11.253883418624879,6.910665322709527,1171.93,aer,4096,outputs/reps_Brickwork_entanglement1/slurm_DAYAQWLKDGGPSSGRPPPS_amber/replica_419/replica_419.pdb,outputs/reps_Brickwork_entanglement1/slurm_DAYAQWLKDGGPSSGRPPPS_amber/replica_419/replica_419_ca.pdb
466,2158523851,random,DAYAQWLKDGGPSSGRPPPS,amber,-214.55163068352806,4.6889071079585944,5.563034242757013,7.292626985500298,11.253883418624879,6.910665322709527,870.6,aer,4096,outputs/reps_Brickwork_entanglement1/slurm_DAYAQWLKDGGPSSGRPPPS_amber/replica_466/replica_466.pdb,outputs/reps_Brickwork_entanglement1/slurm_DAYAQWLKDGGPSSGRPPPS_amber/replica_466/replica_466_ca.pdb
639,2158524024,random,DAYAQWLKDGGPSSGRPPPS,amber,13.735099554192479,4.693351868621021,14.327145207988142,8.944153635310856,11.253883418624879,6.910665322709527,1148.25,aer,4096,outputs/reps_Brickwork_entanglement1/slurm_DAYAQWLKDGGPSSGRPPPS_amber/replica_639/replica_639.pdb,outputs/reps_Brickwork_entanglement1/slurm_DAYAQWLKDGGPSSGRPPPS_amber/replica_639/replica_639_ca.pdb
880,2158524265,random,DAYAQWLKDGGPSSGRPPPS,amber,-64.68675050723674,4.700618649420532,14.578072212951243,7.807289812135845,11.253883418624879,6.910665322709527,855.47,aer,4096,outputs/reps_Brickwork_entanglement1/slurm_DAYAQWLKDGGPSSGRPPPS_amber/replica_880/replica_880.pdb,outputs/reps_Brickwork_entanglement1/slurm_DAYAQWLKDGGPSSGRPPPS_amber/replica_880/replica_880_ca.pdb
95,2158523480,random,DAYAQWLKDGGPSSGRPPPS,amber,-155.60354394783798,4.730568509380501,21.317413562029934,9.055101101870585,11.253883418624879,6.910665322709527,806.61,aer,4096,outputs/reps_Brickwork_entanglement1/slurm_DAYAQWLKDGGPSSGRPPPS_amber/replica_95/replica_95.pdb,outputs/reps_Brickwork_entanglement1/slurm_DAYAQWLKDGGPSSGRPPPS_amber/replica_95/replica_95_ca.pdb
140,2158523525,random,DAYAQWLKDGGPSSGRPPPS,amber,-29.673165017797853,4.735817891089966,13.293503962665884,7.729045237000698,11.253883418624879,6.910665322709527,832.47,aer,4096,outputs/reps_Brickwork_entanglement1/slurm_DAYAQWLKDGGPSSGRPPPS_amber/replica_140/replica_140.pdb,outputs/reps_Brickwork_entanglement1/slurm_DAYAQWLKDGGPSSGRPPPS_amber/replica_140/replica_140_ca.pdb
644,2158524029,random,DAYAQWLKDGGPSSGRPPPS,amber,-54.63806250302139,4.777097568666251,12.450876002347856,8.178927263686969,11.253883418624879,6.910665322709527,1237.75,aer,4096,outputs/reps_Brickwork_entanglement1/slurm_DAYAQWLKDGGPSSGRPPPS_amber/replica_644/replica_644.pdb,outputs/reps_Brickwork_entanglement1/slurm_DAYAQWLKDGGPSSGRPPPS_amber/replica_644/replica_644_ca.pdb
802,2158524187,random,DAYAQWLKDGGPSSGRPPPS,amber,-50.39723326114548,4.787720372737955,5.79497864557655,6.177111347853616,11.253883418624879,6.910665322709527,883.83,aer,4096,outputs/reps_Brickwork_entanglement1/slurm_DAYAQWLKDGGPSSGRPPPS_amber/replica_802/replica_802.pdb,outputs/reps_Brickwork_entanglement1/slurm_DAYAQWLKDGGPSSGRPPPS_amber/replica_802/replica_802_ca.pdb
917,2158524302,random,DAYAQWLKDGGPSSGRPPPS,amber,89.82514682205074,4.832451894922849,13.074337558577193,7.257616016496987,11.253883418624879,6.910665322709527,1277.3,aer,4096,outputs/reps_Brickwork_entanglement1/slurm_DAYAQWLKDGGPSSGRPPPS_amber/replica_917/replica_917.pdb,outputs/reps_Brickwork_entanglement1/slurm_DAYAQWLKDGGPSSGRPPPS_amber/replica_917/replica_917_ca.pdb
862,2158524247,random,DAYAQWLKDGGPSSGRPPPS,amber,-32.512747585780744,4.836040879823552,16.4076860801376,9.05414674099599,11.253883418624879,6.910665322709527,1452.79,aer,4096,outputs/reps_Brickwork_entanglement1/slurm_DAYAQWLKDGGPSSGRPPPS_amber/replica_862/replica_862.pdb,outputs/reps_Brickwork_entanglement1/slurm_DAYAQWLKDGGPSSGRPPPS_amber/replica_862/replica_862_ca.pdb
832,2158524217,random,DAYAQWLKDGGPSSGRPPPS,amber,-99.00854770213238,4.836486614742418,9.096358297654405,6.568594870725164,11.253883418624879,6.910665322709527,901.75,aer,4096,outputs/reps_Brickwork_entanglement1/slurm_DAYAQWLKDGGPSSGRPPPS_amber/replica_832/replica_832.pdb,outputs/reps_Brickwork_entanglement1/slurm_DAYAQWLKDGGPSSGRPPPS_amber/replica_832/replica_832_ca.pdb
432,2158523817,random,DAYAQWLKDGGPSSGRPPPS,amber,27.457080008048187,4.844488953567457,17.198988098995528,7.698575066054225,11.253883418624879,6.910665322709527,1101.79,aer,4096,outputs/reps_Brickwork_entanglement1/slurm_DAYAQWLKDGGPSSGRPPPS_amber/replica_432/replica_432.pdb,outputs/reps_Brickwork_entanglement1/slurm_DAYAQWLKDGGPSSGRPPPS_amber/replica_432/replica_432_ca.pdb
773,2158524158,random,DAYAQWLKDGGPSSGRPPPS,amber,-115.11300707448765,4.847511113237368,17.913757756455635,8.033014046134417,11.253883418624879,6.910665322709527,967.55,aer,4096,outputs/reps_Brickwork_entanglement1/slurm_DAYAQWLKDGGPSSGRPPPS_amber/replica_773/replica_773.pdb,outputs/reps_Brickwork_entanglement1/slurm_DAYAQWLKDGGPSSGRPPPS_amber/replica_773/replica_773_ca.pdb
819,2158524204,random,DAYAQWLKDGGPSSGRPPPS,amber,-216.4019959312338,4.848617462480234,16.257032240926335,7.1076675429076746,11.253883418624879,6.910665322709527,1036.47,aer,4096,outputs/reps_Brickwork_entanglement1/slurm_DAYAQWLKDGGPSSGRPPPS_amber/replica_819/replica_819.pdb,outputs/reps_Brickwork_entanglement1/slurm_DAYAQWLKDGGPSSGRPPPS_amber/replica_819/replica_819_ca.pdb
662,2158524047,random,DAYAQWLKDGGPSSGRPPPS,amber,-149.6961781511607,4.857985740214249,17.636812084668783,7.515516526714783,11.253883418624879,6.910665322709527,1162.92,aer,4096,outputs/reps_Brickwork_entanglement1/slurm_DAYAQWLKDGGPSSGRPPPS_amber/replica_662/replica_662.pdb,outputs/reps_Brickwork_entanglement1/slurm_DAYAQWLKDGGPSSGRPPPS_amber/replica_662/replica_662_ca.pdb
478,2158523863,random,DAYAQWLKDGGPSSGRPPPS,amber,-181.62175897443436,4.859862687181296,19.804826756310323,7.75856529289685,11.253883418624879,6.910665322709527,1435.49,aer,4096,outputs/reps_Brickwork_entanglement1/slurm_DAYAQWLKDGGPSSGRPPPS_amber/replica_478/replica_478.pdb,outputs/reps_Brickwork_entanglement1/slurm_DAYAQWLKDGGPSSGRPPPS_amber/replica_478/replica_478_ca.pdb
938,2158524323,random,DAYAQWLKDGGPSSGRPPPS,amber,-54.39522873678226,4.861347843232574,16.78288761215598,6.966867859880564,11.253883418624879,6.910665322709527,1318.41,aer,4096,outputs/reps_Brickwork_entanglement1/slurm_DAYAQWLKDGGPSSGRPPPS_amber/replica_938/replica_938.pdb,outputs/reps_Brickwork_entanglement1/slurm_DAYAQWLKDGGPSSGRPPPS_amber/replica_938/replica_938_ca.pdb
511,2158523896,random,DAYAQWLKDGGPSSGRPPPS,amber,-102.138071374338,4.870050734824996,16.235287519144133,8.805307104201146,11.253883418624879,6.910665322709527,651.67,aer,4096,outputs/reps_Brickwork_entanglement1/slurm_DAYAQWLKDGGPSSGRPPPS_amber/replica_511/replica_511.pdb,outputs/reps_Brickwork_entanglement1/slurm_DAYAQWLKDGGPSSGRPPPS_amber/replica_511/replica_511_ca.pdb
697,2158524082,random,DAYAQWLKDGGPSSGRPPPS,amber,-37.85787767453213,4.870129120182982,10.639936282437944,7.276341799763479,11.253883418624879,6.910665322709527,1251.45,aer,4096,outputs/reps_Brickwork_entanglement1/slurm_DAYAQWLKDGGPSSGRPPPS_amber/replica_697/replica_697.pdb,outputs/reps_Brickwork_entanglement1/slurm_DAYAQWLKDGGPSSGRPPPS_amber/replica_697/replica_697_ca.pdb
258,2158523643,random,DAYAQWLKDGGPSSGRPPPS,amber,-65.3667102633211,4.8703558671596765,14.881424558081585,7.135833159108124,11.253883418624879,6.910665322709527,1043.76,aer,4096,outputs/reps_Brickwork_entanglement1/slurm_DAYAQWLKDGGPSSGRPPPS_amber/replica_258/replica_258.pdb,outputs/reps_Brickwork_entanglement1/slurm_DAYAQWLKDGGPSSGRPPPS_amber/replica_258/replica_258_ca.pdb
537,2158523922,random,DAYAQWLKDGGPSSGRPPPS,amber,-96.20640139074067,4.878590161755109,17.485845763576354,7.510487704145652,11.253883418624879,6.910665322709527,786.39,aer,4096,outputs/reps_Brickwork_entanglement1/slurm_DAYAQWLKDGGPSSGRPPPS_amber/replica_537/replica_537.pdb,outputs/reps_Brickwork_entanglement1/slurm_DAYAQWLKDGGPSSGRPPPS_amber/replica_537/replica_537_ca.pdb
137,2158523522,random,DAYAQWLKDGGPSSGRPPPS,amber,-160.17218153651038,4.884150244713511,17.28910421614505,6.76525342491895,11.253883418624879,6.910665322709527,880.9,aer,4096,outputs/reps_Brickwork_entanglement1/slurm_DAYAQWLKDGGPSSGRPPPS_amber/replica_137/replica_137.pdb,outputs/reps_Brickwork_entanglement1/slurm_DAYAQWLKDGGPSSGRPPPS_amber/replica_137/replica_137_ca.pdb
593,2158523978,random,DAYAQWLKDGGPSSGRPPPS,amber,532.3715903476724,4.889403456102183,12.982835456852463,8.18721265173525,11.253883418624879,6.910665322709527,491.1,aer,4096,outputs/reps_Brickwork_entanglement1/slurm_DAYAQWLKDGGPSSGRPPPS_amber/replica_593/replica_593.pdb,outputs/reps_Brickwork_entanglement1/slurm_DAYAQWLKDGGPSSGRPPPS_amber/replica_593/replica_593_ca.pdb
418,2158523803,random,DAYAQWLKDGGPSSGRPPPS,amber,-0.6562550701791081,4.8948058835706165,9.407694289117098,7.100259697481546,11.253883418624879,6.910665322709527,1547.11,aer,4096,outputs/reps_Brickwork_entanglement1/slurm_DAYAQWLKDGGPSSGRPPPS_amber/replica_418/replica_418.pdb,outputs/reps_Brickwork_entanglement1/slurm_DAYAQWLKDGGPSSGRPPPS_amber/replica_418/replica_418_ca.pdb
668,2158524053,random,DAYAQWLKDGGPSSGRPPPS,amber,-26.48004515708187,4.8956565614206955,8.121774634298339,6.664472744273627,11.253883418624879,6.910665322709527,1671.26,aer,4096,outputs/reps_Brickwork_entanglement1/slurm_DAYAQWLKDGGPSSGRPPPS_amber/replica_668/replica_668.pdb,outputs/reps_Brickwork_entanglement1/slurm_DAYAQWLKDGGPSSGRPPPS_amber/replica_668/replica_668_ca.pdb
953,2158524338,random,DAYAQWLKDGGPSSGRPPPS,amber,-25.7721557416823,4.903949158732682,12.85030020839299,8.155519678038297,11.253883418624879,6.910665322709527,756.3,aer,4096,outputs/reps_Brickwork_entanglement1/slurm_DAYAQWLKDGGPSSGRPPPS_amber/replica_953/replica_953.pdb,outputs/reps_Brickwork_entanglement1/slurm_DAYAQWLKDGGPSSGRPPPS_amber/replica_953/replica_953_ca.pdb
229,2158523614,random,DAYAQWLKDGGPSSGRPPPS,amber,-114.46698163089715,4.907495660748256,12.251874325727407,7.0830300779088295,11.253883418624879,6.910665322709527,1227.46,aer,4096,outputs/reps_Brickwork_entanglement1/slurm_DAYAQWLKDGGPSSGRPPPS_amber/replica_229/replica_229.pdb,outputs/reps_Brickwork_entanglement1/slurm_DAYAQWLKDGGPSSGRPPPS_amber/replica_229/replica_229_ca.pdb
38,2158523423,random,DAYAQWLKDGGPSSGRPPPS,amber,-65.42589735261971,4.916562688162363,14.16541990273057,8.488957201824913,11.253883418624879,6.910665322709527,1120.99,aer,4096,outputs/reps_Brickwork_entanglement1/slurm_DAYAQWLKDGGPSSGRPPPS_amber/replica_38/replica_38.pdb,outputs/reps_Brickwork_entanglement1/slurm_DAYAQWLKDGGPSSGRPPPS_amber/replica_38/replica_38_ca.pdb
326,2158523711,random,DAYAQWLKDGGPSSGRPPPS,amber,-130.3349099099224,4.921005658641938,12.463760956770855,6.7267946259901334,11.253883418624879,6.910665322709527,755.54,aer,4096,outputs/reps_Brickwork_entanglement1/slurm_DAYAQWLKDGGPSSGRPPPS_amber/replica_326/replica_326.pdb,outputs/reps_Brickwork_entanglement1/slurm_DAYAQWLKDGGPSSGRPPPS_amber/replica_326/replica_326_ca.pdb
790,2158524175,random,DAYAQWLKDGGPSSGRPPPS,amber,-46.493531614965214,4.930656374351852,15.754604181062676,8.183194862366125,11.253883418624879,6.910665322709527,1208.31,aer,4096,outputs/reps_Brickwork_entanglement1/slurm_DAYAQWLKDGGPSSGRPPPS_amber/replica_790/replica_790.pdb,outputs/reps_Brickwork_entanglement1/slurm_DAYAQWLKDGGPSSGRPPPS_amber/replica_790/replica_790_ca.pdb
454,2158523839,random,DAYAQWLKDGGPSSGRPPPS,amber,-102.22181752143958,4.9313120577443765,15.467055127653609,8.848874893052205,11.253883418624879,6.910665322709527,1066.52,aer,4096,outputs/reps_Brickwork_entanglement1/slurm_DAYAQWLKDGGPSSGRPPPS_amber/replica_454/replica_454.pdb,outputs/reps_Brickwork_entanglement1/slurm_DAYAQWLKDGGPSSGRPPPS_amber/replica_454/replica_454_ca.pdb
441,2158523826,random,DAYAQWLKDGGPSSGRPPPS,amber,13.759322276096915,4.934162839197619,13.551396953593601,7.999318229845809,11.253883418624879,6.910665322709527,1066.91,aer,4096,outputs/reps_Brickwork_entanglement1/slurm_DAYAQWLKDGGPSSGRPPPS_amber/replica_441/replica_441.pdb,outputs/reps_Brickwork_entanglement1/slurm_DAYAQWLKDGGPSSGRPPPS_amber/replica_441/replica_441_ca.pdb
588,2158523973,random,DAYAQWLKDGGPSSGRPPPS,amber,-102.36121418504608,4.9396487143502945,10.17949637595877,7.54358086041426,11.253883418624879,6.910665322709527,731.83,aer,4096,outputs/reps_Brickwork_entanglement1/slurm_DAYAQWLKDGGPSSGRPPPS_amber/replica_588/replica_588.pdb,outputs/reps_Brickwork_entanglement1/slurm_DAYAQWLKDGGPSSGRPPPS_amber/replica_588/replica_588_ca.pdb
44,2158523429,random,DAYAQWLKDGGPSSGRPPPS,amber,-191.65085928343228,4.94107534881635,11.534465247189054,7.625380271039014,11.253883418624879,6.910665322709527,1055.62,aer,4096,outputs/reps_Brickwork_entanglement1/slurm_DAYAQWLKDGGPSSGRPPPS_amber/replica_44/replica_44.pdb,outputs/reps_Brickwork_entanglement1/slurm_DAYAQWLKDGGPSSGRPPPS_amber/replica_44/replica_44_ca.pdb
850,2158524235,random,DAYAQWLKDGGPSSGRPPPS,amber,-13.11227371763546,4.9418580236148015,14.31515235657625,7.567240249652891,11.253883418624879,6.910665322709527,623.7,aer,4096,outputs/reps_Brickwork_entanglement1/slurm_DAYAQWLKDGGPSSGRPPPS_amber/replica_850/replica_850.pdb,outputs/reps_Brickwork_entanglement1/slurm_DAYAQWLKDGGPSSGRPPPS_amber/replica_850/replica_850_ca.pdb
759,2158524144,random,DAYAQWLKDGGPSSGRPPPS,amber,-36.707239177049175,4.980468310880606,16.94522133154788,7.389706524756479,11.253883418624879,6.910665322709527,1488.61,aer,4096,outputs/reps_Brickwork_entanglement1/slurm_DAYAQWLKDGGPSSGRPPPS_amber/replica_759/replica_759.pdb,outputs/reps_Brickwork_entanglement1/slurm_DAYAQWLKDGGPSSGRPPPS_amber/replica_759/replica_759_ca.pdb
748,2158524133,random,DAYAQWLKDGGPSSGRPPPS,amber,-136.3857787812688,4.98829047582143,16.42534713947702,8.71683267592321,11.253883418624879,6.910665322709527,1113.26,aer,4096,outputs/reps_Brickwork_entanglement1/slurm_DAYAQWLKDGGPSSGRPPPS_amber/replica_748/replica_748.pdb,outputs/reps_Brickwork_entanglement1/slurm_DAYAQWLKDGGPSSGRPPPS_amber/replica_748/replica_748_ca.pdb
328,2158523713,random,DAYAQWLKDGGPSSGRPPPS,amber,-174.01405194612613,5.0063829940299085,18.190055930267,7.854721127206872,11.253883418624879,6.910665322709527,844.87,aer,4096,outputs/reps_Brickwork_entanglement1/slurm_DAYAQWLKDGGPSSGRPPPS_amber/replica_328/replica_328.pdb,outputs/reps_Brickwork_entanglement1/slurm_DAYAQWLKDGGPSSGRPPPS_amber/replica_328/replica_328_ca.pdb
670,2158524055,random,DAYAQWLKDGGPSSGRPPPS,amber,9.14183222811052,5.006946799947817,14.580007862519356,8.574090007090112,11.253883418624879,6.910665322709527,1489.88,aer,4096,outputs/reps_Brickwork_entanglement1/slurm_DAYAQWLKDGGPSSGRPPPS_amber/replica_670/replica_670.pdb,outputs/reps_Brickwork_entanglement1/slurm_DAYAQWLKDGGPSSGRPPPS_amber/replica_670/replica_670_ca.pdb
630,2158524015,random,DAYAQWLKDGGPSSGRPPPS,amber,392.0403406853877,5.036569208215602,16.792046517279722,7.191554902768799,11.253883418624879,6.910665322709527,562.54,aer,4096,outputs/reps_Brickwork_entanglement1/slurm_DAYAQWLKDGGPSSGRPPPS_amber/replica_630/replica_630.pdb,outputs/reps_Brickwork_entanglement1/slurm_DAYAQWLKDGGPSSGRPPPS_amber/replica_630/replica_630_ca.pdb
995,2158524380,random,DAYAQWLKDGGPSSGRPPPS,amber,-118.59875576997916,5.048451417237194,10.728825240474114,7.235668389520122,11.253883418624879,6.910665322709527,858.1,aer,4096,outputs/reps_Brickwork_entanglement1/slurm_DAYAQWLKDGGPSSGRPPPS_amber/replica_995/replica_995.pdb,outputs/reps_Brickwork_entanglement1/slurm_DAYAQWLKDGGPSSGRPPPS_amber/replica_995/replica_995_ca.pdb
444,2158523829,random,DAYAQWLKDGGPSSGRPPPS,amber,-118.9066753211517,5.085797042303508,18.89141509776736,7.9905367441175,11.253883418624879,6.910665322709527,922.29,aer,4096,outputs/reps_Brickwork_entanglement1/slurm_DAYAQWLKDGGPSSGRPPPS_amber/replica_444/replica_444.pdb,outputs/reps_Brickwork_entanglement1/slurm_DAYAQWLKDGGPSSGRPPPS_amber/replica_444/replica_444_ca.pdb
146,2158523531,random,DAYAQWLKDGGPSSGRPPPS,amber,-108.75337258442374,5.089519907776675,19.47970999673431,8.014090954124013,11.253883418624879,6.910665322709527,1218.67,aer,4096,outputs/reps_Brickwork_entanglement1/slurm_DAYAQWLKDGGPSSGRPPPS_amber/replica_146/replica_146.pdb,outputs/reps_Brickwork_entanglement1/slurm_DAYAQWLKDGGPSSGRPPPS_amber/replica_146/replica_146_ca.pdb
847,2158524232,random,DAYAQWLKDGGPSSGRPPPS,amber,-26.909240614483057,5.098865284403765,12.691118493936523,7.179837638550661,11.253883418624879,6.910665322709527,1096.69,aer,4096,outputs/reps_Brickwork_entanglement1/slurm_DAYAQWLKDGGPSSGRPPPS_amber/replica_847/replica_847.pdb,outputs/reps_Brickwork_entanglement1/slurm_DAYAQWLKDGGPSSGRPPPS_amber/replica_847/replica_847_ca.pdb
381,2158523766,random,DAYAQWLKDGGPSSGRPPPS,amber,211.21172263329788,5.099015185132144,15.570689790287888,7.667662975197983,11.253883418624879,6.910665322709527,828.03,aer,4096,outputs/reps_Brickwork_entanglement1/slurm_DAYAQWLKDGGPSSGRPPPS_amber/replica_381/replica_381.pdb,outputs/reps_Brickwork_entanglement1/slurm_DAYAQWLKDGGPSSGRPPPS_amber/replica_381/replica_381_ca.pdb
11,2158523396,random,DAYAQWLKDGGPSSGRPPPS,amber,-167.50453557819768,5.099650686876264,17.836513306241084,7.451951586935773,11.253883418624879,6.910665322709527,1307.53,aer,4096,outputs/reps_Brickwork_entanglement1/slurm_DAYAQWLKDGGPSSGRPPPS_amber/replica_11/replica_11.pdb,outputs/reps_Brickwork_entanglement1/slurm_DAYAQWLKDGGPSSGRPPPS_amber/replica_11/replica_11_ca.pdb
243,2158523628,random,DAYAQWLKDGGPSSGRPPPS,amber,-81.06059624086392,5.10516709250657,13.895079270909141,8.914772258782632,11.253883418624879,6.910665322709527,693.61,aer,4096,outputs/reps_Brickwork_entanglement1/slurm_DAYAQWLKDGGPSSGRPPPS_amber/replica_243/replica_243.pdb,outputs/reps_Brickwork_entanglement1/slurm_DAYAQWLKDGGPSSGRPPPS_amber/replica_243/replica_243_ca.pdb
569,2158523954,random,DAYAQWLKDGGPSSGRPPPS,amber,-59.29912175837306,5.118772391740562,9.592466688067868,8.918396719378327,11.253883418624879,6.910665322709527,1062.07,aer,4096,outputs/reps_Brickwork_entanglement1/slurm_DAYAQWLKDGGPSSGRPPPS_amber/replica_569/replica_569.pdb,outputs/reps_Brickwork_entanglement1/slurm_DAYAQWLKDGGPSSGRPPPS_amber/replica_569/replica_569_ca.pdb
265,2158523650,random,DAYAQWLKDGGPSSGRPPPS,amber,780.807853952207,5.119488854854338,6.993691459396198,6.144985882140282,11.253883418624879,6.910665322709527,504.44,aer,4096,outputs/reps_Brickwork_entanglement1/slurm_DAYAQWLKDGGPSSGRPPPS_amber/replica_265/replica_265.pdb,outputs/reps_Brickwork_entanglement1/slurm_DAYAQWLKDGGPSSGRPPPS_amber/replica_265/replica_265_ca.pdb
725,2158524110,random,DAYAQWLKDGGPSSGRPPPS,amber,-75.84262129502065,5.120074354041287,14.250300374209205,8.2935739919199,11.253883418624879,6.910665322709527,908.26,aer,4096,outputs/reps_Brickwork_entanglement1/slurm_DAYAQWLKDGGPSSGRPPPS_amber/replica_725/replica_725.pdb,outputs/reps_Brickwork_entanglement1/slurm_DAYAQWLKDGGPSSGRPPPS_amber/replica_725/replica_725_ca.pdb
655,2158524040,random,DAYAQWLKDGGPSSGRPPPS,amber,-85.85404585698785,5.1347217151472195,12.22757747875864,7.298394847316109,11.253883418624879,6.910665322709527,1339.2,aer,4096,outputs/reps_Brickwork_entanglement1/slurm_DAYAQWLKDGGPSSGRPPPS_amber/replica_655/replica_655.pdb,outputs/reps_Brickwork_entanglement1/slurm_DAYAQWLKDGGPSSGRPPPS_amber/replica_655/replica_655_ca.pdb
866,2158524251,random,DAYAQWLKDGGPSSGRPPPS,amber,234.97226928591266,5.14136663476626,9.907891381640429,7.7452709340789285,11.253883418624879,6.910665322709527,810.8,aer,4096,outputs/reps_Brickwork_entanglement1/slurm_DAYAQWLKDGGPSSGRPPPS_amber/replica_866/replica_866.pdb,outputs/reps_Brickwork_entanglement1/slurm_DAYAQWLKDGGPSSGRPPPS_amber/replica_866/replica_866_ca.pdb
490,2158523875,random,DAYAQWLKDGGPSSGRPPPS,amber,64.46566400875274,5.1448288076396,18.804986383076166,9.285878041750648,11.253883418624879,6.910665322709527,1746.39,aer,4096,outputs/reps_Brickwork_entanglement1/slurm_DAYAQWLKDGGPSSGRPPPS_amber/replica_490/replica_490.pdb,outputs/reps_Brickwork_entanglement1/slurm_DAYAQWLKDGGPSSGRPPPS_amber/replica_490/replica_490_ca.pdb
648,2158524033,random,DAYAQWLKDGGPSSGRPPPS,amber,211.12378226109968,5.161795355018906,3.2903112786219366,6.504340652755154,11.253883418624879,6.910665322709527,1280.75,aer,4096,outputs/reps_Brickwork_entanglement1/slurm_DAYAQWLKDGGPSSGRPPPS_amber/replica_648/replica_648.pdb,outputs/reps_Brickwork_entanglement1/slurm_DAYAQWLKDGGPSSGRPPPS_amber/replica_648/replica_648_ca.pdb
295,2158523680,random,DAYAQWLKDGGPSSGRPPPS,amber,-92.39322855260437,5.168778469996088,10.353425453290154,7.935309534555476,11.253883418624879,6.910665322709527,1001.94,aer,4096,outputs/reps_Brickwork_entanglement1/slurm_DAYAQWLKDGGPSSGRPPPS_amber/replica_295/replica_295.pdb,outputs/reps_Brickwork_entanglement1/slurm_DAYAQWLKDGGPSSGRPPPS_amber/replica_295/replica_295_ca.pdb
101,2158523486,random,DAYAQWLKDGGPSSGRPPPS,amber,-104.63078185844911,5.178602338382848,13.621230163975378,7.122094887174259,11.253883418624879,6.910665322709527,862.04,aer,4096,outputs/reps_Brickwork_entanglement1/slurm_DAYAQWLKDGGPSSGRPPPS_amber/replica_101/replica_101.pdb,outputs/reps_Brickwork_entanglement1/slurm_DAYAQWLKDGGPSSGRPPPS_amber/replica_101/replica_101_ca.pdb
746,2158524131,random,DAYAQWLKDGGPSSGRPPPS,amber,926.7702521074108,5.1830431029359,18.345442273844082,6.871384870012865,11.253883418624879,6.910665322709527,482.4,aer,4096,outputs/reps_Brickwork_entanglement1/slurm_DAYAQWLKDGGPSSGRPPPS_amber/replica_746/replica_746.pdb,outputs/reps_Brickwork_entanglement1/slurm_DAYAQWLKDGGPSSGRPPPS_amber/replica_746/replica_746_ca.pdb
345,2158523730,random,DAYAQWLKDGGPSSGRPPPS,amber,-109.99785151028586,5.1876515062615045,13.353540509141522,8.917410264307843,11.253883418624879,6.910665322709527,843.97,aer,4096,outputs/reps_Brickwork_entanglement1/slurm_DAYAQWLKDGGPSSGRPPPS_amber/replica_345/replica_345.pdb,outputs/reps_Brickwork_entanglement1/slurm_DAYAQWLKDGGPSSGRPPPS_amber/replica_345/replica_345_ca.pdb
423,2158523808,random,DAYAQWLKDGGPSSGRPPPS,amber,-87.4098841968941,5.196387858151783,11.26474129274483,6.929491159410935,11.253883418624879,6.910665322709527,1030.88,aer,4096,outputs/reps_Brickwork_entanglement1/slurm_DAYAQWLKDGGPSSGRPPPS_amber/replica_423/replica_423.pdb,outputs/reps_Brickwork_entanglement1/slurm_DAYAQWLKDGGPSSGRPPPS_amber/replica_423/replica_423_ca.pdb
0,2158523385,random,DAYAQWLKDGGPSSGRPPPS,amber,-42.79130284956774,5.196673705588409,4.24668733350421,5.837638757232892,11.253883418624879,6.910665322709527,1594.71,aer,4096,outputs/reps_Brickwork_entanglement1/slurm_DAYAQWLKDGGPSSGRPPPS_amber/replica_0/replica_0.pdb,outputs/reps_Brickwork_entanglement1/slurm_DAYAQWLKDGGPSSGRPPPS_amber/replica_0/replica_0_ca.pdb
508,2158523893,random,DAYAQWLKDGGPSSGRPPPS,amber,-153.3657864292794,5.198979042052776,12.81276755482637,9.112053302673045,11.253883418624879,6.910665322709527,1387.86,aer,4096,outputs/reps_Brickwork_entanglement1/slurm_DAYAQWLKDGGPSSGRPPPS_amber/replica_508/replica_508.pdb,outputs/reps_Brickwork_entanglement1/slurm_DAYAQWLKDGGPSSGRPPPS_amber/replica_508/replica_508_ca.pdb
443,2158523828,random,DAYAQWLKDGGPSSGRPPPS,amber,-130.1624528826355,5.205014766826977,10.302987949562269,7.432555889970011,11.253883418624879,6.910665322709527,1429.3,aer,4096,outputs/reps_Brickwork_entanglement1/slurm_DAYAQWLKDGGPSSGRPPPS_amber/replica_443/replica_443.pdb,outputs/reps_Brickwork_entanglement1/slurm_DAYAQWLKDGGPSSGRPPPS_amber/replica_443/replica_443_ca.pdb
70,2158523455,random,DAYAQWLKDGGPSSGRPPPS,amber,8.432547293127868,5.209346205941354,18.407841044349784,8.191400779384399,11.253883418624879,6.910665322709527,1522.71,aer,4096,outputs/reps_Brickwork_entanglement1/slurm_DAYAQWLKDGGPSSGRPPPS_amber/replica_70/replica_70.pdb,outputs/reps_Brickwork_entanglement1/slurm_DAYAQWLKDGGPSSGRPPPS_amber/replica_70/replica_70_ca.pdb
829,2158524214,random,DAYAQWLKDGGPSSGRPPPS,amber,157.4009468755462,5.214281187694631,18.149137950863015,7.395764861570819,11.253883418624879,6.910665322709527,1622.49,aer,4096,outputs/reps_Brickwork_entanglement1/slurm_DAYAQWLKDGGPSSGRPPPS_amber/replica_829/replica_829.pdb,outputs/reps_Brickwork_entanglement1/slurm_DAYAQWLKDGGPSSGRPPPS_amber/replica_829/replica_829_ca.pdb
50,2158523435,random,DAYAQWLKDGGPSSGRPPPS,amber,-194.99462518054108,5.218298550298086,18.153962673830996,6.972855701640209,11.253883418624879,6.910665322709527,681.31,aer,4096,outputs/reps_Brickwork_entanglement1/slurm_DAYAQWLKDGGPSSGRPPPS_amber/replica_50/replica_50.pdb,outputs/reps_Brickwork_entanglement1/slurm_DAYAQWLKDGGPSSGRPPPS_amber/replica_50/replica_50_ca.pdb
145,2158523530,random,DAYAQWLKDGGPSSGRPPPS,amber,-179.3467486318907,5.229086037308591,13.91455098422161,7.601652932312373,11.253883418624879,6.910665322709527,934.86,aer,4096,outputs/reps_Brickwork_entanglement1/slurm_DAYAQWLKDGGPSSGRPPPS_amber/replica_145/replica_145.pdb,outputs/reps_Brickwork_entanglement1/slurm_DAYAQWLKDGGPSSGRPPPS_amber/replica_145/replica_145_ca.pdb
940,2158524325,random,DAYAQWLKDGGPSSGRPPPS,amber,-66.79882028861415,5.234803281684298,3.5136832783985237,5.628121857693455,11.253883418624879,6.910665322709527,1271.77,aer,4096,outputs/reps_Brickwork_entanglement1/slurm_DAYAQWLKDGGPSSGRPPPS_amber/replica_940/replica_940.pdb,outputs/reps_Brickwork_entanglement1/slurm_DAYAQWLKDGGPSSGRPPPS_amber/replica_940/replica_940_ca.pdb
150,2158523535,random,DAYAQWLKDGGPSSGRPPPS,amber,-80.5069864142234,5.236911416730257,16.988248484312926,8.965601012464258,11.253883418624879,6.910665322709527,1178.0,aer,4096,outputs/reps_Brickwork_entanglement1/slurm_DAYAQWLKDGGPSSGRPPPS_amber/replica_150/replica_150.pdb,outputs/reps_Brickwork_entanglement1/slurm_DAYAQWLKDGGPSSGRPPPS_amber/replica_150/replica_150_ca.pdb
596,2158523981,random,DAYAQWLKDGGPSSGRPPPS,amber,-73.95259208196624,5.252556772975056,20.327045302272374,8.686072522663416,11.253883418624879,6.910665322709527,713.03,aer,4096,outputs/reps_Brickwork_entanglement1/slurm_DAYAQWLKDGGPSSGRPPPS_amber/replica_596/replica_596.pdb,outputs/reps_Brickwork_entanglement1/slurm_DAYAQWLKDGGPSSGRPPPS_amber/replica_596/replica_596_ca.pdb
926,2158524311,random,DAYAQWLKDGGPSSGRPPPS,amber,-38.61792133661592,5.258533799595919,14.648554977833687,9.42392037019059,11.253883418624879,6.910665322709527,1972.75,aer,4096,outputs/reps_Brickwork_entanglement1/slurm_DAYAQWLKDGGPSSGRPPPS_amber/replica_926/replica_926.pdb,outputs/reps_Brickwork_entanglement1/slurm_DAYAQWLKDGGPSSGRPPPS_amber/replica_926/replica_926_ca.pdb
550,2158523935,random,DAYAQWLKDGGPSSGRPPPS,amber,-131.10706747868107,5.263344549765804,8.988558697905958,6.994322024702029,11.253883418624879,6.910665322709527,1001.69,aer,4096,outputs/reps_Brickwork_entanglement1/slurm_DAYAQWLKDGGPSSGRPPPS_amber/replica_550/replica_550.pdb,outputs/reps_Brickwork_entanglement1/slurm_DAYAQWLKDGGPSSGRPPPS_amber/replica_550/replica_550_ca.pdb
41,2158523426,random,DAYAQWLKDGGPSSGRPPPS,amber,-122.57133461331952,5.264743534748468,12.48700420889839,8.239559815890159,11.253883418624879,6.910665322709527,937.01,aer,4096,outputs/reps_Brickwork_entanglement1/slurm_DAYAQWLKDGGPSSGRPPPS_amber/replica_41/replica_41.pdb,outputs/reps_Brickwork_entanglement1/slurm_DAYAQWLKDGGPSSGRPPPS_amber/replica_41/replica_41_ca.pdb
338,2158523723,random,DAYAQWLKDGGPSSGRPPPS,amber,118.34115470716209,5.266465786493619,18.11638909948008,7.120349016390733,11.253883418624879,6.910665322709527,948.03,aer,4096,outputs/reps_Brickwork_entanglement1/slurm_DAYAQWLKDGGPSSGRPPPS_amber/replica_338/replica_338.pdb,outputs/reps_Brickwork_entanglement1/slurm_DAYAQWLKDGGPSSGRPPPS_amber/replica_338/replica_338_ca.pdb
470,2158523855,random,DAYAQWLKDGGPSSGRPPPS,amber,162.50431065782985,5.267632254952462,19.78492306014199,7.971369776538678,11.253883418624879,6.910665322709527,1704.81,aer,4096,outputs/reps_Brickwork_entanglement1/slurm_DAYAQWLKDGGPSSGRPPPS_amber/replica_470/replica_470.pdb,outputs/reps_Brickwork_entanglement1/slurm_DAYAQWLKDGGPSSGRPPPS_amber/replica_470/replica_470_ca.pdb
331,2158523716,random,DAYAQWLKDGGPSSGRPPPS,amber,-51.794783508512594,5.2709076317410855,16.830632552559063,8.068181063201752,11.253883418624879,6.910665322709527,689.48,aer,4096,outputs/reps_Brickwork_entanglement1/slurm_DAYAQWLKDGGPSSGRPPPS_amber/replica_331/replica_331.pdb,outputs/reps_Brickwork_entanglement1/slurm_DAYAQWLKDGGPSSGRPPPS_amber/replica_331/replica_331_ca.pdb
232,2158523617,random,DAYAQWLKDGGPSSGRPPPS,amber,-26.13685031167083,5.27354836974837,12.268789029921606,8.157403106308607,11.253883418624879,6.910665322709527,1449.1,aer,4096,outputs/reps_Brickwork_entanglement1/slurm_DAYAQWLKDGGPSSGRPPPS_amber/replica_232/replica_232.pdb,outputs/reps_Brickwork_entanglement1/slurm_DAYAQWLKDGGPSSGRPPPS_amber/replica_232/replica_232_ca.pdb
393,2158523778,random,DAYAQWLKDGGPSSGRPPPS,amber,-135.94821603085782,5.287930503759431,16.681013678886224,8.387197468322231,11.253883418624879,6.910665322709527,1063.49,aer,4096,outputs/reps_Brickwork_entanglement1/slurm_DAYAQWLKDGGPSSGRPPPS_amber/replica_393/replica_393.pdb,outputs/reps_Brickwork_entanglement1/slurm_DAYAQWLKDGGPSSGRPPPS_amber/replica_393/replica_393_ca.pdb
455,2158523840,random,DAYAQWLKDGGPSSGRPPPS,amber,92.90405078406026,5.303049561875509,12.87763994001527,7.382983513440652,11.253883418624879,6.910665322709527,1604.09,aer,4096,outputs/reps_Brickwork_entanglement1/slurm_DAYAQWLKDGGPSSGRPPPS_amber/replica_455/replica_455.pdb,outputs/reps_Brickwork_entanglement1/slurm_DAYAQWLKDGGPSSGRPPPS_amber/replica_455/replica_455_ca.pdb
620,2158524005,random,DAYAQWLKDGGPSSGRPPPS,amber,4.843713642422788,5.328430240936036,17.361457785571787,9.092044123634922,11.253883418624879,6.910665322709527,1120.41,aer,4096,outputs/reps_Brickwork_entanglement1/slurm_DAYAQWLKDGGPSSGRPPPS_amber/replica_620/replica_620.pdb,outputs/reps_Brickwork_entanglement1/slurm_DAYAQWLKDGGPSSGRPPPS_amber/replica_620/replica_620_ca.pdb
854,2158524239,random,DAYAQWLKDGGPSSGRPPPS,amber,905.464622696009,5.333811126296787,17.209433064921598,8.081031037588074,11.253883418624879,6.910665322709527,655.46,aer,4096,outputs/reps_Brickwork_entanglement1/slurm_DAYAQWLKDGGPSSGRPPPS_amber/replica_854/replica_854.pdb,outputs/reps_Brickwork_entanglement1/slurm_DAYAQWLKDGGPSSGRPPPS_amber/replica_854/replica_854_ca.pdb
510,2158523895,random,DAYAQWLKDGGPSSGRPPPS,amber,140.74676083597208,5.337023742553052,10.217342941838302,8.197361187618021,11.253883418624879,6.910665322709527,2008.81,aer,4096,outputs/reps_Brickwork_entanglement1/slurm_DAYAQWLKDGGPSSGRPPPS_amber/replica_510/replica_510.pdb,outputs/reps_Brickwork_entanglement1/slurm_DAYAQWLKDGGPSSGRPPPS_amber/replica_510/replica_510_ca.pdb
434,2158523819,random,DAYAQWLKDGGPSSGRPPPS,amber,-36.93859092505987,5.3431035602985215,17.731331144104647,7.254803297066691,11.253883418624879,6.910665322709527,1074.25,aer,4096,outputs/reps_Brickwork_entanglement1/slurm_DAYAQWLKDGGPSSGRPPPS_amber/replica_434/replica_434.pdb,outputs/reps_Brickwork_entanglement1/slurm_DAYAQWLKDGGPSSGRPPPS_amber/replica_434/replica_434_ca.pdb
401,2158523786,random,DAYAQWLKDGGPSSGRPPPS,amber,-53.541572080124325,5.34398033806568,13.808412931808206,7.457122573655968,11.253883418624879,6.910665322709527,1343.07,aer,4096,outputs/reps_Brickwork_entanglement1/slurm_DAYAQWLKDGGPSSGRPPPS_amber/replica_401/replica_401.pdb,outputs/reps_Brickwork_entanglement1/slurm_DAYAQWLKDGGPSSGRPPPS_amber/replica_401/replica_401_ca.pdb
867,2158524252,random,DAYAQWLKDGGPSSGRPPPS,amber,-116.08555857235324,5.3461772745516525,13.044654466766366,6.722795346698645,11.253883418624879,6.910665322709527,1652.57,aer,4096,outputs/reps_Brickwork_entanglement1/slurm_DAYAQWLKDGGPSSGRPPPS_amber/replica_867/replica_867.pdb,outputs/reps_Brickwork_entanglement1/slurm_DAYAQWLKDGGPSSGRPPPS_amber/replica_867/replica_867_ca.pdb
804,2158524189,random,DAYAQWLKDGGPSSGRPPPS,amber,37.262687215093635,5.380784015517387,9.644015731386217,8.674242784900539,11.253883418624879,6.910665322709527,1718.73,aer,4096,outputs/reps_Brickwork_entanglement1/slurm_DAYAQWLKDGGPSSGRPPPS_amber/replica_804/replica_804.pdb,outputs/reps_Brickwork_entanglement1/slurm_DAYAQWLKDGGPSSGRPPPS_amber/replica_804/replica_804_ca.pdb
981,2158524366,random,DAYAQWLKDGGPSSGRPPPS,amber,-72.20759562815189,5.3961387705081965,10.286847669173197,6.022120535910829,11.253883418624879,6.910665322709527,982.97,aer,4096,outputs/reps_Brickwork_entanglement1/slurm_DAYAQWLKDGGPSSGRPPPS_amber/replica_981/replica_981.pdb,outputs/reps_Brickwork_entanglement1/slurm_DAYAQWLKDGGPSSGRPPPS_amber/replica_981/replica_981_ca.pdb
93,2158523478,random,DAYAQWLKDGGPSSGRPPPS,amber,-82.99892497754621,5.400532635699725,10.533485982589605,5.890622659509168,11.253883418624879,6.910665322709527,859.21,aer,4096,outputs/reps_Brickwork_entanglement1/slurm_DAYAQWLKDGGPSSGRPPPS_amber/replica_93/replica_93.pdb,outputs/reps_Brickwork_entanglement1/slurm_DAYAQWLKDGGPSSGRPPPS_amber/replica_93/replica_93_ca.pdb
462,2158523847,random,DAYAQWLKDGGPSSGRPPPS,amber,-68.21921628443414,5.415228149518095,13.421122607470773,7.801954896169136,11.253883418624879,6.910665322709527,580.44,aer,4096,outputs/reps_Brickwork_entanglement1/slurm_DAYAQWLKDGGPSSGRPPPS_amber/replica_462/replica_462.pdb,outputs/reps_Brickwork_entanglement1/slurm_DAYAQWLKDGGPSSGRPPPS_amber/replica_462/replica_462_ca.pdb
786,2158524171,random,DAYAQWLKDGGPSSGRPPPS,amber,-55.54323232432723,5.425493087039159,22.13200391775524,7.251951485377145,11.253883418624879,6.910665322709527,777.07,aer,4096,outputs/reps_Brickwork_entanglement1/slurm_DAYAQWLKDGGPSSGRPPPS_amber/replica_786/replica_786.pdb,outputs/reps_Brickwork_entanglement1/slurm_DAYAQWLKDGGPSSGRPPPS_amber/replica_786/replica_786_ca.pdb
377,2158523762,random,DAYAQWLKDGGPSSGRPPPS,amber,-77.27843099072822,5.433317280984747,9.296080257618074,7.66615581853166,11.253883418624879,6.910665322709527,1079.2,aer,4096,outputs/reps_Brickwork_entanglement1/slurm_DAYAQWLKDGGPSSGRPPPS_amber/replica_377/replica_377.pdb,outputs/reps_Brickwork_entanglement1/slurm_DAYAQWLKDGGPSSGRPPPS_amber/replica_377/replica_377_ca.pdb
519,2158523904,random,DAYAQWLKDGGPSSGRPPPS,amber,-43.20361779074454,5.436422430726443,6.679546189618149,6.279513242530242,11.253883418624879,6.910665322709527,1079.22,aer,4096,outputs/reps_Brickwork_entanglement1/slurm_DAYAQWLKDGGPSSGRPPPS_amber/replica_519/replica_519.pdb,outputs/reps_Brickwork_entanglement1/slurm_DAYAQWLKDGGPSSGRPPPS_amber/replica_519/replica_519_ca.pdb
852,2158524237,random,DAYAQWLKDGGPSSGRPPPS,amber,-68.52683421380847,5.436840270937,12.501488717824925,8.105697985185156,11.253883418624879,6.910665322709527,1257.81,aer,4096,outputs/reps_Brickwork_entanglement1/slurm_DAYAQWLKDGGPSSGRPPPS_amber/replica_852/replica_852.pdb,outputs/reps_Brickwork_entanglement1/slurm_DAYAQWLKDGGPSSGRPPPS_amber/replica_852/replica_852_ca.pdb
590,2158523975,random,DAYAQWLKDGGPSSGRPPPS,amber,-14.34693976762393,5.447361867835945,18.288848453871275,9.75714768588141,11.253883418624879,6.910665322709527,1075.48,aer,4096,outputs/reps_Brickwork_entanglement1/slurm_DAYAQWLKDGGPSSGRPPPS_amber/replica_590/replica_590.pdb,outputs/reps_Brickwork_entanglement1/slurm_DAYAQWLKDGGPSSGRPPPS_amber/replica_590/replica_590_ca.pdb
898,2158524283,random,DAYAQWLKDGGPSSGRPPPS,amber,-144.84492435751997,5.460047652514593,18.03296070491044,7.861392966274675,11.253883418624879,6.910665322709527,1458.33,aer,4096,outputs/reps_Brickwork_entanglement1/slurm_DAYAQWLKDGGPSSGRPPPS_amber/replica_898/replica_898.pdb,outputs/reps_Brickwork_entanglement1/slurm_DAYAQWLKDGGPSSGRPPPS_amber/replica_898/replica_898_ca.pdb
413,2158523798,random,DAYAQWLKDGGPSSGRPPPS,amber,-148.00189853488723,5.461338137897833,12.038533398186464,7.845665402238036,11.253883418624879,6.910665322709527,719.81,aer,4096,outputs/reps_Brickwork_entanglement1/slurm_DAYAQWLKDGGPSSGRPPPS_amber/replica_413/replica_413.pdb,outputs/reps_Brickwork_entanglement1/slurm_DAYAQWLKDGGPSSGRPPPS_amber/replica_413/replica_413_ca.pdb
761,2158524146,random,DAYAQWLKDGGPSSGRPPPS,amber,-156.2986252258183,5.463627652694563,10.177969217172299,7.3229539916399515,11.253883418624879,6.910665322709527,831.77,aer,4096,outputs/reps_Brickwork_entanglement1/slurm_DAYAQWLKDGGPSSGRPPPS_amber/replica_761/replica_761.pdb,outputs/reps_Brickwork_entanglement1/slurm_DAYAQWLKDGGPSSGRPPPS_amber/replica_761/replica_761_ca.pdb
756,2158524141,random,DAYAQWLKDGGPSSGRPPPS,amber,-71.6350883994318,5.472853394194393,14.334088917613807,9.030486634979823,11.253883418624879,6.910665322709527,906.18,aer,4096,outputs/reps_Brickwork_entanglement1/slurm_DAYAQWLKDGGPSSGRPPPS_amber/replica_756/replica_756.pdb,outputs/reps_Brickwork_entanglement1/slurm_DAYAQWLKDGGPSSGRPPPS_amber/replica_756/replica_756_ca.pdb
682,2158524067,random,DAYAQWLKDGGPSSGRPPPS,amber,14.594206673127282,5.476226121892679,21.451691713741965,9.141626399730121,11.253883418624879,6.910665322709527,1396.36,aer,4096,outputs/reps_Brickwork_entanglement1/slurm_DAYAQWLKDGGPSSGRPPPS_amber/replica_682/replica_682.pdb,outputs/reps_Brickwork_entanglement1/slurm_DAYAQWLKDGGPSSGRPPPS_amber/replica_682/replica_682_ca.pdb
18,2158523403,random,DAYAQWLKDGGPSSGRPPPS,amber,63.22955165149633,5.486907243746482,18.23023769284172,7.983216637236313,11.253883418624879,6.910665322709527,1472.1,aer,4096,outputs/reps_Brickwork_entanglement1/slurm_DAYAQWLKDGGPSSGRPPPS_amber/replica_18/replica_18.pdb,outputs/reps_Brickwork_entanglement1/slurm_DAYAQWLKDGGPSSGRPPPS_amber/replica_18/replica_18_ca.pdb
646,2158524031,random,DAYAQWLKDGGPSSGRPPPS,amber,47.24576933634023,5.491447491120562,14.767890725034514,8.336232795616914,11.253883418624879,6.910665322709527,1296.28,aer,4096,outputs/reps_Brickwork_entanglement1/slurm_DAYAQWLKDGGPSSGRPPPS_amber/replica_646/replica_646.pdb,outputs/reps_Brickwork_entanglement1/slurm_DAYAQWLKDGGPSSGRPPPS_amber/replica_646/replica_646_ca.pdb
930,2158524315,random,DAYAQWLKDGGPSSGRPPPS,amber,-26.310094482489635,5.498864901970965,23.5339078069698,9.171850546906413,11.253883418624879,6.910665322709527,1235.74,aer,4096,outputs/reps_Brickwork_entanglement1/slurm_DAYAQWLKDGGPSSGRPPPS_amber/replica_930/replica_930.pdb,outputs/reps_Brickwork_entanglement1/slurm_DAYAQWLKDGGPSSGRPPPS_amber/replica_930/replica_930_ca.pdb
720,2158524105,random,DAYAQWLKDGGPSSGRPPPS,amber,-48.785990224560166,5.501705379266459,13.043436611427747,8.29572556552512,11.253883418624879,6.910665322709527,781.56,aer,4096,outputs/reps_Brickwork_entanglement1/slurm_DAYAQWLKDGGPSSGRPPPS_amber/replica_720/replica_720.pdb,outputs/reps_Brickwork_entanglement1/slurm_DAYAQWLKDGGPSSGRPPPS_amber/replica_720/replica_720_ca.pdb
948,2158524333,random,DAYAQWLKDGGPSSGRPPPS,amber,88.69310167981341,5.504966172735472,11.902921185099114,7.539743267033975,11.253883418624879,6.910665322709527,871.06,aer,4096,outputs/reps_Brickwork_entanglement1/slurm_DAYAQWLKDGGPSSGRPPPS_amber/replica_948/replica_948.pdb,outputs/reps_Brickwork_entanglement1/slurm_DAYAQWLKDGGPSSGRPPPS_amber/replica_948/replica_948_ca.pdb
566,2158523951,random,DAYAQWLKDGGPSSGRPPPS,amber,428.1720138546638,5.509208386116887,13.586926952671453,8.10301983513982,11.253883418624879,6.910665322709527,574.45,aer,4096,outputs/reps_Brickwork_entanglement1/slurm_DAYAQWLKDGGPSSGRPPPS_amber/replica_566/replica_566.pdb,outputs/reps_Brickwork_entanglement1/slurm_DAYAQWLKDGGPSSGRPPPS_amber/replica_566/replica_566_ca.pdb
22,2158523407,random,DAYAQWLKDGGPSSGRPPPS,amber,988.7704314226876,5.512805274289682,7.937012900087487,6.516005690830915,11.253883418624879,6.910665322709527,523.6,aer,4096,outputs/reps_Brickwork_entanglement1/slurm_DAYAQWLKDGGPSSGRPPPS_amber/replica_22/replica_22.pdb,outputs/reps_Brickwork_entanglement1/slurm_DAYAQWLKDGGPSSGRPPPS_amber/replica_22/replica_22_ca.pdb
440,2158523825,random,DAYAQWLKDGGPSSGRPPPS,amber,-66.41943350520172,5.530999715479899,11.942641004174444,7.993094124196738,11.253883418624879,6.910665322709527,680.03,aer,4096,outputs/reps_Brickwork_entanglement1/slurm_DAYAQWLKDGGPSSGRPPPS_amber/replica_440/replica_440.pdb,outputs/reps_Brickwork_entanglement1/slurm_DAYAQWLKDGGPSSGRPPPS_amber/replica_440/replica_440_ca.pdb
125,2158523510,random,DAYAQWLKDGGPSSGRPPPS,amber,3.1749670446126568,5.535522537810667,17.19219595897767,8.66222993366317,11.253883418624879,6.910665322709527,648.7,aer,4096,outputs/reps_Brickwork_entanglement1/slurm_DAYAQWLKDGGPSSGRPPPS_amber/replica_125/replica_125.pdb,outputs/reps_Brickwork_entanglement1/slurm_DAYAQWLKDGGPSSGRPPPS_amber/replica_125/replica_125_ca.pdb
874,2158524259,random,DAYAQWLKDGGPSSGRPPPS,amber,105.54048587526407,5.544910956521742,9.98395631749746,8.41559122037181,11.253883418624879,6.910665322709527,1313.3,aer,4096,outputs/reps_Brickwork_entanglement1/slurm_DAYAQWLKDGGPSSGRPPPS_amber/replica_874/replica_874.pdb,outputs/reps_Brickwork_entanglement1/slurm_DAYAQWLKDGGPSSGRPPPS_amber/replica_874/replica_874_ca.pdb
56,2158523441,random,DAYAQWLKDGGPSSGRPPPS,amber,135.01473758837614,5.554719282080712,6.258526845099072,8.650734398495954,11.253883418624879,6.910665322709527,1388.5,aer,4096,outputs/reps_Brickwork_entanglement1/slurm_DAYAQWLKDGGPSSGRPPPS_amber/replica_56/replica_56.pdb,outputs/reps_Brickwork_entanglement1/slurm_DAYAQWLKDGGPSSGRPPPS_amber/replica_56/replica_56_ca.pdb
386,2158523771,random,DAYAQWLKDGGPSSGRPPPS,amber,-195.57855141571414,5.556033431889775,5.2051533096621725,8.556846120560028,11.253883418624879,6.910665322709527,708.73,aer,4096,outputs/reps_Brickwork_entanglement1/slurm_DAYAQWLKDGGPSSGRPPPS_amber/replica_386/replica_386.pdb,outputs/reps_Brickwork_entanglement1/slurm_DAYAQWLKDGGPSSGRPPPS_amber/replica_386/replica_386_ca.pdb
394,2158523779,random,DAYAQWLKDGGPSSGRPPPS,amber,-161.68971111756656,5.557204492222445,11.67608118840509,8.360343912553049,11.253883418624879,6.910665322709527,1526.08,aer,4096,outputs/reps_Brickwork_entanglement1/slurm_DAYAQWLKDGGPSSGRPPPS_amber/replica_394/replica_394.pdb,outputs/reps_Brickwork_entanglement1/slurm_DAYAQWLKDGGPSSGRPPPS_amber/replica_394/replica_394_ca.pdb
967,2158524352,random,DAYAQWLKDGGPSSGRPPPS,amber,-240.7330294637865,5.557451459543,14.731273296885655,7.825988225938913,11.253883418624879,6.910665322709527,1328.16,aer,4096,outputs/reps_Brickwork_entanglement1/slurm_DAYAQWLKDGGPSSGRPPPS_amber/replica_967/replica_967.pdb,outputs/reps_Brickwork_entanglement1/slurm_DAYAQWLKDGGPSSGRPPPS_amber/replica_967/replica_967_ca.pdb
251,2158523636,random,DAYAQWLKDGGPSSGRPPPS,amber,-15.91763694961318,5.559161009403944,14.894812934022651,7.524015434967098,11.253883418624879,6.910665322709527,1871.89,aer,4096,outputs/reps_Brickwork_entanglement1/slurm_DAYAQWLKDGGPSSGRPPPS_amber/replica_251/replica_251.pdb,outputs/reps_Brickwork_entanglement1/slurm_DAYAQWLKDGGPSSGRPPPS_amber/replica_251/replica_251_ca.pdb
104,2158523489,random,DAYAQWLKDGGPSSGRPPPS,amber,-210.1809710285438,5.568062597274509,10.174028829501612,6.921262189237595,11.253883418624879,6.910665322709527,1012.94,aer,4096,outputs/reps_Brickwork_entanglement1/slurm_DAYAQWLKDGGPSSGRPPPS_amber/replica_104/replica_104.pdb,outputs/reps_Brickwork_entanglement1/slurm_DAYAQWLKDGGPSSGRPPPS_amber/replica_104/replica_104_ca.pdb
14,2158523399,random,DAYAQWLKDGGPSSGRPPPS,amber,-83.69866082144605,5.5944219520786564,10.983713323361483,8.176213977817087,11.253883418624879,6.910665322709527,638.24,aer,4096,outputs/reps_Brickwork_entanglement1/slurm_DAYAQWLKDGGPSSGRPPPS_amber/replica_14/replica_14.pdb,outputs/reps_Brickwork_entanglement1/slurm_DAYAQWLKDGGPSSGRPPPS_amber/replica_14/replica_14_ca.pdb
287,2158523672,random,DAYAQWLKDGGPSSGRPPPS,amber,992.8523986403455,5.601667591002519,12.619865778478077,9.500655322241894,11.253883418624879,6.910665322709527,487.34,aer,4096,outputs/reps_Brickwork_entanglement1/slurm_DAYAQWLKDGGPSSGRPPPS_amber/replica_287/replica_287.pdb,outputs/reps_Brickwork_entanglement1/slurm_DAYAQWLKDGGPSSGRPPPS_amber/replica_287/replica_287_ca.pdb
415,2158523800,random,DAYAQWLKDGGPSSGRPPPS,amber,-97.13751639941064,5.601757164000953,14.001466685508714,9.087109068171067,11.253883418624879,6.910665322709527,740.55,aer,4096,outputs/reps_Brickwork_entanglement1/slurm_DAYAQWLKDGGPSSGRPPPS_amber/replica_415/replica_415.pdb,outputs/reps_Brickwork_entanglement1/slurm_DAYAQWLKDGGPSSGRPPPS_amber/replica_415/replica_415_ca.pdb
656,2158524041,random,DAYAQWLKDGGPSSGRPPPS,amber,-60.603446483353075,5.604736231530721,14.418417774723451,7.477435287609932,11.253883418624879,6.910665322709527,717.95,aer,4096,outputs/reps_Brickwork_entanglement1/slurm_DAYAQWLKDGGPSSGRPPPS_amber/replica_656/replica_656.pdb,outputs/reps_Brickwork_entanglement1/slurm_DAYAQWLKDGGPSSGRPPPS_amber/replica_656/replica_656_ca.pdb
894,2158524279,random,DAYAQWLKDGGPSSGRPPPS,amber,-69.10784084578444,5.613412892470189,11.739903972407127,7.807895283680646,11.253883418624879,6.910665322709527,1265.25,aer,4096,outputs/reps_Brickwork_entanglement1/slurm_DAYAQWLKDGGPSSGRPPPS_amber/replica_894/replica_894.pdb,outputs/reps_Brickwork_entanglement1/slurm_DAYAQWLKDGGPSSGRPPPS_amber/replica_894/replica_894_ca.pdb
365,2158523750,random,DAYAQWLKDGGPSSGRPPPS,amber,-115.11669075166611,5.631089695858891,17.107431989063695,8.04234190210041,11.253883418624879,6.910665322709527,823.62,aer,4096,outputs/reps_Brickwork_entanglement1/slurm_DAYAQWLKDGGPSSGRPPPS_amber/replica_365/replica_365.pdb,outputs/reps_Brickwork_entanglement1/slurm_DAYAQWLKDGGPSSGRPPPS_amber/replica_365/replica_365_ca.pdb
971,2158524356,random,DAYAQWLKDGGPSSGRPPPS,amber,71.24842427011427,5.6324526362055565,21.279318014572887,9.18421952654664,11.253883418624879,6.910665322709527,820.94,aer,4096,outputs/reps_Brickwork_entanglement1/slurm_DAYAQWLKDGGPSSGRPPPS_amber/replica_971/replica_971.pdb,outputs/reps_Brickwork_entanglement1/slurm_DAYAQWLKDGGPSSGRPPPS_amber/replica_971/replica_971_ca.pdb
297,2158523682,random,DAYAQWLKDGGPSSGRPPPS,amber,1056.153346902537,5.639622375724019,20.54483641537016,8.503437072055906,11.253883418624879,6.910665322709527,462.34,aer,4096,outputs/reps_Brickwork_entanglement1/slurm_DAYAQWLKDGGPSSGRPPPS_amber/replica_297/replica_297.pdb,outputs/reps_Brickwork_entanglement1/slurm_DAYAQWLKDGGPSSGRPPPS_amber/replica_297/replica_297_ca.pdb
421,2158523806,random,DAYAQWLKDGGPSSGRPPPS,amber,-92.22539751887442,5.639811742970872,11.47055990098864,7.8754067047003735,11.253883418624879,6.910665322709527,1464.77,aer,4096,outputs/reps_Brickwork_entanglement1/slurm_DAYAQWLKDGGPSSGRPPPS_amber/replica_421/replica_421.pdb,outputs/reps_Brickwork_entanglement1/slurm_DAYAQWLKDGGPSSGRPPPS_amber/replica_421/replica_421_ca.pdb
402,2158523787,random,DAYAQWLKDGGPSSGRPPPS,amber,-16.446502101190728,5.6512447588594386,11.480775737681352,7.656275211814319,11.253883418624879,6.910665322709527,813.9,aer,4096,outputs/reps_Brickwork_entanglement1/slurm_DAYAQWLKDGGPSSGRPPPS_amber/replica_402/replica_402.pdb,outputs/reps_Brickwork_entanglement1/slurm_DAYAQWLKDGGPSSGRPPPS_amber/replica_402/replica_402_ca.pdb
700,2158524085,random,DAYAQWLKDGGPSSGRPPPS,amber,997.8954394349497,5.654340831139738,17.65200794035052,8.899983408390053,11.253883418624879,6.910665322709527,525.77,aer,4096,outputs/reps_Brickwork_entanglement1/slurm_DAYAQWLKDGGPSSGRPPPS_amber/replica_700/replica_700.pdb,outputs/reps_Brickwork_entanglement1/slurm_DAYAQWLKDGGPSSGRPPPS_amber/replica_700/replica_700_ca.pdb
191,2158523576,random,DAYAQWLKDGGPSSGRPPPS,amber,-29.999855132898993,5.665400303630893,17.60607258155488,9.415948733346381,11.253883418624879,6.910665322709527,1846.79,aer,4096,outputs/reps_Brickwork_entanglement1/slurm_DAYAQWLKDGGPSSGRPPPS_amber/replica_191/replica_191.pdb,outputs/reps_Brickwork_entanglement1/slurm_DAYAQWLKDGGPSSGRPPPS_amber/replica_191/replica_191_ca.pdb
332,2158523717,random,DAYAQWLKDGGPSSGRPPPS,amber,-14.683279891342305,5.665557021921641,8.06596928058306,7.975465343162659,11.253883418624879,6.910665322709527,1051.8,aer,4096,outputs/reps_Brickwork_entanglement1/slurm_DAYAQWLKDGGPSSGRPPPS_amber/replica_332/replica_332.pdb,outputs/reps_Brickwork_entanglement1/slurm_DAYAQWLKDGGPSSGRPPPS_amber/replica_332/replica_332_ca.pdb
106,2158523491,random,DAYAQWLKDGGPSSGRPPPS,amber,116.23963762396065,5.67446401460028,14.007888085194734,7.590476137444092,11.253883418624879,6.910665322709527,779.12,aer,4096,outputs/reps_Brickwork_entanglement1/slurm_DAYAQWLKDGGPSSGRPPPS_amber/replica_106/replica_106.pdb,outputs/reps_Brickwork_entanglement1/slurm_DAYAQWLKDGGPSSGRPPPS_amber/replica_106/replica_106_ca.pdb
485,2158523870,random,DAYAQWLKDGGPSSGRPPPS,amber,56.10220507387578,5.684324968217573,8.843909183169945,7.932133449417075,11.253883418624879,6.910665322709527,1359.68,aer,4096,outputs/reps_Brickwork_entanglement1/slurm_DAYAQWLKDGGPSSGRPPPS_amber/replica_485/replica_485.pdb,outputs/reps_Brickwork_entanglement1/slurm_DAYAQWLKDGGPSSGRPPPS_amber/replica_485/replica_485_ca.pdb
916,2158524301,random,DAYAQWLKDGGPSSGRPPPS,amber,-58.792082567835145,5.687036567564019,8.746241257307648,8.381045189563634,11.253883418624879,6.910665322709527,1813.81,aer,4096,outputs/reps_Brickwork_entanglement1/slurm_DAYAQWLKDGGPSSGRPPPS_amber/replica_916/replica_916.pdb,outputs/reps_Brickwork_entanglement1/slurm_DAYAQWLKDGGPSSGRPPPS_amber/replica_916/replica_916_ca.pdb
531,2158523916,random,DAYAQWLKDGGPSSGRPPPS,amber,-108.6989712408236,5.688137865441505,13.218264232712922,8.589694060017473,11.253883418624879,6.910665322709527,689.31,aer,4096,outputs/reps_Brickwork_entanglement1/slurm_DAYAQWLKDGGPSSGRPPPS_amber/replica_531/replica_531.pdb,outputs/reps_Brickwork_entanglement1/slurm_DAYAQWLKDGGPSSGRPPPS_amber/replica_531/replica_531_ca.pdb
957,2158524342,random,DAYAQWLKDGGPSSGRPPPS,amber,83.26972197365632,5.693718329387516,11.429165598349622,8.981153402134668,11.253883418624879,6.910665322709527,1394.62,aer,4096,outputs/reps_Brickwork_entanglement1/slurm_DAYAQWLKDGGPSSGRPPPS_amber/replica_957/replica_957.pdb,outputs/reps_Brickwork_entanglement1/slurm_DAYAQWLKDGGPSSGRPPPS_amber/replica_957/replica_957_ca.pdb
902,2158524287,random,DAYAQWLKDGGPSSGRPPPS,amber,-112.26645516916665,5.694351169983462,8.823413048382326,6.041671799630108,11.253883418624879,6.910665322709527,1628.47,aer,4096,outputs/reps_Brickwork_entanglement1/slurm_DAYAQWLKDGGPSSGRPPPS_amber/replica_902/replica_902.pdb,outputs/reps_Brickwork_entanglement1/slurm_DAYAQWLKDGGPSSGRPPPS_amber/replica_902/replica_902_ca.pdb
121,2158523506,random,DAYAQWLKDGGPSSGRPPPS,amber,-196.5841425082782,5.702164963137884,14.158708746419602,9.616575325719802,11.253883418624879,6.910665322709527,1418.16,aer,4096,outputs/reps_Brickwork_entanglement1/slurm_DAYAQWLKDGGPSSGRPPPS_amber/replica_121/replica_121.pdb,outputs/reps_Brickwork_entanglement1/slurm_DAYAQWLKDGGPSSGRPPPS_amber/replica_121/replica_121_ca.pdb
814,2158524199,random,DAYAQWLKDGGPSSGRPPPS,amber,995.0878794273466,5.7060891054798875,12.18100716743714,8.132624127312626,11.253883418624879,6.910665322709527,411.18,aer,4096,outputs/reps_Brickwork_entanglement1/slurm_DAYAQWLKDGGPSSGRPPPS_amber/replica_814/replica_814.pdb,outputs/reps_Brickwork_entanglement1/slurm_DAYAQWLKDGGPSSGRPPPS_amber/replica_814/replica_814_ca.pdb
949,2158524334,random,DAYAQWLKDGGPSSGRPPPS,amber,-133.84969226680167,5.7069416695103286,11.512234327779316,8.05035036837261,11.253883418624879,6.910665322709527,858.08,aer,4096,outputs/reps_Brickwork_entanglement1/slurm_DAYAQWLKDGGPSSGRPPPS_amber/replica_949/replica_949.pdb,outputs/reps_Brickwork_entanglement1/slurm_DAYAQWLKDGGPSSGRPPPS_amber/replica_949/replica_949_ca.pdb
23,2158523408,random,DAYAQWLKDGGPSSGRPPPS,amber,-177.1389253030069,5.727473310543733,17.995565848245977,9.88959559358332,11.253883418624879,6.910665322709527,948.96,aer,4096,outputs/reps_Brickwork_entanglement1/slurm_DAYAQWLKDGGPSSGRPPPS_amber/replica_23/replica_23.pdb,outputs/reps_Brickwork_entanglement1/slurm_DAYAQWLKDGGPSSGRPPPS_amber/replica_23/replica_23_ca.pdb
583,2158523968,random,DAYAQWLKDGGPSSGRPPPS,amber,46.52517827173204,5.727634090748149,16.73216053134215,7.448169119977448,11.253883418624879,6.910665322709527,1382.47,aer,4096,outputs/reps_Brickwork_entanglement1/slurm_DAYAQWLKDGGPSSGRPPPS_amber/replica_583/replica_583.pdb,outputs/reps_Brickwork_entanglement1/slurm_DAYAQWLKDGGPSSGRPPPS_amber/replica_583/replica_583_ca.pdb
718,2158524103,random,DAYAQWLKDGGPSSGRPPPS,amber,-242.64691939198804,5.742428968534838,14.313402845452776,8.673576771236784,11.253883418624879,6.910665322709527,1377.98,aer,4096,outputs/reps_Brickwork_entanglement1/slurm_DAYAQWLKDGGPSSGRPPPS_amber/replica_718/replica_718.pdb,outputs/reps_Brickwork_entanglement1/slurm_DAYAQWLKDGGPSSGRPPPS_amber/replica_718/replica_718_ca.pdb
577,2158523962,random,DAYAQWLKDGGPSSGRPPPS,amber,-90.96854460233193,5.752494102104116,17.035364562237213,9.437911820050264,11.253883418624879,6.910665322709527,1013.86,aer,4096,outputs/reps_Brickwork_entanglement1/slurm_DAYAQWLKDGGPSSGRPPPS_amber/replica_577/replica_577.pdb,outputs/reps_Brickwork_entanglement1/slurm_DAYAQWLKDGGPSSGRPPPS_amber/replica_577/replica_577_ca.pdb
915,2158524300,random,DAYAQWLKDGGPSSGRPPPS,amber,-121.22182493650891,5.757485738457212,10.452085121205505,8.402657814408235,11.253883418624879,6.910665322709527,1031.82,aer,4096,outputs/reps_Brickwork_entanglement1/slurm_DAYAQWLKDGGPSSGRPPPS_amber/replica_915/replica_915.pdb,outputs/reps_Brickwork_entanglement1/slurm_DAYAQWLKDGGPSSGRPPPS_amber/replica_915/replica_915_ca.pdb
268,2158523653,random,DAYAQWLKDGGPSSGRPPPS,amber,-131.7285089545453,5.758505573285301,14.028376953675295,8.30788293674983,11.253883418624879,6.910665322709527,1163.17,aer,4096,outputs/reps_Brickwork_entanglement1/slurm_DAYAQWLKDGGPSSGRPPPS_amber/replica_268/replica_268.pdb,outputs/reps_Brickwork_entanglement1/slurm_DAYAQWLKDGGPSSGRPPPS_amber/replica_268/replica_268_ca.pdb
438,2158523823,random,DAYAQWLKDGGPSSGRPPPS,amber,-93.12613678024948,5.758833969106134,10.16871474320493,9.20101054372322,11.253883418624879,6.910665322709527,724.8,aer,4096,outputs/reps_Brickwork_entanglement1/slurm_DAYAQWLKDGGPSSGRPPPS_amber/replica_438/replica_438.pdb,outputs/reps_Brickwork_entanglement1/slurm_DAYAQWLKDGGPSSGRPPPS_amber/replica_438/replica_438_ca.pdb
272,2158523657,random,DAYAQWLKDGGPSSGRPPPS,amber,561.7633668397301,5.762353169251689,10.363261765599667,8.844094912141594,11.253883418624879,6.910665322709527,600.86,aer,4096,outputs/reps_Brickwork_entanglement1/slurm_DAYAQWLKDGGPSSGRPPPS_amber/replica_272/replica_272.pdb,outputs/reps_Brickwork_entanglement1/slurm_DAYAQWLKDGGPSSGRPPPS_amber/replica_272/replica_272_ca.pdb
984,2158524369,random,DAYAQWLKDGGPSSGRPPPS,amber,-27.68428314674998,5.777100906917943,20.155256631824116,9.228318495444627,11.253883418624879,6.910665322709527,1053.17,aer,4096,outputs/reps_Brickwork_entanglement1/slurm_DAYAQWLKDGGPSSGRPPPS_amber/replica_984/replica_984.pdb,outputs/reps_Brickwork_entanglement1/slurm_DAYAQWLKDGGPSSGRPPPS_amber/replica_984/replica_984_ca.pdb
903,2158524288,random,DAYAQWLKDGGPSSGRPPPS,amber,-102.2459802164697,5.7776932767805596,16.623032354510134,7.982667836708223,11.253883418624879,6.910665322709527,926.17,aer,4096,outputs/reps_Brickwork_entanglement1/slurm_DAYAQWLKDGGPSSGRPPPS_amber/replica_903/replica_903.pdb,outputs/reps_Brickwork_entanglement1/slurm_DAYAQWLKDGGPSSGRPPPS_amber/replica_903/replica_903_ca.pdb
267,2158523652,random,DAYAQWLKDGGPSSGRPPPS,amber,54.85115096221817,5.77928484465404,13.44284895089761,7.212338760487739,11.253883418624879,6.910665322709527,1021.66,aer,4096,outputs/reps_Brickwork_entanglement1/slurm_DAYAQWLKDGGPSSGRPPPS_amber/replica_267/replica_267.pdb,outputs/reps_Brickwork_entanglement1/slurm_DAYAQWLKDGGPSSGRPPPS_amber/replica_267/replica_267_ca.pdb
347,2158523732,random,DAYAQWLKDGGPSSGRPPPS,amber,-8.704934907895124,5.7821174819021675,13.013089205608216,8.291772767803966,11.253883418624879,6.910665322709527,1349.68,aer,4096,outputs/reps_Brickwork_entanglement1/slurm_DAYAQWLKDGGPSSGRPPPS_amber/replica_347/replica_347.pdb,outputs/reps_Brickwork_entanglement1/slurm_DAYAQWLKDGGPSSGRPPPS_amber/replica_347/replica_347_ca.pdb
293,2158523678,random,DAYAQWLKDGGPSSGRPPPS,amber,268.33078224328364,5.80004703384584,16.16279701522375,7.440351017407996,11.253883418624879,6.910665322709527,704.11,aer,4096,outputs/reps_Brickwork_entanglement1/slurm_DAYAQWLKDGGPSSGRPPPS_amber/replica_293/replica_293.pdb,outputs/reps_Brickwork_entanglement1/slurm_DAYAQWLKDGGPSSGRPPPS_amber/replica_293/replica_293_ca.pdb
58,2158523443,random,DAYAQWLKDGGPSSGRPPPS,amber,-230.55166645370772,5.811522641642119,13.536161142253224,8.061480256797035,11.253883418624879,6.910665322709527,1105.7,aer,4096,outputs/reps_Brickwork_entanglement1/slurm_DAYAQWLKDGGPSSGRPPPS_amber/replica_58/replica_58.pdb,outputs/reps_Brickwork_entanglement1/slurm_DAYAQWLKDGGPSSGRPPPS_amber/replica_58/replica_58_ca.pdb
608,2158523993,random,DAYAQWLKDGGPSSGRPPPS,amber,-188.69398221730566,5.8171886439803275,18.352868274888316,8.867100746784232,11.253883418624879,6.910665322709527,1068.99,aer,4096,outputs/reps_Brickwork_entanglement1/slurm_DAYAQWLKDGGPSSGRPPPS_amber/replica_608/replica_608.pdb,outputs/reps_Brickwork_entanglement1/slurm_DAYAQWLKDGGPSSGRPPPS_amber/replica_608/replica_608_ca.pdb
99,2158523484,random,DAYAQWLKDGGPSSGRPPPS,amber,-55.167352128994864,5.819152506059091,20.017080161758482,6.648983368551696,11.253883418624879,6.910665322709527,1396.73,aer,4096,outputs/reps_Brickwork_entanglement1/slurm_DAYAQWLKDGGPSSGRPPPS_amber/replica_99/replica_99.pdb,outputs/reps_Brickwork_entanglement1/slurm_DAYAQWLKDGGPSSGRPPPS_amber/replica_99/replica_99_ca.pdb
889,2158524274,random,DAYAQWLKDGGPSSGRPPPS,amber,-14.429975858636926,5.8276042997318,17.88873258705442,8.286345854797986,11.253883418624879,6.910665322709527,930.92,aer,4096,outputs/reps_Brickwork_entanglement1/slurm_DAYAQWLKDGGPSSGRPPPS_amber/replica_889/replica_889.pdb,outputs/reps_Brickwork_entanglement1/slurm_DAYAQWLKDGGPSSGRPPPS_amber/replica_889/replica_889_ca.pdb
554,2158523939,random,DAYAQWLKDGGPSSGRPPPS,amber,-21.929314178481082,5.832630553580858,13.833413984837097,8.186849336820124,11.253883418624879,6.910665322709527,1074.29,aer,4096,outputs/reps_Brickwork_entanglement1/slurm_DAYAQWLKDGGPSSGRPPPS_amber/replica_554/replica_554.pdb,outputs/reps_Brickwork_entanglement1/slurm_DAYAQWLKDGGPSSGRPPPS_amber/replica_554/replica_554_ca.pdb
90,2158523475,random,DAYAQWLKDGGPSSGRPPPS,amber,-96.3917950111923,5.834390632664055,12.378871977003513,7.604130862640972,11.253883418624879,6.910665322709527,876.89,aer,4096,outputs/reps_Brickwork_entanglement1/slurm_DAYAQWLKDGGPSSGRPPPS_amber/replica_90/replica_90.pdb,outputs/reps_Brickwork_entanglement1/slurm_DAYAQWLKDGGPSSGRPPPS_amber/replica_90/replica_90_ca.pdb
296,2158523681,random,DAYAQWLKDGGPSSGRPPPS,amber,-55.438939834931496,5.837557349997729,15.622521088804142,9.527546078568701,11.253883418624879,6.910665322709527,1502.31,aer,4096,outputs/reps_Brickwork_entanglement1/slurm_DAYAQWLKDGGPSSGRPPPS_amber/replica_296/replica_296.pdb,outputs/reps_Brickwork_entanglement1/slurm_DAYAQWLKDGGPSSGRPPPS_amber/replica_296/replica_296_ca.pdb
760,2158524145,random,DAYAQWLKDGGPSSGRPPPS,amber,-164.17304623506226,5.844619091299829,16.808344305576153,8.907814520846504,11.253883418624879,6.910665322709527,914.39,aer,4096,outputs/reps_Brickwork_entanglement1/slurm_DAYAQWLKDGGPSSGRPPPS_amber/replica_760/replica_760.pdb,outputs/reps_Brickwork_entanglement1/slurm_DAYAQWLKDGGPSSGRPPPS_amber/replica_760/replica_760_ca.pdb
234,2158523619,random,DAYAQWLKDGGPSSGRPPPS,amber,26.42816539959586,5.845153558373002,15.407969611283848,8.582569606222119,11.253883418624879,6.910665322709527,2122.35,aer,4096,outputs/reps_Brickwork_entanglement1/slurm_DAYAQWLKDGGPSSGRPPPS_amber/replica_234/replica_234.pdb,outputs/reps_Brickwork_entanglement1/slurm_DAYAQWLKDGGPSSGRPPPS_amber/replica_234/replica_234_ca.pdb
447,2158523832,random,DAYAQWLKDGGPSSGRPPPS,amber,-61.214482157526994,5.850703660980344,8.02337947497665,5.666472593909532,11.253883418624879,6.910665322709527,1340.84,aer,4096,outputs/reps_Brickwork_entanglement1/slurm_DAYAQWLKDGGPSSGRPPPS_amber/replica_447/replica_447.pdb,outputs/reps_Brickwork_entanglement1/slurm_DAYAQWLKDGGPSSGRPPPS_amber/replica_447/replica_447_ca.pdb
870,2158524255,random,DAYAQWLKDGGPSSGRPPPS,amber,88.38722151846422,5.851880205157587,17.204721795853967,9.381946007528137,11.253883418624879,6.910665322709527,1450.92,aer,4096,outputs/reps_Brickwork_entanglement1/slurm_DAYAQWLKDGGPSSGRPPPS_amber/replica_870/replica_870.pdb,outputs/reps_Brickwork_entanglement1/slurm_DAYAQWLKDGGPSSGRPPPS_amber/replica_870/replica_870_ca.pdb
159,2158523544,random,DAYAQWLKDGGPSSGRPPPS,amber,-30.245424820577917,5.8541694786975675,19.43338664411165,7.962842401649421,11.253883418624879,6.910665322709527,998.33,aer,4096,outputs/reps_Brickwork_entanglement1/slurm_DAYAQWLKDGGPSSGRPPPS_amber/replica_159/replica_159.pdb,outputs/reps_Brickwork_entanglement1/slurm_DAYAQWLKDGGPSSGRPPPS_amber/replica_159/replica_159_ca.pdb
654,2158524039,random,DAYAQWLKDGGPSSGRPPPS,amber,-94.05299343075045,5.855734458114241,16.905612375889707,9.697585090830218,11.253883418624879,6.910665322709527,766.31,aer,4096,outputs/reps_Brickwork_entanglement1/slurm_DAYAQWLKDGGPSSGRPPPS_amber/replica_654/replica_654.pdb,outputs/reps_Brickwork_entanglement1/slurm_DAYAQWLKDGGPSSGRPPPS_amber/replica_654/replica_654_ca.pdb
185,2158523570,random,DAYAQWLKDGGPSSGRPPPS,amber,-87.53690334435223,5.856111501390848,8.974702539056873,6.333948193301742,11.253883418624879,6.910665322709527,1139.63,aer,4096,outputs/reps_Brickwork_entanglement1/slurm_DAYAQWLKDGGPSSGRPPPS_amber/replica_185/replica_185.pdb,outputs/reps_Brickwork_entanglement1/slurm_DAYAQWLKDGGPSSGRPPPS_amber/replica_185/replica_185_ca.pdb
198,2158523583,random,DAYAQWLKDGGPSSGRPPPS,amber,-186.36129114789406,5.856309507339979,18.63839469938303,8.016209464993722,11.253883418624879,6.910665322709527,928.53,aer,4096,outputs/reps_Brickwork_entanglement1/slurm_DAYAQWLKDGGPSSGRPPPS_amber/replica_198/replica_198.pdb,outputs/reps_Brickwork_entanglement1/slurm_DAYAQWLKDGGPSSGRPPPS_amber/replica_198/replica_198_ca.pdb
48,2158523433,random,DAYAQWLKDGGPSSGRPPPS,amber,-69.8691063453038,5.859304893318537,13.248335143701084,6.584580763780074,11.253883418624879,6.910665322709527,1430.42,aer,4096,outputs/reps_Brickwork_entanglement1/slurm_DAYAQWLKDGGPSSGRPPPS_amber/replica_48/replica_48.pdb,outputs/reps_Brickwork_entanglement1/slurm_DAYAQWLKDGGPSSGRPPPS_amber/replica_48/replica_48_ca.pdb
693,2158524078,random,DAYAQWLKDGGPSSGRPPPS,amber,-111.08007901294228,5.860251243895818,15.380918183912168,9.158666959352896,11.253883418624879,6.910665322709527,916.21,aer,4096,outputs/reps_Brickwork_entanglement1/slurm_DAYAQWLKDGGPSSGRPPPS_amber/replica_693/replica_693.pdb,outputs/reps_Brickwork_entanglement1/slurm_DAYAQWLKDGGPSSGRPPPS_amber/replica_693/replica_693_ca.pdb
49,2158523434,random,DAYAQWLKDGGPSSGRPPPS,amber,-49.09512509969802,5.868468475147653,8.955166246251485,7.981385576164662,11.253883418624879,6.910665322709527,758.0,aer,4096,outputs/reps_Brickwork_entanglement1/slurm_DAYAQWLKDGGPSSGRPPPS_amber/replica_49/replica_49.pdb,outputs/reps_Brickwork_entanglement1/slurm_DAYAQWLKDGGPSSGRPPPS_amber/replica_49/replica_49_ca.pdb
964,2158524349,random,DAYAQWLKDGGPSSGRPPPS,amber,-186.99442552121437,5.8739178450068765,14.75529085753625,8.653311209926887,11.253883418624879,6.910665322709527,1328.14,aer,4096,outputs/reps_Brickwork_entanglement1/slurm_DAYAQWLKDGGPSSGRPPPS_amber/replica_964/replica_964.pdb,outputs/reps_Brickwork_entanglement1/slurm_DAYAQWLKDGGPSSGRPPPS_amber/replica_964/replica_964_ca.pdb
300,2158523685,random,DAYAQWLKDGGPSSGRPPPS,amber,-38.19064482850448,5.880350447747706,7.846366134793724,6.3558727073966,11.253883418624879,6.910665322709527,724.87,aer,4096,outputs/reps_Brickwork_entanglement1/slurm_DAYAQWLKDGGPSSGRPPPS_amber/replica_300/replica_300.pdb,outputs/reps_Brickwork_entanglement1/slurm_DAYAQWLKDGGPSSGRPPPS_amber/replica_300/replica_300_ca.pdb
839,2158524224,random,DAYAQWLKDGGPSSGRPPPS,amber,-91.32731498204268,5.882695449485289,11.880033270299808,8.361936607671815,11.253883418624879,6.910665322709527,1017.54,aer,4096,outputs/reps_Brickwork_entanglement1/slurm_DAYAQWLKDGGPSSGRPPPS_amber/replica_839/replica_839.pdb,outputs/reps_Brickwork_entanglement1/slurm_DAYAQWLKDGGPSSGRPPPS_amber/replica_839/replica_839_ca.pdb
707,2158524092,random,DAYAQWLKDGGPSSGRPPPS,amber,-56.6087937949243,5.885753015527181,14.498578918464322,9.539801004775244,11.253883418624879,6.910665322709527,1927.29,aer,4096,outputs/reps_Brickwork_entanglement1/slurm_DAYAQWLKDGGPSSGRPPPS_amber/replica_707/replica_707.pdb,outputs/reps_Brickwork_entanglement1/slurm_DAYAQWLKDGGPSSGRPPPS_amber/replica_707/replica_707_ca.pdb
501,2158523886,random,DAYAQWLKDGGPSSGRPPPS,amber,78.67966208529259,5.901118237269534,13.214638140633305,9.738970635488872,11.253883418624879,6.910665322709527,1373.12,aer,4096,outputs/reps_Brickwork_entanglement1/slurm_DAYAQWLKDGGPSSGRPPPS_amber/replica_501/replica_501.pdb,outputs/reps_Brickwork_entanglement1/slurm_DAYAQWLKDGGPSSGRPPPS_amber/replica_501/replica_501_ca.pdb
118,2158523503,random,DAYAQWLKDGGPSSGRPPPS,amber,-163.34835632620653,5.90191947667811,18.72336450838538,9.567030349171588,11.253883418624879,6.910665322709527,1426.74,aer,4096,outputs/reps_Brickwork_entanglement1/slurm_DAYAQWLKDGGPSSGRPPPS_amber/replica_118/replica_118.pdb,outputs/reps_Brickwork_entanglement1/slurm_DAYAQWLKDGGPSSGRPPPS_amber/replica_118/replica_118_ca.pdb
439,2158523824,random,DAYAQWLKDGGPSSGRPPPS,amber,-171.28091450680705,5.9030603045204515,17.006116605373087,9.291637439901878,11.253883418624879,6.910665322709527,905.8,aer,4096,outputs/reps_Brickwork_entanglement1/slurm_DAYAQWLKDGGPSSGRPPPS_amber/replica_439/replica_439.pdb,outputs/reps_Brickwork_entanglement1/slurm_DAYAQWLKDGGPSSGRPPPS_amber/replica_439/replica_439_ca.pdb
765,2158524150,random,DAYAQWLKDGGPSSGRPPPS,amber,-167.35559029713696,5.905764385048083,12.029910735102545,8.581227926824992,11.253883418624879,6.910665322709527,1073.85,aer,4096,outputs/reps_Brickwork_entanglement1/slurm_DAYAQWLKDGGPSSGRPPPS_amber/replica_765/replica_765.pdb,outputs/reps_Brickwork_entanglement1/slurm_DAYAQWLKDGGPSSGRPPPS_amber/replica_765/replica_765_ca.pdb
203,2158523588,random,DAYAQWLKDGGPSSGRPPPS,amber,-165.59127184430434,5.9080367447012545,12.169484968220646,8.379512450528335,11.253883418624879,6.910665322709527,1109.29,aer,4096,outputs/reps_Brickwork_entanglement1/slurm_DAYAQWLKDGGPSSGRPPPS_amber/replica_203/replica_203.pdb,outputs/reps_Brickwork_entanglement1/slurm_DAYAQWLKDGGPSSGRPPPS_amber/replica_203/replica_203_ca.pdb
206,2158523591,random,DAYAQWLKDGGPSSGRPPPS,amber,-87.14003753621388,5.91349064127899,14.870156624482208,9.707369254066213,11.253883418624879,6.910665322709527,772.45,aer,4096,outputs/reps_Brickwork_entanglement1/slurm_DAYAQWLKDGGPSSGRPPPS_amber/replica_206/replica_206.pdb,outputs/reps_Brickwork_entanglement1/slurm_DAYAQWLKDGGPSSGRPPPS_amber/replica_206/replica_206_ca.pdb
100,2158523485,random,DAYAQWLKDGGPSSGRPPPS,amber,-154.93408479594535,5.913891113753585,10.07020895563044,8.197299337341839,11.253883418624879,6.910665322709527,1024.14,aer,4096,outputs/reps_Brickwork_entanglement1/slurm_DAYAQWLKDGGPSSGRPPPS_amber/replica_100/replica_100.pdb,outputs/reps_Brickwork_entanglement1/slurm_DAYAQWLKDGGPSSGRPPPS_amber/replica_100/replica_100_ca.pdb
291,2158523676,random,DAYAQWLKDGGPSSGRPPPS,amber,-97.98368383268036,5.913945332082996,14.00267487596218,9.005569088864764,11.253883418624879,6.910665322709527,892.02,aer,4096,outputs/reps_Brickwork_entanglement1/slurm_DAYAQWLKDGGPSSGRPPPS_amber/replica_291/replica_291.pdb,outputs/reps_Brickwork_entanglement1/slurm_DAYAQWLKDGGPSSGRPPPS_amber/replica_291/replica_291_ca.pdb
980,2158524365,random,DAYAQWLKDGGPSSGRPPPS,amber,838.0870621799749,5.91872943373643,9.396301444794787,8.017633963608713,11.253883418624879,6.910665322709527,366.2,aer,4096,outputs/reps_Brickwork_entanglement1/slurm_DAYAQWLKDGGPSSGRPPPS_amber/replica_980/replica_980.pdb,outputs/reps_Brickwork_entanglement1/slurm_DAYAQWLKDGGPSSGRPPPS_amber/replica_980/replica_980_ca.pdb
102,2158523487,random,DAYAQWLKDGGPSSGRPPPS,amber,-172.6755652094591,5.920831356875134,14.437507869471915,8.629689063045776,11.253883418624879,6.910665322709527,1183.19,aer,4096,outputs/reps_Brickwork_entanglement1/slurm_DAYAQWLKDGGPSSGRPPPS_amber/replica_102/replica_102.pdb,outputs/reps_Brickwork_entanglement1/slurm_DAYAQWLKDGGPSSGRPPPS_amber/replica_102/replica_102_ca.pdb
698,2158524083,random,DAYAQWLKDGGPSSGRPPPS,amber,-89.58622607421502,5.936935551824757,17.46342406709882,9.193113219478297,11.253883418624879,6.910665322709527,816.54,aer,4096,outputs/reps_Brickwork_entanglement1/slurm_DAYAQWLKDGGPSSGRPPPS_amber/replica_698/replica_698.pdb,outputs/reps_Brickwork_entanglement1/slurm_DAYAQWLKDGGPSSGRPPPS_amber/replica_698/replica_698_ca.pdb
303,2158523688,random,DAYAQWLKDGGPSSGRPPPS,amber,-103.64585265956697,5.937879852935673,20.335593310441304,9.57941188894211,11.253883418624879,6.910665322709527,956.4,aer,4096,outputs/reps_Brickwork_entanglement1/slurm_DAYAQWLKDGGPSSGRPPPS_amber/replica_303/replica_303.pdb,outputs/reps_Brickwork_entanglement1/slurm_DAYAQWLKDGGPSSGRPPPS_amber/replica_303/replica_303_ca.pdb
942,2158524327,random,DAYAQWLKDGGPSSGRPPPS,amber,-249.00233606163022,5.949178872438534,15.826011000758871,8.74381037405219,11.253883418624879,6.910665322709527,912.18,aer,4096,outputs/reps_Brickwork_entanglement1/slurm_DAYAQWLKDGGPSSGRPPPS_amber/replica_942/replica_942.pdb,outputs/reps_Brickwork_entanglement1/slurm_DAYAQWLKDGGPSSGRPPPS_amber/replica_942/replica_942_ca.pdb
194,2158523579,random,DAYAQWLKDGGPSSGRPPPS,amber,-72.38465060837373,5.952424424385109,17.46100164576842,8.638432327487823,11.253883418624879,6.910665322709527,1016.63,aer,4096,outputs/reps_Brickwork_entanglement1/slurm_DAYAQWLKDGGPSSGRPPPS_amber/replica_194/replica_194.pdb,outputs/reps_Brickwork_entanglement1/slurm_DAYAQWLKDGGPSSGRPPPS_amber/replica_194/replica_194_ca.pdb
57,2158523442,random,DAYAQWLKDGGPSSGRPPPS,amber,-41.57381221839676,5.95694474186404,16.36484958246288,8.201427626179445,11.253883418624879,6.910665322709527,860.2,aer,4096,outputs/reps_Brickwork_entanglement1/slurm_DAYAQWLKDGGPSSGRPPPS_amber/replica_57/replica_57.pdb,outputs/reps_Brickwork_entanglement1/slurm_DAYAQWLKDGGPSSGRPPPS_amber/replica_57/replica_57_ca.pdb
449,2158523834,random,DAYAQWLKDGGPSSGRPPPS,amber,-243.6688120588098,5.958785370236811,16.300396627156324,7.455249662594185,11.253883418624879,6.910665322709527,937.22,aer,4096,outputs/reps_Brickwork_entanglement1/slurm_DAYAQWLKDGGPSSGRPPPS_amber/replica_449/replica_449.pdb,outputs/reps_Brickwork_entanglement1/slurm_DAYAQWLKDGGPSSGRPPPS_amber/replica_449/replica_449_ca.pdb
645,2158524030,random,DAYAQWLKDGGPSSGRPPPS,amber,-76.9634734839429,5.985213211963953,8.90321094424515,7.721543741812122,11.253883418624879,6.910665322709527,1634.74,aer,4096,outputs/reps_Brickwork_entanglement1/slurm_DAYAQWLKDGGPSSGRPPPS_amber/replica_645/replica_645.pdb,outputs/reps_Brickwork_entanglement1/slurm_DAYAQWLKDGGPSSGRPPPS_amber/replica_645/replica_645_ca.pdb
918,2158524303,random,DAYAQWLKDGGPSSGRPPPS,amber,-150.23389706779616,6.001083687810872,11.989458168588065,9.016533821917418,11.253883418624879,6.910665322709527,1315.57,aer,4096,outputs/reps_Brickwork_entanglement1/slurm_DAYAQWLKDGGPSSGRPPPS_amber/replica_918/replica_918.pdb,outputs/reps_Brickwork_entanglement1/slurm_DAYAQWLKDGGPSSGRPPPS_amber/replica_918/replica_918_ca.pdb
302,2158523687,random,DAYAQWLKDGGPSSGRPPPS,amber,-102.42518512909754,6.006735950926413,16.14248803396591,8.837016459274054,11.253883418624879,6.910665322709527,889.52,aer,4096,outputs/reps_Brickwork_entanglement1/slurm_DAYAQWLKDGGPSSGRPPPS_amber/replica_302/replica_302.pdb,outputs/reps_Brickwork_entanglement1/slurm_DAYAQWLKDGGPSSGRPPPS_amber/replica_302/replica_302_ca.pdb
133,2158523518,random,DAYAQWLKDGGPSSGRPPPS,amber,-157.6292546644761,6.012051896478743,15.656586464648663,9.386571071502907,11.253883418624879,6.910665322709527,834.06,aer,4096,outputs/reps_Brickwork_entanglement1/slurm_DAYAQWLKDGGPSSGRPPPS_amber/replica_133/replica_133.pdb,outputs/reps_Brickwork_entanglement1/slurm_DAYAQWLKDGGPSSGRPPPS_amber/replica_133/replica_133_ca.pdb
879,2158524264,random,DAYAQWLKDGGPSSGRPPPS,amber,-133.68814002189944,6.016209948057543,7.736177629071803,8.962868910737766,11.253883418624879,6.910665322709527,2434.77,aer,4096,outputs/reps_Brickwork_entanglement1/slurm_DAYAQWLKDGGPSSGRPPPS_amber/replica_879/replica_879.pdb,outputs/reps_Brickwork_entanglement1/slurm_DAYAQWLKDGGPSSGRPPPS_amber/replica_879/replica_879_ca.pdb
398,2158523783,random,DAYAQWLKDGGPSSGRPPPS,amber,-130.9993549785489,6.017392411322705,18.249014994839843,9.225458675996622,11.253883418624879,6.910665322709527,1363.03,aer,4096,outputs/reps_Brickwork_entanglement1/slurm_DAYAQWLKDGGPSSGRPPPS_amber/replica_398/replica_398.pdb,outputs/reps_Brickwork_entanglement1/slurm_DAYAQWLKDGGPSSGRPPPS_amber/replica_398/replica_398_ca.pdb
987,2158524372,random,DAYAQWLKDGGPSSGRPPPS,amber,554.7955282802048,6.019477899603558,16.937335934093085,8.837067587387299,11.253883418624879,6.910665322709527,413.68,aer,4096,outputs/reps_Brickwork_entanglement1/slurm_DAYAQWLKDGGPSSGRPPPS_amber/replica_987/replica_987.pdb,outputs/reps_Brickwork_entanglement1/slurm_DAYAQWLKDGGPSSGRPPPS_amber/replica_987/replica_987_ca.pdb
91,2158523476,random,DAYAQWLKDGGPSSGRPPPS,amber,190.7184679560617,6.022163793237814,21.225729021751,10.008735306041768,11.253883418624879,6.910665322709527,1669.65,aer,4096,outputs/reps_Brickwork_entanglement1/slurm_DAYAQWLKDGGPSSGRPPPS_amber/replica_91/replica_91.pdb,outputs/reps_Brickwork_entanglement1/slurm_DAYAQWLKDGGPSSGRPPPS_amber/replica_91/replica_91_ca.pdb
627,2158524012,random,DAYAQWLKDGGPSSGRPPPS,amber,49.177119734276246,6.024105215970409,8.914064972272692,6.54730516838885,11.253883418624879,6.910665322709527,1041.53,aer,4096,outputs/reps_Brickwork_entanglement1/slurm_DAYAQWLKDGGPSSGRPPPS_amber/replica_627/replica_627.pdb,outputs/reps_Brickwork_entanglement1/slurm_DAYAQWLKDGGPSSGRPPPS_amber/replica_627/replica_627_ca.pdb
248,2158523633,random,DAYAQWLKDGGPSSGRPPPS,amber,549.9844430084521,6.029950780814373,12.78735285621246,7.518424719110737,11.253883418624879,6.910665322709527,366.28,aer,4096,outputs/reps_Brickwork_entanglement1/slurm_DAYAQWLKDGGPSSGRPPPS_amber/replica_248/replica_248.pdb,outputs/reps_Brickwork_entanglement1/slurm_DAYAQWLKDGGPSSGRPPPS_amber/replica_248/replica_248_ca.pdb
604,2158523989,random,DAYAQWLKDGGPSSGRPPPS,amber,-20.792428158464237,6.033918334596693,13.552151729867019,9.30816055216946,11.253883418624879,6.910665322709527,1451.38,aer,4096,outputs/reps_Brickwork_entanglement1/slurm_DAYAQWLKDGGPSSGRPPPS_amber/replica_604/replica_604.pdb,outputs/reps_Brickwork_entanglement1/slurm_DAYAQWLKDGGPSSGRPPPS_amber/replica_604/replica_604_ca.pdb
791,2158524176,random,DAYAQWLKDGGPSSGRPPPS,amber,1039.5282824082517,6.038681529430271,7.394052446083316,5.628302057483382,11.253883418624879,6.910665322709527,465.85,aer,4096,outputs/reps_Brickwork_entanglement1/slurm_DAYAQWLKDGGPSSGRPPPS_amber/replica_791/replica_791.pdb,outputs/reps_Brickwork_entanglement1/slurm_DAYAQWLKDGGPSSGRPPPS_amber/replica_791/replica_791_ca.pdb
955,2158524340,random,DAYAQWLKDGGPSSGRPPPS,amber,0.5646203083180588,6.039805497712889,14.767489571145896,8.974149873240473,11.253883418624879,6.910665322709527,1528.48,aer,4096,outputs/reps_Brickwork_entanglement1/slurm_DAYAQWLKDGGPSSGRPPPS_amber/replica_955/replica_955.pdb,outputs/reps_Brickwork_entanglement1/slurm_DAYAQWLKDGGPSSGRPPPS_amber/replica_955/replica_955_ca.pdb
609,2158523994,random,DAYAQWLKDGGPSSGRPPPS,amber,577.327471503401,6.04579828454958,16.37095400157762,9.410595021458748,11.253883418624879,6.910665322709527,315.04,aer,4096,outputs/reps_Brickwork_entanglement1/slurm_DAYAQWLKDGGPSSGRPPPS_amber/replica_609/replica_609.pdb,outputs/reps_Brickwork_entanglement1/slurm_DAYAQWLKDGGPSSGRPPPS_amber/replica_609/replica_609_ca.pdb
560,2158523945,random,DAYAQWLKDGGPSSGRPPPS,amber,-45.280462896755886,6.046162527129506,21.726828789120646,8.64534868027907,11.253883418624879,6.910665322709527,1511.09,aer,4096,outputs/reps_Brickwork_entanglement1/slurm_DAYAQWLKDGGPSSGRPPPS_amber/replica_560/replica_560.pdb,outputs/reps_Brickwork_entanglement1/slurm_DAYAQWLKDGGPSSGRPPPS_amber/replica_560/replica_560_ca.pdb
294,2158523679,random,DAYAQWLKDGGPSSGRPPPS,amber,-136.48332092691103,6.0509425436115585,15.693110325839656,9.644828848798493,11.253883418624879,6.910665322709527,1122.01,aer,4096,outputs/reps_Brickwork_entanglement1/slurm_DAYAQWLKDGGPSSGRPPPS_amber/replica_294/replica_294.pdb,outputs/reps_Brickwork_entanglement1/slurm_DAYAQWLKDGGPSSGRPPPS_amber/replica_294/replica_294_ca.pdb
361,2158523746,random,DAYAQWLKDGGPSSGRPPPS,amber,-168.39833702379622,6.051466195060722,14.346837833910762,6.970397703641703,11.253883418624879,6.910665322709527,915.0,aer,4096,outputs/reps_Brickwork_entanglement1/slurm_DAYAQWLKDGGPSSGRPPPS_amber/replica_361/replica_361.pdb,outputs/reps_Brickwork_entanglement1/slurm_DAYAQWLKDGGPSSGRPPPS_amber/replica_361/replica_361_ca.pdb
740,2158524125,random,DAYAQWLKDGGPSSGRPPPS,amber,-123.29648128516301,6.0533508854172124,19.510472547042028,9.69372677815834,11.253883418624879,6.910665322709527,804.78,aer,4096,outputs/reps_Brickwork_entanglement1/slurm_DAYAQWLKDGGPSSGRPPPS_amber/replica_740/replica_740.pdb,outputs/reps_Brickwork_entanglement1/slurm_DAYAQWLKDGGPSSGRPPPS_amber/replica_740/replica_740_ca.pdb
308,2158523693,random,DAYAQWLKDGGPSSGRPPPS,amber,-249.51376507031992,6.0553384738562475,8.67815925426868,8.840363966441547,11.253883418624879,6.910665322709527,913.89,aer,4096,outputs/reps_Brickwork_entanglement1/slurm_DAYAQWLKDGGPSSGRPPPS_amber/replica_308/replica_308.pdb,outputs/reps_Brickwork_entanglement1/slurm_DAYAQWLKDGGPSSGRPPPS_amber/replica_308/replica_308_ca.pdb
939,2158524324,random,DAYAQWLKDGGPSSGRPPPS,amber,533.5028073499471,6.056392795720936,18.40149764912384,8.403596394465179,11.253883418624879,6.910665322709527,687.83,aer,4096,outputs/reps_Brickwork_entanglement1/slurm_DAYAQWLKDGGPSSGRPPPS_amber/replica_939/replica_939.pdb,outputs/reps_Brickwork_entanglement1/slurm_DAYAQWLKDGGPSSGRPPPS_amber/replica_939/replica_939_ca.pdb
845,2158524230,random,DAYAQWLKDGGPSSGRPPPS,amber,85.0446512858027,6.0566738423376165,17.829194368950727,9.243055477520908,11.253883418624879,6.910665322709527,1175.0,aer,4096,outputs/reps_Brickwork_entanglement1/slurm_DAYAQWLKDGGPSSGRPPPS_amber/replica_845/replica_845.pdb,outputs/reps_Brickwork_entanglement1/slurm_DAYAQWLKDGGPSSGRPPPS_amber/replica_845/replica_845_ca.pdb
257,2158523642,random,DAYAQWLKDGGPSSGRPPPS,amber,-50.44046233924638,6.06298808283497,16.81813729093161,8.208471070315076,11.253883418624879,6.910665322709527,632.91,aer,4096,outputs/reps_Brickwork_entanglement1/slurm_DAYAQWLKDGGPSSGRPPPS_amber/replica_257/replica_257.pdb,outputs/reps_Brickwork_entanglement1/slurm_DAYAQWLKDGGPSSGRPPPS_amber/replica_257/replica_257_ca.pdb
333,2158523718,random,DAYAQWLKDGGPSSGRPPPS,amber,122.44899748391549,6.069849464219729,20.240322654509264,9.476662733139216,11.253883418624879,6.910665322709527,1941.15,aer,4096,outputs/reps_Brickwork_entanglement1/slurm_DAYAQWLKDGGPSSGRPPPS_amber/replica_333/replica_333.pdb,outputs/reps_Brickwork_entanglement1/slurm_DAYAQWLKDGGPSSGRPPPS_amber/replica_333/replica_333_ca.pdb
774,2158524159,random,DAYAQWLKDGGPSSGRPPPS,amber,-46.60186035290973,6.072928079277433,18.01491613845021,7.859175276767968,11.253883418624879,6.910665322709527,939.24,aer,4096,outputs/reps_Brickwork_entanglement1/slurm_DAYAQWLKDGGPSSGRPPPS_amber/replica_774/replica_774.pdb,outputs/reps_Brickwork_entanglement1/slurm_DAYAQWLKDGGPSSGRPPPS_amber/replica_774/replica_774_ca.pdb
237,2158523622,random,DAYAQWLKDGGPSSGRPPPS,amber,-115.85410543859822,6.083800501480183,17.30944957101804,8.649918801605196,11.253883418624879,6.910665322709527,701.42,aer,4096,outputs/reps_Brickwork_entanglement1/slurm_DAYAQWLKDGGPSSGRPPPS_amber/replica_237/replica_237.pdb,outputs/reps_Brickwork_entanglement1/slurm_DAYAQWLKDGGPSSGRPPPS_amber/replica_237/replica_237_ca.pdb
809,2158524194,random,DAYAQWLKDGGPSSGRPPPS,amber,-125.0048303199828,6.090297652199166,14.005626124201166,8.907190637784295,11.253883418624879,6.910665322709527,1577.39,aer,4096,outputs/reps_Brickwork_entanglement1/slurm_DAYAQWLKDGGPSSGRPPPS_amber/replica_809/replica_809.pdb,outputs/reps_Brickwork_entanglement1/slurm_DAYAQWLKDGGPSSGRPPPS_amber/replica_809/replica_809_ca.pdb
768,2158524153,random,DAYAQWLKDGGPSSGRPPPS,amber,817.1467240496053,6.091945841275205,13.145557184717186,8.48704383095872,11.253883418624879,6.910665322709527,497.82,aer,4096,outputs/reps_Brickwork_entanglement1/slurm_DAYAQWLKDGGPSSGRPPPS_amber/replica_768/replica_768.pdb,outputs/reps_Brickwork_entanglement1/slurm_DAYAQWLKDGGPSSGRPPPS_amber/replica_768/replica_768_ca.pdb
717,2158524102,random,DAYAQWLKDGGPSSGRPPPS,amber,1351.5315868315558,6.095280757694727,22.262643631875722,9.699638096782229,11.253883418624879,6.910665322709527,519.66,aer,4096,outputs/reps_Brickwork_entanglement1/slurm_DAYAQWLKDGGPSSGRPPPS_amber/replica_717/replica_717.pdb,outputs/reps_Brickwork_entanglement1/slurm_DAYAQWLKDGGPSSGRPPPS_amber/replica_717/replica_717_ca.pdb
435,2158523820,random,DAYAQWLKDGGPSSGRPPPS,amber,-33.84109771934061,6.099236051992553,18.47040693282067,9.159535270003394,11.253883418624879,6.910665322709527,843.17,aer,4096,outputs/reps_Brickwork_entanglement1/slurm_DAYAQWLKDGGPSSGRPPPS_amber/replica_435/replica_435.pdb,outputs/reps_Brickwork_entanglement1/slurm_DAYAQWLKDGGPSSGRPPPS_amber/replica_435/replica_435_ca.pdb
132,2158523517,random,DAYAQWLKDGGPSSGRPPPS,amber,-9.44452181341903,6.099671979686571,16.903131836573483,9.986828310372122,11.253883418624879,6.910665322709527,1157.55,aer,4096,outputs/reps_Brickwork_entanglement1/slurm_DAYAQWLKDGGPSSGRPPPS_amber/replica_132/replica_132.pdb,outputs/reps_Brickwork_entanglement1/slurm_DAYAQWLKDGGPSSGRPPPS_amber/replica_132/replica_132_ca.pdb
3,2158523388,random,DAYAQWLKDGGPSSGRPPPS,amber,37.57968696394072,6.109803043850499,10.333356476171291,8.201935028166146,11.253883418624879,6.910665322709527,1293.9,aer,4096,outputs/reps_Brickwork_entanglement1/slurm_DAYAQWLKDGGPSSGRPPPS_amber/replica_3/replica_3.pdb,outputs/reps_Brickwork_entanglement1/slurm_DAYAQWLKDGGPSSGRPPPS_amber/replica_3/replica_3_ca.pdb
561,2158523946,random,DAYAQWLKDGGPSSGRPPPS,amber,57.43675984303603,6.110408684327381,17.322712209408916,8.899075202339942,11.253883418624879,6.910665322709527,714.77,aer,4096,outputs/reps_Brickwork_entanglement1/slurm_DAYAQWLKDGGPSSGRPPPS_amber/replica_561/replica_561.pdb,outputs/reps_Brickwork_entanglement1/slurm_DAYAQWLKDGGPSSGRPPPS_amber/replica_561/replica_561_ca.pdb
816,2158524201,random,DAYAQWLKDGGPSSGRPPPS,amber,53.0211392921806,6.111636713975561,22.355037381961758,8.232780302446413,11.253883418624879,6.910665322709527,1022.19,aer,4096,outputs/reps_Brickwork_entanglement1/slurm_DAYAQWLKDGGPSSGRPPPS_amber/replica_816/replica_816.pdb,outputs/reps_Brickwork_entanglement1/slurm_DAYAQWLKDGGPSSGRPPPS_amber/replica_816/replica_816_ca.pdb
226,2158523611,random,DAYAQWLKDGGPSSGRPPPS,amber,-52.650296555761464,6.112614329581347,19.069941219006424,9.27992285764402,11.253883418624879,6.910665322709527,964.74,aer,4096,outputs/reps_Brickwork_entanglement1/slurm_DAYAQWLKDGGPSSGRPPPS_amber/replica_226/replica_226.pdb,outputs/reps_Brickwork_entanglement1/slurm_DAYAQWLKDGGPSSGRPPPS_amber/replica_226/replica_226_ca.pdb
708,2158524093,random,DAYAQWLKDGGPSSGRPPPS,amber,-39.389871329434904,6.11676039634583,15.056329010909227,8.813252900188614,11.253883418624879,6.910665322709527,875.11,aer,4096,outputs/reps_Brickwork_entanglement1/slurm_DAYAQWLKDGGPSSGRPPPS_amber/replica_708/replica_708.pdb,outputs/reps_Brickwork_entanglement1/slurm_DAYAQWLKDGGPSSGRPPPS_amber/replica_708/replica_708_ca.pdb
216,2158523601,random,DAYAQWLKDGGPSSGRPPPS,amber,-82.35069434747287,6.123139334216756,16.718147547917518,8.960159770214993,11.253883418624879,6.910665322709527,888.52,aer,4096,outputs/reps_Brickwork_entanglement1/slurm_DAYAQWLKDGGPSSGRPPPS_amber/replica_216/replica_216.pdb,outputs/reps_Brickwork_entanglement1/slurm_DAYAQWLKDGGPSSGRPPPS_amber/replica_216/replica_216_ca.pdb
800,2158524185,random,DAYAQWLKDGGPSSGRPPPS,amber,114.37966066260738,6.1282706501288065,15.61227683820706,7.281792953686174,11.253883418624879,6.910665322709527,792.49,aer,4096,outputs/reps_Brickwork_entanglement1/slurm_DAYAQWLKDGGPSSGRPPPS_amber/replica_800/replica_800.pdb,outputs/reps_Brickwork_entanglement1/slurm_DAYAQWLKDGGPSSGRPPPS_amber/replica_800/replica_800_ca.pdb
660,2158524045,random,DAYAQWLKDGGPSSGRPPPS,amber,-211.34646308175604,6.134863781736061,20.104167080912895,10.232038117262931,11.253883418624879,6.910665322709527,910.08,aer,4096,outputs/reps_Brickwork_entanglement1/slurm_DAYAQWLKDGGPSSGRPPPS_amber/replica_660/replica_660.pdb,outputs/reps_Brickwork_entanglement1/slurm_DAYAQWLKDGGPSSGRPPPS_amber/replica_660/replica_660_ca.pdb
979,2158524364,random,DAYAQWLKDGGPSSGRPPPS,amber,-83.36125478874683,6.140013030161077,8.862347968793827,5.427526010089418,11.253883418624879,6.910665322709527,849.23,aer,4096,outputs/reps_Brickwork_entanglement1/slurm_DAYAQWLKDGGPSSGRPPPS_amber/replica_979/replica_979.pdb,outputs/reps_Brickwork_entanglement1/slurm_DAYAQWLKDGGPSSGRPPPS_amber/replica_979/replica_979_ca.pdb
709,2158524094,random,DAYAQWLKDGGPSSGRPPPS,amber,-107.74521137489357,6.143615769264545,18.337883370051717,9.028869271285553,11.253883418624879,6.910665322709527,878.41,aer,4096,outputs/reps_Brickwork_entanglement1/slurm_DAYAQWLKDGGPSSGRPPPS_amber/replica_709/replica_709.pdb,outputs/reps_Brickwork_entanglement1/slurm_DAYAQWLKDGGPSSGRPPPS_amber/replica_709/replica_709_ca.pdb
837,2158524222,random,DAYAQWLKDGGPSSGRPPPS,amber,-145.35358785113513,6.143731526943483,10.52585995582719,8.167014907718913,11.253883418624879,6.910665322709527,697.66,aer,4096,outputs/reps_Brickwork_entanglement1/slurm_DAYAQWLKDGGPSSGRPPPS_amber/replica_837/replica_837.pdb,outputs/reps_Brickwork_entanglement1/slurm_DAYAQWLKDGGPSSGRPPPS_amber/replica_837/replica_837_ca.pdb
642,2158524027,random,DAYAQWLKDGGPSSGRPPPS,amber,-97.53588618775115,6.145575663344078,11.456963416899429,8.884540770734933,11.253883418624879,6.910665322709527,814.26,aer,4096,outputs/reps_Brickwork_entanglement1/slurm_DAYAQWLKDGGPSSGRPPPS_amber/replica_642/replica_642.pdb,outputs/reps_Brickwork_entanglement1/slurm_DAYAQWLKDGGPSSGRPPPS_amber/replica_642/replica_642_ca.pdb
582,2158523967,random,DAYAQWLKDGGPSSGRPPPS,amber,-184.45469190896256,6.1524836475665285,18.432762534676073,7.949109254834609,11.253883418624879,6.910665322709527,796.88,aer,4096,outputs/reps_Brickwork_entanglement1/slurm_DAYAQWLKDGGPSSGRPPPS_amber/replica_582/replica_582.pdb,outputs/reps_Brickwork_entanglement1/slurm_DAYAQWLKDGGPSSGRPPPS_amber/replica_582/replica_582_ca.pdb
745,2158524130,random,DAYAQWLKDGGPSSGRPPPS,amber,145.83402930310885,6.153798545596453,14.128294600021865,8.248168390835865,11.253883418624879,6.910665322709527,2493.05,aer,4096,outputs/reps_Brickwork_entanglement1/slurm_DAYAQWLKDGGPSSGRPPPS_amber/replica_745/replica_745.pdb,outputs/reps_Brickwork_entanglement1/slurm_DAYAQWLKDGGPSSGRPPPS_amber/replica_745/replica_745_ca.pdb
758,2158524143,random,DAYAQWLKDGGPSSGRPPPS,amber,-69.64344088740374,6.16108757753921,19.19812259917254,9.733125979841343,11.253883418624879,6.910665322709527,1023.81,aer,4096,outputs/reps_Brickwork_entanglement1/slurm_DAYAQWLKDGGPSSGRPPPS_amber/replica_758/replica_758.pdb,outputs/reps_Brickwork_entanglement1/slurm_DAYAQWLKDGGPSSGRPPPS_amber/replica_758/replica_758_ca.pdb
882,2158524267,random,DAYAQWLKDGGPSSGRPPPS,amber,-197.222122748718,6.164649965168701,23.400178318089683,10.117836186513847,11.253883418624879,6.910665322709527,1386.17,aer,4096,outputs/reps_Brickwork_entanglement1/slurm_DAYAQWLKDGGPSSGRPPPS_amber/replica_882/replica_882.pdb,outputs/reps_Brickwork_entanglement1/slurm_DAYAQWLKDGGPSSGRPPPS_amber/replica_882/replica_882_ca.pdb
210,2158523595,random,DAYAQWLKDGGPSSGRPPPS,amber,-106.48438806461812,6.165265784423497,20.901387183099228,9.948719722154497,11.253883418624879,6.910665322709527,908.06,aer,4096,outputs/reps_Brickwork_entanglement1/slurm_DAYAQWLKDGGPSSGRPPPS_amber/replica_210/replica_210.pdb,outputs/reps_Brickwork_entanglement1/slurm_DAYAQWLKDGGPSSGRPPPS_amber/replica_210/replica_210_ca.pdb
407,2158523792,random,DAYAQWLKDGGPSSGRPPPS,amber,-221.13743444391645,6.1713312091288755,11.785185121518865,8.964406752730744,11.253883418624879,6.910665322709527,1390.37,aer,4096,outputs/reps_Brickwork_entanglement1/slurm_DAYAQWLKDGGPSSGRPPPS_amber/replica_407/replica_407.pdb,outputs/reps_Brickwork_entanglement1/slurm_DAYAQWLKDGGPSSGRPPPS_amber/replica_407/replica_407_ca.pdb
961,2158524346,random,DAYAQWLKDGGPSSGRPPPS,amber,-35.36268827848801,6.174498063706608,17.552850174902247,9.470807522690684,11.253883418624879,6.910665322709527,902.83,aer,4096,outputs/reps_Brickwork_entanglement1/slurm_DAYAQWLKDGGPSSGRPPPS_amber/replica_961/replica_961.pdb,outputs/reps_Brickwork_entanglement1/slurm_DAYAQWLKDGGPSSGRPPPS_amber/replica_961/replica_961_ca.pdb
96,2158523481,random,DAYAQWLKDGGPSSGRPPPS,amber,-64.6731207525953,6.174979932767576,18.433308479608705,8.81278971386507,11.253883418624879,6.910665322709527,1141.76,aer,4096,outputs/reps_Brickwork_entanglement1/slurm_DAYAQWLKDGGPSSGRPPPS_amber/replica_96/replica_96.pdb,outputs/reps_Brickwork_entanglement1/slurm_DAYAQWLKDGGPSSGRPPPS_amber/replica_96/replica_96_ca.pdb
533,2158523918,random,DAYAQWLKDGGPSSGRPPPS,amber,-32.157183456671724,6.178480482511671,9.75637330948874,6.031757266767755,11.253883418624879,6.910665322709527,975.12,aer,4096,outputs/reps_Brickwork_entanglement1/slurm_DAYAQWLKDGGPSSGRPPPS_amber/replica_533/replica_533.pdb,outputs/reps_Brickwork_entanglement1/slurm_DAYAQWLKDGGPSSGRPPPS_amber/replica_533/replica_533_ca.pdb
479,2158523864,random,DAYAQWLKDGGPSSGRPPPS,amber,-89.88762240723206,6.179652124045072,15.816524616329295,7.851603450898291,11.253883418624879,6.910665322709527,787.25,aer,4096,outputs/reps_Brickwork_entanglement1/slurm_DAYAQWLKDGGPSSGRPPPS_amber/replica_479/replica_479.pdb,outputs/reps_Brickwork_entanglement1/slurm_DAYAQWLKDGGPSSGRPPPS_amber/replica_479/replica_479_ca.pdb
792,2158524177,random,DAYAQWLKDGGPSSGRPPPS,amber,-6.584495185842002,6.183980616961297,19.25544506916325,9.437952086267282,11.253883418624879,6.910665322709527,613.45,aer,4096,outputs/reps_Brickwork_entanglement1/slurm_DAYAQWLKDGGPSSGRPPPS_amber/replica_792/replica_792.pdb,outputs/reps_Brickwork_entanglement1/slurm_DAYAQWLKDGGPSSGRPPPS_amber/replica_792/replica_792_ca.pdb
166,2158523551,random,DAYAQWLKDGGPSSGRPPPS,amber,-77.84225212823605,6.185842933370202,15.453349625970787,8.468790061544906,11.253883418624879,6.910665322709527,1031.14,aer,4096,outputs/reps_Brickwork_entanglement1/slurm_DAYAQWLKDGGPSSGRPPPS_amber/replica_166/replica_166.pdb,outputs/reps_Brickwork_entanglement1/slurm_DAYAQWLKDGGPSSGRPPPS_amber/replica_166/replica_166_ca.pdb
111,2158523496,random,DAYAQWLKDGGPSSGRPPPS,amber,-70.19854040907533,6.193388818624189,10.713060123334358,9.135606876620805,11.253883418624879,6.910665322709527,874.04,aer,4096,outputs/reps_Brickwork_entanglement1/slurm_DAYAQWLKDGGPSSGRPPPS_amber/replica_111/replica_111.pdb,outputs/reps_Brickwork_entanglement1/slurm_DAYAQWLKDGGPSSGRPPPS_amber/replica_111/replica_111_ca.pdb
299,2158523684,random,DAYAQWLKDGGPSSGRPPPS,amber,-170.76729597362214,6.194325893084735,9.280152997406416,7.468801854178334,11.253883418624879,6.910665322709527,835.27,aer,4096,outputs/reps_Brickwork_entanglement1/slurm_DAYAQWLKDGGPSSGRPPPS_amber/replica_299/replica_299.pdb,outputs/reps_Brickwork_entanglement1/slurm_DAYAQWLKDGGPSSGRPPPS_amber/replica_299/replica_299_ca.pdb
631,2158524016,random,DAYAQWLKDGGPSSGRPPPS,amber,-97.53996991389532,6.19814717441222,9.003777072858098,8.20735735409421,11.253883418624879,6.910665322709527,1561.16,aer,4096,outputs/reps_Brickwork_entanglement1/slurm_DAYAQWLKDGGPSSGRPPPS_amber/replica_631/replica_631.pdb,outputs/reps_Brickwork_entanglement1/slurm_DAYAQWLKDGGPSSGRPPPS_amber/replica_631/replica_631_ca.pdb
153,2158523538,random,DAYAQWLKDGGPSSGRPPPS,amber,-100.23718160320304,6.2017895544217385,15.586217591016466,10.128368652943166,11.253883418624879,6.910665322709527,1291.38,aer,4096,outputs/reps_Brickwork_entanglement1/slurm_DAYAQWLKDGGPSSGRPPPS_amber/replica_153/replica_153.pdb,outputs/reps_Brickwork_entanglement1/slurm_DAYAQWLKDGGPSSGRPPPS_amber/replica_153/replica_153_ca.pdb
337,2158523722,random,DAYAQWLKDGGPSSGRPPPS,amber,4.268685431104183,6.205956466378537,18.539150088835616,9.828240573163779,11.253883418624879,6.910665322709527,790.89,aer,4096,outputs/reps_Brickwork_entanglement1/slurm_DAYAQWLKDGGPSSGRPPPS_amber/replica_337/replica_337.pdb,outputs/reps_Brickwork_entanglement1/slurm_DAYAQWLKDGGPSSGRPPPS_amber/replica_337/replica_337_ca.pdb
367,2158523752,random,DAYAQWLKDGGPSSGRPPPS,amber,-46.601187901998884,6.206317945303845,13.937876749544326,9.19686737284513,11.253883418624879,6.910665322709527,1178.22,aer,4096,outputs/reps_Brickwork_entanglement1/slurm_DAYAQWLKDGGPSSGRPPPS_amber/replica_367/replica_367.pdb,outputs/reps_Brickwork_entanglement1/slurm_DAYAQWLKDGGPSSGRPPPS_amber/replica_367/replica_367_ca.pdb
218,2158523603,random,DAYAQWLKDGGPSSGRPPPS,amber,-60.894705433855755,6.219824285800202,16.445962639883522,8.71587655887522,11.253883418624879,6.910665322709527,1736.0,aer,4096,outputs/reps_Brickwork_entanglement1/slurm_DAYAQWLKDGGPSSGRPPPS_amber/replica_218/replica_218.pdb,outputs/reps_Brickwork_entanglement1/slurm_DAYAQWLKDGGPSSGRPPPS_amber/replica_218/replica_218_ca.pdb
835,2158524220,random,DAYAQWLKDGGPSSGRPPPS,amber,-224.7469835253185,6.222824714659133,11.435941822461213,9.116905494456669,11.253883418624879,6.910665322709527,1200.42,aer,4096,outputs/reps_Brickwork_entanglement1/slurm_DAYAQWLKDGGPSSGRPPPS_amber/replica_835/replica_835.pdb,outputs/reps_Brickwork_entanglement1/slurm_DAYAQWLKDGGPSSGRPPPS_amber/replica_835/replica_835_ca.pdb
844,2158524229,random,DAYAQWLKDGGPSSGRPPPS,amber,910.7865541180296,6.235360207680519,17.783984041990582,8.868169690659931,11.253883418624879,6.910665322709527,541.01,aer,4096,outputs/reps_Brickwork_entanglement1/slurm_DAYAQWLKDGGPSSGRPPPS_amber/replica_844/replica_844.pdb,outputs/reps_Brickwork_entanglement1/slurm_DAYAQWLKDGGPSSGRPPPS_amber/replica_844/replica_844_ca.pdb
982,2158524367,random,DAYAQWLKDGGPSSGRPPPS,amber,8.128522571335933,6.238464004104058,22.333275636955598,8.569566031093158,11.253883418624879,6.910665322709527,1796.44,aer,4096,outputs/reps_Brickwork_entanglement1/slurm_DAYAQWLKDGGPSSGRPPPS_amber/replica_982/replica_982.pdb,outputs/reps_Brickwork_entanglement1/slurm_DAYAQWLKDGGPSSGRPPPS_amber/replica_982/replica_982_ca.pdb
861,2158524246,random,DAYAQWLKDGGPSSGRPPPS,amber,30.48886644552498,6.241531615971616,12.417983605231667,8.251277633075743,11.253883418624879,6.910665322709527,1118.07,aer,4096,outputs/reps_Brickwork_entanglement1/slurm_DAYAQWLKDGGPSSGRPPPS_amber/replica_861/replica_861.pdb,outputs/reps_Brickwork_entanglement1/slurm_DAYAQWLKDGGPSSGRPPPS_amber/replica_861/replica_861_ca.pdb
375,2158523760,random,DAYAQWLKDGGPSSGRPPPS,amber,-64.88791772215232,6.242740233650283,14.700929975007941,7.528303507524834,11.253883418624879,6.910665322709527,1266.04,aer,4096,outputs/reps_Brickwork_entanglement1/slurm_DAYAQWLKDGGPSSGRPPPS_amber/replica_375/replica_375.pdb,outputs/reps_Brickwork_entanglement1/slurm_DAYAQWLKDGGPSSGRPPPS_amber/replica_375/replica_375_ca.pdb
373,2158523758,random,DAYAQWLKDGGPSSGRPPPS,amber,-98.64271465339026,6.243221675154989,21.368669319195348,8.949928054684163,11.253883418624879,6.910665322709527,1005.59,aer,4096,outputs/reps_Brickwork_entanglement1/slurm_DAYAQWLKDGGPSSGRPPPS_amber/replica_373/replica_373.pdb,outputs/reps_Brickwork_entanglement1/slurm_DAYAQWLKDGGPSSGRPPPS_amber/replica_373/replica_373_ca.pdb
19,2158523404,random,DAYAQWLKDGGPSSGRPPPS,amber,1041.495657603509,6.24573952409752,20.35834606451575,9.16398199046214,11.253883418624879,6.910665322709527,599.61,aer,4096,outputs/reps_Brickwork_entanglement1/slurm_DAYAQWLKDGGPSSGRPPPS_amber/replica_19/replica_19.pdb,outputs/reps_Brickwork_entanglement1/slurm_DAYAQWLKDGGPSSGRPPPS_amber/replica_19/replica_19_ca.pdb
623,2158524008,random,DAYAQWLKDGGPSSGRPPPS,amber,-249.81235476598263,6.249307277597573,16.938650434058363,9.619366848233765,11.253883418624879,6.910665322709527,811.59,aer,4096,outputs/reps_Brickwork_entanglement1/slurm_DAYAQWLKDGGPSSGRPPPS_amber/replica_623/replica_623.pdb,outputs/reps_Brickwork_entanglement1/slurm_DAYAQWLKDGGPSSGRPPPS_amber/replica_623/replica_623_ca.pdb
408,2158523793,random,DAYAQWLKDGGPSSGRPPPS,amber,-89.94108539824532,6.252922552706613,16.885503890751824,9.19014783006325,11.253883418624879,6.910665322709527,921.61,aer,4096,outputs/reps_Brickwork_entanglement1/slurm_DAYAQWLKDGGPSSGRPPPS_amber/replica_408/replica_408.pdb,outputs/reps_Brickwork_entanglement1/slurm_DAYAQWLKDGGPSSGRPPPS_amber/replica_408/replica_408_ca.pdb
325,2158523710,random,DAYAQWLKDGGPSSGRPPPS,amber,-157.09902396019302,6.257783925127079,18.017448408873715,7.986743807596236,11.253883418624879,6.910665322709527,1364.72,aer,4096,outputs/reps_Brickwork_entanglement1/slurm_DAYAQWLKDGGPSSGRPPPS_amber/replica_325/replica_325.pdb,outputs/reps_Brickwork_entanglement1/slurm_DAYAQWLKDGGPSSGRPPPS_amber/replica_325/replica_325_ca.pdb
482,2158523867,random,DAYAQWLKDGGPSSGRPPPS,amber,160.90790575087087,6.263805879818104,18.478113486297236,9.449429403547361,11.253883418624879,6.910665322709527,1772.97,aer,4096,outputs/reps_Brickwork_entanglement1/slurm_DAYAQWLKDGGPSSGRPPPS_amber/replica_482/replica_482.pdb,outputs/reps_Brickwork_entanglement1/slurm_DAYAQWLKDGGPSSGRPPPS_amber/replica_482/replica_482_ca.pdb
580,2158523965,random,DAYAQWLKDGGPSSGRPPPS,amber,-131.66747269262885,6.26502392873346,20.580712155691323,9.525248250280255,11.253883418624879,6.910665322709527,975.13,aer,4096,outputs/reps_Brickwork_entanglement1/slurm_DAYAQWLKDGGPSSGRPPPS_amber/replica_580/replica_580.pdb,outputs/reps_Brickwork_entanglement1/slurm_DAYAQWLKDGGPSSGRPPPS_amber/replica_580/replica_580_ca.pdb
349,2158523734,random,DAYAQWLKDGGPSSGRPPPS,amber,-24.068147270738017,6.265379375140487,19.502464589331577,9.037978635712546,11.253883418624879,6.910665322709527,794.86,aer,4096,outputs/reps_Brickwork_entanglement1/slurm_DAYAQWLKDGGPSSGRPPPS_amber/replica_349/replica_349.pdb,outputs/reps_Brickwork_entanglement1/slurm_DAYAQWLKDGGPSSGRPPPS_amber/replica_349/replica_349_ca.pdb
617,2158524002,random,DAYAQWLKDGGPSSGRPPPS,amber,623.2399993593016,6.2719865066003155,18.318557965025157,8.310260224198437,11.253883418624879,6.910665322709527,427.56,aer,4096,outputs/reps_Brickwork_entanglement1/slurm_DAYAQWLKDGGPSSGRPPPS_amber/replica_617/replica_617.pdb,outputs/reps_Brickwork_entanglement1/slurm_DAYAQWLKDGGPSSGRPPPS_amber/replica_617/replica_617_ca.pdb
888,2158524273,random,DAYAQWLKDGGPSSGRPPPS,amber,-98.11495717779826,6.274202444438431,18.96710101650441,9.905822047437947,11.253883418624879,6.910665322709527,771.8,aer,4096,outputs/reps_Brickwork_entanglement1/slurm_DAYAQWLKDGGPSSGRPPPS_amber/replica_888/replica_888.pdb,outputs/reps_Brickwork_entanglement1/slurm_DAYAQWLKDGGPSSGRPPPS_amber/replica_888/replica_888_ca.pdb
986,2158524371,random,DAYAQWLKDGGPSSGRPPPS,amber,193.36097890043504,6.279979782656781,15.467907513135298,8.547360532643879,11.253883418624879,6.910665322709527,2070.19,aer,4096,outputs/reps_Brickwork_entanglement1/slurm_DAYAQWLKDGGPSSGRPPPS_amber/replica_986/replica_986.pdb,outputs/reps_Brickwork_entanglement1/slurm_DAYAQWLKDGGPSSGRPPPS_amber/replica_986/replica_986_ca.pdb
876,2158524261,random,DAYAQWLKDGGPSSGRPPPS,amber,-18.723593859440427,6.282406981978557,15.631128986232664,10.057854621142575,11.253883418624879,6.910665322709527,1299.79,aer,4096,outputs/reps_Brickwork_entanglement1/slurm_DAYAQWLKDGGPSSGRPPPS_amber/replica_876/replica_876.pdb,outputs/reps_Brickwork_entanglement1/slurm_DAYAQWLKDGGPSSGRPPPS_amber/replica_876/replica_876_ca.pdb
542,2158523927,random,DAYAQWLKDGGPSSGRPPPS,amber,7.679385479042094,6.287390610220893,19.29930796351424,10.271228946731437,11.253883418624879,6.910665322709527,1511.14,aer,4096,outputs/reps_Brickwork_entanglement1/slurm_DAYAQWLKDGGPSSGRPPPS_amber/replica_542/replica_542.pdb,outputs/reps_Brickwork_entanglement1/slurm_DAYAQWLKDGGPSSGRPPPS_amber/replica_542/replica_542_ca.pdb
567,2158523952,random,DAYAQWLKDGGPSSGRPPPS,amber,-89.99846186517567,6.2942942210969886,11.56849419103144,10.287984150058815,11.253883418624879,6.910665322709527,1133.18,aer,4096,outputs/reps_Brickwork_entanglement1/slurm_DAYAQWLKDGGPSSGRPPPS_amber/replica_567/replica_567.pdb,outputs/reps_Brickwork_entanglement1/slurm_DAYAQWLKDGGPSSGRPPPS_amber/replica_567/replica_567_ca.pdb
827,2158524212,random,DAYAQWLKDGGPSSGRPPPS,amber,1690.8874222523882,6.297860853273766,20.12698499355776,9.285659862181724,11.253883418624879,6.910665322709527,541.06,aer,4096,outputs/reps_Brickwork_entanglement1/slurm_DAYAQWLKDGGPSSGRPPPS_amber/replica_827/replica_827.pdb,outputs/reps_Brickwork_entanglement1/slurm_DAYAQWLKDGGPSSGRPPPS_amber/replica_827/replica_827_ca.pdb
378,2158523763,random,DAYAQWLKDGGPSSGRPPPS,amber,-181.2024171828037,6.301616324037407,13.133376216231458,7.854062756852491,11.253883418624879,6.910665322709527,755.62,aer,4096,outputs/reps_Brickwork_entanglement1/slurm_DAYAQWLKDGGPSSGRPPPS_amber/replica_378/replica_378.pdb,outputs/reps_Brickwork_entanglement1/slurm_DAYAQWLKDGGPSSGRPPPS_amber/replica_378/replica_378_ca.pdb
541,2158523926,random,DAYAQWLKDGGPSSGRPPPS,amber,-188.21755654196582,6.301941737363795,18.036423216925957,10.810866632112742,11.253883418624879,6.910665322709527,792.28,aer,4096,outputs/reps_Brickwork_entanglement1/slurm_DAYAQWLKDGGPSSGRPPPS_amber/replica_541/replica_541.pdb,outputs/reps_Brickwork_entanglement1/slurm_DAYAQWLKDGGPSSGRPPPS_amber/replica_541/replica_541_ca.pdb
743,2158524128,random,DAYAQWLKDGGPSSGRPPPS,amber,853.1942813761477,6.304354212328215,16.42495737025641,9.206387220798185,11.253883418624879,6.910665322709527,527.88,aer,4096,outputs/reps_Brickwork_entanglement1/slurm_DAYAQWLKDGGPSSGRPPPS_amber/replica_743/replica_743.pdb,outputs/reps_Brickwork_entanglement1/slurm_DAYAQWLKDGGPSSGRPPPS_amber/replica_743/replica_743_ca.pdb
317,2158523702,random,DAYAQWLKDGGPSSGRPPPS,amber,118.94934328615533,6.308436869423687,13.71639064982385,9.169237898359187,11.253883418624879,6.910665322709527,1187.19,aer,4096,outputs/reps_Brickwork_entanglement1/slurm_DAYAQWLKDGGPSSGRPPPS_amber/replica_317/replica_317.pdb,outputs/reps_Brickwork_entanglement1/slurm_DAYAQWLKDGGPSSGRPPPS_amber/replica_317/replica_317_ca.pdb
956,2158524341,random,DAYAQWLKDGGPSSGRPPPS,amber,-56.28120713998964,6.308746300459233,22.110916373081327,9.486985804575319,11.253883418624879,6.910665322709527,955.36,aer,4096,outputs/reps_Brickwork_entanglement1/slurm_DAYAQWLKDGGPSSGRPPPS_amber/replica_956/replica_956.pdb,outputs/reps_Brickwork_entanglement1/slurm_DAYAQWLKDGGPSSGRPPPS_amber/replica_956/replica_956_ca.pdb
923,2158524308,random,DAYAQWLKDGGPSSGRPPPS,amber,-92.94965770254596,6.310007436730825,14.464071043025667,9.408416354390083,11.253883418624879,6.910665322709527,1122.82,aer,4096,outputs/reps_Brickwork_entanglement1/slurm_DAYAQWLKDGGPSSGRPPPS_amber/replica_923/replica_923.pdb,outputs/reps_Brickwork_entanglement1/slurm_DAYAQWLKDGGPSSGRPPPS_amber/replica_923/replica_923_ca.pdb
446,2158523831,random,DAYAQWLKDGGPSSGRPPPS,amber,8.841483501051995,6.310594742264735,24.114828671328283,9.910193753970033,11.253883418624879,6.910665322709527,961.58,aer,4096,outputs/reps_Brickwork_entanglement1/slurm_DAYAQWLKDGGPSSGRPPPS_amber/replica_446/replica_446.pdb,outputs/reps_Brickwork_entanglement1/slurm_DAYAQWLKDGGPSSGRPPPS_amber/replica_446/replica_446_ca.pdb
47,2158523432,random,DAYAQWLKDGGPSSGRPPPS,amber,-28.699461697000302,6.313582745764287,19.641156726529395,9.992100549954932,11.253883418624879,6.910665322709527,1105.14,aer,4096,outputs/reps_Brickwork_entanglement1/slurm_DAYAQWLKDGGPSSGRPPPS_amber/replica_47/replica_47.pdb,outputs/reps_Brickwork_entanglement1/slurm_DAYAQWLKDGGPSSGRPPPS_amber/replica_47/replica_47_ca.pdb
605,2158523990,random,DAYAQWLKDGGPSSGRPPPS,amber,-174.98048279658212,6.3146432405778565,13.903873945142097,9.219676137021562,11.253883418624879,6.910665322709527,820.09,aer,4096,outputs/reps_Brickwork_entanglement1/slurm_DAYAQWLKDGGPSSGRPPPS_amber/replica_605/replica_605.pdb,outputs/reps_Brickwork_entanglement1/slurm_DAYAQWLKDGGPSSGRPPPS_amber/replica_605/replica_605_ca.pdb
886,2158524271,random,DAYAQWLKDGGPSSGRPPPS,amber,-138.08318862396152,6.319654480530884,20.684383082970523,10.088024096625317,11.253883418624879,6.910665322709527,756.48,aer,4096,outputs/reps_Brickwork_entanglement1/slurm_DAYAQWLKDGGPSSGRPPPS_amber/replica_886/replica_886.pdb,outputs/reps_Brickwork_entanglement1/slurm_DAYAQWLKDGGPSSGRPPPS_amber/replica_886/replica_886_ca.pdb
448,2158523833,random,DAYAQWLKDGGPSSGRPPPS,amber,10.212930859313301,6.329917191508966,8.580760781303798,7.317331536140769,11.253883418624879,6.910665322709527,1342.07,aer,4096,outputs/reps_Brickwork_entanglement1/slurm_DAYAQWLKDGGPSSGRPPPS_amber/replica_448/replica_448.pdb,outputs/reps_Brickwork_entanglement1/slurm_DAYAQWLKDGGPSSGRPPPS_amber/replica_448/replica_448_ca.pdb
336,2158523721,random,DAYAQWLKDGGPSSGRPPPS,amber,-112.64974369000744,6.33130089319893,13.20769165951748,9.34791198477939,11.253883418624879,6.910665322709527,1276.35,aer,4096,outputs/reps_Brickwork_entanglement1/slurm_DAYAQWLKDGGPSSGRPPPS_amber/replica_336/replica_336.pdb,outputs/reps_Brickwork_entanglement1/slurm_DAYAQWLKDGGPSSGRPPPS_amber/replica_336/replica_336_ca.pdb
721,2158524106,random,DAYAQWLKDGGPSSGRPPPS,amber,-182.92738693515273,6.336090632581137,19.005566476748395,10.14302442105728,11.253883418624879,6.910665322709527,762.56,aer,4096,outputs/reps_Brickwork_entanglement1/slurm_DAYAQWLKDGGPSSGRPPPS_amber/replica_721/replica_721.pdb,outputs/reps_Brickwork_entanglement1/slurm_DAYAQWLKDGGPSSGRPPPS_amber/replica_721/replica_721_ca.pdb
522,2158523907,random,DAYAQWLKDGGPSSGRPPPS,amber,-140.26911439485707,6.342081951340543,17.185352414497704,10.044461871252345,11.253883418624879,6.910665322709527,689.32,aer,4096,outputs/reps_Brickwork_entanglement1/slurm_DAYAQWLKDGGPSSGRPPPS_amber/replica_522/replica_522.pdb,outputs/reps_Brickwork_entanglement1/slurm_DAYAQWLKDGGPSSGRPPPS_amber/replica_522/replica_522_ca.pdb
467,2158523852,random,DAYAQWLKDGGPSSGRPPPS,amber,-75.1360665034713,6.347632589886841,14.055449575928616,9.77258031864429,11.253883418624879,6.910665322709527,1032.15,aer,4096,outputs/reps_Brickwork_entanglement1/slurm_DAYAQWLKDGGPSSGRPPPS_amber/replica_467/replica_467.pdb,outputs/reps_Brickwork_entanglement1/slurm_DAYAQWLKDGGPSSGRPPPS_amber/replica_467/replica_467_ca.pdb
534,2158523919,random,DAYAQWLKDGGPSSGRPPPS,amber,-108.93006100847751,6.348549160142312,8.83121942402404,8.576813440468413,11.253883418624879,6.910665322709527,1101.03,aer,4096,outputs/reps_Brickwork_entanglement1/slurm_DAYAQWLKDGGPSSGRPPPS_amber/replica_534/replica_534.pdb,outputs/reps_Brickwork_entanglement1/slurm_DAYAQWLKDGGPSSGRPPPS_amber/replica_534/replica_534_ca.pdb
643,2158524028,random,DAYAQWLKDGGPSSGRPPPS,amber,-147.704668528308,6.3585756772051765,15.117676093922983,8.370514860760213,11.253883418624879,6.910665322709527,1864.41,aer,4096,outputs/reps_Brickwork_entanglement1/slurm_DAYAQWLKDGGPSSGRPPPS_amber/replica_643/replica_643.pdb,outputs/reps_Brickwork_entanglement1/slurm_DAYAQWLKDGGPSSGRPPPS_amber/replica_643/replica_643_ca.pdb
676,2158524061,random,DAYAQWLKDGGPSSGRPPPS,amber,-43.415885651026066,6.359377768539765,22.344589178954358,10.312185422858244,11.253883418624879,6.910665322709527,843.2,aer,4096,outputs/reps_Brickwork_entanglement1/slurm_DAYAQWLKDGGPSSGRPPPS_amber/replica_676/replica_676.pdb,outputs/reps_Brickwork_entanglement1/slurm_DAYAQWLKDGGPSSGRPPPS_amber/replica_676/replica_676_ca.pdb
55,2158523440,random,DAYAQWLKDGGPSSGRPPPS,amber,-128.79450573003945,6.361390016125914,19.035714018602228,8.909412629055224,11.253883418624879,6.910665322709527,667.28,aer,4096,outputs/reps_Brickwork_entanglement1/slurm_DAYAQWLKDGGPSSGRPPPS_amber/replica_55/replica_55.pdb,outputs/reps_Brickwork_entanglement1/slurm_DAYAQWLKDGGPSSGRPPPS_amber/replica_55/replica_55_ca.pdb
241,2158523626,random,DAYAQWLKDGGPSSGRPPPS,amber,-104.5497123257887,6.3721036572511816,16.68675235330945,9.42888839357378,11.253883418624879,6.910665322709527,875.3,aer,4096,outputs/reps_Brickwork_entanglement1/slurm_DAYAQWLKDGGPSSGRPPPS_amber/replica_241/replica_241.pdb,outputs/reps_Brickwork_entanglement1/slurm_DAYAQWLKDGGPSSGRPPPS_amber/replica_241/replica_241_ca.pdb
21,2158523406,random,DAYAQWLKDGGPSSGRPPPS,amber,-102.18098936149455,6.374355289743356,15.03166687054862,9.219699294013598,11.253883418624879,6.910665322709527,1067.39,aer,4096,outputs/reps_Brickwork_entanglement1/slurm_DAYAQWLKDGGPSSGRPPPS_amber/replica_21/replica_21.pdb,outputs/reps_Brickwork_entanglement1/slurm_DAYAQWLKDGGPSSGRPPPS_amber/replica_21/replica_21_ca.pdb
192,2158523577,random,DAYAQWLKDGGPSSGRPPPS,amber,691.1576633349105,6.37832428540907,15.581076227204434,8.736456702258474,11.253883418624879,6.910665322709527,504.9,aer,4096,outputs/reps_Brickwork_entanglement1/slurm_DAYAQWLKDGGPSSGRPPPS_amber/replica_192/replica_192.pdb,outputs/reps_Brickwork_entanglement1/slurm_DAYAQWLKDGGPSSGRPPPS_amber/replica_192/replica_192_ca.pdb
503,2158523888,random,DAYAQWLKDGGPSSGRPPPS,amber,-36.93525241089505,6.380515926045704,12.383993769091616,7.587904191587846,11.253883418624879,6.910665322709527,937.56,aer,4096,outputs/reps_Brickwork_entanglement1/slurm_DAYAQWLKDGGPSSGRPPPS_amber/replica_503/replica_503.pdb,outputs/reps_Brickwork_entanglement1/slurm_DAYAQWLKDGGPSSGRPPPS_amber/replica_503/replica_503_ca.pdb
7,2158523392,random,DAYAQWLKDGGPSSGRPPPS,amber,-63.15683442705972,6.3936894519227465,20.440767480247736,9.975906511370535,11.253883418624879,6.910665322709527,921.97,aer,4096,outputs/reps_Brickwork_entanglement1/slurm_DAYAQWLKDGGPSSGRPPPS_amber/replica_7/replica_7.pdb,outputs/reps_Brickwork_entanglement1/slurm_DAYAQWLKDGGPSSGRPPPS_amber/replica_7/replica_7_ca.pdb
157,2158523542,random,DAYAQWLKDGGPSSGRPPPS,amber,-125.76845080786696,6.394020569794142,16.035937613641288,8.86862322155006,11.253883418624879,6.910665322709527,878.98,aer,4096,outputs/reps_Brickwork_entanglement1/slurm_DAYAQWLKDGGPSSGRPPPS_amber/replica_157/replica_157.pdb,outputs/reps_Brickwork_entanglement1/slurm_DAYAQWLKDGGPSSGRPPPS_amber/replica_157/replica_157_ca.pdb
129,2158523514,random,DAYAQWLKDGGPSSGRPPPS,amber,-58.20045862243302,6.397289519680773,22.721057980854464,10.130256456326688,11.253883418624879,6.910665322709527,924.87,aer,4096,outputs/reps_Brickwork_entanglement1/slurm_DAYAQWLKDGGPSSGRPPPS_amber/replica_129/replica_129.pdb,outputs/reps_Brickwork_entanglement1/slurm_DAYAQWLKDGGPSSGRPPPS_amber/replica_129/replica_129_ca.pdb
271,2158523656,random,DAYAQWLKDGGPSSGRPPPS,amber,-136.18147572094796,6.397735638698129,14.05286129369615,8.293648738266393,11.253883418624879,6.910665322709527,1706.69,aer,4096,outputs/reps_Brickwork_entanglement1/slurm_DAYAQWLKDGGPSSGRPPPS_amber/replica_271/replica_271.pdb,outputs/reps_Brickwork_entanglement1/slurm_DAYAQWLKDGGPSSGRPPPS_amber/replica_271/replica_271_ca.pdb
766,2158524151,random,DAYAQWLKDGGPSSGRPPPS,amber,-101.55961764688828,6.398945615202094,9.690488739733187,7.801103622680701,11.253883418624879,6.910665322709527,796.47,aer,4096,outputs/reps_Brickwork_entanglement1/slurm_DAYAQWLKDGGPSSGRPPPS_amber/replica_766/replica_766.pdb,outputs/reps_Brickwork_entanglement1/slurm_DAYAQWLKDGGPSSGRPPPS_amber/replica_766/replica_766_ca.pdb
973,2158524358,random,DAYAQWLKDGGPSSGRPPPS,amber,-198.35499856950977,6.401838050743714,24.033399068445295,9.98481076868931,11.253883418624879,6.910665322709527,643.79,aer,4096,outputs/reps_Brickwork_entanglement1/slurm_DAYAQWLKDGGPSSGRPPPS_amber/replica_973/replica_973.pdb,outputs/reps_Brickwork_entanglement1/slurm_DAYAQWLKDGGPSSGRPPPS_amber/replica_973/replica_973_ca.pdb
701,2158524086,random,DAYAQWLKDGGPSSGRPPPS,amber,488.47251995129096,6.407726729641286,21.08274084328419,9.874956599233116,11.253883418624879,6.910665322709527,593.37,aer,4096,outputs/reps_Brickwork_entanglement1/slurm_DAYAQWLKDGGPSSGRPPPS_amber/replica_701/replica_701.pdb,outputs/reps_Brickwork_entanglement1/slurm_DAYAQWLKDGGPSSGRPPPS_amber/replica_701/replica_701_ca.pdb
306,2158523691,random,DAYAQWLKDGGPSSGRPPPS,amber,-52.21339195781444,6.409098810405627,21.32759732715424,10.322902083586209,11.253883418624879,6.910665322709527,763.03,aer,4096,outputs/reps_Brickwork_entanglement1/slurm_DAYAQWLKDGGPSSGRPPPS_amber/replica_306/replica_306.pdb,outputs/reps_Brickwork_entanglement1/slurm_DAYAQWLKDGGPSSGRPPPS_amber/replica_306/replica_306_ca.pdb
190,2158523575,random,DAYAQWLKDGGPSSGRPPPS,amber,-38.13262268838138,6.411775261689974,22.91555508714055,10.556622697895815,11.253883418624879,6.910665322709527,1134.28,aer,4096,outputs/reps_Brickwork_entanglement1/slurm_DAYAQWLKDGGPSSGRPPPS_amber/replica_190/replica_190.pdb,outputs/reps_Brickwork_entanglement1/slurm_DAYAQWLKDGGPSSGRPPPS_amber/replica_190/replica_190_ca.pdb
67,2158523452,random,DAYAQWLKDGGPSSGRPPPS,amber,97.14653902449922,6.417296573335432,15.463292963985893,9.42899212552575,11.253883418624879,6.910665322709527,1480.07,aer,4096,outputs/reps_Brickwork_entanglement1/slurm_DAYAQWLKDGGPSSGRPPPS_amber/replica_67/replica_67.pdb,outputs/reps_Brickwork_entanglement1/slurm_DAYAQWLKDGGPSSGRPPPS_amber/replica_67/replica_67_ca.pdb
735,2158524120,random,DAYAQWLKDGGPSSGRPPPS,amber,-54.03044836639485,6.4174948978258834,21.779835627273737,8.905551922266088,11.253883418624879,6.910665322709527,1270.65,aer,4096,outputs/reps_Brickwork_entanglement1/slurm_DAYAQWLKDGGPSSGRPPPS_amber/replica_735/replica_735.pdb,outputs/reps_Brickwork_entanglement1/slurm_DAYAQWLKDGGPSSGRPPPS_amber/replica_735/replica_735_ca.pdb
453,2158523838,random,DAYAQWLKDGGPSSGRPPPS,amber,-203.5597520177232,6.418119538352387,18.584010186792796,10.511105603120964,11.253883418624879,6.910665322709527,1828.57,aer,4096,outputs/reps_Brickwork_entanglement1/slurm_DAYAQWLKDGGPSSGRPPPS_amber/replica_453/replica_453.pdb,outputs/reps_Brickwork_entanglement1/slurm_DAYAQWLKDGGPSSGRPPPS_amber/replica_453/replica_453_ca.pdb
868,2158524253,random,DAYAQWLKDGGPSSGRPPPS,amber,-26.262813692557778,6.419463781079938,20.740002046465776,9.850097875480385,11.253883418624879,6.910665322709527,1261.95,aer,4096,outputs/reps_Brickwork_entanglement1/slurm_DAYAQWLKDGGPSSGRPPPS_amber/replica_868/replica_868.pdb,outputs/reps_Brickwork_entanglement1/slurm_DAYAQWLKDGGPSSGRPPPS_amber/replica_868/replica_868_ca.pdb
183,2158523568,random,DAYAQWLKDGGPSSGRPPPS,amber,-138.50625609606695,6.427553727582624,21.48120940793301,10.232283350232567,11.253883418624879,6.910665322709527,830.11,aer,4096,outputs/reps_Brickwork_entanglement1/slurm_DAYAQWLKDGGPSSGRPPPS_amber/replica_183/replica_183.pdb,outputs/reps_Brickwork_entanglement1/slurm_DAYAQWLKDGGPSSGRPPPS_amber/replica_183/replica_183_ca.pdb
69,2158523454,random,DAYAQWLKDGGPSSGRPPPS,amber,46.89962500427672,6.43303579252834,14.313061502130763,8.751593521584113,11.253883418624879,6.910665322709527,957.68,aer,4096,outputs/reps_Brickwork_entanglement1/slurm_DAYAQWLKDGGPSSGRPPPS_amber/replica_69/replica_69.pdb,outputs/reps_Brickwork_entanglement1/slurm_DAYAQWLKDGGPSSGRPPPS_amber/replica_69/replica_69_ca.pdb
573,2158523958,random,DAYAQWLKDGGPSSGRPPPS,amber,113.54826682571358,6.435198603333414,16.465486401719726,8.189914860844286,11.253883418624879,6.910665322709527,1199.84,aer,4096,outputs/reps_Brickwork_entanglement1/slurm_DAYAQWLKDGGPSSGRPPPS_amber/replica_573/replica_573.pdb,outputs/reps_Brickwork_entanglement1/slurm_DAYAQWLKDGGPSSGRPPPS_amber/replica_573/replica_573_ca.pdb
89,2158523474,random,DAYAQWLKDGGPSSGRPPPS,amber,850.3239050764566,6.4386096343179755,13.256520120468307,8.0425465370675,11.253883418624879,6.910665322709527,651.37,aer,4096,outputs/reps_Brickwork_entanglement1/slurm_DAYAQWLKDGGPSSGRPPPS_amber/replica_89/replica_89.pdb,outputs/reps_Brickwork_entanglement1/slurm_DAYAQWLKDGGPSSGRPPPS_amber/replica_89/replica_89_ca.pdb
954,2158524339,random,DAYAQWLKDGGPSSGRPPPS,amber,913.1812013842668,6.4408046571089566,9.175852360265173,8.228732908076175,11.253883418624879,6.910665322709527,985.12,aer,4096,outputs/reps_Brickwork_entanglement1/slurm_DAYAQWLKDGGPSSGRPPPS_amber/replica_954/replica_954.pdb,outputs/reps_Brickwork_entanglement1/slurm_DAYAQWLKDGGPSSGRPPPS_amber/replica_954/replica_954_ca.pdb
813,2158524198,random,DAYAQWLKDGGPSSGRPPPS,amber,-32.28237298322004,6.440987128918407,20.17910152089216,8.642333717098705,11.253883418624879,6.910665322709527,697.94,aer,4096,outputs/reps_Brickwork_entanglement1/slurm_DAYAQWLKDGGPSSGRPPPS_amber/replica_813/replica_813.pdb,outputs/reps_Brickwork_entanglement1/slurm_DAYAQWLKDGGPSSGRPPPS_amber/replica_813/replica_813_ca.pdb
395,2158523780,random,DAYAQWLKDGGPSSGRPPPS,amber,-56.03216760779222,6.449438459591241,15.077928094052035,7.711480826312996,11.253883418624879,6.910665322709527,647.08,aer,4096,outputs/reps_Brickwork_entanglement1/slurm_DAYAQWLKDGGPSSGRPPPS_amber/replica_395/replica_395.pdb,outputs/reps_Brickwork_entanglement1/slurm_DAYAQWLKDGGPSSGRPPPS_amber/replica_395/replica_395_ca.pdb
437,2158523822,random,DAYAQWLKDGGPSSGRPPPS,amber,39.34485532337728,6.458707384830389,18.88914298013466,9.520674102523516,11.253883418624879,6.910665322709527,1186.02,aer,4096,outputs/reps_Brickwork_entanglement1/slurm_DAYAQWLKDGGPSSGRPPPS_amber/replica_437/replica_437.pdb,outputs/reps_Brickwork_entanglement1/slurm_DAYAQWLKDGGPSSGRPPPS_amber/replica_437/replica_437_ca.pdb
252,2158523637,random,DAYAQWLKDGGPSSGRPPPS,amber,-125.78115747708986,6.468504673874469,19.21066218992947,9.374308345379466,11.253883418624879,6.910665322709527,749.88,aer,4096,outputs/reps_Brickwork_entanglement1/slurm_DAYAQWLKDGGPSSGRPPPS_amber/replica_252/replica_252.pdb,outputs/reps_Brickwork_entanglement1/slurm_DAYAQWLKDGGPSSGRPPPS_amber/replica_252/replica_252_ca.pdb
32,2158523417,random,DAYAQWLKDGGPSSGRPPPS,amber,-68.73168013055984,6.470130531280526,19.338780990947086,9.138854457105829,11.253883418624879,6.910665322709527,1364.65,aer,4096,outputs/reps_Brickwork_entanglement1/slurm_DAYAQWLKDGGPSSGRPPPS_amber/replica_32/replica_32.pdb,outputs/reps_Brickwork_entanglement1/slurm_DAYAQWLKDGGPSSGRPPPS_amber/replica_32/replica_32_ca.pdb
883,2158524268,random,DAYAQWLKDGGPSSGRPPPS,amber,-9.181072858548415,6.47398413985623,21.339377993534875,9.401134398087716,11.253883418624879,6.910665322709527,1529.92,aer,4096,outputs/reps_Brickwork_entanglement1/slurm_DAYAQWLKDGGPSSGRPPPS_amber/replica_883/replica_883.pdb,outputs/reps_Brickwork_entanglement1/slurm_DAYAQWLKDGGPSSGRPPPS_amber/replica_883/replica_883_ca.pdb
633,2158524018,random,DAYAQWLKDGGPSSGRPPPS,amber,-115.70663941313578,6.47642522410248,16.41588448087323,9.679526402863939,11.253883418624879,6.910665322709527,1026.71,aer,4096,outputs/reps_Brickwork_entanglement1/slurm_DAYAQWLKDGGPSSGRPPPS_amber/replica_633/replica_633.pdb,outputs/reps_Brickwork_entanglement1/slurm_DAYAQWLKDGGPSSGRPPPS_amber/replica_633/replica_633_ca.pdb
201,2158523586,random,DAYAQWLKDGGPSSGRPPPS,amber,102.99342046282266,6.488738966420982,12.339932606917804,8.135487205355588,11.253883418624879,6.910665322709527,571.44,aer,4096,outputs/reps_Brickwork_entanglement1/slurm_DAYAQWLKDGGPSSGRPPPS_amber/replica_201/replica_201.pdb,outputs/reps_Brickwork_entanglement1/slurm_DAYAQWLKDGGPSSGRPPPS_amber/replica_201/replica_201_ca.pdb
469,2158523854,random,DAYAQWLKDGGPSSGRPPPS,amber,129.1262305322168,6.497514083098064,14.327711831498954,8.498957414364593,11.253883418624879,6.910665322709527,1363.2,aer,4096,outputs/reps_Brickwork_entanglement1/slurm_DAYAQWLKDGGPSSGRPPPS_amber/replica_469/replica_469.pdb,outputs/reps_Brickwork_entanglement1/slurm_DAYAQWLKDGGPSSGRPPPS_amber/replica_469/replica_469_ca.pdb
430,2158523815,random,DAYAQWLKDGGPSSGRPPPS,amber,-93.04999147478398,6.501897035945084,18.874810266117066,9.62638509988286,11.253883418624879,6.910665322709527,701.5,aer,4096,outputs/reps_Brickwork_entanglement1/slurm_DAYAQWLKDGGPSSGRPPPS_amber/replica_430/replica_430.pdb,outputs/reps_Brickwork_entanglement1/slurm_DAYAQWLKDGGPSSGRPPPS_amber/replica_430/replica_430_ca.pdb
318,2158523703,random,DAYAQWLKDGGPSSGRPPPS,amber,465.7082983860196,6.503858632175036,17.189595273474602,9.20034683222407,11.253883418624879,6.910665322709527,620.97,aer,4096,outputs/reps_Brickwork_entanglement1/slurm_DAYAQWLKDGGPSSGRPPPS_amber/replica_318/replica_318.pdb,outputs/reps_Brickwork_entanglement1/slurm_DAYAQWLKDGGPSSGRPPPS_amber/replica_318/replica_318_ca.pdb
487,2158523872,random,DAYAQWLKDGGPSSGRPPPS,amber,26.809145111480497,6.504835856323575,17.33027753335598,10.337670389970912,11.253883418624879,6.910665322709527,674.55,aer,4096,outputs/reps_Brickwork_entanglement1/slurm_DAYAQWLKDGGPSSGRPPPS_amber/replica_487/replica_487.pdb,outputs/reps_Brickwork_entanglement1/slurm_DAYAQWLKDGGPSSGRPPPS_amber/replica_487/replica_487_ca.pdb
937,2158524322,random,DAYAQWLKDGGPSSGRPPPS,amber,-64.51797601615597,6.516126111979312,19.11633125012406,10.04137107015347,11.253883418624879,6.910665322709527,1006.19,aer,4096,outputs/reps_Brickwork_entanglement1/slurm_DAYAQWLKDGGPSSGRPPPS_amber/replica_937/replica_937.pdb,outputs/reps_Brickwork_entanglement1/slurm_DAYAQWLKDGGPSSGRPPPS_amber/replica_937/replica_937_ca.pdb
92,2158523477,random,DAYAQWLKDGGPSSGRPPPS,amber,925.1643777422153,6.517262201625296,18.602499345480254,10.340053696653161,11.253883418624879,6.910665322709527,573.36,aer,4096,outputs/reps_Brickwork_entanglement1/slurm_DAYAQWLKDGGPSSGRPPPS_amber/replica_92/replica_92.pdb,outputs/reps_Brickwork_entanglement1/slurm_DAYAQWLKDGGPSSGRPPPS_amber/replica_92/replica_92_ca.pdb
320,2158523705,random,DAYAQWLKDGGPSSGRPPPS,amber,-133.64583139125259,6.518464555981211,17.15643295206754,8.942597716847546,11.253883418624879,6.910665322709527,691.1,aer,4096,outputs/reps_Brickwork_entanglement1/slurm_DAYAQWLKDGGPSSGRPPPS_amber/replica_320/replica_320.pdb,outputs/reps_Brickwork_entanglement1/slurm_DAYAQWLKDGGPSSGRPPPS_amber/replica_320/replica_320_ca.pdb
359,2158523744,random,DAYAQWLKDGGPSSGRPPPS,amber,-94.77230896006522,6.523470523615281,16.804190497787157,9.337672401628746,11.253883418624879,6.910665322709527,714.33,aer,4096,outputs/reps_Brickwork_entanglement1/slurm_DAYAQWLKDGGPSSGRPPPS_amber/replica_359/replica_359.pdb,outputs/reps_Brickwork_entanglement1/slurm_DAYAQWLKDGGPSSGRPPPS_amber/replica_359/replica_359_ca.pdb
552,2158523937,random,DAYAQWLKDGGPSSGRPPPS,amber,72.45943871233781,6.5246986722412394,9.421942454231633,9.409192951708807,11.253883418624879,6.910665322709527,1400.99,aer,4096,outputs/reps_Brickwork_entanglement1/slurm_DAYAQWLKDGGPSSGRPPPS_amber/replica_552/replica_552.pdb,outputs/reps_Brickwork_entanglement1/slurm_DAYAQWLKDGGPSSGRPPPS_amber/replica_552/replica_552_ca.pdb
999,2158524384,random,DAYAQWLKDGGPSSGRPPPS,amber,-136.9470634379697,6.533139228857335,21.473880416190244,7.952019349842991,11.253883418624879,6.910665322709527,1110.45,aer,4096,outputs/reps_Brickwork_entanglement1/slurm_DAYAQWLKDGGPSSGRPPPS_amber/replica_999/replica_999.pdb,outputs/reps_Brickwork_entanglement1/slurm_DAYAQWLKDGGPSSGRPPPS_amber/replica_999/replica_999_ca.pdb
674,2158524059,random,DAYAQWLKDGGPSSGRPPPS,amber,1155.309995151216,6.533988433658946,20.36108625970768,10.176625178329676,11.253883418624879,6.910665322709527,295.31,aer,4096,outputs/reps_Brickwork_entanglement1/slurm_DAYAQWLKDGGPSSGRPPPS_amber/replica_674/replica_674.pdb,outputs/reps_Brickwork_entanglement1/slurm_DAYAQWLKDGGPSSGRPPPS_amber/replica_674/replica_674_ca.pdb
372,2158523757,random,DAYAQWLKDGGPSSGRPPPS,amber,-142.92301630210778,6.54025957428303,21.540626791422905,10.260346748563391,11.253883418624879,6.910665322709527,1394.38,aer,4096,outputs/reps_Brickwork_entanglement1/slurm_DAYAQWLKDGGPSSGRPPPS_amber/replica_372/replica_372.pdb,outputs/reps_Brickwork_entanglement1/slurm_DAYAQWLKDGGPSSGRPPPS_amber/replica_372/replica_372_ca.pdb
81,2158523466,random,DAYAQWLKDGGPSSGRPPPS,amber,-168.60646589666638,6.541415144261976,18.59240625598043,9.625220316867514,11.253883418624879,6.910665322709527,999.8,aer,4096,outputs/reps_Brickwork_entanglement1/slurm_DAYAQWLKDGGPSSGRPPPS_amber/replica_81/replica_81.pdb,outputs/reps_Brickwork_entanglement1/slurm_DAYAQWLKDGGPSSGRPPPS_amber/replica_81/replica_81_ca.pdb
702,2158524087,random,DAYAQWLKDGGPSSGRPPPS,amber,-123.38300663813075,6.548681160708813,24.216389863985167,10.4395020199649,11.253883418624879,6.910665322709527,751.04,aer,4096,outputs/reps_Brickwork_entanglement1/slurm_DAYAQWLKDGGPSSGRPPPS_amber/replica_702/replica_702.pdb,outputs/reps_Brickwork_entanglement1/slurm_DAYAQWLKDGGPSSGRPPPS_amber/replica_702/replica_702_ca.pdb
525,2158523910,random,DAYAQWLKDGGPSSGRPPPS,amber,-117.94572623739204,6.549239318175,20.15835514144612,9.95344311624313,11.253883418624879,6.910665322709527,886.8,aer,4096,outputs/reps_Brickwork_entanglement1/slurm_DAYAQWLKDGGPSSGRPPPS_amber/replica_525/replica_525.pdb,outputs/reps_Brickwork_entanglement1/slurm_DAYAQWLKDGGPSSGRPPPS_amber/replica_525/replica_525_ca.pdb
836,2158524221,random,DAYAQWLKDGGPSSGRPPPS,amber,206.92829741143888,6.552090888389233,17.634585643452134,10.029234944673997,11.253883418624879,6.910665322709527,1798.35,aer,4096,outputs/reps_Brickwork_entanglement1/slurm_DAYAQWLKDGGPSSGRPPPS_amber/replica_836/replica_836.pdb,outputs/reps_Brickwork_entanglement1/slurm_DAYAQWLKDGGPSSGRPPPS_amber/replica_836/replica_836_ca.pdb
283,2158523668,random,DAYAQWLKDGGPSSGRPPPS,amber,-43.329995298415874,6.5583024065442705,18.77262649592456,9.560032168786792,11.253883418624879,6.910665322709527,1380.05,aer,4096,outputs/reps_Brickwork_entanglement1/slurm_DAYAQWLKDGGPSSGRPPPS_amber/replica_283/replica_283.pdb,outputs/reps_Brickwork_entanglement1/slurm_DAYAQWLKDGGPSSGRPPPS_amber/replica_283/replica_283_ca.pdb
558,2158523943,random,DAYAQWLKDGGPSSGRPPPS,amber,-40.694717429684715,6.560078279681027,7.376531348430755,8.7631863741888,11.253883418624879,6.910665322709527,1504.97,aer,4096,outputs/reps_Brickwork_entanglement1/slurm_DAYAQWLKDGGPSSGRPPPS_amber/replica_558/replica_558.pdb,outputs/reps_Brickwork_entanglement1/slurm_DAYAQWLKDGGPSSGRPPPS_amber/replica_558/replica_558_ca.pdb
649,2158524034,random,DAYAQWLKDGGPSSGRPPPS,amber,1454.8179971995266,6.571072233806621,17.10893357941479,9.909667023919853,11.253883418624879,6.910665322709527,572.16,aer,4096,outputs/reps_Brickwork_entanglement1/slurm_DAYAQWLKDGGPSSGRPPPS_amber/replica_649/replica_649.pdb,outputs/reps_Brickwork_entanglement1/slurm_DAYAQWLKDGGPSSGRPPPS_amber/replica_649/replica_649_ca.pdb
865,2158524250,random,DAYAQWLKDGGPSSGRPPPS,amber,22.366647148548182,6.574444648823937,14.562350896694522,9.555677054475193,11.253883418624879,6.910665322709527,1065.18,aer,4096,outputs/reps_Brickwork_entanglement1/slurm_DAYAQWLKDGGPSSGRPPPS_amber/replica_865/replica_865.pdb,outputs/reps_Brickwork_entanglement1/slurm_DAYAQWLKDGGPSSGRPPPS_amber/replica_865/replica_865_ca.pdb
356,2158523741,random,DAYAQWLKDGGPSSGRPPPS,amber,-220.6942282471799,6.578569533428671,23.96490628039297,11.140186889928108,11.253883418624879,6.910665322709527,1533.06,aer,4096,outputs/reps_Brickwork_entanglement1/slurm_DAYAQWLKDGGPSSGRPPPS_amber/replica_356/replica_356.pdb,outputs/reps_Brickwork_entanglement1/slurm_DAYAQWLKDGGPSSGRPPPS_amber/replica_356/replica_356_ca.pdb
471,2158523856,random,DAYAQWLKDGGPSSGRPPPS,amber,185.48874445737658,6.580514257947176,12.809886047264055,8.858896188809839,11.253883418624879,6.910665322709527,1252.35,aer,4096,outputs/reps_Brickwork_entanglement1/slurm_DAYAQWLKDGGPSSGRPPPS_amber/replica_471/replica_471.pdb,outputs/reps_Brickwork_entanglement1/slurm_DAYAQWLKDGGPSSGRPPPS_amber/replica_471/replica_471_ca.pdb
658,2158524043,random,DAYAQWLKDGGPSSGRPPPS,amber,464.09262811235635,6.586732641878054,16.645625644257745,9.658996860617075,11.253883418624879,6.910665322709527,415.45,aer,4096,outputs/reps_Brickwork_entanglement1/slurm_DAYAQWLKDGGPSSGRPPPS_amber/replica_658/replica_658.pdb,outputs/reps_Brickwork_entanglement1/slurm_DAYAQWLKDGGPSSGRPPPS_amber/replica_658/replica_658_ca.pdb
925,2158524310,random,DAYAQWLKDGGPSSGRPPPS,amber,62.985763182352414,6.589604488382116,19.14484998103214,9.433347062932661,11.253883418624879,6.910665322709527,1005.66,aer,4096,outputs/reps_Brickwork_entanglement1/slurm_DAYAQWLKDGGPSSGRPPPS_amber/replica_925/replica_925.pdb,outputs/reps_Brickwork_entanglement1/slurm_DAYAQWLKDGGPSSGRPPPS_amber/replica_925/replica_925_ca.pdb
148,2158523533,random,DAYAQWLKDGGPSSGRPPPS,amber,139.42115475321106,6.595235535524449,13.39185823751294,9.093716468015735,11.253883418624879,6.910665322709527,1276.3,aer,4096,outputs/reps_Brickwork_entanglement1/slurm_DAYAQWLKDGGPSSGRPPPS_amber/replica_148/replica_148.pdb,outputs/reps_Brickwork_entanglement1/slurm_DAYAQWLKDGGPSSGRPPPS_amber/replica_148/replica_148_ca.pdb
705,2158524090,random,DAYAQWLKDGGPSSGRPPPS,amber,-89.8891901567572,6.604186401760951,21.147147140804528,9.91616262079601,11.253883418624879,6.910665322709527,1068.18,aer,4096,outputs/reps_Brickwork_entanglement1/slurm_DAYAQWLKDGGPSSGRPPPS_amber/replica_705/replica_705.pdb,outputs/reps_Brickwork_entanglement1/slurm_DAYAQWLKDGGPSSGRPPPS_amber/replica_705/replica_705_ca.pdb
220,2158523605,random,DAYAQWLKDGGPSSGRPPPS,amber,635.2103465780822,6.6057582141594,16.193738202898846,9.696695256172287,11.253883418624879,6.910665322709527,442.58,aer,4096,outputs/reps_Brickwork_entanglement1/slurm_DAYAQWLKDGGPSSGRPPPS_amber/replica_220/replica_220.pdb,outputs/reps_Brickwork_entanglement1/slurm_DAYAQWLKDGGPSSGRPPPS_amber/replica_220/replica_220_ca.pdb
249,2158523634,random,DAYAQWLKDGGPSSGRPPPS,amber,108.87533615325249,6.608164265469642,8.906709348929928,9.132256281181505,11.253883418624879,6.910665322709527,2424.53,aer,4096,outputs/reps_Brickwork_entanglement1/slurm_DAYAQWLKDGGPSSGRPPPS_amber/replica_249/replica_249.pdb,outputs/reps_Brickwork_entanglement1/slurm_DAYAQWLKDGGPSSGRPPPS_amber/replica_249/replica_249_ca.pdb
103,2158523488,random,DAYAQWLKDGGPSSGRPPPS,amber,-162.65514842427189,6.619563015807766,12.656442869709283,9.193448983846265,11.253883418624879,6.910665322709527,973.31,aer,4096,outputs/reps_Brickwork_entanglement1/slurm_DAYAQWLKDGGPSSGRPPPS_amber/replica_103/replica_103.pdb,outputs/reps_Brickwork_entanglement1/slurm_DAYAQWLKDGGPSSGRPPPS_amber/replica_103/replica_103_ca.pdb
156,2158523541,random,DAYAQWLKDGGPSSGRPPPS,amber,-48.260006156745014,6.6203154949578655,23.000436193066488,10.03474471935442,11.253883418624879,6.910665322709527,888.33,aer,4096,outputs/reps_Brickwork_entanglement1/slurm_DAYAQWLKDGGPSSGRPPPS_amber/replica_156/replica_156.pdb,outputs/reps_Brickwork_entanglement1/slurm_DAYAQWLKDGGPSSGRPPPS_amber/replica_156/replica_156_ca.pdb
6,2158523391,random,DAYAQWLKDGGPSSGRPPPS,amber,1.0027178332053373,6.621117180995579,16.182045045952016,10.088566325488582,11.253883418624879,6.910665322709527,1082.13,aer,4096,outputs/reps_Brickwork_entanglement1/slurm_DAYAQWLKDGGPSSGRPPPS_amber/replica_6/replica_6.pdb,outputs/reps_Brickwork_entanglement1/slurm_DAYAQWLKDGGPSSGRPPPS_amber/replica_6/replica_6_ca.pdb
17,2158523402,random,DAYAQWLKDGGPSSGRPPPS,amber,-41.2927163982963,6.621980828788862,18.038737829625017,10.13086174180504,11.253883418624879,6.910665322709527,647.42,aer,4096,outputs/reps_Brickwork_entanglement1/slurm_DAYAQWLKDGGPSSGRPPPS_amber/replica_17/replica_17.pdb,outputs/reps_Brickwork_entanglement1/slurm_DAYAQWLKDGGPSSGRPPPS_amber/replica_17/replica_17_ca.pdb
659,2158524044,random,DAYAQWLKDGGPSSGRPPPS,amber,-135.60726181417297,6.621991697987075,15.31593417196987,8.579185952637,11.253883418624879,6.910665322709527,833.8,aer,4096,outputs/reps_Brickwork_entanglement1/slurm_DAYAQWLKDGGPSSGRPPPS_amber/replica_659/replica_659.pdb,outputs/reps_Brickwork_entanglement1/slurm_DAYAQWLKDGGPSSGRPPPS_amber/replica_659/replica_659_ca.pdb
824,2158524209,random,DAYAQWLKDGGPSSGRPPPS,amber,-87.89751758932915,6.62915811635308,21.678526016382786,10.272350584675495,11.253883418624879,6.910665322709527,1963.64,aer,4096,outputs/reps_Brickwork_entanglement1/slurm_DAYAQWLKDGGPSSGRPPPS_amber/replica_824/replica_824.pdb,outputs/reps_Brickwork_entanglement1/slurm_DAYAQWLKDGGPSSGRPPPS_amber/replica_824/replica_824_ca.pdb
781,2158524166,random,DAYAQWLKDGGPSSGRPPPS,amber,-110.0274564201885,6.632098742051522,11.137171214119366,9.6298734130168,11.253883418624879,6.910665322709527,772.25,aer,4096,outputs/reps_Brickwork_entanglement1/slurm_DAYAQWLKDGGPSSGRPPPS_amber/replica_781/replica_781.pdb,outputs/reps_Brickwork_entanglement1/slurm_DAYAQWLKDGGPSSGRPPPS_amber/replica_781/replica_781_ca.pdb
472,2158523857,random,DAYAQWLKDGGPSSGRPPPS,amber,-84.00643481409578,6.632523172701886,18.140831281556732,10.33873345925908,11.253883418624879,6.910665322709527,891.94,aer,4096,outputs/reps_Brickwork_entanglement1/slurm_DAYAQWLKDGGPSSGRPPPS_amber/replica_472/replica_472.pdb,outputs/reps_Brickwork_entanglement1/slurm_DAYAQWLKDGGPSSGRPPPS_amber/replica_472/replica_472_ca.pdb
342,2158523727,random,DAYAQWLKDGGPSSGRPPPS,amber,14.673618187017365,6.635757935469274,19.466823016676937,9.283444388737331,11.253883418624879,6.910665322709527,976.83,aer,4096,outputs/reps_Brickwork_entanglement1/slurm_DAYAQWLKDGGPSSGRPPPS_amber/replica_342/replica_342.pdb,outputs/reps_Brickwork_entanglement1/slurm_DAYAQWLKDGGPSSGRPPPS_amber/replica_342/replica_342_ca.pdb
334,2158523719,random,DAYAQWLKDGGPSSGRPPPS,amber,-10.683937245056471,6.635867196787211,18.239232009011562,10.017025139563192,11.253883418624879,6.910665322709527,1346.39,aer,4096,outputs/reps_Brickwork_entanglement1/slurm_DAYAQWLKDGGPSSGRPPPS_amber/replica_334/replica_334.pdb,outputs/reps_Brickwork_entanglement1/slurm_DAYAQWLKDGGPSSGRPPPS_amber/replica_334/replica_334_ca.pdb
315,2158523700,random,DAYAQWLKDGGPSSGRPPPS,amber,-87.41403966931557,6.641082566346484,21.908660893649603,8.902250478662332,11.253883418624879,6.910665322709527,695.57,aer,4096,outputs/reps_Brickwork_entanglement1/slurm_DAYAQWLKDGGPSSGRPPPS_amber/replica_315/replica_315.pdb,outputs/reps_Brickwork_entanglement1/slurm_DAYAQWLKDGGPSSGRPPPS_amber/replica_315/replica_315_ca.pdb
579,2158523964,random,DAYAQWLKDGGPSSGRPPPS,amber,876.8190181571614,6.643374569699221,12.79615840574678,9.0318839745396,11.253883418624879,6.910665322709527,534.2,aer,4096,outputs/reps_Brickwork_entanglement1/slurm_DAYAQWLKDGGPSSGRPPPS_amber/replica_579/replica_579.pdb,outputs/reps_Brickwork_entanglement1/slurm_DAYAQWLKDGGPSSGRPPPS_amber/replica_579/replica_579_ca.pdb
652,2158524037,random,DAYAQWLKDGGPSSGRPPPS,amber,-84.61729510297849,6.646514806591348,23.114818298502513,10.409532867306805,11.253883418624879,6.910665322709527,1725.6,aer,4096,outputs/reps_Brickwork_entanglement1/slurm_DAYAQWLKDGGPSSGRPPPS_amber/replica_652/replica_652.pdb,outputs/reps_Brickwork_entanglement1/slurm_DAYAQWLKDGGPSSGRPPPS_amber/replica_652/replica_652_ca.pdb
575,2158523960,random,DAYAQWLKDGGPSSGRPPPS,amber,460.0970763073188,6.657705969029557,24.070438745700464,10.874379995602698,11.253883418624879,6.910665322709527,308.5,aer,4096,outputs/reps_Brickwork_entanglement1/slurm_DAYAQWLKDGGPSSGRPPPS_amber/replica_575/replica_575.pdb,outputs/reps_Brickwork_entanglement1/slurm_DAYAQWLKDGGPSSGRPPPS_amber/replica_575/replica_575_ca.pdb
350,2158523735,random,DAYAQWLKDGGPSSGRPPPS,amber,-173.48948524595602,6.659658080009609,19.156378954727323,10.011950808405084,11.253883418624879,6.910665322709527,1012.94,aer,4096,outputs/reps_Brickwork_entanglement1/slurm_DAYAQWLKDGGPSSGRPPPS_amber/replica_350/replica_350.pdb,outputs/reps_Brickwork_entanglement1/slurm_DAYAQWLKDGGPSSGRPPPS_amber/replica_350/replica_350_ca.pdb
943,2158524328,random,DAYAQWLKDGGPSSGRPPPS,amber,527.0749867281904,6.6653679417002545,19.495662323384614,10.116286959427294,11.253883418624879,6.910665322709527,560.05,aer,4096,outputs/reps_Brickwork_entanglement1/slurm_DAYAQWLKDGGPSSGRPPPS_amber/replica_943/replica_943.pdb,outputs/reps_Brickwork_entanglement1/slurm_DAYAQWLKDGGPSSGRPPPS_amber/replica_943/replica_943_ca.pdb
576,2158523961,random,DAYAQWLKDGGPSSGRPPPS,amber,-73.81229814875775,6.668602841529144,21.720375104927186,9.618437007850186,11.253883418624879,6.910665322709527,1239.37,aer,4096,outputs/reps_Brickwork_entanglement1/slurm_DAYAQWLKDGGPSSGRPPPS_amber/replica_576/replica_576.pdb,outputs/reps_Brickwork_entanglement1/slurm_DAYAQWLKDGGPSSGRPPPS_amber/replica_576/replica_576_ca.pdb
822,2158524207,random,DAYAQWLKDGGPSSGRPPPS,amber,-34.1643943550018,6.682577246142833,20.609635866448656,9.613034603354496,11.253883418624879,6.910665322709527,715.53,aer,4096,outputs/reps_Brickwork_entanglement1/slurm_DAYAQWLKDGGPSSGRPPPS_amber/replica_822/replica_822.pdb,outputs/reps_Brickwork_entanglement1/slurm_DAYAQWLKDGGPSSGRPPPS_amber/replica_822/replica_822_ca.pdb
180,2158523565,random,DAYAQWLKDGGPSSGRPPPS,amber,-113.76314094658358,6.685508478854975,19.34377713325666,9.603400288820419,11.253883418624879,6.910665322709527,935.31,aer,4096,outputs/reps_Brickwork_entanglement1/slurm_DAYAQWLKDGGPSSGRPPPS_amber/replica_180/replica_180.pdb,outputs/reps_Brickwork_entanglement1/slurm_DAYAQWLKDGGPSSGRPPPS_amber/replica_180/replica_180_ca.pdb
281,2158523666,random,DAYAQWLKDGGPSSGRPPPS,amber,-71.8479512682301,6.687189688330179,16.607818193410637,9.139201079153471,11.253883418624879,6.910665322709527,1038.86,aer,4096,outputs/reps_Brickwork_entanglement1/slurm_DAYAQWLKDGGPSSGRPPPS_amber/replica_281/replica_281.pdb,outputs/reps_Brickwork_entanglement1/slurm_DAYAQWLKDGGPSSGRPPPS_amber/replica_281/replica_281_ca.pdb
795,2158524180,random,DAYAQWLKDGGPSSGRPPPS,amber,976.0373366928914,6.687417770772807,23.355966988027387,9.788848072903445,11.253883418624879,6.910665322709527,496.83,aer,4096,outputs/reps_Brickwork_entanglement1/slurm_DAYAQWLKDGGPSSGRPPPS_amber/replica_795/replica_795.pdb,outputs/reps_Brickwork_entanglement1/slurm_DAYAQWLKDGGPSSGRPPPS_amber/replica_795/replica_795_ca.pdb
694,2158524079,random,DAYAQWLKDGGPSSGRPPPS,amber,-6.018365462112897,6.691313829612394,19.194803875702828,9.835156428537568,11.253883418624879,6.910665322709527,1856.73,aer,4096,outputs/reps_Brickwork_entanglement1/slurm_DAYAQWLKDGGPSSGRPPPS_amber/replica_694/replica_694.pdb,outputs/reps_Brickwork_entanglement1/slurm_DAYAQWLKDGGPSSGRPPPS_amber/replica_694/replica_694_ca.pdb
59,2158523444,random,DAYAQWLKDGGPSSGRPPPS,amber,-122.92318547955286,6.69524997484134,19.7310158636299,9.90999513526621,11.253883418624879,6.910665322709527,1211.64,aer,4096,outputs/reps_Brickwork_entanglement1/slurm_DAYAQWLKDGGPSSGRPPPS_amber/replica_59/replica_59.pdb,outputs/reps_Brickwork_entanglement1/slurm_DAYAQWLKDGGPSSGRPPPS_amber/replica_59/replica_59_ca.pdb
568,2158523953,random,DAYAQWLKDGGPSSGRPPPS,amber,557.0969988153668,6.698026254548894,17.98149122336636,9.459637378173957,11.253883418624879,6.910665322709527,527.2,aer,4096,outputs/reps_Brickwork_entanglement1/slurm_DAYAQWLKDGGPSSGRPPPS_amber/replica_568/replica_568.pdb,outputs/reps_Brickwork_entanglement1/slurm_DAYAQWLKDGGPSSGRPPPS_amber/replica_568/replica_568_ca.pdb
762,2158524147,random,DAYAQWLKDGGPSSGRPPPS,amber,38.10008487872988,6.708713022067364,12.454213071609388,9.657375443532857,11.253883418624879,6.910665322709527,1120.07,aer,4096,outputs/reps_Brickwork_entanglement1/slurm_DAYAQWLKDGGPSSGRPPPS_amber/replica_762/replica_762.pdb,outputs/reps_Brickwork_entanglement1/slurm_DAYAQWLKDGGPSSGRPPPS_amber/replica_762/replica_762_ca.pdb
61,2158523446,random,DAYAQWLKDGGPSSGRPPPS,amber,-118.15651994270111,6.713691933645188,19.743733222529592,10.43752993112502,11.253883418624879,6.910665322709527,1013.85,aer,4096,outputs/reps_Brickwork_entanglement1/slurm_DAYAQWLKDGGPSSGRPPPS_amber/replica_61/replica_61.pdb,outputs/reps_Brickwork_entanglement1/slurm_DAYAQWLKDGGPSSGRPPPS_amber/replica_61/replica_61_ca.pdb
366,2158523751,random,DAYAQWLKDGGPSSGRPPPS,amber,-43.2788585669493,6.718295092029588,19.822672657226594,9.420596028552541,11.253883418624879,6.910665322709527,1008.45,aer,4096,outputs/reps_Brickwork_entanglement1/slurm_DAYAQWLKDGGPSSGRPPPS_amber/replica_366/replica_366.pdb,outputs/reps_Brickwork_entanglement1/slurm_DAYAQWLKDGGPSSGRPPPS_amber/replica_366/replica_366_ca.pdb
122,2158523507,random,DAYAQWLKDGGPSSGRPPPS,amber,1774.1622541533043,6.7226239477961265,24.76746484885914,10.464833095497017,11.253883418624879,6.910665322709527,792.95,aer,4096,outputs/reps_Brickwork_entanglement1/slurm_DAYAQWLKDGGPSSGRPPPS_amber/replica_122/replica_122.pdb,outputs/reps_Brickwork_entanglement1/slurm_DAYAQWLKDGGPSSGRPPPS_amber/replica_122/replica_122_ca.pdb
990,2158524375,random,DAYAQWLKDGGPSSGRPPPS,amber,-23.931547893535246,6.724735639657507,14.823250249712634,8.78529300337662,11.253883418624879,6.910665322709527,1299.81,aer,4096,outputs/reps_Brickwork_entanglement1/slurm_DAYAQWLKDGGPSSGRPPPS_amber/replica_990/replica_990.pdb,outputs/reps_Brickwork_entanglement1/slurm_DAYAQWLKDGGPSSGRPPPS_amber/replica_990/replica_990_ca.pdb
27,2158523412,random,DAYAQWLKDGGPSSGRPPPS,amber,2.1307669031911893,6.726884681017897,23.003191431620532,9.506727003557705,11.253883418624879,6.910665322709527,1261.65,aer,4096,outputs/reps_Brickwork_entanglement1/slurm_DAYAQWLKDGGPSSGRPPPS_amber/replica_27/replica_27.pdb,outputs/reps_Brickwork_entanglement1/slurm_DAYAQWLKDGGPSSGRPPPS_amber/replica_27/replica_27_ca.pdb
189,2158523574,random,DAYAQWLKDGGPSSGRPPPS,amber,-9.606862249344687,6.72806494679307,23.10354988747653,10.344230788819207,11.253883418624879,6.910665322709527,951.73,aer,4096,outputs/reps_Brickwork_entanglement1/slurm_DAYAQWLKDGGPSSGRPPPS_amber/replica_189/replica_189.pdb,outputs/reps_Brickwork_entanglement1/slurm_DAYAQWLKDGGPSSGRPPPS_amber/replica_189/replica_189_ca.pdb
33,2158523418,random,DAYAQWLKDGGPSSGRPPPS,amber,-38.816030196195996,6.731505460843601,14.567815927966706,10.47506430048696,11.253883418624879,6.910665322709527,701.74,aer,4096,outputs/reps_Brickwork_entanglement1/slurm_DAYAQWLKDGGPSSGRPPPS_amber/replica_33/replica_33.pdb,outputs/reps_Brickwork_entanglement1/slurm_DAYAQWLKDGGPSSGRPPPS_amber/replica_33/replica_33_ca.pdb
776,2158524161,random,DAYAQWLKDGGPSSGRPPPS,amber,688.0940778671625,6.733858629202688,20.767862049299012,10.19302511988778,11.253883418624879,6.910665322709527,492.51,aer,4096,outputs/reps_Brickwork_entanglement1/slurm_DAYAQWLKDGGPSSGRPPPS_amber/replica_776/replica_776.pdb,outputs/reps_Brickwork_entanglement1/slurm_DAYAQWLKDGGPSSGRPPPS_amber/replica_776/replica_776_ca.pdb
963,2158524348,random,DAYAQWLKDGGPSSGRPPPS,amber,-30.600354984325193,6.73396598828205,15.766624949092709,9.578298633871215,11.253883418624879,6.910665322709527,811.4,aer,4096,outputs/reps_Brickwork_entanglement1/slurm_DAYAQWLKDGGPSSGRPPPS_amber/replica_963/replica_963.pdb,outputs/reps_Brickwork_entanglement1/slurm_DAYAQWLKDGGPSSGRPPPS_amber/replica_963/replica_963_ca.pdb
634,2158524019,random,DAYAQWLKDGGPSSGRPPPS,amber,-70.20598379155719,6.7348608524658955,22.694488261177067,10.583012193347372,11.253883418624879,6.910665322709527,642.28,aer,4096,outputs/reps_Brickwork_entanglement1/slurm_DAYAQWLKDGGPSSGRPPPS_amber/replica_634/replica_634.pdb,outputs/reps_Brickwork_entanglement1/slurm_DAYAQWLKDGGPSSGRPPPS_amber/replica_634/replica_634_ca.pdb
570,2158523955,random,DAYAQWLKDGGPSSGRPPPS,amber,-18.75484500151589,6.737715508656145,16.132685361807926,9.793130706734894,11.253883418624879,6.910665322709527,948.66,aer,4096,outputs/reps_Brickwork_entanglement1/slurm_DAYAQWLKDGGPSSGRPPPS_amber/replica_570/replica_570.pdb,outputs/reps_Brickwork_entanglement1/slurm_DAYAQWLKDGGPSSGRPPPS_amber/replica_570/replica_570_ca.pdb
993,2158524378,random,DAYAQWLKDGGPSSGRPPPS,amber,-96.71078797899267,6.739510716426359,21.11220514987798,9.159022785803938,11.253883418624879,6.910665322709527,1112.86,aer,4096,outputs/reps_Brickwork_entanglement1/slurm_DAYAQWLKDGGPSSGRPPPS_amber/replica_993/replica_993.pdb,outputs/reps_Brickwork_entanglement1/slurm_DAYAQWLKDGGPSSGRPPPS_amber/replica_993/replica_993_ca.pdb
147,2158523532,random,DAYAQWLKDGGPSSGRPPPS,amber,-53.239136732580704,6.7479157092670325,18.979927819841734,9.424194580275788,11.253883418624879,6.910665322709527,984.82,aer,4096,outputs/reps_Brickwork_entanglement1/slurm_DAYAQWLKDGGPSSGRPPPS_amber/replica_147/replica_147.pdb,outputs/reps_Brickwork_entanglement1/slurm_DAYAQWLKDGGPSSGRPPPS_amber/replica_147/replica_147_ca.pdb
178,2158523563,random,DAYAQWLKDGGPSSGRPPPS,amber,1016.672528117298,6.749990691474346,13.744271898595057,8.658798450150288,11.253883418624879,6.910665322709527,539.09,aer,4096,outputs/reps_Brickwork_entanglement1/slurm_DAYAQWLKDGGPSSGRPPPS_amber/replica_178/replica_178.pdb,outputs/reps_Brickwork_entanglement1/slurm_DAYAQWLKDGGPSSGRPPPS_amber/replica_178/replica_178_ca.pdb
934,2158524319,random,DAYAQWLKDGGPSSGRPPPS,amber,1173.3864238757587,6.751397219003707,22.215590389477754,9.787234517484734,11.253883418624879,6.910665322709527,595.75,aer,4096,outputs/reps_Brickwork_entanglement1/slurm_DAYAQWLKDGGPSSGRPPPS_amber/replica_934/replica_934.pdb,outputs/reps_Brickwork_entanglement1/slurm_DAYAQWLKDGGPSSGRPPPS_amber/replica_934/replica_934_ca.pdb
305,2158523690,random,DAYAQWLKDGGPSSGRPPPS,amber,-131.47137701875607,6.754939313689255,23.568218487325776,10.062536056704579,11.253883418624879,6.910665322709527,739.19,aer,4096,outputs/reps_Brickwork_entanglement1/slurm_DAYAQWLKDGGPSSGRPPPS_amber/replica_305/replica_305.pdb,outputs/reps_Brickwork_entanglement1/slurm_DAYAQWLKDGGPSSGRPPPS_amber/replica_305/replica_305_ca.pdb
719,2158524104,random,DAYAQWLKDGGPSSGRPPPS,amber,-203.8738435695801,6.755227537706192,18.438319475226848,9.903422215148684,11.253883418624879,6.910665322709527,1076.62,aer,4096,outputs/reps_Brickwork_entanglement1/slurm_DAYAQWLKDGGPSSGRPPPS_amber/replica_719/replica_719.pdb,outputs/reps_Brickwork_entanglement1/slurm_DAYAQWLKDGGPSSGRPPPS_amber/replica_719/replica_719_ca.pdb
853,2158524238,random,DAYAQWLKDGGPSSGRPPPS,amber,480.3951112965163,6.756605203210227,10.5977492015731,9.244218943016614,11.253883418624879,6.910665322709527,952.27,aer,4096,outputs/reps_Brickwork_entanglement1/slurm_DAYAQWLKDGGPSSGRPPPS_amber/replica_853/replica_853.pdb,outputs/reps_Brickwork_entanglement1/slurm_DAYAQWLKDGGPSSGRPPPS_amber/replica_853/replica_853_ca.pdb
88,2158523473,random,DAYAQWLKDGGPSSGRPPPS,amber,741.2965664828272,6.760330807045431,23.007553619243517,9.171652281635424,11.253883418624879,6.910665322709527,288.1,aer,4096,outputs/reps_Brickwork_entanglement1/slurm_DAYAQWLKDGGPSSGRPPPS_amber/replica_88/replica_88.pdb,outputs/reps_Brickwork_entanglement1/slurm_DAYAQWLKDGGPSSGRPPPS_amber/replica_88/replica_88_ca.pdb
673,2158524058,random,DAYAQWLKDGGPSSGRPPPS,amber,-30.893478374824717,6.76914271544479,18.531112753570405,9.889077373612263,11.253883418624879,6.910665322709527,1061.25,aer,4096,outputs/reps_Brickwork_entanglement1/slurm_DAYAQWLKDGGPSSGRPPPS_amber/replica_673/replica_673.pdb,outputs/reps_Brickwork_entanglement1/slurm_DAYAQWLKDGGPSSGRPPPS_amber/replica_673/replica_673_ca.pdb
465,2158523850,random,DAYAQWLKDGGPSSGRPPPS,amber,-176.91853375944362,6.776222528414562,23.737364251236414,9.036361104745511,11.253883418624879,6.910665322709527,765.79,aer,4096,outputs/reps_Brickwork_entanglement1/slurm_DAYAQWLKDGGPSSGRPPPS_amber/replica_465/replica_465.pdb,outputs/reps_Brickwork_entanglement1/slurm_DAYAQWLKDGGPSSGRPPPS_amber/replica_465/replica_465_ca.pdb
994,2158524379,random,DAYAQWLKDGGPSSGRPPPS,amber,42.6684014476186,6.77648786874495,14.179704177221003,8.656941547287076,11.253883418624879,6.910665322709527,1035.19,aer,4096,outputs/reps_Brickwork_entanglement1/slurm_DAYAQWLKDGGPSSGRPPPS_amber/replica_994/replica_994.pdb,outputs/reps_Brickwork_entanglement1/slurm_DAYAQWLKDGGPSSGRPPPS_amber/replica_994/replica_994_ca.pdb
414,2158523799,random,DAYAQWLKDGGPSSGRPPPS,amber,-105.81692267117953,6.776579071207617,17.13741362199362,9.321953227134836,11.253883418624879,6.910665322709527,1239.95,aer,4096,outputs/reps_Brickwork_entanglement1/slurm_DAYAQWLKDGGPSSGRPPPS_amber/replica_414/replica_414.pdb,outputs/reps_Brickwork_entanglement1/slurm_DAYAQWLKDGGPSSGRPPPS_amber/replica_414/replica_414_ca.pdb
284,2158523669,random,DAYAQWLKDGGPSSGRPPPS,amber,19.512252472833406,6.778455710909305,18.99511641126048,9.850831143927392,11.253883418624879,6.910665322709527,850.68,aer,4096,outputs/reps_Brickwork_entanglement1/slurm_DAYAQWLKDGGPSSGRPPPS_amber/replica_284/replica_284.pdb,outputs/reps_Brickwork_entanglement1/slurm_DAYAQWLKDGGPSSGRPPPS_amber/replica_284/replica_284_ca.pdb
650,2158524035,random,DAYAQWLKDGGPSSGRPPPS,amber,13.04645989490243,6.77973562964991,15.652617104854887,9.25664532715589,11.253883418624879,6.910665322709527,1170.04,aer,4096,outputs/reps_Brickwork_entanglement1/slurm_DAYAQWLKDGGPSSGRPPPS_amber/replica_650/replica_650.pdb,outputs/reps_Brickwork_entanglement1/slurm_DAYAQWLKDGGPSSGRPPPS_amber/replica_650/replica_650_ca.pdb
690,2158524075,random,DAYAQWLKDGGPSSGRPPPS,amber,-5.871077794112461,6.786158064745914,18.013417539340775,9.355754072585759,11.253883418624879,6.910665322709527,832.67,aer,4096,outputs/reps_Brickwork_entanglement1/slurm_DAYAQWLKDGGPSSGRPPPS_amber/replica_690/replica_690.pdb,outputs/reps_Brickwork_entanglement1/slurm_DAYAQWLKDGGPSSGRPPPS_amber/replica_690/replica_690_ca.pdb
828,2158524213,random,DAYAQWLKDGGPSSGRPPPS,amber,-136.37881445732725,6.786401667339554,19.891260899681264,8.491357929725755,11.253883418624879,6.910665322709527,749.29,aer,4096,outputs/reps_Brickwork_entanglement1/slurm_DAYAQWLKDGGPSSGRPPPS_amber/replica_828/replica_828.pdb,outputs/reps_Brickwork_entanglement1/slurm_DAYAQWLKDGGPSSGRPPPS_amber/replica_828/replica_828_ca.pdb
626,2158524011,random,DAYAQWLKDGGPSSGRPPPS,amber,-63.81574478173991,6.792196974718994,15.89022145392036,9.36952331795355,11.253883418624879,6.910665322709527,839.77,aer,4096,outputs/reps_Brickwork_entanglement1/slurm_DAYAQWLKDGGPSSGRPPPS_amber/replica_626/replica_626.pdb,outputs/reps_Brickwork_entanglement1/slurm_DAYAQWLKDGGPSSGRPPPS_amber/replica_626/replica_626_ca.pdb
71,2158523456,random,DAYAQWLKDGGPSSGRPPPS,amber,648.306615227227,6.793534011736816,16.432392419919626,8.215986027583265,11.253883418624879,6.910665322709527,314.42,aer,4096,outputs/reps_Brickwork_entanglement1/slurm_DAYAQWLKDGGPSSGRPPPS_amber/replica_71/replica_71.pdb,outputs/reps_Brickwork_entanglement1/slurm_DAYAQWLKDGGPSSGRPPPS_amber/replica_71/replica_71_ca.pdb
807,2158524192,random,DAYAQWLKDGGPSSGRPPPS,amber,-15.974923380338453,6.800178308227965,21.028373190417916,10.52694354987373,11.253883418624879,6.910665322709527,933.83,aer,4096,outputs/reps_Brickwork_entanglement1/slurm_DAYAQWLKDGGPSSGRPPPS_amber/replica_807/replica_807.pdb,outputs/reps_Brickwork_entanglement1/slurm_DAYAQWLKDGGPSSGRPPPS_amber/replica_807/replica_807_ca.pdb
176,2158523561,random,DAYAQWLKDGGPSSGRPPPS,amber,-1.821508050564682,6.802631827030535,21.2659399223882,10.366568316839853,11.253883418624879,6.910665322709527,1325.91,aer,4096,outputs/reps_Brickwork_entanglement1/slurm_DAYAQWLKDGGPSSGRPPPS_amber/replica_176/replica_176.pdb,outputs/reps_Brickwork_entanglement1/slurm_DAYAQWLKDGGPSSGRPPPS_amber/replica_176/replica_176_ca.pdb
4,2158523389,random,DAYAQWLKDGGPSSGRPPPS,amber,925.8775759296149,6.80297156651919,10.763591033798829,8.506592709020495,11.253883418624879,6.910665322709527,784.08,aer,4096,outputs/reps_Brickwork_entanglement1/slurm_DAYAQWLKDGGPSSGRPPPS_amber/replica_4/replica_4.pdb,outputs/reps_Brickwork_entanglement1/slurm_DAYAQWLKDGGPSSGRPPPS_amber/replica_4/replica_4_ca.pdb
266,2158523651,random,DAYAQWLKDGGPSSGRPPPS,amber,-103.63184166696693,6.805082829011846,20.589738722549157,9.96385630042881,11.253883418624879,6.910665322709527,830.66,aer,4096,outputs/reps_Brickwork_entanglement1/slurm_DAYAQWLKDGGPSSGRPPPS_amber/replica_266/replica_266.pdb,outputs/reps_Brickwork_entanglement1/slurm_DAYAQWLKDGGPSSGRPPPS_amber/replica_266/replica_266_ca.pdb
460,2158523845,random,DAYAQWLKDGGPSSGRPPPS,amber,-15.241876886677586,6.806922776932871,10.857919142363507,9.663574701699103,11.253883418624879,6.910665322709527,929.39,aer,4096,outputs/reps_Brickwork_entanglement1/slurm_DAYAQWLKDGGPSSGRPPPS_amber/replica_460/replica_460.pdb,outputs/reps_Brickwork_entanglement1/slurm_DAYAQWLKDGGPSSGRPPPS_amber/replica_460/replica_460_ca.pdb
134,2158523519,random,DAYAQWLKDGGPSSGRPPPS,amber,-81.39473618730543,6.807282344006842,20.488631840102105,9.650242193743852,11.253883418624879,6.910665322709527,1163.18,aer,4096,outputs/reps_Brickwork_entanglement1/slurm_DAYAQWLKDGGPSSGRPPPS_amber/replica_134/replica_134.pdb,outputs/reps_Brickwork_entanglement1/slurm_DAYAQWLKDGGPSSGRPPPS_amber/replica_134/replica_134_ca.pdb
238,2158523623,random,DAYAQWLKDGGPSSGRPPPS,amber,-84.27218241930366,6.809918661005192,10.508841163664098,8.547777803884628,11.253883418624879,6.910665322709527,765.73,aer,4096,outputs/reps_Brickwork_entanglement1/slurm_DAYAQWLKDGGPSSGRPPPS_amber/replica_238/replica_238.pdb,outputs/reps_Brickwork_entanglement1/slurm_DAYAQWLKDGGPSSGRPPPS_amber/replica_238/replica_238_ca.pdb
679,2158524064,random,DAYAQWLKDGGPSSGRPPPS,amber,-156.84014629727605,6.810860273797838,20.98870560763812,10.697874409713528,11.253883418624879,6.910665322709527,757.12,aer,4096,outputs/reps_Brickwork_entanglement1/slurm_DAYAQWLKDGGPSSGRPPPS_amber/replica_679/replica_679.pdb,outputs/reps_Brickwork_entanglement1/slurm_DAYAQWLKDGGPSSGRPPPS_amber/replica_679/replica_679_ca.pdb
177,2158523562,random,DAYAQWLKDGGPSSGRPPPS,amber,-109.7283315295365,6.819150077643296,21.59680191734982,10.16160054756705,11.253883418624879,6.910665322709527,967.41,aer,4096,outputs/reps_Brickwork_entanglement1/slurm_DAYAQWLKDGGPSSGRPPPS_amber/replica_177/replica_177.pdb,outputs/reps_Brickwork_entanglement1/slurm_DAYAQWLKDGGPSSGRPPPS_amber/replica_177/replica_177_ca.pdb
793,2158524178,random,DAYAQWLKDGGPSSGRPPPS,amber,-96.25771199722804,6.819617633086045,23.17116544184681,10.526158149318688,11.253883418624879,6.910665322709527,698.35,aer,4096,outputs/reps_Brickwork_entanglement1/slurm_DAYAQWLKDGGPSSGRPPPS_amber/replica_793/replica_793.pdb,outputs/reps_Brickwork_entanglement1/slurm_DAYAQWLKDGGPSSGRPPPS_amber/replica_793/replica_793_ca.pdb
727,2158524112,random,DAYAQWLKDGGPSSGRPPPS,amber,-171.35007572037546,6.822330075191446,20.309141114920212,10.149902985858077,11.253883418624879,6.910665322709527,667.97,aer,4096,outputs/reps_Brickwork_entanglement1/slurm_DAYAQWLKDGGPSSGRPPPS_amber/replica_727/replica_727.pdb,outputs/reps_Brickwork_entanglement1/slurm_DAYAQWLKDGGPSSGRPPPS_amber/replica_727/replica_727_ca.pdb
833,2158524218,random,DAYAQWLKDGGPSSGRPPPS,amber,-86.95950084261645,6.824734535393343,13.224950853196956,9.103481005855468,11.253883418624879,6.910665322709527,754.04,aer,4096,outputs/reps_Brickwork_entanglement1/slurm_DAYAQWLKDGGPSSGRPPPS_amber/replica_833/replica_833.pdb,outputs/reps_Brickwork_entanglement1/slurm_DAYAQWLKDGGPSSGRPPPS_amber/replica_833/replica_833_ca.pdb
319,2158523704,random,DAYAQWLKDGGPSSGRPPPS,amber,-131.36186246876028,6.824999258494081,17.965644797073455,9.316835716313134,11.253883418624879,6.910665322709527,851.8,aer,4096,outputs/reps_Brickwork_entanglement1/slurm_DAYAQWLKDGGPSSGRPPPS_amber/replica_319/replica_319.pdb,outputs/reps_Brickwork_entanglement1/slurm_DAYAQWLKDGGPSSGRPPPS_amber/replica_319/replica_319_ca.pdb
785,2158524170,random,DAYAQWLKDGGPSSGRPPPS,amber,-112.75417264418982,6.8304531487928335,15.290575794315252,8.650158508078077,11.253883418624879,6.910665322709527,732.23,aer,4096,outputs/reps_Brickwork_entanglement1/slurm_DAYAQWLKDGGPSSGRPPPS_amber/replica_785/replica_785.pdb,outputs/reps_Brickwork_entanglement1/slurm_DAYAQWLKDGGPSSGRPPPS_amber/replica_785/replica_785_ca.pdb
922,2158524307,random,DAYAQWLKDGGPSSGRPPPS,amber,-8.49921962544878,6.8556301540687485,20.20893354061893,9.813276726067803,11.253883418624879,6.910665322709527,1104.93,aer,4096,outputs/reps_Brickwork_entanglement1/slurm_DAYAQWLKDGGPSSGRPPPS_amber/replica_922/replica_922.pdb,outputs/reps_Brickwork_entanglement1/slurm_DAYAQWLKDGGPSSGRPPPS_amber/replica_922/replica_922_ca.pdb
212,2158523597,random,DAYAQWLKDGGPSSGRPPPS,amber,37.50843297801625,6.8571337357154825,20.312857613794506,8.858174010691869,11.253883418624879,6.910665322709527,1197.32,aer,4096,outputs/reps_Brickwork_entanglement1/slurm_DAYAQWLKDGGPSSGRPPPS_amber/replica_212/replica_212.pdb,outputs/reps_Brickwork_entanglement1/slurm_DAYAQWLKDGGPSSGRPPPS_amber/replica_212/replica_212_ca.pdb
74,2158523459,random,DAYAQWLKDGGPSSGRPPPS,amber,145.8545170740769,6.860586765732188,21.173273462964197,10.742477966818942,11.253883418624879,6.910665322709527,1047.97,aer,4096,outputs/reps_Brickwork_entanglement1/slurm_DAYAQWLKDGGPSSGRPPPS_amber/replica_74/replica_74.pdb,outputs/reps_Brickwork_entanglement1/slurm_DAYAQWLKDGGPSSGRPPPS_amber/replica_74/replica_74_ca.pdb
154,2158523539,random,DAYAQWLKDGGPSSGRPPPS,amber,13.269498390224836,6.863901431271237,19.0051304409157,10.665261817847272,11.253883418624879,6.910665322709527,1133.19,aer,4096,outputs/reps_Brickwork_entanglement1/slurm_DAYAQWLKDGGPSSGRPPPS_amber/replica_154/replica_154.pdb,outputs/reps_Brickwork_entanglement1/slurm_DAYAQWLKDGGPSSGRPPPS_amber/replica_154/replica_154_ca.pdb
757,2158524142,random,DAYAQWLKDGGPSSGRPPPS,amber,798.7996264019828,6.8651107404385625,17.119926319169487,9.991277443744815,11.253883418624879,6.910665322709527,666.8,aer,4096,outputs/reps_Brickwork_entanglement1/slurm_DAYAQWLKDGGPSSGRPPPS_amber/replica_757/replica_757.pdb,outputs/reps_Brickwork_entanglement1/slurm_DAYAQWLKDGGPSSGRPPPS_amber/replica_757/replica_757_ca.pdb
787,2158524172,random,DAYAQWLKDGGPSSGRPPPS,amber,-88.49212117147339,6.870659953368674,18.50632044317425,9.571654190629038,11.253883418624879,6.910665322709527,1324.09,aer,4096,outputs/reps_Brickwork_entanglement1/slurm_DAYAQWLKDGGPSSGRPPPS_amber/replica_787/replica_787.pdb,outputs/reps_Brickwork_entanglement1/slurm_DAYAQWLKDGGPSSGRPPPS_amber/replica_787/replica_787_ca.pdb
494,2158523879,random,DAYAQWLKDGGPSSGRPPPS,amber,-103.27789164336677,6.874365825554754,15.01248141015803,7.800494119570266,11.253883418624879,6.910665322709527,2116.13,aer,4096,outputs/reps_Brickwork_entanglement1/slurm_DAYAQWLKDGGPSSGRPPPS_amber/replica_494/replica_494.pdb,outputs/reps_Brickwork_entanglement1/slurm_DAYAQWLKDGGPSSGRPPPS_amber/replica_494/replica_494_ca.pdb
783,2158524168,random,DAYAQWLKDGGPSSGRPPPS,amber,-34.930528821064215,6.877480649274323,21.04396504094577,10.876507009780045,11.253883418624879,6.910665322709527,950.39,aer,4096,outputs/reps_Brickwork_entanglement1/slurm_DAYAQWLKDGGPSSGRPPPS_amber/replica_783/replica_783.pdb,outputs/reps_Brickwork_entanglement1/slurm_DAYAQWLKDGGPSSGRPPPS_amber/replica_783/replica_783_ca.pdb
977,2158524362,random,DAYAQWLKDGGPSSGRPPPS,amber,-93.70297041239463,6.891562074757547,19.858735699843194,9.310577230560284,11.253883418624879,6.910665322709527,1104.87,aer,4096,outputs/reps_Brickwork_entanglement1/slurm_DAYAQWLKDGGPSSGRPPPS_amber/replica_977/replica_977.pdb,outputs/reps_Brickwork_entanglement1/slurm_DAYAQWLKDGGPSSGRPPPS_amber/replica_977/replica_977_ca.pdb
607,2158523992,random,DAYAQWLKDGGPSSGRPPPS,amber,662.8904521014225,6.891811320421728,16.97441018044449,9.792434646845011,11.253883418624879,6.910665322709527,574.68,aer,4096,outputs/reps_Brickwork_entanglement1/slurm_DAYAQWLKDGGPSSGRPPPS_amber/replica_607/replica_607.pdb,outputs/reps_Brickwork_entanglement1/slurm_DAYAQWLKDGGPSSGRPPPS_amber/replica_607/replica_607_ca.pdb
838,2158524223,random,DAYAQWLKDGGPSSGRPPPS,amber,151.4637964345206,6.89209167273279,19.574504064766643,9.630223942514805,11.253883418624879,6.910665322709527,1883.34,aer,4096,outputs/reps_Brickwork_entanglement1/slurm_DAYAQWLKDGGPSSGRPPPS_amber/replica_838/replica_838.pdb,outputs/reps_Brickwork_entanglement1/slurm_DAYAQWLKDGGPSSGRPPPS_amber/replica_838/replica_838_ca.pdb
514,2158523899,random,DAYAQWLKDGGPSSGRPPPS,amber,-49.39209138898037,6.899077745336596,22.533642245279463,9.931513306772722,11.253883418624879,6.910665322709527,1205.72,aer,4096,outputs/reps_Brickwork_entanglement1/slurm_DAYAQWLKDGGPSSGRPPPS_amber/replica_514/replica_514.pdb,outputs/reps_Brickwork_entanglement1/slurm_DAYAQWLKDGGPSSGRPPPS_amber/replica_514/replica_514_ca.pdb
357,2158523742,random,DAYAQWLKDGGPSSGRPPPS,amber,-49.81338972287684,6.901244865952492,14.69768362979274,10.149460706717038,11.253883418624879,6.910665322709527,1016.79,aer,4096,outputs/reps_Brickwork_entanglement1/slurm_DAYAQWLKDGGPSSGRPPPS_amber/replica_357/replica_357.pdb,outputs/reps_Brickwork_entanglement1/slurm_DAYAQWLKDGGPSSGRPPPS_amber/replica_357/replica_357_ca.pdb
65,2158523450,random,DAYAQWLKDGGPSSGRPPPS,amber,-162.15281020276385,6.901336719703778,13.68738914448929,9.423901206056696,11.253883418624879,6.910665322709527,749.5,aer,4096,outputs/reps_Brickwork_entanglement1/slurm_DAYAQWLKDGGPSSGRPPPS_amber/replica_65/replica_65.pdb,outputs/reps_Brickwork_entanglement1/slurm_DAYAQWLKDGGPSSGRPPPS_amber/replica_65/replica_65_ca.pdb
523,2158523908,random,DAYAQWLKDGGPSSGRPPPS,amber,31.381447244867964,6.902272901105395,16.231659363396812,10.28078705033424,11.253883418624879,6.910665322709527,1124.03,aer,4096,outputs/reps_Brickwork_entanglement1/slurm_DAYAQWLKDGGPSSGRPPPS_amber/replica_523/replica_523.pdb,outputs/reps_Brickwork_entanglement1/slurm_DAYAQWLKDGGPSSGRPPPS_amber/replica_523/replica_523_ca.pdb
750,2158524135,random,DAYAQWLKDGGPSSGRPPPS,amber,-123.73509539828518,6.902745785206271,15.0700893484852,8.523013575410499,11.253883418624879,6.910665322709527,911.86,aer,4096,outputs/reps_Brickwork_entanglement1/slurm_DAYAQWLKDGGPSSGRPPPS_amber/replica_750/replica_750.pdb,outputs/reps_Brickwork_entanglement1/slurm_DAYAQWLKDGGPSSGRPPPS_amber/replica_750/replica_750_ca.pdb
475,2158523860,random,DAYAQWLKDGGPSSGRPPPS,amber,5.011852577823885,6.906012667767327,22.24272213944066,10.423968606880536,11.253883418624879,6.910665322709527,1096.34,aer,4096,outputs/reps_Brickwork_entanglement1/slurm_DAYAQWLKDGGPSSGRPPPS_amber/replica_475/replica_475.pdb,outputs/reps_Brickwork_entanglement1/slurm_DAYAQWLKDGGPSSGRPPPS_amber/replica_475/replica_475_ca.pdb
771,2158524156,random,DAYAQWLKDGGPSSGRPPPS,amber,34.97608358412913,6.908229929958214,20.512981659010293,10.05948029080792,11.253883418624879,6.910665322709527,620.53,aer,4096,outputs/reps_Brickwork_entanglement1/slurm_DAYAQWLKDGGPSSGRPPPS_amber/replica_771/replica_771.pdb,outputs/reps_Brickwork_entanglement1/slurm_DAYAQWLKDGGPSSGRPPPS_amber/replica_771/replica_771_ca.pdb
901,2158524286,random,DAYAQWLKDGGPSSGRPPPS,amber,-56.93794416090869,6.908741806961561,16.95839307042911,8.51590364496211,11.253883418624879,6.910665322709527,971.81,aer,4096,outputs/reps_Brickwork_entanglement1/slurm_DAYAQWLKDGGPSSGRPPPS_amber/replica_901/replica_901.pdb,outputs/reps_Brickwork_entanglement1/slurm_DAYAQWLKDGGPSSGRPPPS_amber/replica_901/replica_901_ca.pdb
713,2158524098,random,DAYAQWLKDGGPSSGRPPPS,amber,-70.5225010569354,6.910085487015735,17.432633238596896,10.692092398399156,11.253883418624879,6.910665322709527,1575.63,aer,4096,outputs/reps_Brickwork_entanglement1/slurm_DAYAQWLKDGGPSSGRPPPS_amber/replica_713/replica_713.pdb,outputs/reps_Brickwork_entanglement1/slurm_DAYAQWLKDGGPSSGRPPPS_amber/replica_713/replica_713_ca.pdb
754,2158524139,random,DAYAQWLKDGGPSSGRPPPS,amber,47.41168827520241,6.916501188654696,20.196669553467167,10.646920967368882,11.253883418624879,6.910665322709527,1808.55,aer,4096,outputs/reps_Brickwork_entanglement1/slurm_DAYAQWLKDGGPSSGRPPPS_amber/replica_754/replica_754.pdb,outputs/reps_Brickwork_entanglement1/slurm_DAYAQWLKDGGPSSGRPPPS_amber/replica_754/replica_754_ca.pdb
728,2158524113,random,DAYAQWLKDGGPSSGRPPPS,amber,-80.89103590644778,6.9184425550744235,17.719944301799863,8.52609550235877,11.253883418624879,6.910665322709527,1846.4,aer,4096,outputs/reps_Brickwork_entanglement1/slurm_DAYAQWLKDGGPSSGRPPPS_amber/replica_728/replica_728.pdb,outputs/reps_Brickwork_entanglement1/slurm_DAYAQWLKDGGPSSGRPPPS_amber/replica_728/replica_728_ca.pdb
601,2158523986,random,DAYAQWLKDGGPSSGRPPPS,amber,-169.66251648202476,6.92142323187158,22.589001043758667,9.956632107366966,11.253883418624879,6.910665322709527,1038.72,aer,4096,outputs/reps_Brickwork_entanglement1/slurm_DAYAQWLKDGGPSSGRPPPS_amber/replica_601/replica_601.pdb,outputs/reps_Brickwork_entanglement1/slurm_DAYAQWLKDGGPSSGRPPPS_amber/replica_601/replica_601_ca.pdb
202,2158523587,random,DAYAQWLKDGGPSSGRPPPS,amber,-100.72245685672361,6.924400743144435,21.170764478357537,10.056219516005795,11.253883418624879,6.910665322709527,1269.08,aer,4096,outputs/reps_Brickwork_entanglement1/slurm_DAYAQWLKDGGPSSGRPPPS_amber/replica_202/replica_202.pdb,outputs/reps_Brickwork_entanglement1/slurm_DAYAQWLKDGGPSSGRPPPS_amber/replica_202/replica_202_ca.pdb
769,2158524154,random,DAYAQWLKDGGPSSGRPPPS,amber,-212.18879037192173,6.928918334558196,21.964532438676567,9.573538762268102,11.253883418624879,6.910665322709527,852.03,aer,4096,outputs/reps_Brickwork_entanglement1/slurm_DAYAQWLKDGGPSSGRPPPS_amber/replica_769/replica_769.pdb,outputs/reps_Brickwork_entanglement1/slurm_DAYAQWLKDGGPSSGRPPPS_amber/replica_769/replica_769_ca.pdb
270,2158523655,random,DAYAQWLKDGGPSSGRPPPS,amber,-98.54380257857964,6.930219933368145,20.240474951280017,8.904833818653906,11.253883418624879,6.910665322709527,1077.17,aer,4096,outputs/reps_Brickwork_entanglement1/slurm_DAYAQWLKDGGPSSGRPPPS_amber/replica_270/replica_270.pdb,outputs/reps_Brickwork_entanglement1/slurm_DAYAQWLKDGGPSSGRPPPS_amber/replica_270/replica_270_ca.pdb
723,2158524108,random,DAYAQWLKDGGPSSGRPPPS,amber,89.1424389531244,6.931208843380444,19.915306483520865,9.933548428625654,11.253883418624879,6.910665322709527,1264.26,aer,4096,outputs/reps_Brickwork_entanglement1/slurm_DAYAQWLKDGGPSSGRPPPS_amber/replica_723/replica_723.pdb,outputs/reps_Brickwork_entanglement1/slurm_DAYAQWLKDGGPSSGRPPPS_amber/replica_723/replica_723_ca.pdb
246,2158523631,random,DAYAQWLKDGGPSSGRPPPS,amber,-81.634914676252,6.932518513483844,16.115239011429153,9.402588236686341,11.253883418624879,6.910665322709527,1109.65,aer,4096,outputs/reps_Brickwork_entanglement1/slurm_DAYAQWLKDGGPSSGRPPPS_amber/replica_246/replica_246.pdb,outputs/reps_Brickwork_entanglement1/slurm_DAYAQWLKDGGPSSGRPPPS_amber/replica_246/replica_246_ca.pdb
843,2158524228,random,DAYAQWLKDGGPSSGRPPPS,amber,-21.638758699458972,6.934705208859972,20.42926811166333,10.654563524149433,11.253883418624879,6.910665322709527,1422.57,aer,4096,outputs/reps_Brickwork_entanglement1/slurm_DAYAQWLKDGGPSSGRPPPS_amber/replica_843/replica_843.pdb,outputs/reps_Brickwork_entanglement1/slurm_DAYAQWLKDGGPSSGRPPPS_amber/replica_843/replica_843_ca.pdb
182,2158523567,random,DAYAQWLKDGGPSSGRPPPS,amber,-36.1104635956409,6.937058050373544,16.3479767507555,10.428669138973252,11.253883418624879,6.910665322709527,980.96,aer,4096,outputs/reps_Brickwork_entanglement1/slurm_DAYAQWLKDGGPSSGRPPPS_amber/replica_182/replica_182.pdb,outputs/reps_Brickwork_entanglement1/slurm_DAYAQWLKDGGPSSGRPPPS_amber/replica_182/replica_182_ca.pdb
535,2158523920,random,DAYAQWLKDGGPSSGRPPPS,amber,-126.2305865705151,6.942415862271934,23.55995926029148,9.083676883180575,11.253883418624879,6.910665322709527,1631.78,aer,4096,outputs/reps_Brickwork_entanglement1/slurm_DAYAQWLKDGGPSSGRPPPS_amber/replica_535/replica_535.pdb,outputs/reps_Brickwork_entanglement1/slurm_DAYAQWLKDGGPSSGRPPPS_amber/replica_535/replica_535_ca.pdb
665,2158524050,random,DAYAQWLKDGGPSSGRPPPS,amber,-210.10893172993863,6.944325123477654,15.424193958792895,8.750307646118863,11.253883418624879,6.910665322709527,937.37,aer,4096,outputs/reps_Brickwork_entanglement1/slurm_DAYAQWLKDGGPSSGRPPPS_amber/replica_665/replica_665.pdb,outputs/reps_Brickwork_entanglement1/slurm_DAYAQWLKDGGPSSGRPPPS_amber/replica_665/replica_665_ca.pdb
681,2158524066,random,DAYAQWLKDGGPSSGRPPPS,amber,-186.21472690415806,6.944740690470707,17.893634687344267,10.016974110834013,11.253883418624879,6.910665322709527,1036.54,aer,4096,outputs/reps_Brickwork_entanglement1/slurm_DAYAQWLKDGGPSSGRPPPS_amber/replica_681/replica_681.pdb,outputs/reps_Brickwork_entanglement1/slurm_DAYAQWLKDGGPSSGRPPPS_amber/replica_681/replica_681_ca.pdb
661,2158524046,random,DAYAQWLKDGGPSSGRPPPS,amber,-134.97979292159556,6.947191772265908,21.108388282564285,9.608404707078542,11.253883418624879,6.910665322709527,780.46,aer,4096,outputs/reps_Brickwork_entanglement1/slurm_DAYAQWLKDGGPSSGRPPPS_amber/replica_661/replica_661.pdb,outputs/reps_Brickwork_entanglement1/slurm_DAYAQWLKDGGPSSGRPPPS_amber/replica_661/replica_661_ca.pdb
557,2158523942,random,DAYAQWLKDGGPSSGRPPPS,amber,1042.9423259154485,6.949584729682172,12.338934341705409,9.030329224429199,11.253883418624879,6.910665322709527,568.92,aer,4096,outputs/reps_Brickwork_entanglement1/slurm_DAYAQWLKDGGPSSGRPPPS_amber/replica_557/replica_557.pdb,outputs/reps_Brickwork_entanglement1/slurm_DAYAQWLKDGGPSSGRPPPS_amber/replica_557/replica_557_ca.pdb
752,2158524137,random,DAYAQWLKDGGPSSGRPPPS,amber,-125.7613140151083,6.950938087786349,19.26665340239275,8.514820601183505,11.253883418624879,6.910665322709527,797.78,aer,4096,outputs/reps_Brickwork_entanglement1/slurm_DAYAQWLKDGGPSSGRPPPS_amber/replica_752/replica_752.pdb,outputs/reps_Brickwork_entanglement1/slurm_DAYAQWLKDGGPSSGRPPPS_amber/replica_752/replica_752_ca.pdb
427,2158523812,random,DAYAQWLKDGGPSSGRPPPS,amber,-82.59883145651698,6.950977564137642,20.025247182931555,10.268179754477542,11.253883418624879,6.910665322709527,1027.03,aer,4096,outputs/reps_Brickwork_entanglement1/slurm_DAYAQWLKDGGPSSGRPPPS_amber/replica_427/replica_427.pdb,outputs/reps_Brickwork_entanglement1/slurm_DAYAQWLKDGGPSSGRPPPS_amber/replica_427/replica_427_ca.pdb
483,2158523868,random,DAYAQWLKDGGPSSGRPPPS,amber,-43.84218813853717,6.954299035303074,19.77327725739257,10.516350466243981,11.253883418624879,6.910665322709527,1507.9,aer,4096,outputs/reps_Brickwork_entanglement1/slurm_DAYAQWLKDGGPSSGRPPPS_amber/replica_483/replica_483.pdb,outputs/reps_Brickwork_entanglement1/slurm_DAYAQWLKDGGPSSGRPPPS_amber/replica_483/replica_483_ca.pdb
5,2158523390,random,DAYAQWLKDGGPSSGRPPPS,amber,-211.60383238235235,6.9583916907404495,16.426687862780884,8.53751241248035,11.253883418624879,6.910665322709527,1702.43,aer,4096,outputs/reps_Brickwork_entanglement1/slurm_DAYAQWLKDGGPSSGRPPPS_amber/replica_5/replica_5.pdb,outputs/reps_Brickwork_entanglement1/slurm_DAYAQWLKDGGPSSGRPPPS_amber/replica_5/replica_5_ca.pdb
282,2158523667,random,DAYAQWLKDGGPSSGRPPPS,amber,-63.62795983382966,6.959752711081677,20.60982053580365,10.104669347238895,11.253883418624879,6.910665322709527,879.85,aer,4096,outputs/reps_Brickwork_entanglement1/slurm_DAYAQWLKDGGPSSGRPPPS_amber/replica_282/replica_282.pdb,outputs/reps_Brickwork_entanglement1/slurm_DAYAQWLKDGGPSSGRPPPS_amber/replica_282/replica_282_ca.pdb
26,2158523411,random,DAYAQWLKDGGPSSGRPPPS,amber,-21.464382319968244,6.964670601682434,23.451260884223338,11.337357588581774,11.253883418624879,6.910665322709527,1064.07,aer,4096,outputs/reps_Brickwork_entanglement1/slurm_DAYAQWLKDGGPSSGRPPPS_amber/replica_26/replica_26.pdb,outputs/reps_Brickwork_entanglement1/slurm_DAYAQWLKDGGPSSGRPPPS_amber/replica_26/replica_26_ca.pdb
722,2158524107,random,DAYAQWLKDGGPSSGRPPPS,amber,-43.66218179364393,6.977446303328826,16.59670956167982,8.804180964410042,11.253883418624879,6.910665322709527,1012.4,aer,4096,outputs/reps_Brickwork_entanglement1/slurm_DAYAQWLKDGGPSSGRPPPS_amber/replica_722/replica_722.pdb,outputs/reps_Brickwork_entanglement1/slurm_DAYAQWLKDGGPSSGRPPPS_amber/replica_722/replica_722_ca.pdb
411,2158523796,random,DAYAQWLKDGGPSSGRPPPS,amber,-38.809355734755634,6.985437314141714,22.64198527323524,9.947355963196673,11.253883418624879,6.910665322709527,1898.09,aer,4096,outputs/reps_Brickwork_entanglement1/slurm_DAYAQWLKDGGPSSGRPPPS_amber/replica_411/replica_411.pdb,outputs/reps_Brickwork_entanglement1/slurm_DAYAQWLKDGGPSSGRPPPS_amber/replica_411/replica_411_ca.pdb
603,2158523988,random,DAYAQWLKDGGPSSGRPPPS,amber,-157.96909809229513,6.994977127156194,24.00839724853225,11.067233748847032,11.253883418624879,6.910665322709527,1048.38,aer,4096,outputs/reps_Brickwork_entanglement1/slurm_DAYAQWLKDGGPSSGRPPPS_amber/replica_603/replica_603.pdb,outputs/reps_Brickwork_entanglement1/slurm_DAYAQWLKDGGPSSGRPPPS_amber/replica_603/replica_603_ca.pdb
436,2158523821,random,DAYAQWLKDGGPSSGRPPPS,amber,100.77418952359542,7.000736181800753,20.817925592271948,9.992701940430308,11.253883418624879,6.910665322709527,1101.31,aer,4096,outputs/reps_Brickwork_entanglement1/slurm_DAYAQWLKDGGPSSGRPPPS_amber/replica_436/replica_436.pdb,outputs/reps_Brickwork_entanglement1/slurm_DAYAQWLKDGGPSSGRPPPS_amber/replica_436/replica_436_ca.pdb
904,2158524289,random,DAYAQWLKDGGPSSGRPPPS,amber,-173.85515624172956,7.001518388528757,21.831931030857756,9.998958357055123,11.253883418624879,6.910665322709527,824.2,aer,4096,outputs/reps_Brickwork_entanglement1/slurm_DAYAQWLKDGGPSSGRPPPS_amber/replica_904/replica_904.pdb,outputs/reps_Brickwork_entanglement1/slurm_DAYAQWLKDGGPSSGRPPPS_amber/replica_904/replica_904_ca.pdb
142,2158523527,random,DAYAQWLKDGGPSSGRPPPS,amber,-92.98372694407848,7.0051069355908595,16.603863438819705,9.513040131557855,11.253883418624879,6.910665322709527,965.68,aer,4096,outputs/reps_Brickwork_entanglement1/slurm_DAYAQWLKDGGPSSGRPPPS_amber/replica_142/replica_142.pdb,outputs/reps_Brickwork_entanglement1/slurm_DAYAQWLKDGGPSSGRPPPS_amber/replica_142/replica_142_ca.pdb
222,2158523607,random,DAYAQWLKDGGPSSGRPPPS,amber,1040.1079925897463,7.007419616811031,20.536430775440344,10.668699808531798,11.253883418624879,6.910665322709527,506.36,aer,4096,outputs/reps_Brickwork_entanglement1/slurm_DAYAQWLKDGGPSSGRPPPS_amber/replica_222/replica_222.pdb,outputs/reps_Brickwork_entanglement1/slurm_DAYAQWLKDGGPSSGRPPPS_amber/replica_222/replica_222_ca.pdb
383,2158523768,random,DAYAQWLKDGGPSSGRPPPS,amber,-39.932620774755954,7.009366205958435,10.786920747844755,9.814969376353945,11.253883418624879,6.910665322709527,1501.58,aer,4096,outputs/reps_Brickwork_entanglement1/slurm_DAYAQWLKDGGPSSGRPPPS_amber/replica_383/replica_383.pdb,outputs/reps_Brickwork_entanglement1/slurm_DAYAQWLKDGGPSSGRPPPS_amber/replica_383/replica_383_ca.pdb
538,2158523923,random,DAYAQWLKDGGPSSGRPPPS,amber,-80.19307625593571,7.009379451984146,19.62349646947725,9.370597894990539,11.253883418624879,6.910665322709527,743.13,aer,4096,outputs/reps_Brickwork_entanglement1/slurm_DAYAQWLKDGGPSSGRPPPS_amber/replica_538/replica_538.pdb,outputs/reps_Brickwork_entanglement1/slurm_DAYAQWLKDGGPSSGRPPPS_amber/replica_538/replica_538_ca.pdb
66,2158523451,random,DAYAQWLKDGGPSSGRPPPS,amber,-9.934903605897123,7.018872747032414,17.264800532880766,10.679557398991001,11.253883418624879,6.910665322709527,1078.73,aer,4096,outputs/reps_Brickwork_entanglement1/slurm_DAYAQWLKDGGPSSGRPPPS_amber/replica_66/replica_66.pdb,outputs/reps_Brickwork_entanglement1/slurm_DAYAQWLKDGGPSSGRPPPS_amber/replica_66/replica_66_ca.pdb
43,2158523428,random,DAYAQWLKDGGPSSGRPPPS,amber,-86.01392933032669,7.02676622433278,19.53766386914847,9.60880340750867,11.253883418624879,6.910665322709527,1064.03,aer,4096,outputs/reps_Brickwork_entanglement1/slurm_DAYAQWLKDGGPSSGRPPPS_amber/replica_43/replica_43.pdb,outputs/reps_Brickwork_entanglement1/slurm_DAYAQWLKDGGPSSGRPPPS_amber/replica_43/replica_43_ca.pdb
563,2158523948,random,DAYAQWLKDGGPSSGRPPPS,amber,-43.187672055376495,7.02780877250565,24.403481390776054,10.162396094639282,11.253883418624879,6.910665322709527,1309.18,aer,4096,outputs/reps_Brickwork_entanglement1/slurm_DAYAQWLKDGGPSSGRPPPS_amber/replica_563/replica_563.pdb,outputs/reps_Brickwork_entanglement1/slurm_DAYAQWLKDGGPSSGRPPPS_amber/replica_563/replica_563_ca.pdb
247,2158523632,random,DAYAQWLKDGGPSSGRPPPS,amber,1077.7005892928858,7.037027587049467,18.464243207604405,9.818515760941768,11.253883418624879,6.910665322709527,519.56,aer,4096,outputs/reps_Brickwork_entanglement1/slurm_DAYAQWLKDGGPSSGRPPPS_amber/replica_247/replica_247.pdb,outputs/reps_Brickwork_entanglement1/slurm_DAYAQWLKDGGPSSGRPPPS_amber/replica_247/replica_247_ca.pdb
974,2158524359,random,DAYAQWLKDGGPSSGRPPPS,amber,-190.4349016004547,7.039030977747276,15.600888864100076,9.40531638301925,11.253883418624879,6.910665322709527,1174.76,aer,4096,outputs/reps_Brickwork_entanglement1/slurm_DAYAQWLKDGGPSSGRPPPS_amber/replica_974/replica_974.pdb,outputs/reps_Brickwork_entanglement1/slurm_DAYAQWLKDGGPSSGRPPPS_amber/replica_974/replica_974_ca.pdb
87,2158523472,random,DAYAQWLKDGGPSSGRPPPS,amber,5.537143792669223,7.049128475312048,20.228615422091707,9.567807965951818,11.253883418624879,6.910665322709527,1193.1,aer,4096,outputs/reps_Brickwork_entanglement1/slurm_DAYAQWLKDGGPSSGRPPPS_amber/replica_87/replica_87.pdb,outputs/reps_Brickwork_entanglement1/slurm_DAYAQWLKDGGPSSGRPPPS_amber/replica_87/replica_87_ca.pdb
506,2158523891,random,DAYAQWLKDGGPSSGRPPPS,amber,-60.10350704694433,7.054011661164641,16.723229906690523,8.389021477479819,11.253883418624879,6.910665322709527,961.61,aer,4096,outputs/reps_Brickwork_entanglement1/slurm_DAYAQWLKDGGPSSGRPPPS_amber/replica_506/replica_506.pdb,outputs/reps_Brickwork_entanglement1/slurm_DAYAQWLKDGGPSSGRPPPS_amber/replica_506/replica_506_ca.pdb
805,2158524190,random,DAYAQWLKDGGPSSGRPPPS,amber,-79.14967880653309,7.070914127630967,17.720499024195792,9.423010151388155,11.253883418624879,6.910665322709527,900.01,aer,4096,outputs/reps_Brickwork_entanglement1/slurm_DAYAQWLKDGGPSSGRPPPS_amber/replica_805/replica_805.pdb,outputs/reps_Brickwork_entanglement1/slurm_DAYAQWLKDGGPSSGRPPPS_amber/replica_805/replica_805_ca.pdb
744,2158524129,random,DAYAQWLKDGGPSSGRPPPS,amber,-70.11268226078269,7.072842837055295,27.7651366260846,11.141759524557854,11.253883418624879,6.910665322709527,1113.35,aer,4096,outputs/reps_Brickwork_entanglement1/slurm_DAYAQWLKDGGPSSGRPPPS_amber/replica_744/replica_744.pdb,outputs/reps_Brickwork_entanglement1/slurm_DAYAQWLKDGGPSSGRPPPS_amber/replica_744/replica_744_ca.pdb
581,2158523966,random,DAYAQWLKDGGPSSGRPPPS,amber,-83.23843018747807,7.073357214705251,21.126749459639704,9.415633358566533,11.253883418624879,6.910665322709527,1032.72,aer,4096,outputs/reps_Brickwork_entanglement1/slurm_DAYAQWLKDGGPSSGRPPPS_amber/replica_581/replica_581.pdb,outputs/reps_Brickwork_entanglement1/slurm_DAYAQWLKDGGPSSGRPPPS_amber/replica_581/replica_581_ca.pdb
526,2158523911,random,DAYAQWLKDGGPSSGRPPPS,amber,-208.38894026102778,7.075828608312129,22.746438983026678,10.770225639129974,11.253883418624879,6.910665322709527,1458.25,aer,4096,outputs/reps_Brickwork_entanglement1/slurm_DAYAQWLKDGGPSSGRPPPS_amber/replica_526/replica_526.pdb,outputs/reps_Brickwork_entanglement1/slurm_DAYAQWLKDGGPSSGRPPPS_amber/replica_526/replica_526_ca.pdb
304,2158523689,random,DAYAQWLKDGGPSSGRPPPS,amber,-193.32118884938467,7.07709084073998,24.024343101721467,9.527491439878414,11.253883418624879,6.910665322709527,984.3,aer,4096,outputs/reps_Brickwork_entanglement1/slurm_DAYAQWLKDGGPSSGRPPPS_amber/replica_304/replica_304.pdb,outputs/reps_Brickwork_entanglement1/slurm_DAYAQWLKDGGPSSGRPPPS_amber/replica_304/replica_304_ca.pdb
909,2158524294,random,DAYAQWLKDGGPSSGRPPPS,amber,-70.01471832791822,7.082148603386362,20.21082028765363,10.452799823269096,11.253883418624879,6.910665322709527,1344.46,aer,4096,outputs/reps_Brickwork_entanglement1/slurm_DAYAQWLKDGGPSSGRPPPS_amber/replica_909/replica_909.pdb,outputs/reps_Brickwork_entanglement1/slurm_DAYAQWLKDGGPSSGRPPPS_amber/replica_909/replica_909_ca.pdb
404,2158523789,random,DAYAQWLKDGGPSSGRPPPS,amber,-50.56972771556038,7.091134752694746,19.58779143343325,10.549534100974551,11.253883418624879,6.910665322709527,756.36,aer,4096,outputs/reps_Brickwork_entanglement1/slurm_DAYAQWLKDGGPSSGRPPPS_amber/replica_404/replica_404.pdb,outputs/reps_Brickwork_entanglement1/slurm_DAYAQWLKDGGPSSGRPPPS_amber/replica_404/replica_404_ca.pdb
244,2158523629,random,DAYAQWLKDGGPSSGRPPPS,amber,-102.0949753969452,7.094678847349423,21.450357514259917,10.116013458136035,11.253883418624879,6.910665322709527,804.41,aer,4096,outputs/reps_Brickwork_entanglement1/slurm_DAYAQWLKDGGPSSGRPPPS_amber/replica_244/replica_244.pdb,outputs/reps_Brickwork_entanglement1/slurm_DAYAQWLKDGGPSSGRPPPS_amber/replica_244/replica_244_ca.pdb
461,2158523846,random,DAYAQWLKDGGPSSGRPPPS,amber,-7.018299998842805,7.097009196834086,17.614198469246205,10.114974435566193,11.253883418624879,6.910665322709527,1270.04,aer,4096,outputs/reps_Brickwork_entanglement1/slurm_DAYAQWLKDGGPSSGRPPPS_amber/replica_461/replica_461.pdb,outputs/reps_Brickwork_entanglement1/slurm_DAYAQWLKDGGPSSGRPPPS_amber/replica_461/replica_461_ca.pdb
54,2158523439,random,DAYAQWLKDGGPSSGRPPPS,amber,-105.10492184404052,7.097167032564606,26.595701924859856,10.764824178141287,11.253883418624879,6.910665322709527,936.49,aer,4096,outputs/reps_Brickwork_entanglement1/slurm_DAYAQWLKDGGPSSGRPPPS_amber/replica_54/replica_54.pdb,outputs/reps_Brickwork_entanglement1/slurm_DAYAQWLKDGGPSSGRPPPS_amber/replica_54/replica_54_ca.pdb
139,2158523524,random,DAYAQWLKDGGPSSGRPPPS,amber,-187.71177837115664,7.104801584993886,22.924882036517758,10.628927675436822,11.253883418624879,6.910665322709527,887.54,aer,4096,outputs/reps_Brickwork_entanglement1/slurm_DAYAQWLKDGGPSSGRPPPS_amber/replica_139/replica_139.pdb,outputs/reps_Brickwork_entanglement1/slurm_DAYAQWLKDGGPSSGRPPPS_amber/replica_139/replica_139_ca.pdb
947,2158524332,random,DAYAQWLKDGGPSSGRPPPS,amber,-46.714962716999146,7.106204147580107,19.13573180782148,9.839734805816791,11.253883418624879,6.910665322709527,738.64,aer,4096,outputs/reps_Brickwork_entanglement1/slurm_DAYAQWLKDGGPSSGRPPPS_amber/replica_947/replica_947.pdb,outputs/reps_Brickwork_entanglement1/slurm_DAYAQWLKDGGPSSGRPPPS_amber/replica_947/replica_947_ca.pdb
777,2158524162,random,DAYAQWLKDGGPSSGRPPPS,amber,-161.7236921492657,7.107735572353082,21.955289678202533,9.830787215134196,11.253883418624879,6.910665322709527,1599.22,aer,4096,outputs/reps_Brickwork_entanglement1/slurm_DAYAQWLKDGGPSSGRPPPS_amber/replica_777/replica_777.pdb,outputs/reps_Brickwork_entanglement1/slurm_DAYAQWLKDGGPSSGRPPPS_amber/replica_777/replica_777_ca.pdb
884,2158524269,random,DAYAQWLKDGGPSSGRPPPS,amber,-139.5097059429632,7.10911671461047,10.74660993494625,8.778546146277145,11.253883418624879,6.910665322709527,1355.39,aer,4096,outputs/reps_Brickwork_entanglement1/slurm_DAYAQWLKDGGPSSGRPPPS_amber/replica_884/replica_884.pdb,outputs/reps_Brickwork_entanglement1/slurm_DAYAQWLKDGGPSSGRPPPS_amber/replica_884/replica_884_ca.pdb
10,2158523395,random,DAYAQWLKDGGPSSGRPPPS,amber,-2.960355643786249,7.114655840416657,22.0931976075131,9.340259753270008,11.253883418624879,6.910665322709527,915.09,aer,4096,outputs/reps_Brickwork_entanglement1/slurm_DAYAQWLKDGGPSSGRPPPS_amber/replica_10/replica_10.pdb,outputs/reps_Brickwork_entanglement1/slurm_DAYAQWLKDGGPSSGRPPPS_amber/replica_10/replica_10_ca.pdb
254,2158523639,random,DAYAQWLKDGGPSSGRPPPS,amber,105.71069971570034,7.118528048283186,15.01078655640424,8.591738581826167,11.253883418624879,6.910665322709527,1195.01,aer,4096,outputs/reps_Brickwork_entanglement1/slurm_DAYAQWLKDGGPSSGRPPPS_amber/replica_254/replica_254.pdb,outputs/reps_Brickwork_entanglement1/slurm_DAYAQWLKDGGPSSGRPPPS_amber/replica_254/replica_254_ca.pdb
109,2158523494,random,DAYAQWLKDGGPSSGRPPPS,amber,-59.41590369383876,7.129435268972398,20.6078044850188,10.217642249556658,11.253883418624879,6.910665322709527,976.63,aer,4096,outputs/reps_Brickwork_entanglement1/slurm_DAYAQWLKDGGPSSGRPPPS_amber/replica_109/replica_109.pdb,outputs/reps_Brickwork_entanglement1/slurm_DAYAQWLKDGGPSSGRPPPS_amber/replica_109/replica_109_ca.pdb
653,2158524038,random,DAYAQWLKDGGPSSGRPPPS,amber,-157.8172225534434,7.134447520392953,28.960255655082808,10.894804705100778,11.253883418624879,6.910665322709527,1073.03,aer,4096,outputs/reps_Brickwork_entanglement1/slurm_DAYAQWLKDGGPSSGRPPPS_amber/replica_653/replica_653.pdb,outputs/reps_Brickwork_entanglement1/slurm_DAYAQWLKDGGPSSGRPPPS_amber/replica_653/replica_653_ca.pdb
390,2158523775,random,DAYAQWLKDGGPSSGRPPPS,amber,1108.5754795219339,7.1363464051099275,23.227461911724117,10.116019714787884,11.253883418624879,6.910665322709527,568.64,aer,4096,outputs/reps_Brickwork_entanglement1/slurm_DAYAQWLKDGGPSSGRPPPS_amber/replica_390/replica_390.pdb,outputs/reps_Brickwork_entanglement1/slurm_DAYAQWLKDGGPSSGRPPPS_amber/replica_390/replica_390_ca.pdb
311,2158523696,random,DAYAQWLKDGGPSSGRPPPS,amber,-164.19404269156263,7.137459723686189,21.163284872919586,9.842364024785324,11.253883418624879,6.910665322709527,1449.2,aer,4096,outputs/reps_Brickwork_entanglement1/slurm_DAYAQWLKDGGPSSGRPPPS_amber/replica_311/replica_311.pdb,outputs/reps_Brickwork_entanglement1/slurm_DAYAQWLKDGGPSSGRPPPS_amber/replica_311/replica_311_ca.pdb
548,2158523933,random,DAYAQWLKDGGPSSGRPPPS,amber,-50.735095631089656,7.140821938551874,18.734849899286697,8.684315397487573,11.253883418624879,6.910665322709527,881.45,aer,4096,outputs/reps_Brickwork_entanglement1/slurm_DAYAQWLKDGGPSSGRPPPS_amber/replica_548/replica_548.pdb,outputs/reps_Brickwork_entanglement1/slurm_DAYAQWLKDGGPSSGRPPPS_amber/replica_548/replica_548_ca.pdb
335,2158523720,random,DAYAQWLKDGGPSSGRPPPS,amber,-170.29516703336873,7.144073973964646,15.854604710971042,9.553168425305103,11.253883418624879,6.910665322709527,867.02,aer,4096,outputs/reps_Brickwork_entanglement1/slurm_DAYAQWLKDGGPSSGRPPPS_amber/replica_335/replica_335.pdb,outputs/reps_Brickwork_entanglement1/slurm_DAYAQWLKDGGPSSGRPPPS_amber/replica_335/replica_335_ca.pdb
143,2158523528,random,DAYAQWLKDGGPSSGRPPPS,amber,273.32016754072777,7.144454031313962,11.911235027942624,9.678626507082628,11.253883418624879,6.910665322709527,2522.14,aer,4096,outputs/reps_Brickwork_entanglement1/slurm_DAYAQWLKDGGPSSGRPPPS_amber/replica_143/replica_143.pdb,outputs/reps_Brickwork_entanglement1/slurm_DAYAQWLKDGGPSSGRPPPS_amber/replica_143/replica_143_ca.pdb
379,2158523764,random,DAYAQWLKDGGPSSGRPPPS,amber,-28.369160433554875,7.152934443563298,20.895148649736345,9.51060788484132,11.253883418624879,6.910665322709527,638.56,aer,4096,outputs/reps_Brickwork_entanglement1/slurm_DAYAQWLKDGGPSSGRPPPS_amber/replica_379/replica_379.pdb,outputs/reps_Brickwork_entanglement1/slurm_DAYAQWLKDGGPSSGRPPPS_amber/replica_379/replica_379_ca.pdb
358,2158523743,random,DAYAQWLKDGGPSSGRPPPS,amber,-29.277573945766278,7.160154891262171,21.70813466792119,8.764643628921496,11.253883418624879,6.910665322709527,691.71,aer,4096,outputs/reps_Brickwork_entanglement1/slurm_DAYAQWLKDGGPSSGRPPPS_amber/replica_358/replica_358.pdb,outputs/reps_Brickwork_entanglement1/slurm_DAYAQWLKDGGPSSGRPPPS_amber/replica_358/replica_358_ca.pdb
457,2158523842,random,DAYAQWLKDGGPSSGRPPPS,amber,-96.23513415694363,7.163791955004556,15.18269924575884,9.390017539949087,11.253883418624879,6.910665322709527,817.86,aer,4096,outputs/reps_Brickwork_entanglement1/slurm_DAYAQWLKDGGPSSGRPPPS_amber/replica_457/replica_457.pdb,outputs/reps_Brickwork_entanglement1/slurm_DAYAQWLKDGGPSSGRPPPS_amber/replica_457/replica_457_ca.pdb
368,2158523753,random,DAYAQWLKDGGPSSGRPPPS,amber,-47.11311353678851,7.164108927376949,20.903410314528386,10.272026418658646,11.253883418624879,6.910665322709527,665.61,aer,4096,outputs/reps_Brickwork_entanglement1/slurm_DAYAQWLKDGGPSSGRPPPS_amber/replica_368/replica_368.pdb,outputs/reps_Brickwork_entanglement1/slurm_DAYAQWLKDGGPSSGRPPPS_amber/replica_368/replica_368_ca.pdb
323,2158523708,random,DAYAQWLKDGGPSSGRPPPS,amber,-40.241648194508926,7.166041295621065,21.49152344227997,10.176368390667514,11.253883418624879,6.910665322709527,1040.03,aer,4096,outputs/reps_Brickwork_entanglement1/slurm_DAYAQWLKDGGPSSGRPPPS_amber/replica_323/replica_323.pdb,outputs/reps_Brickwork_entanglement1/slurm_DAYAQWLKDGGPSSGRPPPS_amber/replica_323/replica_323_ca.pdb
397,2158523782,random,DAYAQWLKDGGPSSGRPPPS,amber,5.79519612321322,7.167293487715136,22.658580984644853,10.239010805185766,11.253883418624879,6.910665322709527,1397.59,aer,4096,outputs/reps_Brickwork_entanglement1/slurm_DAYAQWLKDGGPSSGRPPPS_amber/replica_397/replica_397.pdb,outputs/reps_Brickwork_entanglement1/slurm_DAYAQWLKDGGPSSGRPPPS_amber/replica_397/replica_397_ca.pdb
641,2158524026,random,DAYAQWLKDGGPSSGRPPPS,amber,-171.7285166779606,7.168288493602723,16.654462361910962,9.534101267962633,11.253883418624879,6.910665322709527,767.31,aer,4096,outputs/reps_Brickwork_entanglement1/slurm_DAYAQWLKDGGPSSGRPPPS_amber/replica_641/replica_641.pdb,outputs/reps_Brickwork_entanglement1/slurm_DAYAQWLKDGGPSSGRPPPS_amber/replica_641/replica_641_ca.pdb
162,2158523547,random,DAYAQWLKDGGPSSGRPPPS,amber,-127.27987270668592,7.171415356313131,18.94945761531849,9.113610090882538,11.253883418624879,6.910665322709527,660.29,aer,4096,outputs/reps_Brickwork_entanglement1/slurm_DAYAQWLKDGGPSSGRPPPS_amber/replica_162/replica_162.pdb,outputs/reps_Brickwork_entanglement1/slurm_DAYAQWLKDGGPSSGRPPPS_amber/replica_162/replica_162_ca.pdb
288,2158523673,random,DAYAQWLKDGGPSSGRPPPS,amber,480.6105264213362,7.172965065680323,19.958835044912153,9.878706314266683,11.253883418624879,6.910665322709527,647.15,aer,4096,outputs/reps_Brickwork_entanglement1/slurm_DAYAQWLKDGGPSSGRPPPS_amber/replica_288/replica_288.pdb,outputs/reps_Brickwork_entanglement1/slurm_DAYAQWLKDGGPSSGRPPPS_amber/replica_288/replica_288_ca.pdb
329,2158523714,random,DAYAQWLKDGGPSSGRPPPS,amber,-26.755953371440004,7.176411450167781,22.694932454319087,10.007523176182922,11.253883418624879,6.910665322709527,1827.6,aer,4096,outputs/reps_Brickwork_entanglement1/slurm_DAYAQWLKDGGPSSGRPPPS_amber/replica_329/replica_329.pdb,outputs/reps_Brickwork_entanglement1/slurm_DAYAQWLKDGGPSSGRPPPS_amber/replica_329/replica_329_ca.pdb
73,2158523458,random,DAYAQWLKDGGPSSGRPPPS,amber,521.2287449915793,7.17682216363896,15.184839705249196,9.412161889513147,11.253883418624879,6.910665322709527,384.27,aer,4096,outputs/reps_Brickwork_entanglement1/slurm_DAYAQWLKDGGPSSGRPPPS_amber/replica_73/replica_73.pdb,outputs/reps_Brickwork_entanglement1/slurm_DAYAQWLKDGGPSSGRPPPS_amber/replica_73/replica_73_ca.pdb
724,2158524109,random,DAYAQWLKDGGPSSGRPPPS,amber,-47.143801771911214,7.18003651525035,21.478962338708328,10.90276224390051,11.253883418624879,6.910665322709527,1362.18,aer,4096,outputs/reps_Brickwork_entanglement1/slurm_DAYAQWLKDGGPSSGRPPPS_amber/replica_724/replica_724.pdb,outputs/reps_Brickwork_entanglement1/slurm_DAYAQWLKDGGPSSGRPPPS_amber/replica_724/replica_724_ca.pdb
39,2158523424,random,DAYAQWLKDGGPSSGRPPPS,amber,-18.106753719685855,7.18013901800619,17.933961157643825,8.605918361161544,11.253883418624879,6.910665322709527,986.43,aer,4096,outputs/reps_Brickwork_entanglement1/slurm_DAYAQWLKDGGPSSGRPPPS_amber/replica_39/replica_39.pdb,outputs/reps_Brickwork_entanglement1/slurm_DAYAQWLKDGGPSSGRPPPS_amber/replica_39/replica_39_ca.pdb
615,2158524000,random,DAYAQWLKDGGPSSGRPPPS,amber,-100.39072234225597,7.18379379326331,30.166361317397715,10.672631256947026,11.253883418624879,6.910665322709527,824.23,aer,4096,outputs/reps_Brickwork_entanglement1/slurm_DAYAQWLKDGGPSSGRPPPS_amber/replica_615/replica_615.pdb,outputs/reps_Brickwork_entanglement1/slurm_DAYAQWLKDGGPSSGRPPPS_amber/replica_615/replica_615_ca.pdb
167,2158523552,random,DAYAQWLKDGGPSSGRPPPS,amber,-124.25799771405161,7.185402706327424,24.88468892860052,10.837864329853588,11.253883418624879,6.910665322709527,971.41,aer,4096,outputs/reps_Brickwork_entanglement1/slurm_DAYAQWLKDGGPSSGRPPPS_amber/replica_167/replica_167.pdb,outputs/reps_Brickwork_entanglement1/slurm_DAYAQWLKDGGPSSGRPPPS_amber/replica_167/replica_167_ca.pdb
354,2158523739,random,DAYAQWLKDGGPSSGRPPPS,amber,2.12560390076438,7.186634510633641,18.485350207621977,8.748957280117855,11.253883418624879,6.910665322709527,1130.52,aer,4096,outputs/reps_Brickwork_entanglement1/slurm_DAYAQWLKDGGPSSGRPPPS_amber/replica_354/replica_354.pdb,outputs/reps_Brickwork_entanglement1/slurm_DAYAQWLKDGGPSSGRPPPS_amber/replica_354/replica_354_ca.pdb
110,2158523495,random,DAYAQWLKDGGPSSGRPPPS,amber,57.59754043453207,7.189137287543577,21.173120930877204,9.981646210225927,11.253883418624879,6.910665322709527,1351.16,aer,4096,outputs/reps_Brickwork_entanglement1/slurm_DAYAQWLKDGGPSSGRPPPS_amber/replica_110/replica_110.pdb,outputs/reps_Brickwork_entanglement1/slurm_DAYAQWLKDGGPSSGRPPPS_amber/replica_110/replica_110_ca.pdb
161,2158523546,random,DAYAQWLKDGGPSSGRPPPS,amber,-82.67105297943078,7.192760920212972,22.750295780518673,10.722769334537471,11.253883418624879,6.910665322709527,856.14,aer,4096,outputs/reps_Brickwork_entanglement1/slurm_DAYAQWLKDGGPSSGRPPPS_amber/replica_161/replica_161.pdb,outputs/reps_Brickwork_entanglement1/slurm_DAYAQWLKDGGPSSGRPPPS_amber/replica_161/replica_161_ca.pdb
417,2158523802,random,DAYAQWLKDGGPSSGRPPPS,amber,-103.53992181477419,7.193872809056496,25.581678251768086,10.362768048066027,11.253883418624879,6.910665322709527,744.93,aer,4096,outputs/reps_Brickwork_entanglement1/slurm_DAYAQWLKDGGPSSGRPPPS_amber/replica_417/replica_417.pdb,outputs/reps_Brickwork_entanglement1/slurm_DAYAQWLKDGGPSSGRPPPS_amber/replica_417/replica_417_ca.pdb
618,2158524003,random,DAYAQWLKDGGPSSGRPPPS,amber,583.6471549675211,7.199172590271891,23.525973109696142,9.684076350389546,11.253883418624879,6.910665322709527,748.47,aer,4096,outputs/reps_Brickwork_entanglement1/slurm_DAYAQWLKDGGPSSGRPPPS_amber/replica_618/replica_618.pdb,outputs/reps_Brickwork_entanglement1/slurm_DAYAQWLKDGGPSSGRPPPS_amber/replica_618/replica_618_ca.pdb
330,2158523715,random,DAYAQWLKDGGPSSGRPPPS,amber,-93.49416237382862,7.201237144639333,19.404014943237872,8.5391546266759,11.253883418624879,6.910665322709527,1110.28,aer,4096,outputs/reps_Brickwork_entanglement1/slurm_DAYAQWLKDGGPSSGRPPPS_amber/replica_330/replica_330.pdb,outputs/reps_Brickwork_entanglement1/slurm_DAYAQWLKDGGPSSGRPPPS_amber/replica_330/replica_330_ca.pdb
664,2158524049,random,DAYAQWLKDGGPSSGRPPPS,amber,-43.884998353500805,7.202619625343541,19.49336801641931,10.716278434594578,11.253883418624879,6.910665322709527,810.99,aer,4096,outputs/reps_Brickwork_entanglement1/slurm_DAYAQWLKDGGPSSGRPPPS_amber/replica_664/replica_664.pdb,outputs/reps_Brickwork_entanglement1/slurm_DAYAQWLKDGGPSSGRPPPS_amber/replica_664/replica_664_ca.pdb
364,2158523749,random,DAYAQWLKDGGPSSGRPPPS,amber,-79.33083216515512,7.203798652461316,22.548692108817004,10.441722764198817,11.253883418624879,6.910665322709527,1721.65,aer,4096,outputs/reps_Brickwork_entanglement1/slurm_DAYAQWLKDGGPSSGRPPPS_amber/replica_364/replica_364.pdb,outputs/reps_Brickwork_entanglement1/slurm_DAYAQWLKDGGPSSGRPPPS_amber/replica_364/replica_364_ca.pdb
637,2158524022,random,DAYAQWLKDGGPSSGRPPPS,amber,-0.6563618192034157,7.211559783482537,24.184805986594633,10.159549510899659,11.253883418624879,6.910665322709527,993.08,aer,4096,outputs/reps_Brickwork_entanglement1/slurm_DAYAQWLKDGGPSSGRPPPS_amber/replica_637/replica_637.pdb,outputs/reps_Brickwork_entanglement1/slurm_DAYAQWLKDGGPSSGRPPPS_amber/replica_637/replica_637_ca.pdb
500,2158523885,random,DAYAQWLKDGGPSSGRPPPS,amber,620.2376663804527,7.2125672938417535,16.99714597705984,10.22982535975661,11.253883418624879,6.910665322709527,494.49,aer,4096,outputs/reps_Brickwork_entanglement1/slurm_DAYAQWLKDGGPSSGRPPPS_amber/replica_500/replica_500.pdb,outputs/reps_Brickwork_entanglement1/slurm_DAYAQWLKDGGPSSGRPPPS_amber/replica_500/replica_500_ca.pdb
135,2158523520,random,DAYAQWLKDGGPSSGRPPPS,amber,28.39186661616229,7.214379745590502,20.71188242215963,10.424227557303336,11.253883418624879,6.910665322709527,1434.23,aer,4096,outputs/reps_Brickwork_entanglement1/slurm_DAYAQWLKDGGPSSGRPPPS_amber/replica_135/replica_135.pdb,outputs/reps_Brickwork_entanglement1/slurm_DAYAQWLKDGGPSSGRPPPS_amber/replica_135/replica_135_ca.pdb
933,2158524318,random,DAYAQWLKDGGPSSGRPPPS,amber,61.38020127451118,7.215558572615083,12.73559856165338,9.844702829856265,11.253883418624879,6.910665322709527,883.12,aer,4096,outputs/reps_Brickwork_entanglement1/slurm_DAYAQWLKDGGPSSGRPPPS_amber/replica_933/replica_933.pdb,outputs/reps_Brickwork_entanglement1/slurm_DAYAQWLKDGGPSSGRPPPS_amber/replica_933/replica_933_ca.pdb
529,2158523914,random,DAYAQWLKDGGPSSGRPPPS,amber,14.131643056575914,7.2159841941695015,20.36039733743962,10.703496089883444,11.253883418624879,6.910665322709527,1513.0,aer,4096,outputs/reps_Brickwork_entanglement1/slurm_DAYAQWLKDGGPSSGRPPPS_amber/replica_529/replica_529.pdb,outputs/reps_Brickwork_entanglement1/slurm_DAYAQWLKDGGPSSGRPPPS_amber/replica_529/replica_529_ca.pdb
273,2158523658,random,DAYAQWLKDGGPSSGRPPPS,amber,57.16117496373767,7.221442179044783,21.669685238617436,9.374368820417878,11.253883418624879,6.910665322709527,735.58,aer,4096,outputs/reps_Brickwork_entanglement1/slurm_DAYAQWLKDGGPSSGRPPPS_amber/replica_273/replica_273.pdb,outputs/reps_Brickwork_entanglement1/slurm_DAYAQWLKDGGPSSGRPPPS_amber/replica_273/replica_273_ca.pdb
877,2158524262,random,DAYAQWLKDGGPSSGRPPPS,amber,-45.40894847159761,7.224691429497727,19.24480653229246,10.650528863849983,11.253883418624879,6.910665322709527,1259.62,aer,4096,outputs/reps_Brickwork_entanglement1/slurm_DAYAQWLKDGGPSSGRPPPS_amber/replica_877/replica_877.pdb,outputs/reps_Brickwork_entanglement1/slurm_DAYAQWLKDGGPSSGRPPPS_amber/replica_877/replica_877_ca.pdb
856,2158524241,random,DAYAQWLKDGGPSSGRPPPS,amber,-131.94619754412906,7.22981786583203,18.82252204973502,10.888890262871781,11.253883418624879,6.910665322709527,844.65,aer,4096,outputs/reps_Brickwork_entanglement1/slurm_DAYAQWLKDGGPSSGRPPPS_amber/replica_856/replica_856.pdb,outputs/reps_Brickwork_entanglement1/slurm_DAYAQWLKDGGPSSGRPPPS_amber/replica_856/replica_856_ca.pdb
751,2158524136,random,DAYAQWLKDGGPSSGRPPPS,amber,-112.31757094586102,7.231052365749036,21.144213738153592,9.651988436480385,11.253883418624879,6.910665322709527,988.64,aer,4096,outputs/reps_Brickwork_entanglement1/slurm_DAYAQWLKDGGPSSGRPPPS_amber/replica_751/replica_751.pdb,outputs/reps_Brickwork_entanglement1/slurm_DAYAQWLKDGGPSSGRPPPS_amber/replica_751/replica_751_ca.pdb
136,2158523521,random,DAYAQWLKDGGPSSGRPPPS,amber,-62.91282570642343,7.236501845725431,27.378671591274315,11.039603954301716,11.253883418624879,6.910665322709527,1658.03,aer,4096,outputs/reps_Brickwork_entanglement1/slurm_DAYAQWLKDGGPSSGRPPPS_amber/replica_136/replica_136.pdb,outputs/reps_Brickwork_entanglement1/slurm_DAYAQWLKDGGPSSGRPPPS_amber/replica_136/replica_136_ca.pdb
62,2158523447,random,DAYAQWLKDGGPSSGRPPPS,amber,31.796710961732007,7.238816784675069,16.214637761062185,10.29073892363152,11.253883418624879,6.910665322709527,1696.43,aer,4096,outputs/reps_Brickwork_entanglement1/slurm_DAYAQWLKDGGPSSGRPPPS_amber/replica_62/replica_62.pdb,outputs/reps_Brickwork_entanglement1/slurm_DAYAQWLKDGGPSSGRPPPS_amber/replica_62/replica_62_ca.pdb
796,2158524181,random,DAYAQWLKDGGPSSGRPPPS,amber,4.824286259204576,7.248777676480346,18.97194482170039,10.154012116513368,11.253883418624879,6.910665322709527,653.78,aer,4096,outputs/reps_Brickwork_entanglement1/slurm_DAYAQWLKDGGPSSGRPPPS_amber/replica_796/replica_796.pdb,outputs/reps_Brickwork_entanglement1/slurm_DAYAQWLKDGGPSSGRPPPS_amber/replica_796/replica_796_ca.pdb
666,2158524051,random,DAYAQWLKDGGPSSGRPPPS,amber,-6.559909526334652,7.249257669554895,20.93205202679988,10.084902989613413,11.253883418624879,6.910665322709527,949.3,aer,4096,outputs/reps_Brickwork_entanglement1/slurm_DAYAQWLKDGGPSSGRPPPS_amber/replica_666/replica_666.pdb,outputs/reps_Brickwork_entanglement1/slurm_DAYAQWLKDGGPSSGRPPPS_amber/replica_666/replica_666_ca.pdb
996,2158524381,random,DAYAQWLKDGGPSSGRPPPS,amber,-121.99287447815445,7.255893423765027,24.986084086257137,9.635122255202711,11.253883418624879,6.910665322709527,756.49,aer,4096,outputs/reps_Brickwork_entanglement1/slurm_DAYAQWLKDGGPSSGRPPPS_amber/replica_996/replica_996.pdb,outputs/reps_Brickwork_entanglement1/slurm_DAYAQWLKDGGPSSGRPPPS_amber/replica_996/replica_996_ca.pdb
518,2158523903,random,DAYAQWLKDGGPSSGRPPPS,amber,-71.77135749422214,7.259639175371264,24.29997024836241,10.440235955718272,11.253883418624879,6.910665322709527,737.1,aer,4096,outputs/reps_Brickwork_entanglement1/slurm_DAYAQWLKDGGPSSGRPPPS_amber/replica_518/replica_518.pdb,outputs/reps_Brickwork_entanglement1/slurm_DAYAQWLKDGGPSSGRPPPS_amber/replica_518/replica_518_ca.pdb
313,2158523698,random,DAYAQWLKDGGPSSGRPPPS,amber,-95.72870520586133,7.259695616274712,21.107372748108045,10.809551254141185,11.253883418624879,6.910665322709527,1095.81,aer,4096,outputs/reps_Brickwork_entanglement1/slurm_DAYAQWLKDGGPSSGRPPPS_amber/replica_313/replica_313.pdb,outputs/reps_Brickwork_entanglement1/slurm_DAYAQWLKDGGPSSGRPPPS_amber/replica_313/replica_313_ca.pdb
857,2158524242,random,DAYAQWLKDGGPSSGRPPPS,amber,178.62546312061292,7.26298668359171,20.75212289107362,9.933645458979727,11.253883418624879,6.910665322709527,889.91,aer,4096,outputs/reps_Brickwork_entanglement1/slurm_DAYAQWLKDGGPSSGRPPPS_amber/replica_857/replica_857.pdb,outputs/reps_Brickwork_entanglement1/slurm_DAYAQWLKDGGPSSGRPPPS_amber/replica_857/replica_857_ca.pdb
289,2158523674,random,DAYAQWLKDGGPSSGRPPPS,amber,839.5970833203825,7.2677376710553885,27.14703107227965,10.825435050174603,11.253883418624879,6.910665322709527,552.2,aer,4096,outputs/reps_Brickwork_entanglement1/slurm_DAYAQWLKDGGPSSGRPPPS_amber/replica_289/replica_289.pdb,outputs/reps_Brickwork_entanglement1/slurm_DAYAQWLKDGGPSSGRPPPS_amber/replica_289/replica_289_ca.pdb
505,2158523890,random,DAYAQWLKDGGPSSGRPPPS,amber,885.968454723373,7.279345878896941,22.967804766886786,10.07145544290526,11.253883418624879,6.910665322709527,354.48,aer,4096,outputs/reps_Brickwork_entanglement1/slurm_DAYAQWLKDGGPSSGRPPPS_amber/replica_505/replica_505.pdb,outputs/reps_Brickwork_entanglement1/slurm_DAYAQWLKDGGPSSGRPPPS_amber/replica_505/replica_505_ca.pdb
905,2158524290,random,DAYAQWLKDGGPSSGRPPPS,amber,-129.96075980767387,7.281542183680595,19.697786263722136,10.343998758871193,11.253883418624879,6.910665322709527,1025.07,aer,4096,outputs/reps_Brickwork_entanglement1/slurm_DAYAQWLKDGGPSSGRPPPS_amber/replica_905/replica_905.pdb,outputs/reps_Brickwork_entanglement1/slurm_DAYAQWLKDGGPSSGRPPPS_amber/replica_905/replica_905_ca.pdb
513,2158523898,random,DAYAQWLKDGGPSSGRPPPS,amber,-51.57307677638219,7.285669440619936,26.432389166408324,11.642974347262351,11.253883418624879,6.910665322709527,815.51,aer,4096,outputs/reps_Brickwork_entanglement1/slurm_DAYAQWLKDGGPSSGRPPPS_amber/replica_513/replica_513.pdb,outputs/reps_Brickwork_entanglement1/slurm_DAYAQWLKDGGPSSGRPPPS_amber/replica_513/replica_513_ca.pdb
998,2158524383,random,DAYAQWLKDGGPSSGRPPPS,amber,-210.71621918007824,7.286415075786288,17.79025693423744,10.134823765061695,11.253883418624879,6.910665322709527,1362.52,aer,4096,outputs/reps_Brickwork_entanglement1/slurm_DAYAQWLKDGGPSSGRPPPS_amber/replica_998/replica_998.pdb,outputs/reps_Brickwork_entanglement1/slurm_DAYAQWLKDGGPSSGRPPPS_amber/replica_998/replica_998_ca.pdb
687,2158524072,random,DAYAQWLKDGGPSSGRPPPS,amber,71.18605909158138,7.29224321946815,14.09341874287371,9.83303202768407,11.253883418624879,6.910665322709527,1290.35,aer,4096,outputs/reps_Brickwork_entanglement1/slurm_DAYAQWLKDGGPSSGRPPPS_amber/replica_687/replica_687.pdb,outputs/reps_Brickwork_entanglement1/slurm_DAYAQWLKDGGPSSGRPPPS_amber/replica_687/replica_687_ca.pdb
269,2158523654,random,DAYAQWLKDGGPSSGRPPPS,amber,-73.36362074739253,7.308017965749914,18.526355195194704,10.43472731777423,11.253883418624879,6.910665322709527,836.32,aer,4096,outputs/reps_Brickwork_entanglement1/slurm_DAYAQWLKDGGPSSGRPPPS_amber/replica_269/replica_269.pdb,outputs/reps_Brickwork_entanglement1/slurm_DAYAQWLKDGGPSSGRPPPS_amber/replica_269/replica_269_ca.pdb
343,2158523728,random,DAYAQWLKDGGPSSGRPPPS,amber,-19.61976448534345,7.311482743984486,26.267480208588353,10.90751698697354,11.253883418624879,6.910665322709527,1201.81,aer,4096,outputs/reps_Brickwork_entanglement1/slurm_DAYAQWLKDGGPSSGRPPPS_amber/replica_343/replica_343.pdb,outputs/reps_Brickwork_entanglement1/slurm_DAYAQWLKDGGPSSGRPPPS_amber/replica_343/replica_343_ca.pdb
680,2158524065,random,DAYAQWLKDGGPSSGRPPPS,amber,-65.85308342245816,7.319578397359225,27.87691388446368,10.988888609726752,11.253883418624879,6.910665322709527,826.76,aer,4096,outputs/reps_Brickwork_entanglement1/slurm_DAYAQWLKDGGPSSGRPPPS_amber/replica_680/replica_680.pdb,outputs/reps_Brickwork_entanglement1/slurm_DAYAQWLKDGGPSSGRPPPS_amber/replica_680/replica_680_ca.pdb
733,2158524118,random,DAYAQWLKDGGPSSGRPPPS,amber,-65.53817807165095,7.321064716260208,19.98706587561742,10.541689075188533,11.253883418624879,6.910665322709527,1804.46,aer,4096,outputs/reps_Brickwork_entanglement1/slurm_DAYAQWLKDGGPSSGRPPPS_amber/replica_733/replica_733.pdb,outputs/reps_Brickwork_entanglement1/slurm_DAYAQWLKDGGPSSGRPPPS_amber/replica_733/replica_733_ca.pdb
851,2158524236,random,DAYAQWLKDGGPSSGRPPPS,amber,-111.49856011194065,7.324923775391985,21.843482783261802,9.993357475085789,11.253883418624879,6.910665322709527,785.44,aer,4096,outputs/reps_Brickwork_entanglement1/slurm_DAYAQWLKDGGPSSGRPPPS_amber/replica_851/replica_851.pdb,outputs/reps_Brickwork_entanglement1/slurm_DAYAQWLKDGGPSSGRPPPS_amber/replica_851/replica_851_ca.pdb
463,2158523848,random,DAYAQWLKDGGPSSGRPPPS,amber,-29.464533653164295,7.332991236338669,24.443056894862703,10.432953441926683,11.253883418624879,6.910665322709527,1036.05,aer,4096,outputs/reps_Brickwork_entanglement1/slurm_DAYAQWLKDGGPSSGRPPPS_amber/replica_463/replica_463.pdb,outputs/reps_Brickwork_entanglement1/slurm_DAYAQWLKDGGPSSGRPPPS_amber/replica_463/replica_463_ca.pdb
614,2158523999,random,DAYAQWLKDGGPSSGRPPPS,amber,207.94050241095485,7.337691640728703,23.742348537882894,9.247166719829174,11.253883418624879,6.910665322709527,1178.89,aer,4096,outputs/reps_Brickwork_entanglement1/slurm_DAYAQWLKDGGPSSGRPPPS_amber/replica_614/replica_614.pdb,outputs/reps_Brickwork_entanglement1/slurm_DAYAQWLKDGGPSSGRPPPS_amber/replica_614/replica_614_ca.pdb
632,2158524017,random,DAYAQWLKDGGPSSGRPPPS,amber,-121.7342354644871,7.338801156372553,21.060563555600986,11.301524617251799,11.253883418624879,6.910665322709527,1649.79,aer,4096,outputs/reps_Brickwork_entanglement1/slurm_DAYAQWLKDGGPSSGRPPPS_amber/replica_632/replica_632.pdb,outputs/reps_Brickwork_entanglement1/slurm_DAYAQWLKDGGPSSGRPPPS_amber/replica_632/replica_632_ca.pdb
611,2158523996,random,DAYAQWLKDGGPSSGRPPPS,amber,-112.93650489752277,7.342360870526889,21.22400501740581,10.219917513541828,11.253883418624879,6.910665322709527,1947.95,aer,4096,outputs/reps_Brickwork_entanglement1/slurm_DAYAQWLKDGGPSSGRPPPS_amber/replica_611/replica_611.pdb,outputs/reps_Brickwork_entanglement1/slurm_DAYAQWLKDGGPSSGRPPPS_amber/replica_611/replica_611_ca.pdb
169,2158523554,random,DAYAQWLKDGGPSSGRPPPS,amber,-247.28162182089537,7.345195753652906,18.055545628516228,8.82181681218461,11.253883418624879,6.910665322709527,1027.29,aer,4096,outputs/reps_Brickwork_entanglement1/slurm_DAYAQWLKDGGPSSGRPPPS_amber/replica_169/replica_169.pdb,outputs/reps_Brickwork_entanglement1/slurm_DAYAQWLKDGGPSSGRPPPS_amber/replica_169/replica_169_ca.pdb
450,2158523835,random,DAYAQWLKDGGPSSGRPPPS,amber,-119.99150550749738,7.353473044135247,15.238161998732302,8.664734422009772,11.253883418624879,6.910665322709527,1037.62,aer,4096,outputs/reps_Brickwork_entanglement1/slurm_DAYAQWLKDGGPSSGRPPPS_amber/replica_450/replica_450.pdb,outputs/reps_Brickwork_entanglement1/slurm_DAYAQWLKDGGPSSGRPPPS_amber/replica_450/replica_450_ca.pdb
812,2158524197,random,DAYAQWLKDGGPSSGRPPPS,amber,-51.004189453779766,7.355163948640939,19.316870998478347,9.68460873609733,11.253883418624879,6.910665322709527,1778.31,aer,4096,outputs/reps_Brickwork_entanglement1/slurm_DAYAQWLKDGGPSSGRPPPS_amber/replica_812/replica_812.pdb,outputs/reps_Brickwork_entanglement1/slurm_DAYAQWLKDGGPSSGRPPPS_amber/replica_812/replica_812_ca.pdb
991,2158524376,random,DAYAQWLKDGGPSSGRPPPS,amber,431.24207850513517,7.355589401204499,23.21309256020706,9.379951683719804,11.253883418624879,6.910665322709527,1183.71,aer,4096,outputs/reps_Brickwork_entanglement1/slurm_DAYAQWLKDGGPSSGRPPPS_amber/replica_991/replica_991.pdb,outputs/reps_Brickwork_entanglement1/slurm_DAYAQWLKDGGPSSGRPPPS_amber/replica_991/replica_991_ca.pdb
731,2158524116,random,DAYAQWLKDGGPSSGRPPPS,amber,-61.10808502383401,7.3653135836756265,23.28127673336572,10.448452342869562,11.253883418624879,6.910665322709527,943.58,aer,4096,outputs/reps_Brickwork_entanglement1/slurm_DAYAQWLKDGGPSSGRPPPS_amber/replica_731/replica_731.pdb,outputs/reps_Brickwork_entanglement1/slurm_DAYAQWLKDGGPSSGRPPPS_amber/replica_731/replica_731_ca.pdb
840,2158524225,random,DAYAQWLKDGGPSSGRPPPS,amber,16.82947211765821,7.367336964696056,24.995582893957977,9.451116774578065,11.253883418624879,6.910665322709527,1211.36,aer,4096,outputs/reps_Brickwork_entanglement1/slurm_DAYAQWLKDGGPSSGRPPPS_amber/replica_840/replica_840.pdb,outputs/reps_Brickwork_entanglement1/slurm_DAYAQWLKDGGPSSGRPPPS_amber/replica_840/replica_840_ca.pdb
310,2158523695,random,DAYAQWLKDGGPSSGRPPPS,amber,-104.94128063959468,7.36895842700547,31.19252797672737,11.445924088470127,11.253883418624879,6.910665322709527,1206.04,aer,4096,outputs/reps_Brickwork_entanglement1/slurm_DAYAQWLKDGGPSSGRPPPS_amber/replica_310/replica_310.pdb,outputs/reps_Brickwork_entanglement1/slurm_DAYAQWLKDGGPSSGRPPPS_amber/replica_310/replica_310_ca.pdb
669,2158524054,random,DAYAQWLKDGGPSSGRPPPS,amber,-84.2317604746605,7.373565802173103,22.638850126973892,10.751958574917587,11.253883418624879,6.910665322709527,1739.53,aer,4096,outputs/reps_Brickwork_entanglement1/slurm_DAYAQWLKDGGPSSGRPPPS_amber/replica_669/replica_669.pdb,outputs/reps_Brickwork_entanglement1/slurm_DAYAQWLKDGGPSSGRPPPS_amber/replica_669/replica_669_ca.pdb
83,2158523468,random,DAYAQWLKDGGPSSGRPPPS,amber,-161.89906021834668,7.375738789499501,22.765034495386242,11.186199203712384,11.253883418624879,6.910665322709527,994.85,aer,4096,outputs/reps_Brickwork_entanglement1/slurm_DAYAQWLKDGGPSSGRPPPS_amber/replica_83/replica_83.pdb,outputs/reps_Brickwork_entanglement1/slurm_DAYAQWLKDGGPSSGRPPPS_amber/replica_83/replica_83_ca.pdb
958,2158524343,random,DAYAQWLKDGGPSSGRPPPS,amber,-49.13009293342546,7.379218523342325,22.67746422674283,9.73937344366534,11.253883418624879,6.910665322709527,978.92,aer,4096,outputs/reps_Brickwork_entanglement1/slurm_DAYAQWLKDGGPSSGRPPPS_amber/replica_958/replica_958.pdb,outputs/reps_Brickwork_entanglement1/slurm_DAYAQWLKDGGPSSGRPPPS_amber/replica_958/replica_958_ca.pdb
985,2158524370,random,DAYAQWLKDGGPSSGRPPPS,amber,-237.496867861226,7.388008129620297,12.500622946660425,9.5290898008712,11.253883418624879,6.910665322709527,974.0,aer,4096,outputs/reps_Brickwork_entanglement1/slurm_DAYAQWLKDGGPSSGRPPPS_amber/replica_985/replica_985.pdb,outputs/reps_Brickwork_entanglement1/slurm_DAYAQWLKDGGPSSGRPPPS_amber/replica_985/replica_985_ca.pdb
696,2158524081,random,DAYAQWLKDGGPSSGRPPPS,amber,-161.9100322749762,7.388716293690775,22.78269886204625,11.51957208470152,11.253883418624879,6.910665322709527,1056.44,aer,4096,outputs/reps_Brickwork_entanglement1/slurm_DAYAQWLKDGGPSSGRPPPS_amber/replica_696/replica_696.pdb,outputs/reps_Brickwork_entanglement1/slurm_DAYAQWLKDGGPSSGRPPPS_amber/replica_696/replica_696_ca.pdb
928,2158524313,random,DAYAQWLKDGGPSSGRPPPS,amber,-148.2420257228557,7.3933640291417015,21.123782697146716,10.244087164883405,11.253883418624879,6.910665322709527,1018.92,aer,4096,outputs/reps_Brickwork_entanglement1/slurm_DAYAQWLKDGGPSSGRPPPS_amber/replica_928/replica_928.pdb,outputs/reps_Brickwork_entanglement1/slurm_DAYAQWLKDGGPSSGRPPPS_amber/replica_928/replica_928_ca.pdb
497,2158523882,random,DAYAQWLKDGGPSSGRPPPS,amber,-120.99781416580339,7.401971710326216,19.75567020217653,9.958970614624777,11.253883418624879,6.910665322709527,1003.74,aer,4096,outputs/reps_Brickwork_entanglement1/slurm_DAYAQWLKDGGPSSGRPPPS_amber/replica_497/replica_497.pdb,outputs/reps_Brickwork_entanglement1/slurm_DAYAQWLKDGGPSSGRPPPS_amber/replica_497/replica_497_ca.pdb
105,2158523490,random,DAYAQWLKDGGPSSGRPPPS,amber,-194.18439554173452,7.402303779488972,23.12449647485916,10.207010413953068,11.253883418624879,6.910665322709527,870.17,aer,4096,outputs/reps_Brickwork_entanglement1/slurm_DAYAQWLKDGGPSSGRPPPS_amber/replica_105/replica_105.pdb,outputs/reps_Brickwork_entanglement1/slurm_DAYAQWLKDGGPSSGRPPPS_amber/replica_105/replica_105_ca.pdb
606,2158523991,random,DAYAQWLKDGGPSSGRPPPS,amber,-123.4134176167917,7.405057022102545,28.348229987218215,11.963314193526553,11.253883418624879,6.910665322709527,1047.68,aer,4096,outputs/reps_Brickwork_entanglement1/slurm_DAYAQWLKDGGPSSGRPPPS_amber/replica_606/replica_606.pdb,outputs/reps_Brickwork_entanglement1/slurm_DAYAQWLKDGGPSSGRPPPS_amber/replica_606/replica_606_ca.pdb
486,2158523871,random,DAYAQWLKDGGPSSGRPPPS,amber,-79.08855581889263,7.411695450003352,23.476775921916037,11.574148225214216,11.253883418624879,6.910665322709527,758.75,aer,4096,outputs/reps_Brickwork_entanglement1/slurm_DAYAQWLKDGGPSSGRPPPS_amber/replica_486/replica_486.pdb,outputs/reps_Brickwork_entanglement1/slurm_DAYAQWLKDGGPSSGRPPPS_amber/replica_486/replica_486_ca.pdb
425,2158523810,random,DAYAQWLKDGGPSSGRPPPS,amber,498.8633212879791,7.417059113121606,23.239714931540835,10.594764515191125,11.253883418624879,6.910665322709527,676.76,aer,4096,outputs/reps_Brickwork_entanglement1/slurm_DAYAQWLKDGGPSSGRPPPS_amber/replica_425/replica_425.pdb,outputs/reps_Brickwork_entanglement1/slurm_DAYAQWLKDGGPSSGRPPPS_amber/replica_425/replica_425_ca.pdb
12,2158523397,random,DAYAQWLKDGGPSSGRPPPS,amber,-138.6221533000299,7.418212686519415,20.74818381868352,10.11841480580027,11.253883418624879,6.910665322709527,731.4,aer,4096,outputs/reps_Brickwork_entanglement1/slurm_DAYAQWLKDGGPSSGRPPPS_amber/replica_12/replica_12.pdb,outputs/reps_Brickwork_entanglement1/slurm_DAYAQWLKDGGPSSGRPPPS_amber/replica_12/replica_12_ca.pdb
965,2158524350,random,DAYAQWLKDGGPSSGRPPPS,amber,-125.4428936051931,7.421197213109555,22.07481314865865,10.630269689857693,11.253883418624879,6.910665322709527,1208.61,aer,4096,outputs/reps_Brickwork_entanglement1/slurm_DAYAQWLKDGGPSSGRPPPS_amber/replica_965/replica_965.pdb,outputs/reps_Brickwork_entanglement1/slurm_DAYAQWLKDGGPSSGRPPPS_amber/replica_965/replica_965_ca.pdb
878,2158524263,random,DAYAQWLKDGGPSSGRPPPS,amber,759.7184834850966,7.423098389146094,21.149697424446618,10.797032271997498,11.253883418624879,6.910665322709527,632.95,aer,4096,outputs/reps_Brickwork_entanglement1/slurm_DAYAQWLKDGGPSSGRPPPS_amber/replica_878/replica_878.pdb,outputs/reps_Brickwork_entanglement1/slurm_DAYAQWLKDGGPSSGRPPPS_amber/replica_878/replica_878_ca.pdb
225,2158523610,random,DAYAQWLKDGGPSSGRPPPS,amber,-121.33645844019006,7.428454492461019,24.193856736861925,11.466962114485826,11.253883418624879,6.910665322709527,831.93,aer,4096,outputs/reps_Brickwork_entanglement1/slurm_DAYAQWLKDGGPSSGRPPPS_amber/replica_225/replica_225.pdb,outputs/reps_Brickwork_entanglement1/slurm_DAYAQWLKDGGPSSGRPPPS_amber/replica_225/replica_225_ca.pdb
476,2158523861,random,DAYAQWLKDGGPSSGRPPPS,amber,-141.8977155277386,7.433501444733394,19.20319117833995,9.503574153661457,11.253883418624879,6.910665322709527,1137.59,aer,4096,outputs/reps_Brickwork_entanglement1/slurm_DAYAQWLKDGGPSSGRPPPS_amber/replica_476/replica_476.pdb,outputs/reps_Brickwork_entanglement1/slurm_DAYAQWLKDGGPSSGRPPPS_amber/replica_476/replica_476_ca.pdb
545,2158523930,random,DAYAQWLKDGGPSSGRPPPS,amber,-96.90571466419209,7.434891185136493,14.791900835711294,9.879591054988678,11.253883418624879,6.910665322709527,874.14,aer,4096,outputs/reps_Brickwork_entanglement1/slurm_DAYAQWLKDGGPSSGRPPPS_amber/replica_545/replica_545.pdb,outputs/reps_Brickwork_entanglement1/slurm_DAYAQWLKDGGPSSGRPPPS_amber/replica_545/replica_545_ca.pdb
551,2158523936,random,DAYAQWLKDGGPSSGRPPPS,amber,-73.89487719220752,7.435051161500218,14.152952101619848,9.847879588815438,11.253883418624879,6.910665322709527,786.37,aer,4096,outputs/reps_Brickwork_entanglement1/slurm_DAYAQWLKDGGPSSGRPPPS_amber/replica_551/replica_551.pdb,outputs/reps_Brickwork_entanglement1/slurm_DAYAQWLKDGGPSSGRPPPS_amber/replica_551/replica_551_ca.pdb
887,2158524272,random,DAYAQWLKDGGPSSGRPPPS,amber,-115.69529506970501,7.436815540664871,25.69194293549164,10.424030130359474,11.253883418624879,6.910665322709527,1269.09,aer,4096,outputs/reps_Brickwork_entanglement1/slurm_DAYAQWLKDGGPSSGRPPPS_amber/replica_887/replica_887.pdb,outputs/reps_Brickwork_entanglement1/slurm_DAYAQWLKDGGPSSGRPPPS_amber/replica_887/replica_887_ca.pdb
165,2158523550,random,DAYAQWLKDGGPSSGRPPPS,amber,-162.63639026689467,7.4423618288624285,18.673094197727067,9.31603146309717,11.253883418624879,6.910665322709527,1197.75,aer,4096,outputs/reps_Brickwork_entanglement1/slurm_DAYAQWLKDGGPSSGRPPPS_amber/replica_165/replica_165.pdb,outputs/reps_Brickwork_entanglement1/slurm_DAYAQWLKDGGPSSGRPPPS_amber/replica_165/replica_165_ca.pdb
716,2158524101,random,DAYAQWLKDGGPSSGRPPPS,amber,17.568965265137983,7.449876667802685,21.287331978884662,10.923226935935801,11.253883418624879,6.910665322709527,840.12,aer,4096,outputs/reps_Brickwork_entanglement1/slurm_DAYAQWLKDGGPSSGRPPPS_amber/replica_716/replica_716.pdb,outputs/reps_Brickwork_entanglement1/slurm_DAYAQWLKDGGPSSGRPPPS_amber/replica_716/replica_716_ca.pdb
239,2158523624,random,DAYAQWLKDGGPSSGRPPPS,amber,16.419985476155535,7.450312452025463,23.610461807953637,9.28167138897313,11.253883418624879,6.910665322709527,789.35,aer,4096,outputs/reps_Brickwork_entanglement1/slurm_DAYAQWLKDGGPSSGRPPPS_amber/replica_239/replica_239.pdb,outputs/reps_Brickwork_entanglement1/slurm_DAYAQWLKDGGPSSGRPPPS_amber/replica_239/replica_239_ca.pdb
881,2158524266,random,DAYAQWLKDGGPSSGRPPPS,amber,-51.94880972034115,7.450411637818391,24.366388605191116,9.762402745463945,11.253883418624879,6.910665322709527,1078.42,aer,4096,outputs/reps_Brickwork_entanglement1/slurm_DAYAQWLKDGGPSSGRPPPS_amber/replica_881/replica_881.pdb,outputs/reps_Brickwork_entanglement1/slurm_DAYAQWLKDGGPSSGRPPPS_amber/replica_881/replica_881_ca.pdb
599,2158523984,random,DAYAQWLKDGGPSSGRPPPS,amber,-111.71164423957777,7.454607031735655,24.98054904393221,11.501963229047494,11.253883418624879,6.910665322709527,893.43,aer,4096,outputs/reps_Brickwork_entanglement1/slurm_DAYAQWLKDGGPSSGRPPPS_amber/replica_599/replica_599.pdb,outputs/reps_Brickwork_entanglement1/slurm_DAYAQWLKDGGPSSGRPPPS_amber/replica_599/replica_599_ca.pdb
619,2158524004,random,DAYAQWLKDGGPSSGRPPPS,amber,-50.84834544877047,7.454744293489658,22.349001658757068,10.44482401426456,11.253883418624879,6.910665322709527,1301.38,aer,4096,outputs/reps_Brickwork_entanglement1/slurm_DAYAQWLKDGGPSSGRPPPS_amber/replica_619/replica_619.pdb,outputs/reps_Brickwork_entanglement1/slurm_DAYAQWLKDGGPSSGRPPPS_amber/replica_619/replica_619_ca.pdb
988,2158524373,random,DAYAQWLKDGGPSSGRPPPS,amber,-5.9231801904618395,7.4594600813572045,24.263206075084415,11.103329593896731,11.253883418624879,6.910665322709527,781.89,aer,4096,outputs/reps_Brickwork_entanglement1/slurm_DAYAQWLKDGGPSSGRPPPS_amber/replica_988/replica_988.pdb,outputs/reps_Brickwork_entanglement1/slurm_DAYAQWLKDGGPSSGRPPPS_amber/replica_988/replica_988_ca.pdb
412,2158523797,random,DAYAQWLKDGGPSSGRPPPS,amber,-232.75991519522157,7.467126493549947,27.862650077416287,10.89153506192425,11.253883418624879,6.910665322709527,787.49,aer,4096,outputs/reps_Brickwork_entanglement1/slurm_DAYAQWLKDGGPSSGRPPPS_amber/replica_412/replica_412.pdb,outputs/reps_Brickwork_entanglement1/slurm_DAYAQWLKDGGPSSGRPPPS_amber/replica_412/replica_412_ca.pdb
240,2158523625,random,DAYAQWLKDGGPSSGRPPPS,amber,-74.9743733723629,7.467140616653684,23.591672290205505,10.738632293648145,11.253883418624879,6.910665322709527,872.23,aer,4096,outputs/reps_Brickwork_entanglement1/slurm_DAYAQWLKDGGPSSGRPPPS_amber/replica_240/replica_240.pdb,outputs/reps_Brickwork_entanglement1/slurm_DAYAQWLKDGGPSSGRPPPS_amber/replica_240/replica_240_ca.pdb
227,2158523612,random,DAYAQWLKDGGPSSGRPPPS,amber,-115.47930124269665,7.474503625965058,22.055150783383752,9.632093962028346,11.253883418624879,6.910665322709527,712.09,aer,4096,outputs/reps_Brickwork_entanglement1/slurm_DAYAQWLKDGGPSSGRPPPS_amber/replica_227/replica_227.pdb,outputs/reps_Brickwork_entanglement1/slurm_DAYAQWLKDGGPSSGRPPPS_amber/replica_227/replica_227_ca.pdb
951,2158524336,random,DAYAQWLKDGGPSSGRPPPS,amber,148.79576705232392,7.4796783689046595,20.689714030491036,10.141974717925986,11.253883418624879,6.910665322709527,1712.92,aer,4096,outputs/reps_Brickwork_entanglement1/slurm_DAYAQWLKDGGPSSGRPPPS_amber/replica_951/replica_951.pdb,outputs/reps_Brickwork_entanglement1/slurm_DAYAQWLKDGGPSSGRPPPS_amber/replica_951/replica_951_ca.pdb
572,2158523957,random,DAYAQWLKDGGPSSGRPPPS,amber,-64.44975018990642,7.4880764373281545,15.03099258983931,10.32565654437243,11.253883418624879,6.910665322709527,1082.4,aer,4096,outputs/reps_Brickwork_entanglement1/slurm_DAYAQWLKDGGPSSGRPPPS_amber/replica_572/replica_572.pdb,outputs/reps_Brickwork_entanglement1/slurm_DAYAQWLKDGGPSSGRPPPS_amber/replica_572/replica_572_ca.pdb
657,2158524042,random,DAYAQWLKDGGPSSGRPPPS,amber,-77.98093776402995,7.489633974751206,19.915692664565924,10.514755048360792,11.253883418624879,6.910665322709527,1327.22,aer,4096,outputs/reps_Brickwork_entanglement1/slurm_DAYAQWLKDGGPSSGRPPPS_amber/replica_657/replica_657.pdb,outputs/reps_Brickwork_entanglement1/slurm_DAYAQWLKDGGPSSGRPPPS_amber/replica_657/replica_657_ca.pdb
528,2158523913,random,DAYAQWLKDGGPSSGRPPPS,amber,-139.9385331657869,7.4896715163786824,25.212846809303443,10.91815094207505,11.253883418624879,6.910665322709527,992.52,aer,4096,outputs/reps_Brickwork_entanglement1/slurm_DAYAQWLKDGGPSSGRPPPS_amber/replica_528/replica_528.pdb,outputs/reps_Brickwork_entanglement1/slurm_DAYAQWLKDGGPSSGRPPPS_amber/replica_528/replica_528_ca.pdb
613,2158523998,random,DAYAQWLKDGGPSSGRPPPS,amber,-77.6306319663605,7.489791061352773,24.004802060757527,9.540648253825085,11.253883418624879,6.910665322709527,896.56,aer,4096,outputs/reps_Brickwork_entanglement1/slurm_DAYAQWLKDGGPSSGRPPPS_amber/replica_613/replica_613.pdb,outputs/reps_Brickwork_entanglement1/slurm_DAYAQWLKDGGPSSGRPPPS_amber/replica_613/replica_613_ca.pdb
242,2158523627,random,DAYAQWLKDGGPSSGRPPPS,amber,-80.91293260657534,7.4933971967071615,23.543737663457893,11.01239561691628,11.253883418624879,6.910665322709527,1342.66,aer,4096,outputs/reps_Brickwork_entanglement1/slurm_DAYAQWLKDGGPSSGRPPPS_amber/replica_242/replica_242.pdb,outputs/reps_Brickwork_entanglement1/slurm_DAYAQWLKDGGPSSGRPPPS_amber/replica_242/replica_242_ca.pdb
842,2158524227,random,DAYAQWLKDGGPSSGRPPPS,amber,-50.09350342805752,7.4940094389099,21.897055468715187,9.856238682391956,11.253883418624879,6.910665322709527,1633.98,aer,4096,outputs/reps_Brickwork_entanglement1/slurm_DAYAQWLKDGGPSSGRPPPS_amber/replica_842/replica_842.pdb,outputs/reps_Brickwork_entanglement1/slurm_DAYAQWLKDGGPSSGRPPPS_amber/replica_842/replica_842_ca.pdb
517,2158523902,random,DAYAQWLKDGGPSSGRPPPS,amber,-65.31463532812552,7.499986263173963,27.042936831924187,11.615433540778918,11.253883418624879,6.910665322709527,944.87,aer,4096,outputs/reps_Brickwork_entanglement1/slurm_DAYAQWLKDGGPSSGRPPPS_amber/replica_517/replica_517.pdb,outputs/reps_Brickwork_entanglement1/slurm_DAYAQWLKDGGPSSGRPPPS_amber/replica_517/replica_517_ca.pdb
262,2158523647,random,DAYAQWLKDGGPSSGRPPPS,amber,1059.958965874129,7.503111558078961,27.13504132150155,10.849804310124595,11.253883418624879,6.910665322709527,371.17,aer,4096,outputs/reps_Brickwork_entanglement1/slurm_DAYAQWLKDGGPSSGRPPPS_amber/replica_262/replica_262.pdb,outputs/reps_Brickwork_entanglement1/slurm_DAYAQWLKDGGPSSGRPPPS_amber/replica_262/replica_262_ca.pdb
451,2158523836,random,DAYAQWLKDGGPSSGRPPPS,amber,125.30810777205512,7.5056302949187925,20.015923178285483,9.744690687636693,11.253883418624879,6.910665322709527,986.25,aer,4096,outputs/reps_Brickwork_entanglement1/slurm_DAYAQWLKDGGPSSGRPPPS_amber/replica_451/replica_451.pdb,outputs/reps_Brickwork_entanglement1/slurm_DAYAQWLKDGGPSSGRPPPS_amber/replica_451/replica_451_ca.pdb
495,2158523880,random,DAYAQWLKDGGPSSGRPPPS,amber,-157.59605633735515,7.516525803102023,18.65137893317909,9.154284912815395,11.253883418624879,6.910665322709527,902.17,aer,4096,outputs/reps_Brickwork_entanglement1/slurm_DAYAQWLKDGGPSSGRPPPS_amber/replica_495/replica_495.pdb,outputs/reps_Brickwork_entanglement1/slurm_DAYAQWLKDGGPSSGRPPPS_amber/replica_495/replica_495_ca.pdb
571,2158523956,random,DAYAQWLKDGGPSSGRPPPS,amber,-167.20098462906157,7.516920950284654,22.51931917036953,10.697655144051883,11.253883418624879,6.910665322709527,704.89,aer,4096,outputs/reps_Brickwork_entanglement1/slurm_DAYAQWLKDGGPSSGRPPPS_amber/replica_571/replica_571.pdb,outputs/reps_Brickwork_entanglement1/slurm_DAYAQWLKDGGPSSGRPPPS_amber/replica_571/replica_571_ca.pdb
848,2158524233,random,DAYAQWLKDGGPSSGRPPPS,amber,-20.24858148826585,7.523407832938173,23.32876640911992,10.799762966266957,11.253883418624879,6.910665322709527,814.07,aer,4096,outputs/reps_Brickwork_entanglement1/slurm_DAYAQWLKDGGPSSGRPPPS_amber/replica_848/replica_848.pdb,outputs/reps_Brickwork_entanglement1/slurm_DAYAQWLKDGGPSSGRPPPS_amber/replica_848/replica_848_ca.pdb
549,2158523934,random,DAYAQWLKDGGPSSGRPPPS,amber,-27.302945895029477,7.530235651179898,22.863100370355745,10.22285571564993,11.253883418624879,6.910665322709527,1088.38,aer,4096,outputs/reps_Brickwork_entanglement1/slurm_DAYAQWLKDGGPSSGRPPPS_amber/replica_549/replica_549.pdb,outputs/reps_Brickwork_entanglement1/slurm_DAYAQWLKDGGPSSGRPPPS_amber/replica_549/replica_549_ca.pdb
624,2158524009,random,DAYAQWLKDGGPSSGRPPPS,amber,-38.645137837089784,7.532457072275361,10.552008972634923,9.32617533049456,11.253883418624879,6.910665322709527,1390.53,aer,4096,outputs/reps_Brickwork_entanglement1/slurm_DAYAQWLKDGGPSSGRPPPS_amber/replica_624/replica_624.pdb,outputs/reps_Brickwork_entanglement1/slurm_DAYAQWLKDGGPSSGRPPPS_amber/replica_624/replica_624_ca.pdb
703,2158524088,random,DAYAQWLKDGGPSSGRPPPS,amber,986.0746351923442,7.543880010382894,14.162092158096844,10.168292394534717,11.253883418624879,6.910665322709527,509.47,aer,4096,outputs/reps_Brickwork_entanglement1/slurm_DAYAQWLKDGGPSSGRPPPS_amber/replica_703/replica_703.pdb,outputs/reps_Brickwork_entanglement1/slurm_DAYAQWLKDGGPSSGRPPPS_amber/replica_703/replica_703_ca.pdb
936,2158524321,random,DAYAQWLKDGGPSSGRPPPS,amber,-49.54008789248397,7.54646808706889,15.588634620010032,9.832426361001444,11.253883418624879,6.910665322709527,1252.92,aer,4096,outputs/reps_Brickwork_entanglement1/slurm_DAYAQWLKDGGPSSGRPPPS_amber/replica_936/replica_936.pdb,outputs/reps_Brickwork_entanglement1/slurm_DAYAQWLKDGGPSSGRPPPS_amber/replica_936/replica_936_ca.pdb
155,2158523540,random,DAYAQWLKDGGPSSGRPPPS,amber,-100.9137418279883,7.5531442026862425,23.153738177147243,10.598166659191962,11.253883418624879,6.910665322709527,958.58,aer,4096,outputs/reps_Brickwork_entanglement1/slurm_DAYAQWLKDGGPSSGRPPPS_amber/replica_155/replica_155.pdb,outputs/reps_Brickwork_entanglement1/slurm_DAYAQWLKDGGPSSGRPPPS_amber/replica_155/replica_155_ca.pdb
231,2158523616,random,DAYAQWLKDGGPSSGRPPPS,amber,-42.12803863417099,7.562144727680927,20.08675535489617,9.840524063242091,11.253883418624879,6.910665322709527,1656.83,aer,4096,outputs/reps_Brickwork_entanglement1/slurm_DAYAQWLKDGGPSSGRPPPS_amber/replica_231/replica_231.pdb,outputs/reps_Brickwork_entanglement1/slurm_DAYAQWLKDGGPSSGRPPPS_amber/replica_231/replica_231_ca.pdb
280,2158523665,random,DAYAQWLKDGGPSSGRPPPS,amber,-28.2934091238938,7.568802893324221,19.507989966525454,10.31134163466681,11.253883418624879,6.910665322709527,1436.12,aer,4096,outputs/reps_Brickwork_entanglement1/slurm_DAYAQWLKDGGPSSGRPPPS_amber/replica_280/replica_280.pdb,outputs/reps_Brickwork_entanglement1/slurm_DAYAQWLKDGGPSSGRPPPS_amber/replica_280/replica_280_ca.pdb
195,2158523580,random,DAYAQWLKDGGPSSGRPPPS,amber,-25.37864737889106,7.569780776253825,28.944592020921796,9.841582403048195,11.253883418624879,6.910665322709527,1164.04,aer,4096,outputs/reps_Brickwork_entanglement1/slurm_DAYAQWLKDGGPSSGRPPPS_amber/replica_195/replica_195.pdb,outputs/reps_Brickwork_entanglement1/slurm_DAYAQWLKDGGPSSGRPPPS_amber/replica_195/replica_195_ca.pdb
741,2158524126,random,DAYAQWLKDGGPSSGRPPPS,amber,-132.68650456890532,7.577702278208321,20.50038066864319,10.693666374653597,11.253883418624879,6.910665322709527,900.98,aer,4096,outputs/reps_Brickwork_entanglement1/slurm_DAYAQWLKDGGPSSGRPPPS_amber/replica_741/replica_741.pdb,outputs/reps_Brickwork_entanglement1/slurm_DAYAQWLKDGGPSSGRPPPS_amber/replica_741/replica_741_ca.pdb
312,2158523697,random,DAYAQWLKDGGPSSGRPPPS,amber,68.86043474069402,7.580741379001477,22.41939345889067,10.137903455537389,11.253883418624879,6.910665322709527,746.59,aer,4096,outputs/reps_Brickwork_entanglement1/slurm_DAYAQWLKDGGPSSGRPPPS_amber/replica_312/replica_312.pdb,outputs/reps_Brickwork_entanglement1/slurm_DAYAQWLKDGGPSSGRPPPS_amber/replica_312/replica_312_ca.pdb
782,2158524167,random,DAYAQWLKDGGPSSGRPPPS,amber,-45.16745466648042,7.586510112740955,25.570538926062127,10.190858797401681,11.253883418624879,6.910665322709527,1265.22,aer,4096,outputs/reps_Brickwork_entanglement1/slurm_DAYAQWLKDGGPSSGRPPPS_amber/replica_782/replica_782.pdb,outputs/reps_Brickwork_entanglement1/slurm_DAYAQWLKDGGPSSGRPPPS_amber/replica_782/replica_782_ca.pdb
515,2158523900,random,DAYAQWLKDGGPSSGRPPPS,amber,-197.96977652736035,7.594389567840374,28.761047233354333,11.178961528528616,11.253883418624879,6.910665322709527,981.67,aer,4096,outputs/reps_Brickwork_entanglement1/slurm_DAYAQWLKDGGPSSGRPPPS_amber/replica_515/replica_515.pdb,outputs/reps_Brickwork_entanglement1/slurm_DAYAQWLKDGGPSSGRPPPS_amber/replica_515/replica_515_ca.pdb
77,2158523462,random,DAYAQWLKDGGPSSGRPPPS,amber,-78.32235605765482,7.5949178603120355,23.458597704105223,10.71367542420138,11.253883418624879,6.910665322709527,1219.22,aer,4096,outputs/reps_Brickwork_entanglement1/slurm_DAYAQWLKDGGPSSGRPPPS_amber/replica_77/replica_77.pdb,outputs/reps_Brickwork_entanglement1/slurm_DAYAQWLKDGGPSSGRPPPS_amber/replica_77/replica_77_ca.pdb
473,2158523858,random,DAYAQWLKDGGPSSGRPPPS,amber,-229.6972903256785,7.602356488097449,20.393880986401594,9.910414580777706,11.253883418624879,6.910665322709527,786.94,aer,4096,outputs/reps_Brickwork_entanglement1/slurm_DAYAQWLKDGGPSSGRPPPS_amber/replica_473/replica_473.pdb,outputs/reps_Brickwork_entanglement1/slurm_DAYAQWLKDGGPSSGRPPPS_amber/replica_473/replica_473_ca.pdb
433,2158523818,random,DAYAQWLKDGGPSSGRPPPS,amber,-119.52160168730973,7.60415113781805,24.74246840368927,10.871394107301892,11.253883418624879,6.910665322709527,1147.27,aer,4096,outputs/reps_Brickwork_entanglement1/slurm_DAYAQWLKDGGPSSGRPPPS_amber/replica_433/replica_433.pdb,outputs/reps_Brickwork_entanglement1/slurm_DAYAQWLKDGGPSSGRPPPS_amber/replica_433/replica_433_ca.pdb
706,2158524091,random,DAYAQWLKDGGPSSGRPPPS,amber,-57.4005603913502,7.613367925669751,27.5074279808937,10.326105878744995,11.253883418624879,6.910665322709527,1306.41,aer,4096,outputs/reps_Brickwork_entanglement1/slurm_DAYAQWLKDGGPSSGRPPPS_amber/replica_706/replica_706.pdb,outputs/reps_Brickwork_entanglement1/slurm_DAYAQWLKDGGPSSGRPPPS_amber/replica_706/replica_706_ca.pdb
53,2158523438,random,DAYAQWLKDGGPSSGRPPPS,amber,-247.97031379490173,7.634583807153915,26.439231511221518,10.86203418163769,11.253883418624879,6.910665322709527,1538.89,aer,4096,outputs/reps_Brickwork_entanglement1/slurm_DAYAQWLKDGGPSSGRPPPS_amber/replica_53/replica_53.pdb,outputs/reps_Brickwork_entanglement1/slurm_DAYAQWLKDGGPSSGRPPPS_amber/replica_53/replica_53_ca.pdb
788,2158524173,random,DAYAQWLKDGGPSSGRPPPS,amber,-59.59120418133863,7.638518536588324,30.19769029562642,11.147402295354055,11.253883418624879,6.910665322709527,963.85,aer,4096,outputs/reps_Brickwork_entanglement1/slurm_DAYAQWLKDGGPSSGRPPPS_amber/replica_788/replica_788.pdb,outputs/reps_Brickwork_entanglement1/slurm_DAYAQWLKDGGPSSGRPPPS_amber/replica_788/replica_788_ca.pdb
504,2158523889,random,DAYAQWLKDGGPSSGRPPPS,amber,-26.189168399563926,7.657130169965752,21.742832523444395,10.961222661465309,11.253883418624879,6.910665322709527,658.44,aer,4096,outputs/reps_Brickwork_entanglement1/slurm_DAYAQWLKDGGPSSGRPPPS_amber/replica_504/replica_504.pdb,outputs/reps_Brickwork_entanglement1/slurm_DAYAQWLKDGGPSSGRPPPS_amber/replica_504/replica_504_ca.pdb
163,2158523548,random,DAYAQWLKDGGPSSGRPPPS,amber,-151.69277734973465,7.660570393692411,22.647700006713478,10.863140850293433,11.253883418624879,6.910665322709527,913.39,aer,4096,outputs/reps_Brickwork_entanglement1/slurm_DAYAQWLKDGGPSSGRPPPS_amber/replica_163/replica_163.pdb,outputs/reps_Brickwork_entanglement1/slurm_DAYAQWLKDGGPSSGRPPPS_amber/replica_163/replica_163_ca.pdb
689,2158524074,random,DAYAQWLKDGGPSSGRPPPS,amber,659.1805312734917,7.6631215145221745,17.247172801621545,10.58360434619323,11.253883418624879,6.910665322709527,559.65,aer,4096,outputs/reps_Brickwork_entanglement1/slurm_DAYAQWLKDGGPSSGRPPPS_amber/replica_689/replica_689.pdb,outputs/reps_Brickwork_entanglement1/slurm_DAYAQWLKDGGPSSGRPPPS_amber/replica_689/replica_689_ca.pdb
831,2158524216,random,DAYAQWLKDGGPSSGRPPPS,amber,-8.11662195425031,7.663766044945613,22.995869956735337,10.411031656523512,11.253883418624879,6.910665322709527,1112.4,aer,4096,outputs/reps_Brickwork_entanglement1/slurm_DAYAQWLKDGGPSSGRPPPS_amber/replica_831/replica_831.pdb,outputs/reps_Brickwork_entanglement1/slurm_DAYAQWLKDGGPSSGRPPPS_amber/replica_831/replica_831_ca.pdb
685,2158524070,random,DAYAQWLKDGGPSSGRPPPS,amber,-203.70920123504152,7.664059588152632,24.73898101614545,10.530101310669542,11.253883418624879,6.910665322709527,880.5,aer,4096,outputs/reps_Brickwork_entanglement1/slurm_DAYAQWLKDGGPSSGRPPPS_amber/replica_685/replica_685.pdb,outputs/reps_Brickwork_entanglement1/slurm_DAYAQWLKDGGPSSGRPPPS_amber/replica_685/replica_685_ca.pdb
208,2158523593,random,DAYAQWLKDGGPSSGRPPPS,amber,-88.05147169237347,7.675504621001478,24.69891637262525,10.043106627185319,11.253883418624879,6.910665322709527,928.34,aer,4096,outputs/reps_Brickwork_entanglement1/slurm_DAYAQWLKDGGPSSGRPPPS_amber/replica_208/replica_208.pdb,outputs/reps_Brickwork_entanglement1/slurm_DAYAQWLKDGGPSSGRPPPS_amber/replica_208/replica_208_ca.pdb
52,2158523437,random,DAYAQWLKDGGPSSGRPPPS,amber,134.29546634172445,7.678005414936226,24.156488180938705,10.251806590167199,11.253883418624879,6.910665322709527,1265.07,aer,4096,outputs/reps_Brickwork_entanglement1/slurm_DAYAQWLKDGGPSSGRPPPS_amber/replica_52/replica_52.pdb,outputs/reps_Brickwork_entanglement1/slurm_DAYAQWLKDGGPSSGRPPPS_amber/replica_52/replica_52_ca.pdb
591,2158523976,random,DAYAQWLKDGGPSSGRPPPS,amber,32.532600096147966,7.678897630055213,24.934608993592455,10.788598059532355,11.253883418624879,6.910665322709527,1264.24,aer,4096,outputs/reps_Brickwork_entanglement1/slurm_DAYAQWLKDGGPSSGRPPPS_amber/replica_591/replica_591.pdb,outputs/reps_Brickwork_entanglement1/slurm_DAYAQWLKDGGPSSGRPPPS_amber/replica_591/replica_591_ca.pdb
941,2158524326,random,DAYAQWLKDGGPSSGRPPPS,amber,-83.33741910461184,7.686658412220448,22.895451560806812,10.343530932572778,11.253883418624879,6.910665322709527,1018.76,aer,4096,outputs/reps_Brickwork_entanglement1/slurm_DAYAQWLKDGGPSSGRPPPS_amber/replica_941/replica_941.pdb,outputs/reps_Brickwork_entanglement1/slurm_DAYAQWLKDGGPSSGRPPPS_amber/replica_941/replica_941_ca.pdb
892,2158524277,random,DAYAQWLKDGGPSSGRPPPS,amber,-109.73859907601917,7.689691073326279,22.618297826654185,10.959433820134294,11.253883418624879,6.910665322709527,1612.5,aer,4096,outputs/reps_Brickwork_entanglement1/slurm_DAYAQWLKDGGPSSGRPPPS_amber/replica_892/replica_892.pdb,outputs/reps_Brickwork_entanglement1/slurm_DAYAQWLKDGGPSSGRPPPS_amber/replica_892/replica_892_ca.pdb
610,2158523995,random,DAYAQWLKDGGPSSGRPPPS,amber,533.7026572873377,7.689989187364836,15.514661394818317,10.52246478808447,11.253883418624879,6.910665322709527,360.21,aer,4096,outputs/reps_Brickwork_entanglement1/slurm_DAYAQWLKDGGPSSGRPPPS_amber/replica_610/replica_610.pdb,outputs/reps_Brickwork_entanglement1/slurm_DAYAQWLKDGGPSSGRPPPS_amber/replica_610/replica_610_ca.pdb
235,2158523620,random,DAYAQWLKDGGPSSGRPPPS,amber,23.94927800959276,7.692822340788735,18.555600206030775,9.73340470404989,11.253883418624879,6.910665322709527,1018.0,aer,4096,outputs/reps_Brickwork_entanglement1/slurm_DAYAQWLKDGGPSSGRPPPS_amber/replica_235/replica_235.pdb,outputs/reps_Brickwork_entanglement1/slurm_DAYAQWLKDGGPSSGRPPPS_amber/replica_235/replica_235_ca.pdb
908,2158524293,random,DAYAQWLKDGGPSSGRPPPS,amber,-37.71698229678644,7.7018880749671315,26.30910869386506,11.263520727758754,11.253883418624879,6.910665322709527,781.87,aer,4096,outputs/reps_Brickwork_entanglement1/slurm_DAYAQWLKDGGPSSGRPPPS_amber/replica_908/replica_908.pdb,outputs/reps_Brickwork_entanglement1/slurm_DAYAQWLKDGGPSSGRPPPS_amber/replica_908/replica_908_ca.pdb
692,2158524077,random,DAYAQWLKDGGPSSGRPPPS,amber,-88.85317892832497,7.703299668724176,23.594838542387382,10.863878190374734,11.253883418624879,6.910665322709527,767.65,aer,4096,outputs/reps_Brickwork_entanglement1/slurm_DAYAQWLKDGGPSSGRPPPS_amber/replica_692/replica_692.pdb,outputs/reps_Brickwork_entanglement1/slurm_DAYAQWLKDGGPSSGRPPPS_amber/replica_692/replica_692_ca.pdb
223,2158523608,random,DAYAQWLKDGGPSSGRPPPS,amber,-49.046558482950275,7.7213827606430385,24.409063382426286,10.792208513388234,11.253883418624879,6.910665322709527,872.7,aer,4096,outputs/reps_Brickwork_entanglement1/slurm_DAYAQWLKDGGPSSGRPPPS_amber/replica_223/replica_223.pdb,outputs/reps_Brickwork_entanglement1/slurm_DAYAQWLKDGGPSSGRPPPS_amber/replica_223/replica_223_ca.pdb
131,2158523516,random,DAYAQWLKDGGPSSGRPPPS,amber,-98.60113700511458,7.721683120329355,12.49899368633259,9.99522834789592,11.253883418624879,6.910665322709527,1766.54,aer,4096,outputs/reps_Brickwork_entanglement1/slurm_DAYAQWLKDGGPSSGRPPPS_amber/replica_131/replica_131.pdb,outputs/reps_Brickwork_entanglement1/slurm_DAYAQWLKDGGPSSGRPPPS_amber/replica_131/replica_131_ca.pdb
704,2158524089,random,DAYAQWLKDGGPSSGRPPPS,amber,-129.21706607644694,7.727321592363774,21.791757398385595,10.950950377462537,11.253883418624879,6.910665322709527,1028.85,aer,4096,outputs/reps_Brickwork_entanglement1/slurm_DAYAQWLKDGGPSSGRPPPS_amber/replica_704/replica_704.pdb,outputs/reps_Brickwork_entanglement1/slurm_DAYAQWLKDGGPSSGRPPPS_amber/replica_704/replica_704_ca.pdb
897,2158524282,random,DAYAQWLKDGGPSSGRPPPS,amber,-6.266188446963429,7.729552195529734,21.804881519448397,11.356638975241925,11.253883418624879,6.910665322709527,1378.22,aer,4096,outputs/reps_Brickwork_entanglement1/slurm_DAYAQWLKDGGPSSGRPPPS_amber/replica_897/replica_897.pdb,outputs/reps_Brickwork_entanglement1/slurm_DAYAQWLKDGGPSSGRPPPS_amber/replica_897/replica_897_ca.pdb
927,2158524312,random,DAYAQWLKDGGPSSGRPPPS,amber,46.455869961968475,7.729869219190699,22.421671292493603,10.693336980837408,11.253883418624879,6.910665322709527,1689.5,aer,4096,outputs/reps_Brickwork_entanglement1/slurm_DAYAQWLKDGGPSSGRPPPS_amber/replica_927/replica_927.pdb,outputs/reps_Brickwork_entanglement1/slurm_DAYAQWLKDGGPSSGRPPPS_amber/replica_927/replica_927_ca.pdb
841,2158524226,random,DAYAQWLKDGGPSSGRPPPS,amber,-57.270141161873276,7.7362775327230064,28.182449794485457,10.486055614324336,11.253883418624879,6.910665322709527,1103.65,aer,4096,outputs/reps_Brickwork_entanglement1/slurm_DAYAQWLKDGGPSSGRPPPS_amber/replica_841/replica_841.pdb,outputs/reps_Brickwork_entanglement1/slurm_DAYAQWLKDGGPSSGRPPPS_amber/replica_841/replica_841_ca.pdb
380,2158523765,random,DAYAQWLKDGGPSSGRPPPS,amber,-108.09569494020313,7.738356367248739,24.17798045545282,10.39075541915573,11.253883418624879,6.910665322709527,899.32,aer,4096,outputs/reps_Brickwork_entanglement1/slurm_DAYAQWLKDGGPSSGRPPPS_amber/replica_380/replica_380.pdb,outputs/reps_Brickwork_entanglement1/slurm_DAYAQWLKDGGPSSGRPPPS_amber/replica_380/replica_380_ca.pdb
672,2158524057,random,DAYAQWLKDGGPSSGRPPPS,amber,568.0054507252686,7.764092406153555,24.621559753478753,10.093196095476843,11.253883418624879,6.910665322709527,723.3,aer,4096,outputs/reps_Brickwork_entanglement1/slurm_DAYAQWLKDGGPSSGRPPPS_amber/replica_672/replica_672.pdb,outputs/reps_Brickwork_entanglement1/slurm_DAYAQWLKDGGPSSGRPPPS_amber/replica_672/replica_672_ca.pdb
193,2158523578,random,DAYAQWLKDGGPSSGRPPPS,amber,-71.7959135107101,7.768396139132814,22.980964134352366,11.506138447147908,11.253883418624879,6.910665322709527,1270.36,aer,4096,outputs/reps_Brickwork_entanglement1/slurm_DAYAQWLKDGGPSSGRPPPS_amber/replica_193/replica_193.pdb,outputs/reps_Brickwork_entanglement1/slurm_DAYAQWLKDGGPSSGRPPPS_amber/replica_193/replica_193_ca.pdb
233,2158523618,random,DAYAQWLKDGGPSSGRPPPS,amber,-137.86484006483622,7.780615409486057,28.915818503289763,11.536353816704983,11.253883418624879,6.910665322709527,701.73,aer,4096,outputs/reps_Brickwork_entanglement1/slurm_DAYAQWLKDGGPSSGRPPPS_amber/replica_233/replica_233.pdb,outputs/reps_Brickwork_entanglement1/slurm_DAYAQWLKDGGPSSGRPPPS_amber/replica_233/replica_233_ca.pdb
456,2158523841,random,DAYAQWLKDGGPSSGRPPPS,amber,-187.7237360206461,7.781722989429412,22.95465661508472,10.85376230800521,11.253883418624879,6.910665322709527,1474.18,aer,4096,outputs/reps_Brickwork_entanglement1/slurm_DAYAQWLKDGGPSSGRPPPS_amber/replica_456/replica_456.pdb,outputs/reps_Brickwork_entanglement1/slurm_DAYAQWLKDGGPSSGRPPPS_amber/replica_456/replica_456_ca.pdb
276,2158523661,random,DAYAQWLKDGGPSSGRPPPS,amber,-142.78528693861205,7.785371768288052,23.966940772066806,11.663856577311511,11.253883418624879,6.910665322709527,716.04,aer,4096,outputs/reps_Brickwork_entanglement1/slurm_DAYAQWLKDGGPSSGRPPPS_amber/replica_276/replica_276.pdb,outputs/reps_Brickwork_entanglement1/slurm_DAYAQWLKDGGPSSGRPPPS_amber/replica_276/replica_276_ca.pdb
213,2158523598,random,DAYAQWLKDGGPSSGRPPPS,amber,75.05671951728684,7.789010654091941,22.847890612778063,11.23770479194545,11.253883418624879,6.910665322709527,1586.7,aer,4096,outputs/reps_Brickwork_entanglement1/slurm_DAYAQWLKDGGPSSGRPPPS_amber/replica_213/replica_213.pdb,outputs/reps_Brickwork_entanglement1/slurm_DAYAQWLKDGGPSSGRPPPS_amber/replica_213/replica_213_ca.pdb
8,2158523393,random,DAYAQWLKDGGPSSGRPPPS,amber,14.818934814973987,7.790156872231645,21.627193706771234,10.039264519195594,11.253883418624879,6.910665322709527,903.63,aer,4096,outputs/reps_Brickwork_entanglement1/slurm_DAYAQWLKDGGPSSGRPPPS_amber/replica_8/replica_8.pdb,outputs/reps_Brickwork_entanglement1/slurm_DAYAQWLKDGGPSSGRPPPS_amber/replica_8/replica_8_ca.pdb
175,2158523560,random,DAYAQWLKDGGPSSGRPPPS,amber,-25.791894328031155,7.790518581320729,24.916413532728114,10.69767340889516,11.253883418624879,6.910665322709527,1302.08,aer,4096,outputs/reps_Brickwork_entanglement1/slurm_DAYAQWLKDGGPSSGRPPPS_amber/replica_175/replica_175.pdb,outputs/reps_Brickwork_entanglement1/slurm_DAYAQWLKDGGPSSGRPPPS_amber/replica_175/replica_175_ca.pdb
116,2158523501,random,DAYAQWLKDGGPSSGRPPPS,amber,-44.577223287817176,7.792486456368266,21.79159064881379,10.978697968864946,11.253883418624879,6.910665322709527,941.43,aer,4096,outputs/reps_Brickwork_entanglement1/slurm_DAYAQWLKDGGPSSGRPPPS_amber/replica_116/replica_116.pdb,outputs/reps_Brickwork_entanglement1/slurm_DAYAQWLKDGGPSSGRPPPS_amber/replica_116/replica_116_ca.pdb
498,2158523883,random,DAYAQWLKDGGPSSGRPPPS,amber,-94.46298809768174,7.794249730111862,19.991593960820442,10.677324489352882,11.253883418624879,6.910665322709527,1339.81,aer,4096,outputs/reps_Brickwork_entanglement1/slurm_DAYAQWLKDGGPSSGRPPPS_amber/replica_498/replica_498.pdb,outputs/reps_Brickwork_entanglement1/slurm_DAYAQWLKDGGPSSGRPPPS_amber/replica_498/replica_498_ca.pdb
553,2158523938,random,DAYAQWLKDGGPSSGRPPPS,amber,-61.301832633649724,7.798660668453208,21.22246303683156,10.365699953181288,11.253883418624879,6.910665322709527,865.06,aer,4096,outputs/reps_Brickwork_entanglement1/slurm_DAYAQWLKDGGPSSGRPPPS_amber/replica_553/replica_553.pdb,outputs/reps_Brickwork_entanglement1/slurm_DAYAQWLKDGGPSSGRPPPS_amber/replica_553/replica_553_ca.pdb
400,2158523785,random,DAYAQWLKDGGPSSGRPPPS,amber,-12.536074612762082,7.799506640496936,24.550119731798517,9.78337895507944,11.253883418624879,6.910665322709527,1836.45,aer,4096,outputs/reps_Brickwork_entanglement1/slurm_DAYAQWLKDGGPSSGRPPPS_amber/replica_400/replica_400.pdb,outputs/reps_Brickwork_entanglement1/slurm_DAYAQWLKDGGPSSGRPPPS_amber/replica_400/replica_400_ca.pdb
597,2158523982,random,DAYAQWLKDGGPSSGRPPPS,amber,-229.8774145471689,7.810188796608392,27.635123458204898,11.515728134221924,11.253883418624879,6.910665322709527,1123.06,aer,4096,outputs/reps_Brickwork_entanglement1/slurm_DAYAQWLKDGGPSSGRPPPS_amber/replica_597/replica_597.pdb,outputs/reps_Brickwork_entanglement1/slurm_DAYAQWLKDGGPSSGRPPPS_amber/replica_597/replica_597_ca.pdb
772,2158524157,random,DAYAQWLKDGGPSSGRPPPS,amber,-230.8801874641942,7.817234761567169,23.43911397326013,10.289061393704134,11.253883418624879,6.910665322709527,743.98,aer,4096,outputs/reps_Brickwork_entanglement1/slurm_DAYAQWLKDGGPSSGRPPPS_amber/replica_772/replica_772.pdb,outputs/reps_Brickwork_entanglement1/slurm_DAYAQWLKDGGPSSGRPPPS_amber/replica_772/replica_772_ca.pdb
562,2158523947,random,DAYAQWLKDGGPSSGRPPPS,amber,736.6019117794427,7.818066324818673,23.72869478672122,10.407051951315623,11.253883418624879,6.910665322709527,406.13,aer,4096,outputs/reps_Brickwork_entanglement1/slurm_DAYAQWLKDGGPSSGRPPPS_amber/replica_562/replica_562.pdb,outputs/reps_Brickwork_entanglement1/slurm_DAYAQWLKDGGPSSGRPPPS_amber/replica_562/replica_562_ca.pdb
420,2158523805,random,DAYAQWLKDGGPSSGRPPPS,amber,35.243830554397746,7.821322290663909,22.20532044086311,10.749609900610322,11.253883418624879,6.910665322709527,1539.18,aer,4096,outputs/reps_Brickwork_entanglement1/slurm_DAYAQWLKDGGPSSGRPPPS_amber/replica_420/replica_420.pdb,outputs/reps_Brickwork_entanglement1/slurm_DAYAQWLKDGGPSSGRPPPS_amber/replica_420/replica_420_ca.pdb
969,2158524354,random,DAYAQWLKDGGPSSGRPPPS,amber,-61.41955087112355,7.826620282960059,27.660165385652977,12.00073162938616,11.253883418624879,6.910665322709527,937.98,aer,4096,outputs/reps_Brickwork_entanglement1/slurm_DAYAQWLKDGGPSSGRPPPS_amber/replica_969/replica_969.pdb,outputs/reps_Brickwork_entanglement1/slurm_DAYAQWLKDGGPSSGRPPPS_amber/replica_969/replica_969_ca.pdb
428,2158523813,random,DAYAQWLKDGGPSSGRPPPS,amber,-34.74268333826635,7.828844359810841,26.322043854384926,10.184559998076095,11.253883418624879,6.910665322709527,852.98,aer,4096,outputs/reps_Brickwork_entanglement1/slurm_DAYAQWLKDGGPSSGRPPPS_amber/replica_428/replica_428.pdb,outputs/reps_Brickwork_entanglement1/slurm_DAYAQWLKDGGPSSGRPPPS_amber/replica_428/replica_428_ca.pdb
584,2158523969,random,DAYAQWLKDGGPSSGRPPPS,amber,-141.11994880058606,7.835145140449078,23.74628817440672,11.271433193641908,11.253883418624879,6.910665322709527,907.96,aer,4096,outputs/reps_Brickwork_entanglement1/slurm_DAYAQWLKDGGPSSGRPPPS_amber/replica_584/replica_584.pdb,outputs/reps_Brickwork_entanglement1/slurm_DAYAQWLKDGGPSSGRPPPS_amber/replica_584/replica_584_ca.pdb
699,2158524084,random,DAYAQWLKDGGPSSGRPPPS,amber,559.790664869333,7.837435898185955,23.736846413170802,11.203704553818834,11.253883418624879,6.910665322709527,481.39,aer,4096,outputs/reps_Brickwork_entanglement1/slurm_DAYAQWLKDGGPSSGRPPPS_amber/replica_699/replica_699.pdb,outputs/reps_Brickwork_entanglement1/slurm_DAYAQWLKDGGPSSGRPPPS_amber/replica_699/replica_699_ca.pdb
536,2158523921,random,DAYAQWLKDGGPSSGRPPPS,amber,-52.569174001970964,7.839609034155038,25.00258509557126,10.58286867326032,11.253883418624879,6.910665322709527,1591.37,aer,4096,outputs/reps_Brickwork_entanglement1/slurm_DAYAQWLKDGGPSSGRPPPS_amber/replica_536/replica_536.pdb,outputs/reps_Brickwork_entanglement1/slurm_DAYAQWLKDGGPSSGRPPPS_amber/replica_536/replica_536_ca.pdb
651,2158524036,random,DAYAQWLKDGGPSSGRPPPS,amber,527.9917889048182,7.839667061107337,25.263620662955287,10.00346211615327,11.253883418624879,6.910665322709527,678.36,aer,4096,outputs/reps_Brickwork_entanglement1/slurm_DAYAQWLKDGGPSSGRPPPS_amber/replica_651/replica_651.pdb,outputs/reps_Brickwork_entanglement1/slurm_DAYAQWLKDGGPSSGRPPPS_amber/replica_651/replica_651_ca.pdb
321,2158523706,random,DAYAQWLKDGGPSSGRPPPS,amber,-75.4032444792475,7.849916956705913,20.827177128611638,10.454457190684536,11.253883418624879,6.910665322709527,810.93,aer,4096,outputs/reps_Brickwork_entanglement1/slurm_DAYAQWLKDGGPSSGRPPPS_amber/replica_321/replica_321.pdb,outputs/reps_Brickwork_entanglement1/slurm_DAYAQWLKDGGPSSGRPPPS_amber/replica_321/replica_321_ca.pdb
489,2158523874,random,DAYAQWLKDGGPSSGRPPPS,amber,-51.983132404523005,7.850865974311407,23.63964455920475,11.381178958354095,11.253883418624879,6.910665322709527,1229.77,aer,4096,outputs/reps_Brickwork_entanglement1/slurm_DAYAQWLKDGGPSSGRPPPS_amber/replica_489/replica_489.pdb,outputs/reps_Brickwork_entanglement1/slurm_DAYAQWLKDGGPSSGRPPPS_amber/replica_489/replica_489_ca.pdb
261,2158523646,random,DAYAQWLKDGGPSSGRPPPS,amber,-118.66107836009178,7.856897352641639,22.091818368283484,10.904923262732948,11.253883418624879,6.910665322709527,915.22,aer,4096,outputs/reps_Brickwork_entanglement1/slurm_DAYAQWLKDGGPSSGRPPPS_amber/replica_261/replica_261.pdb,outputs/reps_Brickwork_entanglement1/slurm_DAYAQWLKDGGPSSGRPPPS_amber/replica_261/replica_261_ca.pdb
924,2158524309,random,DAYAQWLKDGGPSSGRPPPS,amber,-30.725505881578133,7.860186203357265,24.45061346284941,11.087708350329915,11.253883418624879,6.910665322709527,1019.46,aer,4096,outputs/reps_Brickwork_entanglement1/slurm_DAYAQWLKDGGPSSGRPPPS_amber/replica_924/replica_924.pdb,outputs/reps_Brickwork_entanglement1/slurm_DAYAQWLKDGGPSSGRPPPS_amber/replica_924/replica_924_ca.pdb
997,2158524382,random,DAYAQWLKDGGPSSGRPPPS,amber,-36.15113687106654,7.861120389427859,30.09859661194761,11.0635748988584,11.253883418624879,6.910665322709527,1470.36,aer,4096,outputs/reps_Brickwork_entanglement1/slurm_DAYAQWLKDGGPSSGRPPPS_amber/replica_997/replica_997.pdb,outputs/reps_Brickwork_entanglement1/slurm_DAYAQWLKDGGPSSGRPPPS_amber/replica_997/replica_997_ca.pdb
426,2158523811,random,DAYAQWLKDGGPSSGRPPPS,amber,3.350215737087309,7.8642849516443,24.627122536108477,11.430035422242511,11.253883418624879,6.910665322709527,1478.81,aer,4096,outputs/reps_Brickwork_entanglement1/slurm_DAYAQWLKDGGPSSGRPPPS_amber/replica_426/replica_426.pdb,outputs/reps_Brickwork_entanglement1/slurm_DAYAQWLKDGGPSSGRPPPS_amber/replica_426/replica_426_ca.pdb
236,2158523621,random,DAYAQWLKDGGPSSGRPPPS,amber,-106.92391976991617,7.873051078489431,32.04778732285498,10.927007635743156,11.253883418624879,6.910665322709527,1479.25,aer,4096,outputs/reps_Brickwork_entanglement1/slurm_DAYAQWLKDGGPSSGRPPPS_amber/replica_236/replica_236.pdb,outputs/reps_Brickwork_entanglement1/slurm_DAYAQWLKDGGPSSGRPPPS_amber/replica_236/replica_236_ca.pdb
25,2158523410,random,DAYAQWLKDGGPSSGRPPPS,amber,-15.359025821459593,7.88371861712092,21.12934304105059,11.242274943836998,11.253883418624879,6.910665322709527,1151.63,aer,4096,outputs/reps_Brickwork_entanglement1/slurm_DAYAQWLKDGGPSSGRPPPS_amber/replica_25/replica_25.pdb,outputs/reps_Brickwork_entanglement1/slurm_DAYAQWLKDGGPSSGRPPPS_amber/replica_25/replica_25_ca.pdb
950,2158524335,random,DAYAQWLKDGGPSSGRPPPS,amber,687.1740290375632,7.886460786270145,24.47637442622243,10.7486073739111,11.253883418624879,6.910665322709527,819.11,aer,4096,outputs/reps_Brickwork_entanglement1/slurm_DAYAQWLKDGGPSSGRPPPS_amber/replica_950/replica_950.pdb,outputs/reps_Brickwork_entanglement1/slurm_DAYAQWLKDGGPSSGRPPPS_amber/replica_950/replica_950_ca.pdb
387,2158523772,random,DAYAQWLKDGGPSSGRPPPS,amber,-10.527071879907204,7.8922431722594775,25.59662795728873,9.66333906929698,11.253883418624879,6.910665322709527,858.1,aer,4096,outputs/reps_Brickwork_entanglement1/slurm_DAYAQWLKDGGPSSGRPPPS_amber/replica_387/replica_387.pdb,outputs/reps_Brickwork_entanglement1/slurm_DAYAQWLKDGGPSSGRPPPS_amber/replica_387/replica_387_ca.pdb
912,2158524297,random,DAYAQWLKDGGPSSGRPPPS,amber,-125.10924269510453,7.894710140307424,23.620614522059416,10.911943837858663,11.253883418624879,6.910665322709527,1211.6,aer,4096,outputs/reps_Brickwork_entanglement1/slurm_DAYAQWLKDGGPSSGRPPPS_amber/replica_912/replica_912.pdb,outputs/reps_Brickwork_entanglement1/slurm_DAYAQWLKDGGPSSGRPPPS_amber/replica_912/replica_912_ca.pdb
360,2158523745,random,DAYAQWLKDGGPSSGRPPPS,amber,-151.69232317043813,7.897337926263579,23.238821368926867,10.922216943426681,11.253883418624879,6.910665322709527,1259.45,aer,4096,outputs/reps_Brickwork_entanglement1/slurm_DAYAQWLKDGGPSSGRPPPS_amber/replica_360/replica_360.pdb,outputs/reps_Brickwork_entanglement1/slurm_DAYAQWLKDGGPSSGRPPPS_amber/replica_360/replica_360_ca.pdb
385,2158523770,random,DAYAQWLKDGGPSSGRPPPS,amber,47.11665810395696,7.902358196338562,26.33014528948675,11.191777403069926,11.253883418624879,6.910665322709527,1368.72,aer,4096,outputs/reps_Brickwork_entanglement1/slurm_DAYAQWLKDGGPSSGRPPPS_amber/replica_385/replica_385.pdb,outputs/reps_Brickwork_entanglement1/slurm_DAYAQWLKDGGPSSGRPPPS_amber/replica_385/replica_385_ca.pdb
589,2158523974,random,DAYAQWLKDGGPSSGRPPPS,amber,-18.679241924681893,7.9070600025890245,24.48538352995566,11.294304643694751,11.253883418624879,6.910665322709527,1763.17,aer,4096,outputs/reps_Brickwork_entanglement1/slurm_DAYAQWLKDGGPSSGRPPPS_amber/replica_589/replica_589.pdb,outputs/reps_Brickwork_entanglement1/slurm_DAYAQWLKDGGPSSGRPPPS_amber/replica_589/replica_589_ca.pdb
695,2158524080,random,DAYAQWLKDGGPSSGRPPPS,amber,-51.813873741831905,7.918098118848956,29.030517408135832,12.243753654678002,11.253883418624879,6.910665322709527,684.24,aer,4096,outputs/reps_Brickwork_entanglement1/slurm_DAYAQWLKDGGPSSGRPPPS_amber/replica_695/replica_695.pdb,outputs/reps_Brickwork_entanglement1/slurm_DAYAQWLKDGGPSSGRPPPS_amber/replica_695/replica_695_ca.pdb
339,2158523724,random,DAYAQWLKDGGPSSGRPPPS,amber,-187.27186667110266,7.937366061859883,22.18080537671891,11.482160264352299,11.253883418624879,6.910665322709527,1133.32,aer,4096,outputs/reps_Brickwork_entanglement1/slurm_DAYAQWLKDGGPSSGRPPPS_amber/replica_339/replica_339.pdb,outputs/reps_Brickwork_entanglement1/slurm_DAYAQWLKDGGPSSGRPPPS_amber/replica_339/replica_339_ca.pdb
675,2158524060,random,DAYAQWLKDGGPSSGRPPPS,amber,-80.07824627528865,7.943213967651012,31.858951608735712,11.035506972771342,11.253883418624879,6.910665322709527,872.07,aer,4096,outputs/reps_Brickwork_entanglement1/slurm_DAYAQWLKDGGPSSGRPPPS_amber/replica_675/replica_675.pdb,outputs/reps_Brickwork_entanglement1/slurm_DAYAQWLKDGGPSSGRPPPS_amber/replica_675/replica_675_ca.pdb
316,2158523701,random,DAYAQWLKDGGPSSGRPPPS,amber,-114.78567076484381,7.945741482590258,25.013322174598407,11.022254491240545,11.253883418624879,6.910665322709527,730.3,aer,4096,outputs/reps_Brickwork_entanglement1/slurm_DAYAQWLKDGGPSSGRPPPS_amber/replica_316/replica_316.pdb,outputs/reps_Brickwork_entanglement1/slurm_DAYAQWLKDGGPSSGRPPPS_amber/replica_316/replica_316_ca.pdb
209,2158523594,random,DAYAQWLKDGGPSSGRPPPS,amber,-14.117758026248096,7.946255287554645,26.982035732933316,11.508583737548985,11.253883418624879,6.910665322709527,1209.96,aer,4096,outputs/reps_Brickwork_entanglement1/slurm_DAYAQWLKDGGPSSGRPPPS_amber/replica_209/replica_209.pdb,outputs/reps_Brickwork_entanglement1/slurm_DAYAQWLKDGGPSSGRPPPS_amber/replica_209/replica_209_ca.pdb
292,2158523677,random,DAYAQWLKDGGPSSGRPPPS,amber,130.82280740776,7.9470535915944716,24.70720157826208,11.350103022653386,11.253883418624879,6.910665322709527,1544.8,aer,4096,outputs/reps_Brickwork_entanglement1/slurm_DAYAQWLKDGGPSSGRPPPS_amber/replica_292/replica_292.pdb,outputs/reps_Brickwork_entanglement1/slurm_DAYAQWLKDGGPSSGRPPPS_amber/replica_292/replica_292_ca.pdb
592,2158523977,random,DAYAQWLKDGGPSSGRPPPS,amber,591.8607227914491,7.94891017359796,23.217089534122664,10.951662957917726,11.253883418624879,6.910665322709527,2531.47,aer,4096,outputs/reps_Brickwork_entanglement1/slurm_DAYAQWLKDGGPSSGRPPPS_amber/replica_592/replica_592.pdb,outputs/reps_Brickwork_entanglement1/slurm_DAYAQWLKDGGPSSGRPPPS_amber/replica_592/replica_592_ca.pdb
124,2158523509,random,DAYAQWLKDGGPSSGRPPPS,amber,5.5917011836674035,7.953909187801139,25.703488093616496,10.745882138957445,11.253883418624879,6.910665322709527,1045.43,aer,4096,outputs/reps_Brickwork_entanglement1/slurm_DAYAQWLKDGGPSSGRPPPS_amber/replica_124/replica_124.pdb,outputs/reps_Brickwork_entanglement1/slurm_DAYAQWLKDGGPSSGRPPPS_amber/replica_124/replica_124_ca.pdb
36,2158523421,random,DAYAQWLKDGGPSSGRPPPS,amber,114.02124119694247,7.954757709963253,20.97149762152103,10.916847000540027,11.253883418624879,6.910665322709527,1745.59,aer,4096,outputs/reps_Brickwork_entanglement1/slurm_DAYAQWLKDGGPSSGRPPPS_amber/replica_36/replica_36.pdb,outputs/reps_Brickwork_entanglement1/slurm_DAYAQWLKDGGPSSGRPPPS_amber/replica_36/replica_36_ca.pdb
873,2158524258,random,DAYAQWLKDGGPSSGRPPPS,amber,-37.211516021701094,7.954847139588823,22.42914743837303,10.841129549169892,11.253883418624879,6.910665322709527,1147.19,aer,4096,outputs/reps_Brickwork_entanglement1/slurm_DAYAQWLKDGGPSSGRPPPS_amber/replica_873/replica_873.pdb,outputs/reps_Brickwork_entanglement1/slurm_DAYAQWLKDGGPSSGRPPPS_amber/replica_873/replica_873_ca.pdb
114,2158523499,random,DAYAQWLKDGGPSSGRPPPS,amber,-71.97614334857441,7.962181448033734,24.471445829028774,10.72657494343319,11.253883418624879,6.910665322709527,726.62,aer,4096,outputs/reps_Brickwork_entanglement1/slurm_DAYAQWLKDGGPSSGRPPPS_amber/replica_114/replica_114.pdb,outputs/reps_Brickwork_entanglement1/slurm_DAYAQWLKDGGPSSGRPPPS_amber/replica_114/replica_114_ca.pdb
410,2158523795,random,DAYAQWLKDGGPSSGRPPPS,amber,-46.80013654981988,7.966147955635323,26.056657416691635,11.242160543360056,11.253883418624879,6.910665322709527,886.61,aer,4096,outputs/reps_Brickwork_entanglement1/slurm_DAYAQWLKDGGPSSGRPPPS_amber/replica_410/replica_410.pdb,outputs/reps_Brickwork_entanglement1/slurm_DAYAQWLKDGGPSSGRPPPS_amber/replica_410/replica_410_ca.pdb
726,2158524111,random,DAYAQWLKDGGPSSGRPPPS,amber,14.230142752829778,7.969353515453304,20.491690046418395,9.709463928091592,11.253883418624879,6.910665322709527,1283.97,aer,4096,outputs/reps_Brickwork_entanglement1/slurm_DAYAQWLKDGGPSSGRPPPS_amber/replica_726/replica_726.pdb,outputs/reps_Brickwork_entanglement1/slurm_DAYAQWLKDGGPSSGRPPPS_amber/replica_726/replica_726_ca.pdb
544,2158523929,random,DAYAQWLKDGGPSSGRPPPS,amber,-72.00327463499923,7.976106076601894,24.75734085158385,10.587118617447803,11.253883418624879,6.910665322709527,870.23,aer,4096,outputs/reps_Brickwork_entanglement1/slurm_DAYAQWLKDGGPSSGRPPPS_amber/replica_544/replica_544.pdb,outputs/reps_Brickwork_entanglement1/slurm_DAYAQWLKDGGPSSGRPPPS_amber/replica_544/replica_544_ca.pdb
363,2158523748,random,DAYAQWLKDGGPSSGRPPPS,amber,-233.40468921836253,7.979916771615604,27.776825470982367,10.580834405357018,11.253883418624879,6.910665322709527,1149.44,aer,4096,outputs/reps_Brickwork_entanglement1/slurm_DAYAQWLKDGGPSSGRPPPS_amber/replica_363/replica_363.pdb,outputs/reps_Brickwork_entanglement1/slurm_DAYAQWLKDGGPSSGRPPPS_amber/replica_363/replica_363_ca.pdb
199,2158523584,random,DAYAQWLKDGGPSSGRPPPS,amber,-23.120738480571642,7.993149232731705,17.484511718978155,10.336602138017845,11.253883418624879,6.910665322709527,915.63,aer,4096,outputs/reps_Brickwork_entanglement1/slurm_DAYAQWLKDGGPSSGRPPPS_amber/replica_199/replica_199.pdb,outputs/reps_Brickwork_entanglement1/slurm_DAYAQWLKDGGPSSGRPPPS_amber/replica_199/replica_199_ca.pdb
215,2158523600,random,DAYAQWLKDGGPSSGRPPPS,amber,-81.4314844620495,7.99756883118278,26.160387543169985,11.03287739297895,11.253883418624879,6.910665322709527,694.77,aer,4096,outputs/reps_Brickwork_entanglement1/slurm_DAYAQWLKDGGPSSGRPPPS_amber/replica_215/replica_215.pdb,outputs/reps_Brickwork_entanglement1/slurm_DAYAQWLKDGGPSSGRPPPS_amber/replica_215/replica_215_ca.pdb
858,2158524243,random,DAYAQWLKDGGPSSGRPPPS,amber,84.64286538327879,7.998090278603845,25.47125662957254,10.473070960680282,11.253883418624879,6.910665322709527,740.59,aer,4096,outputs/reps_Brickwork_entanglement1/slurm_DAYAQWLKDGGPSSGRPPPS_amber/replica_858/replica_858.pdb,outputs/reps_Brickwork_entanglement1/slurm_DAYAQWLKDGGPSSGRPPPS_amber/replica_858/replica_858_ca.pdb
906,2158524291,random,DAYAQWLKDGGPSSGRPPPS,amber,-192.29612452834252,8.003780867515134,24.025990335761797,11.799635024404386,11.253883418624879,6.910665322709527,1031.4,aer,4096,outputs/reps_Brickwork_entanglement1/slurm_DAYAQWLKDGGPSSGRPPPS_amber/replica_906/replica_906.pdb,outputs/reps_Brickwork_entanglement1/slurm_DAYAQWLKDGGPSSGRPPPS_amber/replica_906/replica_906_ca.pdb
499,2158523884,random,DAYAQWLKDGGPSSGRPPPS,amber,-140.93663285040074,8.019747785772008,24.126217128152,10.881047884057196,11.253883418624879,6.910665322709527,1420.72,aer,4096,outputs/reps_Brickwork_entanglement1/slurm_DAYAQWLKDGGPSSGRPPPS_amber/replica_499/replica_499.pdb,outputs/reps_Brickwork_entanglement1/slurm_DAYAQWLKDGGPSSGRPPPS_amber/replica_499/replica_499_ca.pdb
890,2158524275,random,DAYAQWLKDGGPSSGRPPPS,amber,-109.75169149009506,8.027134686185887,26.14214495984989,11.440183945162763,11.253883418624879,6.910665322709527,1157.18,aer,4096,outputs/reps_Brickwork_entanglement1/slurm_DAYAQWLKDGGPSSGRPPPS_amber/replica_890/replica_890.pdb,outputs/reps_Brickwork_entanglement1/slurm_DAYAQWLKDGGPSSGRPPPS_amber/replica_890/replica_890_ca.pdb
170,2158523555,random,DAYAQWLKDGGPSSGRPPPS,amber,-10.489457450117673,8.032559668138527,12.847123448518147,9.850669072490168,11.253883418624879,6.910665322709527,1021.34,aer,4096,outputs/reps_Brickwork_entanglement1/slurm_DAYAQWLKDGGPSSGRPPPS_amber/replica_170/replica_170.pdb,outputs/reps_Brickwork_entanglement1/slurm_DAYAQWLKDGGPSSGRPPPS_amber/replica_170/replica_170_ca.pdb
459,2158523844,random,DAYAQWLKDGGPSSGRPPPS,amber,-168.23963620838254,8.032934015454238,25.371768735746436,10.514117938067493,11.253883418624879,6.910665322709527,880.36,aer,4096,outputs/reps_Brickwork_entanglement1/slurm_DAYAQWLKDGGPSSGRPPPS_amber/replica_459/replica_459.pdb,outputs/reps_Brickwork_entanglement1/slurm_DAYAQWLKDGGPSSGRPPPS_amber/replica_459/replica_459_ca.pdb
628,2158524013,random,DAYAQWLKDGGPSSGRPPPS,amber,-38.09064696840153,8.034343914839278,27.848528258935488,12.12813101309261,11.253883418624879,6.910665322709527,1032.6,aer,4096,outputs/reps_Brickwork_entanglement1/slurm_DAYAQWLKDGGPSSGRPPPS_amber/replica_628/replica_628.pdb,outputs/reps_Brickwork_entanglement1/slurm_DAYAQWLKDGGPSSGRPPPS_amber/replica_628/replica_628_ca.pdb
830,2158524215,random,DAYAQWLKDGGPSSGRPPPS,amber,-125.1752847025171,8.036234218220828,20.94632730288825,10.265633320137242,11.253883418624879,6.910665322709527,1134.79,aer,4096,outputs/reps_Brickwork_entanglement1/slurm_DAYAQWLKDGGPSSGRPPPS_amber/replica_830/replica_830.pdb,outputs/reps_Brickwork_entanglement1/slurm_DAYAQWLKDGGPSSGRPPPS_amber/replica_830/replica_830_ca.pdb
818,2158524203,random,DAYAQWLKDGGPSSGRPPPS,amber,-78.93521621425867,8.036673114309245,20.327087268247116,11.303941473205166,11.253883418624879,6.910665322709527,1276.98,aer,4096,outputs/reps_Brickwork_entanglement1/slurm_DAYAQWLKDGGPSSGRPPPS_amber/replica_818/replica_818.pdb,outputs/reps_Brickwork_entanglement1/slurm_DAYAQWLKDGGPSSGRPPPS_amber/replica_818/replica_818_ca.pdb
907,2158524292,random,DAYAQWLKDGGPSSGRPPPS,amber,-41.122027616588625,8.04114771163323,24.258493427159785,10.504485627746154,11.253883418624879,6.910665322709527,1472.02,aer,4096,outputs/reps_Brickwork_entanglement1/slurm_DAYAQWLKDGGPSSGRPPPS_amber/replica_907/replica_907.pdb,outputs/reps_Brickwork_entanglement1/slurm_DAYAQWLKDGGPSSGRPPPS_amber/replica_907/replica_907_ca.pdb
327,2158523712,random,DAYAQWLKDGGPSSGRPPPS,amber,-64.33968871997817,8.042979479718717,23.678969326093586,10.900518558229306,11.253883418624879,6.910665322709527,694.27,aer,4096,outputs/reps_Brickwork_entanglement1/slurm_DAYAQWLKDGGPSSGRPPPS_amber/replica_327/replica_327.pdb,outputs/reps_Brickwork_entanglement1/slurm_DAYAQWLKDGGPSSGRPPPS_amber/replica_327/replica_327_ca.pdb
260,2158523645,random,DAYAQWLKDGGPSSGRPPPS,amber,-89.8294808941947,8.04736342955362,21.4177056148201,11.304869292211986,11.253883418624879,6.910665322709527,1583.56,aer,4096,outputs/reps_Brickwork_entanglement1/slurm_DAYAQWLKDGGPSSGRPPPS_amber/replica_260/replica_260.pdb,outputs/reps_Brickwork_entanglement1/slurm_DAYAQWLKDGGPSSGRPPPS_amber/replica_260/replica_260_ca.pdb
128,2158523513,random,DAYAQWLKDGGPSSGRPPPS,amber,-54.79788862162789,8.054567111276128,23.655320785115396,10.26885561570993,11.253883418624879,6.910665322709527,770.13,aer,4096,outputs/reps_Brickwork_entanglement1/slurm_DAYAQWLKDGGPSSGRPPPS_amber/replica_128/replica_128.pdb,outputs/reps_Brickwork_entanglement1/slurm_DAYAQWLKDGGPSSGRPPPS_amber/replica_128/replica_128_ca.pdb
512,2158523897,random,DAYAQWLKDGGPSSGRPPPS,amber,-66.12708089026533,8.055445708731458,14.895111858987926,10.315149004557547,11.253883418624879,6.910665322709527,958.27,aer,4096,outputs/reps_Brickwork_entanglement1/slurm_DAYAQWLKDGGPSSGRPPPS_amber/replica_512/replica_512.pdb,outputs/reps_Brickwork_entanglement1/slurm_DAYAQWLKDGGPSSGRPPPS_amber/replica_512/replica_512_ca.pdb
817,2158524202,random,DAYAQWLKDGGPSSGRPPPS,amber,-91.51509961286715,8.057752292915488,24.455595634209093,11.489504273895113,11.253883418624879,6.910665322709527,894.5,aer,4096,outputs/reps_Brickwork_entanglement1/slurm_DAYAQWLKDGGPSSGRPPPS_amber/replica_817/replica_817.pdb,outputs/reps_Brickwork_entanglement1/slurm_DAYAQWLKDGGPSSGRPPPS_amber/replica_817/replica_817_ca.pdb
730,2158524115,random,DAYAQWLKDGGPSSGRPPPS,amber,-32.23521159056333,8.060199085069558,25.509958101701333,10.987456793320915,11.253883418624879,6.910665322709527,2158.64,aer,4096,outputs/reps_Brickwork_entanglement1/slurm_DAYAQWLKDGGPSSGRPPPS_amber/replica_730/replica_730.pdb,outputs/reps_Brickwork_entanglement1/slurm_DAYAQWLKDGGPSSGRPPPS_amber/replica_730/replica_730_ca.pdb
509,2158523894,random,DAYAQWLKDGGPSSGRPPPS,amber,0.25808532085279134,8.072976438861467,28.080263584547176,11.320154488442954,11.253883418624879,6.910665322709527,1031.58,aer,4096,outputs/reps_Brickwork_entanglement1/slurm_DAYAQWLKDGGPSSGRPPPS_amber/replica_509/replica_509.pdb,outputs/reps_Brickwork_entanglement1/slurm_DAYAQWLKDGGPSSGRPPPS_amber/replica_509/replica_509_ca.pdb
353,2158523738,random,DAYAQWLKDGGPSSGRPPPS,amber,648.9042179649475,8.080966779766836,26.048922887445414,11.193015689952711,11.253883418624879,6.910665322709527,447.87,aer,4096,outputs/reps_Brickwork_entanglement1/slurm_DAYAQWLKDGGPSSGRPPPS_amber/replica_353/replica_353.pdb,outputs/reps_Brickwork_entanglement1/slurm_DAYAQWLKDGGPSSGRPPPS_amber/replica_353/replica_353_ca.pdb
64,2158523449,random,DAYAQWLKDGGPSSGRPPPS,amber,-100.62368412413377,8.088455039639587,24.88778204209625,10.880635681640289,11.253883418624879,6.910665322709527,1028.71,aer,4096,outputs/reps_Brickwork_entanglement1/slurm_DAYAQWLKDGGPSSGRPPPS_amber/replica_64/replica_64.pdb,outputs/reps_Brickwork_entanglement1/slurm_DAYAQWLKDGGPSSGRPPPS_amber/replica_64/replica_64_ca.pdb
945,2158524330,random,DAYAQWLKDGGPSSGRPPPS,amber,960.0137060966175,8.089014534176822,20.883095074601357,10.783764603528331,11.253883418624879,6.910665322709527,783.86,aer,4096,outputs/reps_Brickwork_entanglement1/slurm_DAYAQWLKDGGPSSGRPPPS_amber/replica_945/replica_945.pdb,outputs/reps_Brickwork_entanglement1/slurm_DAYAQWLKDGGPSSGRPPPS_amber/replica_945/replica_945_ca.pdb
737,2158524122,random,DAYAQWLKDGGPSSGRPPPS,amber,51.15754847658601,8.104502551081074,20.52664906563138,9.783997975861658,11.253883418624879,6.910665322709527,1450.28,aer,4096,outputs/reps_Brickwork_entanglement1/slurm_DAYAQWLKDGGPSSGRPPPS_amber/replica_737/replica_737.pdb,outputs/reps_Brickwork_entanglement1/slurm_DAYAQWLKDGGPSSGRPPPS_amber/replica_737/replica_737_ca.pdb
931,2158524316,random,DAYAQWLKDGGPSSGRPPPS,amber,5.718787712445872,8.104601065726646,24.202782620734748,11.169007534467603,11.253883418624879,6.910665322709527,2391.45,aer,4096,outputs/reps_Brickwork_entanglement1/slurm_DAYAQWLKDGGPSSGRPPPS_amber/replica_931/replica_931.pdb,outputs/reps_Brickwork_entanglement1/slurm_DAYAQWLKDGGPSSGRPPPS_amber/replica_931/replica_931_ca.pdb
823,2158524208,random,DAYAQWLKDGGPSSGRPPPS,amber,-23.05051359280873,8.106890524278088,17.534079957840742,10.92186653820833,11.253883418624879,6.910665322709527,1024.04,aer,4096,outputs/reps_Brickwork_entanglement1/slurm_DAYAQWLKDGGPSSGRPPPS_amber/replica_823/replica_823.pdb,outputs/reps_Brickwork_entanglement1/slurm_DAYAQWLKDGGPSSGRPPPS_amber/replica_823/replica_823_ca.pdb
688,2158524073,random,DAYAQWLKDGGPSSGRPPPS,amber,-52.48745423425041,8.122503411504654,20.39752597402926,11.089856235168499,11.253883418624879,6.910665322709527,1029.18,aer,4096,outputs/reps_Brickwork_entanglement1/slurm_DAYAQWLKDGGPSSGRPPPS_amber/replica_688/replica_688.pdb,outputs/reps_Brickwork_entanglement1/slurm_DAYAQWLKDGGPSSGRPPPS_amber/replica_688/replica_688_ca.pdb
24,2158523409,random,DAYAQWLKDGGPSSGRPPPS,amber,-197.4550151800119,8.125452841934061,27.996964083231155,11.542374449155291,11.253883418624879,6.910665322709527,1755.72,aer,4096,outputs/reps_Brickwork_entanglement1/slurm_DAYAQWLKDGGPSSGRPPPS_amber/replica_24/replica_24.pdb,outputs/reps_Brickwork_entanglement1/slurm_DAYAQWLKDGGPSSGRPPPS_amber/replica_24/replica_24_ca.pdb
2,2158523387,random,DAYAQWLKDGGPSSGRPPPS,amber,-56.24212985262167,8.12956611949172,24.142930251679854,10.99307082899218,11.253883418624879,6.910665322709527,1771.83,aer,4096,outputs/reps_Brickwork_entanglement1/slurm_DAYAQWLKDGGPSSGRPPPS_amber/replica_2/replica_2.pdb,outputs/reps_Brickwork_entanglement1/slurm_DAYAQWLKDGGPSSGRPPPS_amber/replica_2/replica_2_ca.pdb
663,2158524048,random,DAYAQWLKDGGPSSGRPPPS,amber,-13.749801752286672,8.138165825396396,25.90733022120167,10.844526537331756,11.253883418624879,6.910665322709527,1494.82,aer,4096,outputs/reps_Brickwork_entanglement1/slurm_DAYAQWLKDGGPSSGRPPPS_amber/replica_663/replica_663.pdb,outputs/reps_Brickwork_entanglement1/slurm_DAYAQWLKDGGPSSGRPPPS_amber/replica_663/replica_663_ca.pdb
914,2158524299,random,DAYAQWLKDGGPSSGRPPPS,amber,1.4886319702195498,8.140255690793879,32.43282433385491,11.416431416909125,11.253883418624879,6.910665322709527,1545.83,aer,4096,outputs/reps_Brickwork_entanglement1/slurm_DAYAQWLKDGGPSSGRPPPS_amber/replica_914/replica_914.pdb,outputs/reps_Brickwork_entanglement1/slurm_DAYAQWLKDGGPSSGRPPPS_amber/replica_914/replica_914_ca.pdb
530,2158523915,random,DAYAQWLKDGGPSSGRPPPS,amber,-42.404004766118305,8.142345170501713,26.110451323856932,12.039153516160212,11.253883418624879,6.910665322709527,1574.72,aer,4096,outputs/reps_Brickwork_entanglement1/slurm_DAYAQWLKDGGPSSGRPPPS_amber/replica_530/replica_530.pdb,outputs/reps_Brickwork_entanglement1/slurm_DAYAQWLKDGGPSSGRPPPS_amber/replica_530/replica_530_ca.pdb
647,2158524032,random,DAYAQWLKDGGPSSGRPPPS,amber,691.679222404763,8.145613282734907,21.41959041034842,10.451773818497093,11.253883418624879,6.910665322709527,547.63,aer,4096,outputs/reps_Brickwork_entanglement1/slurm_DAYAQWLKDGGPSSGRPPPS_amber/replica_647/replica_647.pdb,outputs/reps_Brickwork_entanglement1/slurm_DAYAQWLKDGGPSSGRPPPS_amber/replica_647/replica_647_ca.pdb
275,2158523660,random,DAYAQWLKDGGPSSGRPPPS,amber,-9.089472136874381,8.172765407653648,29.250959618014992,11.209192838147233,11.253883418624879,6.910665322709527,1021.75,aer,4096,outputs/reps_Brickwork_entanglement1/slurm_DAYAQWLKDGGPSSGRPPPS_amber/replica_275/replica_275.pdb,outputs/reps_Brickwork_entanglement1/slurm_DAYAQWLKDGGPSSGRPPPS_amber/replica_275/replica_275_ca.pdb
970,2158524355,random,DAYAQWLKDGGPSSGRPPPS,amber,-116.14134165323333,8.174964147389288,24.874690530313426,10.469731684257285,11.253883418624879,6.910665322709527,925.06,aer,4096,outputs/reps_Brickwork_entanglement1/slurm_DAYAQWLKDGGPSSGRPPPS_amber/replica_970/replica_970.pdb,outputs/reps_Brickwork_entanglement1/slurm_DAYAQWLKDGGPSSGRPPPS_amber/replica_970/replica_970_ca.pdb
31,2158523416,random,DAYAQWLKDGGPSSGRPPPS,amber,-80.4578046299391,8.193164589982866,27.613519284007655,11.237933803589344,11.253883418624879,6.910665322709527,907.9,aer,4096,outputs/reps_Brickwork_entanglement1/slurm_DAYAQWLKDGGPSSGRPPPS_amber/replica_31/replica_31.pdb,outputs/reps_Brickwork_entanglement1/slurm_DAYAQWLKDGGPSSGRPPPS_amber/replica_31/replica_31_ca.pdb
160,2158523545,random,DAYAQWLKDGGPSSGRPPPS,amber,-168.63568671352363,8.194393104830565,29.27116406813055,11.8996305524494,11.253883418624879,6.910665322709527,1260.9,aer,4096,outputs/reps_Brickwork_entanglement1/slurm_DAYAQWLKDGGPSSGRPPPS_amber/replica_160/replica_160.pdb,outputs/reps_Brickwork_entanglement1/slurm_DAYAQWLKDGGPSSGRPPPS_amber/replica_160/replica_160_ca.pdb
403,2158523788,random,DAYAQWLKDGGPSSGRPPPS,amber,67.35729633869242,8.198145756215093,20.1769874127054,10.92616927089851,11.253883418624879,6.910665322709527,682.38,aer,4096,outputs/reps_Brickwork_entanglement1/slurm_DAYAQWLKDGGPSSGRPPPS_amber/replica_403/replica_403.pdb,outputs/reps_Brickwork_entanglement1/slurm_DAYAQWLKDGGPSSGRPPPS_amber/replica_403/replica_403_ca.pdb
602,2158523987,random,DAYAQWLKDGGPSSGRPPPS,amber,-89.01149205548609,8.201502815702813,23.519018470239978,11.140293362023247,11.253883418624879,6.910665322709527,748.57,aer,4096,outputs/reps_Brickwork_entanglement1/slurm_DAYAQWLKDGGPSSGRPPPS_amber/replica_602/replica_602.pdb,outputs/reps_Brickwork_entanglement1/slurm_DAYAQWLKDGGPSSGRPPPS_amber/replica_602/replica_602_ca.pdb
539,2158523924,random,DAYAQWLKDGGPSSGRPPPS,amber,-99.28367514731073,8.206509842951528,24.833549732173037,11.824540296183574,11.253883418624879,6.910665322709527,1162.58,aer,4096,outputs/reps_Brickwork_entanglement1/slurm_DAYAQWLKDGGPSSGRPPPS_amber/replica_539/replica_539.pdb,outputs/reps_Brickwork_entanglement1/slurm_DAYAQWLKDGGPSSGRPPPS_amber/replica_539/replica_539_ca.pdb
324,2158523709,random,DAYAQWLKDGGPSSGRPPPS,amber,-123.5548980599826,8.219095276341982,30.597120392455505,11.809906344405007,11.253883418624879,6.910665322709527,922.47,aer,4096,outputs/reps_Brickwork_entanglement1/slurm_DAYAQWLKDGGPSSGRPPPS_amber/replica_324/replica_324.pdb,outputs/reps_Brickwork_entanglement1/slurm_DAYAQWLKDGGPSSGRPPPS_amber/replica_324/replica_324_ca.pdb
671,2158524056,random,DAYAQWLKDGGPSSGRPPPS,amber,-141.3166906985156,8.219436738338626,24.944936829686668,11.247944908268588,11.253883418624879,6.910665322709527,1164.92,aer,4096,outputs/reps_Brickwork_entanglement1/slurm_DAYAQWLKDGGPSSGRPPPS_amber/replica_671/replica_671.pdb,outputs/reps_Brickwork_entanglement1/slurm_DAYAQWLKDGGPSSGRPPPS_amber/replica_671/replica_671_ca.pdb
60,2158523445,random,DAYAQWLKDGGPSSGRPPPS,amber,514.5952948847175,8.23490595846914,25.24976658276757,11.085086889918864,11.253883418624879,6.910665322709527,405.79,aer,4096,outputs/reps_Brickwork_entanglement1/slurm_DAYAQWLKDGGPSSGRPPPS_amber/replica_60/replica_60.pdb,outputs/reps_Brickwork_entanglement1/slurm_DAYAQWLKDGGPSSGRPPPS_amber/replica_60/replica_60_ca.pdb
622,2158524007,random,DAYAQWLKDGGPSSGRPPPS,amber,-11.254045151924046,8.238220760883868,26.04444108078371,11.050585283135739,11.253883418624879,6.910665322709527,707.16,aer,4096,outputs/reps_Brickwork_entanglement1/slurm_DAYAQWLKDGGPSSGRPPPS_amber/replica_622/replica_622.pdb,outputs/reps_Brickwork_entanglement1/slurm_DAYAQWLKDGGPSSGRPPPS_amber/replica_622/replica_622_ca.pdb
15,2158523400,random,DAYAQWLKDGGPSSGRPPPS,amber,-121.92697535364309,8.262774338773243,22.341810212016213,11.24764897908749,11.253883418624879,6.910665322709527,682.54,aer,4096,outputs/reps_Brickwork_entanglement1/slurm_DAYAQWLKDGGPSSGRPPPS_amber/replica_15/replica_15.pdb,outputs/reps_Brickwork_entanglement1/slurm_DAYAQWLKDGGPSSGRPPPS_amber/replica_15/replica_15_ca.pdb
586,2158523971,random,DAYAQWLKDGGPSSGRPPPS,amber,-39.514845119407454,8.273419384129559,19.009046573075608,10.653421981570279,11.253883418624879,6.910665322709527,1128.62,aer,4096,outputs/reps_Brickwork_entanglement1/slurm_DAYAQWLKDGGPSSGRPPPS_amber/replica_586/replica_586.pdb,outputs/reps_Brickwork_entanglement1/slurm_DAYAQWLKDGGPSSGRPPPS_amber/replica_586/replica_586_ca.pdb
40,2158523425,random,DAYAQWLKDGGPSSGRPPPS,amber,-57.102451368817384,8.29859731344579,25.739428924474755,11.216379474580604,11.253883418624879,6.910665322709527,1009.69,aer,4096,outputs/reps_Brickwork_entanglement1/slurm_DAYAQWLKDGGPSSGRPPPS_amber/replica_40/replica_40.pdb,outputs/reps_Brickwork_entanglement1/slurm_DAYAQWLKDGGPSSGRPPPS_amber/replica_40/replica_40_ca.pdb
369,2158523754,random,DAYAQWLKDGGPSSGRPPPS,amber,-43.65839993861982,8.301484296127558,27.08054270754613,11.140898530785048,11.253883418624879,6.910665322709527,1293.87,aer,4096,outputs/reps_Brickwork_entanglement1/slurm_DAYAQWLKDGGPSSGRPPPS_amber/replica_369/replica_369.pdb,outputs/reps_Brickwork_entanglement1/slurm_DAYAQWLKDGGPSSGRPPPS_amber/replica_369/replica_369_ca.pdb
952,2158524337,random,DAYAQWLKDGGPSSGRPPPS,amber,-93.03740113591036,8.303189510087236,26.523871282040353,11.414778705614419,11.253883418624879,6.910665322709527,941.69,aer,4096,outputs/reps_Brickwork_entanglement1/slurm_DAYAQWLKDGGPSSGRPPPS_amber/replica_952/replica_952.pdb,outputs/reps_Brickwork_entanglement1/slurm_DAYAQWLKDGGPSSGRPPPS_amber/replica_952/replica_952_ca.pdb
352,2158523737,random,DAYAQWLKDGGPSSGRPPPS,amber,-194.47543047406617,8.31950048006638,22.16086824121576,11.758358032628289,11.253883418624879,6.910665322709527,843.45,aer,4096,outputs/reps_Brickwork_entanglement1/slurm_DAYAQWLKDGGPSSGRPPPS_amber/replica_352/replica_352.pdb,outputs/reps_Brickwork_entanglement1/slurm_DAYAQWLKDGGPSSGRPPPS_amber/replica_352/replica_352_ca.pdb
976,2158524361,random,DAYAQWLKDGGPSSGRPPPS,amber,-114.83160864385633,8.325594756421337,26.78492760930974,11.43613462740652,11.253883418624879,6.910665322709527,1216.12,aer,4096,outputs/reps_Brickwork_entanglement1/slurm_DAYAQWLKDGGPSSGRPPPS_amber/replica_976/replica_976.pdb,outputs/reps_Brickwork_entanglement1/slurm_DAYAQWLKDGGPSSGRPPPS_amber/replica_976/replica_976_ca.pdb
798,2158524183,random,DAYAQWLKDGGPSSGRPPPS,amber,-121.21796101180118,8.329124539481732,24.493348176169015,11.78071984456871,11.253883418624879,6.910665322709527,749.13,aer,4096,outputs/reps_Brickwork_entanglement1/slurm_DAYAQWLKDGGPSSGRPPPS_amber/replica_798/replica_798.pdb,outputs/reps_Brickwork_entanglement1/slurm_DAYAQWLKDGGPSSGRPPPS_amber/replica_798/replica_798_ca.pdb
811,2158524196,random,DAYAQWLKDGGPSSGRPPPS,amber,28.835201465284737,8.332001021944638,29.442343295411384,10.41715448857853,11.253883418624879,6.910665322709527,1036.17,aer,4096,outputs/reps_Brickwork_entanglement1/slurm_DAYAQWLKDGGPSSGRPPPS_amber/replica_811/replica_811.pdb,outputs/reps_Brickwork_entanglement1/slurm_DAYAQWLKDGGPSSGRPPPS_amber/replica_811/replica_811_ca.pdb
228,2158523613,random,DAYAQWLKDGGPSSGRPPPS,amber,-124.33973778070082,8.341406684007904,16.765057279658183,11.391685983012692,11.253883418624879,6.910665322709527,772.97,aer,4096,outputs/reps_Brickwork_entanglement1/slurm_DAYAQWLKDGGPSSGRPPPS_amber/replica_228/replica_228.pdb,outputs/reps_Brickwork_entanglement1/slurm_DAYAQWLKDGGPSSGRPPPS_amber/replica_228/replica_228_ca.pdb
259,2158523644,random,DAYAQWLKDGGPSSGRPPPS,amber,97.56335100824758,8.345670365989935,25.125797342178807,11.549232602410997,11.253883418624879,6.910665322709527,1217.4,aer,4096,outputs/reps_Brickwork_entanglement1/slurm_DAYAQWLKDGGPSSGRPPPS_amber/replica_259/replica_259.pdb,outputs/reps_Brickwork_entanglement1/slurm_DAYAQWLKDGGPSSGRPPPS_amber/replica_259/replica_259_ca.pdb
778,2158524163,random,DAYAQWLKDGGPSSGRPPPS,amber,-9.169220021289108,8.347917498015795,24.480656214137003,11.973619505511087,11.253883418624879,6.910665322709527,835.88,aer,4096,outputs/reps_Brickwork_entanglement1/slurm_DAYAQWLKDGGPSSGRPPPS_amber/replica_778/replica_778.pdb,outputs/reps_Brickwork_entanglement1/slurm_DAYAQWLKDGGPSSGRPPPS_amber/replica_778/replica_778_ca.pdb
186,2158523571,random,DAYAQWLKDGGPSSGRPPPS,amber,-165.1563945620402,8.352144193855226,21.50173295743853,11.332933778846945,11.253883418624879,6.910665322709527,826.23,aer,4096,outputs/reps_Brickwork_entanglement1/slurm_DAYAQWLKDGGPSSGRPPPS_amber/replica_186/replica_186.pdb,outputs/reps_Brickwork_entanglement1/slurm_DAYAQWLKDGGPSSGRPPPS_amber/replica_186/replica_186_ca.pdb
808,2158524193,random,DAYAQWLKDGGPSSGRPPPS,amber,-50.99758605237841,8.354375750409048,23.95741188856327,11.379083611268449,11.253883418624879,6.910665322709527,814.54,aer,4096,outputs/reps_Brickwork_entanglement1/slurm_DAYAQWLKDGGPSSGRPPPS_amber/replica_808/replica_808.pdb,outputs/reps_Brickwork_entanglement1/slurm_DAYAQWLKDGGPSSGRPPPS_amber/replica_808/replica_808_ca.pdb
502,2158523887,random,DAYAQWLKDGGPSSGRPPPS,amber,-21.651280866778237,8.356270846424634,17.650926998321687,10.842274896772112,11.253883418624879,6.910665322709527,1210.39,aer,4096,outputs/reps_Brickwork_entanglement1/slurm_DAYAQWLKDGGPSSGRPPPS_amber/replica_502/replica_502.pdb,outputs/reps_Brickwork_entanglement1/slurm_DAYAQWLKDGGPSSGRPPPS_amber/replica_502/replica_502_ca.pdb
587,2158523972,random,DAYAQWLKDGGPSSGRPPPS,amber,-189.51140597548056,8.360439687425702,20.778620948291675,11.169460202100678,11.253883418624879,6.910665322709527,1023.17,aer,4096,outputs/reps_Brickwork_entanglement1/slurm_DAYAQWLKDGGPSSGRPPPS_amber/replica_587/replica_587.pdb,outputs/reps_Brickwork_entanglement1/slurm_DAYAQWLKDGGPSSGRPPPS_amber/replica_587/replica_587_ca.pdb
442,2158523827,random,DAYAQWLKDGGPSSGRPPPS,amber,616.1017624177471,8.361897164225354,23.56427082691664,11.185420583735501,11.253883418624879,6.910665322709527,640.91,aer,4096,outputs/reps_Brickwork_entanglement1/slurm_DAYAQWLKDGGPSSGRPPPS_amber/replica_442/replica_442.pdb,outputs/reps_Brickwork_entanglement1/slurm_DAYAQWLKDGGPSSGRPPPS_amber/replica_442/replica_442_ca.pdb
68,2158523453,random,DAYAQWLKDGGPSSGRPPPS,amber,-120.01478098785604,8.371952986446452,24.889780497868987,11.346745209935108,11.253883418624879,6.910665322709527,888.33,aer,4096,outputs/reps_Brickwork_entanglement1/slurm_DAYAQWLKDGGPSSGRPPPS_amber/replica_68/replica_68.pdb,outputs/reps_Brickwork_entanglement1/slurm_DAYAQWLKDGGPSSGRPPPS_amber/replica_68/replica_68_ca.pdb
683,2158524068,random,DAYAQWLKDGGPSSGRPPPS,amber,430.60663022907306,8.374380614750047,24.339189803733785,11.330856758038339,11.253883418624879,6.910665322709527,671.29,aer,4096,outputs/reps_Brickwork_entanglement1/slurm_DAYAQWLKDGGPSSGRPPPS_amber/replica_683/replica_683.pdb,outputs/reps_Brickwork_entanglement1/slurm_DAYAQWLKDGGPSSGRPPPS_amber/replica_683/replica_683_ca.pdb
815,2158524200,random,DAYAQWLKDGGPSSGRPPPS,amber,-56.0690184413215,8.378044377987313,25.022053010037663,11.91432734233254,11.253883418624879,6.910665322709527,1026.47,aer,4096,outputs/reps_Brickwork_entanglement1/slurm_DAYAQWLKDGGPSSGRPPPS_amber/replica_815/replica_815.pdb,outputs/reps_Brickwork_entanglement1/slurm_DAYAQWLKDGGPSSGRPPPS_amber/replica_815/replica_815_ca.pdb
219,2158523604,random,DAYAQWLKDGGPSSGRPPPS,amber,-144.14352146059167,8.38711208443413,24.730490358370787,11.683845372069491,11.253883418624879,6.910665322709527,1469.89,aer,4096,outputs/reps_Brickwork_entanglement1/slurm_DAYAQWLKDGGPSSGRPPPS_amber/replica_219/replica_219.pdb,outputs/reps_Brickwork_entanglement1/slurm_DAYAQWLKDGGPSSGRPPPS_amber/replica_219/replica_219_ca.pdb
389,2158523774,random,DAYAQWLKDGGPSSGRPPPS,amber,-105.91086949759362,8.388851166479354,21.782387144246126,11.316530578784429,11.253883418624879,6.910665322709527,776.75,aer,4096,outputs/reps_Brickwork_entanglement1/slurm_DAYAQWLKDGGPSSGRPPPS_amber/replica_389/replica_389.pdb,outputs/reps_Brickwork_entanglement1/slurm_DAYAQWLKDGGPSSGRPPPS_amber/replica_389/replica_389_ca.pdb
640,2158524025,random,DAYAQWLKDGGPSSGRPPPS,amber,664.5248810477245,8.397958183778428,24.91008363206495,11.595796666137936,11.253883418624879,6.910665322709527,418.32,aer,4096,outputs/reps_Brickwork_entanglement1/slurm_DAYAQWLKDGGPSSGRPPPS_amber/replica_640/replica_640.pdb,outputs/reps_Brickwork_entanglement1/slurm_DAYAQWLKDGGPSSGRPPPS_amber/replica_640/replica_640_ca.pdb
638,2158524023,random,DAYAQWLKDGGPSSGRPPPS,amber,-64.70686354080063,8.400403678675568,23.231902038363046,11.688792811426952,11.253883418624879,6.910665322709527,1244.08,aer,4096,outputs/reps_Brickwork_entanglement1/slurm_DAYAQWLKDGGPSSGRPPPS_amber/replica_638/replica_638.pdb,outputs/reps_Brickwork_entanglement1/slurm_DAYAQWLKDGGPSSGRPPPS_amber/replica_638/replica_638_ca.pdb
429,2158523814,random,DAYAQWLKDGGPSSGRPPPS,amber,-27.035682914970234,8.403103732371477,26.27743627559921,11.048927524376104,11.253883418624879,6.910665322709527,1155.43,aer,4096,outputs/reps_Brickwork_entanglement1/slurm_DAYAQWLKDGGPSSGRPPPS_amber/replica_429/replica_429.pdb,outputs/reps_Brickwork_entanglement1/slurm_DAYAQWLKDGGPSSGRPPPS_amber/replica_429/replica_429_ca.pdb
370,2158523755,random,DAYAQWLKDGGPSSGRPPPS,amber,-10.876101611308775,8.414651923715088,28.921650193208002,12.037961386625428,11.253883418624879,6.910665322709527,1314.29,aer,4096,outputs/reps_Brickwork_entanglement1/slurm_DAYAQWLKDGGPSSGRPPPS_amber/replica_370/replica_370.pdb,outputs/reps_Brickwork_entanglement1/slurm_DAYAQWLKDGGPSSGRPPPS_amber/replica_370/replica_370_ca.pdb
285,2158523670,random,DAYAQWLKDGGPSSGRPPPS,amber,31.790657110078467,8.43128254092245,25.46030082391547,11.764538077388426,11.253883418624879,6.910665322709527,689.55,aer,4096,outputs/reps_Brickwork_entanglement1/slurm_DAYAQWLKDGGPSSGRPPPS_amber/replica_285/replica_285.pdb,outputs/reps_Brickwork_entanglement1/slurm_DAYAQWLKDGGPSSGRPPPS_amber/replica_285/replica_285_ca.pdb
255,2158523640,random,DAYAQWLKDGGPSSGRPPPS,amber,73.42412900891657,8.432693953488872,25.119743868018634,11.327383293783065,11.253883418624879,6.910665322709527,1030.87,aer,4096,outputs/reps_Brickwork_entanglement1/slurm_DAYAQWLKDGGPSSGRPPPS_amber/replica_255/replica_255.pdb,outputs/reps_Brickwork_entanglement1/slurm_DAYAQWLKDGGPSSGRPPPS_amber/replica_255/replica_255_ca.pdb
30,2158523415,random,DAYAQWLKDGGPSSGRPPPS,amber,31.878637271744893,8.437322216055435,25.302846765287075,11.683497058239993,11.253883418624879,6.910665322709527,1357.51,aer,4096,outputs/reps_Brickwork_entanglement1/slurm_DAYAQWLKDGGPSSGRPPPS_amber/replica_30/replica_30.pdb,outputs/reps_Brickwork_entanglement1/slurm_DAYAQWLKDGGPSSGRPPPS_amber/replica_30/replica_30_ca.pdb
97,2158523482,random,DAYAQWLKDGGPSSGRPPPS,amber,-70.34505324108532,8.43904452917255,25.483188384598257,11.786661177212554,11.253883418624879,6.910665322709527,635.5,aer,4096,outputs/reps_Brickwork_entanglement1/slurm_DAYAQWLKDGGPSSGRPPPS_amber/replica_97/replica_97.pdb,outputs/reps_Brickwork_entanglement1/slurm_DAYAQWLKDGGPSSGRPPPS_amber/replica_97/replica_97_ca.pdb
594,2158523979,random,DAYAQWLKDGGPSSGRPPPS,amber,138.68088589341448,8.47001665331705,26.139047953221336,11.191648761078872,11.253883418624879,6.910665322709527,1538.91,aer,4096,outputs/reps_Brickwork_entanglement1/slurm_DAYAQWLKDGGPSSGRPPPS_amber/replica_594/replica_594.pdb,outputs/reps_Brickwork_entanglement1/slurm_DAYAQWLKDGGPSSGRPPPS_amber/replica_594/replica_594_ca.pdb
371,2158523756,random,DAYAQWLKDGGPSSGRPPPS,amber,-133.9306718273487,8.470932297030556,21.96190551023558,11.580264809491743,11.253883418624879,6.910665322709527,915.99,aer,4096,outputs/reps_Brickwork_entanglement1/slurm_DAYAQWLKDGGPSSGRPPPS_amber/replica_371/replica_371.pdb,outputs/reps_Brickwork_entanglement1/slurm_DAYAQWLKDGGPSSGRPPPS_amber/replica_371/replica_371_ca.pdb
79,2158523464,random,DAYAQWLKDGGPSSGRPPPS,amber,-39.230117086356564,8.477879412735756,23.324282903327244,11.39572063032772,11.253883418624879,6.910665322709527,1155.97,aer,4096,outputs/reps_Brickwork_entanglement1/slurm_DAYAQWLKDGGPSSGRPPPS_amber/replica_79/replica_79.pdb,outputs/reps_Brickwork_entanglement1/slurm_DAYAQWLKDGGPSSGRPPPS_amber/replica_79/replica_79_ca.pdb
564,2158523949,random,DAYAQWLKDGGPSSGRPPPS,amber,-213.41720139621626,8.487580564166759,25.27688065450022,11.819491409646938,11.253883418624879,6.910665322709527,1161.82,aer,4096,outputs/reps_Brickwork_entanglement1/slurm_DAYAQWLKDGGPSSGRPPPS_amber/replica_564/replica_564.pdb,outputs/reps_Brickwork_entanglement1/slurm_DAYAQWLKDGGPSSGRPPPS_amber/replica_564/replica_564_ca.pdb
635,2158524020,random,DAYAQWLKDGGPSSGRPPPS,amber,390.0946139020342,8.507128763224918,27.844566118855766,10.936562071355025,11.253883418624879,6.910665322709527,895.0,aer,4096,outputs/reps_Brickwork_entanglement1/slurm_DAYAQWLKDGGPSSGRPPPS_amber/replica_635/replica_635.pdb,outputs/reps_Brickwork_entanglement1/slurm_DAYAQWLKDGGPSSGRPPPS_amber/replica_635/replica_635_ca.pdb
362,2158523747,random,DAYAQWLKDGGPSSGRPPPS,amber,-23.33567040221377,8.507951379411798,17.048454484556387,10.786803421708434,11.253883418624879,6.910665322709527,1422.93,aer,4096,outputs/reps_Brickwork_entanglement1/slurm_DAYAQWLKDGGPSSGRPPPS_amber/replica_362/replica_362.pdb,outputs/reps_Brickwork_entanglement1/slurm_DAYAQWLKDGGPSSGRPPPS_amber/replica_362/replica_362_ca.pdb
621,2158524006,random,DAYAQWLKDGGPSSGRPPPS,amber,-141.55087532373344,8.519947344678872,30.177353960375996,11.875343311727823,11.253883418624879,6.910665322709527,1194.79,aer,4096,outputs/reps_Brickwork_entanglement1/slurm_DAYAQWLKDGGPSSGRPPPS_amber/replica_621/replica_621.pdb,outputs/reps_Brickwork_entanglement1/slurm_DAYAQWLKDGGPSSGRPPPS_amber/replica_621/replica_621_ca.pdb
825,2158524210,random,DAYAQWLKDGGPSSGRPPPS,amber,24.77841008697424,8.540096690998151,34.09787246750835,11.449792438179795,11.253883418624879,6.910665322709527,1127.33,aer,4096,outputs/reps_Brickwork_entanglement1/slurm_DAYAQWLKDGGPSSGRPPPS_amber/replica_825/replica_825.pdb,outputs/reps_Brickwork_entanglement1/slurm_DAYAQWLKDGGPSSGRPPPS_amber/replica_825/replica_825_ca.pdb
82,2158523467,random,DAYAQWLKDGGPSSGRPPPS,amber,-118.03886180044893,8.54025836471155,24.83048812694944,10.989234603516618,11.253883418624879,6.910665322709527,942.13,aer,4096,outputs/reps_Brickwork_entanglement1/slurm_DAYAQWLKDGGPSSGRPPPS_amber/replica_82/replica_82.pdb,outputs/reps_Brickwork_entanglement1/slurm_DAYAQWLKDGGPSSGRPPPS_amber/replica_82/replica_82_ca.pdb
803,2158524188,random,DAYAQWLKDGGPSSGRPPPS,amber,-98.89591516875934,8.540729892382943,20.43811618867484,11.951465721720421,11.253883418624879,6.910665322709527,1239.85,aer,4096,outputs/reps_Brickwork_entanglement1/slurm_DAYAQWLKDGGPSSGRPPPS_amber/replica_803/replica_803.pdb,outputs/reps_Brickwork_entanglement1/slurm_DAYAQWLKDGGPSSGRPPPS_amber/replica_803/replica_803_ca.pdb
920,2158524305,random,DAYAQWLKDGGPSSGRPPPS,amber,-53.191488303449695,8.54334984688977,24.738440206489404,11.42860809389697,11.253883418624879,6.910665322709527,870.98,aer,4096,outputs/reps_Brickwork_entanglement1/slurm_DAYAQWLKDGGPSSGRPPPS_amber/replica_920/replica_920.pdb,outputs/reps_Brickwork_entanglement1/slurm_DAYAQWLKDGGPSSGRPPPS_amber/replica_920/replica_920_ca.pdb
875,2158524260,random,DAYAQWLKDGGPSSGRPPPS,amber,-189.31053441443464,8.548511716321585,26.80663134638855,11.32415306915097,11.253883418624879,6.910665322709527,1047.64,aer,4096,outputs/reps_Brickwork_entanglement1/slurm_DAYAQWLKDGGPSSGRPPPS_amber/replica_875/replica_875.pdb,outputs/reps_Brickwork_entanglement1/slurm_DAYAQWLKDGGPSSGRPPPS_amber/replica_875/replica_875_ca.pdb
256,2158523641,random,DAYAQWLKDGGPSSGRPPPS,amber,-105.40725344115535,8.55920159439674,29.02906772249733,12.20418439529748,11.253883418624879,6.910665322709527,862.88,aer,4096,outputs/reps_Brickwork_entanglement1/slurm_DAYAQWLKDGGPSSGRPPPS_amber/replica_256/replica_256.pdb,outputs/reps_Brickwork_entanglement1/slurm_DAYAQWLKDGGPSSGRPPPS_amber/replica_256/replica_256_ca.pdb
826,2158524211,random,DAYAQWLKDGGPSSGRPPPS,amber,-82.30643173110245,8.560977389473303,25.6929890614021,11.612400908573989,11.253883418624879,6.910665322709527,751.08,aer,4096,outputs/reps_Brickwork_entanglement1/slurm_DAYAQWLKDGGPSSGRPPPS_amber/replica_826/replica_826.pdb,outputs/reps_Brickwork_entanglement1/slurm_DAYAQWLKDGGPSSGRPPPS_amber/replica_826/replica_826_ca.pdb
678,2158524063,random,DAYAQWLKDGGPSSGRPPPS,amber,-41.38867898498856,8.57164052876709,27.493013253216724,11.614219189491838,11.253883418624879,6.910665322709527,712.37,aer,4096,outputs/reps_Brickwork_entanglement1/slurm_DAYAQWLKDGGPSSGRPPPS_amber/replica_678/replica_678.pdb,outputs/reps_Brickwork_entanglement1/slurm_DAYAQWLKDGGPSSGRPPPS_amber/replica_678/replica_678_ca.pdb
151,2158523536,random,DAYAQWLKDGGPSSGRPPPS,amber,-114.69990556681239,8.587679886490513,26.768007494797754,11.916326592534475,11.253883418624879,6.910665322709527,1199.77,aer,4096,outputs/reps_Brickwork_entanglement1/slurm_DAYAQWLKDGGPSSGRPPPS_amber/replica_151/replica_151.pdb,outputs/reps_Brickwork_entanglement1/slurm_DAYAQWLKDGGPSSGRPPPS_amber/replica_151/replica_151_ca.pdb
896,2158524281,random,DAYAQWLKDGGPSSGRPPPS,amber,-253.79091856354785,8.59498659062328,28.52749536778303,12.37425854856265,11.253883418624879,6.910665322709527,1101.24,aer,4096,outputs/reps_Brickwork_entanglement1/slurm_DAYAQWLKDGGPSSGRPPPS_amber/replica_896/replica_896.pdb,outputs/reps_Brickwork_entanglement1/slurm_DAYAQWLKDGGPSSGRPPPS_amber/replica_896/replica_896_ca.pdb
992,2158524377,random,DAYAQWLKDGGPSSGRPPPS,amber,-106.54873234267458,8.602802220712167,26.126641210912336,11.2842408147167,11.253883418624879,6.910665322709527,963.4,aer,4096,outputs/reps_Brickwork_entanglement1/slurm_DAYAQWLKDGGPSSGRPPPS_amber/replica_992/replica_992.pdb,outputs/reps_Brickwork_entanglement1/slurm_DAYAQWLKDGGPSSGRPPPS_amber/replica_992/replica_992_ca.pdb
944,2158524329,random,DAYAQWLKDGGPSSGRPPPS,amber,-76.16878918523284,8.611112929322339,27.824056857223155,11.666363816124935,11.253883418624879,6.910665322709527,1101.88,aer,4096,outputs/reps_Brickwork_entanglement1/slurm_DAYAQWLKDGGPSSGRPPPS_amber/replica_944/replica_944.pdb,outputs/reps_Brickwork_entanglement1/slurm_DAYAQWLKDGGPSSGRPPPS_amber/replica_944/replica_944_ca.pdb
173,2158523558,random,DAYAQWLKDGGPSSGRPPPS,amber,-43.2650617909452,8.61521921572433,30.367412037680545,12.569211876506142,11.253883418624879,6.910665322709527,1128.51,aer,4096,outputs/reps_Brickwork_entanglement1/slurm_DAYAQWLKDGGPSSGRPPPS_amber/replica_173/replica_173.pdb,outputs/reps_Brickwork_entanglement1/slurm_DAYAQWLKDGGPSSGRPPPS_amber/replica_173/replica_173_ca.pdb
966,2158524351,random,DAYAQWLKDGGPSSGRPPPS,amber,-82.62569090945446,8.61927782387211,28.208342150422236,11.957604784028481,11.253883418624879,6.910665322709527,1081.19,aer,4096,outputs/reps_Brickwork_entanglement1/slurm_DAYAQWLKDGGPSSGRPPPS_amber/replica_966/replica_966.pdb,outputs/reps_Brickwork_entanglement1/slurm_DAYAQWLKDGGPSSGRPPPS_amber/replica_966/replica_966_ca.pdb
34,2158523419,random,DAYAQWLKDGGPSSGRPPPS,amber,-25.374398889850486,8.623551201405514,25.910372175682546,11.669086638374901,11.253883418624879,6.910665322709527,840.25,aer,4096,outputs/reps_Brickwork_entanglement1/slurm_DAYAQWLKDGGPSSGRPPPS_amber/replica_34/replica_34.pdb,outputs/reps_Brickwork_entanglement1/slurm_DAYAQWLKDGGPSSGRPPPS_amber/replica_34/replica_34_ca.pdb
75,2158523460,random,DAYAQWLKDGGPSSGRPPPS,amber,108.2225840935753,8.62734174117009,27.05291292117912,11.921603150056187,11.253883418624879,6.910665322709527,1397.99,aer,4096,outputs/reps_Brickwork_entanglement1/slurm_DAYAQWLKDGGPSSGRPPPS_amber/replica_75/replica_75.pdb,outputs/reps_Brickwork_entanglement1/slurm_DAYAQWLKDGGPSSGRPPPS_amber/replica_75/replica_75_ca.pdb
477,2158523862,random,DAYAQWLKDGGPSSGRPPPS,amber,-125.27825149133082,8.633604132708767,27.034678903771326,11.811385961222104,11.253883418624879,6.910665322709527,799.19,aer,4096,outputs/reps_Brickwork_entanglement1/slurm_DAYAQWLKDGGPSSGRPPPS_amber/replica_477/replica_477.pdb,outputs/reps_Brickwork_entanglement1/slurm_DAYAQWLKDGGPSSGRPPPS_amber/replica_477/replica_477_ca.pdb
691,2158524076,random,DAYAQWLKDGGPSSGRPPPS,amber,-172.89467622927694,8.634073919274563,26.56459357933881,11.62459048572214,11.253883418624879,6.910665322709527,1459.15,aer,4096,outputs/reps_Brickwork_entanglement1/slurm_DAYAQWLKDGGPSSGRPPPS_amber/replica_691/replica_691.pdb,outputs/reps_Brickwork_entanglement1/slurm_DAYAQWLKDGGPSSGRPPPS_amber/replica_691/replica_691_ca.pdb
120,2158523505,random,DAYAQWLKDGGPSSGRPPPS,amber,-41.07376436699607,8.634464574748357,26.45462042824651,11.680634658262097,11.253883418624879,6.910665322709527,1277.3,aer,4096,outputs/reps_Brickwork_entanglement1/slurm_DAYAQWLKDGGPSSGRPPPS_amber/replica_120/replica_120.pdb,outputs/reps_Brickwork_entanglement1/slurm_DAYAQWLKDGGPSSGRPPPS_amber/replica_120/replica_120_ca.pdb
409,2158523794,random,DAYAQWLKDGGPSSGRPPPS,amber,-180.25659446656752,8.655436947031378,25.594252692790217,11.95262574459929,11.253883418624879,6.910665322709527,877.24,aer,4096,outputs/reps_Brickwork_entanglement1/slurm_DAYAQWLKDGGPSSGRPPPS_amber/replica_409/replica_409.pdb,outputs/reps_Brickwork_entanglement1/slurm_DAYAQWLKDGGPSSGRPPPS_amber/replica_409/replica_409_ca.pdb
763,2158524148,random,DAYAQWLKDGGPSSGRPPPS,amber,1154.821277860603,8.666010208918157,26.208196630610093,12.020644817240774,11.253883418624879,6.910665322709527,492.66,aer,4096,outputs/reps_Brickwork_entanglement1/slurm_DAYAQWLKDGGPSSGRPPPS_amber/replica_763/replica_763.pdb,outputs/reps_Brickwork_entanglement1/slurm_DAYAQWLKDGGPSSGRPPPS_amber/replica_763/replica_763_ca.pdb
211,2158523596,random,DAYAQWLKDGGPSSGRPPPS,amber,-140.22623639421522,8.666267962838216,23.233048350959304,11.302460306239984,11.253883418624879,6.910665322709527,774.49,aer,4096,outputs/reps_Brickwork_entanglement1/slurm_DAYAQWLKDGGPSSGRPPPS_amber/replica_211/replica_211.pdb,outputs/reps_Brickwork_entanglement1/slurm_DAYAQWLKDGGPSSGRPPPS_amber/replica_211/replica_211_ca.pdb
714,2158524099,random,DAYAQWLKDGGPSSGRPPPS,amber,-96.86448973908026,8.67126871993122,25.28652000497429,11.846632634715053,11.253883418624879,6.910665322709527,1521.3,aer,4096,outputs/reps_Brickwork_entanglement1/slurm_DAYAQWLKDGGPSSGRPPPS_amber/replica_714/replica_714.pdb,outputs/reps_Brickwork_entanglement1/slurm_DAYAQWLKDGGPSSGRPPPS_amber/replica_714/replica_714_ca.pdb
309,2158523694,random,DAYAQWLKDGGPSSGRPPPS,amber,-109.53859133437366,8.677018263822534,25.93670824538165,11.52046745470843,11.253883418624879,6.910665322709527,1072.71,aer,4096,outputs/reps_Brickwork_entanglement1/slurm_DAYAQWLKDGGPSSGRPPPS_amber/replica_309/replica_309.pdb,outputs/reps_Brickwork_entanglement1/slurm_DAYAQWLKDGGPSSGRPPPS_amber/replica_309/replica_309_ca.pdb
392,2158523777,random,DAYAQWLKDGGPSSGRPPPS,amber,-30.998626609800848,8.677657766387146,24.631409783496096,11.514374453001404,11.253883418624879,6.910665322709527,1169.35,aer,4096,outputs/reps_Brickwork_entanglement1/slurm_DAYAQWLKDGGPSSGRPPPS_amber/replica_392/replica_392.pdb,outputs/reps_Brickwork_entanglement1/slurm_DAYAQWLKDGGPSSGRPPPS_amber/replica_392/replica_392_ca.pdb
290,2158523675,random,DAYAQWLKDGGPSSGRPPPS,amber,-37.031785346095134,8.679632330038986,20.05432467206701,11.36720494729224,11.253883418624879,6.910665322709527,630.01,aer,4096,outputs/reps_Brickwork_entanglement1/slurm_DAYAQWLKDGGPSSGRPPPS_amber/replica_290/replica_290.pdb,outputs/reps_Brickwork_entanglement1/slurm_DAYAQWLKDGGPSSGRPPPS_amber/replica_290/replica_290_ca.pdb
181,2158523566,random,DAYAQWLKDGGPSSGRPPPS,amber,1413.9980220694663,8.698675574921934,28.737190439653492,11.812863985601581,11.253883418624879,6.910665322709527,788.68,aer,4096,outputs/reps_Brickwork_entanglement1/slurm_DAYAQWLKDGGPSSGRPPPS_amber/replica_181/replica_181.pdb,outputs/reps_Brickwork_entanglement1/slurm_DAYAQWLKDGGPSSGRPPPS_amber/replica_181/replica_181_ca.pdb
789,2158524174,random,DAYAQWLKDGGPSSGRPPPS,amber,934.5517709451904,8.706347710111377,26.051183691227823,11.662466163646114,11.253883418624879,6.910665322709527,627.38,aer,4096,outputs/reps_Brickwork_entanglement1/slurm_DAYAQWLKDGGPSSGRPPPS_amber/replica_789/replica_789.pdb,outputs/reps_Brickwork_entanglement1/slurm_DAYAQWLKDGGPSSGRPPPS_amber/replica_789/replica_789_ca.pdb
711,2158524096,random,DAYAQWLKDGGPSSGRPPPS,amber,-99.706810103534,8.70993502597725,25.81374942044631,11.672199886845412,11.253883418624879,6.910665322709527,1506.66,aer,4096,outputs/reps_Brickwork_entanglement1/slurm_DAYAQWLKDGGPSSGRPPPS_amber/replica_711/replica_711.pdb,outputs/reps_Brickwork_entanglement1/slurm_DAYAQWLKDGGPSSGRPPPS_amber/replica_711/replica_711_ca.pdb
598,2158523983,random,DAYAQWLKDGGPSSGRPPPS,amber,-169.98236033286312,8.710699439695535,20.940310735365646,11.487230776188678,11.253883418624879,6.910665322709527,1128.94,aer,4096,outputs/reps_Brickwork_entanglement1/slurm_DAYAQWLKDGGPSSGRPPPS_amber/replica_598/replica_598.pdb,outputs/reps_Brickwork_entanglement1/slurm_DAYAQWLKDGGPSSGRPPPS_amber/replica_598/replica_598_ca.pdb
344,2158523729,random,DAYAQWLKDGGPSSGRPPPS,amber,-41.271588884842394,8.715189759647735,27.356081288356766,11.891418488183646,11.253883418624879,6.910665322709527,976.91,aer,4096,outputs/reps_Brickwork_entanglement1/slurm_DAYAQWLKDGGPSSGRPPPS_amber/replica_344/replica_344.pdb,outputs/reps_Brickwork_entanglement1/slurm_DAYAQWLKDGGPSSGRPPPS_amber/replica_344/replica_344_ca.pdb
612,2158523997,random,DAYAQWLKDGGPSSGRPPPS,amber,9.407920513267955,8.726752837474875,29.866876290118014,12.117454756517114,11.253883418624879,6.910665322709527,1286.75,aer,4096,outputs/reps_Brickwork_entanglement1/slurm_DAYAQWLKDGGPSSGRPPPS_amber/replica_612/replica_612.pdb,outputs/reps_Brickwork_entanglement1/slurm_DAYAQWLKDGGPSSGRPPPS_amber/replica_612/replica_612_ca.pdb
123,2158523508,random,DAYAQWLKDGGPSSGRPPPS,amber,-150.3790003663815,8.732580676578241,28.752703565567597,11.689961210041453,11.253883418624879,6.910665322709527,1026.29,aer,4096,outputs/reps_Brickwork_entanglement1/slurm_DAYAQWLKDGGPSSGRPPPS_amber/replica_123/replica_123.pdb,outputs/reps_Brickwork_entanglement1/slurm_DAYAQWLKDGGPSSGRPPPS_amber/replica_123/replica_123_ca.pdb
474,2158523859,random,DAYAQWLKDGGPSSGRPPPS,amber,-167.51675063670442,8.763915303940932,27.61010423100727,12.037334049528825,11.253883418624879,6.910665322709527,810.53,aer,4096,outputs/reps_Brickwork_entanglement1/slurm_DAYAQWLKDGGPSSGRPPPS_amber/replica_474/replica_474.pdb,outputs/reps_Brickwork_entanglement1/slurm_DAYAQWLKDGGPSSGRPPPS_amber/replica_474/replica_474_ca.pdb
686,2158524071,random,DAYAQWLKDGGPSSGRPPPS,amber,60.481962779480284,8.782281795112528,29.168204882290183,12.431379796215298,11.253883418624879,6.910665322709527,1118.12,aer,4096,outputs/reps_Brickwork_entanglement1/slurm_DAYAQWLKDGGPSSGRPPPS_amber/replica_686/replica_686.pdb,outputs/reps_Brickwork_entanglement1/slurm_DAYAQWLKDGGPSSGRPPPS_amber/replica_686/replica_686_ca.pdb
264,2158523649,random,DAYAQWLKDGGPSSGRPPPS,amber,-67.58859929005247,8.783065325428844,24.852219239275463,12.165540995784669,11.253883418624879,6.910665322709527,1210.39,aer,4096,outputs/reps_Brickwork_entanglement1/slurm_DAYAQWLKDGGPSSGRPPPS_amber/replica_264/replica_264.pdb,outputs/reps_Brickwork_entanglement1/slurm_DAYAQWLKDGGPSSGRPPPS_amber/replica_264/replica_264_ca.pdb
346,2158523731,random,DAYAQWLKDGGPSSGRPPPS,amber,6.160309819763928,8.78649592968375,26.942464972186997,11.657259025842247,11.253883418624879,6.910665322709527,1491.23,aer,4096,outputs/reps_Brickwork_entanglement1/slurm_DAYAQWLKDGGPSSGRPPPS_amber/replica_346/replica_346.pdb,outputs/reps_Brickwork_entanglement1/slurm_DAYAQWLKDGGPSSGRPPPS_amber/replica_346/replica_346_ca.pdb
197,2158523582,random,DAYAQWLKDGGPSSGRPPPS,amber,-116.56515735155898,8.791121846316447,26.637083982583093,11.984688925808978,11.253883418624879,6.910665322709527,1414.15,aer,4096,outputs/reps_Brickwork_entanglement1/slurm_DAYAQWLKDGGPSSGRPPPS_amber/replica_197/replica_197.pdb,outputs/reps_Brickwork_entanglement1/slurm_DAYAQWLKDGGPSSGRPPPS_amber/replica_197/replica_197_ca.pdb
253,2158523638,random,DAYAQWLKDGGPSSGRPPPS,amber,-72.86036508370246,8.795805016235766,24.76298653997646,11.996446685072877,11.253883418624879,6.910665322709527,1104.05,aer,4096,outputs/reps_Brickwork_entanglement1/slurm_DAYAQWLKDGGPSSGRPPPS_amber/replica_253/replica_253.pdb,outputs/reps_Brickwork_entanglement1/slurm_DAYAQWLKDGGPSSGRPPPS_amber/replica_253/replica_253_ca.pdb
821,2158524206,random,DAYAQWLKDGGPSSGRPPPS,amber,-68.72224440684293,8.816843564511982,27.421086539670036,11.837463151974495,11.253883418624879,6.910665322709527,901.33,aer,4096,outputs/reps_Brickwork_entanglement1/slurm_DAYAQWLKDGGPSSGRPPPS_amber/replica_821/replica_821.pdb,outputs/reps_Brickwork_entanglement1/slurm_DAYAQWLKDGGPSSGRPPPS_amber/replica_821/replica_821_ca.pdb
935,2158524320,random,DAYAQWLKDGGPSSGRPPPS,amber,-83.8232378636112,8.825831193650405,24.510145518315323,12.441540613448181,11.253883418624879,6.910665322709527,1214.95,aer,4096,outputs/reps_Brickwork_entanglement1/slurm_DAYAQWLKDGGPSSGRPPPS_amber/replica_935/replica_935.pdb,outputs/reps_Brickwork_entanglement1/slurm_DAYAQWLKDGGPSSGRPPPS_amber/replica_935/replica_935_ca.pdb
468,2158523853,random,DAYAQWLKDGGPSSGRPPPS,amber,21.036701773563536,8.82863480432058,24.591333312059923,11.671092815985586,11.253883418624879,6.910665322709527,1307.08,aer,4096,outputs/reps_Brickwork_entanglement1/slurm_DAYAQWLKDGGPSSGRPPPS_amber/replica_468/replica_468.pdb,outputs/reps_Brickwork_entanglement1/slurm_DAYAQWLKDGGPSSGRPPPS_amber/replica_468/replica_468_ca.pdb
46,2158523431,random,DAYAQWLKDGGPSSGRPPPS,amber,-133.09191456074655,8.829567286371239,27.270422134781043,11.941244896161326,11.253883418624879,6.910665322709527,1519.26,aer,4096,outputs/reps_Brickwork_entanglement1/slurm_DAYAQWLKDGGPSSGRPPPS_amber/replica_46/replica_46.pdb,outputs/reps_Brickwork_entanglement1/slurm_DAYAQWLKDGGPSSGRPPPS_amber/replica_46/replica_46_ca.pdb
152,2158523537,random,DAYAQWLKDGGPSSGRPPPS,amber,-46.71235519663195,8.848019020281843,23.581944767770104,12.093089326071487,11.253883418624879,6.910665322709527,722.18,aer,4096,outputs/reps_Brickwork_entanglement1/slurm_DAYAQWLKDGGPSSGRPPPS_amber/replica_152/replica_152.pdb,outputs/reps_Brickwork_entanglement1/slurm_DAYAQWLKDGGPSSGRPPPS_amber/replica_152/replica_152_ca.pdb
340,2158523725,random,DAYAQWLKDGGPSSGRPPPS,amber,-62.96604463827932,8.848599270598024,24.16505908912551,12.079322067320453,11.253883418624879,6.910665322709527,726.56,aer,4096,outputs/reps_Brickwork_entanglement1/slurm_DAYAQWLKDGGPSSGRPPPS_amber/replica_340/replica_340.pdb,outputs/reps_Brickwork_entanglement1/slurm_DAYAQWLKDGGPSSGRPPPS_amber/replica_340/replica_340_ca.pdb
28,2158523413,random,DAYAQWLKDGGPSSGRPPPS,amber,-197.54946771423792,8.852185795774508,25.769189219901868,12.082278608625346,11.253883418624879,6.910665322709527,972.48,aer,4096,outputs/reps_Brickwork_entanglement1/slurm_DAYAQWLKDGGPSSGRPPPS_amber/replica_28/replica_28.pdb,outputs/reps_Brickwork_entanglement1/slurm_DAYAQWLKDGGPSSGRPPPS_amber/replica_28/replica_28_ca.pdb
962,2158524347,random,DAYAQWLKDGGPSSGRPPPS,amber,48.75324373724543,8.856520452125618,28.504749701257147,12.614521492525881,11.253883418624879,6.910665322709527,1027.76,aer,4096,outputs/reps_Brickwork_entanglement1/slurm_DAYAQWLKDGGPSSGRPPPS_amber/replica_962/replica_962.pdb,outputs/reps_Brickwork_entanglement1/slurm_DAYAQWLKDGGPSSGRPPPS_amber/replica_962/replica_962_ca.pdb
521,2158523906,random,DAYAQWLKDGGPSSGRPPPS,amber,105.12389161199766,8.869446718434103,24.804772948961777,11.955599435123919,11.253883418624879,6.910665322709527,1076.43,aer,4096,outputs/reps_Brickwork_entanglement1/slurm_DAYAQWLKDGGPSSGRPPPS_amber/replica_521/replica_521.pdb,outputs/reps_Brickwork_entanglement1/slurm_DAYAQWLKDGGPSSGRPPPS_amber/replica_521/replica_521_ca.pdb
784,2158524169,random,DAYAQWLKDGGPSSGRPPPS,amber,-127.71198157307727,8.870127934057166,25.283375545681785,12.160609609613896,11.253883418624879,6.910665322709527,1092.27,aer,4096,outputs/reps_Brickwork_entanglement1/slurm_DAYAQWLKDGGPSSGRPPPS_amber/replica_784/replica_784.pdb,outputs/reps_Brickwork_entanglement1/slurm_DAYAQWLKDGGPSSGRPPPS_amber/replica_784/replica_784_ca.pdb
314,2158523699,random,DAYAQWLKDGGPSSGRPPPS,amber,-130.93660825040106,8.872549515111885,27.18019991598359,12.326201865622366,11.253883418624879,6.910665322709527,715.96,aer,4096,outputs/reps_Brickwork_entanglement1/slurm_DAYAQWLKDGGPSSGRPPPS_amber/replica_314/replica_314.pdb,outputs/reps_Brickwork_entanglement1/slurm_DAYAQWLKDGGPSSGRPPPS_amber/replica_314/replica_314_ca.pdb
780,2158524165,random,DAYAQWLKDGGPSSGRPPPS,amber,-42.121269662582485,8.88050053224914,28.833879498034996,12.212254933038201,11.253883418624879,6.910665322709527,783.31,aer,4096,outputs/reps_Brickwork_entanglement1/slurm_DAYAQWLKDGGPSSGRPPPS_amber/replica_780/replica_780.pdb,outputs/reps_Brickwork_entanglement1/slurm_DAYAQWLKDGGPSSGRPPPS_amber/replica_780/replica_780_ca.pdb
960,2158524345,random,DAYAQWLKDGGPSSGRPPPS,amber,-68.28924313939578,8.891711766879878,28.91884943806833,12.279365620522091,11.253883418624879,6.910665322709527,1514.76,aer,4096,outputs/reps_Brickwork_entanglement1/slurm_DAYAQWLKDGGPSSGRPPPS_amber/replica_960/replica_960.pdb,outputs/reps_Brickwork_entanglement1/slurm_DAYAQWLKDGGPSSGRPPPS_amber/replica_960/replica_960_ca.pdb
527,2158523912,random,DAYAQWLKDGGPSSGRPPPS,amber,-98.42843589598375,8.907061792703935,28.012347104277964,12.132820473412764,11.253883418624879,6.910665322709527,790.83,aer,4096,outputs/reps_Brickwork_entanglement1/slurm_DAYAQWLKDGGPSSGRPPPS_amber/replica_527/replica_527.pdb,outputs/reps_Brickwork_entanglement1/slurm_DAYAQWLKDGGPSSGRPPPS_amber/replica_527/replica_527_ca.pdb
488,2158523873,random,DAYAQWLKDGGPSSGRPPPS,amber,-78.00512479760036,8.914797256290582,27.83708842954704,12.391935250109348,11.253883418624879,6.910665322709527,687.95,aer,4096,outputs/reps_Brickwork_entanglement1/slurm_DAYAQWLKDGGPSSGRPPPS_amber/replica_488/replica_488.pdb,outputs/reps_Brickwork_entanglement1/slurm_DAYAQWLKDGGPSSGRPPPS_amber/replica_488/replica_488_ca.pdb
406,2158523791,random,DAYAQWLKDGGPSSGRPPPS,amber,-43.10022474613392,8.91700656397185,26.37824162856396,11.640223602809732,11.253883418624879,6.910665322709527,690.95,aer,4096,outputs/reps_Brickwork_entanglement1/slurm_DAYAQWLKDGGPSSGRPPPS_amber/replica_406/replica_406.pdb,outputs/reps_Brickwork_entanglement1/slurm_DAYAQWLKDGGPSSGRPPPS_amber/replica_406/replica_406_ca.pdb
507,2158523892,random,DAYAQWLKDGGPSSGRPPPS,amber,-103.92115301884623,8.937606612691376,29.048306062036907,11.80904814063777,11.253883418624879,6.910665322709527,928.2,aer,4096,outputs/reps_Brickwork_entanglement1/slurm_DAYAQWLKDGGPSSGRPPPS_amber/replica_507/replica_507.pdb,outputs/reps_Brickwork_entanglement1/slurm_DAYAQWLKDGGPSSGRPPPS_amber/replica_507/replica_507_ca.pdb
885,2158524270,random,DAYAQWLKDGGPSSGRPPPS,amber,-240.627304219792,8.951344075789123,26.552804312131617,11.980747016770476,11.253883418624879,6.910665322709527,1024.69,aer,4096,outputs/reps_Brickwork_entanglement1/slurm_DAYAQWLKDGGPSSGRPPPS_amber/replica_885/replica_885.pdb,outputs/reps_Brickwork_entanglement1/slurm_DAYAQWLKDGGPSSGRPPPS_amber/replica_885/replica_885_ca.pdb
424,2158523809,random,DAYAQWLKDGGPSSGRPPPS,amber,-26.095456079622487,8.959515898133628,27.01207503001323,11.85378805228238,11.253883418624879,6.910665322709527,1074.39,aer,4096,outputs/reps_Brickwork_entanglement1/slurm_DAYAQWLKDGGPSSGRPPPS_amber/replica_424/replica_424.pdb,outputs/reps_Brickwork_entanglement1/slurm_DAYAQWLKDGGPSSGRPPPS_amber/replica_424/replica_424_ca.pdb
445,2158523830,random,DAYAQWLKDGGPSSGRPPPS,amber,937.9388259600228,8.97589005697917,32.851940411539175,12.383212680642028,11.253883418624879,6.910665322709527,481.18,aer,4096,outputs/reps_Brickwork_entanglement1/slurm_DAYAQWLKDGGPSSGRPPPS_amber/replica_445/replica_445.pdb,outputs/reps_Brickwork_entanglement1/slurm_DAYAQWLKDGGPSSGRPPPS_amber/replica_445/replica_445_ca.pdb
112,2158523497,random,DAYAQWLKDGGPSSGRPPPS,amber,-162.53349030576743,8.989615126276624,29.980788810878835,12.289973625316579,11.253883418624879,6.910665322709527,824.06,aer,4096,outputs/reps_Brickwork_entanglement1/slurm_DAYAQWLKDGGPSSGRPPPS_amber/replica_112/replica_112.pdb,outputs/reps_Brickwork_entanglement1/slurm_DAYAQWLKDGGPSSGRPPPS_amber/replica_112/replica_112_ca.pdb
196,2158523581,random,DAYAQWLKDGGPSSGRPPPS,amber,-164.296063435837,9.00413639340859,26.74610264040682,11.749862844368202,11.253883418624879,6.910665322709527,945.4,aer,4096,outputs/reps_Brickwork_entanglement1/slurm_DAYAQWLKDGGPSSGRPPPS_amber/replica_196/replica_196.pdb,outputs/reps_Brickwork_entanglement1/slurm_DAYAQWLKDGGPSSGRPPPS_amber/replica_196/replica_196_ca.pdb
144,2158523529,random,DAYAQWLKDGGPSSGRPPPS,amber,-60.55095774964993,9.008170173878067,27.971174264003015,12.327003100407085,11.253883418624879,6.910665322709527,1233.49,aer,4096,outputs/reps_Brickwork_entanglement1/slurm_DAYAQWLKDGGPSSGRPPPS_amber/replica_144/replica_144.pdb,outputs/reps_Brickwork_entanglement1/slurm_DAYAQWLKDGGPSSGRPPPS_amber/replica_144/replica_144_ca.pdb
911,2158524296,random,DAYAQWLKDGGPSSGRPPPS,amber,-64.25224180241115,9.01315353760028,27.1549282880741,12.085039335363302,11.253883418624879,6.910665322709527,1504.87,aer,4096,outputs/reps_Brickwork_entanglement1/slurm_DAYAQWLKDGGPSSGRPPPS_amber/replica_911/replica_911.pdb,outputs/reps_Brickwork_entanglement1/slurm_DAYAQWLKDGGPSSGRPPPS_amber/replica_911/replica_911_ca.pdb
119,2158523504,random,DAYAQWLKDGGPSSGRPPPS,amber,-206.1217933256431,9.022652249673728,26.07930801724827,11.803440957137735,11.253883418624879,6.910665322709527,1066.92,aer,4096,outputs/reps_Brickwork_entanglement1/slurm_DAYAQWLKDGGPSSGRPPPS_amber/replica_119/replica_119.pdb,outputs/reps_Brickwork_entanglement1/slurm_DAYAQWLKDGGPSSGRPPPS_amber/replica_119/replica_119_ca.pdb
794,2158524179,random,DAYAQWLKDGGPSSGRPPPS,amber,-165.30234145154563,9.024103260371284,25.34863997183868,12.313928238787488,11.253883418624879,6.910665322709527,1167.07,aer,4096,outputs/reps_Brickwork_entanglement1/slurm_DAYAQWLKDGGPSSGRPPPS_amber/replica_794/replica_794.pdb,outputs/reps_Brickwork_entanglement1/slurm_DAYAQWLKDGGPSSGRPPPS_amber/replica_794/replica_794_ca.pdb
51,2158523436,random,DAYAQWLKDGGPSSGRPPPS,amber,-94.2153903208252,9.027683660572826,26.320423256421595,11.6936122456622,11.253883418624879,6.910665322709527,749.38,aer,4096,outputs/reps_Brickwork_entanglement1/slurm_DAYAQWLKDGGPSSGRPPPS_amber/replica_51/replica_51.pdb,outputs/reps_Brickwork_entanglement1/slurm_DAYAQWLKDGGPSSGRPPPS_amber/replica_51/replica_51_ca.pdb
126,2158523511,random,DAYAQWLKDGGPSSGRPPPS,amber,912.227126990818,9.029044768177842,26.091049784193764,11.797153697081807,11.253883418624879,6.910665322709527,441.37,aer,4096,outputs/reps_Brickwork_entanglement1/slurm_DAYAQWLKDGGPSSGRPPPS_amber/replica_126/replica_126.pdb,outputs/reps_Brickwork_entanglement1/slurm_DAYAQWLKDGGPSSGRPPPS_amber/replica_126/replica_126_ca.pdb
872,2158524257,random,DAYAQWLKDGGPSSGRPPPS,amber,-40.592170458162116,9.038416745289947,28.03858966830158,11.922435575177772,11.253883418624879,6.910665322709527,768.93,aer,4096,outputs/reps_Brickwork_entanglement1/slurm_DAYAQWLKDGGPSSGRPPPS_amber/replica_872/replica_872.pdb,outputs/reps_Brickwork_entanglement1/slurm_DAYAQWLKDGGPSSGRPPPS_amber/replica_872/replica_872_ca.pdb
480,2158523865,random,DAYAQWLKDGGPSSGRPPPS,amber,-84.2973531478285,9.054206252707445,28.292183462425246,12.047636975027226,11.253883418624879,6.910665322709527,970.37,aer,4096,outputs/reps_Brickwork_entanglement1/slurm_DAYAQWLKDGGPSSGRPPPS_amber/replica_480/replica_480.pdb,outputs/reps_Brickwork_entanglement1/slurm_DAYAQWLKDGGPSSGRPPPS_amber/replica_480/replica_480_ca.pdb
855,2158524240,random,DAYAQWLKDGGPSSGRPPPS,amber,-104.14544080788288,9.060623353192021,25.597698792989007,11.677631496013227,11.253883418624879,6.910665322709527,1144.5,aer,4096,outputs/reps_Brickwork_entanglement1/slurm_DAYAQWLKDGGPSSGRPPPS_amber/replica_855/replica_855.pdb,outputs/reps_Brickwork_entanglement1/slurm_DAYAQWLKDGGPSSGRPPPS_amber/replica_855/replica_855_ca.pdb
250,2158523635,random,DAYAQWLKDGGPSSGRPPPS,amber,-6.322545584701798,9.070723066000719,28.096214960855143,12.26875101959741,11.253883418624879,6.910665322709527,838.17,aer,4096,outputs/reps_Brickwork_entanglement1/slurm_DAYAQWLKDGGPSSGRPPPS_amber/replica_250/replica_250.pdb,outputs/reps_Brickwork_entanglement1/slurm_DAYAQWLKDGGPSSGRPPPS_amber/replica_250/replica_250_ca.pdb
775,2158524160,random,DAYAQWLKDGGPSSGRPPPS,amber,-198.3132967684177,9.072348336889121,30.707027884702697,12.339054537831549,11.253883418624879,6.910665322709527,1052.33,aer,4096,outputs/reps_Brickwork_entanglement1/slurm_DAYAQWLKDGGPSSGRPPPS_amber/replica_775/replica_775.pdb,outputs/reps_Brickwork_entanglement1/slurm_DAYAQWLKDGGPSSGRPPPS_amber/replica_775/replica_775_ca.pdb
968,2158524353,random,DAYAQWLKDGGPSSGRPPPS,amber,-181.8268625403183,9.077905017108398,23.45792522513214,11.811364236918374,11.253883418624879,6.910665322709527,975.53,aer,4096,outputs/reps_Brickwork_entanglement1/slurm_DAYAQWLKDGGPSSGRPPPS_amber/replica_968/replica_968.pdb,outputs/reps_Brickwork_entanglement1/slurm_DAYAQWLKDGGPSSGRPPPS_amber/replica_968/replica_968_ca.pdb
214,2158523599,random,DAYAQWLKDGGPSSGRPPPS,amber,37.64127672271419,9.08193751372171,25.23008772751906,12.313175434717902,11.253883418624879,6.910665322709527,873.01,aer,4096,outputs/reps_Brickwork_entanglement1/slurm_DAYAQWLKDGGPSSGRPPPS_amber/replica_214/replica_214.pdb,outputs/reps_Brickwork_entanglement1/slurm_DAYAQWLKDGGPSSGRPPPS_amber/replica_214/replica_214_ca.pdb
42,2158523427,random,DAYAQWLKDGGPSSGRPPPS,amber,-42.921075465032914,9.090022680441892,24.883350248798777,12.222818832115173,11.253883418624879,6.910665322709527,894.04,aer,4096,outputs/reps_Brickwork_entanglement1/slurm_DAYAQWLKDGGPSSGRPPPS_amber/replica_42/replica_42.pdb,outputs/reps_Brickwork_entanglement1/slurm_DAYAQWLKDGGPSSGRPPPS_amber/replica_42/replica_42_ca.pdb
37,2158523422,random,DAYAQWLKDGGPSSGRPPPS,amber,-49.00167747408012,9.09796504363324,29.705029864327276,12.46042153704126,11.253883418624879,6.910665322709527,902.76,aer,4096,outputs/reps_Brickwork_entanglement1/slurm_DAYAQWLKDGGPSSGRPPPS_amber/replica_37/replica_37.pdb,outputs/reps_Brickwork_entanglement1/slurm_DAYAQWLKDGGPSSGRPPPS_amber/replica_37/replica_37_ca.pdb
307,2158523692,random,DAYAQWLKDGGPSSGRPPPS,amber,496.7249215929644,9.098804487361102,31.831092116065484,12.278824678949029,11.253883418624879,6.910665322709527,512.14,aer,4096,outputs/reps_Brickwork_entanglement1/slurm_DAYAQWLKDGGPSSGRPPPS_amber/replica_307/replica_307.pdb,outputs/reps_Brickwork_entanglement1/slurm_DAYAQWLKDGGPSSGRPPPS_amber/replica_307/replica_307_ca.pdb
78,2158523463,random,DAYAQWLKDGGPSSGRPPPS,amber,757.1110857286376,9.102564452366044,24.412994746270382,12.147558302612643,11.253883418624879,6.910665322709527,308.92,aer,4096,outputs/reps_Brickwork_entanglement1/slurm_DAYAQWLKDGGPSSGRPPPS_amber/replica_78/replica_78.pdb,outputs/reps_Brickwork_entanglement1/slurm_DAYAQWLKDGGPSSGRPPPS_amber/replica_78/replica_78_ca.pdb
616,2158524001,random,DAYAQWLKDGGPSSGRPPPS,amber,-67.92921133673734,9.139118053976995,29.68795731620365,12.045253562933542,11.253883418624879,6.910665322709527,1218.25,aer,4096,outputs/reps_Brickwork_entanglement1/slurm_DAYAQWLKDGGPSSGRPPPS_amber/replica_616/replica_616.pdb,outputs/reps_Brickwork_entanglement1/slurm_DAYAQWLKDGGPSSGRPPPS_amber/replica_616/replica_616_ca.pdb
224,2158523609,random,DAYAQWLKDGGPSSGRPPPS,amber,1802.7679012460826,9.1586808271253,28.63410983663714,12.093122386532896,11.253883418624879,6.910665322709527,458.47,aer,4096,outputs/reps_Brickwork_entanglement1/slurm_DAYAQWLKDGGPSSGRPPPS_amber/replica_224/replica_224.pdb,outputs/reps_Brickwork_entanglement1/slurm_DAYAQWLKDGGPSSGRPPPS_amber/replica_224/replica_224_ca.pdb
929,2158524314,random,DAYAQWLKDGGPSSGRPPPS,amber,-130.79710961153674,9.17756188655018,25.949417675654566,12.210950984733106,11.253883418624879,6.910665322709527,878.07,aer,4096,outputs/reps_Brickwork_entanglement1/slurm_DAYAQWLKDGGPSSGRPPPS_amber/replica_929/replica_929.pdb,outputs/reps_Brickwork_entanglement1/slurm_DAYAQWLKDGGPSSGRPPPS_amber/replica_929/replica_929_ca.pdb
117,2158523502,random,DAYAQWLKDGGPSSGRPPPS,amber,113.41575387612608,9.186156470470364,28.600379405125214,12.416304580908802,11.253883418624879,6.910665322709527,1198.97,aer,4096,outputs/reps_Brickwork_entanglement1/slurm_DAYAQWLKDGGPSSGRPPPS_amber/replica_117/replica_117.pdb,outputs/reps_Brickwork_entanglement1/slurm_DAYAQWLKDGGPSSGRPPPS_amber/replica_117/replica_117_ca.pdb
667,2158524052,random,DAYAQWLKDGGPSSGRPPPS,amber,90.07003036185918,9.186442973217936,24.71868129986102,11.863231907609729,11.253883418624879,6.910665322709527,1440.01,aer,4096,outputs/reps_Brickwork_entanglement1/slurm_DAYAQWLKDGGPSSGRPPPS_amber/replica_667/replica_667.pdb,outputs/reps_Brickwork_entanglement1/slurm_DAYAQWLKDGGPSSGRPPPS_amber/replica_667/replica_667_ca.pdb
351,2158523736,random,DAYAQWLKDGGPSSGRPPPS,amber,-201.885645349586,9.18969787336278,29.074323707082605,12.395875763719939,11.253883418624879,6.910665322709527,759.07,aer,4096,outputs/reps_Brickwork_entanglement1/slurm_DAYAQWLKDGGPSSGRPPPS_amber/replica_351/replica_351.pdb,outputs/reps_Brickwork_entanglement1/slurm_DAYAQWLKDGGPSSGRPPPS_amber/replica_351/replica_351_ca.pdb
747,2158524132,random,DAYAQWLKDGGPSSGRPPPS,amber,-40.448795229515866,9.203274063893618,27.403853650834417,12.422487376371764,11.253883418624879,6.910665322709527,1032.99,aer,4096,outputs/reps_Brickwork_entanglement1/slurm_DAYAQWLKDGGPSSGRPPPS_amber/replica_747/replica_747.pdb,outputs/reps_Brickwork_entanglement1/slurm_DAYAQWLKDGGPSSGRPPPS_amber/replica_747/replica_747_ca.pdb
127,2158523512,random,DAYAQWLKDGGPSSGRPPPS,amber,566.6795142876663,9.205630862023717,22.351258383144135,12.447832580983462,11.253883418624879,6.910665322709527,581.6,aer,4096,outputs/reps_Brickwork_entanglement1/slurm_DAYAQWLKDGGPSSGRPPPS_amber/replica_127/replica_127.pdb,outputs/reps_Brickwork_entanglement1/slurm_DAYAQWLKDGGPSSGRPPPS_amber/replica_127/replica_127_ca.pdb
989,2158524374,random,DAYAQWLKDGGPSSGRPPPS,amber,-134.7921002841089,9.20694792630615,24.778790939944546,12.327877366586037,11.253883418624879,6.910665322709527,1109.84,aer,4096,outputs/reps_Brickwork_entanglement1/slurm_DAYAQWLKDGGPSSGRPPPS_amber/replica_989/replica_989.pdb,outputs/reps_Brickwork_entanglement1/slurm_DAYAQWLKDGGPSSGRPPPS_amber/replica_989/replica_989_ca.pdb
301,2158523686,random,DAYAQWLKDGGPSSGRPPPS,amber,168.6262504729849,9.238454345524527,24.31935826720281,11.873876782536076,11.253883418624879,6.910665322709527,1227.13,aer,4096,outputs/reps_Brickwork_entanglement1/slurm_DAYAQWLKDGGPSSGRPPPS_amber/replica_301/replica_301.pdb,outputs/reps_Brickwork_entanglement1/slurm_DAYAQWLKDGGPSSGRPPPS_amber/replica_301/replica_301_ca.pdb
9,2158523394,random,DAYAQWLKDGGPSSGRPPPS,amber,-167.03303589007982,9.242775766028386,26.623473190461375,12.487007098497982,11.253883418624879,6.910665322709527,1038.03,aer,4096,outputs/reps_Brickwork_entanglement1/slurm_DAYAQWLKDGGPSSGRPPPS_amber/replica_9/replica_9.pdb,outputs/reps_Brickwork_entanglement1/slurm_DAYAQWLKDGGPSSGRPPPS_amber/replica_9/replica_9_ca.pdb
913,2158524298,random,DAYAQWLKDGGPSSGRPPPS,amber,52.674553017878154,9.2731229648118,25.96020266258059,12.061078853284261,11.253883418624879,6.910665322709527,741.74,aer,4096,outputs/reps_Brickwork_entanglement1/slurm_DAYAQWLKDGGPSSGRPPPS_amber/replica_913/replica_913.pdb,outputs/reps_Brickwork_entanglement1/slurm_DAYAQWLKDGGPSSGRPPPS_amber/replica_913/replica_913_ca.pdb
384,2158523769,random,DAYAQWLKDGGPSSGRPPPS,amber,-63.35445169677107,9.286231860201546,28.804017673123663,12.591492548370544,11.253883418624879,6.910665322709527,828.85,aer,4096,outputs/reps_Brickwork_entanglement1/slurm_DAYAQWLKDGGPSSGRPPPS_amber/replica_384/replica_384.pdb,outputs/reps_Brickwork_entanglement1/slurm_DAYAQWLKDGGPSSGRPPPS_amber/replica_384/replica_384_ca.pdb
863,2158524248,random,DAYAQWLKDGGPSSGRPPPS,amber,-85.06332439465768,9.313148702618763,27.84281931499143,11.98847473292894,11.253883418624879,6.910665322709527,977.3,aer,4096,outputs/reps_Brickwork_entanglement1/slurm_DAYAQWLKDGGPSSGRPPPS_amber/replica_863/replica_863.pdb,outputs/reps_Brickwork_entanglement1/slurm_DAYAQWLKDGGPSSGRPPPS_amber/replica_863/replica_863_ca.pdb
921,2158524306,random,DAYAQWLKDGGPSSGRPPPS,amber,868.5251335004389,9.314641613313182,31.664807399824554,13.015349186785295,11.253883418624879,6.910665322709527,805.14,aer,4096,outputs/reps_Brickwork_entanglement1/slurm_DAYAQWLKDGGPSSGRPPPS_amber/replica_921/replica_921.pdb,outputs/reps_Brickwork_entanglement1/slurm_DAYAQWLKDGGPSSGRPPPS_amber/replica_921/replica_921_ca.pdb
849,2158524234,random,DAYAQWLKDGGPSSGRPPPS,amber,-263.3247887602966,9.318683428553387,26.83012851144365,12.434535511528903,11.253883418624879,6.910665322709527,943.96,aer,4096,outputs/reps_Brickwork_entanglement1/slurm_DAYAQWLKDGGPSSGRPPPS_amber/replica_849/replica_849.pdb,outputs/reps_Brickwork_entanglement1/slurm_DAYAQWLKDGGPSSGRPPPS_amber/replica_849/replica_849_ca.pdb
149,2158523534,random,DAYAQWLKDGGPSSGRPPPS,amber,117.7929960757354,9.333143122807265,28.52412868001568,12.84971706978994,11.253883418624879,6.910665322709527,915.51,aer,4096,outputs/reps_Brickwork_entanglement1/slurm_DAYAQWLKDGGPSSGRPPPS_amber/replica_149/replica_149.pdb,outputs/reps_Brickwork_entanglement1/slurm_DAYAQWLKDGGPSSGRPPPS_amber/replica_149/replica_149_ca.pdb
179,2158523564,random,DAYAQWLKDGGPSSGRPPPS,amber,-126.3399894326167,9.346593234496845,31.148951527032025,12.87912791003061,11.253883418624879,6.910665322709527,990.15,aer,4096,outputs/reps_Brickwork_entanglement1/slurm_DAYAQWLKDGGPSSGRPPPS_amber/replica_179/replica_179.pdb,outputs/reps_Brickwork_entanglement1/slurm_DAYAQWLKDGGPSSGRPPPS_amber/replica_179/replica_179_ca.pdb
871,2158524256,random,DAYAQWLKDGGPSSGRPPPS,amber,-50.10414374416462,9.350579754813843,28.53430114799432,12.228023769432482,11.253883418624879,6.910665322709527,831.28,aer,4096,outputs/reps_Brickwork_entanglement1/slurm_DAYAQWLKDGGPSSGRPPPS_amber/replica_871/replica_871.pdb,outputs/reps_Brickwork_entanglement1/slurm_DAYAQWLKDGGPSSGRPPPS_amber/replica_871/replica_871_ca.pdb
230,2158523615,random,DAYAQWLKDGGPSSGRPPPS,amber,-149.18058624673418,9.352859908366469,28.351453231475265,12.289301461309003,11.253883418624879,6.910665322709527,994.16,aer,4096,outputs/reps_Brickwork_entanglement1/slurm_DAYAQWLKDGGPSSGRPPPS_amber/replica_230/replica_230.pdb,outputs/reps_Brickwork_entanglement1/slurm_DAYAQWLKDGGPSSGRPPPS_amber/replica_230/replica_230_ca.pdb
496,2158523881,random,DAYAQWLKDGGPSSGRPPPS,amber,-61.68589002702208,9.367650095365464,25.85373114635762,12.975620317354503,11.253883418624879,6.910665322709527,1353.35,aer,4096,outputs/reps_Brickwork_entanglement1/slurm_DAYAQWLKDGGPSSGRPPPS_amber/replica_496/replica_496.pdb,outputs/reps_Brickwork_entanglement1/slurm_DAYAQWLKDGGPSSGRPPPS_amber/replica_496/replica_496_ca.pdb
959,2158524344,random,DAYAQWLKDGGPSSGRPPPS,amber,167.30742947149793,9.3678955937803,30.2502556888344,12.695436096545922,11.253883418624879,6.910665322709527,917.33,aer,4096,outputs/reps_Brickwork_entanglement1/slurm_DAYAQWLKDGGPSSGRPPPS_amber/replica_959/replica_959.pdb,outputs/reps_Brickwork_entanglement1/slurm_DAYAQWLKDGGPSSGRPPPS_amber/replica_959/replica_959_ca.pdb
200,2158523585,random,DAYAQWLKDGGPSSGRPPPS,amber,568.5671847250157,9.386527940855613,28.922762651998013,12.483552105600717,11.253883418624879,6.910665322709527,589.55,aer,4096,outputs/reps_Brickwork_entanglement1/slurm_DAYAQWLKDGGPSSGRPPPS_amber/replica_200/replica_200.pdb,outputs/reps_Brickwork_entanglement1/slurm_DAYAQWLKDGGPSSGRPPPS_amber/replica_200/replica_200_ca.pdb
742,2158524127,random,DAYAQWLKDGGPSSGRPPPS,amber,-38.722365564648605,9.393001045083764,24.78821634538477,12.543825113478984,11.253883418624879,6.910665322709527,883.98,aer,4096,outputs/reps_Brickwork_entanglement1/slurm_DAYAQWLKDGGPSSGRPPPS_amber/replica_742/replica_742.pdb,outputs/reps_Brickwork_entanglement1/slurm_DAYAQWLKDGGPSSGRPPPS_amber/replica_742/replica_742_ca.pdb
710,2158524095,random,DAYAQWLKDGGPSSGRPPPS,amber,89.57067205044527,9.436592986877896,27.470351249413387,12.204555150203687,11.253883418624879,6.910665322709527,929.29,aer,4096,outputs/reps_Brickwork_entanglement1/slurm_DAYAQWLKDGGPSSGRPPPS_amber/replica_710/replica_710.pdb,outputs/reps_Brickwork_entanglement1/slurm_DAYAQWLKDGGPSSGRPPPS_amber/replica_710/replica_710_ca.pdb
516,2158523901,random,DAYAQWLKDGGPSSGRPPPS,amber,-103.97396404462492,9.4514780676574,27.615880474591403,12.155432199067318,11.253883418624879,6.910665322709527,1075.61,aer,4096,outputs/reps_Brickwork_entanglement1/slurm_DAYAQWLKDGGPSSGRPPPS_amber/replica_516/replica_516.pdb,outputs/reps_Brickwork_entanglement1/slurm_DAYAQWLKDGGPSSGRPPPS_amber/replica_516/replica_516_ca.pdb
130,2158523515,random,DAYAQWLKDGGPSSGRPPPS,amber,-79.80032038628107,9.453888542249967,26.84030329045056,12.959544613913476,11.253883418624879,6.910665322709527,908.36,aer,4096,outputs/reps_Brickwork_entanglement1/slurm_DAYAQWLKDGGPSSGRPPPS_amber/replica_130/replica_130.pdb,outputs/reps_Brickwork_entanglement1/slurm_DAYAQWLKDGGPSSGRPPPS_amber/replica_130/replica_130_ca.pdb
492,2158523877,random,DAYAQWLKDGGPSSGRPPPS,amber,-104.38415603162207,9.483579522597816,28.736548413084947,12.786571628632954,11.253883418624879,6.910665322709527,974.39,aer,4096,outputs/reps_Brickwork_entanglement1/slurm_DAYAQWLKDGGPSSGRPPPS_amber/replica_492/replica_492.pdb,outputs/reps_Brickwork_entanglement1/slurm_DAYAQWLKDGGPSSGRPPPS_amber/replica_492/replica_492_ca.pdb
13,2158523398,random,DAYAQWLKDGGPSSGRPPPS,amber,-175.0644925303514,9.497994056436221,29.022380299541005,12.420856420767716,11.253883418624879,6.910665322709527,943.34,aer,4096,outputs/reps_Brickwork_entanglement1/slurm_DAYAQWLKDGGPSSGRPPPS_amber/replica_13/replica_13.pdb,outputs/reps_Brickwork_entanglement1/slurm_DAYAQWLKDGGPSSGRPPPS_amber/replica_13/replica_13_ca.pdb
188,2158523573,random,DAYAQWLKDGGPSSGRPPPS,amber,883.5022980561924,9.501484761675165,28.600246029268806,12.554439478959155,11.253883418624879,6.910665322709527,602.6,aer,4096,outputs/reps_Brickwork_entanglement1/slurm_DAYAQWLKDGGPSSGRPPPS_amber/replica_188/replica_188.pdb,outputs/reps_Brickwork_entanglement1/slurm_DAYAQWLKDGGPSSGRPPPS_amber/replica_188/replica_188_ca.pdb
524,2158523909,random,DAYAQWLKDGGPSSGRPPPS,amber,64.62578613494911,9.538961519311837,30.655097978358178,12.781262979421555,11.253883418624879,6.910665322709527,1048.89,aer,4096,outputs/reps_Brickwork_entanglement1/slurm_DAYAQWLKDGGPSSGRPPPS_amber/replica_524/replica_524.pdb,outputs/reps_Brickwork_entanglement1/slurm_DAYAQWLKDGGPSSGRPPPS_amber/replica_524/replica_524_ca.pdb
376,2158523761,random,DAYAQWLKDGGPSSGRPPPS,amber,-296.249547147101,9.549548109649955,29.071195212594667,12.742251195432123,11.253883418624879,6.910665322709527,1068.96,aer,4096,outputs/reps_Brickwork_entanglement1/slurm_DAYAQWLKDGGPSSGRPPPS_amber/replica_376/replica_376.pdb,outputs/reps_Brickwork_entanglement1/slurm_DAYAQWLKDGGPSSGRPPPS_amber/replica_376/replica_376_ca.pdb
16,2158523401,random,DAYAQWLKDGGPSSGRPPPS,amber,65.52202370497943,9.577993870056442,29.16531421954852,12.601863165430446,11.253883418624879,6.910665322709527,710.15,aer,4096,outputs/reps_Brickwork_entanglement1/slurm_DAYAQWLKDGGPSSGRPPPS_amber/replica_16/replica_16.pdb,outputs/reps_Brickwork_entanglement1/slurm_DAYAQWLKDGGPSSGRPPPS_amber/replica_16/replica_16_ca.pdb
749,2158524134,random,DAYAQWLKDGGPSSGRPPPS,amber,-113.65404266077697,9.59288228741611,28.718097946982553,12.289799337809251,11.253883418624879,6.910665322709527,950.12,aer,4096,outputs/reps_Brickwork_entanglement1/slurm_DAYAQWLKDGGPSSGRPPPS_amber/replica_749/replica_749.pdb,outputs/reps_Brickwork_entanglement1/slurm_DAYAQWLKDGGPSSGRPPPS_amber/replica_749/replica_749_ca.pdb
341,2158523726,random,DAYAQWLKDGGPSSGRPPPS,amber,1861.6191280184978,9.617662947007293,29.388980745673646,13.215998982091065,11.253883418624879,6.910665322709527,430.68,aer,4096,outputs/reps_Brickwork_entanglement1/slurm_DAYAQWLKDGGPSSGRPPPS_amber/replica_341/replica_341.pdb,outputs/reps_Brickwork_entanglement1/slurm_DAYAQWLKDGGPSSGRPPPS_amber/replica_341/replica_341_ca.pdb
895,2158524280,random,DAYAQWLKDGGPSSGRPPPS,amber,-189.17589523183403,9.638424985748165,27.83593695320616,12.765837786209246,11.253883418624879,6.910665322709527,1251.49,aer,4096,outputs/reps_Brickwork_entanglement1/slurm_DAYAQWLKDGGPSSGRPPPS_amber/replica_895/replica_895.pdb,outputs/reps_Brickwork_entanglement1/slurm_DAYAQWLKDGGPSSGRPPPS_amber/replica_895/replica_895_ca.pdb
846,2158524231,random,DAYAQWLKDGGPSSGRPPPS,amber,-147.07613758538037,9.686327321895293,30.968432251763232,12.936013268870951,11.253883418624879,6.910665322709527,831.22,aer,4096,outputs/reps_Brickwork_entanglement1/slurm_DAYAQWLKDGGPSSGRPPPS_amber/replica_846/replica_846.pdb,outputs/reps_Brickwork_entanglement1/slurm_DAYAQWLKDGGPSSGRPPPS_amber/replica_846/replica_846_ca.pdb
820,2158524205,random,DAYAQWLKDGGPSSGRPPPS,amber,-78.2176900887105,9.69808406046752,28.492344206203192,12.72269472020657,11.253883418624879,6.910665322709527,1268.16,aer,4096,outputs/reps_Brickwork_entanglement1/slurm_DAYAQWLKDGGPSSGRPPPS_amber/replica_820/replica_820.pdb,outputs/reps_Brickwork_entanglement1/slurm_DAYAQWLKDGGPSSGRPPPS_amber/replica_820/replica_820_ca.pdb
972,2158524357,random,DAYAQWLKDGGPSSGRPPPS,amber,108.02326850900383,9.712680317733724,26.955400931816452,12.740784776439709,11.253883418624879,6.910665322709527,1487.27,aer,4096,outputs/reps_Brickwork_entanglement1/slurm_DAYAQWLKDGGPSSGRPPPS_amber/replica_972/replica_972.pdb,outputs/reps_Brickwork_entanglement1/slurm_DAYAQWLKDGGPSSGRPPPS_amber/replica_972/replica_972_ca.pdb
891,2158524276,random,DAYAQWLKDGGPSSGRPPPS,amber,-40.00736768882424,9.718946430577136,29.30677440180578,13.056174079980517,11.253883418624879,6.910665322709527,1443.25,aer,4096,outputs/reps_Brickwork_entanglement1/slurm_DAYAQWLKDGGPSSGRPPPS_amber/replica_891/replica_891.pdb,outputs/reps_Brickwork_entanglement1/slurm_DAYAQWLKDGGPSSGRPPPS_amber/replica_891/replica_891_ca.pdb
108,2158523493,random,DAYAQWLKDGGPSSGRPPPS,amber,-69.32065456159964,9.733638717196975,29.666924154362437,12.745569219442096,11.253883418624879,6.910665322709527,1302.29,aer,4096,outputs/reps_Brickwork_entanglement1/slurm_DAYAQWLKDGGPSSGRPPPS_amber/replica_108/replica_108.pdb,outputs/reps_Brickwork_entanglement1/slurm_DAYAQWLKDGGPSSGRPPPS_amber/replica_108/replica_108_ca.pdb
801,2158524186,random,DAYAQWLKDGGPSSGRPPPS,amber,-110.4622377445936,9.746470938550152,27.85487359807767,13.069598123774169,11.253883418624879,6.910665322709527,966.17,aer,4096,outputs/reps_Brickwork_entanglement1/slurm_DAYAQWLKDGGPSSGRPPPS_amber/replica_801/replica_801.pdb,outputs/reps_Brickwork_entanglement1/slurm_DAYAQWLKDGGPSSGRPPPS_amber/replica_801/replica_801_ca.pdb
245,2158523630,random,DAYAQWLKDGGPSSGRPPPS,amber,812.8289457192022,9.75752545534067,31.382367540841937,13.087969399377151,11.253883418624879,6.910665322709527,476.28,aer,4096,outputs/reps_Brickwork_entanglement1/slurm_DAYAQWLKDGGPSSGRPPPS_amber/replica_245/replica_245.pdb,outputs/reps_Brickwork_entanglement1/slurm_DAYAQWLKDGGPSSGRPPPS_amber/replica_245/replica_245_ca.pdb
770,2158524155,random,DAYAQWLKDGGPSSGRPPPS,amber,100.29226080428238,9.76371022742038,29.97239400522522,12.967910617638202,11.253883418624879,6.910665322709527,1129.45,aer,4096,outputs/reps_Brickwork_entanglement1/slurm_DAYAQWLKDGGPSSGRPPPS_amber/replica_770/replica_770.pdb,outputs/reps_Brickwork_entanglement1/slurm_DAYAQWLKDGGPSSGRPPPS_amber/replica_770/replica_770_ca.pdb
493,2158523878,random,DAYAQWLKDGGPSSGRPPPS,amber,-162.49760770395375,9.783261891071588,29.908044945289156,12.971148806510199,11.253883418624879,6.910665322709527,764.83,aer,4096,outputs/reps_Brickwork_entanglement1/slurm_DAYAQWLKDGGPSSGRPPPS_amber/replica_493/replica_493.pdb,outputs/reps_Brickwork_entanglement1/slurm_DAYAQWLKDGGPSSGRPPPS_amber/replica_493/replica_493_ca.pdb
600,2158523985,random,DAYAQWLKDGGPSSGRPPPS,amber,-71.67278572430928,9.81382118474144,30.707540234254278,12.82710318851334,11.253883418624879,6.910665322709527,921.96,aer,4096,outputs/reps_Brickwork_entanglement1/slurm_DAYAQWLKDGGPSSGRPPPS_amber/replica_600/replica_600.pdb,outputs/reps_Brickwork_entanglement1/slurm_DAYAQWLKDGGPSSGRPPPS_amber/replica_600/replica_600_ca.pdb
158,2158523543,random,DAYAQWLKDGGPSSGRPPPS,amber,-128.3734220431221,9.818367170630081,30.06334387013984,12.899922635457191,11.253883418624879,6.910665322709527,1069.88,aer,4096,outputs/reps_Brickwork_entanglement1/slurm_DAYAQWLKDGGPSSGRPPPS_amber/replica_158/replica_158.pdb,outputs/reps_Brickwork_entanglement1/slurm_DAYAQWLKDGGPSSGRPPPS_amber/replica_158/replica_158_ca.pdb
399,2158523784,random,DAYAQWLKDGGPSSGRPPPS,amber,136.11250208093574,9.826477467128388,32.70774570624429,12.701214904543507,11.253883418624879,6.910665322709527,1848.16,aer,4096,outputs/reps_Brickwork_entanglement1/slurm_DAYAQWLKDGGPSSGRPPPS_amber/replica_399/replica_399.pdb,outputs/reps_Brickwork_entanglement1/slurm_DAYAQWLKDGGPSSGRPPPS_amber/replica_399/replica_399_ca.pdb
684,2158524069,random,DAYAQWLKDGGPSSGRPPPS,amber,-22.23486226071517,9.838670968576873,30.869427456156746,12.744310854421775,11.253883418624879,6.910665322709527,973.0,aer,4096,outputs/reps_Brickwork_entanglement1/slurm_DAYAQWLKDGGPSSGRPPPS_amber/replica_684/replica_684.pdb,outputs/reps_Brickwork_entanglement1/slurm_DAYAQWLKDGGPSSGRPPPS_amber/replica_684/replica_684_ca.pdb
35,2158523420,random,DAYAQWLKDGGPSSGRPPPS,amber,-32.267869219958904,9.850016391861505,29.351425793960395,12.90159568468613,11.253883418624879,6.910665322709527,1572.95,aer,4096,outputs/reps_Brickwork_entanglement1/slurm_DAYAQWLKDGGPSSGRPPPS_amber/replica_35/replica_35.pdb,outputs/reps_Brickwork_entanglement1/slurm_DAYAQWLKDGGPSSGRPPPS_amber/replica_35/replica_35_ca.pdb
983,2158524368,random,DAYAQWLKDGGPSSGRPPPS,amber,91.55272434455789,9.858648669964259,35.01123015954588,13.060499660173964,11.253883418624879,6.910665322709527,946.04,aer,4096,outputs/reps_Brickwork_entanglement1/slurm_DAYAQWLKDGGPSSGRPPPS_amber/replica_983/replica_983.pdb,outputs/reps_Brickwork_entanglement1/slurm_DAYAQWLKDGGPSSGRPPPS_amber/replica_983/replica_983_ca.pdb
322,2158523707,random,DAYAQWLKDGGPSSGRPPPS,amber,-100.29713513425048,9.9464684409794,31.695393272628476,13.364399571500497,11.253883418624879,6.910665322709527,1130.93,aer,4096,outputs/reps_Brickwork_entanglement1/slurm_DAYAQWLKDGGPSSGRPPPS_amber/replica_322/replica_322.pdb,outputs/reps_Brickwork_entanglement1/slurm_DAYAQWLKDGGPSSGRPPPS_amber/replica_322/replica_322_ca.pdb
80,2158523465,random,DAYAQWLKDGGPSSGRPPPS,amber,-102.30107658045,9.956103720272829,26.933155842490027,13.31836673434512,11.253883418624879,6.910665322709527,1179.22,aer,4096,outputs/reps_Brickwork_entanglement1/slurm_DAYAQWLKDGGPSSGRPPPS_amber/replica_80/replica_80.pdb,outputs/reps_Brickwork_entanglement1/slurm_DAYAQWLKDGGPSSGRPPPS_amber/replica_80/replica_80_ca.pdb
712,2158524097,random,DAYAQWLKDGGPSSGRPPPS,amber,113.69334521418229,9.958818664293828,32.30472423049746,13.187628886537544,11.253883418624879,6.910665322709527,1306.21,aer,4096,outputs/reps_Brickwork_entanglement1/slurm_DAYAQWLKDGGPSSGRPPPS_amber/replica_712/replica_712.pdb,outputs/reps_Brickwork_entanglement1/slurm_DAYAQWLKDGGPSSGRPPPS_amber/replica_712/replica_712_ca.pdb
738,2158524123,random,DAYAQWLKDGGPSSGRPPPS,amber,-176.45295629959057,9.968381880017573,30.330123443597373,13.571151567465693,11.253883418624879,6.910665322709527,751.21,aer,4096,outputs/reps_Brickwork_entanglement1/slurm_DAYAQWLKDGGPSSGRPPPS_amber/replica_738/replica_738.pdb,outputs/reps_Brickwork_entanglement1/slurm_DAYAQWLKDGGPSSGRPPPS_amber/replica_738/replica_738_ca.pdb
405,2158523790,random,DAYAQWLKDGGPSSGRPPPS,amber,-152.26910184532903,9.972483079927732,28.652950008200097,12.928251957164207,11.253883418624879,6.910665322709527,1594.29,aer,4096,outputs/reps_Brickwork_entanglement1/slurm_DAYAQWLKDGGPSSGRPPPS_amber/replica_405/replica_405.pdb,outputs/reps_Brickwork_entanglement1/slurm_DAYAQWLKDGGPSSGRPPPS_amber/replica_405/replica_405_ca.pdb
975,2158524360,random,DAYAQWLKDGGPSSGRPPPS,amber,-144.51118020763673,9.995480963296512,30.117196965992097,13.287194498199474,11.253883418624879,6.910665322709527,1008.21,aer,4096,outputs/reps_Brickwork_entanglement1/slurm_DAYAQWLKDGGPSSGRPPPS_amber/replica_975/replica_975.pdb,outputs/reps_Brickwork_entanglement1/slurm_DAYAQWLKDGGPSSGRPPPS_amber/replica_975/replica_975_ca.pdb
540,2158523925,random,DAYAQWLKDGGPSSGRPPPS,amber,-48.77150016917771,10.002485464620847,26.863953881603877,13.046544119765615,11.253883418624879,6.910665322709527,1051.67,aer,4096,outputs/reps_Brickwork_entanglement1/slurm_DAYAQWLKDGGPSSGRPPPS_amber/replica_540/replica_540.pdb,outputs/reps_Brickwork_entanglement1/slurm_DAYAQWLKDGGPSSGRPPPS_amber/replica_540/replica_540_ca.pdb
204,2158523589,random,DAYAQWLKDGGPSSGRPPPS,amber,-61.810424491492064,10.005167894485302,30.560367020691587,13.174696654968612,11.253883418624879,6.910665322709527,913.09,aer,4096,outputs/reps_Brickwork_entanglement1/slurm_DAYAQWLKDGGPSSGRPPPS_amber/replica_204/replica_204.pdb,outputs/reps_Brickwork_entanglement1/slurm_DAYAQWLKDGGPSSGRPPPS_amber/replica_204/replica_204_ca.pdb
98,2158523483,random,DAYAQWLKDGGPSSGRPPPS,amber,-72.51527631709465,10.007292472519085,32.32344575279062,12.969031464324198,11.253883418624879,6.910665322709527,724.38,aer,4096,outputs/reps_Brickwork_entanglement1/slurm_DAYAQWLKDGGPSSGRPPPS_amber/replica_98/replica_98.pdb,outputs/reps_Brickwork_entanglement1/slurm_DAYAQWLKDGGPSSGRPPPS_amber/replica_98/replica_98_ca.pdb
374,2158523759,random,DAYAQWLKDGGPSSGRPPPS,amber,104.90300546295386,10.045051253613137,28.197357906302596,13.256002890481733,11.253883418624879,6.910665322709527,1141.83,aer,4096,outputs/reps_Brickwork_entanglement1/slurm_DAYAQWLKDGGPSSGRPPPS_amber/replica_374/replica_374.pdb,outputs/reps_Brickwork_entanglement1/slurm_DAYAQWLKDGGPSSGRPPPS_amber/replica_374/replica_374_ca.pdb
84,2158523469,random,DAYAQWLKDGGPSSGRPPPS,amber,-60.51460824893866,10.062048427494517,31.851850485943753,13.570603584681677,11.253883418624879,6.910665322709527,1278.67,aer,4096,outputs/reps_Brickwork_entanglement1/slurm_DAYAQWLKDGGPSSGRPPPS_amber/replica_84/replica_84.pdb,outputs/reps_Brickwork_entanglement1/slurm_DAYAQWLKDGGPSSGRPPPS_amber/replica_84/replica_84_ca.pdb
864,2158524249,random,DAYAQWLKDGGPSSGRPPPS,amber,-74.42873971868472,10.093321896930602,30.334129510893252,12.841725645882379,11.253883418624879,6.910665322709527,1160.77,aer,4096,outputs/reps_Brickwork_entanglement1/slurm_DAYAQWLKDGGPSSGRPPPS_amber/replica_864/replica_864.pdb,outputs/reps_Brickwork_entanglement1/slurm_DAYAQWLKDGGPSSGRPPPS_amber/replica_864/replica_864_ca.pdb
452,2158523837,random,DAYAQWLKDGGPSSGRPPPS,amber,776.0156211248686,10.094812571200453,32.52782036501384,13.257143037726298,11.253883418624879,6.910665322709527,576.19,aer,4096,outputs/reps_Brickwork_entanglement1/slurm_DAYAQWLKDGGPSSGRPPPS_amber/replica_452/replica_452.pdb,outputs/reps_Brickwork_entanglement1/slurm_DAYAQWLKDGGPSSGRPPPS_amber/replica_452/replica_452_ca.pdb
141,2158523526,random,DAYAQWLKDGGPSSGRPPPS,amber,-94.0981270744512,10.126712545777432,31.09961597140701,13.142063290767142,11.253883418624879,6.910665322709527,1564.22,aer,4096,outputs/reps_Brickwork_entanglement1/slurm_DAYAQWLKDGGPSSGRPPPS_amber/replica_141/replica_141.pdb,outputs/reps_Brickwork_entanglement1/slurm_DAYAQWLKDGGPSSGRPPPS_amber/replica_141/replica_141_ca.pdb
715,2158524100,random,DAYAQWLKDGGPSSGRPPPS,amber,12.598006237741345,10.178249157458561,29.002880158648225,13.435770226272593,11.253883418624879,6.910665322709527,1144.09,aer,4096,outputs/reps_Brickwork_entanglement1/slurm_DAYAQWLKDGGPSSGRPPPS_amber/replica_715/replica_715.pdb,outputs/reps_Brickwork_entanglement1/slurm_DAYAQWLKDGGPSSGRPPPS_amber/replica_715/replica_715_ca.pdb
677,2158524062,random,DAYAQWLKDGGPSSGRPPPS,amber,1048.5856349569985,10.191398394461505,33.7794947325851,13.40882342321812,11.253883418624879,6.910665322709527,539.53,aer,4096,outputs/reps_Brickwork_entanglement1/slurm_DAYAQWLKDGGPSSGRPPPS_amber/replica_677/replica_677.pdb,outputs/reps_Brickwork_entanglement1/slurm_DAYAQWLKDGGPSSGRPPPS_amber/replica_677/replica_677_ca.pdb
217,2158523602,random,DAYAQWLKDGGPSSGRPPPS,amber,45.716328593399574,10.205516382770693,28.786296627606298,13.022383566345505,11.253883418624879,6.910665322709527,1284.38,aer,4096,outputs/reps_Brickwork_entanglement1/slurm_DAYAQWLKDGGPSSGRPPPS_amber/replica_217/replica_217.pdb,outputs/reps_Brickwork_entanglement1/slurm_DAYAQWLKDGGPSSGRPPPS_amber/replica_217/replica_217_ca.pdb
416,2158523801,random,DAYAQWLKDGGPSSGRPPPS,amber,697.3146153520321,10.24026910845631,33.650514537868894,13.444833439349516,11.253883418624879,6.910665322709527,527.51,aer,4096,outputs/reps_Brickwork_entanglement1/slurm_DAYAQWLKDGGPSSGRPPPS_amber/replica_416/replica_416.pdb,outputs/reps_Brickwork_entanglement1/slurm_DAYAQWLKDGGPSSGRPPPS_amber/replica_416/replica_416_ca.pdb
286,2158523671,random,DAYAQWLKDGGPSSGRPPPS,amber,-80.3863336702714,10.279549771136885,28.489239817450056,13.505304367745268,11.253883418624879,6.910665322709527,699.62,aer,4096,outputs/reps_Brickwork_entanglement1/slurm_DAYAQWLKDGGPSSGRPPPS_amber/replica_286/replica_286.pdb,outputs/reps_Brickwork_entanglement1/slurm_DAYAQWLKDGGPSSGRPPPS_amber/replica_286/replica_286_ca.pdb
388,2158523773,random,DAYAQWLKDGGPSSGRPPPS,amber,-115.13149716347357,10.284266557235323,34.264267633644224,13.55918741241169,11.253883418624879,6.910665322709527,1080.06,aer,4096,outputs/reps_Brickwork_entanglement1/slurm_DAYAQWLKDGGPSSGRPPPS_amber/replica_388/replica_388.pdb,outputs/reps_Brickwork_entanglement1/slurm_DAYAQWLKDGGPSSGRPPPS_amber/replica_388/replica_388_ca.pdb
464,2158523849,random,DAYAQWLKDGGPSSGRPPPS,amber,-138.80539239452068,10.300693627552624,32.98456004500498,13.977461525446698,11.253883418624879,6.910665322709527,879.29,aer,4096,outputs/reps_Brickwork_entanglement1/slurm_DAYAQWLKDGGPSSGRPPPS_amber/replica_464/replica_464.pdb,outputs/reps_Brickwork_entanglement1/slurm_DAYAQWLKDGGPSSGRPPPS_amber/replica_464/replica_464_ca.pdb
578,2158523963,random,DAYAQWLKDGGPSSGRPPPS,amber,-146.06959534150852,10.308381789047148,34.225278806997224,13.566690052114248,11.253883418624879,6.910665322709527,1469.46,aer,4096,outputs/reps_Brickwork_entanglement1/slurm_DAYAQWLKDGGPSSGRPPPS_amber/replica_578/replica_578.pdb,outputs/reps_Brickwork_entanglement1/slurm_DAYAQWLKDGGPSSGRPPPS_amber/replica_578/replica_578_ca.pdb
76,2158523461,random,DAYAQWLKDGGPSSGRPPPS,amber,-151.38971084805368,10.353899070009831,34.1706406873424,13.355854666325982,11.253883418624879,6.910665322709527,799.95,aer,4096,outputs/reps_Brickwork_entanglement1/slurm_DAYAQWLKDGGPSSGRPPPS_amber/replica_76/replica_76.pdb,outputs/reps_Brickwork_entanglement1/slurm_DAYAQWLKDGGPSSGRPPPS_amber/replica_76/replica_76_ca.pdb
72,2158523457,random,DAYAQWLKDGGPSSGRPPPS,amber,-6.571820847616184,10.3824772360969,33.49781563713315,13.53140558515765,11.253883418624879,6.910665322709527,1765.11,aer,4096,outputs/reps_Brickwork_entanglement1/slurm_DAYAQWLKDGGPSSGRPPPS_amber/replica_72/replica_72.pdb,outputs/reps_Brickwork_entanglement1/slurm_DAYAQWLKDGGPSSGRPPPS_amber/replica_72/replica_72_ca.pdb
348,2158523733,random,DAYAQWLKDGGPSSGRPPPS,amber,-18.888437135104216,10.418686149027254,36.09576536959387,13.467875825815929,11.253883418624879,6.910665322709527,796.64,aer,4096,outputs/reps_Brickwork_entanglement1/slurm_DAYAQWLKDGGPSSGRPPPS_amber/replica_348/replica_348.pdb,outputs/reps_Brickwork_entanglement1/slurm_DAYAQWLKDGGPSSGRPPPS_amber/replica_348/replica_348_ca.pdb
978,2158524363,random,DAYAQWLKDGGPSSGRPPPS,amber,-155.6243073094112,10.466956392735927,32.13431187529515,13.849805403814814,11.253883418624879,6.910665322709527,1572.02,aer,4096,outputs/reps_Brickwork_entanglement1/slurm_DAYAQWLKDGGPSSGRPPPS_amber/replica_978/replica_978.pdb,outputs/reps_Brickwork_entanglement1/slurm_DAYAQWLKDGGPSSGRPPPS_amber/replica_978/replica_978_ca.pdb
565,2158523950,random,DAYAQWLKDGGPSSGRPPPS,amber,-17.412977449916216,10.509577567925556,31.18298581076762,13.426398324251922,11.253883418624879,6.910665322709527,1115.8,aer,4096,outputs/reps_Brickwork_entanglement1/slurm_DAYAQWLKDGGPSSGRPPPS_amber/replica_565/replica_565.pdb,outputs/reps_Brickwork_entanglement1/slurm_DAYAQWLKDGGPSSGRPPPS_amber/replica_565/replica_565_ca.pdb
910,2158524295,random,DAYAQWLKDGGPSSGRPPPS,amber,31.103723411035475,10.524974101319492,30.910781501683836,13.818271545344276,11.253883418624879,6.910665322709527,2097.95,aer,4096,outputs/reps_Brickwork_entanglement1/slurm_DAYAQWLKDGGPSSGRPPPS_amber/replica_910/replica_910.pdb,outputs/reps_Brickwork_entanglement1/slurm_DAYAQWLKDGGPSSGRPPPS_amber/replica_910/replica_910_ca.pdb
29,2158523414,random,DAYAQWLKDGGPSSGRPPPS,amber,856.312737674287,10.532157537949978,34.314820856890705,13.519466481321572,11.253883418624879,6.910665322709527,504.06,aer,4096,outputs/reps_Brickwork_entanglement1/slurm_DAYAQWLKDGGPSSGRPPPS_amber/replica_29/replica_29.pdb,outputs/reps_Brickwork_entanglement1/slurm_DAYAQWLKDGGPSSGRPPPS_amber/replica_29/replica_29_ca.pdb
107,2158523492,random,DAYAQWLKDGGPSSGRPPPS,amber,763.2543681214856,10.616049437042568,35.96984640670457,13.858364056590286,11.253883418624879,6.910665322709527,471.6,aer,4096,outputs/reps_Brickwork_entanglement1/slurm_DAYAQWLKDGGPSSGRPPPS_amber/replica_107/replica_107.pdb,outputs/reps_Brickwork_entanglement1/slurm_DAYAQWLKDGGPSSGRPPPS_amber/replica_107/replica_107_ca.pdb
899,2158524284,random,DAYAQWLKDGGPSSGRPPPS,amber,-72.2386730443948,10.63550222577108,35.264745044351336,13.93852010010735,11.253883418624879,6.910665322709527,953.39,aer,4096,outputs/reps_Brickwork_entanglement1/slurm_DAYAQWLKDGGPSSGRPPPS_amber/replica_899/replica_899.pdb,outputs/reps_Brickwork_entanglement1/slurm_DAYAQWLKDGGPSSGRPPPS_amber/replica_899/replica_899_ca.pdb
860,2158524245,random,DAYAQWLKDGGPSSGRPPPS,amber,-215.1752952820416,10.65582017850819,33.17203920866318,13.855442781873784,11.253883418624879,6.910665322709527,890.87,aer,4096,outputs/reps_Brickwork_entanglement1/slurm_DAYAQWLKDGGPSSGRPPPS_amber/replica_860/replica_860.pdb,outputs/reps_Brickwork_entanglement1/slurm_DAYAQWLKDGGPSSGRPPPS_amber/replica_860/replica_860_ca.pdb
636,2158524021,random,DAYAQWLKDGGPSSGRPPPS,amber,87.32275095784722,10.66196438343938,35.72096581666913,13.905588632485426,11.253883418624879,6.910665322709527,920.39,aer,4096,outputs/reps_Brickwork_entanglement1/slurm_DAYAQWLKDGGPSSGRPPPS_amber/replica_636/replica_636.pdb,outputs/reps_Brickwork_entanglement1/slurm_DAYAQWLKDGGPSSGRPPPS_amber/replica_636/replica_636_ca.pdb
20,2158523405,random,DAYAQWLKDGGPSSGRPPPS,amber,13.48381636766558,10.686487898095306,34.74016326365568,13.837447403912973,11.253883418624879,6.910665322709527,1126.96,aer,4096,outputs/reps_Brickwork_entanglement1/slurm_DAYAQWLKDGGPSSGRPPPS_amber/replica_20/replica_20.pdb,outputs/reps_Brickwork_entanglement1/slurm_DAYAQWLKDGGPSSGRPPPS_amber/replica_20/replica_20_ca.pdb
172,2158523557,random,DAYAQWLKDGGPSSGRPPPS,amber,1045.3249067520765,10.701117287137707,33.68104047234324,13.845860876270708,11.253883418624879,6.910665322709527,1222.0,aer,4096,outputs/reps_Brickwork_entanglement1/slurm_DAYAQWLKDGGPSSGRPPPS_amber/replica_172/replica_172.pdb,outputs/reps_Brickwork_entanglement1/slurm_DAYAQWLKDGGPSSGRPPPS_amber/replica_172/replica_172_ca.pdb
779,2158524164,random,DAYAQWLKDGGPSSGRPPPS,amber,-87.67760446686788,10.768712822321305,34.98345505235982,14.104240639711477,11.253883418624879,6.910665322709527,1112.68,aer,4096,outputs/reps_Brickwork_entanglement1/slurm_DAYAQWLKDGGPSSGRPPPS_amber/replica_779/replica_779.pdb,outputs/reps_Brickwork_entanglement1/slurm_DAYAQWLKDGGPSSGRPPPS_amber/replica_779/replica_779_ca.pdb
171,2158523556,random,DAYAQWLKDGGPSSGRPPPS,amber,-24.844806175916425,10.805036303137149,36.57730222395236,14.099129676375325,11.253883418624879,6.910665322709527,931.19,aer,4096,outputs/reps_Brickwork_entanglement1/slurm_DAYAQWLKDGGPSSGRPPPS_amber/replica_171/replica_171.pdb,outputs/reps_Brickwork_entanglement1/slurm_DAYAQWLKDGGPSSGRPPPS_amber/replica_171/replica_171_ca.pdb
753,2158524138,random,DAYAQWLKDGGPSSGRPPPS,amber,-102.14596211776741,10.813448516032057,31.345517298255505,13.852972951412537,11.253883418624879,6.910665322709527,1345.36,aer,4096,outputs/reps_Brickwork_entanglement1/slurm_DAYAQWLKDGGPSSGRPPPS_amber/replica_753/replica_753.pdb,outputs/reps_Brickwork_entanglement1/slurm_DAYAQWLKDGGPSSGRPPPS_amber/replica_753/replica_753_ca.pdb
900,2158524285,random,DAYAQWLKDGGPSSGRPPPS,amber,50.89108156378232,10.834871746113445,35.21818831063501,14.157279442206049,11.253883418624879,6.910665322709527,1166.79,aer,4096,outputs/reps_Brickwork_entanglement1/slurm_DAYAQWLKDGGPSSGRPPPS_amber/replica_900/replica_900.pdb,outputs/reps_Brickwork_entanglement1/slurm_DAYAQWLKDGGPSSGRPPPS_amber/replica_900/replica_900_ca.pdb
207,2158523592,random,DAYAQWLKDGGPSSGRPPPS,amber,14.784655074924414,10.856877626383739,35.54742475206412,13.834519956880193,11.253883418624879,6.910665322709527,1389.17,aer,4096,outputs/reps_Brickwork_entanglement1/slurm_DAYAQWLKDGGPSSGRPPPS_amber/replica_207/replica_207.pdb,outputs/reps_Brickwork_entanglement1/slurm_DAYAQWLKDGGPSSGRPPPS_amber/replica_207/replica_207_ca.pdb
595,2158523980,random,DAYAQWLKDGGPSSGRPPPS,amber,-206.3353628169981,10.876356836584437,33.882344064893836,13.866112908822762,11.253883418624879,6.910665322709527,1574.72,aer,4096,outputs/reps_Brickwork_entanglement1/slurm_DAYAQWLKDGGPSSGRPPPS_amber/replica_595/replica_595.pdb,outputs/reps_Brickwork_entanglement1/slurm_DAYAQWLKDGGPSSGRPPPS_amber/replica_595/replica_595_ca.pdb
396,2158523781,random,DAYAQWLKDGGPSSGRPPPS,amber,81.68556833214869,10.92284331809673,32.11309898136192,14.245571465147949,11.253883418624879,6.910665322709527,944.54,aer,4096,outputs/reps_Brickwork_entanglement1/slurm_DAYAQWLKDGGPSSGRPPPS_amber/replica_396/replica_396.pdb,outputs/reps_Brickwork_entanglement1/slurm_DAYAQWLKDGGPSSGRPPPS_amber/replica_396/replica_396_ca.pdb
391,2158523776,random,DAYAQWLKDGGPSSGRPPPS,amber,-77.17496010421586,10.952388857649453,36.657893031449476,14.01762701979436,11.253883418624879,6.910665322709527,1113.21,aer,4096,outputs/reps_Brickwork_entanglement1/slurm_DAYAQWLKDGGPSSGRPPPS_amber/replica_391/replica_391.pdb,outputs/reps_Brickwork_entanglement1/slurm_DAYAQWLKDGGPSSGRPPPS_amber/replica_391/replica_391_ca.pdb
63,2158523448,random,DAYAQWLKDGGPSSGRPPPS,amber,-68.63862517547477,10.953901360449793,31.53281160683207,13.634757102471768,11.253883418624879,6.910665322709527,1587.75,aer,4096,outputs/reps_Brickwork_entanglement1/slurm_DAYAQWLKDGGPSSGRPPPS_amber/replica_63/replica_63.pdb,outputs/reps_Brickwork_entanglement1/slurm_DAYAQWLKDGGPSSGRPPPS_amber/replica_63/replica_63_ca.pdb
382,2158523767,random,DAYAQWLKDGGPSSGRPPPS,amber,-35.180153241974566,10.966629622692757,33.21859069440895,13.806766274368488,11.253883418624879,6.910665322709527,1077.18,aer,4096,outputs/reps_Brickwork_entanglement1/slurm_DAYAQWLKDGGPSSGRPPPS_amber/replica_382/replica_382.pdb,outputs/reps_Brickwork_entanglement1/slurm_DAYAQWLKDGGPSSGRPPPS_amber/replica_382/replica_382_ca.pdb
115,2158523500,random,DAYAQWLKDGGPSSGRPPPS,amber,-162.97944650354273,10.970159557750328,36.58349269158713,14.4056265918813,11.253883418624879,6.910665322709527,1587.68,aer,4096,outputs/reps_Brickwork_entanglement1/slurm_DAYAQWLKDGGPSSGRPPPS_amber/replica_115/replica_115.pdb,outputs/reps_Brickwork_entanglement1/slurm_DAYAQWLKDGGPSSGRPPPS_amber/replica_115/replica_115_ca.pdb
834,2158524219,random,DAYAQWLKDGGPSSGRPPPS,amber,-22.684388819923253,10.97977800137703,35.400085184592704,14.062970264282063,11.253883418624879,6.910665322709527,708.05,aer,4096,outputs/reps_Brickwork_entanglement1/slurm_DAYAQWLKDGGPSSGRPPPS_amber/replica_834/replica_834.pdb,outputs/reps_Brickwork_entanglement1/slurm_DAYAQWLKDGGPSSGRPPPS_amber/replica_834/replica_834_ca.pdb
869,2158524254,random,DAYAQWLKDGGPSSGRPPPS,amber,519.6646568267977,10.998539358652572,35.8786648240378,14.287658397071196,11.253883418624879,6.910665322709527,707.91,aer,4096,outputs/reps_Brickwork_entanglement1/slurm_DAYAQWLKDGGPSSGRPPPS_amber/replica_869/replica_869.pdb,outputs/reps_Brickwork_entanglement1/slurm_DAYAQWLKDGGPSSGRPPPS_amber/replica_869/replica_869_ca.pdb
45,2158523430,random,DAYAQWLKDGGPSSGRPPPS,amber,530.4842848405971,11.071134731701067,40.24944375983691,14.550909845220486,11.253883418624879,6.910665322709527,637.04,aer,4096,outputs/reps_Brickwork_entanglement1/slurm_DAYAQWLKDGGPSSGRPPPS_amber/replica_45/replica_45.pdb,outputs/reps_Brickwork_entanglement1/slurm_DAYAQWLKDGGPSSGRPPPS_amber/replica_45/replica_45_ca.pdb
205,2158523590,random,DAYAQWLKDGGPSSGRPPPS,amber,-40.52368499545033,11.073913954072276,37.87388855684146,14.413755711420656,11.253883418624879,6.910665322709527,994.85,aer,4096,outputs/reps_Brickwork_entanglement1/slurm_DAYAQWLKDGGPSSGRPPPS_amber/replica_205/replica_205.pdb,outputs/reps_Brickwork_entanglement1/slurm_DAYAQWLKDGGPSSGRPPPS_amber/replica_205/replica_205_ca.pdb
484,2158523869,random,DAYAQWLKDGGPSSGRPPPS,amber,-40.49226529883343,11.093205334398544,35.82472850025984,14.47323482294783,11.253883418624879,6.910665322709527,893.82,aer,4096,outputs/reps_Brickwork_entanglement1/slurm_DAYAQWLKDGGPSSGRPPPS_amber/replica_484/replica_484.pdb,outputs/reps_Brickwork_entanglement1/slurm_DAYAQWLKDGGPSSGRPPPS_amber/replica_484/replica_484_ca.pdb
547,2158523932,random,DAYAQWLKDGGPSSGRPPPS,amber,-171.99493551495272,11.18018968428411,39.84845291949218,14.58067142489343,11.253883418624879,6.910665322709527,1019.8,aer,4096,outputs/reps_Brickwork_entanglement1/slurm_DAYAQWLKDGGPSSGRPPPS_amber/replica_547/replica_547.pdb,outputs/reps_Brickwork_entanglement1/slurm_DAYAQWLKDGGPSSGRPPPS_amber/replica_547/replica_547_ca.pdb
764,2158524149,random,DAYAQWLKDGGPSSGRPPPS,amber,-56.548422256059105,11.181166363999768,34.500353662362436,14.419591218485817,11.253883418624879,6.910665322709527,1052.93,aer,4096,outputs/reps_Brickwork_entanglement1/slurm_DAYAQWLKDGGPSSGRPPPS_amber/replica_764/replica_764.pdb,outputs/reps_Brickwork_entanglement1/slurm_DAYAQWLKDGGPSSGRPPPS_amber/replica_764/replica_764_ca.pdb
546,2158523931,random,DAYAQWLKDGGPSSGRPPPS,amber,320.0164004622555,11.286113165090427,35.088741576088275,14.267370189866263,11.253883418624879,6.910665322709527,590.66,aer,4096,outputs/reps_Brickwork_entanglement1/slurm_DAYAQWLKDGGPSSGRPPPS_amber/replica_546/replica_546.pdb,outputs/reps_Brickwork_entanglement1/slurm_DAYAQWLKDGGPSSGRPPPS_amber/replica_546/replica_546_ca.pdb
94,2158523479,random,DAYAQWLKDGGPSSGRPPPS,amber,-84.03617003588593,11.371671880795153,36.494480130014985,14.607073450964911,11.253883418624879,6.910665322709527,1464.27,aer,4096,outputs/reps_Brickwork_entanglement1/slurm_DAYAQWLKDGGPSSGRPPPS_amber/replica_94/replica_94.pdb,outputs/reps_Brickwork_entanglement1/slurm_DAYAQWLKDGGPSSGRPPPS_amber/replica_94/replica_94_ca.pdb
859,2158524244,random,DAYAQWLKDGGPSSGRPPPS,amber,-61.50385997603996,11.379900732501682,37.13076853978445,14.51157252374745,11.253883418624879,6.910665322709527,1389.63,aer,4096,outputs/reps_Brickwork_entanglement1/slurm_DAYAQWLKDGGPSSGRPPPS_amber/replica_859/replica_859.pdb,outputs/reps_Brickwork_entanglement1/slurm_DAYAQWLKDGGPSSGRPPPS_amber/replica_859/replica_859_ca.pdb
355,2158523740,random,DAYAQWLKDGGPSSGRPPPS,amber,16.879121122606247,11.384416516791358,42.139618502132514,14.771284076448051,11.253883418624879,6.910665322709527,874.03,aer,4096,outputs/reps_Brickwork_entanglement1/slurm_DAYAQWLKDGGPSSGRPPPS_amber/replica_355/replica_355.pdb,outputs/reps_Brickwork_entanglement1/slurm_DAYAQWLKDGGPSSGRPPPS_amber/replica_355/replica_355_ca.pdb
279,2158523664,random,DAYAQWLKDGGPSSGRPPPS,amber,-62.297324432634504,11.452735549943048,38.23960165780112,14.573017699839603,11.253883418624879,6.910665322709527,905.92,aer,4096,outputs/reps_Brickwork_entanglement1/slurm_DAYAQWLKDGGPSSGRPPPS_amber/replica_279/replica_279.pdb,outputs/reps_Brickwork_entanglement1/slurm_DAYAQWLKDGGPSSGRPPPS_amber/replica_279/replica_279_ca.pdb
431,2158523816,random,DAYAQWLKDGGPSSGRPPPS,amber,-56.81723392195447,11.533329982688299,41.45683174083919,14.760279609285334,11.253883418624879,6.910665322709527,719.37,aer,4096,outputs/reps_Brickwork_entanglement1/slurm_DAYAQWLKDGGPSSGRPPPS_amber/replica_431/replica_431.pdb,outputs/reps_Brickwork_entanglement1/slurm_DAYAQWLKDGGPSSGRPPPS_amber/replica_431/replica_431_ca.pdb
734,2158524119,random,DAYAQWLKDGGPSSGRPPPS,amber,-151.06190430415023,11.541401566948242,37.3339655395744,14.916343413841972,11.253883418624879,6.910665322709527,894.82,aer,4096,outputs/reps_Brickwork_entanglement1/slurm_DAYAQWLKDGGPSSGRPPPS_amber/replica_734/replica_734.pdb,outputs/reps_Brickwork_entanglement1/slurm_DAYAQWLKDGGPSSGRPPPS_amber/replica_734/replica_734_ca.pdb
629,2158524014,random,DAYAQWLKDGGPSSGRPPPS,amber,74.31012966558903,11.674260756538542,39.45569405706382,14.974291457693102,11.253883418624879,6.910665322709527,1464.54,aer,4096,outputs/reps_Brickwork_entanglement1/slurm_DAYAQWLKDGGPSSGRPPPS_amber/replica_629/replica_629.pdb,outputs/reps_Brickwork_entanglement1/slurm_DAYAQWLKDGGPSSGRPPPS_amber/replica_629/replica_629_ca.pdb
797,2158524182,random,DAYAQWLKDGGPSSGRPPPS,amber,683.2458695246364,11.68948061342883,37.21254898829115,14.848853106125302,11.253883418624879,6.910665322709527,368.75,aer,4096,outputs/reps_Brickwork_entanglement1/slurm_DAYAQWLKDGGPSSGRPPPS_amber/replica_797/replica_797.pdb,outputs/reps_Brickwork_entanglement1/slurm_DAYAQWLKDGGPSSGRPPPS_amber/replica_797/replica_797_ca.pdb
556,2158523941,random,DAYAQWLKDGGPSSGRPPPS,amber,673.6454197890523,11.720793573920151,40.6605231496997,15.213012423310989,11.253883418624879,6.910665322709527,768.08,aer,4096,outputs/reps_Brickwork_entanglement1/slurm_DAYAQWLKDGGPSSGRPPPS_amber/replica_556/replica_556.pdb,outputs/reps_Brickwork_entanglement1/slurm_DAYAQWLKDGGPSSGRPPPS_amber/replica_556/replica_556_ca.pdb
559,2158523944,random,DAYAQWLKDGGPSSGRPPPS,amber,-179.7533082929704,11.827685417375553,39.30301548680165,15.222675130812203,11.253883418624879,6.910665322709527,1152.3,aer,4096,outputs/reps_Brickwork_entanglement1/slurm_DAYAQWLKDGGPSSGRPPPS_amber/replica_559/replica_559.pdb,outputs/reps_Brickwork_entanglement1/slurm_DAYAQWLKDGGPSSGRPPPS_amber/replica_559/replica_559_ca.pdb
767,2158524152,random,DAYAQWLKDGGPSSGRPPPS,amber,-34.40513208161203,11.847585462159332,36.87063284974955,14.864645152765856,11.253883418624879,6.910665322709527,699.66,aer,4096,outputs/reps_Brickwork_entanglement1/slurm_DAYAQWLKDGGPSSGRPPPS_amber/replica_767/replica_767.pdb,outputs/reps_Brickwork_entanglement1/slurm_DAYAQWLKDGGPSSGRPPPS_amber/replica_767/replica_767_ca.pdb
946,2158524331,random,DAYAQWLKDGGPSSGRPPPS,amber,54.095502025740544,11.950349203073253,41.337089471246074,15.017593207760147,11.253883418624879,6.910665322709527,1696.93,aer,4096,outputs/reps_Brickwork_entanglement1/slurm_DAYAQWLKDGGPSSGRPPPS_amber/replica_946/replica_946.pdb,outputs/reps_Brickwork_entanglement1/slurm_DAYAQWLKDGGPSSGRPPPS_amber/replica_946/replica_946_ca.pdb
168,2158523553,random,DAYAQWLKDGGPSSGRPPPS,amber,82.32130488783099,12.084978839465341,43.289967390769,15.542603565966017,11.253883418624879,6.910665322709527,1088.1,aer,4096,outputs/reps_Brickwork_entanglement1/slurm_DAYAQWLKDGGPSSGRPPPS_amber/replica_168/replica_168.pdb,outputs/reps_Brickwork_entanglement1/slurm_DAYAQWLKDGGPSSGRPPPS_amber/replica_168/replica_168_ca.pdb
458,2158523843,random,DAYAQWLKDGGPSSGRPPPS,amber,-26.607196526742115,12.188930300027398,38.15781556294974,15.108810062794417,11.253883418624879,6.910665322709527,867.3,aer,4096,outputs/reps_Brickwork_entanglement1/slurm_DAYAQWLKDGGPSSGRPPPS_amber/replica_458/replica_458.pdb,outputs/reps_Brickwork_entanglement1/slurm_DAYAQWLKDGGPSSGRPPPS_amber/replica_458/replica_458_ca.pdb
298,2158523683,random,DAYAQWLKDGGPSSGRPPPS,amber,-76.81091429294823,12.53454961766991,45.95774281042276,15.944058652223411,11.253883418624879,6.910665322709527,921.84,aer,4096,outputs/reps_Brickwork_entanglement1/slurm_DAYAQWLKDGGPSSGRPPPS_amber/replica_298/replica_298.pdb,outputs/reps_Brickwork_entanglement1/slurm_DAYAQWLKDGGPSSGRPPPS_amber/replica_298/replica_298_ca.pdb
919,2158524304,random,DAYAQWLKDGGPSSGRPPPS,amber,226.85674377291028,12.819255244736324,47.19380977526461,16.197284384914475,11.253883418624879,6.910665322709527,1282.98,aer,4096,outputs/reps_Brickwork_entanglement1/slurm_DAYAQWLKDGGPSSGRPPPS_amber/replica_919/replica_919.pdb,outputs/reps_Brickwork_entanglement1/slurm_DAYAQWLKDGGPSSGRPPPS_amber/replica_919/replica_919_ca.pdb
625,2158524010,random,DAYAQWLKDGGPSSGRPPPS,amber,-108.00095498619467,12.948146099499965,44.772065750017525,15.793051694082708,11.253883418624879,6.910665322709527,649.1,aer,4096,outputs/reps_Brickwork_entanglement1/slurm_DAYAQWLKDGGPSSGRPPPS_amber/replica_625/replica_625.pdb,outputs/reps_Brickwork_entanglement1/slurm_DAYAQWLKDGGPSSGRPPPS_amber/replica_625/replica_625_ca.pdb
806,2158524191,random,DAYAQWLKDGGPSSGRPPPS,amber,28.306087325369045,12.952281218993615,43.20546665168567,15.920690413477988,11.253883418624879,6.910665322709527,1469.17,aer,4096,outputs/reps_Brickwork_entanglement1/slurm_DAYAQWLKDGGPSSGRPPPS_amber/replica_806/replica_806.pdb,outputs/reps_Brickwork_entanglement1/slurm_DAYAQWLKDGGPSSGRPPPS_amber/replica_806/replica_806_ca.pdb
893,2158524278,random,DAYAQWLKDGGPSSGRPPPS,amber,-17.590060814399717,13.13696714943073,47.329876206568,16.48677219747137,11.253883418624879,6.910665322709527,1032.37,aer,4096,outputs/reps_Brickwork_entanglement1/slurm_DAYAQWLKDGGPSSGRPPPS_amber/replica_893/replica_893.pdb,outputs/reps_Brickwork_entanglement1/slurm_DAYAQWLKDGGPSSGRPPPS_amber/replica_893/replica_893_ca.pdb
520,2158523905,random,DAYAQWLKDGGPSSGRPPPS,amber,-92.49692380779744,13.20812992600451,48.04108461659929,16.371976710313955,11.253883418624879,6.910665322709527,740.09,aer,4096,outputs/reps_Brickwork_entanglement1/slurm_DAYAQWLKDGGPSSGRPPPS_amber/replica_520/replica_520.pdb,outputs/reps_Brickwork_entanglement1/slurm_DAYAQWLKDGGPSSGRPPPS_amber/replica_520/replica_520_ca.pdb
532,2158523917,random,DAYAQWLKDGGPSSGRPPPS,amber,-63.71997032381114,13.766557560714059,50.866354301515685,16.931981947945854,11.253883418624879,6.910665322709527,944.76,aer,4096,outputs/reps_Brickwork_entanglement1/slurm_DAYAQWLKDGGPSSGRPPPS_amber/replica_532/replica_532.pdb,outputs/reps_Brickwork_entanglement1/slurm_DAYAQWLKDGGPSSGRPPPS_amber/replica_532/replica_532_ca.pdb
739,2158524124,random,DAYAQWLKDGGPSSGRPPPS,amber,-95.83292723595906,14.09515278901345,50.05172644176335,16.995332298229485,11.253883418624879,6.910665322709527,962.29,aer,4096,outputs/reps_Brickwork_entanglement1/slurm_DAYAQWLKDGGPSSGRPPPS_amber/replica_739/replica_739.pdb,outputs/reps_Brickwork_entanglement1/slurm_DAYAQWLKDGGPSSGRPPPS_amber/replica_739/replica_739_ca.pdb
277,2158523662,random,DAYAQWLKDGGPSSGRPPPS,amber,14.544453925249378,14.123277774509688,48.582931423972596,17.063659832165975,11.253883418624879,6.910665322709527,1272.16,aer,4096,outputs/reps_Brickwork_entanglement1/slurm_DAYAQWLKDGGPSSGRPPPS_amber/replica_277/replica_277.pdb,outputs/reps_Brickwork_entanglement1/slurm_DAYAQWLKDGGPSSGRPPPS_amber/replica_277/replica_277_ca.pdb
263,2158523648,random,DAYAQWLKDGGPSSGRPPPS,amber,-55.75846916052006,14.627776972414065,54.026086692032855,17.7905980186623,11.253883418624879,6.910665322709527,858.55,aer,4096,outputs/reps_Brickwork_entanglement1/slurm_DAYAQWLKDGGPSSGRPPPS_amber/replica_263/replica_263.pdb,outputs/reps_Brickwork_entanglement1/slurm_DAYAQWLKDGGPSSGRPPPS_amber/replica_263/replica_263_ca.pdb
