energy_rank,energy,depth,term_constraint,term_sasa,term_hbond,term_electrostatics,term_disulfide,term_vdw_repulsion,term_rotamer,term_pi_stacking,term_rama,term_geometry,term_geom_pro_ring,term_geom_chirality,term_geom_planarity,term_burial_mean,term_burial_min,term_burial_max,term_neighbor_mean,term_neighbor_min,term_neighbor_max,term_total,angles_deg_json,rmsd_to_reference_A,pred_e2e_A,pred_rg_A,ref_e2e_A,ref_rg_A,native_like
1,221.2509367703734,10,42.33151535893068,110.49988082055056,-17.442595245445528,21.174478671973823,0.0,96.62454875608833,-11.005748399447313,-7.095054061129266,-14.424392583434608,0.5883034522867087,0.5883034522867087,0.0,0.0,0.9553535835068483,0.555120940941565,1.0,40.68008130045955,19.429232932954775,64.00079649688071,221.2509367703734,"[-59.99999999999999, -59.99999999999999, 180.0, 0.0, 0.0, -75.0, -59.99999999999999, 180.0, 0.0, 0.0, -75.0, -45.0, -59.99999999999999, 0.0, -59.99999999999999, -59.99999999999999, -59.99999999999999, 0.0, 0.0, -165.0, 119.99999999999999, -59.99999999999999, 0.0, 0.0, 90.0, 59.99999999999999, 180.0, 0.0, 0.0, 0.0, -45.0, 90.0, -90.0, -45.0, 180.0, 0.0, 0.0, 0.0, 90.0, 75.0, 180.0, 0.0, -29.999999999999996, -45.0, 180.0, 0.0, 0.0]",3.0205698654552604,8.409691233066859,4.570129612534206,5.508595556037851,4.848916770784997,False
2,221.42787218869327,10,42.33151535893068,110.49988082055056,-17.442595245445528,21.174478671973823,0.0,96.62454875608833,-11.005748399447313,-7.095054061129266,-14.247457165114712,0.5883034522867087,0.5883034522867087,0.0,0.0,0.9553535835068483,0.555120940941565,1.0,40.68008130045955,19.429232932954775,64.00079649688071,221.42787218869327,"[-45.0, -59.99999999999999, 180.0, 0.0, 0.0, -75.0, -59.99999999999999, 180.0, 0.0, 0.0, -75.0, -45.0, -59.99999999999999, 0.0, -59.99999999999999, -59.99999999999999, -59.99999999999999, 0.0, 0.0, -165.0, 119.99999999999999, -59.99999999999999, 0.0, 0.0, 90.0, 59.99999999999999, 180.0, 0.0, 0.0, 0.0, -45.0, 90.0, -90.0, -45.0, 180.0, 0.0, 0.0, 0.0, 90.0, 75.0, 180.0, 0.0, -29.999999999999996, -45.0, 180.0, 0.0, 0.0]",3.0205698654552604,8.409691233066859,4.570129612534206,5.508595556037851,4.848916770784997,False
3,221.4344296251557,10,42.33151535893068,110.49988082055056,-17.442595245445528,21.174478671973823,0.0,96.62454875608833,-11.005748399447313,-7.095054061129266,-14.2408997286523,0.5883034522867087,0.5883034522867087,0.0,0.0,0.9553535835068483,0.555120940941565,1.0,40.68008130045955,19.429232932954775,64.00079649688071,221.4344296251557,"[-59.99999999999999, -59.99999999999999, 180.0, 0.0, 0.0, -75.0, -59.99999999999999, 180.0, 0.0, 0.0, -75.0, -45.0, -59.99999999999999, 0.0, -59.99999999999999, -59.99999999999999, -59.99999999999999, 0.0, 0.0, -165.0, 119.99999999999999, -59.99999999999999, 0.0, 0.0, 90.0, 59.99999999999999, 180.0, 0.0, 0.0, 0.0, -45.0, 90.0, -90.0, -45.0, 180.0, 0.0, 0.0, 0.0, 90.0, 75.0, 180.0, 0.0, -29.999999999999996, -59.99999999999999, 180.0, 0.0, 0.0]",3.0205698654552604,8.409691233066859,4.570129612534206,5.508595556037851,4.848916770784997,False
4,221.5280649492866,10,42.33151535893068,110.49988082055056,-17.442595245445528,21.174478671973823,0.0,96.62454875608833,-11.005748399447313,-7.095054061129266,-14.147264404521408,0.5883034522867087,0.5883034522867087,0.0,0.0,0.9553535835068483,0.555120940941565,1.0,40.68008130045955,19.429232932954775,64.00079649688071,221.5280649492866,"[-59.99999999999999, -59.99999999999999, 180.0, 0.0, 0.0, -75.0, -59.99999999999999, 180.0, 0.0, 0.0, -75.0, -45.0, -59.99999999999999, 0.0, -59.99999999999999, -59.99999999999999, -59.99999999999999, 0.0, 0.0, -165.0, 119.99999999999999, -59.99999999999999, 0.0, 0.0, 90.0, 59.99999999999999, 180.0, 0.0, 0.0, 0.0, -45.0, 90.0, -90.0, -45.0, 180.0, 0.0, 0.0, 0.0, 90.0, 75.0, 180.0, 0.0, -29.999999999999996, -29.999999999999996, 180.0, 0.0, 0.0]",3.0205698654552604,8.409691233066859,4.570129612534206,5.508595556037851,4.848916770784997,False
5,221.6113650434756,10,42.33151535893068,110.49988082055056,-17.442595245445528,21.174478671973823,0.0,96.62454875608833,-11.005748399447313,-7.095054061129266,-14.063964310332404,0.5883034522867087,0.5883034522867087,0.0,0.0,0.9553535835068483,0.555120940941565,1.0,40.68008130045955,19.429232932954775,64.00079649688071,221.6113650434756,"[-45.0, -59.99999999999999, 180.0, 0.0, 0.0, -75.0, -59.99999999999999, 180.0, 0.0, 0.0, -75.0, -45.0, -59.99999999999999, 0.0, -59.99999999999999, -59.99999999999999, -59.99999999999999, 0.0, 0.0, -165.0, 119.99999999999999, -59.99999999999999, 0.0, 0.0, 90.0, 59.99999999999999, 180.0, 0.0, 0.0, 0.0, -45.0, 90.0, -90.0, -45.0, 180.0, 0.0, 0.0, 0.0, 90.0, 75.0, 180.0, 0.0, -29.999999999999996, -59.99999999999999, 180.0, 0.0, 0.0]",3.0205698654552604,8.409691233066859,4.570129612534206,5.508595556037851,4.848916770784997,False
6,221.7050003676065,10,42.33151535893068,110.49988082055056,-17.442595245445528,21.174478671973823,0.0,96.62454875608833,-11.005748399447313,-7.095054061129266,-13.970328986201512,0.5883034522867087,0.5883034522867087,0.0,0.0,0.9553535835068483,0.555120940941565,1.0,40.68008130045955,19.429232932954775,64.00079649688071,221.7050003676065,"[-45.0, -59.99999999999999, 180.0, 0.0, 0.0, -75.0, -59.99999999999999, 180.0, 0.0, 0.0, -75.0, -45.0, -59.99999999999999, 0.0, -59.99999999999999, -59.99999999999999, -59.99999999999999, 0.0, 0.0, -165.0, 119.99999999999999, -59.99999999999999, 0.0, 0.0, 90.0, 59.99999999999999, 180.0, 0.0, 0.0, 0.0, -45.0, 90.0, -90.0, -45.0, 180.0, 0.0, 0.0, 0.0, 90.0, 75.0, 180.0, 0.0, -29.999999999999996, -29.999999999999996, 180.0, 0.0, 0.0]",3.0205698654552604,8.409691233066859,4.570129612534206,5.508595556037851,4.848916770784997,False
7,221.95026577053181,10,42.33151535893068,110.49988082055056,-17.442595245445528,21.174478671973823,0.0,96.62454875608833,-11.005748399447313,-7.095054061129266,-13.725063583276167,0.5883034522867087,0.5883034522867087,0.0,0.0,0.9553535835068483,0.555120940941565,1.0,40.68008130045955,19.429232932954775,64.00079649688071,221.95026577053181,"[-59.99999999999999, -59.99999999999999, 180.0, 0.0, 0.0, -75.0, -59.99999999999999, 180.0, 0.0, 0.0, -75.0, -45.0, -59.99999999999999, 0.0, -59.99999999999999, -59.99999999999999, -59.99999999999999, 0.0, 0.0, -165.0, 119.99999999999999, -59.99999999999999, 0.0, 0.0, 90.0, 59.99999999999999, 180.0, 0.0, 0.0, 0.0, -45.0, 90.0, -90.0, -45.0, 180.0, 0.0, 0.0, 0.0, 90.0, 75.0, 180.0, 0.0, -29.999999999999996, -75.0, 180.0, 0.0, 0.0]",3.0205698654552604,8.409691233066859,4.570129612534206,5.508595556037851,4.848916770784997,False
8,222.12720118885173,10,42.33151535893068,110.49988082055056,-17.442595245445528,21.174478671973823,0.0,96.62454875608833,-11.005748399447313,-7.095054061129266,-13.548128164956271,0.5883034522867087,0.5883034522867087,0.0,0.0,0.9553535835068483,0.555120940941565,1.0,40.68008130045955,19.429232932954775,64.00079649688071,222.12720118885173,"[-45.0, -59.99999999999999, 180.0, 0.0, 0.0, -75.0, -59.99999999999999, 180.0, 0.0, 0.0, -75.0, -45.0, -59.99999999999999, 0.0, -59.99999999999999, -59.99999999999999, -59.99999999999999, 0.0, 0.0, -165.0, 119.99999999999999, -59.99999999999999, 0.0, 0.0, 90.0, 59.99999999999999, 180.0, 0.0, 0.0, 0.0, -45.0, 90.0, -90.0, -45.0, 180.0, 0.0, 0.0, 0.0, 90.0, 75.0, 180.0, 0.0, -29.999999999999996, -75.0, 180.0, 0.0, 0.0]",3.0205698654552604,8.409691233066859,4.570129612534206,5.508595556037851,4.848916770784997,False
9,222.12888764433546,10,42.33151535893068,110.49988082055056,-17.442595245445528,21.174478671973823,0.0,96.62454875608833,-11.005748399447313,-7.095054061129266,-13.546441709472518,0.5883034522867087,0.5883034522867087,0.0,0.0,0.9553535835068483,0.555120940941565,1.0,40.68008130045955,19.429232932954775,64.00079649688071,222.12888764433546,"[-59.99999999999999, -59.99999999999999, 180.0, 0.0, 0.0, -75.0, -59.99999999999999, 180.0, 0.0, 0.0, -75.0, -45.0, -59.99999999999999, 0.0, -59.99999999999999, -59.99999999999999, -59.99999999999999, 0.0, 0.0, -165.0, 119.99999999999999, -59.99999999999999, 0.0, 0.0, 90.0, 59.99999999999999, 180.0, 0.0, 0.0, 0.0, -45.0, 90.0, -90.0, -45.0, 180.0, 0.0, 0.0, 0.0, 90.0, 75.0, 180.0, 0.0, -29.999999999999996, -14.999999999999998, 180.0, 0.0, 0.0]",3.0205698654552604,8.409691233066859,4.570129612534206,5.508595556037851,4.848916770784997,False
10,222.30582306265538,10,42.33151535893068,110.49988082055056,-17.442595245445528,21.174478671973823,0.0,96.62454875608833,-11.005748399447313,-7.095054061129266,-13.369506291152621,0.5883034522867087,0.5883034522867087,0.0,0.0,0.9553535835068483,0.555120940941565,1.0,40.68008130045955,19.429232932954775,64.00079649688071,222.30582306265538,"[-45.0, -59.99999999999999, 180.0, 0.0, 0.0, -75.0, -59.99999999999999, 180.0, 0.0, 0.0, -75.0, -45.0, -59.99999999999999, 0.0, -59.99999999999999, -59.99999999999999, -59.99999999999999, 0.0, 0.0, -165.0, 119.99999999999999, -59.99999999999999, 0.0, 0.0, 90.0, 59.99999999999999, 180.0, 0.0, 0.0, 0.0, -45.0, 90.0, -90.0, -45.0, 180.0, 0.0, 0.0, 0.0, 90.0, 75.0, 180.0, 0.0, -29.999999999999996, -14.999999999999998, 180.0, 0.0, 0.0]",3.0205698654552604,8.409691233066859,4.570129612534206,5.508595556037851,4.848916770784997,False
11,223.30886159316668,10,42.33151535893068,110.49988082055056,-17.442595245445528,21.174478671973823,0.0,96.62454875608833,-11.005748399447313,-7.095054061129266,-12.366467760641308,0.5883034522867087,0.5883034522867087,0.0,0.0,0.9553535835068483,0.555120940941565,1.0,40.68008130045955,19.429232932954775,64.00079649688071,223.30886159316668,"[-59.99999999999999, -59.99999999999999, 180.0, 0.0, 0.0, -75.0, -59.99999999999999, 180.0, 0.0, 0.0, -75.0, -45.0, -59.99999999999999, 0.0, -59.99999999999999, -59.99999999999999, -59.99999999999999, 0.0, 0.0, -165.0, 119.99999999999999, -59.99999999999999, 0.0, 0.0, 90.0, 59.99999999999999, 180.0, 0.0, 0.0, 0.0, -45.0, 90.0, -90.0, -45.0, 180.0, 0.0, 0.0, 0.0, 90.0, 75.0, 180.0, 0.0, -29.999999999999996, 150.0, 180.0, 0.0, 0.0]",3.0205698654552604,8.409691233066859,4.570129612534206,5.508595556037851,4.848916770784997,False
12,223.35633119807548,10,42.33151535893068,110.49988082055056,-17.442595245445528,21.174478671973823,0.0,96.62454875608833,-11.005748399447313,-7.095054061129266,-12.31899815573251,0.5883034522867087,0.5883034522867087,0.0,0.0,0.9553535835068483,0.555120940941565,1.0,40.68008130045955,19.429232932954775,64.00079649688071,223.35633119807548,"[-59.99999999999999, -59.99999999999999, 180.0, 0.0, 0.0, -75.0, -59.99999999999999, 180.0, 0.0, 0.0, -75.0, -45.0, -59.99999999999999, 0.0, -59.99999999999999, -59.99999999999999, -59.99999999999999, 0.0, 0.0, -165.0, 119.99999999999999, -59.99999999999999, 0.0, 0.0, 90.0, 59.99999999999999, 180.0, 0.0, 0.0, 0.0, -45.0, 90.0, -90.0, -45.0, 180.0, 0.0, 0.0, 0.0, 90.0, 75.0, 180.0, 0.0, -29.999999999999996, 135.0, 180.0, 0.0, 0.0]",3.0205698654552604,8.409691233066859,4.570129612534206,5.508595556037851,4.848916770784997,False
13,223.43934546131146,10,42.33151535893068,110.49988082055056,-17.442595245445528,21.174478671973823,0.0,96.62454875608833,-11.005748399447313,-7.095054061129266,-12.235983892496542,0.5883034522867087,0.5883034522867087,0.0,0.0,0.9553535835068483,0.555120940941565,1.0,40.68008130045955,19.429232932954775,64.00079649688071,223.43934546131146,"[-59.99999999999999, -59.99999999999999, 180.0, 0.0, 0.0, -75.0, -59.99999999999999, 180.0, 0.0, 0.0, -75.0, -45.0, -59.99999999999999, 0.0, -59.99999999999999, -59.99999999999999, -59.99999999999999, 0.0, 0.0, -165.0, 119.99999999999999, -59.99999999999999, 0.0, 0.0, 90.0, 59.99999999999999, 180.0, 0.0, 0.0, 0.0, -45.0, 90.0, -90.0, -45.0, 180.0, 0.0, 0.0, 0.0, 90.0, 75.0, 180.0, 0.0, -29.999999999999996, 119.99999999999999, 180.0, 0.0, 0.0]",3.0205698654552604,8.409691233066859,4.570129612534206,5.508595556037851,4.848916770784997,False
14,223.4857970114866,10,42.33151535893068,110.49988082055056,-17.442595245445528,21.174478671973823,0.0,96.62454875608833,-11.005748399447313,-7.095054061129266,-12.189532342321412,0.5883034522867087,0.5883034522867087,0.0,0.0,0.9553535835068483,0.555120940941565,1.0,40.68008130045955,19.429232932954775,64.00079649688071,223.4857970114866,"[-45.0, -59.99999999999999, 180.0, 0.0, 0.0, -75.0, -59.99999999999999, 180.0, 0.0, 0.0, -75.0, -45.0, -59.99999999999999, 0.0, -59.99999999999999, -59.99999999999999, -59.99999999999999, 0.0, 0.0, -165.0, 119.99999999999999, -59.99999999999999, 0.0, 0.0, 90.0, 59.99999999999999, 180.0, 0.0, 0.0, 0.0, -45.0, 90.0, -90.0, -45.0, 180.0, 0.0, 0.0, 0.0, 90.0, 75.0, 180.0, 0.0, -29.999999999999996, 150.0, 180.0, 0.0, 0.0]",3.0205698654552604,8.409691233066859,4.570129612534206,5.508595556037851,4.848916770784997,False
15,223.5332666163954,10,42.33151535893068,110.49988082055056,-17.442595245445528,21.174478671973823,0.0,96.62454875608833,-11.005748399447313,-7.095054061129266,-12.142062737412614,0.5883034522867087,0.5883034522867087,0.0,0.0,0.9553535835068483,0.555120940941565,1.0,40.68008130045955,19.429232932954775,64.00079649688071,223.5332666163954,"[-45.0, -59.99999999999999, 180.0, 0.0, 0.0, -75.0, -59.99999999999999, 180.0, 0.0, 0.0, -75.0, -45.0, -59.99999999999999, 0.0, -59.99999999999999, -59.99999999999999, -59.99999999999999, 0.0, 0.0, -165.0, 119.99999999999999, -59.99999999999999, 0.0, 0.0, 90.0, 59.99999999999999, 180.0, 0.0, 0.0, 0.0, -45.0, 90.0, -90.0, -45.0, 180.0, 0.0, 0.0, 0.0, 90.0, 75.0, 180.0, 0.0, -29.999999999999996, 135.0, 180.0, 0.0, 0.0]",3.0205698654552604,8.409691233066859,4.570129612534206,5.508595556037851,4.848916770784997,False
16,223.55553784868377,10,42.33151535893068,110.49988082055056,-17.442595245445528,21.174478671973823,0.0,96.62454875608833,-11.005748399447313,-7.095054061129266,-12.119791505124226,0.5883034522867087,0.5883034522867087,0.0,0.0,0.9553535835068483,0.555120940941565,1.0,40.68008130045955,19.429232932954775,64.00079649688071,223.55553784868377,"[-59.99999999999999, -59.99999999999999, 180.0, 0.0, 0.0, -75.0, -59.99999999999999, 180.0, 0.0, 0.0, -75.0, -45.0, -59.99999999999999, 0.0, -59.99999999999999, -59.99999999999999, -59.99999999999999, 0.0, 0.0, -165.0, 119.99999999999999, -59.99999999999999, 0.0, 0.0, 90.0, 59.99999999999999, 180.0, 0.0, 0.0, 0.0, -45.0, 90.0, -90.0, -45.0, 180.0, 0.0, 0.0, 0.0, 90.0, 75.0, 180.0, 0.0, -29.999999999999996, 105.00000000000001, 180.0, 0.0, 0.0]",3.0205698654552604,8.409691233066859,4.570129612534206,5.508595556037851,4.848916770784997,False
17,223.61628087963135,10,42.33151535893068,110.49988082055056,-17.442595245445528,21.174478671973823,0.0,96.62454875608833,-11.005748399447313,-7.095054061129266,-12.059048474176645,0.5883034522867087,0.5883034522867087,0.0,0.0,0.9553535835068483,0.555120940941565,1.0,40.68008130045955,19.429232932954775,64.00079649688071,223.61628087963135,"[-45.0, -59.99999999999999, 180.0, 0.0, 0.0, -75.0, -59.99999999999999, 180.0, 0.0, 0.0, -75.0, -45.0, -59.99999999999999, 0.0, -59.99999999999999, -59.99999999999999, -59.99999999999999, 0.0, 0.0, -165.0, 119.99999999999999, -59.99999999999999, 0.0, 0.0, 90.0, 59.99999999999999, 180.0, 0.0, 0.0, 0.0, -45.0, 90.0, -90.0, -45.0, 180.0, 0.0, 0.0, 0.0, 90.0, 75.0, 180.0, 0.0, -29.999999999999996, 119.99999999999999, 180.0, 0.0, 0.0]",3.0205698654552604,8.409691233066859,4.570129612534206,5.508595556037851,4.848916770784997,False
18,223.68503710902448,10,42.33151535893068,110.49988082055056,-17.442595245445528,21.174478671973823,0.0,96.62454875608833,-11.005748399447313,-7.095054061129266,-11.990292244783523,0.5883034522867087,0.5883034522867087,0.0,0.0,0.9553535835068483,0.555120940941565,1.0,40.68008130045955,19.429232932954775,64.00079649688071,223.68503710902448,"[-59.99999999999999, -59.99999999999999, 180.0, 0.0, 0.0, -75.0, -59.99999999999999, 180.0, 0.0, 0.0, -75.0, -45.0, -59.99999999999999, 0.0, -59.99999999999999, -59.99999999999999, -59.99999999999999, 0.0, 0.0, -165.0, 119.99999999999999, -59.99999999999999, 0.0, 0.0, 90.0, 59.99999999999999, 180.0, 0.0, 0.0, 0.0, -45.0, 90.0, -90.0, -45.0, 180.0, 0.0, 0.0, 0.0, 90.0, 75.0, 180.0, 0.0, -29.999999999999996, 90.0, 180.0, 0.0, 0.0]",3.0205698654552604,8.409691233066859,4.570129612534206,5.508595556037851,4.848916770784997,False
19,223.73247326700366,10,42.33151535893068,110.49988082055056,-17.442595245445528,21.174478671973823,0.0,96.62454875608833,-11.005748399447313,-7.095054061129266,-11.94285608680433,0.5883034522867087,0.5883034522867087,0.0,0.0,0.9553535835068483,0.555120940941565,1.0,40.68008130045955,19.429232932954775,64.00079649688071,223.73247326700366,"[-45.0, -59.99999999999999, 180.0, 0.0, 0.0, -75.0, -59.99999999999999, 180.0, 0.0, 0.0, -75.0, -45.0, -59.99999999999999, 0.0, -59.99999999999999, -59.99999999999999, -59.99999999999999, 0.0, 0.0, -165.0, 119.99999999999999, -59.99999999999999, 0.0, 0.0, 90.0, 59.99999999999999, 180.0, 0.0, 0.0, 0.0, -45.0, 90.0, -90.0, -45.0, 180.0, 0.0, 0.0, 0.0, 90.0, 75.0, 180.0, 0.0, -29.999999999999996, 105.00000000000001, 180.0, 0.0, 0.0]",3.0205698654552604,8.409691233066859,4.570129612534206,5.508595556037851,4.848916770784997,False
20,223.86197252734436,10,42.33151535893068,110.49988082055056,-17.442595245445528,21.174478671973823,0.0,96.62454875608833,-11.005748399447313,-7.095054061129266,-11.813356826463627,0.5883034522867087,0.5883034522867087,0.0,0.0,0.9553535835068483,0.555120940941565,1.0,40.68008130045955,19.429232932954775,64.00079649688071,223.86197252734436,"[-45.0, -59.99999999999999, 180.0, 0.0, 0.0, -75.0, -59.99999999999999, 180.0, 0.0, 0.0, -75.0, -45.0, -59.99999999999999, 0.0, -59.99999999999999, -59.99999999999999, -59.99999999999999, 0.0, 0.0, -165.0, 119.99999999999999, -59.99999999999999, 0.0, 0.0, 90.0, 59.99999999999999, 180.0, 0.0, 0.0, 0.0, -45.0, 90.0, -90.0, -45.0, 180.0, 0.0, 0.0, 0.0, 90.0, 75.0, 180.0, 0.0, -29.999999999999996, 90.0, 180.0, 0.0, 0.0]",3.0205698654552604,8.409691233066859,4.570129612534206,5.508595556037851,4.848916770784997,False
21,228.34813229495967,10,42.34956274722666,113.85919158635,-16.186188421328218,21.810397811707062,0.0,98.51997766174831,-11.005748399447313,-7.607320202571804,-13.980043941011761,0.5883034522867087,0.5883034522867087,0.0,0.0,0.9539962862277374,0.5354881996917,1.0,40.64132204806304,18.7420869892095,64.12671063394825,228.34813229495967,"[-59.99999999999999, -59.99999999999999, 180.0, 0.0, 0.0, -75.0, -59.99999999999999, 180.0, 0.0, 0.0, -75.0, -45.0, -59.99999999999999, 0.0, -59.99999999999999, -59.99999999999999, -59.99999999999999, 0.0, 0.0, -165.0, 119.99999999999999, -59.99999999999999, 0.0, 0.0, 90.0, 59.99999999999999, 180.0, 0.0, 0.0, 0.0, -45.0, 90.0, -90.0, -29.999999999999996, 180.0, 0.0, 0.0, 0.0, 75.0, 75.0, 180.0, 0.0, -29.999999999999996, -45.0, 180.0, 0.0, 0.0]",3.0474611802197606,8.410311417949174,4.5410497655527315,5.508595556037851,4.848916770784997,False
22,228.52506771327955,10,42.34956274722666,113.85919158635,-16.186188421328218,21.810397811707062,0.0,98.51997766174831,-11.005748399447313,-7.607320202571804,-13.803108522691865,0.5883034522867087,0.5883034522867087,0.0,0.0,0.9539962862277374,0.5354881996917,1.0,40.64132204806304,18.7420869892095,64.12671063394825,228.52506771327955,"[-45.0, -59.99999999999999, 180.0, 0.0, 0.0, -75.0, -59.99999999999999, 180.0, 0.0, 0.0, -75.0, -45.0, -59.99999999999999, 0.0, -59.99999999999999, -59.99999999999999, -59.99999999999999, 0.0, 0.0, -165.0, 119.99999999999999, -59.99999999999999, 0.0, 0.0, 90.0, 59.99999999999999, 180.0, 0.0, 0.0, 0.0, -45.0, 90.0, -90.0, -29.999999999999996, 180.0, 0.0, 0.0, 0.0, 75.0, 75.0, 180.0, 0.0, -29.999999999999996, -45.0, 180.0, 0.0, 0.0]",3.0474611802197606,8.410311417949174,4.5410497655527315,5.508595556037851,4.848916770784997,False
23,228.53162514974198,10,42.34956274722666,113.85919158635,-16.186188421328218,21.810397811707062,0.0,98.51997766174831,-11.005748399447313,-7.607320202571804,-13.796551086229453,0.5883034522867087,0.5883034522867087,0.0,0.0,0.9539962862277374,0.5354881996917,1.0,40.64132204806304,18.7420869892095,64.12671063394825,228.53162514974198,"[-59.99999999999999, -59.99999999999999, 180.0, 0.0, 0.0, -75.0, -59.99999999999999, 180.0, 0.0, 0.0, -75.0, -45.0, -59.99999999999999, 0.0, -59.99999999999999, -59.99999999999999, -59.99999999999999, 0.0, 0.0, -165.0, 119.99999999999999, -59.99999999999999, 0.0, 0.0, 90.0, 59.99999999999999, 180.0, 0.0, 0.0, 0.0, -45.0, 90.0, -90.0, -29.999999999999996, 180.0, 0.0, 0.0, 0.0, 75.0, 75.0, 180.0, 0.0, -29.999999999999996, -59.99999999999999, 180.0, 0.0, 0.0]",3.0474611802197606,8.410311417949174,4.5410497655527315,5.508595556037851,4.848916770784997,False
24,228.62526047387286,10,42.34956274722666,113.85919158635,-16.186188421328218,21.810397811707062,0.0,98.51997766174831,-11.005748399447313,-7.607320202571804,-13.702915762098561,0.5883034522867087,0.5883034522867087,0.0,0.0,0.9539962862277374,0.5354881996917,1.0,40.64132204806304,18.7420869892095,64.12671063394825,228.62526047387286,"[-59.99999999999999, -59.99999999999999, 180.0, 0.0, 0.0, -75.0, -59.99999999999999, 180.0, 0.0, 0.0, -75.0, -45.0, -59.99999999999999, 0.0, -59.99999999999999, -59.99999999999999, -59.99999999999999, 0.0, 0.0, -165.0, 119.99999999999999, -59.99999999999999, 0.0, 0.0, 90.0, 59.99999999999999, 180.0, 0.0, 0.0, 0.0, -45.0, 90.0, -90.0, -29.999999999999996, 180.0, 0.0, 0.0, 0.0, 75.0, 75.0, 180.0, 0.0, -29.999999999999996, -29.999999999999996, 180.0, 0.0, 0.0]",3.0474611802197606,8.410311417949174,4.5410497655527315,5.508595556037851,4.848916770784997,False
25,228.70856056806187,10,42.34956274722666,113.85919158635,-16.186188421328218,21.810397811707062,0.0,98.51997766174831,-11.005748399447313,-7.607320202571804,-13.619615667909557,0.5883034522867087,0.5883034522867087,0.0,0.0,0.9539962862277374,0.5354881996917,1.0,40.64132204806304,18.7420869892095,64.12671063394825,228.70856056806187,"[-45.0, -59.99999999999999, 180.0, 0.0, 0.0, -75.0, -59.99999999999999, 180.0, 0.0, 0.0, -75.0, -45.0, -59.99999999999999, 0.0, -59.99999999999999, -59.99999999999999, -59.99999999999999, 0.0, 0.0, -165.0, 119.99999999999999, -59.99999999999999, 0.0, 0.0, 90.0, 59.99999999999999, 180.0, 0.0, 0.0, 0.0, -45.0, 90.0, -90.0, -29.999999999999996, 180.0, 0.0, 0.0, 0.0, 75.0, 75.0, 180.0, 0.0, -29.999999999999996, -59.99999999999999, 180.0, 0.0, 0.0]",3.0474611802197606,8.410311417949174,4.5410497655527315,5.508595556037851,4.848916770784997,False
26,228.80219589219277,10,42.34956274722666,113.85919158635,-16.186188421328218,21.810397811707062,0.0,98.51997766174831,-11.005748399447313,-7.607320202571804,-13.525980343778665,0.5883034522867087,0.5883034522867087,0.0,0.0,0.9539962862277374,0.5354881996917,1.0,40.64132204806304,18.7420869892095,64.12671063394825,228.80219589219277,"[-45.0, -59.99999999999999, 180.0, 0.0, 0.0, -75.0, -59.99999999999999, 180.0, 0.0, 0.0, -75.0, -45.0, -59.99999999999999, 0.0, -59.99999999999999, -59.99999999999999, -59.99999999999999, 0.0, 0.0, -165.0, 119.99999999999999, -59.99999999999999, 0.0, 0.0, 90.0, 59.99999999999999, 180.0, 0.0, 0.0, 0.0, -45.0, 90.0, -90.0, -29.999999999999996, 180.0, 0.0, 0.0, 0.0, 75.0, 75.0, 180.0, 0.0, -29.999999999999996, -29.999999999999996, 180.0, 0.0, 0.0]",3.0474611802197606,8.410311417949174,4.5410497655527315,5.508595556037851,4.848916770784997,False
27,229.0474612951181,10,42.34956274722666,113.85919158635,-16.186188421328218,21.810397811707062,0.0,98.51997766174831,-11.005748399447313,-7.607320202571804,-13.280714940853318,0.5883034522867087,0.5883034522867087,0.0,0.0,0.9539962862277374,0.5354881996917,1.0,40.64132204806304,18.7420869892095,64.12671063394825,229.0474612951181,"[-59.99999999999999, -59.99999999999999, 180.0, 0.0, 0.0, -75.0, -59.99999999999999, 180.0, 0.0, 0.0, -75.0, -45.0, -59.99999999999999, 0.0, -59.99999999999999, -59.99999999999999, -59.99999999999999, 0.0, 0.0, -165.0, 119.99999999999999, -59.99999999999999, 0.0, 0.0, 90.0, 59.99999999999999, 180.0, 0.0, 0.0, 0.0, -45.0, 90.0, -90.0, -29.999999999999996, 180.0, 0.0, 0.0, 0.0, 75.0, 75.0, 180.0, 0.0, -29.999999999999996, -75.0, 180.0, 0.0, 0.0]",3.0474611802197606,8.410311417949174,4.5410497655527315,5.508595556037851,4.848916770784997,False
28,229.224396713438,10,42.34956274722666,113.85919158635,-16.186188421328218,21.810397811707062,0.0,98.51997766174831,-11.005748399447313,-7.607320202571804,-13.103779522533422,0.5883034522867087,0.5883034522867087,0.0,0.0,0.9539962862277374,0.5354881996917,1.0,40.64132204806304,18.7420869892095,64.12671063394825,229.224396713438,"[-45.0, -59.99999999999999, 180.0, 0.0, 0.0, -75.0, -59.99999999999999, 180.0, 0.0, 0.0, -75.0, -45.0, -59.99999999999999, 0.0, -59.99999999999999, -59.99999999999999, -59.99999999999999, 0.0, 0.0, -165.0, 119.99999999999999, -59.99999999999999, 0.0, 0.0, 90.0, 59.99999999999999, 180.0, 0.0, 0.0, 0.0, -45.0, 90.0, -90.0, -29.999999999999996, 180.0, 0.0, 0.0, 0.0, 75.0, 75.0, 180.0, 0.0, -29.999999999999996, -75.0, 180.0, 0.0, 0.0]",3.0474611802197606,8.410311417949174,4.5410497655527315,5.508595556037851,4.848916770784997,False
29,229.22608316892175,10,42.34956274722666,113.85919158635,-16.186188421328218,21.810397811707062,0.0,98.51997766174831,-11.005748399447313,-7.607320202571804,-13.102093067049672,0.5883034522867087,0.5883034522867087,0.0,0.0,0.9539962862277374,0.5354881996917,1.0,40.64132204806304,18.7420869892095,64.12671063394825,229.22608316892175,"[-59.99999999999999, -59.99999999999999, 180.0, 0.0, 0.0, -75.0, -59.99999999999999, 180.0, 0.0, 0.0, -75.0, -45.0, -59.99999999999999, 0.0, -59.99999999999999, -59.99999999999999, -59.99999999999999, 0.0, 0.0, -165.0, 119.99999999999999, -59.99999999999999, 0.0, 0.0, 90.0, 59.99999999999999, 180.0, 0.0, 0.0, 0.0, -45.0, 90.0, -90.0, -29.999999999999996, 180.0, 0.0, 0.0, 0.0, 75.0, 75.0, 180.0, 0.0, -29.999999999999996, -14.999999999999998, 180.0, 0.0, 0.0]",3.0474611802197606,8.410311417949174,4.5410497655527315,5.508595556037851,4.848916770784997,False
30,229.40301858724166,10,42.34956274722666,113.85919158635,-16.186188421328218,21.810397811707062,0.0,98.51997766174831,-11.005748399447313,-7.607320202571804,-12.925157648729776,0.5883034522867087,0.5883034522867087,0.0,0.0,0.9539962862277374,0.5354881996917,1.0,40.64132204806304,18.7420869892095,64.12671063394825,229.40301858724166,"[-45.0, -59.99999999999999, 180.0, 0.0, 0.0, -75.0, -59.99999999999999, 180.0, 0.0, 0.0, -75.0, -45.0, -59.99999999999999, 0.0, -59.99999999999999, -59.99999999999999, -59.99999999999999, 0.0, 0.0, -165.0, 119.99999999999999, -59.99999999999999, 0.0, 0.0, 90.0, 59.99999999999999, 180.0, 0.0, 0.0, 0.0, -45.0, 90.0, -90.0, -29.999999999999996, 180.0, 0.0, 0.0, 0.0, 75.0, 75.0, 180.0, 0.0, -29.999999999999996, -14.999999999999998, 180.0, 0.0, 0.0]",3.0474611802197606,8.410311417949174,4.5410497655527315,5.508595556037851,4.848916770784997,False
31,230.40605711775297,10,42.34956274722666,113.85919158635,-16.186188421328218,21.810397811707062,0.0,98.51997766174831,-11.005748399447313,-7.607320202571804,-11.922119118218461,0.5883034522867087,0.5883034522867087,0.0,0.0,0.9539962862277374,0.5354881996917,1.0,40.64132204806304,18.7420869892095,64.12671063394825,230.40605711775297,"[-59.99999999999999, -59.99999999999999, 180.0, 0.0, 0.0, -75.0, -59.99999999999999, 180.0, 0.0, 0.0, -75.0, -45.0, -59.99999999999999, 0.0, -59.99999999999999, -59.99999999999999, -59.99999999999999, 0.0, 0.0, -165.0, 119.99999999999999, -59.99999999999999, 0.0, 0.0, 90.0, 59.99999999999999, 180.0, 0.0, 0.0, 0.0, -45.0, 90.0, -90.0, -29.999999999999996, 180.0, 0.0, 0.0, 0.0, 75.0, 75.0, 180.0, 0.0, -29.999999999999996, 150.0, 180.0, 0.0, 0.0]",3.0474611802197606,8.410311417949174,4.5410497655527315,5.508595556037851,4.848916770784997,False
32,230.45352672266176,10,42.34956274722666,113.85919158635,-16.186188421328218,21.810397811707062,0.0,98.51997766174831,-11.005748399447313,-7.607320202571804,-11.874649513309663,0.5883034522867087,0.5883034522867087,0.0,0.0,0.9539962862277374,0.5354881996917,1.0,40.64132204806304,18.7420869892095,64.12671063394825,230.45352672266176,"[-59.99999999999999, -59.99999999999999, 180.0, 0.0, 0.0, -75.0, -59.99999999999999, 180.0, 0.0, 0.0, -75.0, -45.0, -59.99999999999999, 0.0, -59.99999999999999, -59.99999999999999, -59.99999999999999, 0.0, 0.0, -165.0, 119.99999999999999, -59.99999999999999, 0.0, 0.0, 90.0, 59.99999999999999, 180.0, 0.0, 0.0, 0.0, -45.0, 90.0, -90.0, -29.999999999999996, 180.0, 0.0, 0.0, 0.0, 75.0, 75.0, 180.0, 0.0, -29.999999999999996, 135.0, 180.0, 0.0, 0.0]",3.0474611802197606,8.410311417949174,4.5410497655527315,5.508595556037851,4.848916770784997,False
33,230.53654098589774,10,42.34956274722666,113.85919158635,-16.186188421328218,21.810397811707062,0.0,98.51997766174831,-11.005748399447313,-7.607320202571804,-11.791635250073695,0.5883034522867087,0.5883034522867087,0.0,0.0,0.9539962862277374,0.5354881996917,1.0,40.64132204806304,18.7420869892095,64.12671063394825,230.53654098589774,"[-59.99999999999999, -59.99999999999999, 180.0, 0.0, 0.0, -75.0, -59.99999999999999, 180.0, 0.0, 0.0, -75.0, -45.0, -59.99999999999999, 0.0, -59.99999999999999, -59.99999999999999, -59.99999999999999, 0.0, 0.0, -165.0, 119.99999999999999, -59.99999999999999, 0.0, 0.0, 90.0, 59.99999999999999, 180.0, 0.0, 0.0, 0.0, -45.0, 90.0, -90.0, -29.999999999999996, 180.0, 0.0, 0.0, 0.0, 75.0, 75.0, 180.0, 0.0, -29.999999999999996, 119.99999999999999, 180.0, 0.0, 0.0]",3.0474611802197606,8.410311417949174,4.5410497655527315,5.508595556037851,4.848916770784997,False
34,230.58299253607285,10,42.34956274722666,113.85919158635,-16.186188421328218,21.810397811707062,0.0,98.51997766174831,-11.005748399447313,-7.607320202571804,-11.745183699898565,0.5883034522867087,0.5883034522867087,0.0,0.0,0.9539962862277374,0.5354881996917,1.0,40.64132204806304,18.7420869892095,64.12671063394825,230.58299253607285,"[-45.0, -59.99999999999999, 180.0, 0.0, 0.0, -75.0, -59.99999999999999, 180.0, 0.0, 0.0, -75.0, -45.0, -59.99999999999999, 0.0, -59.99999999999999, -59.99999999999999, -59.99999999999999, 0.0, 0.0, -165.0, 119.99999999999999, -59.99999999999999, 0.0, 0.0, 90.0, 59.99999999999999, 180.0, 0.0, 0.0, 0.0, -45.0, 90.0, -90.0, -29.999999999999996, 180.0, 0.0, 0.0, 0.0, 75.0, 75.0, 180.0, 0.0, -29.999999999999996, 150.0, 180.0, 0.0, 0.0]",3.0474611802197606,8.410311417949174,4.5410497655527315,5.508595556037851,4.848916770784997,False
35,230.63046214098165,10,42.34956274722666,113.85919158635,-16.186188421328218,21.810397811707062,0.0,98.51997766174831,-11.005748399447313,-7.607320202571804,-11.697714094989767,0.5883034522867087,0.5883034522867087,0.0,0.0,0.9539962862277374,0.5354881996917,1.0,40.64132204806304,18.7420869892095,64.12671063394825,230.63046214098165,"[-45.0, -59.99999999999999, 180.0, 0.0, 0.0, -75.0, -59.99999999999999, 180.0, 0.0, 0.0, -75.0, -45.0, -59.99999999999999, 0.0, -59.99999999999999, -59.99999999999999, -59.99999999999999, 0.0, 0.0, -165.0, 119.99999999999999, -59.99999999999999, 0.0, 0.0, 90.0, 59.99999999999999, 180.0, 0.0, 0.0, 0.0, -45.0, 90.0, -90.0, -29.999999999999996, 180.0, 0.0, 0.0, 0.0, 75.0, 75.0, 180.0, 0.0, -29.999999999999996, 135.0, 180.0, 0.0, 0.0]",3.0474611802197606,8.410311417949174,4.5410497655527315,5.508595556037851,4.848916770784997,False
36,230.65273337327005,10,42.34956274722666,113.85919158635,-16.186188421328218,21.810397811707062,0.0,98.51997766174831,-11.005748399447313,-7.607320202571804,-11.675442862701379,0.5883034522867087,0.5883034522867087,0.0,0.0,0.9539962862277374,0.5354881996917,1.0,40.64132204806304,18.7420869892095,64.12671063394825,230.65273337327005,"[-59.99999999999999, -59.99999999999999, 180.0, 0.0, 0.0, -75.0, -59.99999999999999, 180.0, 0.0, 0.0, -75.0, -45.0, -59.99999999999999, 0.0, -59.99999999999999, -59.99999999999999, -59.99999999999999, 0.0, 0.0, -165.0, 119.99999999999999, -59.99999999999999, 0.0, 0.0, 90.0, 59.99999999999999, 180.0, 0.0, 0.0, 0.0, -45.0, 90.0, -90.0, -29.999999999999996, 180.0, 0.0, 0.0, 0.0, 75.0, 75.0, 180.0, 0.0, -29.999999999999996, 105.00000000000001, 180.0, 0.0, 0.0]",3.0474611802197606,8.410311417949174,4.5410497655527315,5.508595556037851,4.848916770784997,False
37,230.71347640421763,10,42.34956274722666,113.85919158635,-16.186188421328218,21.810397811707062,0.0,98.51997766174831,-11.005748399447313,-7.607320202571804,-11.614699831753798,0.5883034522867087,0.5883034522867087,0.0,0.0,0.9539962862277374,0.5354881996917,1.0,40.64132204806304,18.7420869892095,64.12671063394825,230.71347640421763,"[-45.0, -59.99999999999999, 180.0, 0.0, 0.0, -75.0, -59.99999999999999, 180.0, 0.0, 0.0, -75.0, -45.0, -59.99999999999999, 0.0, -59.99999999999999, -59.99999999999999, -59.99999999999999, 0.0, 0.0, -165.0, 119.99999999999999, -59.99999999999999, 0.0, 0.0, 90.0, 59.99999999999999, 180.0, 0.0, 0.0, 0.0, -45.0, 90.0, -90.0, -29.999999999999996, 180.0, 0.0, 0.0, 0.0, 75.0, 75.0, 180.0, 0.0, -29.999999999999996, 119.99999999999999, 180.0, 0.0, 0.0]",3.0474611802197606,8.410311417949174,4.5410497655527315,5.508595556037851,4.848916770784997,False
38,230.78223263361076,10,42.34956274722666,113.85919158635,-16.186188421328218,21.810397811707062,0.0,98.51997766174831,-11.005748399447313,-7.607320202571804,-11.545943602360676,0.5883034522867087,0.5883034522867087,0.0,0.0,0.9539962862277374,0.5354881996917,1.0,40.64132204806304,18.7420869892095,64.12671063394825,230.78223263361076,"[-59.99999999999999, -59.99999999999999, 180.0, 0.0, 0.0, -75.0, -59.99999999999999, 180.0, 0.0, 0.0, -75.0, -45.0, -59.99999999999999, 0.0, -59.99999999999999, -59.99999999999999, -59.99999999999999, 0.0, 0.0, -165.0, 119.99999999999999, -59.99999999999999, 0.0, 0.0, 90.0, 59.99999999999999, 180.0, 0.0, 0.0, 0.0, -45.0, 90.0, -90.0, -29.999999999999996, 180.0, 0.0, 0.0, 0.0, 75.0, 75.0, 180.0, 0.0, -29.999999999999996, 90.0, 180.0, 0.0, 0.0]",3.0474611802197606,8.410311417949174,4.5410497655527315,5.508595556037851,4.848916770784997,False
39,230.82966879158994,10,42.34956274722666,113.85919158635,-16.186188421328218,21.810397811707062,0.0,98.51997766174831,-11.005748399447313,-7.607320202571804,-11.498507444381483,0.5883034522867087,0.5883034522867087,0.0,0.0,0.9539962862277374,0.5354881996917,1.0,40.64132204806304,18.7420869892095,64.12671063394825,230.82966879158994,"[-45.0, -59.99999999999999, 180.0, 0.0, 0.0, -75.0, -59.99999999999999, 180.0, 0.0, 0.0, -75.0, -45.0, -59.99999999999999, 0.0, -59.99999999999999, -59.99999999999999, -59.99999999999999, 0.0, 0.0, -165.0, 119.99999999999999, -59.99999999999999, 0.0, 0.0, 90.0, 59.99999999999999, 180.0, 0.0, 0.0, 0.0, -45.0, 90.0, -90.0, -29.999999999999996, 180.0, 0.0, 0.0, 0.0, 75.0, 75.0, 180.0, 0.0, -29.999999999999996, 105.00000000000001, 180.0, 0.0, 0.0]",3.0474611802197606,8.410311417949174,4.5410497655527315,5.508595556037851,4.848916770784997,False
40,230.95916805193065,10,42.34956274722666,113.85919158635,-16.186188421328218,21.810397811707062,0.0,98.51997766174831,-11.005748399447313,-7.607320202571804,-11.36900818404078,0.5883034522867087,0.5883034522867087,0.0,0.0,0.9539962862277374,0.5354881996917,1.0,40.64132204806304,18.7420869892095,64.12671063394825,230.95916805193065,"[-45.0, -59.99999999999999, 180.0, 0.0, 0.0, -75.0, -59.99999999999999, 180.0, 0.0, 0.0, -75.0, -45.0, -59.99999999999999, 0.0, -59.99999999999999, -59.99999999999999, -59.99999999999999, 0.0, 0.0, -165.0, 119.99999999999999, -59.99999999999999, 0.0, 0.0, 90.0, 59.99999999999999, 180.0, 0.0, 0.0, 0.0, -45.0, 90.0, -90.0, -29.999999999999996, 180.0, 0.0, 0.0, 0.0, 75.0, 75.0, 180.0, 0.0, -29.999999999999996, 90.0, 180.0, 0.0, 0.0]",3.0474611802197606,8.410311417949174,4.5410497655527315,5.508595556037851,4.848916770784997,False
41,231.7149397001808,10,42.33151535893068,92.84364815044015,-17.442595245445528,21.213283539322287,0.0,122.10786503167444,-11.005748399447313,-3.7978645499086894,-15.123467637671963,0.5883034522867087,0.5883034522867087,0.0,0.0,0.9624874148887111,0.5785161588600182,1.0,41.71030684182926,20.248065560100635,64.45047481067496,231.7149397001808,"[-59.99999999999999, -59.99999999999999, 180.0, 0.0, 0.0, -75.0, -59.99999999999999, 180.0, 0.0, 0.0, -75.0, -45.0, -59.99999999999999, 0.0, -59.99999999999999, -59.99999999999999, -59.99999999999999, 0.0, 0.0, -165.0, 119.99999999999999, -59.99999999999999, 0.0, 0.0, 90.0, 59.99999999999999, 180.0, 0.0, 0.0, 0.0, -45.0, 90.0, -90.0, -45.0, 180.0, 0.0, 0.0, 0.0, 90.0, 75.0, 180.0, 0.0, -45.0, -45.0, 180.0, 0.0, 0.0]",3.0205698654552604,8.409691233066859,4.570129612534206,5.508595556037851,4.848916770784997,False
42,231.89187511850068,10,42.33151535893068,92.84364815044015,-17.442595245445528,21.213283539322287,0.0,122.10786503167444,-11.005748399447313,-3.7978645499086894,-14.946532219352067,0.5883034522867087,0.5883034522867087,0.0,0.0,0.9624874148887111,0.5785161588600182,1.0,41.71030684182926,20.248065560100635,64.45047481067496,231.89187511850068,"[-45.0, -59.99999999999999, 180.0, 0.0, 0.0, -75.0, -59.99999999999999, 180.0, 0.0, 0.0, -75.0, -45.0, -59.99999999999999, 0.0, -59.99999999999999, -59.99999999999999, -59.99999999999999, 0.0, 0.0, -165.0, 119.99999999999999, -59.99999999999999, 0.0, 0.0, 90.0, 59.99999999999999, 180.0, 0.0, 0.0, 0.0, -45.0, 90.0, -90.0, -45.0, 180.0, 0.0, 0.0, 0.0, 90.0, 75.0, 180.0, 0.0, -45.0, -45.0, 180.0, 0.0, 0.0]",3.0205698654552604,8.409691233066859,4.570129612534206,5.508595556037851,4.848916770784997,False
43,231.953088155479,10,42.33151535893068,92.84364815044015,-17.442595245445528,21.213283539322287,0.0,122.10786503167444,-11.005748399447313,-3.7978645499086894,-14.885319182373749,0.5883034522867087,0.5883034522867087,0.0,0.0,0.9624874148887111,0.5785161588600182,1.0,41.71030684182926,20.248065560100635,64.45047481067496,231.953088155479,"[-59.99999999999999, -59.99999999999999, 180.0, 0.0, 0.0, -75.0, -59.99999999999999, 180.0, 0.0, 0.0, -75.0, -45.0, -59.99999999999999, 0.0, -59.99999999999999, -59.99999999999999, -59.99999999999999, 0.0, 0.0, -165.0, 119.99999999999999, -59.99999999999999, 0.0, 0.0, 90.0, 59.99999999999999, 180.0, 0.0, 0.0, 0.0, -45.0, 90.0, -90.0, -45.0, 180.0, 0.0, 0.0, 0.0, 90.0, 75.0, 180.0, 0.0, -45.0, -59.99999999999999, 180.0, 0.0, 0.0]",3.0205698654552604,8.409691233066859,4.570129612534206,5.508595556037851,4.848916770784997,False
44,232.11116006616118,10,42.33151535893068,92.84364815044015,-17.442595245445528,21.213283539322287,0.0,122.10786503167444,-11.005748399447313,-3.7978645499086894,-14.727247271691576,0.5883034522867087,0.5883034522867087,0.0,0.0,0.9624874148887111,0.5785161588600182,1.0,41.71030684182926,20.248065560100635,64.45047481067496,232.11116006616118,"[-59.99999999999999, -59.99999999999999, 180.0, 0.0, 0.0, -75.0, -59.99999999999999, 180.0, 0.0, 0.0, -75.0, -45.0, -59.99999999999999, 0.0, -59.99999999999999, -59.99999999999999, -59.99999999999999, 0.0, 0.0, -165.0, 119.99999999999999, -59.99999999999999, 0.0, 0.0, 90.0, 59.99999999999999, 180.0, 0.0, 0.0, 0.0, -45.0, 90.0, -90.0, -45.0, 180.0, 0.0, 0.0, 0.0, 90.0, 75.0, 180.0, 0.0, -45.0, -29.999999999999996, 180.0, 0.0, 0.0]",3.0205698654552604,8.409691233066859,4.570129612534206,5.508595556037851,4.848916770784997,False
45,232.1300235737989,10,42.33151535893068,92.84364815044015,-17.442595245445528,21.213283539322287,0.0,122.10786503167444,-11.005748399447313,-3.7978645499086894,-14.708383764053853,0.5883034522867087,0.5883034522867087,0.0,0.0,0.9624874148887111,0.5785161588600182,1.0,41.71030684182926,20.248065560100635,64.45047481067496,232.1300235737989,"[-45.0, -59.99999999999999, 180.0, 0.0, 0.0, -75.0, -59.99999999999999, 180.0, 0.0, 0.0, -75.0, -45.0, -59.99999999999999, 0.0, -59.99999999999999, -59.99999999999999, -59.99999999999999, 0.0, 0.0, -165.0, 119.99999999999999, -59.99999999999999, 0.0, 0.0, 90.0, 59.99999999999999, 180.0, 0.0, 0.0, 0.0, -45.0, 90.0, -90.0, -45.0, 180.0, 0.0, 0.0, 0.0, 90.0, 75.0, 180.0, 0.0, -45.0, -59.99999999999999, 180.0, 0.0, 0.0]",3.0205698654552604,8.409691233066859,4.570129612534206,5.508595556037851,4.848916770784997,False
46,232.28809548448106,10,42.33151535893068,92.84364815044015,-17.442595245445528,21.213283539322287,0.0,122.10786503167444,-11.005748399447313,-3.7978645499086894,-14.55031185337168,0.5883034522867087,0.5883034522867087,0.0,0.0,0.9624874148887111,0.5785161588600182,1.0,41.71030684182926,20.248065560100635,64.45047481067496,232.28809548448106,"[-45.0, -59.99999999999999, 180.0, 0.0, 0.0, -75.0, -59.99999999999999, 180.0, 0.0, 0.0, -75.0, -45.0, -59.99999999999999, 0.0, -59.99999999999999, -59.99999999999999, -59.99999999999999, 0.0, 0.0, -165.0, 119.99999999999999, -59.99999999999999, 0.0, 0.0, 90.0, 59.99999999999999, 180.0, 0.0, 0.0, 0.0, -45.0, 90.0, -90.0, -45.0, 180.0, 0.0, 0.0, 0.0, 90.0, 75.0, 180.0, 0.0, -45.0, -29.999999999999996, 180.0, 0.0, 0.0]",3.0205698654552604,8.409691233066859,4.570129612534206,5.508595556037851,4.848916770784997,False
47,232.6465395865659,10,42.33151535893068,92.84364815044015,-17.442595245445528,21.213283539322287,0.0,122.10786503167444,-11.005748399447313,-3.7978645499086894,-14.191867751286853,0.5883034522867087,0.5883034522867087,0.0,0.0,0.9624874148887111,0.5785161588600182,1.0,41.71030684182926,20.248065560100635,64.45047481067496,232.6465395865659,"[-59.99999999999999, -59.99999999999999, 180.0, 0.0, 0.0, -75.0, -59.99999999999999, 180.0, 0.0, 0.0, -75.0, -45.0, -59.99999999999999, 0.0, -59.99999999999999, -59.99999999999999, -59.99999999999999, 0.0, 0.0, -165.0, 119.99999999999999, -59.99999999999999, 0.0, 0.0, 90.0, 59.99999999999999, 180.0, 0.0, 0.0, 0.0, -45.0, 90.0, -90.0, -45.0, 180.0, 0.0, 0.0, 0.0, 90.0, 75.0, 180.0, 0.0, -45.0, -75.0, 180.0, 0.0, 0.0]",3.0205698654552604,8.409691233066859,4.570129612534206,5.508595556037851,4.848916770784997,False
48,232.82347500488578,10,42.33151535893068,92.84364815044015,-17.442595245445528,21.213283539322287,0.0,122.10786503167444,-11.005748399447313,-3.7978645499086894,-14.014932332966957,0.5883034522867087,0.5883034522867087,0.0,0.0,0.9624874148887111,0.5785161588600182,1.0,41.71030684182926,20.248065560100635,64.45047481067496,232.82347500488578,"[-45.0, -59.99999999999999, 180.0, 0.0, 0.0, -75.0, -59.99999999999999, 180.0, 0.0, 0.0, -75.0, -45.0, -59.99999999999999, 0.0, -59.99999999999999, -59.99999999999999, -59.99999999999999, 0.0, 0.0, -165.0, 119.99999999999999, -59.99999999999999, 0.0, 0.0, 90.0, 59.99999999999999, 180.0, 0.0, 0.0, 0.0, -45.0, 90.0, -90.0, -45.0, 180.0, 0.0, 0.0, 0.0, 90.0, 75.0, 180.0, 0.0, -45.0, -75.0, 180.0, 0.0, 0.0]",3.0205698654552604,8.409691233066859,4.570129612534206,5.508595556037851,4.848916770784997,False
49,232.9633692958168,10,42.33151535893068,92.84364815044015,-17.442595245445528,21.213283539322287,0.0,122.10786503167444,-11.005748399447313,-3.7978645499086894,-13.87503804203596,0.5883034522867087,0.5883034522867087,0.0,0.0,0.9624874148887111,0.5785161588600182,1.0,41.71030684182926,20.248065560100635,64.45047481067496,232.9633692958168,"[-59.99999999999999, -59.99999999999999, 180.0, 0.0, 0.0, -75.0, -59.99999999999999, 180.0, 0.0, 0.0, -75.0, -45.0, -59.99999999999999, 0.0, -59.99999999999999, -59.99999999999999, -59.99999999999999, 0.0, 0.0, -165.0, 119.99999999999999, -59.99999999999999, 0.0, 0.0, 90.0, 59.99999999999999, 180.0, 0.0, 0.0, 0.0, -45.0, 90.0, -90.0, -45.0, 180.0, 0.0, 0.0, 0.0, 90.0, 75.0, 180.0, 0.0, -45.0, -14.999999999999998, 180.0, 0.0, 0.0]",3.0205698654552604,8.409691233066859,4.570129612534206,5.508595556037851,4.848916770784997,False
50,233.14030471413668,10,42.33151535893068,92.84364815044015,-17.442595245445528,21.213283539322287,0.0,122.10786503167444,-11.005748399447313,-3.7978645499086894,-13.698102623716064,0.5883034522867087,0.5883034522867087,0.0,0.0,0.9624874148887111,0.5785161588600182,1.0,41.71030684182926,20.248065560100635,64.45047481067496,233.14030471413668,"[-45.0, -59.99999999999999, 180.0, 0.0, 0.0, -75.0, -59.99999999999999, 180.0, 0.0, 0.0, -75.0, -45.0, -59.99999999999999, 0.0, -59.99999999999999, -59.99999999999999, -59.99999999999999, 0.0, 0.0, -165.0, 119.99999999999999, -59.99999999999999, 0.0, 0.0, 90.0, 59.99999999999999, 180.0, 0.0, 0.0, 0.0, -45.0, 90.0, -90.0, -45.0, 180.0, 0.0, 0.0, 0.0, 90.0, 75.0, 180.0, 0.0, -45.0, -14.999999999999998, 180.0, 0.0, 0.0]",3.0205698654552604,8.409691233066859,4.570129612534206,5.508595556037851,4.848916770784997,False
51,234.42978987535597,10,42.33151535893068,92.84364815044015,-17.442595245445528,21.213283539322287,0.0,122.10786503167444,-11.005748399447313,-3.7978645499086894,-12.40861746249679,0.5883034522867087,0.5883034522867087,0.0,0.0,0.9624874148887111,0.5785161588600182,1.0,41.71030684182926,20.248065560100635,64.45047481067496,234.42978987535597,"[-59.99999999999999, -59.99999999999999, 180.0, 0.0, 0.0, -75.0, -59.99999999999999, 180.0, 0.0, 0.0, -75.0, -45.0, -59.99999999999999, 0.0, -59.99999999999999, -59.99999999999999, -59.99999999999999, 0.0, 0.0, -165.0, 119.99999999999999, -59.99999999999999, 0.0, 0.0, 90.0, 59.99999999999999, 180.0, 0.0, 0.0, 0.0, -45.0, 90.0, -90.0, -45.0, 180.0, 0.0, 0.0, 0.0, 90.0, 75.0, 180.0, 0.0, -45.0, 175.0, 180.0, 0.0, 0.0]",3.0205698654552604,8.409691233066859,4.570129612534206,5.508595556037851,4.848916770784997,False
52,234.4403955536564,10,42.33151535893068,92.84364815044015,-17.442595245445528,21.213283539322287,0.0,122.10786503167444,-11.005748399447313,-3.7978645499086894,-12.398011784196337,0.5883034522867087,0.5883034522867087,0.0,0.0,0.9624874148887111,0.5785161588600182,1.0,41.71030684182926,20.248065560100635,64.45047481067496,234.4403955536564,"[-59.99999999999999, -59.99999999999999, 180.0, 0.0, 0.0, -75.0, -59.99999999999999, 180.0, 0.0, 0.0, -75.0, -45.0, -59.99999999999999, 0.0, -59.99999999999999, -59.99999999999999, -59.99999999999999, 0.0, 0.0, -165.0, 119.99999999999999, -59.99999999999999, 0.0, 0.0, 90.0, 59.99999999999999, 180.0, 0.0, 0.0, 0.0, -45.0, 90.0, -90.0, -45.0, 180.0, 0.0, 0.0, 0.0, 90.0, 75.0, 180.0, 0.0, -45.0, 160.0, 180.0, 0.0, 0.0]",3.0205698654552604,8.409691233066859,4.570129612534206,5.508595556037851,4.848916770784997,False
53,234.46796518947193,10,42.33151535893068,92.84364815044015,-17.442595245445528,21.213283539322287,0.0,122.10786503167444,-11.005748399447313,-3.7978645499086894,-12.370442148380826,0.5883034522867087,0.5883034522867087,0.0,0.0,0.9624874148887111,0.5785161588600182,1.0,41.71030684182926,20.248065560100635,64.45047481067496,234.46796518947193,"[-59.99999999999999, -59.99999999999999, 180.0, 0.0, 0.0, -75.0, -59.99999999999999, 180.0, 0.0, 0.0, -75.0, -45.0, -59.99999999999999, 0.0, -59.99999999999999, -59.99999999999999, -59.99999999999999, 0.0, 0.0, -165.0, 119.99999999999999, -59.99999999999999, 0.0, 0.0, 90.0, 59.99999999999999, 180.0, 0.0, 0.0, 0.0, -45.0, 90.0, -90.0, -45.0, 180.0, 0.0, 0.0, 0.0, 90.0, 75.0, 180.0, 0.0, -45.0, 150.0, 180.0, 0.0, 0.0]",3.0205698654552604,8.409691233066859,4.570129612534206,5.508595556037851,4.848916770784997,False
54,234.49119821679355,10,42.33151535893068,92.84364815044015,-17.442595245445528,21.213283539322287,0.0,122.10786503167444,-11.005748399447313,-3.7978645499086894,-12.347209121059183,0.5883034522867087,0.5883034522867087,0.0,0.0,0.9624874148887111,0.5785161588600182,1.0,41.71030684182926,20.248065560100635,64.45047481067496,234.49119821679355,"[-59.99999999999999, -59.99999999999999, 180.0, 0.0, 0.0, -75.0, -59.99999999999999, 180.0, 0.0, 0.0, -75.0, -45.0, -59.99999999999999, 0.0, -59.99999999999999, -59.99999999999999, -59.99999999999999, 0.0, 0.0, -165.0, 119.99999999999999, -59.99999999999999, 0.0, 0.0, 90.0, 59.99999999999999, 180.0, 0.0, 0.0, 0.0, -45.0, 90.0, -90.0, -45.0, 180.0, 0.0, 0.0, 0.0, 90.0, 75.0, 180.0, 0.0, -45.0, 145.0, 180.0, 0.0, 0.0]",3.0205698654552604,8.409691233066859,4.570129612534206,5.508595556037851,4.848916770784997,False
55,234.5615073057112,10,42.33151535893068,92.84364815044015,-17.442595245445528,21.213283539322287,0.0,122.10786503167444,-11.005748399447313,-3.7978645499086894,-12.27690003214155,0.5883034522867087,0.5883034522867087,0.0,0.0,0.9624874148887111,0.5785161588600182,1.0,41.71030684182926,20.248065560100635,64.45047481067496,234.5615073057112,"[-59.99999999999999, -59.99999999999999, 180.0, 0.0, 0.0, -75.0, -59.99999999999999, 180.0, 0.0, 0.0, -75.0, -45.0, -59.99999999999999, 0.0, -59.99999999999999, -59.99999999999999, -59.99999999999999, 0.0, 0.0, -165.0, 119.99999999999999, -59.99999999999999, 0.0, 0.0, 90.0, 59.99999999999999, 180.0, 0.0, 0.0, 0.0, -45.0, 90.0, -90.0, -45.0, 180.0, 0.0, 0.0, 0.0, 90.0, 75.0, 180.0, 0.0, -45.0, 135.0, 180.0, 0.0, 0.0]",3.0205698654552604,8.409691233066859,4.570129612534206,5.508595556037851,4.848916770784997,False
56,234.60672529367585,10,42.33151535893068,92.84364815044015,-17.442595245445528,21.213283539322287,0.0,122.10786503167444,-11.005748399447313,-3.7978645499086894,-12.231682044176894,0.5883034522867087,0.5883034522867087,0.0,0.0,0.9624874148887111,0.5785161588600182,1.0,41.71030684182926,20.248065560100635,64.45047481067496,234.60672529367585,"[-45.0, -59.99999999999999, 180.0, 0.0, 0.0, -75.0, -59.99999999999999, 180.0, 0.0, 0.0, -75.0, -45.0, -59.99999999999999, 0.0, -59.99999999999999, -59.99999999999999, -59.99999999999999, 0.0, 0.0, -165.0, 119.99999999999999, -59.99999999999999, 0.0, 0.0, 90.0, 59.99999999999999, 180.0, 0.0, 0.0, 0.0, -45.0, 90.0, -90.0, -45.0, 180.0, 0.0, 0.0, 0.0, 90.0, 75.0, 180.0, 0.0, -45.0, 175.0, 180.0, 0.0, 0.0]",3.0205698654552604,8.409691233066859,4.570129612534206,5.508595556037851,4.848916770784997,False
57,234.60994158771788,10,42.33151535893068,92.84364815044015,-17.442595245445528,21.213283539322287,0.0,122.10786503167444,-11.005748399447313,-3.7978645499086894,-12.228465750134857,0.5883034522867087,0.5883034522867087,0.0,0.0,0.9624874148887111,0.5785161588600182,1.0,41.71030684182926,20.248065560100635,64.45047481067496,234.60994158771788,"[-59.99999999999999, -59.99999999999999, 180.0, 0.0, 0.0, -75.0, -59.99999999999999, 180.0, 0.0, 0.0, -75.0, -45.0, -59.99999999999999, 0.0, -59.99999999999999, -59.99999999999999, -59.99999999999999, 0.0, 0.0, -165.0, 119.99999999999999, -59.99999999999999, 0.0, 0.0, 90.0, 59.99999999999999, 180.0, 0.0, 0.0, 0.0, -45.0, 90.0, -90.0, -45.0, 180.0, 0.0, 0.0, 0.0, 90.0, 75.0, 180.0, 0.0, -45.0, 130.0, 180.0, 0.0, 0.0]",3.0205698654552604,8.409691233066859,4.570129612534206,5.508595556037851,4.848916770784997,False
58,234.61733097197632,10,42.33151535893068,92.84364815044015,-17.442595245445528,21.213283539322287,0.0,122.10786503167444,-11.005748399447313,-3.7978645499086894,-12.22107636587644,0.5883034522867087,0.5883034522867087,0.0,0.0,0.9624874148887111,0.5785161588600182,1.0,41.71030684182926,20.248065560100635,64.45047481067496,234.61733097197632,"[-45.0, -59.99999999999999, 180.0, 0.0, 0.0, -75.0, -59.99999999999999, 180.0, 0.0, 0.0, -75.0, -45.0, -59.99999999999999, 0.0, -59.99999999999999, -59.99999999999999, -59.99999999999999, 0.0, 0.0, -165.0, 119.99999999999999, -59.99999999999999, 0.0, 0.0, 90.0, 59.99999999999999, 180.0, 0.0, 0.0, 0.0, -45.0, 90.0, -90.0, -45.0, 180.0, 0.0, 0.0, 0.0, 90.0, 75.0, 180.0, 0.0, -45.0, 160.0, 180.0, 0.0, 0.0]",3.0205698654552604,8.409691233066859,4.570129612534206,5.508595556037851,4.848916770784997,False
59,234.6449006077918,10,42.33151535893068,92.84364815044015,-17.442595245445528,21.213283539322287,0.0,122.10786503167444,-11.005748399447313,-3.7978645499086894,-12.19350673006093,0.5883034522867087,0.5883034522867087,0.0,0.0,0.9624874148887111,0.5785161588600182,1.0,41.71030684182926,20.248065560100635,64.45047481067496,234.6449006077918,"[-45.0, -59.99999999999999, 180.0, 0.0, 0.0, -75.0, -59.99999999999999, 180.0, 0.0, 0.0, -75.0, -45.0, -59.99999999999999, 0.0, -59.99999999999999, -59.99999999999999, -59.99999999999999, 0.0, 0.0, -165.0, 119.99999999999999, -59.99999999999999, 0.0, 0.0, 90.0, 59.99999999999999, 180.0, 0.0, 0.0, 0.0, -45.0, 90.0, -90.0, -45.0, 180.0, 0.0, 0.0, 0.0, 90.0, 75.0, 180.0, 0.0, -45.0, 150.0, 180.0, 0.0, 0.0]",3.0205698654552604,8.409691233066859,4.570129612534206,5.508595556037851,4.848916770784997,False
60,234.66813363511346,10,42.33151535893068,92.84364815044015,-17.442595245445528,21.213283539322287,0.0,122.10786503167444,-11.005748399447313,-3.7978645499086894,-12.170273702739287,0.5883034522867087,0.5883034522867087,0.0,0.0,0.9624874148887111,0.5785161588600182,1.0,41.71030684182926,20.248065560100635,64.45047481067496,234.66813363511346,"[-45.0, -59.99999999999999, 180.0, 0.0, 0.0, -75.0, -59.99999999999999, 180.0, 0.0, 0.0, -75.0, -45.0, -59.99999999999999, 0.0, -59.99999999999999, -59.99999999999999, -59.99999999999999, 0.0, 0.0, -165.0, 119.99999999999999, -59.99999999999999, 0.0, 0.0, 90.0, 59.99999999999999, 180.0, 0.0, 0.0, 0.0, -45.0, 90.0, -90.0, -45.0, 180.0, 0.0, 0.0, 0.0, 90.0, 75.0, 180.0, 0.0, -45.0, 145.0, 180.0, 0.0, 0.0]",3.0205698654552604,8.409691233066859,4.570129612534206,5.508595556037851,4.848916770784997,False
61,234.7342274416102,10,42.33151535893068,92.84364815044015,-17.442595245445528,21.213283539322287,0.0,122.10786503167444,-11.005748399447313,-3.7978645499086894,-12.104179896242544,0.5883034522867087,0.5883034522867087,0.0,0.0,0.9624874148887111,0.5785161588600182,1.0,41.71030684182926,20.248065560100635,64.45047481067496,234.7342274416102,"[-59.99999999999999, -59.99999999999999, 180.0, 0.0, 0.0, -75.0, -59.99999999999999, 180.0, 0.0, 0.0, -75.0, -45.0, -59.99999999999999, 0.0, -59.99999999999999, -59.99999999999999, -59.99999999999999, 0.0, 0.0, -165.0, 119.99999999999999, -59.99999999999999, 0.0, 0.0, 90.0, 59.99999999999999, 180.0, 0.0, 0.0, 0.0, -45.0, 90.0, -90.0, -45.0, 180.0, 0.0, 0.0, 0.0, 90.0, 75.0, 180.0, 0.0, -45.0, 119.99999999999999, 180.0, 0.0, 0.0]",3.0205698654552604,8.409691233066859,4.570129612534206,5.508595556037851,4.848916770784997,False
62,234.7384427240311,10,42.33151535893068,92.84364815044015,-17.442595245445528,21.213283539322287,0.0,122.10786503167444,-11.005748399447313,-3.7978645499086894,-12.099964613821653,0.5883034522867087,0.5883034522867087,0.0,0.0,0.9624874148887111,0.5785161588600182,1.0,41.71030684182926,20.248065560100635,64.45047481067496,234.7384427240311,"[-45.0, -59.99999999999999, 180.0, 0.0, 0.0, -75.0, -59.99999999999999, 180.0, 0.0, 0.0, -75.0, -45.0, -59.99999999999999, 0.0, -59.99999999999999, -59.99999999999999, -59.99999999999999, 0.0, 0.0, -165.0, 119.99999999999999, -59.99999999999999, 0.0, 0.0, 90.0, 59.99999999999999, 180.0, 0.0, 0.0, 0.0, -45.0, 90.0, -90.0, -45.0, 180.0, 0.0, 0.0, 0.0, 90.0, 75.0, 180.0, 0.0, -45.0, 135.0, 180.0, 0.0, 0.0]",3.0205698654552604,8.409691233066859,4.570129612534206,5.508595556037851,4.848916770784997,False
63,234.78687700603777,10,42.33151535893068,92.84364815044015,-17.442595245445528,21.213283539322287,0.0,122.10786503167444,-11.005748399447313,-3.7978645499086894,-12.051530331814961,0.5883034522867087,0.5883034522867087,0.0,0.0,0.9624874148887111,0.5785161588600182,1.0,41.71030684182926,20.248065560100635,64.45047481067496,234.78687700603777,"[-45.0, -59.99999999999999, 180.0, 0.0, 0.0, -75.0, -59.99999999999999, 180.0, 0.0, 0.0, -75.0, -45.0, -59.99999999999999, 0.0, -59.99999999999999, -59.99999999999999, -59.99999999999999, 0.0, 0.0, -165.0, 119.99999999999999, -59.99999999999999, 0.0, 0.0, 90.0, 59.99999999999999, 180.0, 0.0, 0.0, 0.0, -45.0, 90.0, -90.0, -45.0, 180.0, 0.0, 0.0, 0.0, 90.0, 75.0, 180.0, 0.0, -45.0, 130.0, 180.0, 0.0, 0.0]",3.0205698654552604,8.409691233066859,4.570129612534206,5.508595556037851,4.848916770784997,False
64,234.80913630526697,10,42.33151535893068,92.84364815044015,-17.442595245445528,21.213283539322287,0.0,122.10786503167444,-11.005748399447313,-3.7978645499086894,-12.029271032585763,0.5883034522867087,0.5883034522867087,0.0,0.0,0.9624874148887111,0.5785161588600182,1.0,41.71030684182926,20.248065560100635,64.45047481067496,234.80913630526697,"[-59.99999999999999, -59.99999999999999, 180.0, 0.0, 0.0, -75.0, -59.99999999999999, 180.0, 0.0, 0.0, -75.0, -45.0, -59.99999999999999, 0.0, -59.99999999999999, -59.99999999999999, -59.99999999999999, 0.0, 0.0, -165.0, 119.99999999999999, -59.99999999999999, 0.0, 0.0, 90.0, 59.99999999999999, 180.0, 0.0, 0.0, 0.0, -45.0, 90.0, -90.0, -45.0, 180.0, 0.0, 0.0, 0.0, 90.0, 75.0, 180.0, 0.0, -45.0, 115.0, 180.0, 0.0, 0.0]",3.0205698654552604,8.409691233066859,4.570129612534206,5.508595556037851,4.848916770784997,False
65,234.9111628599301,10,42.33151535893068,92.84364815044015,-17.442595245445528,21.213283539322287,0.0,122.10786503167444,-11.005748399447313,-3.7978645499086894,-11.927244477922647,0.5883034522867087,0.5883034522867087,0.0,0.0,0.9624874148887111,0.5785161588600182,1.0,41.71030684182926,20.248065560100635,64.45047481067496,234.9111628599301,"[-45.0, -59.99999999999999, 180.0, 0.0, 0.0, -75.0, -59.99999999999999, 180.0, 0.0, 0.0, -75.0, -45.0, -59.99999999999999, 0.0, -59.99999999999999, -59.99999999999999, -59.99999999999999, 0.0, 0.0, -165.0, 119.99999999999999, -59.99999999999999, 0.0, 0.0, 90.0, 59.99999999999999, 180.0, 0.0, 0.0, 0.0, -45.0, 90.0, -90.0, -45.0, 180.0, 0.0, 0.0, 0.0, 90.0, 75.0, 180.0, 0.0, -45.0, 119.99999999999999, 180.0, 0.0, 0.0]",3.0205698654552604,8.409691233066859,4.570129612534206,5.508595556037851,4.848916770784997,False
66,234.97849960668646,10,42.33151535893068,92.84364815044015,-17.442595245445528,21.213283539322287,0.0,122.10786503167444,-11.005748399447313,-3.7978645499086894,-11.859907731166281,0.5883034522867087,0.5883034522867087,0.0,0.0,0.9624874148887111,0.5785161588600182,1.0,41.71030684182926,20.248065560100635,64.45047481067496,234.97849960668646,"[-59.99999999999999, -59.99999999999999, 180.0, 0.0, 0.0, -75.0, -59.99999999999999, 180.0, 0.0, 0.0, -75.0, -45.0, -59.99999999999999, 0.0, -59.99999999999999, -59.99999999999999, -59.99999999999999, 0.0, 0.0, -165.0, 119.99999999999999, -59.99999999999999, 0.0, 0.0, 90.0, 59.99999999999999, 180.0, 0.0, 0.0, 0.0, -45.0, 90.0, -90.0, -45.0, 180.0, 0.0, 0.0, 0.0, 90.0, 75.0, 180.0, 0.0, -45.0, 105.00000000000001, 180.0, 0.0, 0.0]",3.0205698654552604,8.409691233066859,4.570129612534206,5.508595556037851,4.848916770784997,False
67,234.9860717235869,10,42.33151535893068,92.84364815044015,-17.442595245445528,21.213283539322287,0.0,122.10786503167444,-11.005748399447313,-3.7978645499086894,-11.852335614265867,0.5883034522867087,0.5883034522867087,0.0,0.0,0.9624874148887111,0.5785161588600182,1.0,41.71030684182926,20.248065560100635,64.45047481067496,234.9860717235869,"[-45.0, -59.99999999999999, 180.0, 0.0, 0.0, -75.0, -59.99999999999999, 180.0, 0.0, 0.0, -75.0, -45.0, -59.99999999999999, 0.0, -59.99999999999999, -59.99999999999999, -59.99999999999999, 0.0, 0.0, -165.0, 119.99999999999999, -59.99999999999999, 0.0, 0.0, 90.0, 59.99999999999999, 180.0, 0.0, 0.0, 0.0, -45.0, 90.0, -90.0, -45.0, 180.0, 0.0, 0.0, 0.0, 90.0, 75.0, 180.0, 0.0, -45.0, 115.0, 180.0, 0.0, 0.0]",3.0205698654552604,8.409691233066859,4.570129612534206,5.508595556037851,4.848916770784997,False
68,235.15543502500637,10,42.33151535893068,92.84364815044015,-17.442595245445528,21.213283539322287,0.0,122.10786503167444,-11.005748399447313,-3.7978645499086894,-11.682972312846385,0.5883034522867087,0.5883034522867087,0.0,0.0,0.9624874148887111,0.5785161588600182,1.0,41.71030684182926,20.248065560100635,64.45047481067496,235.15543502500637,"[-45.0, -59.99999999999999, 180.0, 0.0, 0.0, -75.0, -59.99999999999999, 180.0, 0.0, 0.0, -75.0, -45.0, -59.99999999999999, 0.0, -59.99999999999999, -59.99999999999999, -59.99999999999999, 0.0, 0.0, -165.0, 119.99999999999999, -59.99999999999999, 0.0, 0.0, 90.0, 59.99999999999999, 180.0, 0.0, 0.0, 0.0, -45.0, 90.0, -90.0, -45.0, 180.0, 0.0, 0.0, 0.0, 90.0, 75.0, 180.0, 0.0, -45.0, 105.00000000000001, 180.0, 0.0, 0.0]",3.0205698654552604,8.409691233066859,4.570129612534206,5.508595556037851,4.848916770784997,False
69,235.2496363395519,10,42.33151535893068,92.84364815044015,-17.442595245445528,21.213283539322287,0.0,122.10786503167444,-11.005748399447313,-3.7978645499086894,-11.588770998300832,0.5883034522867087,0.5883034522867087,0.0,0.0,0.9624874148887111,0.5785161588600182,1.0,41.71030684182926,20.248065560100635,64.45047481067496,235.2496363395519,"[-59.99999999999999, -59.99999999999999, 180.0, 0.0, 0.0, -75.0, -59.99999999999999, 180.0, 0.0, 0.0, -75.0, -45.0, -59.99999999999999, 0.0, -59.99999999999999, -59.99999999999999, -59.99999999999999, 0.0, 0.0, -165.0, 119.99999999999999, -59.99999999999999, 0.0, 0.0, 90.0, 59.99999999999999, 180.0, 0.0, 0.0, 0.0, -45.0, 90.0, -90.0, -45.0, 180.0, 0.0, 0.0, 0.0, 90.0, 75.0, 180.0, 0.0, -45.0, 90.0, 180.0, 0.0, 0.0]",3.0205698654552604,8.409691233066859,4.570129612534206,5.508595556037851,4.848916770784997,False
70,235.4265717578718,10,42.33151535893068,92.84364815044015,-17.442595245445528,21.213283539322287,0.0,122.10786503167444,-11.005748399447313,-3.7978645499086894,-11.411835579980936,0.5883034522867087,0.5883034522867087,0.0,0.0,0.9624874148887111,0.5785161588600182,1.0,41.71030684182926,20.248065560100635,64.45047481067496,235.4265717578718,"[-45.0, -59.99999999999999, 180.0, 0.0, 0.0, -75.0, -59.99999999999999, 180.0, 0.0, 0.0, -75.0, -45.0, -59.99999999999999, 0.0, -59.99999999999999, -59.99999999999999, -59.99999999999999, 0.0, 0.0, -165.0, 119.99999999999999, -59.99999999999999, 0.0, 0.0, 90.0, 59.99999999999999, 180.0, 0.0, 0.0, 0.0, -45.0, 90.0, -90.0, -45.0, 180.0, 0.0, 0.0, 0.0, 90.0, 75.0, 180.0, 0.0, -45.0, 90.0, 180.0, 0.0, 0.0]",3.0205698654552604,8.409691233066859,4.570129612534206,5.508595556037851,4.848916770784997,False
71,237.56373758414585,10,42.34956274722666,96.19007756076853,-16.186188421328218,21.85176081553367,0.0,122.25295337426365,-11.005748399447313,-3.7978645499086894,-14.679118995249116,0.5883034522867087,0.5883034522867087,0.0,0.0,0.9611353221976693,0.5608957518272059,1.0,41.741698653170126,19.631351313952205,64.57864995567944,237.56373758414585,"[-59.99999999999999, -59.99999999999999, 180.0, 0.0, 0.0, -75.0, -59.99999999999999, 180.0, 0.0, 0.0, -75.0, -45.0, -59.99999999999999, 0.0, -59.99999999999999, -59.99999999999999, -59.99999999999999, 0.0, 0.0, -165.0, 119.99999999999999, -59.99999999999999, 0.0, 0.0, 90.0, 59.99999999999999, 180.0, 0.0, 0.0, 0.0, -45.0, 90.0, -90.0, -29.999999999999996, 180.0, 0.0, 0.0, 0.0, 75.0, 75.0, 180.0, 0.0, -45.0, -45.0, 180.0, 0.0, 0.0]",3.0474611802197606,8.410311417949174,4.5410497655527315,5.508595556037851,4.848916770784997,False
72,237.74067300246577,10,42.34956274722666,96.19007756076853,-16.186188421328218,21.85176081553367,0.0,122.25295337426365,-11.005748399447313,-3.7978645499086894,-14.50218357692922,0.5883034522867087,0.5883034522867087,0.0,0.0,0.9611353221976693,0.5608957518272059,1.0,41.741698653170126,19.631351313952205,64.57864995567944,237.74067300246577,"[-45.0, -59.99999999999999, 180.0, 0.0, 0.0, -75.0, -59.99999999999999, 180.0, 0.0, 0.0, -75.0, -45.0, -59.99999999999999, 0.0, -59.99999999999999, -59.99999999999999, -59.99999999999999, 0.0, 0.0, -165.0, 119.99999999999999, -59.99999999999999, 0.0, 0.0, 90.0, 59.99999999999999, 180.0, 0.0, 0.0, 0.0, -45.0, 90.0, -90.0, -29.999999999999996, 180.0, 0.0, 0.0, 0.0, 75.0, 75.0, 180.0, 0.0, -45.0, -45.0, 180.0, 0.0, 0.0]",3.0474611802197606,8.410311417949174,4.5410497655527315,5.508595556037851,4.848916770784997,False
73,237.80188603944407,10,42.34956274722666,96.19007756076853,-16.186188421328218,21.85176081553367,0.0,122.25295337426365,-11.005748399447313,-3.7978645499086894,-14.440970539950902,0.5883034522867087,0.5883034522867087,0.0,0.0,0.9611353221976693,0.5608957518272059,1.0,41.741698653170126,19.631351313952205,64.57864995567944,237.80188603944407,"[-59.99999999999999, -59.99999999999999, 180.0, 0.0, 0.0, -75.0, -59.99999999999999, 180.0, 0.0, 0.0, -75.0, -45.0, -59.99999999999999, 0.0, -59.99999999999999, -59.99999999999999, -59.99999999999999, 0.0, 0.0, -165.0, 119.99999999999999, -59.99999999999999, 0.0, 0.0, 90.0, 59.99999999999999, 180.0, 0.0, 0.0, 0.0, -45.0, 90.0, -90.0, -29.999999999999996, 180.0, 0.0, 0.0, 0.0, 75.0, 75.0, 180.0, 0.0, -45.0, -59.99999999999999, 180.0, 0.0, 0.0]",3.0474611802197606,8.410311417949174,4.5410497655527315,5.508595556037851,4.848916770784997,False
74,237.95995795012624,10,42.34956274722666,96.19007756076853,-16.186188421328218,21.85176081553367,0.0,122.25295337426365,-11.005748399447313,-3.7978645499086894,-14.282898629268729,0.5883034522867087,0.5883034522867087,0.0,0.0,0.9611353221976693,0.5608957518272059,1.0,41.741698653170126,19.631351313952205,64.57864995567944,237.95995795012624,"[-59.99999999999999, -59.99999999999999, 180.0, 0.0, 0.0, -75.0, -59.99999999999999, 180.0, 0.0, 0.0, -75.0, -45.0, -59.99999999999999, 0.0, -59.99999999999999, -59.99999999999999, -59.99999999999999, 0.0, 0.0, -165.0, 119.99999999999999, -59.99999999999999, 0.0, 0.0, 90.0, 59.99999999999999, 180.0, 0.0, 0.0, 0.0, -45.0, 90.0, -90.0, -29.999999999999996, 180.0, 0.0, 0.0, 0.0, 75.0, 75.0, 180.0, 0.0, -45.0, -29.999999999999996, 180.0, 0.0, 0.0]",3.0474611802197606,8.410311417949174,4.5410497655527315,5.508595556037851,4.848916770784997,False
75,237.97882145776398,10,42.34956274722666,96.19007756076853,-16.186188421328218,21.85176081553367,0.0,122.25295337426365,-11.005748399447313,-3.7978645499086894,-14.264035121631006,0.5883034522867087,0.5883034522867087,0.0,0.0,0.9611353221976693,0.5608957518272059,1.0,41.741698653170126,19.631351313952205,64.57864995567944,237.97882145776398,"[-45.0, -59.99999999999999, 180.0, 0.0, 0.0, -75.0, -59.99999999999999, 180.0, 0.0, 0.0, -75.0, -45.0, -59.99999999999999, 0.0, -59.99999999999999, -59.99999999999999, -59.99999999999999, 0.0, 0.0, -165.0, 119.99999999999999, -59.99999999999999, 0.0, 0.0, 90.0, 59.99999999999999, 180.0, 0.0, 0.0, 0.0, -45.0, 90.0, -90.0, -29.999999999999996, 180.0, 0.0, 0.0, 0.0, 75.0, 75.0, 180.0, 0.0, -45.0, -59.99999999999999, 180.0, 0.0, 0.0]",3.0474611802197606,8.410311417949174,4.5410497655527315,5.508595556037851,4.848916770784997,False
76,238.13689336844615,10,42.34956274722666,96.19007756076853,-16.186188421328218,21.85176081553367,0.0,122.25295337426365,-11.005748399447313,-3.7978645499086894,-14.105963210948833,0.5883034522867087,0.5883034522867087,0.0,0.0,0.9611353221976693,0.5608957518272059,1.0,41.741698653170126,19.631351313952205,64.57864995567944,238.13689336844615,"[-45.0, -59.99999999999999, 180.0, 0.0, 0.0, -75.0, -59.99999999999999, 180.0, 0.0, 0.0, -75.0, -45.0, -59.99999999999999, 0.0, -59.99999999999999, -59.99999999999999, -59.99999999999999, 0.0, 0.0, -165.0, 119.99999999999999, -59.99999999999999, 0.0, 0.0, 90.0, 59.99999999999999, 180.0, 0.0, 0.0, 0.0, -45.0, 90.0, -90.0, -29.999999999999996, 180.0, 0.0, 0.0, 0.0, 75.0, 75.0, 180.0, 0.0, -45.0, -29.999999999999996, 180.0, 0.0, 0.0]",3.0474611802197606,8.410311417949174,4.5410497655527315,5.508595556037851,4.848916770784997,False
77,238.49533747053098,10,42.34956274722666,96.19007756076853,-16.186188421328218,21.85176081553367,0.0,122.25295337426365,-11.005748399447313,-3.7978645499086894,-13.747519108864006,0.5883034522867087,0.5883034522867087,0.0,0.0,0.9611353221976693,0.5608957518272059,1.0,41.741698653170126,19.631351313952205,64.57864995567944,238.49533747053098,"[-59.99999999999999, -59.99999999999999, 180.0, 0.0, 0.0, -75.0, -59.99999999999999, 180.0, 0.0, 0.0, -75.0, -45.0, -59.99999999999999, 0.0, -59.99999999999999, -59.99999999999999, -59.99999999999999, 0.0, 0.0, -165.0, 119.99999999999999, -59.99999999999999, 0.0, 0.0, 90.0, 59.99999999999999, 180.0, 0.0, 0.0, 0.0, -45.0, 90.0, -90.0, -29.999999999999996, 180.0, 0.0, 0.0, 0.0, 75.0, 75.0, 180.0, 0.0, -45.0, -75.0, 180.0, 0.0, 0.0]",3.0474611802197606,8.410311417949174,4.5410497655527315,5.508595556037851,4.848916770784997,False
78,238.67227288885087,10,42.34956274722666,96.19007756076853,-16.186188421328218,21.85176081553367,0.0,122.25295337426365,-11.005748399447313,-3.7978645499086894,-13.57058369054411,0.5883034522867087,0.5883034522867087,0.0,0.0,0.9611353221976693,0.5608957518272059,1.0,41.741698653170126,19.631351313952205,64.57864995567944,238.67227288885087,"[-45.0, -59.99999999999999, 180.0, 0.0, 0.0, -75.0, -59.99999999999999, 180.0, 0.0, 0.0, -75.0, -45.0, -59.99999999999999, 0.0, -59.99999999999999, -59.99999999999999, -59.99999999999999, 0.0, 0.0, -165.0, 119.99999999999999, -59.99999999999999, 0.0, 0.0, 90.0, 59.99999999999999, 180.0, 0.0, 0.0, 0.0, -45.0, 90.0, -90.0, -29.999999999999996, 180.0, 0.0, 0.0, 0.0, 75.0, 75.0, 180.0, 0.0, -45.0, -75.0, 180.0, 0.0, 0.0]",3.0474611802197606,8.410311417949174,4.5410497655527315,5.508595556037851,4.848916770784997,False
79,238.81216717978188,10,42.34956274722666,96.19007756076853,-16.186188421328218,21.85176081553367,0.0,122.25295337426365,-11.005748399447313,-3.7978645499086894,-13.430689399613112,0.5883034522867087,0.5883034522867087,0.0,0.0,0.9611353221976693,0.5608957518272059,1.0,41.741698653170126,19.631351313952205,64.57864995567944,238.81216717978188,"[-59.99999999999999, -59.99999999999999, 180.0, 0.0, 0.0, -75.0, -59.99999999999999, 180.0, 0.0, 0.0, -75.0, -45.0, -59.99999999999999, 0.0, -59.99999999999999, -59.99999999999999, -59.99999999999999, 0.0, 0.0, -165.0, 119.99999999999999, -59.99999999999999, 0.0, 0.0, 90.0, 59.99999999999999, 180.0, 0.0, 0.0, 0.0, -45.0, 90.0, -90.0, -29.999999999999996, 180.0, 0.0, 0.0, 0.0, 75.0, 75.0, 180.0, 0.0, -45.0, -14.999999999999998, 180.0, 0.0, 0.0]",3.0474611802197606,8.410311417949174,4.5410497655527315,5.508595556037851,4.848916770784997,False
80,238.98910259810177,10,42.34956274722666,96.19007756076853,-16.186188421328218,21.85176081553367,0.0,122.25295337426365,-11.005748399447313,-3.7978645499086894,-13.253753981293215,0.5883034522867087,0.5883034522867087,0.0,0.0,0.9611353221976693,0.5608957518272059,1.0,41.741698653170126,19.631351313952205,64.57864995567944,238.98910259810177,"[-45.0, -59.99999999999999, 180.0, 0.0, 0.0, -75.0, -59.99999999999999, 180.0, 0.0, 0.0, -75.0, -45.0, -59.99999999999999, 0.0, -59.99999999999999, -59.99999999999999, -59.99999999999999, 0.0, 0.0, -165.0, 119.99999999999999, -59.99999999999999, 0.0, 0.0, 90.0, 59.99999999999999, 180.0, 0.0, 0.0, 0.0, -45.0, 90.0, -90.0, -29.999999999999996, 180.0, 0.0, 0.0, 0.0, 75.0, 75.0, 180.0, 0.0, -45.0, -14.999999999999998, 180.0, 0.0, 0.0]",3.0474611802197606,8.410311417949174,4.5410497655527315,5.508595556037851,4.848916770784997,False
81,240.27858775932103,10,42.34956274722666,96.19007756076853,-16.186188421328218,21.85176081553367,0.0,122.25295337426365,-11.005748399447313,-3.7978645499086894,-11.964268820073944,0.5883034522867087,0.5883034522867087,0.0,0.0,0.9611353221976693,0.5608957518272059,1.0,41.741698653170126,19.631351313952205,64.57864995567944,240.27858775932103,"[-59.99999999999999, -59.99999999999999, 180.0, 0.0, 0.0, -75.0, -59.99999999999999, 180.0, 0.0, 0.0, -75.0, -45.0, -59.99999999999999, 0.0, -59.99999999999999, -59.99999999999999, -59.99999999999999, 0.0, 0.0, -165.0, 119.99999999999999, -59.99999999999999, 0.0, 0.0, 90.0, 59.99999999999999, 180.0, 0.0, 0.0, 0.0, -45.0, 90.0, -90.0, -29.999999999999996, 180.0, 0.0, 0.0, 0.0, 75.0, 75.0, 180.0, 0.0, -45.0, 175.0, 180.0, 0.0, 0.0]",3.0474611802197606,8.410311417949174,4.5410497655527315,5.508595556037851,4.848916770784997,False
82,240.2891934376215,10,42.34956274722666,96.19007756076853,-16.186188421328218,21.85176081553367,0.0,122.25295337426365,-11.005748399447313,-3.7978645499086894,-11.95366314177349,0.5883034522867087,0.5883034522867087,0.0,0.0,0.9611353221976693,0.5608957518272059,1.0,41.741698653170126,19.631351313952205,64.57864995567944,240.2891934376215,"[-59.99999999999999, -59.99999999999999, 180.0, 0.0, 0.0, -75.0, -59.99999999999999, 180.0, 0.0, 0.0, -75.0, -45.0, -59.99999999999999, 0.0, -59.99999999999999, -59.99999999999999, -59.99999999999999, 0.0, 0.0, -165.0, 119.99999999999999, -59.99999999999999, 0.0, 0.0, 90.0, 59.99999999999999, 180.0, 0.0, 0.0, 0.0, -45.0, 90.0, -90.0, -29.999999999999996, 180.0, 0.0, 0.0, 0.0, 75.0, 75.0, 180.0, 0.0, -45.0, 160.0, 180.0, 0.0, 0.0]",3.0474611802197606,8.410311417949174,4.5410497655527315,5.508595556037851,4.848916770784997,False
83,240.31676307343702,10,42.34956274722666,96.19007756076853,-16.186188421328218,21.85176081553367,0.0,122.25295337426365,-11.005748399447313,-3.7978645499086894,-11.92609350595798,0.5883034522867087,0.5883034522867087,0.0,0.0,0.9611353221976693,0.5608957518272059,1.0,41.741698653170126,19.631351313952205,64.57864995567944,240.31676307343702,"[-59.99999999999999, -59.99999999999999, 180.0, 0.0, 0.0, -75.0, -59.99999999999999, 180.0, 0.0, 0.0, -75.0, -45.0, -59.99999999999999, 0.0, -59.99999999999999, -59.99999999999999, -59.99999999999999, 0.0, 0.0, -165.0, 119.99999999999999, -59.99999999999999, 0.0, 0.0, 90.0, 59.99999999999999, 180.0, 0.0, 0.0, 0.0, -45.0, 90.0, -90.0, -29.999999999999996, 180.0, 0.0, 0.0, 0.0, 75.0, 75.0, 180.0, 0.0, -45.0, 150.0, 180.0, 0.0, 0.0]",3.0474611802197606,8.410311417949174,4.5410497655527315,5.508595556037851,4.848916770784997,False
84,240.33999610075864,10,42.34956274722666,96.19007756076853,-16.186188421328218,21.85176081553367,0.0,122.25295337426365,-11.005748399447313,-3.7978645499086894,-11.902860478636336,0.5883034522867087,0.5883034522867087,0.0,0.0,0.9611353221976693,0.5608957518272059,1.0,41.741698653170126,19.631351313952205,64.57864995567944,240.33999610075864,"[-59.99999999999999, -59.99999999999999, 180.0, 0.0, 0.0, -75.0, -59.99999999999999, 180.0, 0.0, 0.0, -75.0, -45.0, -59.99999999999999, 0.0, -59.99999999999999, -59.99999999999999, -59.99999999999999, 0.0, 0.0, -165.0, 119.99999999999999, -59.99999999999999, 0.0, 0.0, 90.0, 59.99999999999999, 180.0, 0.0, 0.0, 0.0, -45.0, 90.0, -90.0, -29.999999999999996, 180.0, 0.0, 0.0, 0.0, 75.0, 75.0, 180.0, 0.0, -45.0, 145.0, 180.0, 0.0, 0.0]",3.0474611802197606,8.410311417949174,4.5410497655527315,5.508595556037851,4.848916770784997,False
85,240.41030518967628,10,42.34956274722666,96.19007756076853,-16.186188421328218,21.85176081553367,0.0,122.25295337426365,-11.005748399447313,-3.7978645499086894,-11.832551389718702,0.5883034522867087,0.5883034522867087,0.0,0.0,0.9611353221976693,0.5608957518272059,1.0,41.741698653170126,19.631351313952205,64.57864995567944,240.41030518967628,"[-59.99999999999999, -59.99999999999999, 180.0, 0.0, 0.0, -75.0, -59.99999999999999, 180.0, 0.0, 0.0, -75.0, -45.0, -59.99999999999999, 0.0, -59.99999999999999, -59.99999999999999, -59.99999999999999, 0.0, 0.0, -165.0, 119.99999999999999, -59.99999999999999, 0.0, 0.0, 90.0, 59.99999999999999, 180.0, 0.0, 0.0, 0.0, -45.0, 90.0, -90.0, -29.999999999999996, 180.0, 0.0, 0.0, 0.0, 75.0, 75.0, 180.0, 0.0, -45.0, 135.0, 180.0, 0.0, 0.0]",3.0474611802197606,8.410311417949174,4.5410497655527315,5.508595556037851,4.848916770784997,False
86,240.45552317764094,10,42.34956274722666,96.19007756076853,-16.186188421328218,21.85176081553367,0.0,122.25295337426365,-11.005748399447313,-3.7978645499086894,-11.787333401754047,0.5883034522867087,0.5883034522867087,0.0,0.0,0.9611353221976693,0.5608957518272059,1.0,41.741698653170126,19.631351313952205,64.57864995567944,240.45552317764094,"[-45.0, -59.99999999999999, 180.0, 0.0, 0.0, -75.0, -59.99999999999999, 180.0, 0.0, 0.0, -75.0, -45.0, -59.99999999999999, 0.0, -59.99999999999999, -59.99999999999999, -59.99999999999999, 0.0, 0.0, -165.0, 119.99999999999999, -59.99999999999999, 0.0, 0.0, 90.0, 59.99999999999999, 180.0, 0.0, 0.0, 0.0, -45.0, 90.0, -90.0, -29.999999999999996, 180.0, 0.0, 0.0, 0.0, 75.0, 75.0, 180.0, 0.0, -45.0, 175.0, 180.0, 0.0, 0.0]",3.0474611802197606,8.410311417949174,4.5410497655527315,5.508595556037851,4.848916770784997,False
87,240.45873947168297,10,42.34956274722666,96.19007756076853,-16.186188421328218,21.85176081553367,0.0,122.25295337426365,-11.005748399447313,-3.7978645499086894,-11.78411710771201,0.5883034522867087,0.5883034522867087,0.0,0.0,0.9611353221976693,0.5608957518272059,1.0,41.741698653170126,19.631351313952205,64.57864995567944,240.45873947168297,"[-59.99999999999999, -59.99999999999999, 180.0, 0.0, 0.0, -75.0, -59.99999999999999, 180.0, 0.0, 0.0, -75.0, -45.0, -59.99999999999999, 0.0, -59.99999999999999, -59.99999999999999, -59.99999999999999, 0.0, 0.0, -165.0, 119.99999999999999, -59.99999999999999, 0.0, 0.0, 90.0, 59.99999999999999, 180.0, 0.0, 0.0, 0.0, -45.0, 90.0, -90.0, -29.999999999999996, 180.0, 0.0, 0.0, 0.0, 75.0, 75.0, 180.0, 0.0, -45.0, 130.0, 180.0, 0.0, 0.0]",3.0474611802197606,8.410311417949174,4.5410497655527315,5.508595556037851,4.848916770784997,False
88,240.46612885594138,10,42.34956274722666,96.19007756076853,-16.186188421328218,21.85176081553367,0.0,122.25295337426365,-11.005748399447313,-3.7978645499086894,-11.776727723453593,0.5883034522867087,0.5883034522867087,0.0,0.0,0.9611353221976693,0.5608957518272059,1.0,41.741698653170126,19.631351313952205,64.57864995567944,240.46612885594138,"[-45.0, -59.99999999999999, 180.0, 0.0, 0.0, -75.0, -59.99999999999999, 180.0, 0.0, 0.0, -75.0, -45.0, -59.99999999999999, 0.0, -59.99999999999999, -59.99999999999999, -59.99999999999999, 0.0, 0.0, -165.0, 119.99999999999999, -59.99999999999999, 0.0, 0.0, 90.0, 59.99999999999999, 180.0, 0.0, 0.0, 0.0, -45.0, 90.0, -90.0, -29.999999999999996, 180.0, 0.0, 0.0, 0.0, 75.0, 75.0, 180.0, 0.0, -45.0, 160.0, 180.0, 0.0, 0.0]",3.0474611802197606,8.410311417949174,4.5410497655527315,5.508595556037851,4.848916770784997,False
89,240.4936984917569,10,42.34956274722666,96.19007756076853,-16.186188421328218,21.85176081553367,0.0,122.25295337426365,-11.005748399447313,-3.7978645499086894,-11.749158087638083,0.5883034522867087,0.5883034522867087,0.0,0.0,0.9611353221976693,0.5608957518272059,1.0,41.741698653170126,19.631351313952205,64.57864995567944,240.4936984917569,"[-45.0, -59.99999999999999, 180.0, 0.0, 0.0, -75.0, -59.99999999999999, 180.0, 0.0, 0.0, -75.0, -45.0, -59.99999999999999, 0.0, -59.99999999999999, -59.99999999999999, -59.99999999999999, 0.0, 0.0, -165.0, 119.99999999999999, -59.99999999999999, 0.0, 0.0, 90.0, 59.99999999999999, 180.0, 0.0, 0.0, 0.0, -45.0, 90.0, -90.0, -29.999999999999996, 180.0, 0.0, 0.0, 0.0, 75.0, 75.0, 180.0, 0.0, -45.0, 150.0, 180.0, 0.0, 0.0]",3.0474611802197606,8.410311417949174,4.5410497655527315,5.508595556037851,4.848916770784997,False
90,240.51693151907855,10,42.34956274722666,96.19007756076853,-16.186188421328218,21.85176081553367,0.0,122.25295337426365,-11.005748399447313,-3.7978645499086894,-11.72592506031644,0.5883034522867087,0.5883034522867087,0.0,0.0,0.9611353221976693,0.5608957518272059,1.0,41.741698653170126,19.631351313952205,64.57864995567944,240.51693151907855,"[-45.0, -59.99999999999999, 180.0, 0.0, 0.0, -75.0, -59.99999999999999, 180.0, 0.0, 0.0, -75.0, -45.0, -59.99999999999999, 0.0, -59.99999999999999, -59.99999999999999, -59.99999999999999, 0.0, 0.0, -165.0, 119.99999999999999, -59.99999999999999, 0.0, 0.0, 90.0, 59.99999999999999, 180.0, 0.0, 0.0, 0.0, -45.0, 90.0, -90.0, -29.999999999999996, 180.0, 0.0, 0.0, 0.0, 75.0, 75.0, 180.0, 0.0, -45.0, 145.0, 180.0, 0.0, 0.0]",3.0474611802197606,8.410311417949174,4.5410497655527315,5.508595556037851,4.848916770784997,False
91,240.58302532557528,10,42.34956274722666,96.19007756076853,-16.186188421328218,21.85176081553367,0.0,122.25295337426365,-11.005748399447313,-3.7978645499086894,-11.659831253819696,0.5883034522867087,0.5883034522867087,0.0,0.0,0.9611353221976693,0.5608957518272059,1.0,41.741698653170126,19.631351313952205,64.57864995567944,240.58302532557528,"[-59.99999999999999, -59.99999999999999, 180.0, 0.0, 0.0, -75.0, -59.99999999999999, 180.0, 0.0, 0.0, -75.0, -45.0, -59.99999999999999, 0.0, -59.99999999999999, -59.99999999999999, -59.99999999999999, 0.0, 0.0, -165.0, 119.99999999999999, -59.99999999999999, 0.0, 0.0, 90.0, 59.99999999999999, 180.0, 0.0, 0.0, 0.0, -45.0, 90.0, -90.0, -29.999999999999996, 180.0, 0.0, 0.0, 0.0, 75.0, 75.0, 180.0, 0.0, -45.0, 119.99999999999999, 180.0, 0.0, 0.0]",3.0474611802197606,8.410311417949174,4.5410497655527315,5.508595556037851,4.848916770784997,False
92,240.58724060799616,10,42.34956274722666,96.19007756076853,-16.186188421328218,21.85176081553367,0.0,122.25295337426365,-11.005748399447313,-3.7978645499086894,-11.655615971398806,0.5883034522867087,0.5883034522867087,0.0,0.0,0.9611353221976693,0.5608957518272059,1.0,41.741698653170126,19.631351313952205,64.57864995567944,240.58724060799616,"[-45.0, -59.99999999999999, 180.0, 0.0, 0.0, -75.0, -59.99999999999999, 180.0, 0.0, 0.0, -75.0, -45.0, -59.99999999999999, 0.0, -59.99999999999999, -59.99999999999999, -59.99999999999999, 0.0, 0.0, -165.0, 119.99999999999999, -59.99999999999999, 0.0, 0.0, 90.0, 59.99999999999999, 180.0, 0.0, 0.0, 0.0, -45.0, 90.0, -90.0, -29.999999999999996, 180.0, 0.0, 0.0, 0.0, 75.0, 75.0, 180.0, 0.0, -45.0, 135.0, 180.0, 0.0, 0.0]",3.0474611802197606,8.410311417949174,4.5410497655527315,5.508595556037851,4.848916770784997,False
93,240.63567489000286,10,42.34956274722666,96.19007756076853,-16.186188421328218,21.85176081553367,0.0,122.25295337426365,-11.005748399447313,-3.7978645499086894,-11.607181689392114,0.5883034522867087,0.5883034522867087,0.0,0.0,0.9611353221976693,0.5608957518272059,1.0,41.741698653170126,19.631351313952205,64.57864995567944,240.63567489000286,"[-45.0, -59.99999999999999, 180.0, 0.0, 0.0, -75.0, -59.99999999999999, 180.0, 0.0, 0.0, -75.0, -45.0, -59.99999999999999, 0.0, -59.99999999999999, -59.99999999999999, -59.99999999999999, 0.0, 0.0, -165.0, 119.99999999999999, -59.99999999999999, 0.0, 0.0, 90.0, 59.99999999999999, 180.0, 0.0, 0.0, 0.0, -45.0, 90.0, -90.0, -29.999999999999996, 180.0, 0.0, 0.0, 0.0, 75.0, 75.0, 180.0, 0.0, -45.0, 130.0, 180.0, 0.0, 0.0]",3.0474611802197606,8.410311417949174,4.5410497655527315,5.508595556037851,4.848916770784997,False
94,240.65793418923207,10,42.34956274722666,96.19007756076853,-16.186188421328218,21.85176081553367,0.0,122.25295337426365,-11.005748399447313,-3.7978645499086894,-11.584922390162916,0.5883034522867087,0.5883034522867087,0.0,0.0,0.9611353221976693,0.5608957518272059,1.0,41.741698653170126,19.631351313952205,64.57864995567944,240.65793418923207,"[-59.99999999999999, -59.99999999999999, 180.0, 0.0, 0.0, -75.0, -59.99999999999999, 180.0, 0.0, 0.0, -75.0, -45.0, -59.99999999999999, 0.0, -59.99999999999999, -59.99999999999999, -59.99999999999999, 0.0, 0.0, -165.0, 119.99999999999999, -59.99999999999999, 0.0, 0.0, 90.0, 59.99999999999999, 180.0, 0.0, 0.0, 0.0, -45.0, 90.0, -90.0, -29.999999999999996, 180.0, 0.0, 0.0, 0.0, 75.0, 75.0, 180.0, 0.0, -45.0, 115.0, 180.0, 0.0, 0.0]",3.0474611802197606,8.410311417949174,4.5410497655527315,5.508595556037851,4.848916770784997,False
95,240.7599607438952,10,42.34956274722666,96.19007756076853,-16.186188421328218,21.85176081553367,0.0,122.25295337426365,-11.005748399447313,-3.7978645499086894,-11.4828958354998,0.5883034522867087,0.5883034522867087,0.0,0.0,0.9611353221976693,0.5608957518272059,1.0,41.741698653170126,19.631351313952205,64.57864995567944,240.7599607438952,"[-45.0, -59.99999999999999, 180.0, 0.0, 0.0, -75.0, -59.99999999999999, 180.0, 0.0, 0.0, -75.0, -45.0, -59.99999999999999, 0.0, -59.99999999999999, -59.99999999999999, -59.99999999999999, 0.0, 0.0, -165.0, 119.99999999999999, -59.99999999999999, 0.0, 0.0, 90.0, 59.99999999999999, 180.0, 0.0, 0.0, 0.0, -45.0, 90.0, -90.0, -29.999999999999996, 180.0, 0.0, 0.0, 0.0, 75.0, 75.0, 180.0, 0.0, -45.0, 119.99999999999999, 180.0, 0.0, 0.0]",3.0474611802197606,8.410311417949174,4.5410497655527315,5.508595556037851,4.848916770784997,False
96,240.82729749065155,10,42.34956274722666,96.19007756076853,-16.186188421328218,21.85176081553367,0.0,122.25295337426365,-11.005748399447313,-3.7978645499086894,-11.415559088743434,0.5883034522867087,0.5883034522867087,0.0,0.0,0.9611353221976693,0.5608957518272059,1.0,41.741698653170126,19.631351313952205,64.57864995567944,240.82729749065155,"[-59.99999999999999, -59.99999999999999, 180.0, 0.0, 0.0, -75.0, -59.99999999999999, 180.0, 0.0, 0.0, -75.0, -45.0, -59.99999999999999, 0.0, -59.99999999999999, -59.99999999999999, -59.99999999999999, 0.0, 0.0, -165.0, 119.99999999999999, -59.99999999999999, 0.0, 0.0, 90.0, 59.99999999999999, 180.0, 0.0, 0.0, 0.0, -45.0, 90.0, -90.0, -29.999999999999996, 180.0, 0.0, 0.0, 0.0, 75.0, 75.0, 180.0, 0.0, -45.0, 105.00000000000001, 180.0, 0.0, 0.0]",3.0474611802197606,8.410311417949174,4.5410497655527315,5.508595556037851,4.848916770784997,False
97,240.83486960755195,10,42.34956274722666,96.19007756076853,-16.186188421328218,21.85176081553367,0.0,122.25295337426365,-11.005748399447313,-3.7978645499086894,-11.40798697184302,0.5883034522867087,0.5883034522867087,0.0,0.0,0.9611353221976693,0.5608957518272059,1.0,41.741698653170126,19.631351313952205,64.57864995567944,240.83486960755195,"[-45.0, -59.99999999999999, 180.0, 0.0, 0.0, -75.0, -59.99999999999999, 180.0, 0.0, 0.0, -75.0, -45.0, -59.99999999999999, 0.0, -59.99999999999999, -59.99999999999999, -59.99999999999999, 0.0, 0.0, -165.0, 119.99999999999999, -59.99999999999999, 0.0, 0.0, 90.0, 59.99999999999999, 180.0, 0.0, 0.0, 0.0, -45.0, 90.0, -90.0, -29.999999999999996, 180.0, 0.0, 0.0, 0.0, 75.0, 75.0, 180.0, 0.0, -45.0, 115.0, 180.0, 0.0, 0.0]",3.0474611802197606,8.410311417949174,4.5410497655527315,5.508595556037851,4.848916770784997,False
98,241.00423290897143,10,42.34956274722666,96.19007756076853,-16.186188421328218,21.85176081553367,0.0,122.25295337426365,-11.005748399447313,-3.7978645499086894,-11.238623670423538,0.5883034522867087,0.5883034522867087,0.0,0.0,0.9611353221976693,0.5608957518272059,1.0,41.741698653170126,19.631351313952205,64.57864995567944,241.00423290897143,"[-45.0, -59.99999999999999, 180.0, 0.0, 0.0, -75.0, -59.99999999999999, 180.0, 0.0, 0.0, -75.0, -45.0, -59.99999999999999, 0.0, -59.99999999999999, -59.99999999999999, -59.99999999999999, 0.0, 0.0, -165.0, 119.99999999999999, -59.99999999999999, 0.0, 0.0, 90.0, 59.99999999999999, 180.0, 0.0, 0.0, 0.0, -45.0, 90.0, -90.0, -29.999999999999996, 180.0, 0.0, 0.0, 0.0, 75.0, 75.0, 180.0, 0.0, -45.0, 105.00000000000001, 180.0, 0.0, 0.0]",3.0474611802197606,8.410311417949174,4.5410497655527315,5.508595556037851,4.848916770784997,False
99,241.098434223517,10,42.34956274722666,96.19007756076853,-16.186188421328218,21.85176081553367,0.0,122.25295337426365,-11.005748399447313,-3.7978645499086894,-11.144422355877985,0.5883034522867087,0.5883034522867087,0.0,0.0,0.9611353221976693,0.5608957518272059,1.0,41.741698653170126,19.631351313952205,64.57864995567944,241.098434223517,"[-59.99999999999999, -59.99999999999999, 180.0, 0.0, 0.0, -75.0, -59.99999999999999, 180.0, 0.0, 0.0, -75.0, -45.0, -59.99999999999999, 0.0, -59.99999999999999, -59.99999999999999, -59.99999999999999, 0.0, 0.0, -165.0, 119.99999999999999, -59.99999999999999, 0.0, 0.0, 90.0, 59.99999999999999, 180.0, 0.0, 0.0, 0.0, -45.0, 90.0, -90.0, -29.999999999999996, 180.0, 0.0, 0.0, 0.0, 75.0, 75.0, 180.0, 0.0, -45.0, 90.0, 180.0, 0.0, 0.0]",3.0474611802197606,8.410311417949174,4.5410497655527315,5.508595556037851,4.848916770784997,False
100,241.2753696418369,10,42.34956274722666,96.19007756076853,-16.186188421328218,21.85176081553367,0.0,122.25295337426365,-11.005748399447313,-3.7978645499086894,-10.967486937558089,0.5883034522867087,0.5883034522867087,0.0,0.0,0.9611353221976693,0.5608957518272059,1.0,41.741698653170126,19.631351313952205,64.57864995567944,241.2753696418369,"[-45.0, -59.99999999999999, 180.0, 0.0, 0.0, -75.0, -59.99999999999999, 180.0, 0.0, 0.0, -75.0, -45.0, -59.99999999999999, 0.0, -59.99999999999999, -59.99999999999999, -59.99999999999999, 0.0, 0.0, -165.0, 119.99999999999999, -59.99999999999999, 0.0, 0.0, 90.0, 59.99999999999999, 180.0, 0.0, 0.0, 0.0, -45.0, 90.0, -90.0, -29.999999999999996, 180.0, 0.0, 0.0, 0.0, 75.0, 75.0, 180.0, 0.0, -45.0, 90.0, 180.0, 0.0, 0.0]",3.0474611802197606,8.410311417949174,4.5410497655527315,5.508595556037851,4.848916770784997,False
101,250.25739666350313,10,35.21710003613299,116.25503168745405,-17.442595245445528,21.133609201761725,0.0,125.70110093106625,-11.005748399447313,-7.791500199953385,-12.397904800352357,0.5883034522867087,0.5883034522867087,0.0,0.0,0.9530282700252711,0.535711486709262,1.0,40.71349571222703,18.74990203482417,63.98371749994277,250.25739666350313,"[-59.99999999999999, -59.99999999999999, 180.0, 0.0, 0.0, -75.0, -59.99999999999999, 180.0, 0.0, 0.0, -75.0, -45.0, -59.99999999999999, 0.0, -59.99999999999999, -59.99999999999999, -59.99999999999999, 0.0, 0.0, -165.0, 119.99999999999999, -59.99999999999999, 0.0, 0.0, 90.0, 59.99999999999999, 180.0, 0.0, 0.0, 0.0, -45.0, 90.0, -90.0, -45.0, 180.0, 0.0, 0.0, 0.0, 90.0, 29.999999999999996, 180.0, 0.0, 29.999999999999996, 14.999999999999998, 180.0, 0.0, 0.0]",2.973870685942297,8.15394423589242,4.537761999945902,5.508595556037851,4.848916770784997,False
102,250.2654465901218,10,35.21710003613299,116.25503168745405,-17.442595245445528,21.133609201761725,0.0,125.70110093106625,-11.005748399447313,-7.791500199953385,-12.389854873733706,0.5883034522867087,0.5883034522867087,0.0,0.0,0.9530282700252711,0.535711486709262,1.0,40.71349571222703,18.74990203482417,63.98371749994277,250.2654465901218,"[-59.99999999999999, -59.99999999999999, 180.0, 0.0, 0.0, -75.0, -59.99999999999999, 180.0, 0.0, 0.0, -75.0, -45.0, -59.99999999999999, 0.0, -59.99999999999999, -59.99999999999999, -59.99999999999999, 0.0, 0.0, -165.0, 119.99999999999999, -59.99999999999999, 0.0, 0.0, 90.0, 59.99999999999999, 180.0, 0.0, 0.0, 0.0, -45.0, 90.0, -90.0, -45.0, 180.0, 0.0, 0.0, 0.0, 90.0, 29.999999999999996, 180.0, 0.0, 29.999999999999996, 29.999999999999996, 180.0, 0.0, 0.0]",2.973870685942297,8.15394423589242,4.537761999945902,5.508595556037851,4.848916770784997,False
103,250.2692308355518,10,35.21710003613299,116.25503168745405,-17.442595245445528,21.133609201761725,0.0,125.70110093106625,-11.005748399447313,-7.791500199953385,-12.386070628303672,0.5883034522867087,0.5883034522867087,0.0,0.0,0.9530282700252711,0.535711486709262,1.0,40.71349571222703,18.74990203482417,63.98371749994277,250.2692308355518,"[-59.99999999999999, -59.99999999999999, 180.0, 0.0, 0.0, -75.0, -59.99999999999999, 180.0, 0.0, 0.0, -75.0, -45.0, -59.99999999999999, 0.0, -59.99999999999999, -59.99999999999999, -59.99999999999999, 0.0, 0.0, -165.0, 119.99999999999999, -59.99999999999999, 0.0, 0.0, 90.0, 59.99999999999999, 180.0, 0.0, 0.0, 0.0, -45.0, 90.0, -90.0, -45.0, 180.0, 0.0, 0.0, 0.0, 90.0, 29.999999999999996, 180.0, 0.0, 29.999999999999996, 45.0, 180.0, 0.0, 0.0]",2.973870685942297,8.15394423589242,4.537761999945902,5.508595556037851,4.848916770784997,False
104,250.26974720128834,10,35.21710003613299,116.25503168745405,-17.442595245445528,21.133609201761725,0.0,125.70110093106625,-11.005748399447313,-7.791500199953385,-12.385554262567144,0.5883034522867087,0.5883034522867087,0.0,0.0,0.9530282700252711,0.535711486709262,1.0,40.71349571222703,18.74990203482417,63.98371749994277,250.26974720128834,"[-59.99999999999999, -59.99999999999999, 180.0, 0.0, 0.0, -75.0, -59.99999999999999, 180.0, 0.0, 0.0, -75.0, -45.0, -59.99999999999999, 0.0, -59.99999999999999, -59.99999999999999, -59.99999999999999, 0.0, 0.0, -165.0, 119.99999999999999, -59.99999999999999, 0.0, 0.0, 90.0, 59.99999999999999, 180.0, 0.0, 0.0, 0.0, -45.0, 90.0, -90.0, -45.0, 180.0, 0.0, 0.0, 0.0, 90.0, 29.999999999999996, 180.0, 0.0, 29.999999999999996, 75.0, 180.0, 0.0, 0.0]",2.973870685942297,8.15394423589242,4.537761999945902,5.508595556037851,4.848916770784997,False
105,250.27033471015224,10,35.21710003613299,116.25503168745405,-17.442595245445528,21.133609201761725,0.0,125.70110093106625,-11.005748399447313,-7.791500199953385,-12.384966753703258,0.5883034522867087,0.5883034522867087,0.0,0.0,0.9530282700252711,0.535711486709262,1.0,40.71349571222703,18.74990203482417,63.98371749994277,250.27033471015224,"[-59.99999999999999, -59.99999999999999, 180.0, 0.0, 0.0, -75.0, -59.99999999999999, 180.0, 0.0, 0.0, -75.0, -45.0, -59.99999999999999, 0.0, -59.99999999999999, -59.99999999999999, -59.99999999999999, 0.0, 0.0, -165.0, 119.99999999999999, -59.99999999999999, 0.0, 0.0, 90.0, 59.99999999999999, 180.0, 0.0, 0.0, 0.0, -45.0, 90.0, -90.0, -45.0, 180.0, 0.0, 0.0, 0.0, 90.0, 29.999999999999996, 180.0, 0.0, 29.999999999999996, 59.99999999999999, 180.0, 0.0, 0.0]",2.973870685942297,8.15394423589242,4.537761999945902,5.508595556037851,4.848916770784997,False
106,250.43433208182304,10,35.21710003613299,116.25503168745405,-17.442595245445528,21.133609201761725,0.0,125.70110093106625,-11.005748399447313,-7.791500199953385,-12.220969382032461,0.5883034522867087,0.5883034522867087,0.0,0.0,0.9530282700252711,0.535711486709262,1.0,40.71349571222703,18.74990203482417,63.98371749994277,250.43433208182304,"[-45.0, -59.99999999999999, 180.0, 0.0, 0.0, -75.0, -59.99999999999999, 180.0, 0.0, 0.0, -75.0, -45.0, -59.99999999999999, 0.0, -59.99999999999999, -59.99999999999999, -59.99999999999999, 0.0, 0.0, -165.0, 119.99999999999999, -59.99999999999999, 0.0, 0.0, 90.0, 59.99999999999999, 180.0, 0.0, 0.0, 0.0, -45.0, 90.0, -90.0, -45.0, 180.0, 0.0, 0.0, 0.0, 90.0, 29.999999999999996, 180.0, 0.0, 29.999999999999996, 14.999999999999998, 180.0, 0.0, 0.0]",2.973870685942297,8.15394423589242,4.537761999945902,5.508595556037851,4.848916770784997,False
107,250.44238200844168,10,35.21710003613299,116.25503168745405,-17.442595245445528,21.133609201761725,0.0,125.70110093106625,-11.005748399447313,-7.791500199953385,-12.21291945541381,0.5883034522867087,0.5883034522867087,0.0,0.0,0.9530282700252711,0.535711486709262,1.0,40.71349571222703,18.74990203482417,63.98371749994277,250.44238200844168,"[-45.0, -59.99999999999999, 180.0, 0.0, 0.0, -75.0, -59.99999999999999, 180.0, 0.0, 0.0, -75.0, -45.0, -59.99999999999999, 0.0, -59.99999999999999, -59.99999999999999, -59.99999999999999, 0.0, 0.0, -165.0, 119.99999999999999, -59.99999999999999, 0.0, 0.0, 90.0, 59.99999999999999, 180.0, 0.0, 0.0, 0.0, -45.0, 90.0, -90.0, -45.0, 180.0, 0.0, 0.0, 0.0, 90.0, 29.999999999999996, 180.0, 0.0, 29.999999999999996, 29.999999999999996, 180.0, 0.0, 0.0]",2.973870685942297,8.15394423589242,4.537761999945902,5.508595556037851,4.848916770784997,False
108,250.44616625387172,10,35.21710003613299,116.25503168745405,-17.442595245445528,21.133609201761725,0.0,125.70110093106625,-11.005748399447313,-7.791500199953385,-12.209135209983776,0.5883034522867087,0.5883034522867087,0.0,0.0,0.9530282700252711,0.535711486709262,1.0,40.71349571222703,18.74990203482417,63.98371749994277,250.44616625387172,"[-45.0, -59.99999999999999, 180.0, 0.0, 0.0, -75.0, -59.99999999999999, 180.0, 0.0, 0.0, -75.0, -45.0, -59.99999999999999, 0.0, -59.99999999999999, -59.99999999999999, -59.99999999999999, 0.0, 0.0, -165.0, 119.99999999999999, -59.99999999999999, 0.0, 0.0, 90.0, 59.99999999999999, 180.0, 0.0, 0.0, 0.0, -45.0, 90.0, -90.0, -45.0, 180.0, 0.0, 0.0, 0.0, 90.0, 29.999999999999996, 180.0, 0.0, 29.999999999999996, 45.0, 180.0, 0.0, 0.0]",2.973870685942297,8.15394423589242,4.537761999945902,5.508595556037851,4.848916770784997,False
109,250.44668261960825,10,35.21710003613299,116.25503168745405,-17.442595245445528,21.133609201761725,0.0,125.70110093106625,-11.005748399447313,-7.791500199953385,-12.208618844247248,0.5883034522867087,0.5883034522867087,0.0,0.0,0.9530282700252711,0.535711486709262,1.0,40.71349571222703,18.74990203482417,63.98371749994277,250.44668261960825,"[-45.0, -59.99999999999999, 180.0, 0.0, 0.0, -75.0, -59.99999999999999, 180.0, 0.0, 0.0, -75.0, -45.0, -59.99999999999999, 0.0, -59.99999999999999, -59.99999999999999, -59.99999999999999, 0.0, 0.0, -165.0, 119.99999999999999, -59.99999999999999, 0.0, 0.0, 90.0, 59.99999999999999, 180.0, 0.0, 0.0, 0.0, -45.0, 90.0, -90.0, -45.0, 180.0, 0.0, 0.0, 0.0, 90.0, 29.999999999999996, 180.0, 0.0, 29.999999999999996, 75.0, 180.0, 0.0, 0.0]",2.973870685942297,8.15394423589242,4.537761999945902,5.508595556037851,4.848916770784997,False
110,250.44727012847213,10,35.21710003613299,116.25503168745405,-17.442595245445528,21.133609201761725,0.0,125.70110093106625,-11.005748399447313,-7.791500199953385,-12.208031335383362,0.5883034522867087,0.5883034522867087,0.0,0.0,0.9530282700252711,0.535711486709262,1.0,40.71349571222703,18.74990203482417,63.98371749994277,250.44727012847213,"[-45.0, -59.99999999999999, 180.0, 0.0, 0.0, -75.0, -59.99999999999999, 180.0, 0.0, 0.0, -75.0, -45.0, -59.99999999999999, 0.0, -59.99999999999999, -59.99999999999999, -59.99999999999999, 0.0, 0.0, -165.0, 119.99999999999999, -59.99999999999999, 0.0, 0.0, 90.0, 59.99999999999999, 180.0, 0.0, 0.0, 0.0, -45.0, 90.0, -90.0, -45.0, 180.0, 0.0, 0.0, 0.0, 90.0, 29.999999999999996, 180.0, 0.0, 29.999999999999996, 59.99999999999999, 180.0, 0.0, 0.0]",2.973870685942297,8.15394423589242,4.537761999945902,5.508595556037851,4.848916770784997,False
111,253.06375802750443,10,37.54041356548249,88.9284045240745,-17.442595245445528,21.216995910869215,0.0,151.4602402021605,-11.005748399447313,-3.7978645499086894,-14.424391432567404,0.5883034522867087,0.5883034522867087,0.0,0.0,0.9640693315054244,0.5854486064770837,1.0,42.05767341910267,20.490701226697933,64.6455497936283,253.06375802750443,"[-59.99999999999999, -59.99999999999999, 180.0, 0.0, 0.0, -75.0, -59.99999999999999, 180.0, 0.0, 0.0, -75.0, -45.0, -59.99999999999999, 0.0, -59.99999999999999, -59.99999999999999, -59.99999999999999, 0.0, 0.0, -165.0, 119.99999999999999, -59.99999999999999, 0.0, 0.0, 90.0, 59.99999999999999, 180.0, 0.0, 0.0, 0.0, -45.0, 90.0, -90.0, -45.0, 180.0, 0.0, 0.0, 0.0, 90.0, 59.99999999999999, 180.0, 0.0, -29.999999999999996, -45.0, 180.0, 0.0, 0.0]",2.997815155053566,8.24008808491561,4.5504046728661525,5.508595556037851,4.848916770784997,False
112,253.24069344582432,10,37.54041356548249,88.9284045240745,-17.442595245445528,21.216995910869215,0.0,151.4602402021605,-11.005748399447313,-3.7978645499086894,-14.247456014247508,0.5883034522867087,0.5883034522867087,0.0,0.0,0.9640693315054244,0.5854486064770837,1.0,42.05767341910267,20.490701226697933,64.6455497936283,253.24069344582432,"[-45.0, -59.99999999999999, 180.0, 0.0, 0.0, -75.0, -59.99999999999999, 180.0, 0.0, 0.0, -75.0, -45.0, -59.99999999999999, 0.0, -59.99999999999999, -59.99999999999999, -59.99999999999999, 0.0, 0.0, -165.0, 119.99999999999999, -59.99999999999999, 0.0, 0.0, 90.0, 59.99999999999999, 180.0, 0.0, 0.0, 0.0, -45.0, 90.0, -90.0, -45.0, 180.0, 0.0, 0.0, 0.0, 90.0, 59.99999999999999, 180.0, 0.0, -29.999999999999996, -45.0, 180.0, 0.0, 0.0]",2.997815155053566,8.24008808491561,4.5504046728661525,5.508595556037851,4.848916770784997,False
113,253.24725088228675,10,37.54041356548249,88.9284045240745,-17.442595245445528,21.216995910869215,0.0,151.4602402021605,-11.005748399447313,-3.7978645499086894,-14.240898577785096,0.5883034522867087,0.5883034522867087,0.0,0.0,0.9640693315054244,0.5854486064770837,1.0,42.05767341910267,20.490701226697933,64.6455497936283,253.24725088228675,"[-59.99999999999999, -59.99999999999999, 180.0, 0.0, 0.0, -75.0, -59.99999999999999, 180.0, 0.0, 0.0, -75.0, -45.0, -59.99999999999999, 0.0, -59.99999999999999, -59.99999999999999, -59.99999999999999, 0.0, 0.0, -165.0, 119.99999999999999, -59.99999999999999, 0.0, 0.0, 90.0, 59.99999999999999, 180.0, 0.0, 0.0, 0.0, -45.0, 90.0, -90.0, -45.0, 180.0, 0.0, 0.0, 0.0, 90.0, 59.99999999999999, 180.0, 0.0, -29.999999999999996, -59.99999999999999, 180.0, 0.0, 0.0]",2.997815155053566,8.24008808491561,4.5504046728661525,5.508595556037851,4.848916770784997,False
114,253.34088620641762,10,37.54041356548249,88.9284045240745,-17.442595245445528,21.216995910869215,0.0,151.4602402021605,-11.005748399447313,-3.7978645499086894,-14.147263253654204,0.5883034522867087,0.5883034522867087,0.0,0.0,0.9640693315054244,0.5854486064770837,1.0,42.05767341910267,20.490701226697933,64.6455497936283,253.34088620641762,"[-59.99999999999999, -59.99999999999999, 180.0, 0.0, 0.0, -75.0, -59.99999999999999, 180.0, 0.0, 0.0, -75.0, -45.0, -59.99999999999999, 0.0, -59.99999999999999, -59.99999999999999, -59.99999999999999, 0.0, 0.0, -165.0, 119.99999999999999, -59.99999999999999, 0.0, 0.0, 90.0, 59.99999999999999, 180.0, 0.0, 0.0, 0.0, -45.0, 90.0, -90.0, -45.0, 180.0, 0.0, 0.0, 0.0, 90.0, 59.99999999999999, 180.0, 0.0, -29.999999999999996, -29.999999999999996, 180.0, 0.0, 0.0]",2.997815155053566,8.24008808491561,4.5504046728661525,5.508595556037851,4.848916770784997,False
115,253.42418630060664,10,37.54041356548249,88.9284045240745,-17.442595245445528,21.216995910869215,0.0,151.4602402021605,-11.005748399447313,-3.7978645499086894,-14.0639631594652,0.5883034522867087,0.5883034522867087,0.0,0.0,0.9640693315054244,0.5854486064770837,1.0,42.05767341910267,20.490701226697933,64.6455497936283,253.42418630060664,"[-45.0, -59.99999999999999, 180.0, 0.0, 0.0, -75.0, -59.99999999999999, 180.0, 0.0, 0.0, -75.0, -45.0, -59.99999999999999, 0.0, -59.99999999999999, -59.99999999999999, -59.99999999999999, 0.0, 0.0, -165.0, 119.99999999999999, -59.99999999999999, 0.0, 0.0, 90.0, 59.99999999999999, 180.0, 0.0, 0.0, 0.0, -45.0, 90.0, -90.0, -45.0, 180.0, 0.0, 0.0, 0.0, 90.0, 59.99999999999999, 180.0, 0.0, -29.999999999999996, -59.99999999999999, 180.0, 0.0, 0.0]",2.997815155053566,8.24008808491561,4.5504046728661525,5.508595556037851,4.848916770784997,False
116,253.51782162473754,10,37.54041356548249,88.9284045240745,-17.442595245445528,21.216995910869215,0.0,151.4602402021605,-11.005748399447313,-3.7978645499086894,-13.970327835334308,0.5883034522867087,0.5883034522867087,0.0,0.0,0.9640693315054244,0.5854486064770837,1.0,42.05767341910267,20.490701226697933,64.6455497936283,253.51782162473754,"[-45.0, -59.99999999999999, 180.0, 0.0, 0.0, -75.0, -59.99999999999999, 180.0, 0.0, 0.0, -75.0, -45.0, -59.99999999999999, 0.0, -59.99999999999999, -59.99999999999999, -59.99999999999999, 0.0, 0.0, -165.0, 119.99999999999999, -59.99999999999999, 0.0, 0.0, 90.0, 59.99999999999999, 180.0, 0.0, 0.0, 0.0, -45.0, 90.0, -90.0, -45.0, 180.0, 0.0, 0.0, 0.0, 90.0, 59.99999999999999, 180.0, 0.0, -29.999999999999996, -29.999999999999996, 180.0, 0.0, 0.0]",2.997815155053566,8.24008808491561,4.5504046728661525,5.508595556037851,4.848916770784997,False
117,253.7630870276629,10,37.54041356548249,88.9284045240745,-17.442595245445528,21.216995910869215,0.0,151.4602402021605,-11.005748399447313,-3.7978645499086894,-13.725062432408961,0.5883034522867087,0.5883034522867087,0.0,0.0,0.9640693315054244,0.5854486064770837,1.0,42.05767341910267,20.490701226697933,64.6455497936283,253.7630870276629,"[-59.99999999999999, -59.99999999999999, 180.0, 0.0, 0.0, -75.0, -59.99999999999999, 180.0, 0.0, 0.0, -75.0, -45.0, -59.99999999999999, 0.0, -59.99999999999999, -59.99999999999999, -59.99999999999999, 0.0, 0.0, -165.0, 119.99999999999999, -59.99999999999999, 0.0, 0.0, 90.0, 59.99999999999999, 180.0, 0.0, 0.0, 0.0, -45.0, 90.0, -90.0, -45.0, 180.0, 0.0, 0.0, 0.0, 90.0, 59.99999999999999, 180.0, 0.0, -29.999999999999996, -75.0, 180.0, 0.0, 0.0]",2.997815155053566,8.24008808491561,4.5504046728661525,5.508595556037851,4.848916770784997,False
118,253.77839539149318,10,35.017126376018474,118.92151264017615,-16.186188421328218,21.76495734426818,0.0,124.3203317128468,-11.005748399447313,-7.688315439282526,-11.953583874045075,0.5883034522867087,0.5883034522867087,0.0,0.0,0.9519509039837671,0.5167281398017435,1.0,40.67246202775833,18.08548489306102,64.13146808654565,253.77839539149318,"[-59.99999999999999, -59.99999999999999, 180.0, 0.0, 0.0, -75.0, -59.99999999999999, 180.0, 0.0, 0.0, -75.0, -45.0, -59.99999999999999, 0.0, -59.99999999999999, -59.99999999999999, -59.99999999999999, 0.0, 0.0, -165.0, 119.99999999999999, -59.99999999999999, 0.0, 0.0, 90.0, 59.99999999999999, 180.0, 0.0, 0.0, 0.0, -45.0, 90.0, -90.0, -29.999999999999996, 180.0, 0.0, 0.0, 0.0, 75.0, 29.999999999999996, 180.0, 0.0, 29.999999999999996, 14.999999999999998, 180.0, 0.0, 0.0]",2.9998035039304214,8.146398548065596,4.50827790502827,5.508595556037851,4.848916770784997,False
119,253.78644531811184,10,35.017126376018474,118.92151264017615,-16.186188421328218,21.76495734426818,0.0,124.3203317128468,-11.005748399447313,-7.688315439282526,-11.945533947426423,0.5883034522867087,0.5883034522867087,0.0,0.0,0.9519509039837671,0.5167281398017435,1.0,40.67246202775833,18.08548489306102,64.13146808654565,253.78644531811184,"[-59.99999999999999, -59.99999999999999, 180.0, 0.0, 0.0, -75.0, -59.99999999999999, 180.0, 0.0, 0.0, -75.0, -45.0, -59.99999999999999, 0.0, -59.99999999999999, -59.99999999999999, -59.99999999999999, 0.0, 0.0, -165.0, 119.99999999999999, -59.99999999999999, 0.0, 0.0, 90.0, 59.99999999999999, 180.0, 0.0, 0.0, 0.0, -45.0, 90.0, -90.0, -29.999999999999996, 180.0, 0.0, 0.0, 0.0, 75.0, 29.999999999999996, 180.0, 0.0, 29.999999999999996, 29.999999999999996, 180.0, 0.0, 0.0]",2.9998035039304214,8.146398548065596,4.50827790502827,5.508595556037851,4.848916770784997,False
120,253.79022956354186,10,35.017126376018474,118.92151264017615,-16.186188421328218,21.76495734426818,0.0,124.3203317128468,-11.005748399447313,-7.688315439282526,-11.94174970199639,0.5883034522867087,0.5883034522867087,0.0,0.0,0.9519509039837671,0.5167281398017435,1.0,40.67246202775833,18.08548489306102,64.13146808654565,253.79022956354186,"[-59.99999999999999, -59.99999999999999, 180.0, 0.0, 0.0, -75.0, -59.99999999999999, 180.0, 0.0, 0.0, -75.0, -45.0, -59.99999999999999, 0.0, -59.99999999999999, -59.99999999999999, -59.99999999999999, 0.0, 0.0, -165.0, 119.99999999999999, -59.99999999999999, 0.0, 0.0, 90.0, 59.99999999999999, 180.0, 0.0, 0.0, 0.0, -45.0, 90.0, -90.0, -29.999999999999996, 180.0, 0.0, 0.0, 0.0, 75.0, 29.999999999999996, 180.0, 0.0, 29.999999999999996, 45.0, 180.0, 0.0, 0.0]",2.9998035039304214,8.146398548065596,4.50827790502827,5.508595556037851,4.848916770784997,False
121,253.7907459292784,10,35.017126376018474,118.92151264017615,-16.186188421328218,21.76495734426818,0.0,124.3203317128468,-11.005748399447313,-7.688315439282526,-11.941233336259861,0.5883034522867087,0.5883034522867087,0.0,0.0,0.9519509039837671,0.5167281398017435,1.0,40.67246202775833,18.08548489306102,64.13146808654565,253.7907459292784,"[-59.99999999999999, -59.99999999999999, 180.0, 0.0, 0.0, -75.0, -59.99999999999999, 180.0, 0.0, 0.0, -75.0, -45.0, -59.99999999999999, 0.0, -59.99999999999999, -59.99999999999999, -59.99999999999999, 0.0, 0.0, -165.0, 119.99999999999999, -59.99999999999999, 0.0, 0.0, 90.0, 59.99999999999999, 180.0, 0.0, 0.0, 0.0, -45.0, 90.0, -90.0, -29.999999999999996, 180.0, 0.0, 0.0, 0.0, 75.0, 29.999999999999996, 180.0, 0.0, 29.999999999999996, 75.0, 180.0, 0.0, 0.0]",2.9998035039304214,8.146398548065596,4.50827790502827,5.508595556037851,4.848916770784997,False
122,253.7913334381423,10,35.017126376018474,118.92151264017615,-16.186188421328218,21.76495734426818,0.0,124.3203317128468,-11.005748399447313,-7.688315439282526,-11.940645827395976,0.5883034522867087,0.5883034522867087,0.0,0.0,0.9519509039837671,0.5167281398017435,1.0,40.67246202775833,18.08548489306102,64.13146808654565,253.7913334381423,"[-59.99999999999999, -59.99999999999999, 180.0, 0.0, 0.0, -75.0, -59.99999999999999, 180.0, 0.0, 0.0, -75.0, -45.0, -59.99999999999999, 0.0, -59.99999999999999, -59.99999999999999, -59.99999999999999, 0.0, 0.0, -165.0, 119.99999999999999, -59.99999999999999, 0.0, 0.0, 90.0, 59.99999999999999, 180.0, 0.0, 0.0, 0.0, -45.0, 90.0, -90.0, -29.999999999999996, 180.0, 0.0, 0.0, 0.0, 75.0, 29.999999999999996, 180.0, 0.0, 29.999999999999996, 59.99999999999999, 180.0, 0.0, 0.0]",2.9998035039304214,8.146398548065596,4.50827790502827,5.508595556037851,4.848916770784997,False
123,253.94002244598278,10,37.54041356548249,88.9284045240745,-17.442595245445528,21.216995910869215,0.0,151.4602402021605,-11.005748399447313,-3.7978645499086894,-13.548127014089065,0.5883034522867087,0.5883034522867087,0.0,0.0,0.9640693315054244,0.5854486064770837,1.0,42.05767341910267,20.490701226697933,64.6455497936283,253.94002244598278,"[-45.0, -59.99999999999999, 180.0, 0.0, 0.0, -75.0, -59.99999999999999, 180.0, 0.0, 0.0, -75.0, -45.0, -59.99999999999999, 0.0, -59.99999999999999, -59.99999999999999, -59.99999999999999, 0.0, 0.0, -165.0, 119.99999999999999, -59.99999999999999, 0.0, 0.0, 90.0, 59.99999999999999, 180.0, 0.0, 0.0, 0.0, -45.0, 90.0, -90.0, -45.0, 180.0, 0.0, 0.0, 0.0, 90.0, 59.99999999999999, 180.0, 0.0, -29.999999999999996, -75.0, 180.0, 0.0, 0.0]",2.997815155053566,8.24008808491561,4.5504046728661525,5.508595556037851,4.848916770784997,False
124,253.9417089014665,10,37.54041356548249,88.9284045240745,-17.442595245445528,21.216995910869215,0.0,151.4602402021605,-11.005748399447313,-3.7978645499086894,-13.546440558605315,0.5883034522867087,0.5883034522867087,0.0,0.0,0.9640693315054244,0.5854486064770837,1.0,42.05767341910267,20.490701226697933,64.6455497936283,253.9417089014665,"[-59.99999999999999, -59.99999999999999, 180.0, 0.0, 0.0, -75.0, -59.99999999999999, 180.0, 0.0, 0.0, -75.0, -45.0, -59.99999999999999, 0.0, -59.99999999999999, -59.99999999999999, -59.99999999999999, 0.0, 0.0, -165.0, 119.99999999999999, -59.99999999999999, 0.0, 0.0, 90.0, 59.99999999999999, 180.0, 0.0, 0.0, 0.0, -45.0, 90.0, -90.0, -45.0, 180.0, 0.0, 0.0, 0.0, 90.0, 59.99999999999999, 180.0, 0.0, -29.999999999999996, -14.999999999999998, 180.0, 0.0, 0.0]",2.997815155053566,8.24008808491561,4.5504046728661525,5.508595556037851,4.848916770784997,False
125,253.9553308098131,10,35.017126376018474,118.92151264017615,-16.186188421328218,21.76495734426818,0.0,124.3203317128468,-11.005748399447313,-7.688315439282526,-11.776648455725178,0.5883034522867087,0.5883034522867087,0.0,0.0,0.9519509039837671,0.5167281398017435,1.0,40.67246202775833,18.08548489306102,64.13146808654565,253.9553308098131,"[-45.0, -59.99999999999999, 180.0, 0.0, 0.0, -75.0, -59.99999999999999, 180.0, 0.0, 0.0, -75.0, -45.0, -59.99999999999999, 0.0, -59.99999999999999, -59.99999999999999, -59.99999999999999, 0.0, 0.0, -165.0, 119.99999999999999, -59.99999999999999, 0.0, 0.0, 90.0, 59.99999999999999, 180.0, 0.0, 0.0, 0.0, -45.0, 90.0, -90.0, -29.999999999999996, 180.0, 0.0, 0.0, 0.0, 75.0, 29.999999999999996, 180.0, 0.0, 29.999999999999996, 14.999999999999998, 180.0, 0.0, 0.0]",2.9998035039304214,8.146398548065596,4.50827790502827,5.508595556037851,4.848916770784997,False
126,253.96338073643173,10,35.017126376018474,118.92151264017615,-16.186188421328218,21.76495734426818,0.0,124.3203317128468,-11.005748399447313,-7.688315439282526,-11.768598529106526,0.5883034522867087,0.5883034522867087,0.0,0.0,0.9519509039837671,0.5167281398017435,1.0,40.67246202775833,18.08548489306102,64.13146808654565,253.96338073643173,"[-45.0, -59.99999999999999, 180.0, 0.0, 0.0, -75.0, -59.99999999999999, 180.0, 0.0, 0.0, -75.0, -45.0, -59.99999999999999, 0.0, -59.99999999999999, -59.99999999999999, -59.99999999999999, 0.0, 0.0, -165.0, 119.99999999999999, -59.99999999999999, 0.0, 0.0, 90.0, 59.99999999999999, 180.0, 0.0, 0.0, 0.0, -45.0, 90.0, -90.0, -29.999999999999996, 180.0, 0.0, 0.0, 0.0, 75.0, 29.999999999999996, 180.0, 0.0, 29.999999999999996, 29.999999999999996, 180.0, 0.0, 0.0]",2.9998035039304214,8.146398548065596,4.50827790502827,5.508595556037851,4.848916770784997,False
127,253.96716498186177,10,35.017126376018474,118.92151264017615,-16.186188421328218,21.76495734426818,0.0,124.3203317128468,-11.005748399447313,-7.688315439282526,-11.764814283676493,0.5883034522867087,0.5883034522867087,0.0,0.0,0.9519509039837671,0.5167281398017435,1.0,40.67246202775833,18.08548489306102,64.13146808654565,253.96716498186177,"[-45.0, -59.99999999999999, 180.0, 0.0, 0.0, -75.0, -59.99999999999999, 180.0, 0.0, 0.0, -75.0, -45.0, -59.99999999999999, 0.0, -59.99999999999999, -59.99999999999999, -59.99999999999999, 0.0, 0.0, -165.0, 119.99999999999999, -59.99999999999999, 0.0, 0.0, 90.0, 59.99999999999999, 180.0, 0.0, 0.0, 0.0, -45.0, 90.0, -90.0, -29.999999999999996, 180.0, 0.0, 0.0, 0.0, 75.0, 29.999999999999996, 180.0, 0.0, 29.999999999999996, 45.0, 180.0, 0.0, 0.0]",2.9998035039304214,8.146398548065596,4.50827790502827,5.508595556037851,4.848916770784997,False
128,253.9676813475983,10,35.017126376018474,118.92151264017615,-16.186188421328218,21.76495734426818,0.0,124.3203317128468,-11.005748399447313,-7.688315439282526,-11.764297917939965,0.5883034522867087,0.5883034522867087,0.0,0.0,0.9519509039837671,0.5167281398017435,1.0,40.67246202775833,18.08548489306102,64.13146808654565,253.9676813475983,"[-45.0, -59.99999999999999, 180.0, 0.0, 0.0, -75.0, -59.99999999999999, 180.0, 0.0, 0.0, -75.0, -45.0, -59.99999999999999, 0.0, -59.99999999999999, -59.99999999999999, -59.99999999999999, 0.0, 0.0, -165.0, 119.99999999999999, -59.99999999999999, 0.0, 0.0, 90.0, 59.99999999999999, 180.0, 0.0, 0.0, 0.0, -45.0, 90.0, -90.0, -29.999999999999996, 180.0, 0.0, 0.0, 0.0, 75.0, 29.999999999999996, 180.0, 0.0, 29.999999999999996, 75.0, 180.0, 0.0, 0.0]",2.9998035039304214,8.146398548065596,4.50827790502827,5.508595556037851,4.848916770784997,False
129,253.96826885646217,10,35.017126376018474,118.92151264017615,-16.186188421328218,21.76495734426818,0.0,124.3203317128468,-11.005748399447313,-7.688315439282526,-11.76371040907608,0.5883034522867087,0.5883034522867087,0.0,0.0,0.9519509039837671,0.5167281398017435,1.0,40.67246202775833,18.08548489306102,64.13146808654565,253.96826885646217,"[-45.0, -59.99999999999999, 180.0, 0.0, 0.0, -75.0, -59.99999999999999, 180.0, 0.0, 0.0, -75.0, -45.0, -59.99999999999999, 0.0, -59.99999999999999, -59.99999999999999, -59.99999999999999, 0.0, 0.0, -165.0, 119.99999999999999, -59.99999999999999, 0.0, 0.0, 90.0, 59.99999999999999, 180.0, 0.0, 0.0, 0.0, -45.0, 90.0, -90.0, -29.999999999999996, 180.0, 0.0, 0.0, 0.0, 75.0, 29.999999999999996, 180.0, 0.0, 29.999999999999996, 59.99999999999999, 180.0, 0.0, 0.0]",2.9998035039304214,8.146398548065596,4.50827790502827,5.508595556037851,4.848916770784997,False
130,254.11864431978643,10,37.54041356548249,88.9284045240745,-17.442595245445528,21.216995910869215,0.0,151.4602402021605,-11.005748399447313,-3.7978645499086894,-13.369505140285419,0.5883034522867087,0.5883034522867087,0.0,0.0,0.9640693315054244,0.5854486064770837,1.0,42.05767341910267,20.490701226697933,64.6455497936283,254.11864431978643,"[-45.0, -59.99999999999999, 180.0, 0.0, 0.0, -75.0, -59.99999999999999, 180.0, 0.0, 0.0, -75.0, -45.0, -59.99999999999999, 0.0, -59.99999999999999, -59.99999999999999, -59.99999999999999, 0.0, 0.0, -165.0, 119.99999999999999, -59.99999999999999, 0.0, 0.0, 90.0, 59.99999999999999, 180.0, 0.0, 0.0, 0.0, -45.0, 90.0, -90.0, -45.0, 180.0, 0.0, 0.0, 0.0, 90.0, 59.99999999999999, 180.0, 0.0, -29.999999999999996, -14.999999999999998, 180.0, 0.0, 0.0]",2.997815155053566,8.24008808491561,4.5504046728661525,5.508595556037851,4.848916770784997,False
131,254.63863205490102,10,37.69948756334924,112.77552337776181,-17.442595245445528,21.128828454827627,0.0,131.06821898135763,-11.005748399447313,-7.779049951300324,-12.394336178488816,0.5883034522867087,0.5883034522867087,0.0,0.0,0.9544341319685811,0.5283254963375876,1.0,40.863420511893665,18.491392371815568,63.911438436638804,254.63863205490102,"[-59.99999999999999, -59.99999999999999, 180.0, 0.0, 0.0, -75.0, -59.99999999999999, 180.0, 0.0, 0.0, -75.0, -45.0, -59.99999999999999, 0.0, -59.99999999999999, -59.99999999999999, -59.99999999999999, 0.0, 0.0, -165.0, 119.99999999999999, -59.99999999999999, 0.0, 0.0, 90.0, 59.99999999999999, 180.0, 0.0, 0.0, 0.0, -45.0, 90.0, -90.0, -45.0, 180.0, 0.0, 0.0, 0.0, 90.0, 14.999999999999998, 180.0, 0.0, 45.0, 14.999999999999998, 180.0, 0.0, 0.0]",2.974605791661109,8.245887381643655,4.545780174597284,5.508595556037851,4.848916770784997,False
132,254.6405563711109,10,37.69948756334924,112.77552337776181,-17.442595245445528,21.128828454827627,0.0,131.06821898135763,-11.005748399447313,-7.779049951300324,-12.392411862278951,0.5883034522867087,0.5883034522867087,0.0,0.0,0.9544341319685811,0.5283254963375876,1.0,40.863420511893665,18.491392371815568,63.911438436638804,254.6405563711109,"[-59.99999999999999, -59.99999999999999, 180.0, 0.0, 0.0, -75.0, -59.99999999999999, 180.0, 0.0, 0.0, -75.0, -45.0, -59.99999999999999, 0.0, -59.99999999999999, -59.99999999999999, -59.99999999999999, 0.0, 0.0, -165.0, 119.99999999999999, -59.99999999999999, 0.0, 0.0, 90.0, 59.99999999999999, 180.0, 0.0, 0.0, 0.0, -45.0, 90.0, -90.0, -45.0, 180.0, 0.0, 0.0, 0.0, 90.0, 14.999999999999998, 180.0, 0.0, 45.0, 29.999999999999996, 180.0, 0.0, 0.0]",2.974605791661109,8.245887381643655,4.545780174597284,5.508595556037851,4.848916770784997,False
133,254.64146727115588,10,37.69948756334924,112.77552337776181,-17.442595245445528,21.128828454827627,0.0,131.06821898135763,-11.005748399447313,-7.779049951300324,-12.39150096223398,0.5883034522867087,0.5883034522867087,0.0,0.0,0.9544341319685811,0.5283254963375876,1.0,40.863420511893665,18.491392371815568,63.911438436638804,254.64146727115588,"[-59.99999999999999, -59.99999999999999, 180.0, 0.0, 0.0, -75.0, -59.99999999999999, 180.0, 0.0, 0.0, -75.0, -45.0, -59.99999999999999, 0.0, -59.99999999999999, -59.99999999999999, -59.99999999999999, 0.0, 0.0, -165.0, 119.99999999999999, -59.99999999999999, 0.0, 0.0, 90.0, 59.99999999999999, 180.0, 0.0, 0.0, 0.0, -45.0, 90.0, -90.0, -45.0, 180.0, 0.0, 0.0, 0.0, 90.0, 14.999999999999998, 180.0, 0.0, 45.0, 45.0, 180.0, 0.0, 0.0]",2.974605791661109,8.245887381643655,4.545780174597284,5.508595556037851,4.848916770784997,False
134,254.64158408361823,10,37.69948756334924,112.77552337776181,-17.442595245445528,21.128828454827627,0.0,131.06821898135763,-11.005748399447313,-7.779049951300324,-12.39138414977161,0.5883034522867087,0.5883034522867087,0.0,0.0,0.9544341319685811,0.5283254963375876,1.0,40.863420511893665,18.491392371815568,63.911438436638804,254.64158408361823,"[-59.99999999999999, -59.99999999999999, 180.0, 0.0, 0.0, -75.0, -59.99999999999999, 180.0, 0.0, 0.0, -75.0, -45.0, -59.99999999999999, 0.0, -59.99999999999999, -59.99999999999999, -59.99999999999999, 0.0, 0.0, -165.0, 119.99999999999999, -59.99999999999999, 0.0, 0.0, 90.0, 59.99999999999999, 180.0, 0.0, 0.0, 0.0, -45.0, 90.0, -90.0, -45.0, 180.0, 0.0, 0.0, 0.0, 90.0, 14.999999999999998, 180.0, 0.0, 45.0, 75.0, 180.0, 0.0, 0.0]",2.974605791661109,8.245887381643655,4.545780174597284,5.508595556037851,4.848916770784997,False
135,254.64173263703105,10,37.69948756334924,112.77552337776181,-17.442595245445528,21.128828454827627,0.0,131.06821898135763,-11.005748399447313,-7.779049951300324,-12.391235596358792,0.5883034522867087,0.5883034522867087,0.0,0.0,0.9544341319685811,0.5283254963375876,1.0,40.863420511893665,18.491392371815568,63.911438436638804,254.64173263703105,"[-59.99999999999999, -59.99999999999999, 180.0, 0.0, 0.0, -75.0, -59.99999999999999, 180.0, 0.0, 0.0, -75.0, -45.0, -59.99999999999999, 0.0, -59.99999999999999, -59.99999999999999, -59.99999999999999, 0.0, 0.0, -165.0, 119.99999999999999, -59.99999999999999, 0.0, 0.0, 90.0, 59.99999999999999, 180.0, 0.0, 0.0, 0.0, -45.0, 90.0, -90.0, -45.0, 180.0, 0.0, 0.0, 0.0, 90.0, 14.999999999999998, 180.0, 0.0, 45.0, 59.99999999999999, 180.0, 0.0, 0.0]",2.974605791661109,8.245887381643655,4.545780174597284,5.508595556037851,4.848916770784997,False
136,254.81556747322094,10,37.69948756334924,112.77552337776181,-17.442595245445528,21.128828454827627,0.0,131.06821898135763,-11.005748399447313,-7.779049951300324,-12.21740076016892,0.5883034522867087,0.5883034522867087,0.0,0.0,0.9544341319685811,0.5283254963375876,1.0,40.863420511893665,18.491392371815568,63.911438436638804,254.81556747322094,"[-45.0, -59.99999999999999, 180.0, 0.0, 0.0, -75.0, -59.99999999999999, 180.0, 0.0, 0.0, -75.0, -45.0, -59.99999999999999, 0.0, -59.99999999999999, -59.99999999999999, -59.99999999999999, 0.0, 0.0, -165.0, 119.99999999999999, -59.99999999999999, 0.0, 0.0, 90.0, 59.99999999999999, 180.0, 0.0, 0.0, 0.0, -45.0, 90.0, -90.0, -45.0, 180.0, 0.0, 0.0, 0.0, 90.0, 14.999999999999998, 180.0, 0.0, 45.0, 14.999999999999998, 180.0, 0.0, 0.0]",2.974605791661109,8.245887381643655,4.545780174597284,5.508595556037851,4.848916770784997,False
137,254.8174917894308,10,37.69948756334924,112.77552337776181,-17.442595245445528,21.128828454827627,0.0,131.06821898135763,-11.005748399447313,-7.779049951300324,-12.215476443959055,0.5883034522867087,0.5883034522867087,0.0,0.0,0.9544341319685811,0.5283254963375876,1.0,40.863420511893665,18.491392371815568,63.911438436638804,254.8174917894308,"[-45.0, -59.99999999999999, 180.0, 0.0, 0.0, -75.0, -59.99999999999999, 180.0, 0.0, 0.0, -75.0, -45.0, -59.99999999999999, 0.0, -59.99999999999999, -59.99999999999999, -59.99999999999999, 0.0, 0.0, -165.0, 119.99999999999999, -59.99999999999999, 0.0, 0.0, 90.0, 59.99999999999999, 180.0, 0.0, 0.0, 0.0, -45.0, 90.0, -90.0, -45.0, 180.0, 0.0, 0.0, 0.0, 90.0, 14.999999999999998, 180.0, 0.0, 45.0, 29.999999999999996, 180.0, 0.0, 0.0]",2.974605791661109,8.245887381643655,4.545780174597284,5.508595556037851,4.848916770784997,False
138,254.81840268947576,10,37.69948756334924,112.77552337776181,-17.442595245445528,21.128828454827627,0.0,131.06821898135763,-11.005748399447313,-7.779049951300324,-12.214565543914084,0.5883034522867087,0.5883034522867087,0.0,0.0,0.9544341319685811,0.5283254963375876,1.0,40.863420511893665,18.491392371815568,63.911438436638804,254.81840268947576,"[-45.0, -59.99999999999999, 180.0, 0.0, 0.0, -75.0, -59.99999999999999, 180.0, 0.0, 0.0, -75.0, -45.0, -59.99999999999999, 0.0, -59.99999999999999, -59.99999999999999, -59.99999999999999, 0.0, 0.0, -165.0, 119.99999999999999, -59.99999999999999, 0.0, 0.0, 90.0, 59.99999999999999, 180.0, 0.0, 0.0, 0.0, -45.0, 90.0, -90.0, -45.0, 180.0, 0.0, 0.0, 0.0, 90.0, 14.999999999999998, 180.0, 0.0, 45.0, 45.0, 180.0, 0.0, 0.0]",2.974605791661109,8.245887381643655,4.545780174597284,5.508595556037851,4.848916770784997,False
139,254.81851950193814,10,37.69948756334924,112.77552337776181,-17.442595245445528,21.128828454827627,0.0,131.06821898135763,-11.005748399447313,-7.779049951300324,-12.214448731451714,0.5883034522867087,0.5883034522867087,0.0,0.0,0.9544341319685811,0.5283254963375876,1.0,40.863420511893665,18.491392371815568,63.911438436638804,254.81851950193814,"[-45.0, -59.99999999999999, 180.0, 0.0, 0.0, -75.0, -59.99999999999999, 180.0, 0.0, 0.0, -75.0, -45.0, -59.99999999999999, 0.0, -59.99999999999999, -59.99999999999999, -59.99999999999999, 0.0, 0.0, -165.0, 119.99999999999999, -59.99999999999999, 0.0, 0.0, 90.0, 59.99999999999999, 180.0, 0.0, 0.0, 0.0, -45.0, 90.0, -90.0, -45.0, 180.0, 0.0, 0.0, 0.0, 90.0, 14.999999999999998, 180.0, 0.0, 45.0, 75.0, 180.0, 0.0, 0.0]",2.974605791661109,8.245887381643655,4.545780174597284,5.508595556037851,4.848916770784997,False
140,254.81866805535097,10,37.69948756334924,112.77552337776181,-17.442595245445528,21.128828454827627,0.0,131.06821898135763,-11.005748399447313,-7.779049951300324,-12.214300178038895,0.5883034522867087,0.5883034522867087,0.0,0.0,0.9544341319685811,0.5283254963375876,1.0,40.863420511893665,18.491392371815568,63.911438436638804,254.81866805535097,"[-45.0, -59.99999999999999, 180.0, 0.0, 0.0, -75.0, -59.99999999999999, 180.0, 0.0, 0.0, -75.0, -45.0, -59.99999999999999, 0.0, -59.99999999999999, -59.99999999999999, -59.99999999999999, 0.0, 0.0, -165.0, 119.99999999999999, -59.99999999999999, 0.0, 0.0, 90.0, 59.99999999999999, 180.0, 0.0, 0.0, 0.0, -45.0, 90.0, -90.0, -45.0, 180.0, 0.0, 0.0, 0.0, 90.0, 14.999999999999998, 180.0, 0.0, 45.0, 59.99999999999999, 180.0, 0.0, 0.0]",2.974605791661109,8.245887381643655,4.545780174597284,5.508595556037851,4.848916770784997,False
141,255.12168285029773,10,37.54041356548249,88.9284045240745,-17.442595245445528,21.216995910869215,0.0,151.4602402021605,-11.005748399447313,-3.7978645499086894,-12.366466609774104,0.5883034522867087,0.5883034522867087,0.0,0.0,0.9640693315054244,0.5854486064770837,1.0,42.05767341910267,20.490701226697933,64.6455497936283,255.12168285029773,"[-59.99999999999999, -59.99999999999999, 180.0, 0.0, 0.0, -75.0, -59.99999999999999, 180.0, 0.0, 0.0, -75.0, -45.0, -59.99999999999999, 0.0, -59.99999999999999, -59.99999999999999, -59.99999999999999, 0.0, 0.0, -165.0, 119.99999999999999, -59.99999999999999, 0.0, 0.0, 90.0, 59.99999999999999, 180.0, 0.0, 0.0, 0.0, -45.0, 90.0, -90.0, -45.0, 180.0, 0.0, 0.0, 0.0, 90.0, 59.99999999999999, 180.0, 0.0, -29.999999999999996, 150.0, 180.0, 0.0, 0.0]",2.997815155053566,8.24008808491561,4.5504046728661525,5.508595556037851,4.848916770784997,False
142,255.16915245520653,10,37.54041356548249,88.9284045240745,-17.442595245445528,21.216995910869215,0.0,151.4602402021605,-11.005748399447313,-3.7978645499086894,-12.318997004865306,0.5883034522867087,0.5883034522867087,0.0,0.0,0.9640693315054244,0.5854486064770837,1.0,42.05767341910267,20.490701226697933,64.6455497936283,255.16915245520653,"[-59.99999999999999, -59.99999999999999, 180.0, 0.0, 0.0, -75.0, -59.99999999999999, 180.0, 0.0, 0.0, -75.0, -45.0, -59.99999999999999, 0.0, -59.99999999999999, -59.99999999999999, -59.99999999999999, 0.0, 0.0, -165.0, 119.99999999999999, -59.99999999999999, 0.0, 0.0, 90.0, 59.99999999999999, 180.0, 0.0, 0.0, 0.0, -45.0, 90.0, -90.0, -45.0, 180.0, 0.0, 0.0, 0.0, 90.0, 59.99999999999999, 180.0, 0.0, -29.999999999999996, 135.0, 180.0, 0.0, 0.0]",2.997815155053566,8.24008808491561,4.5504046728661525,5.508595556037851,4.848916770784997,False
143,255.2521667184425,10,37.54041356548249,88.9284045240745,-17.442595245445528,21.216995910869215,0.0,151.4602402021605,-11.005748399447313,-3.7978645499086894,-12.235982741629337,0.5883034522867087,0.5883034522867087,0.0,0.0,0.9640693315054244,0.5854486064770837,1.0,42.05767341910267,20.490701226697933,64.6455497936283,255.2521667184425,"[-59.99999999999999, -59.99999999999999, 180.0, 0.0, 0.0, -75.0, -59.99999999999999, 180.0, 0.0, 0.0, -75.0, -45.0, -59.99999999999999, 0.0, -59.99999999999999, -59.99999999999999, -59.99999999999999, 0.0, 0.0, -165.0, 119.99999999999999, -59.99999999999999, 0.0, 0.0, 90.0, 59.99999999999999, 180.0, 0.0, 0.0, 0.0, -45.0, 90.0, -90.0, -45.0, 180.0, 0.0, 0.0, 0.0, 90.0, 59.99999999999999, 180.0, 0.0, -29.999999999999996, 119.99999999999999, 180.0, 0.0, 0.0]",2.997815155053566,8.24008808491561,4.5504046728661525,5.508595556037851,4.848916770784997,False
144,255.29861826861764,10,37.54041356548249,88.9284045240745,-17.442595245445528,21.216995910869215,0.0,151.4602402021605,-11.005748399447313,-3.7978645499086894,-12.189531191454208,0.5883034522867087,0.5883034522867087,0.0,0.0,0.9640693315054244,0.5854486064770837,1.0,42.05767341910267,20.490701226697933,64.6455497936283,255.29861826861764,"[-45.0, -59.99999999999999, 180.0, 0.0, 0.0, -75.0, -59.99999999999999, 180.0, 0.0, 0.0, -75.0, -45.0, -59.99999999999999, 0.0, -59.99999999999999, -59.99999999999999, -59.99999999999999, 0.0, 0.0, -165.0, 119.99999999999999, -59.99999999999999, 0.0, 0.0, 90.0, 59.99999999999999, 180.0, 0.0, 0.0, 0.0, -45.0, 90.0, -90.0, -45.0, 180.0, 0.0, 0.0, 0.0, 90.0, 59.99999999999999, 180.0, 0.0, -29.999999999999996, 150.0, 180.0, 0.0, 0.0]",2.997815155053566,8.24008808491561,4.5504046728661525,5.508595556037851,4.848916770784997,False
145,255.34608787352641,10,37.54041356548249,88.9284045240745,-17.442595245445528,21.216995910869215,0.0,151.4602402021605,-11.005748399447313,-3.7978645499086894,-12.14206158654541,0.5883034522867087,0.5883034522867087,0.0,0.0,0.9640693315054244,0.5854486064770837,1.0,42.05767341910267,20.490701226697933,64.6455497936283,255.34608787352641,"[-45.0, -59.99999999999999, 180.0, 0.0, 0.0, -75.0, -59.99999999999999, 180.0, 0.0, 0.0, -75.0, -45.0, -59.99999999999999, 0.0, -59.99999999999999, -59.99999999999999, -59.99999999999999, 0.0, 0.0, -165.0, 119.99999999999999, -59.99999999999999, 0.0, 0.0, 90.0, 59.99999999999999, 180.0, 0.0, 0.0, 0.0, -45.0, 90.0, -90.0, -45.0, 180.0, 0.0, 0.0, 0.0, 90.0, 59.99999999999999, 180.0, 0.0, -29.999999999999996, 135.0, 180.0, 0.0, 0.0]",2.997815155053566,8.24008808491561,4.5504046728661525,5.508595556037851,4.848916770784997,False
146,255.36835910581482,10,37.54041356548249,88.9284045240745,-17.442595245445528,21.216995910869215,0.0,151.4602402021605,-11.005748399447313,-3.7978645499086894,-12.119790354257022,0.5883034522867087,0.5883034522867087,0.0,0.0,0.9640693315054244,0.5854486064770837,1.0,42.05767341910267,20.490701226697933,64.6455497936283,255.36835910581482,"[-59.99999999999999, -59.99999999999999, 180.0, 0.0, 0.0, -75.0, -59.99999999999999, 180.0, 0.0, 0.0, -75.0, -45.0, -59.99999999999999, 0.0, -59.99999999999999, -59.99999999999999, -59.99999999999999, 0.0, 0.0, -165.0, 119.99999999999999, -59.99999999999999, 0.0, 0.0, 90.0, 59.99999999999999, 180.0, 0.0, 0.0, 0.0, -45.0, 90.0, -90.0, -45.0, 180.0, 0.0, 0.0, 0.0, 90.0, 59.99999999999999, 180.0, 0.0, -29.999999999999996, 105.00000000000001, 180.0, 0.0, 0.0]",2.997815155053566,8.24008808491561,4.5504046728661525,5.508595556037851,4.848916770784997,False
147,255.4291021367624,10,37.54041356548249,88.9284045240745,-17.442595245445528,21.216995910869215,0.0,151.4602402021605,-11.005748399447313,-3.7978645499086894,-12.059047323309441,0.5883034522867087,0.5883034522867087,0.0,0.0,0.9640693315054244,0.5854486064770837,1.0,42.05767341910267,20.490701226697933,64.6455497936283,255.4291021367624,"[-45.0, -59.99999999999999, 180.0, 0.0, 0.0, -75.0, -59.99999999999999, 180.0, 0.0, 0.0, -75.0, -45.0, -59.99999999999999, 0.0, -59.99999999999999, -59.99999999999999, -59.99999999999999, 0.0, 0.0, -165.0, 119.99999999999999, -59.99999999999999, 0.0, 0.0, 90.0, 59.99999999999999, 180.0, 0.0, 0.0, 0.0, -45.0, 90.0, -90.0, -45.0, 180.0, 0.0, 0.0, 0.0, 90.0, 59.99999999999999, 180.0, 0.0, -29.999999999999996, 119.99999999999999, 180.0, 0.0, 0.0]",2.997815155053566,8.24008808491561,4.5504046728661525,5.508595556037851,4.848916770784997,False
148,255.49785836615553,10,37.54041356548249,88.9284045240745,-17.442595245445528,21.216995910869215,0.0,151.4602402021605,-11.005748399447313,-3.7978645499086894,-11.99029109391632,0.5883034522867087,0.5883034522867087,0.0,0.0,0.9640693315054244,0.5854486064770837,1.0,42.05767341910267,20.490701226697933,64.6455497936283,255.49785836615553,"[-59.99999999999999, -59.99999999999999, 180.0, 0.0, 0.0, -75.0, -59.99999999999999, 180.0, 0.0, 0.0, -75.0, -45.0, -59.99999999999999, 0.0, -59.99999999999999, -59.99999999999999, -59.99999999999999, 0.0, 0.0, -165.0, 119.99999999999999, -59.99999999999999, 0.0, 0.0, 90.0, 59.99999999999999, 180.0, 0.0, 0.0, 0.0, -45.0, 90.0, -90.0, -45.0, 180.0, 0.0, 0.0, 0.0, 90.0, 59.99999999999999, 180.0, 0.0, -29.999999999999996, 90.0, 180.0, 0.0, 0.0]",2.997815155053566,8.24008808491561,4.5504046728661525,5.508595556037851,4.848916770784997,False
149,255.5452945241347,10,37.54041356548249,88.9284045240745,-17.442595245445528,21.216995910869215,0.0,151.4602402021605,-11.005748399447313,-3.7978645499086894,-11.942854935937126,0.5883034522867087,0.5883034522867087,0.0,0.0,0.9640693315054244,0.5854486064770837,1.0,42.05767341910267,20.490701226697933,64.6455497936283,255.5452945241347,"[-45.0, -59.99999999999999, 180.0, 0.0, 0.0, -75.0, -59.99999999999999, 180.0, 0.0, 0.0, -75.0, -45.0, -59.99999999999999, 0.0, -59.99999999999999, -59.99999999999999, -59.99999999999999, 0.0, 0.0, -165.0, 119.99999999999999, -59.99999999999999, 0.0, 0.0, 90.0, 59.99999999999999, 180.0, 0.0, 0.0, 0.0, -45.0, 90.0, -90.0, -45.0, 180.0, 0.0, 0.0, 0.0, 90.0, 59.99999999999999, 180.0, 0.0, -29.999999999999996, 105.00000000000001, 180.0, 0.0, 0.0]",2.997815155053566,8.24008808491561,4.5504046728661525,5.508595556037851,4.848916770784997,False
150,255.6747937844754,10,37.54041356548249,88.9284045240745,-17.442595245445528,21.216995910869215,0.0,151.4602402021605,-11.005748399447313,-3.7978645499086894,-11.813355675596423,0.5883034522867087,0.5883034522867087,0.0,0.0,0.9640693315054244,0.5854486064770837,1.0,42.05767341910267,20.490701226697933,64.6455497936283,255.6747937844754,"[-45.0, -59.99999999999999, 180.0, 0.0, 0.0, -75.0, -59.99999999999999, 180.0, 0.0, 0.0, -75.0, -45.0, -59.99999999999999, 0.0, -59.99999999999999, -59.99999999999999, -59.99999999999999, 0.0, 0.0, -165.0, 119.99999999999999, -59.99999999999999, 0.0, 0.0, 90.0, 59.99999999999999, 180.0, 0.0, 0.0, 0.0, -45.0, 90.0, -90.0, -45.0, 180.0, 0.0, 0.0, 0.0, 90.0, 59.99999999999999, 180.0, 0.0, -29.999999999999996, 90.0, 180.0, 0.0, 0.0]",2.997815155053566,8.24008808491561,4.5504046728661525,5.508595556037851,4.848916770784997,False
151,257.13679477771524,10,37.69948756334924,95.01338402455447,-17.442595245445528,21.171022778416653,0.0,147.30871797913332,-11.005748399447313,-3.7978645499086894,-12.397912825223582,0.5883034522867087,0.5883034522867087,0.0,0.0,0.9616107539294728,0.5553704831844547,1.0,41.81164120874388,19.437966911455916,64.34978813584459,257.13679477771524,"[-59.99999999999999, -59.99999999999999, 180.0, 0.0, 0.0, -75.0, -59.99999999999999, 180.0, 0.0, 0.0, -75.0, -45.0, -59.99999999999999, 0.0, -59.99999999999999, -59.99999999999999, -59.99999999999999, 0.0, 0.0, -165.0, 119.99999999999999, -59.99999999999999, 0.0, 0.0, 90.0, 59.99999999999999, 180.0, 0.0, 0.0, 0.0, -45.0, 90.0, -90.0, -45.0, 180.0, 0.0, 0.0, 0.0, 90.0, 14.999999999999998, 180.0, 0.0, 29.999999999999996, 14.999999999999998, 180.0, 0.0, 0.0]",2.974605791661109,8.245887381643655,4.545780174597284,5.508595556037851,4.848916770784997,False
152,257.1448447043339,10,37.69948756334924,95.01338402455447,-17.442595245445528,21.171022778416653,0.0,147.30871797913332,-11.005748399447313,-3.7978645499086894,-12.38986289860493,0.5883034522867087,0.5883034522867087,0.0,0.0,0.9616107539294728,0.5553704831844547,1.0,41.81164120874388,19.437966911455916,64.34978813584459,257.1448447043339,"[-59.99999999999999, -59.99999999999999, 180.0, 0.0, 0.0, -75.0, -59.99999999999999, 180.0, 0.0, 0.0, -75.0, -45.0, -59.99999999999999, 0.0, -59.99999999999999, -59.99999999999999, -59.99999999999999, 0.0, 0.0, -165.0, 119.99999999999999, -59.99999999999999, 0.0, 0.0, 90.0, 59.99999999999999, 180.0, 0.0, 0.0, 0.0, -45.0, 90.0, -90.0, -45.0, 180.0, 0.0, 0.0, 0.0, 90.0, 14.999999999999998, 180.0, 0.0, 29.999999999999996, 29.999999999999996, 180.0, 0.0, 0.0]",2.974605791661109,8.245887381643655,4.545780174597284,5.508595556037851,4.848916770784997,False
153,257.1486289497639,10,37.69948756334924,95.01338402455447,-17.442595245445528,21.171022778416653,0.0,147.30871797913332,-11.005748399447313,-3.7978645499086894,-12.386078653174897,0.5883034522867087,0.5883034522867087,0.0,0.0,0.9616107539294728,0.5553704831844547,1.0,41.81164120874388,19.437966911455916,64.34978813584459,257.1486289497639,"[-59.99999999999999, -59.99999999999999, 180.0, 0.0, 0.0, -75.0, -59.99999999999999, 180.0, 0.0, 0.0, -75.0, -45.0, -59.99999999999999, 0.0, -59.99999999999999, -59.99999999999999, -59.99999999999999, 0.0, 0.0, -165.0, 119.99999999999999, -59.99999999999999, 0.0, 0.0, 90.0, 59.99999999999999, 180.0, 0.0, 0.0, 0.0, -45.0, 90.0, -90.0, -45.0, 180.0, 0.0, 0.0, 0.0, 90.0, 14.999999999999998, 180.0, 0.0, 29.999999999999996, 45.0, 180.0, 0.0, 0.0]",2.974605791661109,8.245887381643655,4.545780174597284,5.508595556037851,4.848916770784997,False
154,257.14914531550045,10,37.69948756334924,95.01338402455447,-17.442595245445528,21.171022778416653,0.0,147.30871797913332,-11.005748399447313,-3.7978645499086894,-12.385562287438368,0.5883034522867087,0.5883034522867087,0.0,0.0,0.9616107539294728,0.5553704831844547,1.0,41.81164120874388,19.437966911455916,64.34978813584459,257.14914531550045,"[-59.99999999999999, -59.99999999999999, 180.0, 0.0, 0.0, -75.0, -59.99999999999999, 180.0, 0.0, 0.0, -75.0, -45.0, -59.99999999999999, 0.0, -59.99999999999999, -59.99999999999999, -59.99999999999999, 0.0, 0.0, -165.0, 119.99999999999999, -59.99999999999999, 0.0, 0.0, 90.0, 59.99999999999999, 180.0, 0.0, 0.0, 0.0, -45.0, 90.0, -90.0, -45.0, 180.0, 0.0, 0.0, 0.0, 90.0, 14.999999999999998, 180.0, 0.0, 29.999999999999996, 75.0, 180.0, 0.0, 0.0]",2.974605791661109,8.245887381643655,4.545780174597284,5.508595556037851,4.848916770784997,False
155,257.1497328243643,10,37.69948756334924,95.01338402455447,-17.442595245445528,21.171022778416653,0.0,147.30871797913332,-11.005748399447313,-3.7978645499086894,-12.384974778574483,0.5883034522867087,0.5883034522867087,0.0,0.0,0.9616107539294728,0.5553704831844547,1.0,41.81164120874388,19.437966911455916,64.34978813584459,257.1497328243643,"[-59.99999999999999, -59.99999999999999, 180.0, 0.0, 0.0, -75.0, -59.99999999999999, 180.0, 0.0, 0.0, -75.0, -45.0, -59.99999999999999, 0.0, -59.99999999999999, -59.99999999999999, -59.99999999999999, 0.0, 0.0, -165.0, 119.99999999999999, -59.99999999999999, 0.0, 0.0, 90.0, 59.99999999999999, 180.0, 0.0, 0.0, 0.0, -45.0, 90.0, -90.0, -45.0, 180.0, 0.0, 0.0, 0.0, 90.0, 14.999999999999998, 180.0, 0.0, 29.999999999999996, 59.99999999999999, 180.0, 0.0, 0.0]",2.974605791661109,8.245887381643655,4.545780174597284,5.508595556037851,4.848916770784997,False
156,257.3137301960351,10,37.69948756334924,95.01338402455447,-17.442595245445528,21.171022778416653,0.0,147.30871797913332,-11.005748399447313,-3.7978645499086894,-12.220977406903685,0.5883034522867087,0.5883034522867087,0.0,0.0,0.9616107539294728,0.5553704831844547,1.0,41.81164120874388,19.437966911455916,64.34978813584459,257.3137301960351,"[-45.0, -59.99999999999999, 180.0, 0.0, 0.0, -75.0, -59.99999999999999, 180.0, 0.0, 0.0, -75.0, -45.0, -59.99999999999999, 0.0, -59.99999999999999, -59.99999999999999, -59.99999999999999, 0.0, 0.0, -165.0, 119.99999999999999, -59.99999999999999, 0.0, 0.0, 90.0, 59.99999999999999, 180.0, 0.0, 0.0, 0.0, -45.0, 90.0, -90.0, -45.0, 180.0, 0.0, 0.0, 0.0, 90.0, 14.999999999999998, 180.0, 0.0, 29.999999999999996, 14.999999999999998, 180.0, 0.0, 0.0]",2.974605791661109,8.245887381643655,4.545780174597284,5.508595556037851,4.848916770784997,False
157,257.32178012265376,10,37.69948756334924,95.01338402455447,-17.442595245445528,21.171022778416653,0.0,147.30871797913332,-11.005748399447313,-3.7978645499086894,-12.212927480285034,0.5883034522867087,0.5883034522867087,0.0,0.0,0.9616107539294728,0.5553704831844547,1.0,41.81164120874388,19.437966911455916,64.34978813584459,257.32178012265376,"[-45.0, -59.99999999999999, 180.0, 0.0, 0.0, -75.0, -59.99999999999999, 180.0, 0.0, 0.0, -75.0, -45.0, -59.99999999999999, 0.0, -59.99999999999999, -59.99999999999999, -59.99999999999999, 0.0, 0.0, -165.0, 119.99999999999999, -59.99999999999999, 0.0, 0.0, 90.0, 59.99999999999999, 180.0, 0.0, 0.0, 0.0, -45.0, 90.0, -90.0, -45.0, 180.0, 0.0, 0.0, 0.0, 90.0, 14.999999999999998, 180.0, 0.0, 29.999999999999996, 29.999999999999996, 180.0, 0.0, 0.0]",2.974605791661109,8.245887381643655,4.545780174597284,5.508595556037851,4.848916770784997,False
158,257.3255643680838,10,37.69948756334924,95.01338402455447,-17.442595245445528,21.171022778416653,0.0,147.30871797913332,-11.005748399447313,-3.7978645499086894,-12.209143234855,0.5883034522867087,0.5883034522867087,0.0,0.0,0.9616107539294728,0.5553704831844547,1.0,41.81164120874388,19.437966911455916,64.34978813584459,257.3255643680838,"[-45.0, -59.99999999999999, 180.0, 0.0, 0.0, -75.0, -59.99999999999999, 180.0, 0.0, 0.0, -75.0, -45.0, -59.99999999999999, 0.0, -59.99999999999999, -59.99999999999999, -59.99999999999999, 0.0, 0.0, -165.0, 119.99999999999999, -59.99999999999999, 0.0, 0.0, 90.0, 59.99999999999999, 180.0, 0.0, 0.0, 0.0, -45.0, 90.0, -90.0, -45.0, 180.0, 0.0, 0.0, 0.0, 90.0, 14.999999999999998, 180.0, 0.0, 29.999999999999996, 45.0, 180.0, 0.0, 0.0]",2.974605791661109,8.245887381643655,4.545780174597284,5.508595556037851,4.848916770784997,False
159,257.32608073382033,10,37.69948756334924,95.01338402455447,-17.442595245445528,21.171022778416653,0.0,147.30871797913332,-11.005748399447313,-3.7978645499086894,-12.208626869118472,0.5883034522867087,0.5883034522867087,0.0,0.0,0.9616107539294728,0.5553704831844547,1.0,41.81164120874388,19.437966911455916,64.34978813584459,257.32608073382033,"[-45.0, -59.99999999999999, 180.0, 0.0, 0.0, -75.0, -59.99999999999999, 180.0, 0.0, 0.0, -75.0, -45.0, -59.99999999999999, 0.0, -59.99999999999999, -59.99999999999999, -59.99999999999999, 0.0, 0.0, -165.0, 119.99999999999999, -59.99999999999999, 0.0, 0.0, 90.0, 59.99999999999999, 180.0, 0.0, 0.0, 0.0, -45.0, 90.0, -90.0, -45.0, 180.0, 0.0, 0.0, 0.0, 90.0, 14.999999999999998, 180.0, 0.0, 29.999999999999996, 75.0, 180.0, 0.0, 0.0]",2.974605791661109,8.245887381643655,4.545780174597284,5.508595556037851,4.848916770784997,False
160,257.3266682426842,10,37.69948756334924,95.01338402455447,-17.442595245445528,21.171022778416653,0.0,147.30871797913332,-11.005748399447313,-3.7978645499086894,-12.208039360254586,0.5883034522867087,0.5883034522867087,0.0,0.0,0.9616107539294728,0.5553704831844547,1.0,41.81164120874388,19.437966911455916,64.34978813584459,257.3266682426842,"[-45.0, -59.99999999999999, 180.0, 0.0, 0.0, -75.0, -59.99999999999999, 180.0, 0.0, 0.0, -75.0, -45.0, -59.99999999999999, 0.0, -59.99999999999999, -59.99999999999999, -59.99999999999999, 0.0, 0.0, -165.0, 119.99999999999999, -59.99999999999999, 0.0, 0.0, 90.0, 59.99999999999999, 180.0, 0.0, 0.0, 0.0, -45.0, 90.0, -90.0, -45.0, 180.0, 0.0, 0.0, 0.0, 90.0, 14.999999999999998, 180.0, 0.0, 29.999999999999996, 59.99999999999999, 180.0, 0.0, 0.0]",2.974605791661109,8.245887381643655,4.545780174597284,5.508595556037851,4.848916770784997,False
161,260.0619364354387,10,37.47753780189254,114.95465285081012,-16.186188421328218,21.758668532448176,0.0,132.1531152121208,-11.005748399447313,-7.728337295121233,-11.950067298222928,0.5883034522867087,0.5883034522867087,0.0,0.0,0.9535536756158344,0.5105881544321801,1.0,40.835524969800225,17.870585405126302,64.06096677391764,260.0619364354387,"[-59.99999999999999, -59.99999999999999, 180.0, 0.0, 0.0, -75.0, -59.99999999999999, 180.0, 0.0, 0.0, -75.0, -45.0, -59.99999999999999, 0.0, -59.99999999999999, -59.99999999999999, -59.99999999999999, 0.0, 0.0, -165.0, 119.99999999999999, -59.99999999999999, 0.0, 0.0, 90.0, 59.99999999999999, 180.0, 0.0, 0.0, 0.0, -45.0, 90.0, -90.0, -29.999999999999996, 180.0, 0.0, 0.0, 0.0, 75.0, 14.999999999999998, 180.0, 0.0, 45.0, 14.999999999999998, 180.0, 0.0, 0.0]",3.0001420630417064,8.2377924611589,4.516412599966376,5.508595556037851,4.848916770784997,False
162,260.0638607516486,10,37.47753780189254,114.95465285081012,-16.186188421328218,21.758668532448176,0.0,132.1531152121208,-11.005748399447313,-7.728337295121233,-11.948142982013064,0.5883034522867087,0.5883034522867087,0.0,0.0,0.9535536756158344,0.5105881544321801,1.0,40.835524969800225,17.870585405126302,64.06096677391764,260.0638607516486,"[-59.99999999999999, -59.99999999999999, 180.0, 0.0, 0.0, -75.0, -59.99999999999999, 180.0, 0.0, 0.0, -75.0, -45.0, -59.99999999999999, 0.0, -59.99999999999999, -59.99999999999999, -59.99999999999999, 0.0, 0.0, -165.0, 119.99999999999999, -59.99999999999999, 0.0, 0.0, 90.0, 59.99999999999999, 180.0, 0.0, 0.0, 0.0, -45.0, 90.0, -90.0, -29.999999999999996, 180.0, 0.0, 0.0, 0.0, 75.0, 14.999999999999998, 180.0, 0.0, 45.0, 29.999999999999996, 180.0, 0.0, 0.0]",3.0001420630417064,8.2377924611589,4.516412599966376,5.508595556037851,4.848916770784997,False
163,260.06477165169355,10,37.47753780189254,114.95465285081012,-16.186188421328218,21.758668532448176,0.0,132.1531152121208,-11.005748399447313,-7.728337295121233,-11.947232081968092,0.5883034522867087,0.5883034522867087,0.0,0.0,0.9535536756158344,0.5105881544321801,1.0,40.835524969800225,17.870585405126302,64.06096677391764,260.06477165169355,"[-59.99999999999999, -59.99999999999999, 180.0, 0.0, 0.0, -75.0, -59.99999999999999, 180.0, 0.0, 0.0, -75.0, -45.0, -59.99999999999999, 0.0, -59.99999999999999, -59.99999999999999, -59.99999999999999, 0.0, 0.0, -165.0, 119.99999999999999, -59.99999999999999, 0.0, 0.0, 90.0, 59.99999999999999, 180.0, 0.0, 0.0, 0.0, -45.0, 90.0, -90.0, -29.999999999999996, 180.0, 0.0, 0.0, 0.0, 75.0, 14.999999999999998, 180.0, 0.0, 45.0, 45.0, 180.0, 0.0, 0.0]",3.0001420630417064,8.2377924611589,4.516412599966376,5.508595556037851,4.848916770784997,False
164,260.0648884641559,10,37.47753780189254,114.95465285081012,-16.186188421328218,21.758668532448176,0.0,132.1531152121208,-11.005748399447313,-7.728337295121233,-11.947115269505723,0.5883034522867087,0.5883034522867087,0.0,0.0,0.9535536756158344,0.5105881544321801,1.0,40.835524969800225,17.870585405126302,64.06096677391764,260.0648884641559,"[-59.99999999999999, -59.99999999999999, 180.0, 0.0, 0.0, -75.0, -59.99999999999999, 180.0, 0.0, 0.0, -75.0, -45.0, -59.99999999999999, 0.0, -59.99999999999999, -59.99999999999999, -59.99999999999999, 0.0, 0.0, -165.0, 119.99999999999999, -59.99999999999999, 0.0, 0.0, 90.0, 59.99999999999999, 180.0, 0.0, 0.0, 0.0, -45.0, 90.0, -90.0, -29.999999999999996, 180.0, 0.0, 0.0, 0.0, 75.0, 14.999999999999998, 180.0, 0.0, 45.0, 75.0, 180.0, 0.0, 0.0]",3.0001420630417064,8.2377924611589,4.516412599966376,5.508595556037851,4.848916770784997,False
165,260.0650370175687,10,37.47753780189254,114.95465285081012,-16.186188421328218,21.758668532448176,0.0,132.1531152121208,-11.005748399447313,-7.728337295121233,-11.946966716092904,0.5883034522867087,0.5883034522867087,0.0,0.0,0.9535536756158344,0.5105881544321801,1.0,40.835524969800225,17.870585405126302,64.06096677391764,260.0650370175687,"[-59.99999999999999, -59.99999999999999, 180.0, 0.0, 0.0, -75.0, -59.99999999999999, 180.0, 0.0, 0.0, -75.0, -45.0, -59.99999999999999, 0.0, -59.99999999999999, -59.99999999999999, -59.99999999999999, 0.0, 0.0, -165.0, 119.99999999999999, -59.99999999999999, 0.0, 0.0, 90.0, 59.99999999999999, 180.0, 0.0, 0.0, 0.0, -45.0, 90.0, -90.0, -29.999999999999996, 180.0, 0.0, 0.0, 0.0, 75.0, 14.999999999999998, 180.0, 0.0, 45.0, 59.99999999999999, 180.0, 0.0, 0.0]",3.0001420630417064,8.2377924611589,4.516412599966376,5.508595556037851,4.848916770784997,False
166,260.2388718537586,10,37.47753780189254,114.95465285081012,-16.186188421328218,21.758668532448176,0.0,132.1531152121208,-11.005748399447313,-7.728337295121233,-11.773131879903032,0.5883034522867087,0.5883034522867087,0.0,0.0,0.9535536756158344,0.5105881544321801,1.0,40.835524969800225,17.870585405126302,64.06096677391764,260.2388718537586,"[-45.0, -59.99999999999999, 180.0, 0.0, 0.0, -75.0, -59.99999999999999, 180.0, 0.0, 0.0, -75.0, -45.0, -59.99999999999999, 0.0, -59.99999999999999, -59.99999999999999, -59.99999999999999, 0.0, 0.0, -165.0, 119.99999999999999, -59.99999999999999, 0.0, 0.0, 90.0, 59.99999999999999, 180.0, 0.0, 0.0, 0.0, -45.0, 90.0, -90.0, -29.999999999999996, 180.0, 0.0, 0.0, 0.0, 75.0, 14.999999999999998, 180.0, 0.0, 45.0, 14.999999999999998, 180.0, 0.0, 0.0]",3.0001420630417064,8.2377924611589,4.516412599966376,5.508595556037851,4.848916770784997,False
167,260.24079616996846,10,37.47753780189254,114.95465285081012,-16.186188421328218,21.758668532448176,0.0,132.1531152121208,-11.005748399447313,-7.728337295121233,-11.771207563693167,0.5883034522867087,0.5883034522867087,0.0,0.0,0.9535536756158344,0.5105881544321801,1.0,40.835524969800225,17.870585405126302,64.06096677391764,260.24079616996846,"[-45.0, -59.99999999999999, 180.0, 0.0, 0.0, -75.0, -59.99999999999999, 180.0, 0.0, 0.0, -75.0, -45.0, -59.99999999999999, 0.0, -59.99999999999999, -59.99999999999999, -59.99999999999999, 0.0, 0.0, -165.0, 119.99999999999999, -59.99999999999999, 0.0, 0.0, 90.0, 59.99999999999999, 180.0, 0.0, 0.0, 0.0, -45.0, 90.0, -90.0, -29.999999999999996, 180.0, 0.0, 0.0, 0.0, 75.0, 14.999999999999998, 180.0, 0.0, 45.0, 29.999999999999996, 180.0, 0.0, 0.0]",3.0001420630417064,8.2377924611589,4.516412599966376,5.508595556037851,4.848916770784997,False
168,260.24170707001343,10,37.47753780189254,114.95465285081012,-16.186188421328218,21.758668532448176,0.0,132.1531152121208,-11.005748399447313,-7.728337295121233,-11.770296663648196,0.5883034522867087,0.5883034522867087,0.0,0.0,0.9535536756158344,0.5105881544321801,1.0,40.835524969800225,17.870585405126302,64.06096677391764,260.24170707001343,"[-45.0, -59.99999999999999, 180.0, 0.0, 0.0, -75.0, -59.99999999999999, 180.0, 0.0, 0.0, -75.0, -45.0, -59.99999999999999, 0.0, -59.99999999999999, -59.99999999999999, -59.99999999999999, 0.0, 0.0, -165.0, 119.99999999999999, -59.99999999999999, 0.0, 0.0, 90.0, 59.99999999999999, 180.0, 0.0, 0.0, 0.0, -45.0, 90.0, -90.0, -29.999999999999996, 180.0, 0.0, 0.0, 0.0, 75.0, 14.999999999999998, 180.0, 0.0, 45.0, 45.0, 180.0, 0.0, 0.0]",3.0001420630417064,8.2377924611589,4.516412599966376,5.508595556037851,4.848916770784997,False
169,260.2418238824758,10,37.47753780189254,114.95465285081012,-16.186188421328218,21.758668532448176,0.0,132.1531152121208,-11.005748399447313,-7.728337295121233,-11.770179851185826,0.5883034522867087,0.5883034522867087,0.0,0.0,0.9535536756158344,0.5105881544321801,1.0,40.835524969800225,17.870585405126302,64.06096677391764,260.2418238824758,"[-45.0, -59.99999999999999, 180.0, 0.0, 0.0, -75.0, -59.99999999999999, 180.0, 0.0, 0.0, -75.0, -45.0, -59.99999999999999, 0.0, -59.99999999999999, -59.99999999999999, -59.99999999999999, 0.0, 0.0, -165.0, 119.99999999999999, -59.99999999999999, 0.0, 0.0, 90.0, 59.99999999999999, 180.0, 0.0, 0.0, 0.0, -45.0, 90.0, -90.0, -29.999999999999996, 180.0, 0.0, 0.0, 0.0, 75.0, 14.999999999999998, 180.0, 0.0, 45.0, 75.0, 180.0, 0.0, 0.0]",3.0001420630417064,8.2377924611589,4.516412599966376,5.508595556037851,4.848916770784997,False
170,260.2419724358886,10,37.47753780189254,114.95465285081012,-16.186188421328218,21.758668532448176,0.0,132.1531152121208,-11.005748399447313,-7.728337295121233,-11.770031297773007,0.5883034522867087,0.5883034522867087,0.0,0.0,0.9535536756158344,0.5105881544321801,1.0,40.835524969800225,17.870585405126302,64.06096677391764,260.2419724358886,"[-45.0, -59.99999999999999, 180.0, 0.0, 0.0, -75.0, -59.99999999999999, 180.0, 0.0, 0.0, -75.0, -45.0, -59.99999999999999, 0.0, -59.99999999999999, -59.99999999999999, -59.99999999999999, 0.0, 0.0, -165.0, 119.99999999999999, -59.99999999999999, 0.0, 0.0, 90.0, 59.99999999999999, 180.0, 0.0, 0.0, 0.0, -45.0, 90.0, -90.0, -29.999999999999996, 180.0, 0.0, 0.0, 0.0, 75.0, 14.999999999999998, 180.0, 0.0, 45.0, 59.99999999999999, 180.0, 0.0, 0.0]",3.0001420630417064,8.2377924611589,4.516412599966376,5.508595556037851,4.848916770784997,False
171,260.84236618696355,10,37.4597587718768,92.42177539246836,-16.186188421328218,21.855281381867417,0.0,153.4870858533997,-11.005748399447313,-3.7978645499086894,-13.980037294251188,0.5883034522867087,0.5883034522867087,0.0,0.0,0.9626578685282956,0.568478713770056,1.0,42.11183503573354,19.89675498195196,64.78212978633957,260.84236618696355,"[-59.99999999999999, -59.99999999999999, 180.0, 0.0, 0.0, -75.0, -59.99999999999999, 180.0, 0.0, 0.0, -75.0, -45.0, -59.99999999999999, 0.0, -59.99999999999999, -59.99999999999999, -59.99999999999999, 0.0, 0.0, -165.0, 119.99999999999999, -59.99999999999999, 0.0, 0.0, 90.0, 59.99999999999999, 180.0, 0.0, 0.0, 0.0, -45.0, 90.0, -90.0, -29.999999999999996, 180.0, 0.0, 0.0, 0.0, 75.0, 59.99999999999999, 180.0, 0.0, -29.999999999999996, -45.0, 180.0, 0.0, 0.0]",3.024454469136404,8.237142991218281,4.521070748435481,5.508595556037851,4.848916770784997,False
172,261.01930160528343,10,37.4597587718768,92.42177539246836,-16.186188421328218,21.855281381867417,0.0,153.4870858533997,-11.005748399447313,-3.7978645499086894,-13.803101875931292,0.5883034522867087,0.5883034522867087,0.0,0.0,0.9626578685282956,0.568478713770056,1.0,42.11183503573354,19.89675498195196,64.78212978633957,261.01930160528343,"[-45.0, -59.99999999999999, 180.0, 0.0, 0.0, -75.0, -59.99999999999999, 180.0, 0.0, 0.0, -75.0, -45.0, -59.99999999999999, 0.0, -59.99999999999999, -59.99999999999999, -59.99999999999999, 0.0, 0.0, -165.0, 119.99999999999999, -59.99999999999999, 0.0, 0.0, 90.0, 59.99999999999999, 180.0, 0.0, 0.0, 0.0, -45.0, 90.0, -90.0, -29.999999999999996, 180.0, 0.0, 0.0, 0.0, 75.0, 59.99999999999999, 180.0, 0.0, -29.999999999999996, -45.0, 180.0, 0.0, 0.0]",3.024454469136404,8.237142991218281,4.521070748435481,5.508595556037851,4.848916770784997,False
173,261.02585904174583,10,37.4597587718768,92.42177539246836,-16.186188421328218,21.855281381867417,0.0,153.4870858533997,-11.005748399447313,-3.7978645499086894,-13.79654443946888,0.5883034522867087,0.5883034522867087,0.0,0.0,0.9626578685282956,0.568478713770056,1.0,42.11183503573354,19.89675498195196,64.78212978633957,261.02585904174583,"[-59.99999999999999, -59.99999999999999, 180.0, 0.0, 0.0, -75.0, -59.99999999999999, 180.0, 0.0, 0.0, -75.0, -45.0, -59.99999999999999, 0.0, -59.99999999999999, -59.99999999999999, -59.99999999999999, 0.0, 0.0, -165.0, 119.99999999999999, -59.99999999999999, 0.0, 0.0, 90.0, 59.99999999999999, 180.0, 0.0, 0.0, 0.0, -45.0, 90.0, -90.0, -29.999999999999996, 180.0, 0.0, 0.0, 0.0, 75.0, 59.99999999999999, 180.0, 0.0, -29.999999999999996, -59.99999999999999, 180.0, 0.0, 0.0]",3.024454469136404,8.237142991218281,4.521070748435481,5.508595556037851,4.848916770784997,False
174,261.11949436587673,10,37.4597587718768,92.42177539246836,-16.186188421328218,21.855281381867417,0.0,153.4870858533997,-11.005748399447313,-3.7978645499086894,-13.702909115337988,0.5883034522867087,0.5883034522867087,0.0,0.0,0.9626578685282956,0.568478713770056,1.0,42.11183503573354,19.89675498195196,64.78212978633957,261.11949436587673,"[-59.99999999999999, -59.99999999999999, 180.0, 0.0, 0.0, -75.0, -59.99999999999999, 180.0, 0.0, 0.0, -75.0, -45.0, -59.99999999999999, 0.0, -59.99999999999999, -59.99999999999999, -59.99999999999999, 0.0, 0.0, -165.0, 119.99999999999999, -59.99999999999999, 0.0, 0.0, 90.0, 59.99999999999999, 180.0, 0.0, 0.0, 0.0, -45.0, 90.0, -90.0, -29.999999999999996, 180.0, 0.0, 0.0, 0.0, 75.0, 59.99999999999999, 180.0, 0.0, -29.999999999999996, -29.999999999999996, 180.0, 0.0, 0.0]",3.024454469136404,8.237142991218281,4.521070748435481,5.508595556037851,4.848916770784997,False
175,261.2027944600658,10,37.4597587718768,92.42177539246836,-16.186188421328218,21.855281381867417,0.0,153.4870858533997,-11.005748399447313,-3.7978645499086894,-13.619609021148984,0.5883034522867087,0.5883034522867087,0.0,0.0,0.9626578685282956,0.568478713770056,1.0,42.11183503573354,19.89675498195196,64.78212978633957,261.2027944600658,"[-45.0, -59.99999999999999, 180.0, 0.0, 0.0, -75.0, -59.99999999999999, 180.0, 0.0, 0.0, -75.0, -45.0, -59.99999999999999, 0.0, -59.99999999999999, -59.99999999999999, -59.99999999999999, 0.0, 0.0, -165.0, 119.99999999999999, -59.99999999999999, 0.0, 0.0, 90.0, 59.99999999999999, 180.0, 0.0, 0.0, 0.0, -45.0, 90.0, -90.0, -29.999999999999996, 180.0, 0.0, 0.0, 0.0, 75.0, 59.99999999999999, 180.0, 0.0, -29.999999999999996, -59.99999999999999, 180.0, 0.0, 0.0]",3.024454469136404,8.237142991218281,4.521070748435481,5.508595556037851,4.848916770784997,False
176,261.2964297841966,10,37.4597587718768,92.42177539246836,-16.186188421328218,21.855281381867417,0.0,153.4870858533997,-11.005748399447313,-3.7978645499086894,-13.525973697018092,0.5883034522867087,0.5883034522867087,0.0,0.0,0.9626578685282956,0.568478713770056,1.0,42.11183503573354,19.89675498195196,64.78212978633957,261.2964297841966,"[-45.0, -59.99999999999999, 180.0, 0.0, 0.0, -75.0, -59.99999999999999, 180.0, 0.0, 0.0, -75.0, -45.0, -59.99999999999999, 0.0, -59.99999999999999, -59.99999999999999, -59.99999999999999, 0.0, 0.0, -165.0, 119.99999999999999, -59.99999999999999, 0.0, 0.0, 90.0, 59.99999999999999, 180.0, 0.0, 0.0, 0.0, -45.0, 90.0, -90.0, -29.999999999999996, 180.0, 0.0, 0.0, 0.0, 75.0, 59.99999999999999, 180.0, 0.0, -29.999999999999996, -29.999999999999996, 180.0, 0.0, 0.0]",3.024454469136404,8.237142991218281,4.521070748435481,5.508595556037851,4.848916770784997,False
177,261.541695187122,10,37.4597587718768,92.42177539246836,-16.186188421328218,21.855281381867417,0.0,153.4870858533997,-11.005748399447313,-3.7978645499086894,-13.280708294092747,0.5883034522867087,0.5883034522867087,0.0,0.0,0.9626578685282956,0.568478713770056,1.0,42.11183503573354,19.89675498195196,64.78212978633957,261.541695187122,"[-59.99999999999999, -59.99999999999999, 180.0, 0.0, 0.0, -75.0, -59.99999999999999, 180.0, 0.0, 0.0, -75.0, -45.0, -59.99999999999999, 0.0, -59.99999999999999, -59.99999999999999, -59.99999999999999, 0.0, 0.0, -165.0, 119.99999999999999, -59.99999999999999, 0.0, 0.0, 90.0, 59.99999999999999, 180.0, 0.0, 0.0, 0.0, -45.0, 90.0, -90.0, -29.999999999999996, 180.0, 0.0, 0.0, 0.0, 75.0, 59.99999999999999, 180.0, 0.0, -29.999999999999996, -75.0, 180.0, 0.0, 0.0]",3.024454469136404,8.237142991218281,4.521070748435481,5.508595556037851,4.848916770784997,False
178,261.7186306054419,10,37.4597587718768,92.42177539246836,-16.186188421328218,21.855281381867417,0.0,153.4870858533997,-11.005748399447313,-3.7978645499086894,-13.10377287577285,0.5883034522867087,0.5883034522867087,0.0,0.0,0.9626578685282956,0.568478713770056,1.0,42.11183503573354,19.89675498195196,64.78212978633957,261.7186306054419,"[-45.0, -59.99999999999999, 180.0, 0.0, 0.0, -75.0, -59.99999999999999, 180.0, 0.0, 0.0, -75.0, -45.0, -59.99999999999999, 0.0, -59.99999999999999, -59.99999999999999, -59.99999999999999, 0.0, 0.0, -165.0, 119.99999999999999, -59.99999999999999, 0.0, 0.0, 90.0, 59.99999999999999, 180.0, 0.0, 0.0, 0.0, -45.0, 90.0, -90.0, -29.999999999999996, 180.0, 0.0, 0.0, 0.0, 75.0, 59.99999999999999, 180.0, 0.0, -29.999999999999996, -75.0, 180.0, 0.0, 0.0]",3.024454469136404,8.237142991218281,4.521070748435481,5.508595556037851,4.848916770784997,False
179,261.72031706092565,10,37.4597587718768,92.42177539246836,-16.186188421328218,21.855281381867417,0.0,153.4870858533997,-11.005748399447313,-3.7978645499086894,-13.102086420289098,0.5883034522867087,0.5883034522867087,0.0,0.0,0.9626578685282956,0.568478713770056,1.0,42.11183503573354,19.89675498195196,64.78212978633957,261.72031706092565,"[-59.99999999999999, -59.99999999999999, 180.0, 0.0, 0.0, -75.0, -59.99999999999999, 180.0, 0.0, 0.0, -75.0, -45.0, -59.99999999999999, 0.0, -59.99999999999999, -59.99999999999999, -59.99999999999999, 0.0, 0.0, -165.0, 119.99999999999999, -59.99999999999999, 0.0, 0.0, 90.0, 59.99999999999999, 180.0, 0.0, 0.0, 0.0, -45.0, 90.0, -90.0, -29.999999999999996, 180.0, 0.0, 0.0, 0.0, 75.0, 59.99999999999999, 180.0, 0.0, -29.999999999999996, -14.999999999999998, 180.0, 0.0, 0.0]",3.024454469136404,8.237142991218281,4.521070748435481,5.508595556037851,4.848916770784997,False
180,261.89725247924554,10,37.4597587718768,92.42177539246836,-16.186188421328218,21.855281381867417,0.0,153.4870858533997,-11.005748399447313,-3.7978645499086894,-12.925151001969201,0.5883034522867087,0.5883034522867087,0.0,0.0,0.9626578685282956,0.568478713770056,1.0,42.11183503573354,19.89675498195196,64.78212978633957,261.89725247924554,"[-45.0, -59.99999999999999, 180.0, 0.0, 0.0, -75.0, -59.99999999999999, 180.0, 0.0, 0.0, -75.0, -45.0, -59.99999999999999, 0.0, -59.99999999999999, -59.99999999999999, -59.99999999999999, 0.0, 0.0, -165.0, 119.99999999999999, -59.99999999999999, 0.0, 0.0, 90.0, 59.99999999999999, 180.0, 0.0, 0.0, 0.0, -45.0, 90.0, -90.0, -29.999999999999996, 180.0, 0.0, 0.0, 0.0, 75.0, 59.99999999999999, 180.0, 0.0, -29.999999999999996, -14.999999999999998, 180.0, 0.0, 0.0]",3.024454469136404,8.237142991218281,4.521070748435481,5.508595556037851,4.848916770784997,False
181,262.90029100975687,10,37.4597587718768,92.42177539246836,-16.186188421328218,21.855281381867417,0.0,153.4870858533997,-11.005748399447313,-3.7978645499086894,-11.922112471457888,0.5883034522867087,0.5883034522867087,0.0,0.0,0.9626578685282956,0.568478713770056,1.0,42.11183503573354,19.89675498195196,64.78212978633957,262.90029100975687,"[-59.99999999999999, -59.99999999999999, 180.0, 0.0, 0.0, -75.0, -59.99999999999999, 180.0, 0.0, 0.0, -75.0, -45.0, -59.99999999999999, 0.0, -59.99999999999999, -59.99999999999999, -59.99999999999999, 0.0, 0.0, -165.0, 119.99999999999999, -59.99999999999999, 0.0, 0.0, 90.0, 59.99999999999999, 180.0, 0.0, 0.0, 0.0, -45.0, 90.0, -90.0, -29.999999999999996, 180.0, 0.0, 0.0, 0.0, 75.0, 59.99999999999999, 180.0, 0.0, -29.999999999999996, 150.0, 180.0, 0.0, 0.0]",3.024454469136404,8.237142991218281,4.521070748435481,5.508595556037851,4.848916770784997,False
182,262.94776061466564,10,37.4597587718768,92.42177539246836,-16.186188421328218,21.855281381867417,0.0,153.4870858533997,-11.005748399447313,-3.7978645499086894,-11.87464286654909,0.5883034522867087,0.5883034522867087,0.0,0.0,0.9626578685282956,0.568478713770056,1.0,42.11183503573354,19.89675498195196,64.78212978633957,262.94776061466564,"[-59.99999999999999, -59.99999999999999, 180.0, 0.0, 0.0, -75.0, -59.99999999999999, 180.0, 0.0, 0.0, -75.0, -45.0, -59.99999999999999, 0.0, -59.99999999999999, -59.99999999999999, -59.99999999999999, 0.0, 0.0, -165.0, 119.99999999999999, -59.99999999999999, 0.0, 0.0, 90.0, 59.99999999999999, 180.0, 0.0, 0.0, 0.0, -45.0, 90.0, -90.0, -29.999999999999996, 180.0, 0.0, 0.0, 0.0, 75.0, 59.99999999999999, 180.0, 0.0, -29.999999999999996, 135.0, 180.0, 0.0, 0.0]",3.024454469136404,8.237142991218281,4.521070748435481,5.508595556037851,4.848916770784997,False
183,263.0307748779016,10,37.4597587718768,92.42177539246836,-16.186188421328218,21.855281381867417,0.0,153.4870858533997,-11.005748399447313,-3.7978645499086894,-11.791628603313121,0.5883034522867087,0.5883034522867087,0.0,0.0,0.9626578685282956,0.568478713770056,1.0,42.11183503573354,19.89675498195196,64.78212978633957,263.0307748779016,"[-59.99999999999999, -59.99999999999999, 180.0, 0.0, 0.0, -75.0, -59.99999999999999, 180.0, 0.0, 0.0, -75.0, -45.0, -59.99999999999999, 0.0, -59.99999999999999, -59.99999999999999, -59.99999999999999, 0.0, 0.0, -165.0, 119.99999999999999, -59.99999999999999, 0.0, 0.0, 90.0, 59.99999999999999, 180.0, 0.0, 0.0, 0.0, -45.0, 90.0, -90.0, -29.999999999999996, 180.0, 0.0, 0.0, 0.0, 75.0, 59.99999999999999, 180.0, 0.0, -29.999999999999996, 119.99999999999999, 180.0, 0.0, 0.0]",3.024454469136404,8.237142991218281,4.521070748435481,5.508595556037851,4.848916770784997,False
184,263.07722642807676,10,37.4597587718768,92.42177539246836,-16.186188421328218,21.855281381867417,0.0,153.4870858533997,-11.005748399447313,-3.7978645499086894,-11.745177053137992,0.5883034522867087,0.5883034522867087,0.0,0.0,0.9626578685282956,0.568478713770056,1.0,42.11183503573354,19.89675498195196,64.78212978633957,263.07722642807676,"[-45.0, -59.99999999999999, 180.0, 0.0, 0.0, -75.0, -59.99999999999999, 180.0, 0.0, 0.0, -75.0, -45.0, -59.99999999999999, 0.0, -59.99999999999999, -59.99999999999999, -59.99999999999999, 0.0, 0.0, -165.0, 119.99999999999999, -59.99999999999999, 0.0, 0.0, 90.0, 59.99999999999999, 180.0, 0.0, 0.0, 0.0, -45.0, 90.0, -90.0, -29.999999999999996, 180.0, 0.0, 0.0, 0.0, 75.0, 59.99999999999999, 180.0, 0.0, -29.999999999999996, 150.0, 180.0, 0.0, 0.0]",3.024454469136404,8.237142991218281,4.521070748435481,5.508595556037851,4.848916770784997,False
185,263.1246960329855,10,37.4597587718768,92.42177539246836,-16.186188421328218,21.855281381867417,0.0,153.4870858533997,-11.005748399447313,-3.7978645499086894,-11.697707448229194,0.5883034522867087,0.5883034522867087,0.0,0.0,0.9626578685282956,0.568478713770056,1.0,42.11183503573354,19.89675498195196,64.78212978633957,263.1246960329855,"[-45.0, -59.99999999999999, 180.0, 0.0, 0.0, -75.0, -59.99999999999999, 180.0, 0.0, 0.0, -75.0, -45.0, -59.99999999999999, 0.0, -59.99999999999999, -59.99999999999999, -59.99999999999999, 0.0, 0.0, -165.0, 119.99999999999999, -59.99999999999999, 0.0, 0.0, 90.0, 59.99999999999999, 180.0, 0.0, 0.0, 0.0, -45.0, 90.0, -90.0, -29.999999999999996, 180.0, 0.0, 0.0, 0.0, 75.0, 59.99999999999999, 180.0, 0.0, -29.999999999999996, 135.0, 180.0, 0.0, 0.0]",3.024454469136404,8.237142991218281,4.521070748435481,5.508595556037851,4.848916770784997,False
186,263.14696726527393,10,37.4597587718768,92.42177539246836,-16.186188421328218,21.855281381867417,0.0,153.4870858533997,-11.005748399447313,-3.7978645499086894,-11.675436215940806,0.5883034522867087,0.5883034522867087,0.0,0.0,0.9626578685282956,0.568478713770056,1.0,42.11183503573354,19.89675498195196,64.78212978633957,263.14696726527393,"[-59.99999999999999, -59.99999999999999, 180.0, 0.0, 0.0, -75.0, -59.99999999999999, 180.0, 0.0, 0.0, -75.0, -45.0, -59.99999999999999, 0.0, -59.99999999999999, -59.99999999999999, -59.99999999999999, 0.0, 0.0, -165.0, 119.99999999999999, -59.99999999999999, 0.0, 0.0, 90.0, 59.99999999999999, 180.0, 0.0, 0.0, 0.0, -45.0, 90.0, -90.0, -29.999999999999996, 180.0, 0.0, 0.0, 0.0, 75.0, 59.99999999999999, 180.0, 0.0, -29.999999999999996, 105.00000000000001, 180.0, 0.0, 0.0]",3.024454469136404,8.237142991218281,4.521070748435481,5.508595556037851,4.848916770784997,False
187,263.20771029622153,10,37.4597587718768,92.42177539246836,-16.186188421328218,21.855281381867417,0.0,153.4870858533997,-11.005748399447313,-3.7978645499086894,-11.614693184993225,0.5883034522867087,0.5883034522867087,0.0,0.0,0.9626578685282956,0.568478713770056,1.0,42.11183503573354,19.89675498195196,64.78212978633957,263.20771029622153,"[-45.0, -59.99999999999999, 180.0, 0.0, 0.0, -75.0, -59.99999999999999, 180.0, 0.0, 0.0, -75.0, -45.0, -59.99999999999999, 0.0, -59.99999999999999, -59.99999999999999, -59.99999999999999, 0.0, 0.0, -165.0, 119.99999999999999, -59.99999999999999, 0.0, 0.0, 90.0, 59.99999999999999, 180.0, 0.0, 0.0, 0.0, -45.0, 90.0, -90.0, -29.999999999999996, 180.0, 0.0, 0.0, 0.0, 75.0, 59.99999999999999, 180.0, 0.0, -29.999999999999996, 119.99999999999999, 180.0, 0.0, 0.0]",3.024454469136404,8.237142991218281,4.521070748435481,5.508595556037851,4.848916770784997,False
188,263.27646652561464,10,37.4597587718768,92.42177539246836,-16.186188421328218,21.855281381867417,0.0,153.4870858533997,-11.005748399447313,-3.7978645499086894,-11.545936955600103,0.5883034522867087,0.5883034522867087,0.0,0.0,0.9626578685282956,0.568478713770056,1.0,42.11183503573354,19.89675498195196,64.78212978633957,263.27646652561464,"[-59.99999999999999, -59.99999999999999, 180.0, 0.0, 0.0, -75.0, -59.99999999999999, 180.0, 0.0, 0.0, -75.0, -45.0, -59.99999999999999, 0.0, -59.99999999999999, -59.99999999999999, -59.99999999999999, 0.0, 0.0, -165.0, 119.99999999999999, -59.99999999999999, 0.0, 0.0, 90.0, 59.99999999999999, 180.0, 0.0, 0.0, 0.0, -45.0, 90.0, -90.0, -29.999999999999996, 180.0, 0.0, 0.0, 0.0, 75.0, 59.99999999999999, 180.0, 0.0, -29.999999999999996, 90.0, 180.0, 0.0, 0.0]",3.024454469136404,8.237142991218281,4.521070748435481,5.508595556037851,4.848916770784997,False
189,263.3239026835938,10,37.4597587718768,92.42177539246836,-16.186188421328218,21.855281381867417,0.0,153.4870858533997,-11.005748399447313,-3.7978645499086894,-11.49850079762091,0.5883034522867087,0.5883034522867087,0.0,0.0,0.9626578685282956,0.568478713770056,1.0,42.11183503573354,19.89675498195196,64.78212978633957,263.3239026835938,"[-45.0, -59.99999999999999, 180.0, 0.0, 0.0, -75.0, -59.99999999999999, 180.0, 0.0, 0.0, -75.0, -45.0, -59.99999999999999, 0.0, -59.99999999999999, -59.99999999999999, -59.99999999999999, 0.0, 0.0, -165.0, 119.99999999999999, -59.99999999999999, 0.0, 0.0, 90.0, 59.99999999999999, 180.0, 0.0, 0.0, 0.0, -45.0, 90.0, -90.0, -29.999999999999996, 180.0, 0.0, 0.0, 0.0, 75.0, 59.99999999999999, 180.0, 0.0, -29.999999999999996, 105.00000000000001, 180.0, 0.0, 0.0]",3.024454469136404,8.237142991218281,4.521070748435481,5.508595556037851,4.848916770784997,False
190,263.4534019439345,10,37.4597587718768,92.42177539246836,-16.186188421328218,21.855281381867417,0.0,153.4870858533997,-11.005748399447313,-3.7978645499086894,-11.369001537280207,0.5883034522867087,0.5883034522867087,0.0,0.0,0.9626578685282956,0.568478713770056,1.0,42.11183503573354,19.89675498195196,64.78212978633957,263.4534019439345,"[-45.0, -59.99999999999999, 180.0, 0.0, 0.0, -75.0, -59.99999999999999, 180.0, 0.0, 0.0, -75.0, -45.0, -59.99999999999999, 0.0, -59.99999999999999, -59.99999999999999, -59.99999999999999, 0.0, 0.0, -165.0, 119.99999999999999, -59.99999999999999, 0.0, 0.0, 90.0, 59.99999999999999, 180.0, 0.0, 0.0, 0.0, -45.0, 90.0, -90.0, -29.999999999999996, 180.0, 0.0, 0.0, 0.0, 75.0, 59.99999999999999, 180.0, 0.0, -29.999999999999996, 90.0, 180.0, 0.0, 0.0]",3.024454469136404,8.237142991218281,4.521070748435481,5.508595556037851,4.848916770784997,False
191,265.9248293801906,10,37.47753780189254,97.02100408957895,-16.186188421328218,21.803674139159973,0.0,151.9777552129144,-11.005748399447313,-3.7978645499086894,-11.953643944957694,0.5883034522867087,0.5883034522867087,0.0,0.0,0.9607995943072408,0.5395973723354633,1.0,41.850349357348136,18.885908031741216,64.497458839576,265.9248293801906,"[-59.99999999999999, -59.99999999999999, 180.0, 0.0, 0.0, -75.0, -59.99999999999999, 180.0, 0.0, 0.0, -75.0, -45.0, -59.99999999999999, 0.0, -59.99999999999999, -59.99999999999999, -59.99999999999999, 0.0, 0.0, -165.0, 119.99999999999999, -59.99999999999999, 0.0, 0.0, 90.0, 59.99999999999999, 180.0, 0.0, 0.0, 0.0, -45.0, 90.0, -90.0, -29.999999999999996, 180.0, 0.0, 0.0, 0.0, 75.0, 14.999999999999998, 180.0, 0.0, 29.999999999999996, 14.999999999999998, 180.0, 0.0, 0.0]",3.0001420630417064,8.2377924611589,4.516412599966376,5.508595556037851,4.848916770784997,False
192,265.9328793068093,10,37.47753780189254,97.02100408957895,-16.186188421328218,21.803674139159973,0.0,151.9777552129144,-11.005748399447313,-3.7978645499086894,-11.945594018339042,0.5883034522867087,0.5883034522867087,0.0,0.0,0.9607995943072408,0.5395973723354633,1.0,41.850349357348136,18.885908031741216,64.497458839576,265.9328793068093,"[-59.99999999999999, -59.99999999999999, 180.0, 0.0, 0.0, -75.0, -59.99999999999999, 180.0, 0.0, 0.0, -75.0, -45.0, -59.99999999999999, 0.0, -59.99999999999999, -59.99999999999999, -59.99999999999999, 0.0, 0.0, -165.0, 119.99999999999999, -59.99999999999999, 0.0, 0.0, 90.0, 59.99999999999999, 180.0, 0.0, 0.0, 0.0, -45.0, 90.0, -90.0, -29.999999999999996, 180.0, 0.0, 0.0, 0.0, 75.0, 14.999999999999998, 180.0, 0.0, 29.999999999999996, 29.999999999999996, 180.0, 0.0, 0.0]",3.0001420630417064,8.2377924611589,4.516412599966376,5.508595556037851,4.848916770784997,False
193,265.93666355223934,10,37.47753780189254,97.02100408957895,-16.186188421328218,21.803674139159973,0.0,151.9777552129144,-11.005748399447313,-3.7978645499086894,-11.941809772909009,0.5883034522867087,0.5883034522867087,0.0,0.0,0.9607995943072408,0.5395973723354633,1.0,41.850349357348136,18.885908031741216,64.497458839576,265.93666355223934,"[-59.99999999999999, -59.99999999999999, 180.0, 0.0, 0.0, -75.0, -59.99999999999999, 180.0, 0.0, 0.0, -75.0, -45.0, -59.99999999999999, 0.0, -59.99999999999999, -59.99999999999999, -59.99999999999999, 0.0, 0.0, -165.0, 119.99999999999999, -59.99999999999999, 0.0, 0.0, 90.0, 59.99999999999999, 180.0, 0.0, 0.0, 0.0, -45.0, 90.0, -90.0, -29.999999999999996, 180.0, 0.0, 0.0, 0.0, 75.0, 14.999999999999998, 180.0, 0.0, 29.999999999999996, 45.0, 180.0, 0.0, 0.0]",3.0001420630417064,8.2377924611589,4.516412599966376,5.508595556037851,4.848916770784997,False
194,265.93717991797587,10,37.47753780189254,97.02100408957895,-16.186188421328218,21.803674139159973,0.0,151.9777552129144,-11.005748399447313,-3.7978645499086894,-11.94129340717248,0.5883034522867087,0.5883034522867087,0.0,0.0,0.9607995943072408,0.5395973723354633,1.0,41.850349357348136,18.885908031741216,64.497458839576,265.93717991797587,"[-59.99999999999999, -59.99999999999999, 180.0, 0.0, 0.0, -75.0, -59.99999999999999, 180.0, 0.0, 0.0, -75.0, -45.0, -59.99999999999999, 0.0, -59.99999999999999, -59.99999999999999, -59.99999999999999, 0.0, 0.0, -165.0, 119.99999999999999, -59.99999999999999, 0.0, 0.0, 90.0, 59.99999999999999, 180.0, 0.0, 0.0, 0.0, -45.0, 90.0, -90.0, -29.999999999999996, 180.0, 0.0, 0.0, 0.0, 75.0, 14.999999999999998, 180.0, 0.0, 29.999999999999996, 75.0, 180.0, 0.0, 0.0]",3.0001420630417064,8.2377924611589,4.516412599966376,5.508595556037851,4.848916770784997,False
195,265.93776742683974,10,37.47753780189254,97.02100408957895,-16.186188421328218,21.803674139159973,0.0,151.9777552129144,-11.005748399447313,-3.7978645499086894,-11.940705898308595,0.5883034522867087,0.5883034522867087,0.0,0.0,0.9607995943072408,0.5395973723354633,1.0,41.850349357348136,18.885908031741216,64.497458839576,265.93776742683974,"[-59.99999999999999, -59.99999999999999, 180.0, 0.0, 0.0, -75.0, -59.99999999999999, 180.0, 0.0, 0.0, -75.0, -45.0, -59.99999999999999, 0.0, -59.99999999999999, -59.99999999999999, -59.99999999999999, 0.0, 0.0, -165.0, 119.99999999999999, -59.99999999999999, 0.0, 0.0, 90.0, 59.99999999999999, 180.0, 0.0, 0.0, 0.0, -45.0, 90.0, -90.0, -29.999999999999996, 180.0, 0.0, 0.0, 0.0, 75.0, 14.999999999999998, 180.0, 0.0, 29.999999999999996, 59.99999999999999, 180.0, 0.0, 0.0]",3.0001420630417064,8.2377924611589,4.516412599966376,5.508595556037851,4.848916770784997,False
196,266.10176479851054,10,37.47753780189254,97.02100408957895,-16.186188421328218,21.803674139159973,0.0,151.9777552129144,-11.005748399447313,-3.7978645499086894,-11.776708526637798,0.5883034522867087,0.5883034522867087,0.0,0.0,0.9607995943072408,0.5395973723354633,1.0,41.850349357348136,18.885908031741216,64.497458839576,266.10176479851054,"[-45.0, -59.99999999999999, 180.0, 0.0, 0.0, -75.0, -59.99999999999999, 180.0, 0.0, 0.0, -75.0, -45.0, -59.99999999999999, 0.0, -59.99999999999999, -59.99999999999999, -59.99999999999999, 0.0, 0.0, -165.0, 119.99999999999999, -59.99999999999999, 0.0, 0.0, 90.0, 59.99999999999999, 180.0, 0.0, 0.0, 0.0, -45.0, 90.0, -90.0, -29.999999999999996, 180.0, 0.0, 0.0, 0.0, 75.0, 14.999999999999998, 180.0, 0.0, 29.999999999999996, 14.999999999999998, 180.0, 0.0, 0.0]",3.0001420630417064,8.2377924611589,4.516412599966376,5.508595556037851,4.848916770784997,False
197,266.1098147251292,10,37.47753780189254,97.02100408957895,-16.186188421328218,21.803674139159973,0.0,151.9777552129144,-11.005748399447313,-3.7978645499086894,-11.768658600019146,0.5883034522867087,0.5883034522867087,0.0,0.0,0.9607995943072408,0.5395973723354633,1.0,41.850349357348136,18.885908031741216,64.497458839576,266.1098147251292,"[-45.0, -59.99999999999999, 180.0, 0.0, 0.0, -75.0, -59.99999999999999, 180.0, 0.0, 0.0, -75.0, -45.0, -59.99999999999999, 0.0, -59.99999999999999, -59.99999999999999, -59.99999999999999, 0.0, 0.0, -165.0, 119.99999999999999, -59.99999999999999, 0.0, 0.0, 90.0, 59.99999999999999, 180.0, 0.0, 0.0, 0.0, -45.0, 90.0, -90.0, -29.999999999999996, 180.0, 0.0, 0.0, 0.0, 75.0, 14.999999999999998, 180.0, 0.0, 29.999999999999996, 29.999999999999996, 180.0, 0.0, 0.0]",3.0001420630417064,8.2377924611589,4.516412599966376,5.508595556037851,4.848916770784997,False
198,266.1135989705592,10,37.47753780189254,97.02100408957895,-16.186188421328218,21.803674139159973,0.0,151.9777552129144,-11.005748399447313,-3.7978645499086894,-11.764874354589113,0.5883034522867087,0.5883034522867087,0.0,0.0,0.9607995943072408,0.5395973723354633,1.0,41.850349357348136,18.885908031741216,64.497458839576,266.1135989705592,"[-45.0, -59.99999999999999, 180.0, 0.0, 0.0, -75.0, -59.99999999999999, 180.0, 0.0, 0.0, -75.0, -45.0, -59.99999999999999, 0.0, -59.99999999999999, -59.99999999999999, -59.99999999999999, 0.0, 0.0, -165.0, 119.99999999999999, -59.99999999999999, 0.0, 0.0, 90.0, 59.99999999999999, 180.0, 0.0, 0.0, 0.0, -45.0, 90.0, -90.0, -29.999999999999996, 180.0, 0.0, 0.0, 0.0, 75.0, 14.999999999999998, 180.0, 0.0, 29.999999999999996, 45.0, 180.0, 0.0, 0.0]",3.0001420630417064,8.2377924611589,4.516412599966376,5.508595556037851,4.848916770784997,False
199,266.11411533629575,10,37.47753780189254,97.02100408957895,-16.186188421328218,21.803674139159973,0.0,151.9777552129144,-11.005748399447313,-3.7978645499086894,-11.764357988852584,0.5883034522867087,0.5883034522867087,0.0,0.0,0.9607995943072408,0.5395973723354633,1.0,41.850349357348136,18.885908031741216,64.497458839576,266.11411533629575,"[-45.0, -59.99999999999999, 180.0, 0.0, 0.0, -75.0, -59.99999999999999, 180.0, 0.0, 0.0, -75.0, -45.0, -59.99999999999999, 0.0, -59.99999999999999, -59.99999999999999, -59.99999999999999, 0.0, 0.0, -165.0, 119.99999999999999, -59.99999999999999, 0.0, 0.0, 90.0, 59.99999999999999, 180.0, 0.0, 0.0, 0.0, -45.0, 90.0, -90.0, -29.999999999999996, 180.0, 0.0, 0.0, 0.0, 75.0, 14.999999999999998, 180.0, 0.0, 29.999999999999996, 75.0, 180.0, 0.0, 0.0]",3.0001420630417064,8.2377924611589,4.516412599966376,5.508595556037851,4.848916770784997,False
200,266.1147028451596,10,37.47753780189254,97.02100408957895,-16.186188421328218,21.803674139159973,0.0,151.9777552129144,-11.005748399447313,-3.7978645499086894,-11.763770479988699,0.5883034522867087,0.5883034522867087,0.0,0.0,0.9607995943072408,0.5395973723354633,1.0,41.850349357348136,18.885908031741216,64.497458839576,266.1147028451596,"[-45.0, -59.99999999999999, 180.0, 0.0, 0.0, -75.0, -59.99999999999999, 180.0, 0.0, 0.0, -75.0, -45.0, -59.99999999999999, 0.0, -59.99999999999999, -59.99999999999999, -59.99999999999999, 0.0, 0.0, -165.0, 119.99999999999999, -59.99999999999999, 0.0, 0.0, 90.0, 59.99999999999999, 180.0, 0.0, 0.0, 0.0, -45.0, 90.0, -90.0, -29.999999999999996, 180.0, 0.0, 0.0, 0.0, 75.0, 14.999999999999998, 180.0, 0.0, 29.999999999999996, 59.99999999999999, 180.0, 0.0, 0.0]",3.0001420630417064,8.2377924611589,4.516412599966376,5.508595556037851,4.848916770784997,False
