replica_id,seed,init_type,sequence,forcefield,energy,rmsd_to_reference,pred_e2e_A,pred_rg_A,ref_e2e_A,ref_rg_A,runtime_s,hw_backend,hw_shots,pdb_path,ca_pdb_path
64,313296831,random,YYDPETGTWY,amber,20.00191342013389,2.7007388018156164,10.842562256707229,5.250791790065295,5.508595556037851,4.848916770784997,268.9,aer,4096,outputs/energy_reps_Brickwork_entanglement/slurm_YYDPETGTWY_amber/replica_64/replica_64.pdb,outputs/energy_reps_Brickwork_entanglement/slurm_YYDPETGTWY_amber/replica_64/replica_64_ca.pdb
223,313296990,random,YYDPETGTWY,amber,-37.9038719966276,2.7889444311366094,9.155772954489283,5.169856289831988,5.508595556037851,4.848916770784997,264.79,aer,4096,outputs/energy_reps_Brickwork_entanglement/slurm_YYDPETGTWY_amber/replica_223/replica_223.pdb,outputs/energy_reps_Brickwork_entanglement/slurm_YYDPETGTWY_amber/replica_223/replica_223_ca.pdb
159,313296926,random,YYDPETGTWY,amber,37.424208610631325,3.03126076958355,10.769084298032267,5.748693826444645,5.508595556037851,4.848916770784997,567.57,aer,4096,outputs/energy_reps_Brickwork_entanglement/slurm_YYDPETGTWY_amber/replica_159/replica_159.pdb,outputs/energy_reps_Brickwork_entanglement/slurm_YYDPETGTWY_amber/replica_159/replica_159_ca.pdb
127,313296894,random,YYDPETGTWY,amber,4.1479065401825705,3.05523825211005,10.5566334108216,5.540034787578334,5.508595556037851,4.848916770784997,219.29,aer,4096,outputs/energy_reps_Brickwork_entanglement/slurm_YYDPETGTWY_amber/replica_127/replica_127.pdb,outputs/energy_reps_Brickwork_entanglement/slurm_YYDPETGTWY_amber/replica_127/replica_127_ca.pdb
238,313297005,random,YYDPETGTWY,amber,38.15669778239362,3.220593516051743,11.816026655781917,5.547460837710121,5.508595556037851,4.848916770784997,250.39,aer,4096,outputs/energy_reps_Brickwork_entanglement/slurm_YYDPETGTWY_amber/replica_238/replica_238.pdb,outputs/energy_reps_Brickwork_entanglement/slurm_YYDPETGTWY_amber/replica_238/replica_238_ca.pdb
90,313296857,random,YYDPETGTWY,amber,15.925274318682712,3.4880113560283306,14.971050590870469,5.8083615339169095,5.508595556037851,4.848916770784997,293.11,aer,4096,outputs/energy_reps_Brickwork_entanglement/slurm_YYDPETGTWY_amber/replica_90/replica_90.pdb,outputs/energy_reps_Brickwork_entanglement/slurm_YYDPETGTWY_amber/replica_90/replica_90_ca.pdb
158,313296925,random,YYDPETGTWY,amber,56.34825079481012,3.509596473823495,11.572148240409474,5.774392215717651,5.508595556037851,4.848916770784997,323.23,aer,4096,outputs/energy_reps_Brickwork_entanglement/slurm_YYDPETGTWY_amber/replica_158/replica_158.pdb,outputs/energy_reps_Brickwork_entanglement/slurm_YYDPETGTWY_amber/replica_158/replica_158_ca.pdb
228,313296995,random,YYDPETGTWY,amber,45.662088655949624,3.5219528315543087,14.355112891236145,5.893335068761258,5.508595556037851,4.848916770784997,279.28,aer,4096,outputs/energy_reps_Brickwork_entanglement/slurm_YYDPETGTWY_amber/replica_228/replica_228.pdb,outputs/energy_reps_Brickwork_entanglement/slurm_YYDPETGTWY_amber/replica_228/replica_228_ca.pdb
210,313296977,random,YYDPETGTWY,amber,1.5878297142686586,3.5435379249374876,15.121454256476017,5.9883560807772005,5.508595556037851,4.848916770784997,227.73,aer,4096,outputs/energy_reps_Brickwork_entanglement/slurm_YYDPETGTWY_amber/replica_210/replica_210.pdb,outputs/energy_reps_Brickwork_entanglement/slurm_YYDPETGTWY_amber/replica_210/replica_210_ca.pdb
83,313296850,random,YYDPETGTWY,amber,-26.25796869162179,3.6094488909774363,14.736720259582924,6.009931783135541,5.508595556037851,4.848916770784997,265.74,aer,4096,outputs/energy_reps_Brickwork_entanglement/slurm_YYDPETGTWY_amber/replica_83/replica_83.pdb,outputs/energy_reps_Brickwork_entanglement/slurm_YYDPETGTWY_amber/replica_83/replica_83_ca.pdb
310,313297077,random,YYDPETGTWY,amber,43.14627406188478,3.628903343578048,13.17726891586551,6.015708715776558,5.508595556037851,4.848916770784997,465.66,aer,4096,outputs/energy_reps_Brickwork_entanglement/slurm_YYDPETGTWY_amber/replica_310/replica_310.pdb,outputs/energy_reps_Brickwork_entanglement/slurm_YYDPETGTWY_amber/replica_310/replica_310_ca.pdb
145,313296912,random,YYDPETGTWY,amber,-62.23222438012645,3.6331823980717988,15.793484458159927,5.971694740706829,5.508595556037851,4.848916770784997,328.86,aer,4096,outputs/energy_reps_Brickwork_entanglement/slurm_YYDPETGTWY_amber/replica_145/replica_145.pdb,outputs/energy_reps_Brickwork_entanglement/slurm_YYDPETGTWY_amber/replica_145/replica_145_ca.pdb
165,313296932,random,YYDPETGTWY,amber,-9.914880199807353,3.773821701432279,11.99910745065947,5.9597835353590725,5.508595556037851,4.848916770784997,234.65,aer,4096,outputs/energy_reps_Brickwork_entanglement/slurm_YYDPETGTWY_amber/replica_165/replica_165.pdb,outputs/energy_reps_Brickwork_entanglement/slurm_YYDPETGTWY_amber/replica_165/replica_165_ca.pdb
61,313296828,random,YYDPETGTWY,amber,-19.905190229866196,3.8848668006193248,16.473360488153446,6.0514196443624035,5.508595556037851,4.848916770784997,308.46,aer,4096,outputs/energy_reps_Brickwork_entanglement/slurm_YYDPETGTWY_amber/replica_61/replica_61.pdb,outputs/energy_reps_Brickwork_entanglement/slurm_YYDPETGTWY_amber/replica_61/replica_61_ca.pdb
281,313297048,random,YYDPETGTWY,amber,-31.602614756747116,3.9315846505466956,13.582347109869666,6.078629820624324,5.508595556037851,4.848916770784997,225.38,aer,4096,outputs/energy_reps_Brickwork_entanglement/slurm_YYDPETGTWY_amber/replica_281/replica_281.pdb,outputs/energy_reps_Brickwork_entanglement/slurm_YYDPETGTWY_amber/replica_281/replica_281_ca.pdb
48,313296815,random,YYDPETGTWY,amber,-24.024283654046744,3.981324321596611,15.401493293453717,6.149528753505121,5.508595556037851,4.848916770784997,305.55,aer,4096,outputs/energy_reps_Brickwork_entanglement/slurm_YYDPETGTWY_amber/replica_48/replica_48.pdb,outputs/energy_reps_Brickwork_entanglement/slurm_YYDPETGTWY_amber/replica_48/replica_48_ca.pdb
276,313297043,random,YYDPETGTWY,amber,-52.41737655149134,4.015940223277686,14.567122698352975,5.832204002523222,5.508595556037851,4.848916770784997,235.49,aer,4096,outputs/energy_reps_Brickwork_entanglement/slurm_YYDPETGTWY_amber/replica_276/replica_276.pdb,outputs/energy_reps_Brickwork_entanglement/slurm_YYDPETGTWY_amber/replica_276/replica_276_ca.pdb
124,313296891,random,YYDPETGTWY,amber,-82.74996366938245,4.051048922319554,16.343036335274636,6.163411621857377,5.508595556037851,4.848916770784997,229.54,aer,4096,outputs/energy_reps_Brickwork_entanglement/slurm_YYDPETGTWY_amber/replica_124/replica_124.pdb,outputs/energy_reps_Brickwork_entanglement/slurm_YYDPETGTWY_amber/replica_124/replica_124_ca.pdb
302,313297069,random,YYDPETGTWY,amber,-3.4049574892983823,4.061556978926452,15.940854319418094,6.088933457864587,5.508595556037851,4.848916770784997,268.7,aer,4096,outputs/energy_reps_Brickwork_entanglement/slurm_YYDPETGTWY_amber/replica_302/replica_302.pdb,outputs/energy_reps_Brickwork_entanglement/slurm_YYDPETGTWY_amber/replica_302/replica_302_ca.pdb
178,313296945,random,YYDPETGTWY,amber,-44.51949220173963,4.074527854496286,15.249098496708077,6.0933569907471785,5.508595556037851,4.848916770784997,352.85,aer,4096,outputs/energy_reps_Brickwork_entanglement/slurm_YYDPETGTWY_amber/replica_178/replica_178.pdb,outputs/energy_reps_Brickwork_entanglement/slurm_YYDPETGTWY_amber/replica_178/replica_178_ca.pdb
345,313297112,random,YYDPETGTWY,amber,29.206529058873645,4.121458498929852,15.056439883584694,6.270465369114173,5.508595556037851,4.848916770784997,370.23,aer,4096,outputs/energy_reps_Brickwork_entanglement/slurm_YYDPETGTWY_amber/replica_345/replica_345.pdb,outputs/energy_reps_Brickwork_entanglement/slurm_YYDPETGTWY_amber/replica_345/replica_345_ca.pdb
188,313296955,random,YYDPETGTWY,amber,-75.8850788628068,4.146627414570757,15.509747349799401,6.300796022450591,5.508595556037851,4.848916770784997,281.74,aer,4096,outputs/energy_reps_Brickwork_entanglement/slurm_YYDPETGTWY_amber/replica_188/replica_188.pdb,outputs/energy_reps_Brickwork_entanglement/slurm_YYDPETGTWY_amber/replica_188/replica_188_ca.pdb
129,313296896,random,YYDPETGTWY,amber,47.79599835435553,4.219015787566165,16.06693329387842,6.053414473949946,5.508595556037851,4.848916770784997,278.54,aer,4096,outputs/energy_reps_Brickwork_entanglement/slurm_YYDPETGTWY_amber/replica_129/replica_129.pdb,outputs/energy_reps_Brickwork_entanglement/slurm_YYDPETGTWY_amber/replica_129/replica_129_ca.pdb
122,313296889,random,YYDPETGTWY,amber,-8.94598652612296,4.234114312416708,17.678626462874973,6.199754337959172,5.508595556037851,4.848916770784997,380.34,aer,4096,outputs/energy_reps_Brickwork_entanglement/slurm_YYDPETGTWY_amber/replica_122/replica_122.pdb,outputs/energy_reps_Brickwork_entanglement/slurm_YYDPETGTWY_amber/replica_122/replica_122_ca.pdb
0,313296767,random,YYDPETGTWY,amber,71.36820573675217,4.308899921549367,15.848259644832666,6.428127679654129,5.508595556037851,4.848916770784997,255.22,aer,4096,outputs/energy_reps_Brickwork_entanglement/slurm_YYDPETGTWY_amber/replica_0/replica_0.pdb,outputs/energy_reps_Brickwork_entanglement/slurm_YYDPETGTWY_amber/replica_0/replica_0_ca.pdb
237,313297004,random,YYDPETGTWY,amber,-58.074950401801715,4.3334030214014865,15.27581224129789,6.666929828616618,5.508595556037851,4.848916770784997,304.0,aer,4096,outputs/energy_reps_Brickwork_entanglement/slurm_YYDPETGTWY_amber/replica_237/replica_237.pdb,outputs/energy_reps_Brickwork_entanglement/slurm_YYDPETGTWY_amber/replica_237/replica_237_ca.pdb
157,313296924,random,YYDPETGTWY,amber,11.868794217358534,4.343722991897488,15.9854875442646,6.042644006383377,5.508595556037851,4.848916770784997,257.91,aer,4096,outputs/energy_reps_Brickwork_entanglement/slurm_YYDPETGTWY_amber/replica_157/replica_157.pdb,outputs/energy_reps_Brickwork_entanglement/slurm_YYDPETGTWY_amber/replica_157/replica_157_ca.pdb
224,313296991,random,YYDPETGTWY,amber,-19.804016629567286,4.435091163152749,16.07743692674084,6.440967736958913,5.508595556037851,4.848916770784997,217.43,aer,4096,outputs/energy_reps_Brickwork_entanglement/slurm_YYDPETGTWY_amber/replica_224/replica_224.pdb,outputs/energy_reps_Brickwork_entanglement/slurm_YYDPETGTWY_amber/replica_224/replica_224_ca.pdb
174,313296941,random,YYDPETGTWY,amber,-10.691545819189558,4.448058860328373,17.378072150981815,6.208730663522781,5.508595556037851,4.848916770784997,385.83,aer,4096,outputs/energy_reps_Brickwork_entanglement/slurm_YYDPETGTWY_amber/replica_174/replica_174.pdb,outputs/energy_reps_Brickwork_entanglement/slurm_YYDPETGTWY_amber/replica_174/replica_174_ca.pdb
189,313296956,random,YYDPETGTWY,amber,-12.204463709320619,4.469817734978118,18.0762127110761,6.483897205063708,5.508595556037851,4.848916770784997,240.73,aer,4096,outputs/energy_reps_Brickwork_entanglement/slurm_YYDPETGTWY_amber/replica_189/replica_189.pdb,outputs/energy_reps_Brickwork_entanglement/slurm_YYDPETGTWY_amber/replica_189/replica_189_ca.pdb
118,313296885,random,YYDPETGTWY,amber,83.99811854430826,4.475694926898563,17.32380626062666,6.643651751822348,5.508595556037851,4.848916770784997,508.84,aer,4096,outputs/energy_reps_Brickwork_entanglement/slurm_YYDPETGTWY_amber/replica_118/replica_118.pdb,outputs/energy_reps_Brickwork_entanglement/slurm_YYDPETGTWY_amber/replica_118/replica_118_ca.pdb
218,313296985,random,YYDPETGTWY,amber,-20.824289739252706,4.480141389698156,16.742827275732616,6.416779898986563,5.508595556037851,4.848916770784997,408.95,aer,4096,outputs/energy_reps_Brickwork_entanglement/slurm_YYDPETGTWY_amber/replica_218/replica_218.pdb,outputs/energy_reps_Brickwork_entanglement/slurm_YYDPETGTWY_amber/replica_218/replica_218_ca.pdb
314,313297081,random,YYDPETGTWY,amber,-14.598830071261567,4.513932686563377,14.728849114784712,6.536070363639167,5.508595556037851,4.848916770784997,254.8,aer,4096,outputs/energy_reps_Brickwork_entanglement/slurm_YYDPETGTWY_amber/replica_314/replica_314.pdb,outputs/energy_reps_Brickwork_entanglement/slurm_YYDPETGTWY_amber/replica_314/replica_314_ca.pdb
96,313296863,random,YYDPETGTWY,amber,-43.75095148648872,4.535569134011053,17.242638652823345,6.5518387913777945,5.508595556037851,4.848916770784997,251.04,aer,4096,outputs/energy_reps_Brickwork_entanglement/slurm_YYDPETGTWY_amber/replica_96/replica_96.pdb,outputs/energy_reps_Brickwork_entanglement/slurm_YYDPETGTWY_amber/replica_96/replica_96_ca.pdb
244,313297011,random,YYDPETGTWY,amber,62.91277013515172,4.556857059398984,15.028464256919273,6.240621065113793,5.508595556037851,4.848916770784997,353.43,aer,4096,outputs/energy_reps_Brickwork_entanglement/slurm_YYDPETGTWY_amber/replica_244/replica_244.pdb,outputs/energy_reps_Brickwork_entanglement/slurm_YYDPETGTWY_amber/replica_244/replica_244_ca.pdb
74,313296841,random,YYDPETGTWY,amber,-67.57073163231134,4.562524187934531,17.72906238297412,6.119104943247526,5.508595556037851,4.848916770784997,260.21,aer,4096,outputs/energy_reps_Brickwork_entanglement/slurm_YYDPETGTWY_amber/replica_74/replica_74.pdb,outputs/energy_reps_Brickwork_entanglement/slurm_YYDPETGTWY_amber/replica_74/replica_74_ca.pdb
70,313296837,random,YYDPETGTWY,amber,-45.17587410152108,4.567378310030678,17.29702377909772,6.2430337662606235,5.508595556037851,4.848916770784997,256.42,aer,4096,outputs/energy_reps_Brickwork_entanglement/slurm_YYDPETGTWY_amber/replica_70/replica_70.pdb,outputs/energy_reps_Brickwork_entanglement/slurm_YYDPETGTWY_amber/replica_70/replica_70_ca.pdb
11,313296778,random,YYDPETGTWY,amber,-18.175937649839128,4.570251239963804,17.620082951365323,6.318443287707179,5.508595556037851,4.848916770784997,234.46,aer,4096,outputs/energy_reps_Brickwork_entanglement/slurm_YYDPETGTWY_amber/replica_11/replica_11.pdb,outputs/energy_reps_Brickwork_entanglement/slurm_YYDPETGTWY_amber/replica_11/replica_11_ca.pdb
222,313296989,random,YYDPETGTWY,amber,17.528103477024754,4.595757758489191,17.34761365122258,6.77794467096041,5.508595556037851,4.848916770784997,331.24,aer,4096,outputs/energy_reps_Brickwork_entanglement/slurm_YYDPETGTWY_amber/replica_222/replica_222.pdb,outputs/energy_reps_Brickwork_entanglement/slurm_YYDPETGTWY_amber/replica_222/replica_222_ca.pdb
123,313296890,random,YYDPETGTWY,amber,19.88018345358843,4.629263762007334,19.35110708967553,6.820201929581243,5.508595556037851,4.848916770784997,255.77,aer,4096,outputs/energy_reps_Brickwork_entanglement/slurm_YYDPETGTWY_amber/replica_123/replica_123.pdb,outputs/energy_reps_Brickwork_entanglement/slurm_YYDPETGTWY_amber/replica_123/replica_123_ca.pdb
348,313297115,random,YYDPETGTWY,amber,109.19856097211138,4.661239434980019,16.184632812546294,6.410965588437167,5.508595556037851,4.848916770784997,290.11,aer,4096,outputs/energy_reps_Brickwork_entanglement/slurm_YYDPETGTWY_amber/replica_348/replica_348.pdb,outputs/energy_reps_Brickwork_entanglement/slurm_YYDPETGTWY_amber/replica_348/replica_348_ca.pdb
44,313296811,random,YYDPETGTWY,amber,-15.370112239654429,4.690653933170755,17.130491803831877,6.447677415710721,5.508595556037851,4.848916770784997,279.97,aer,4096,outputs/energy_reps_Brickwork_entanglement/slurm_YYDPETGTWY_amber/replica_44/replica_44.pdb,outputs/energy_reps_Brickwork_entanglement/slurm_YYDPETGTWY_amber/replica_44/replica_44_ca.pdb
318,313297085,random,YYDPETGTWY,amber,-16.37220450139138,4.7126156897795894,17.644703528710906,6.4194353301201765,5.508595556037851,4.848916770784997,261.04,aer,4096,outputs/energy_reps_Brickwork_entanglement/slurm_YYDPETGTWY_amber/replica_318/replica_318.pdb,outputs/energy_reps_Brickwork_entanglement/slurm_YYDPETGTWY_amber/replica_318/replica_318_ca.pdb
213,313296980,random,YYDPETGTWY,amber,55.233821398639485,4.71560636964363,17.241881458504125,6.004893544900535,5.508595556037851,4.848916770784997,280.08,aer,4096,outputs/energy_reps_Brickwork_entanglement/slurm_YYDPETGTWY_amber/replica_213/replica_213.pdb,outputs/energy_reps_Brickwork_entanglement/slurm_YYDPETGTWY_amber/replica_213/replica_213_ca.pdb
109,313296876,random,YYDPETGTWY,amber,-35.342038003986104,4.723947075104138,16.557210597380855,6.319541473982658,5.508595556037851,4.848916770784997,424.71,aer,4096,outputs/energy_reps_Brickwork_entanglement/slurm_YYDPETGTWY_amber/replica_109/replica_109.pdb,outputs/energy_reps_Brickwork_entanglement/slurm_YYDPETGTWY_amber/replica_109/replica_109_ca.pdb
35,313296802,random,YYDPETGTWY,amber,-13.53246063767146,4.774580413668219,17.825103815565868,6.5662162481858415,5.508595556037851,4.848916770784997,332.05,aer,4096,outputs/energy_reps_Brickwork_entanglement/slurm_YYDPETGTWY_amber/replica_35/replica_35.pdb,outputs/energy_reps_Brickwork_entanglement/slurm_YYDPETGTWY_amber/replica_35/replica_35_ca.pdb
326,313297093,random,YYDPETGTWY,amber,418.59739823021266,4.783335702641619,17.954588759096577,6.313973472416154,5.508595556037851,4.848916770784997,229.49,aer,4096,outputs/energy_reps_Brickwork_entanglement/slurm_YYDPETGTWY_amber/replica_326/replica_326.pdb,outputs/energy_reps_Brickwork_entanglement/slurm_YYDPETGTWY_amber/replica_326/replica_326_ca.pdb
163,313296930,random,YYDPETGTWY,amber,-20.712759331140553,4.7870287808264615,18.0556339043949,6.789025965627857,5.508595556037851,4.848916770784997,238.46,aer,4096,outputs/energy_reps_Brickwork_entanglement/slurm_YYDPETGTWY_amber/replica_163/replica_163.pdb,outputs/energy_reps_Brickwork_entanglement/slurm_YYDPETGTWY_amber/replica_163/replica_163_ca.pdb
140,313296907,random,YYDPETGTWY,amber,-101.44029765078137,4.804762646546125,18.257556895083862,6.94614677667497,5.508595556037851,4.848916770784997,220.59,aer,4096,outputs/energy_reps_Brickwork_entanglement/slurm_YYDPETGTWY_amber/replica_140/replica_140.pdb,outputs/energy_reps_Brickwork_entanglement/slurm_YYDPETGTWY_amber/replica_140/replica_140_ca.pdb
307,313297074,random,YYDPETGTWY,amber,-14.750978679713384,4.8109648099198985,18.25297034084748,6.576684882341681,5.508595556037851,4.848916770784997,218.95,aer,4096,outputs/energy_reps_Brickwork_entanglement/slurm_YYDPETGTWY_amber/replica_307/replica_307.pdb,outputs/energy_reps_Brickwork_entanglement/slurm_YYDPETGTWY_amber/replica_307/replica_307_ca.pdb
268,313297035,random,YYDPETGTWY,amber,-48.054017670667875,4.8294249212754865,15.652358537367572,6.4320892828708685,5.508595556037851,4.848916770784997,317.94,aer,4096,outputs/energy_reps_Brickwork_entanglement/slurm_YYDPETGTWY_amber/replica_268/replica_268.pdb,outputs/energy_reps_Brickwork_entanglement/slurm_YYDPETGTWY_amber/replica_268/replica_268_ca.pdb
195,313296962,random,YYDPETGTWY,amber,-56.76036940795798,4.851817718492526,19.353216759039327,6.656095311165382,5.508595556037851,4.848916770784997,253.4,aer,4096,outputs/energy_reps_Brickwork_entanglement/slurm_YYDPETGTWY_amber/replica_195/replica_195.pdb,outputs/energy_reps_Brickwork_entanglement/slurm_YYDPETGTWY_amber/replica_195/replica_195_ca.pdb
275,313297042,random,YYDPETGTWY,amber,8.337961112905923,4.854668494075433,18.448397623994133,6.9108841088578625,5.508595556037851,4.848916770784997,250.44,aer,4096,outputs/energy_reps_Brickwork_entanglement/slurm_YYDPETGTWY_amber/replica_275/replica_275.pdb,outputs/energy_reps_Brickwork_entanglement/slurm_YYDPETGTWY_amber/replica_275/replica_275_ca.pdb
257,313297024,random,YYDPETGTWY,amber,63.61344091306617,4.873593336183833,18.332730528328316,6.558771716009083,5.508595556037851,4.848916770784997,183.08,aer,4096,outputs/energy_reps_Brickwork_entanglement/slurm_YYDPETGTWY_amber/replica_257/replica_257.pdb,outputs/energy_reps_Brickwork_entanglement/slurm_YYDPETGTWY_amber/replica_257/replica_257_ca.pdb
9,313296776,random,YYDPETGTWY,amber,-8.826757579306872,4.878658483291439,19.302447895895906,6.72694483060875,5.508595556037851,4.848916770784997,228.44,aer,4096,outputs/energy_reps_Brickwork_entanglement/slurm_YYDPETGTWY_amber/replica_9/replica_9.pdb,outputs/energy_reps_Brickwork_entanglement/slurm_YYDPETGTWY_amber/replica_9/replica_9_ca.pdb
164,313296931,random,YYDPETGTWY,amber,82.4165645823852,4.88778937681441,18.324562866176404,6.804362041417192,5.508595556037851,4.848916770784997,267.62,aer,4096,outputs/energy_reps_Brickwork_entanglement/slurm_YYDPETGTWY_amber/replica_164/replica_164.pdb,outputs/energy_reps_Brickwork_entanglement/slurm_YYDPETGTWY_amber/replica_164/replica_164_ca.pdb
51,313296818,random,YYDPETGTWY,amber,-42.20765865244376,4.893839543682576,16.712133872506225,6.226666965364292,5.508595556037851,4.848916770784997,290.87,aer,4096,outputs/energy_reps_Brickwork_entanglement/slurm_YYDPETGTWY_amber/replica_51/replica_51.pdb,outputs/energy_reps_Brickwork_entanglement/slurm_YYDPETGTWY_amber/replica_51/replica_51_ca.pdb
110,313296877,random,YYDPETGTWY,amber,33.84473210107994,4.896933666624514,15.758747747661271,6.693147555584301,5.508595556037851,4.848916770784997,297.17,aer,4096,outputs/energy_reps_Brickwork_entanglement/slurm_YYDPETGTWY_amber/replica_110/replica_110.pdb,outputs/energy_reps_Brickwork_entanglement/slurm_YYDPETGTWY_amber/replica_110/replica_110_ca.pdb
254,313297021,random,YYDPETGTWY,amber,-12.027222299651518,4.898797102264764,18.14350758833102,6.741127223039027,5.508595556037851,4.848916770784997,195.6,aer,4096,outputs/energy_reps_Brickwork_entanglement/slurm_YYDPETGTWY_amber/replica_254/replica_254.pdb,outputs/energy_reps_Brickwork_entanglement/slurm_YYDPETGTWY_amber/replica_254/replica_254_ca.pdb
284,313297051,random,YYDPETGTWY,amber,72.17567345703601,4.918140693376188,17.670711183300142,6.766754067597958,5.508595556037851,4.848916770784997,407.72,aer,4096,outputs/energy_reps_Brickwork_entanglement/slurm_YYDPETGTWY_amber/replica_284/replica_284.pdb,outputs/energy_reps_Brickwork_entanglement/slurm_YYDPETGTWY_amber/replica_284/replica_284_ca.pdb
133,313296900,random,YYDPETGTWY,amber,-32.64870389591976,4.92609600249357,19.36237494023034,6.669244985206272,5.508595556037851,4.848916770784997,254.8,aer,4096,outputs/energy_reps_Brickwork_entanglement/slurm_YYDPETGTWY_amber/replica_133/replica_133.pdb,outputs/energy_reps_Brickwork_entanglement/slurm_YYDPETGTWY_amber/replica_133/replica_133_ca.pdb
91,313296858,random,YYDPETGTWY,amber,51.379267038739144,4.9395074294494234,18.189612433436366,6.95382700251979,5.508595556037851,4.848916770784997,323.41,aer,4096,outputs/energy_reps_Brickwork_entanglement/slurm_YYDPETGTWY_amber/replica_91/replica_91.pdb,outputs/energy_reps_Brickwork_entanglement/slurm_YYDPETGTWY_amber/replica_91/replica_91_ca.pdb
265,313297032,random,YYDPETGTWY,amber,-132.56123862735922,4.946123427138634,16.318873523991524,6.846976548133706,5.508595556037851,4.848916770784997,504.3,aer,4096,outputs/energy_reps_Brickwork_entanglement/slurm_YYDPETGTWY_amber/replica_265/replica_265.pdb,outputs/energy_reps_Brickwork_entanglement/slurm_YYDPETGTWY_amber/replica_265/replica_265_ca.pdb
45,313296812,random,YYDPETGTWY,amber,823.166065347087,4.959650556688473,18.20701380805175,6.740738135432502,5.508595556037851,4.848916770784997,232.31,aer,4096,outputs/energy_reps_Brickwork_entanglement/slurm_YYDPETGTWY_amber/replica_45/replica_45.pdb,outputs/energy_reps_Brickwork_entanglement/slurm_YYDPETGTWY_amber/replica_45/replica_45_ca.pdb
84,313296851,random,YYDPETGTWY,amber,-26.486864775217278,4.966466977364307,17.531323189637444,6.977929932314959,5.508595556037851,4.848916770784997,237.42,aer,4096,outputs/energy_reps_Brickwork_entanglement/slurm_YYDPETGTWY_amber/replica_84/replica_84.pdb,outputs/energy_reps_Brickwork_entanglement/slurm_YYDPETGTWY_amber/replica_84/replica_84_ca.pdb
225,313296992,random,YYDPETGTWY,amber,69.92377989922907,4.968001905791381,18.085101050674957,7.007208271813967,5.508595556037851,4.848916770784997,447.22,aer,4096,outputs/energy_reps_Brickwork_entanglement/slurm_YYDPETGTWY_amber/replica_225/replica_225.pdb,outputs/energy_reps_Brickwork_entanglement/slurm_YYDPETGTWY_amber/replica_225/replica_225_ca.pdb
251,313297018,random,YYDPETGTWY,amber,42.71605566712652,4.994584501378275,17.78969234894295,6.767608246644766,5.508595556037851,4.848916770784997,379.81,aer,4096,outputs/energy_reps_Brickwork_entanglement/slurm_YYDPETGTWY_amber/replica_251/replica_251.pdb,outputs/energy_reps_Brickwork_entanglement/slurm_YYDPETGTWY_amber/replica_251/replica_251_ca.pdb
65,313296832,random,YYDPETGTWY,amber,-36.57013938563722,5.001826769680601,19.761409671098228,6.723998307245436,5.508595556037851,4.848916770784997,310.08,aer,4096,outputs/energy_reps_Brickwork_entanglement/slurm_YYDPETGTWY_amber/replica_65/replica_65.pdb,outputs/energy_reps_Brickwork_entanglement/slurm_YYDPETGTWY_amber/replica_65/replica_65_ca.pdb
3,313296770,random,YYDPETGTWY,amber,-8.744782831709509,5.019503184626593,19.78180601480456,6.800907677309122,5.508595556037851,4.848916770784997,240.29,aer,4096,outputs/energy_reps_Brickwork_entanglement/slurm_YYDPETGTWY_amber/replica_3/replica_3.pdb,outputs/energy_reps_Brickwork_entanglement/slurm_YYDPETGTWY_amber/replica_3/replica_3_ca.pdb
185,313296952,random,YYDPETGTWY,amber,-7.952262982503688,5.054854499824837,18.788646134258766,6.669993127741501,5.508595556037851,4.848916770784997,311.44,aer,4096,outputs/energy_reps_Brickwork_entanglement/slurm_YYDPETGTWY_amber/replica_185/replica_185.pdb,outputs/energy_reps_Brickwork_entanglement/slurm_YYDPETGTWY_amber/replica_185/replica_185_ca.pdb
17,313296784,random,YYDPETGTWY,amber,-12.64739310886446,5.081218971931008,18.37314104958718,6.870830290350551,5.508595556037851,4.848916770784997,307.19,aer,4096,outputs/energy_reps_Brickwork_entanglement/slurm_YYDPETGTWY_amber/replica_17/replica_17.pdb,outputs/energy_reps_Brickwork_entanglement/slurm_YYDPETGTWY_amber/replica_17/replica_17_ca.pdb
161,313296928,random,YYDPETGTWY,amber,-36.14144322471899,5.082910354012136,14.556991733937314,6.279151576059799,5.508595556037851,4.848916770784997,232.65,aer,4096,outputs/energy_reps_Brickwork_entanglement/slurm_YYDPETGTWY_amber/replica_161/replica_161.pdb,outputs/energy_reps_Brickwork_entanglement/slurm_YYDPETGTWY_amber/replica_161/replica_161_ca.pdb
279,313297046,random,YYDPETGTWY,amber,-41.1512292625565,5.08484576245044,19.778858780498695,6.6245161378485005,5.508595556037851,4.848916770784997,425.78,aer,4096,outputs/energy_reps_Brickwork_entanglement/slurm_YYDPETGTWY_amber/replica_279/replica_279.pdb,outputs/energy_reps_Brickwork_entanglement/slurm_YYDPETGTWY_amber/replica_279/replica_279_ca.pdb
292,313297059,random,YYDPETGTWY,amber,-94.46275965771665,5.087601218462135,19.49883345633683,6.944039137601467,5.508595556037851,4.848916770784997,389.78,aer,4096,outputs/energy_reps_Brickwork_entanglement/slurm_YYDPETGTWY_amber/replica_292/replica_292.pdb,outputs/energy_reps_Brickwork_entanglement/slurm_YYDPETGTWY_amber/replica_292/replica_292_ca.pdb
67,313296834,random,YYDPETGTWY,amber,-62.642643656333384,5.088180349078694,17.314956589327316,6.779353058933235,5.508595556037851,4.848916770784997,305.62,aer,4096,outputs/energy_reps_Brickwork_entanglement/slurm_YYDPETGTWY_amber/replica_67/replica_67.pdb,outputs/energy_reps_Brickwork_entanglement/slurm_YYDPETGTWY_amber/replica_67/replica_67_ca.pdb
179,313296946,random,YYDPETGTWY,amber,-16.204370959789955,5.096395754551949,19.731962124719985,6.667787786285305,5.508595556037851,4.848916770784997,210.65,aer,4096,outputs/energy_reps_Brickwork_entanglement/slurm_YYDPETGTWY_amber/replica_179/replica_179.pdb,outputs/energy_reps_Brickwork_entanglement/slurm_YYDPETGTWY_amber/replica_179/replica_179_ca.pdb
334,313297101,random,YYDPETGTWY,amber,-69.58476199280815,5.097348681457978,18.173833603700544,6.290519546669417,5.508595556037851,4.848916770784997,397.86,aer,4096,outputs/energy_reps_Brickwork_entanglement/slurm_YYDPETGTWY_amber/replica_334/replica_334.pdb,outputs/energy_reps_Brickwork_entanglement/slurm_YYDPETGTWY_amber/replica_334/replica_334_ca.pdb
32,313296799,random,YYDPETGTWY,amber,-16.582500473374132,5.106369029054564,17.947350365043057,6.798188314083644,5.508595556037851,4.848916770784997,242.71,aer,4096,outputs/energy_reps_Brickwork_entanglement/slurm_YYDPETGTWY_amber/replica_32/replica_32.pdb,outputs/energy_reps_Brickwork_entanglement/slurm_YYDPETGTWY_amber/replica_32/replica_32_ca.pdb
28,313296795,random,YYDPETGTWY,amber,10.08837918213779,5.107451417216528,18.910824265939898,7.155713091653256,5.508595556037851,4.848916770784997,266.79,aer,4096,outputs/energy_reps_Brickwork_entanglement/slurm_YYDPETGTWY_amber/replica_28/replica_28.pdb,outputs/energy_reps_Brickwork_entanglement/slurm_YYDPETGTWY_amber/replica_28/replica_28_ca.pdb
186,313296953,random,YYDPETGTWY,amber,-14.866070969312878,5.11198461329108,18.118142054179046,6.789004153106896,5.508595556037851,4.848916770784997,430.53,aer,4096,outputs/energy_reps_Brickwork_entanglement/slurm_YYDPETGTWY_amber/replica_186/replica_186.pdb,outputs/energy_reps_Brickwork_entanglement/slurm_YYDPETGTWY_amber/replica_186/replica_186_ca.pdb
152,313296919,random,YYDPETGTWY,amber,26.887282144354764,5.123280881472843,17.23262649563932,6.68479565744989,5.508595556037851,4.848916770784997,275.52,aer,4096,outputs/energy_reps_Brickwork_entanglement/slurm_YYDPETGTWY_amber/replica_152/replica_152.pdb,outputs/energy_reps_Brickwork_entanglement/slurm_YYDPETGTWY_amber/replica_152/replica_152_ca.pdb
197,313296964,random,YYDPETGTWY,amber,168.7038703256479,5.135083939877679,19.763790363347717,6.895152359510338,5.508595556037851,4.848916770784997,306.82,aer,4096,outputs/energy_reps_Brickwork_entanglement/slurm_YYDPETGTWY_amber/replica_197/replica_197.pdb,outputs/energy_reps_Brickwork_entanglement/slurm_YYDPETGTWY_amber/replica_197/replica_197_ca.pdb
332,313297099,random,YYDPETGTWY,amber,-34.858357692919945,5.1457384388740115,20.383680442180612,6.930043123139839,5.508595556037851,4.848916770784997,227.49,aer,4096,outputs/energy_reps_Brickwork_entanglement/slurm_YYDPETGTWY_amber/replica_332/replica_332.pdb,outputs/energy_reps_Brickwork_entanglement/slurm_YYDPETGTWY_amber/replica_332/replica_332_ca.pdb
243,313297010,random,YYDPETGTWY,amber,-21.59137374102474,5.154446216496198,17.52702694328886,6.92349007215739,5.508595556037851,4.848916770784997,416.59,aer,4096,outputs/energy_reps_Brickwork_entanglement/slurm_YYDPETGTWY_amber/replica_243/replica_243.pdb,outputs/energy_reps_Brickwork_entanglement/slurm_YYDPETGTWY_amber/replica_243/replica_243_ca.pdb
41,313296808,random,YYDPETGTWY,amber,-57.60168691048621,5.160813232429735,19.0522264360331,6.59472333927565,5.508595556037851,4.848916770784997,287.48,aer,4096,outputs/energy_reps_Brickwork_entanglement/slurm_YYDPETGTWY_amber/replica_41/replica_41.pdb,outputs/energy_reps_Brickwork_entanglement/slurm_YYDPETGTWY_amber/replica_41/replica_41_ca.pdb
85,313296852,random,YYDPETGTWY,amber,102.09410811219053,5.16533556053759,19.48008543300515,6.844826221398221,5.508595556037851,4.848916770784997,224.13,aer,4096,outputs/energy_reps_Brickwork_entanglement/slurm_YYDPETGTWY_amber/replica_85/replica_85.pdb,outputs/energy_reps_Brickwork_entanglement/slurm_YYDPETGTWY_amber/replica_85/replica_85_ca.pdb
72,313296839,random,YYDPETGTWY,amber,191.00929429128675,5.168353959663407,19.743051790291837,6.80429164483051,5.508595556037851,4.848916770784997,547.48,aer,4096,outputs/energy_reps_Brickwork_entanglement/slurm_YYDPETGTWY_amber/replica_72/replica_72.pdb,outputs/energy_reps_Brickwork_entanglement/slurm_YYDPETGTWY_amber/replica_72/replica_72_ca.pdb
88,313296855,random,YYDPETGTWY,amber,77.39153851004617,5.171634885363274,17.51883720162273,6.950746476429959,5.508595556037851,4.848916770784997,314.51,aer,4096,outputs/energy_reps_Brickwork_entanglement/slurm_YYDPETGTWY_amber/replica_88/replica_88.pdb,outputs/energy_reps_Brickwork_entanglement/slurm_YYDPETGTWY_amber/replica_88/replica_88_ca.pdb
153,313296920,random,YYDPETGTWY,amber,-40.06135537273339,5.183506353696432,21.064792555913378,7.090365321106204,5.508595556037851,4.848916770784997,435.71,aer,4096,outputs/energy_reps_Brickwork_entanglement/slurm_YYDPETGTWY_amber/replica_153/replica_153.pdb,outputs/energy_reps_Brickwork_entanglement/slurm_YYDPETGTWY_amber/replica_153/replica_153_ca.pdb
130,313296897,random,YYDPETGTWY,amber,-2.1718118300641014,5.185992523343743,15.975008590799742,6.617212856759466,5.508595556037851,4.848916770784997,250.16,aer,4096,outputs/energy_reps_Brickwork_entanglement/slurm_YYDPETGTWY_amber/replica_130/replica_130.pdb,outputs/energy_reps_Brickwork_entanglement/slurm_YYDPETGTWY_amber/replica_130/replica_130_ca.pdb
46,313296813,random,YYDPETGTWY,amber,35.323175499535765,5.186729392945599,18.128713183288514,7.043515830951018,5.508595556037851,4.848916770784997,202.03,aer,4096,outputs/energy_reps_Brickwork_entanglement/slurm_YYDPETGTWY_amber/replica_46/replica_46.pdb,outputs/energy_reps_Brickwork_entanglement/slurm_YYDPETGTWY_amber/replica_46/replica_46_ca.pdb
105,313296872,random,YYDPETGTWY,amber,163.4893412830661,5.1974634422572255,19.33048185214874,6.721130962422781,5.508595556037851,4.848916770784997,357.3,aer,4096,outputs/energy_reps_Brickwork_entanglement/slurm_YYDPETGTWY_amber/replica_105/replica_105.pdb,outputs/energy_reps_Brickwork_entanglement/slurm_YYDPETGTWY_amber/replica_105/replica_105_ca.pdb
274,313297041,random,YYDPETGTWY,amber,1.2043943205886545,5.206268095028298,20.86787866491628,7.029170844665642,5.508595556037851,4.848916770784997,247.66,aer,4096,outputs/energy_reps_Brickwork_entanglement/slurm_YYDPETGTWY_amber/replica_274/replica_274.pdb,outputs/energy_reps_Brickwork_entanglement/slurm_YYDPETGTWY_amber/replica_274/replica_274_ca.pdb
71,313296838,random,YYDPETGTWY,amber,464.43349717720866,5.206574133782615,17.727327036282098,6.791693067430196,5.508595556037851,4.848916770784997,249.34,aer,4096,outputs/energy_reps_Brickwork_entanglement/slurm_YYDPETGTWY_amber/replica_71/replica_71.pdb,outputs/energy_reps_Brickwork_entanglement/slurm_YYDPETGTWY_amber/replica_71/replica_71_ca.pdb
13,313296780,random,YYDPETGTWY,amber,58.392460891301724,5.223230593946257,18.670716713366815,6.889017156499397,5.508595556037851,4.848916770784997,288.39,aer,4096,outputs/energy_reps_Brickwork_entanglement/slurm_YYDPETGTWY_amber/replica_13/replica_13.pdb,outputs/energy_reps_Brickwork_entanglement/slurm_YYDPETGTWY_amber/replica_13/replica_13_ca.pdb
49,313296816,random,YYDPETGTWY,amber,82.48472688386826,5.277222763300557,17.01390646449097,6.373503528615085,5.508595556037851,4.848916770784997,274.78,aer,4096,outputs/energy_reps_Brickwork_entanglement/slurm_YYDPETGTWY_amber/replica_49/replica_49.pdb,outputs/energy_reps_Brickwork_entanglement/slurm_YYDPETGTWY_amber/replica_49/replica_49_ca.pdb
196,313296963,random,YYDPETGTWY,amber,-55.323504748824654,5.281176305191258,18.63557577837333,6.802043668701582,5.508595556037851,4.848916770784997,246.19,aer,4096,outputs/energy_reps_Brickwork_entanglement/slurm_YYDPETGTWY_amber/replica_196/replica_196.pdb,outputs/energy_reps_Brickwork_entanglement/slurm_YYDPETGTWY_amber/replica_196/replica_196_ca.pdb
79,313296846,random,YYDPETGTWY,amber,2.7121226625987926,5.291184820669476,17.232367997577803,6.930087959472797,5.508595556037851,4.848916770784997,248.73,aer,4096,outputs/energy_reps_Brickwork_entanglement/slurm_YYDPETGTWY_amber/replica_79/replica_79.pdb,outputs/energy_reps_Brickwork_entanglement/slurm_YYDPETGTWY_amber/replica_79/replica_79_ca.pdb
156,313296923,random,YYDPETGTWY,amber,105.63529870793941,5.335910694275954,21.075112655976742,7.1837749969090785,5.508595556037851,4.848916770784997,218.46,aer,4096,outputs/energy_reps_Brickwork_entanglement/slurm_YYDPETGTWY_amber/replica_156/replica_156.pdb,outputs/energy_reps_Brickwork_entanglement/slurm_YYDPETGTWY_amber/replica_156/replica_156_ca.pdb
241,313297008,random,YYDPETGTWY,amber,-25.991261641385076,5.360124559561967,19.870307251465565,6.895937872007536,5.508595556037851,4.848916770784997,375.89,aer,4096,outputs/energy_reps_Brickwork_entanglement/slurm_YYDPETGTWY_amber/replica_241/replica_241.pdb,outputs/energy_reps_Brickwork_entanglement/slurm_YYDPETGTWY_amber/replica_241/replica_241_ca.pdb
112,313296879,random,YYDPETGTWY,amber,463.43790427397965,5.368750116650006,19.61138327594318,6.856561092814757,5.508595556037851,4.848916770784997,200.89,aer,4096,outputs/energy_reps_Brickwork_entanglement/slurm_YYDPETGTWY_amber/replica_112/replica_112.pdb,outputs/energy_reps_Brickwork_entanglement/slurm_YYDPETGTWY_amber/replica_112/replica_112_ca.pdb
56,313296823,random,YYDPETGTWY,amber,10.459122835504298,5.368846562397528,19.020928894719088,6.719955523653286,5.508595556037851,4.848916770784997,278.08,aer,4096,outputs/energy_reps_Brickwork_entanglement/slurm_YYDPETGTWY_amber/replica_56/replica_56.pdb,outputs/energy_reps_Brickwork_entanglement/slurm_YYDPETGTWY_amber/replica_56/replica_56_ca.pdb
106,313296873,random,YYDPETGTWY,amber,6.589244025110399,5.369915491550511,19.37251458986235,6.879476968624473,5.508595556037851,4.848916770784997,236.37,aer,4096,outputs/energy_reps_Brickwork_entanglement/slurm_YYDPETGTWY_amber/replica_106/replica_106.pdb,outputs/energy_reps_Brickwork_entanglement/slurm_YYDPETGTWY_amber/replica_106/replica_106_ca.pdb
66,313296833,random,YYDPETGTWY,amber,-19.26004195788539,5.379546029775686,20.441266129083843,6.680110902680013,5.508595556037851,4.848916770784997,270.85,aer,4096,outputs/energy_reps_Brickwork_entanglement/slurm_YYDPETGTWY_amber/replica_66/replica_66.pdb,outputs/energy_reps_Brickwork_entanglement/slurm_YYDPETGTWY_amber/replica_66/replica_66_ca.pdb
24,313296791,random,YYDPETGTWY,amber,18.12019660185697,5.3827127356545335,20.39259663150761,6.758127688305293,5.508595556037851,4.848916770784997,245.63,aer,4096,outputs/energy_reps_Brickwork_entanglement/slurm_YYDPETGTWY_amber/replica_24/replica_24.pdb,outputs/energy_reps_Brickwork_entanglement/slurm_YYDPETGTWY_amber/replica_24/replica_24_ca.pdb
227,313296994,random,YYDPETGTWY,amber,5.7590649230540185,5.383073414833161,20.62165017633222,6.700710370802842,5.508595556037851,4.848916770784997,268.76,aer,4096,outputs/energy_reps_Brickwork_entanglement/slurm_YYDPETGTWY_amber/replica_227/replica_227.pdb,outputs/energy_reps_Brickwork_entanglement/slurm_YYDPETGTWY_amber/replica_227/replica_227_ca.pdb
42,313296809,random,YYDPETGTWY,amber,108.38558616601283,5.390324849953608,21.173080232064837,6.909782473067393,5.508595556037851,4.848916770784997,295.56,aer,4096,outputs/energy_reps_Brickwork_entanglement/slurm_YYDPETGTWY_amber/replica_42/replica_42.pdb,outputs/energy_reps_Brickwork_entanglement/slurm_YYDPETGTWY_amber/replica_42/replica_42_ca.pdb
271,313297038,random,YYDPETGTWY,amber,-13.289775342310497,5.404167012265675,20.078864226315844,6.78049314698108,5.508595556037851,4.848916770784997,220.09,aer,4096,outputs/energy_reps_Brickwork_entanglement/slurm_YYDPETGTWY_amber/replica_271/replica_271.pdb,outputs/energy_reps_Brickwork_entanglement/slurm_YYDPETGTWY_amber/replica_271/replica_271_ca.pdb
181,313296948,random,YYDPETGTWY,amber,65.77524632737472,5.413583963708007,18.942467151777905,6.955198217925758,5.508595556037851,4.848916770784997,200.8,aer,4096,outputs/energy_reps_Brickwork_entanglement/slurm_YYDPETGTWY_amber/replica_181/replica_181.pdb,outputs/energy_reps_Brickwork_entanglement/slurm_YYDPETGTWY_amber/replica_181/replica_181_ca.pdb
333,313297100,random,YYDPETGTWY,amber,-9.590369113204995,5.41717094231964,21.08900195599425,7.1313408466392785,5.508595556037851,4.848916770784997,293.17,aer,4096,outputs/energy_reps_Brickwork_entanglement/slurm_YYDPETGTWY_amber/replica_333/replica_333.pdb,outputs/energy_reps_Brickwork_entanglement/slurm_YYDPETGTWY_amber/replica_333/replica_333_ca.pdb
293,313297060,random,YYDPETGTWY,amber,-58.90160205026713,5.433156231576187,18.484840528061927,6.915659428955787,5.508595556037851,4.848916770784997,221.99,aer,4096,outputs/energy_reps_Brickwork_entanglement/slurm_YYDPETGTWY_amber/replica_293/replica_293.pdb,outputs/energy_reps_Brickwork_entanglement/slurm_YYDPETGTWY_amber/replica_293/replica_293_ca.pdb
341,313297108,random,YYDPETGTWY,amber,57.3918835141716,5.435542933872092,19.220291292811506,6.955400474532406,5.508595556037851,4.848916770784997,305.71,aer,4096,outputs/energy_reps_Brickwork_entanglement/slurm_YYDPETGTWY_amber/replica_341/replica_341.pdb,outputs/energy_reps_Brickwork_entanglement/slurm_YYDPETGTWY_amber/replica_341/replica_341_ca.pdb
211,313296978,random,YYDPETGTWY,amber,42.81813613508475,5.43584795091521,20.974184902682385,7.090795083698236,5.508595556037851,4.848916770784997,266.2,aer,4096,outputs/energy_reps_Brickwork_entanglement/slurm_YYDPETGTWY_amber/replica_211/replica_211.pdb,outputs/energy_reps_Brickwork_entanglement/slurm_YYDPETGTWY_amber/replica_211/replica_211_ca.pdb
167,313296934,random,YYDPETGTWY,amber,-40.826439382053955,5.454778936470225,19.81971027889,6.9638818979059565,5.508595556037851,4.848916770784997,472.88,aer,4096,outputs/energy_reps_Brickwork_entanglement/slurm_YYDPETGTWY_amber/replica_167/replica_167.pdb,outputs/energy_reps_Brickwork_entanglement/slurm_YYDPETGTWY_amber/replica_167/replica_167_ca.pdb
209,313296976,random,YYDPETGTWY,amber,-83.76172871730766,5.479802785757358,19.13669100883344,6.781434955735027,5.508595556037851,4.848916770784997,356.89,aer,4096,outputs/energy_reps_Brickwork_entanglement/slurm_YYDPETGTWY_amber/replica_209/replica_209.pdb,outputs/energy_reps_Brickwork_entanglement/slurm_YYDPETGTWY_amber/replica_209/replica_209_ca.pdb
149,313296916,random,YYDPETGTWY,amber,-43.94191132223105,5.482168190986937,20.438169437078617,7.144548021321586,5.508595556037851,4.848916770784997,221.0,aer,4096,outputs/energy_reps_Brickwork_entanglement/slurm_YYDPETGTWY_amber/replica_149/replica_149.pdb,outputs/energy_reps_Brickwork_entanglement/slurm_YYDPETGTWY_amber/replica_149/replica_149_ca.pdb
55,313296822,random,YYDPETGTWY,amber,381.52109577949403,5.504072987148154,20.169000613452024,7.082312860979364,5.508595556037851,4.848916770784997,121.95,aer,4096,outputs/energy_reps_Brickwork_entanglement/slurm_YYDPETGTWY_amber/replica_55/replica_55.pdb,outputs/energy_reps_Brickwork_entanglement/slurm_YYDPETGTWY_amber/replica_55/replica_55_ca.pdb
20,313296787,random,YYDPETGTWY,amber,147.15516710752303,5.505349349598773,19.050478946365626,6.755016711696944,5.508595556037851,4.848916770784997,226.33,aer,4096,outputs/energy_reps_Brickwork_entanglement/slurm_YYDPETGTWY_amber/replica_20/replica_20.pdb,outputs/energy_reps_Brickwork_entanglement/slurm_YYDPETGTWY_amber/replica_20/replica_20_ca.pdb
327,313297094,random,YYDPETGTWY,amber,1.619635932858055,5.508211725175785,19.109957171411825,7.127102128968634,5.508595556037851,4.848916770784997,183.6,aer,4096,outputs/energy_reps_Brickwork_entanglement/slurm_YYDPETGTWY_amber/replica_327/replica_327.pdb,outputs/energy_reps_Brickwork_entanglement/slurm_YYDPETGTWY_amber/replica_327/replica_327_ca.pdb
217,313296984,random,YYDPETGTWY,amber,36.39820806129264,5.513397464614474,19.861190390077518,7.082608252973152,5.508595556037851,4.848916770784997,298.85,aer,4096,outputs/energy_reps_Brickwork_entanglement/slurm_YYDPETGTWY_amber/replica_217/replica_217.pdb,outputs/energy_reps_Brickwork_entanglement/slurm_YYDPETGTWY_amber/replica_217/replica_217_ca.pdb
232,313296999,random,YYDPETGTWY,amber,7.569681278988008,5.539884768833602,19.987466126191986,6.754547169973756,5.508595556037851,4.848916770784997,232.65,aer,4096,outputs/energy_reps_Brickwork_entanglement/slurm_YYDPETGTWY_amber/replica_232/replica_232.pdb,outputs/energy_reps_Brickwork_entanglement/slurm_YYDPETGTWY_amber/replica_232/replica_232_ca.pdb
303,313297070,random,YYDPETGTWY,amber,-11.802426632756218,5.542406523060642,20.292538436755148,7.0890407250422385,5.508595556037851,4.848916770784997,262.2,aer,4096,outputs/energy_reps_Brickwork_entanglement/slurm_YYDPETGTWY_amber/replica_303/replica_303.pdb,outputs/energy_reps_Brickwork_entanglement/slurm_YYDPETGTWY_amber/replica_303/replica_303_ca.pdb
221,313296988,random,YYDPETGTWY,amber,22.873072818898425,5.5457422662388645,19.168373935960023,7.054011122822343,5.508595556037851,4.848916770784997,298.91,aer,4096,outputs/energy_reps_Brickwork_entanglement/slurm_YYDPETGTWY_amber/replica_221/replica_221.pdb,outputs/energy_reps_Brickwork_entanglement/slurm_YYDPETGTWY_amber/replica_221/replica_221_ca.pdb
346,313297113,random,YYDPETGTWY,amber,50.50729387617495,5.5525932855204125,20.353676245180402,6.86082481213227,5.508595556037851,4.848916770784997,329.91,aer,4096,outputs/energy_reps_Brickwork_entanglement/slurm_YYDPETGTWY_amber/replica_346/replica_346.pdb,outputs/energy_reps_Brickwork_entanglement/slurm_YYDPETGTWY_amber/replica_346/replica_346_ca.pdb
177,313296944,random,YYDPETGTWY,amber,25.56959964812775,5.556738050984468,20.51946535355135,7.367369003078364,5.508595556037851,4.848916770784997,228.12,aer,4096,outputs/energy_reps_Brickwork_entanglement/slurm_YYDPETGTWY_amber/replica_177/replica_177.pdb,outputs/energy_reps_Brickwork_entanglement/slurm_YYDPETGTWY_amber/replica_177/replica_177_ca.pdb
120,313296887,random,YYDPETGTWY,amber,-15.090286943943575,5.561750825760609,19.74237212320535,7.017461608202855,5.508595556037851,4.848916770784997,253.89,aer,4096,outputs/energy_reps_Brickwork_entanglement/slurm_YYDPETGTWY_amber/replica_120/replica_120.pdb,outputs/energy_reps_Brickwork_entanglement/slurm_YYDPETGTWY_amber/replica_120/replica_120_ca.pdb
231,313296998,random,YYDPETGTWY,amber,-22.79257812724563,5.576686482434784,18.824597372501113,7.007673761930732,5.508595556037851,4.848916770784997,228.91,aer,4096,outputs/energy_reps_Brickwork_entanglement/slurm_YYDPETGTWY_amber/replica_231/replica_231.pdb,outputs/energy_reps_Brickwork_entanglement/slurm_YYDPETGTWY_amber/replica_231/replica_231_ca.pdb
76,313296843,random,YYDPETGTWY,amber,12.595515108199068,5.577030927623546,20.920994024477775,7.201023939153693,5.508595556037851,4.848916770784997,220.96,aer,4096,outputs/energy_reps_Brickwork_entanglement/slurm_YYDPETGTWY_amber/replica_76/replica_76.pdb,outputs/energy_reps_Brickwork_entanglement/slurm_YYDPETGTWY_amber/replica_76/replica_76_ca.pdb
204,313296971,random,YYDPETGTWY,amber,-39.723109416072646,5.579939346016103,21.1762919231583,7.059928571166153,5.508595556037851,4.848916770784997,213.92,aer,4096,outputs/energy_reps_Brickwork_entanglement/slurm_YYDPETGTWY_amber/replica_204/replica_204.pdb,outputs/energy_reps_Brickwork_entanglement/slurm_YYDPETGTWY_amber/replica_204/replica_204_ca.pdb
162,313296929,random,YYDPETGTWY,amber,-7.266256648418266,5.582994927027067,21.906752381343633,7.088338609916103,5.508595556037851,4.848916770784997,318.01,aer,4096,outputs/energy_reps_Brickwork_entanglement/slurm_YYDPETGTWY_amber/replica_162/replica_162.pdb,outputs/energy_reps_Brickwork_entanglement/slurm_YYDPETGTWY_amber/replica_162/replica_162_ca.pdb
92,313296859,random,YYDPETGTWY,amber,97.53124972108881,5.587649183793133,20.930961161672222,6.827482495108851,5.508595556037851,4.848916770784997,286.33,aer,4096,outputs/energy_reps_Brickwork_entanglement/slurm_YYDPETGTWY_amber/replica_92/replica_92.pdb,outputs/energy_reps_Brickwork_entanglement/slurm_YYDPETGTWY_amber/replica_92/replica_92_ca.pdb
192,313296959,random,YYDPETGTWY,amber,92.39532563245389,5.5905655963457495,21.328083964801372,7.059952981293794,5.508595556037851,4.848916770784997,381.34,aer,4096,outputs/energy_reps_Brickwork_entanglement/slurm_YYDPETGTWY_amber/replica_192/replica_192.pdb,outputs/energy_reps_Brickwork_entanglement/slurm_YYDPETGTWY_amber/replica_192/replica_192_ca.pdb
331,313297098,random,YYDPETGTWY,amber,33.34156681907453,5.596648062198381,20.61980244588584,6.989450493674133,5.508595556037851,4.848916770784997,287.39,aer,4096,outputs/energy_reps_Brickwork_entanglement/slurm_YYDPETGTWY_amber/replica_331/replica_331.pdb,outputs/energy_reps_Brickwork_entanglement/slurm_YYDPETGTWY_amber/replica_331/replica_331_ca.pdb
141,313296908,random,YYDPETGTWY,amber,87.82632745648837,5.596915816296108,20.492849856454303,6.981699288996926,5.508595556037851,4.848916770784997,352.67,aer,4096,outputs/energy_reps_Brickwork_entanglement/slurm_YYDPETGTWY_amber/replica_141/replica_141.pdb,outputs/energy_reps_Brickwork_entanglement/slurm_YYDPETGTWY_amber/replica_141/replica_141_ca.pdb
297,313297064,random,YYDPETGTWY,amber,107.411017091806,5.611883038614045,21.932913992913498,7.361293706997373,5.508595556037851,4.848916770784997,429.32,aer,4096,outputs/energy_reps_Brickwork_entanglement/slurm_YYDPETGTWY_amber/replica_297/replica_297.pdb,outputs/energy_reps_Brickwork_entanglement/slurm_YYDPETGTWY_amber/replica_297/replica_297_ca.pdb
206,313296973,random,YYDPETGTWY,amber,-29.07846761248747,5.617222185880493,20.157568483412124,6.946945820131244,5.508595556037851,4.848916770784997,370.43,aer,4096,outputs/energy_reps_Brickwork_entanglement/slurm_YYDPETGTWY_amber/replica_206/replica_206.pdb,outputs/energy_reps_Brickwork_entanglement/slurm_YYDPETGTWY_amber/replica_206/replica_206_ca.pdb
128,313296895,random,YYDPETGTWY,amber,188.42747262557796,5.618217901534729,22.09920730115755,7.219931519277887,5.508595556037851,4.848916770784997,267.25,aer,4096,outputs/energy_reps_Brickwork_entanglement/slurm_YYDPETGTWY_amber/replica_128/replica_128.pdb,outputs/energy_reps_Brickwork_entanglement/slurm_YYDPETGTWY_amber/replica_128/replica_128_ca.pdb
139,313296906,random,YYDPETGTWY,amber,313.46652272544117,5.620123683242792,21.995224729448115,7.166473743418644,5.508595556037851,4.848916770784997,207.06,aer,4096,outputs/energy_reps_Brickwork_entanglement/slurm_YYDPETGTWY_amber/replica_139/replica_139.pdb,outputs/energy_reps_Brickwork_entanglement/slurm_YYDPETGTWY_amber/replica_139/replica_139_ca.pdb
47,313296814,random,YYDPETGTWY,amber,-11.488188516089137,5.62081225511735,20.4921518022394,6.9455305530596325,5.508595556037851,4.848916770784997,260.19,aer,4096,outputs/energy_reps_Brickwork_entanglement/slurm_YYDPETGTWY_amber/replica_47/replica_47.pdb,outputs/energy_reps_Brickwork_entanglement/slurm_YYDPETGTWY_amber/replica_47/replica_47_ca.pdb
294,313297061,random,YYDPETGTWY,amber,-28.716818550698708,5.635221362997522,20.977798170014456,7.12756583245014,5.508595556037851,4.848916770784997,253.02,aer,4096,outputs/energy_reps_Brickwork_entanglement/slurm_YYDPETGTWY_amber/replica_294/replica_294.pdb,outputs/energy_reps_Brickwork_entanglement/slurm_YYDPETGTWY_amber/replica_294/replica_294_ca.pdb
282,313297049,random,YYDPETGTWY,amber,-57.69851771106548,5.637326190578646,19.681730445741014,6.949948951386959,5.508595556037851,4.848916770784997,321.65,aer,4096,outputs/energy_reps_Brickwork_entanglement/slurm_YYDPETGTWY_amber/replica_282/replica_282.pdb,outputs/energy_reps_Brickwork_entanglement/slurm_YYDPETGTWY_amber/replica_282/replica_282_ca.pdb
138,313296905,random,YYDPETGTWY,amber,29.05136414901903,5.6392335378879705,20.30390661156454,6.880181841746112,5.508595556037851,4.848916770784997,253.99,aer,4096,outputs/energy_reps_Brickwork_entanglement/slurm_YYDPETGTWY_amber/replica_138/replica_138.pdb,outputs/energy_reps_Brickwork_entanglement/slurm_YYDPETGTWY_amber/replica_138/replica_138_ca.pdb
298,313297065,random,YYDPETGTWY,amber,-40.30308037164523,5.639558087367015,20.39421363400245,7.026302465358905,5.508595556037851,4.848916770784997,322.1,aer,4096,outputs/energy_reps_Brickwork_entanglement/slurm_YYDPETGTWY_amber/replica_298/replica_298.pdb,outputs/energy_reps_Brickwork_entanglement/slurm_YYDPETGTWY_amber/replica_298/replica_298_ca.pdb
160,313296927,random,YYDPETGTWY,amber,42.50374244645423,5.650975572881079,20.938023903921206,7.258528281998943,5.508595556037851,4.848916770784997,450.77,aer,4096,outputs/energy_reps_Brickwork_entanglement/slurm_YYDPETGTWY_amber/replica_160/replica_160.pdb,outputs/energy_reps_Brickwork_entanglement/slurm_YYDPETGTWY_amber/replica_160/replica_160_ca.pdb
184,313296951,random,YYDPETGTWY,amber,19.511865343521865,5.656375333624077,20.987782199742778,7.057715025075907,5.508595556037851,4.848916770784997,172.38,aer,4096,outputs/energy_reps_Brickwork_entanglement/slurm_YYDPETGTWY_amber/replica_184/replica_184.pdb,outputs/energy_reps_Brickwork_entanglement/slurm_YYDPETGTWY_amber/replica_184/replica_184_ca.pdb
101,313296868,random,YYDPETGTWY,amber,-25.08226191702117,5.65795749552285,19.85838602702825,7.096724633400289,5.508595556037851,4.848916770784997,249.88,aer,4096,outputs/energy_reps_Brickwork_entanglement/slurm_YYDPETGTWY_amber/replica_101/replica_101.pdb,outputs/energy_reps_Brickwork_entanglement/slurm_YYDPETGTWY_amber/replica_101/replica_101_ca.pdb
306,313297073,random,YYDPETGTWY,amber,30.678761535759264,5.659939584428361,20.09319894400335,7.10402141313445,5.508595556037851,4.848916770784997,191.3,aer,4096,outputs/energy_reps_Brickwork_entanglement/slurm_YYDPETGTWY_amber/replica_306/replica_306.pdb,outputs/energy_reps_Brickwork_entanglement/slurm_YYDPETGTWY_amber/replica_306/replica_306_ca.pdb
320,313297087,random,YYDPETGTWY,amber,-109.47095018765317,5.668713763759611,21.935611830337454,7.0698374569238,5.508595556037851,4.848916770784997,313.0,aer,4096,outputs/energy_reps_Brickwork_entanglement/slurm_YYDPETGTWY_amber/replica_320/replica_320.pdb,outputs/energy_reps_Brickwork_entanglement/slurm_YYDPETGTWY_amber/replica_320/replica_320_ca.pdb
305,313297072,random,YYDPETGTWY,amber,-24.738852557159188,5.677301263402418,21.455554248171968,7.395985066139603,5.508595556037851,4.848916770784997,221.53,aer,4096,outputs/energy_reps_Brickwork_entanglement/slurm_YYDPETGTWY_amber/replica_305/replica_305.pdb,outputs/energy_reps_Brickwork_entanglement/slurm_YYDPETGTWY_amber/replica_305/replica_305_ca.pdb
295,313297062,random,YYDPETGTWY,amber,-12.170029941136727,5.689902993208867,20.18966903159696,7.190124967772201,5.508595556037851,4.848916770784997,290.34,aer,4096,outputs/energy_reps_Brickwork_entanglement/slurm_YYDPETGTWY_amber/replica_295/replica_295.pdb,outputs/energy_reps_Brickwork_entanglement/slurm_YYDPETGTWY_amber/replica_295/replica_295_ca.pdb
343,313297110,random,YYDPETGTWY,amber,18.890767875377577,5.69970858493448,19.631026962559858,7.315255108235238,5.508595556037851,4.848916770784997,209.56,aer,4096,outputs/energy_reps_Brickwork_entanglement/slurm_YYDPETGTWY_amber/replica_343/replica_343.pdb,outputs/energy_reps_Brickwork_entanglement/slurm_YYDPETGTWY_amber/replica_343/replica_343_ca.pdb
23,313296790,random,YYDPETGTWY,amber,-21.889490716277045,5.7056927955909815,19.596456597926277,6.673893000056911,5.508595556037851,4.848916770784997,326.87,aer,4096,outputs/energy_reps_Brickwork_entanglement/slurm_YYDPETGTWY_amber/replica_23/replica_23.pdb,outputs/energy_reps_Brickwork_entanglement/slurm_YYDPETGTWY_amber/replica_23/replica_23_ca.pdb
193,313296960,random,YYDPETGTWY,amber,20.84130650974597,5.707514757825361,21.10071273656469,7.567282811096436,5.508595556037851,4.848916770784997,326.27,aer,4096,outputs/energy_reps_Brickwork_entanglement/slurm_YYDPETGTWY_amber/replica_193/replica_193.pdb,outputs/energy_reps_Brickwork_entanglement/slurm_YYDPETGTWY_amber/replica_193/replica_193_ca.pdb
266,313297033,random,YYDPETGTWY,amber,-20.036685991079338,5.710016416074567,20.64462025882764,6.894918098035533,5.508595556037851,4.848916770784997,458.43,aer,4096,outputs/energy_reps_Brickwork_entanglement/slurm_YYDPETGTWY_amber/replica_266/replica_266.pdb,outputs/energy_reps_Brickwork_entanglement/slurm_YYDPETGTWY_amber/replica_266/replica_266_ca.pdb
285,313297052,random,YYDPETGTWY,amber,-30.571465117750204,5.711143058679849,22.058822724357015,7.422027932112255,5.508595556037851,4.848916770784997,288.25,aer,4096,outputs/energy_reps_Brickwork_entanglement/slurm_YYDPETGTWY_amber/replica_285/replica_285.pdb,outputs/energy_reps_Brickwork_entanglement/slurm_YYDPETGTWY_amber/replica_285/replica_285_ca.pdb
202,313296969,random,YYDPETGTWY,amber,0.7176086770121177,5.71488046251498,19.01952175016911,7.094371462583645,5.508595556037851,4.848916770784997,214.61,aer,4096,outputs/energy_reps_Brickwork_entanglement/slurm_YYDPETGTWY_amber/replica_202/replica_202.pdb,outputs/energy_reps_Brickwork_entanglement/slurm_YYDPETGTWY_amber/replica_202/replica_202_ca.pdb
43,313296810,random,YYDPETGTWY,amber,-64.60031893348452,5.721051016509426,19.336299069764543,7.277941509603438,5.508595556037851,4.848916770784997,390.58,aer,4096,outputs/energy_reps_Brickwork_entanglement/slurm_YYDPETGTWY_amber/replica_43/replica_43.pdb,outputs/energy_reps_Brickwork_entanglement/slurm_YYDPETGTWY_amber/replica_43/replica_43_ca.pdb
273,313297040,random,YYDPETGTWY,amber,72.66538036660926,5.745278188556692,20.73188401250623,7.0690960314620686,5.508595556037851,4.848916770784997,392.86,aer,4096,outputs/energy_reps_Brickwork_entanglement/slurm_YYDPETGTWY_amber/replica_273/replica_273.pdb,outputs/energy_reps_Brickwork_entanglement/slurm_YYDPETGTWY_amber/replica_273/replica_273_ca.pdb
108,313296875,random,YYDPETGTWY,amber,-10.150769422457248,5.753988108475789,20.43667501227219,6.888138882693556,5.508595556037851,4.848916770784997,243.84,aer,4096,outputs/energy_reps_Brickwork_entanglement/slurm_YYDPETGTWY_amber/replica_108/replica_108.pdb,outputs/energy_reps_Brickwork_entanglement/slurm_YYDPETGTWY_amber/replica_108/replica_108_ca.pdb
113,313296880,random,YYDPETGTWY,amber,-5.78186589105393,5.770819075309923,20.64022888677619,6.92262891025667,5.508595556037851,4.848916770784997,232.49,aer,4096,outputs/energy_reps_Brickwork_entanglement/slurm_YYDPETGTWY_amber/replica_113/replica_113.pdb,outputs/energy_reps_Brickwork_entanglement/slurm_YYDPETGTWY_amber/replica_113/replica_113_ca.pdb
250,313297017,random,YYDPETGTWY,amber,-52.9441765615008,5.774643384197148,21.62269772240016,7.093728373484347,5.508595556037851,4.848916770784997,356.6,aer,4096,outputs/energy_reps_Brickwork_entanglement/slurm_YYDPETGTWY_amber/replica_250/replica_250.pdb,outputs/energy_reps_Brickwork_entanglement/slurm_YYDPETGTWY_amber/replica_250/replica_250_ca.pdb
40,313296807,random,YYDPETGTWY,amber,-26.499772391878196,5.782330349018247,20.218134090575568,6.924450335623934,5.508595556037851,4.848916770784997,232.45,aer,4096,outputs/energy_reps_Brickwork_entanglement/slurm_YYDPETGTWY_amber/replica_40/replica_40.pdb,outputs/energy_reps_Brickwork_entanglement/slurm_YYDPETGTWY_amber/replica_40/replica_40_ca.pdb
147,313296914,random,YYDPETGTWY,amber,-35.91076887477289,5.785661026999599,20.95628536957776,7.0093746459404835,5.508595556037851,4.848916770784997,197.36,aer,4096,outputs/energy_reps_Brickwork_entanglement/slurm_YYDPETGTWY_amber/replica_147/replica_147.pdb,outputs/energy_reps_Brickwork_entanglement/slurm_YYDPETGTWY_amber/replica_147/replica_147_ca.pdb
299,313297066,random,YYDPETGTWY,amber,100.49604653907748,5.818519521519052,21.317624322746962,7.231926951084244,5.508595556037851,4.848916770784997,272.11,aer,4096,outputs/energy_reps_Brickwork_entanglement/slurm_YYDPETGTWY_amber/replica_299/replica_299.pdb,outputs/energy_reps_Brickwork_entanglement/slurm_YYDPETGTWY_amber/replica_299/replica_299_ca.pdb
239,313297006,random,YYDPETGTWY,amber,-74.80654945254368,5.821484189369642,21.427573591869816,7.221565038457736,5.508595556037851,4.848916770784997,493.14,aer,4096,outputs/energy_reps_Brickwork_entanglement/slurm_YYDPETGTWY_amber/replica_239/replica_239.pdb,outputs/energy_reps_Brickwork_entanglement/slurm_YYDPETGTWY_amber/replica_239/replica_239_ca.pdb
94,313296861,random,YYDPETGTWY,amber,-2.706245041680201,5.822834855935165,20.90068547405518,6.840044337080314,5.508595556037851,4.848916770784997,295.19,aer,4096,outputs/energy_reps_Brickwork_entanglement/slurm_YYDPETGTWY_amber/replica_94/replica_94.pdb,outputs/energy_reps_Brickwork_entanglement/slurm_YYDPETGTWY_amber/replica_94/replica_94_ca.pdb
111,313296878,random,YYDPETGTWY,amber,-12.340620488521386,5.82659365331047,21.67461369148307,7.272476377396339,5.508595556037851,4.848916770784997,374.52,aer,4096,outputs/energy_reps_Brickwork_entanglement/slurm_YYDPETGTWY_amber/replica_111/replica_111.pdb,outputs/energy_reps_Brickwork_entanglement/slurm_YYDPETGTWY_amber/replica_111/replica_111_ca.pdb
29,313296796,random,YYDPETGTWY,amber,29.109060371078716,5.827528652176678,21.03887668688587,7.023709516039289,5.508595556037851,4.848916770784997,302.58,aer,4096,outputs/energy_reps_Brickwork_entanglement/slurm_YYDPETGTWY_amber/replica_29/replica_29.pdb,outputs/energy_reps_Brickwork_entanglement/slurm_YYDPETGTWY_amber/replica_29/replica_29_ca.pdb
104,313296871,random,YYDPETGTWY,amber,27.275546202386263,5.83355162579206,20.728582767564493,7.0177011514112015,5.508595556037851,4.848916770784997,404.76,aer,4096,outputs/energy_reps_Brickwork_entanglement/slurm_YYDPETGTWY_amber/replica_104/replica_104.pdb,outputs/energy_reps_Brickwork_entanglement/slurm_YYDPETGTWY_amber/replica_104/replica_104_ca.pdb
18,313296785,random,YYDPETGTWY,amber,119.14126942752627,5.834861043075405,20.64094457510459,7.083268269998488,5.508595556037851,4.848916770784997,214.36,aer,4096,outputs/energy_reps_Brickwork_entanglement/slurm_YYDPETGTWY_amber/replica_18/replica_18.pdb,outputs/energy_reps_Brickwork_entanglement/slurm_YYDPETGTWY_amber/replica_18/replica_18_ca.pdb
261,313297028,random,YYDPETGTWY,amber,24.547310333104654,5.836361748144374,20.314414171335862,7.11454892212654,5.508595556037851,4.848916770784997,267.51,aer,4096,outputs/energy_reps_Brickwork_entanglement/slurm_YYDPETGTWY_amber/replica_261/replica_261.pdb,outputs/energy_reps_Brickwork_entanglement/slurm_YYDPETGTWY_amber/replica_261/replica_261_ca.pdb
249,313297016,random,YYDPETGTWY,amber,-33.25563988018929,5.8421957048870805,21.392898259698885,7.125159983679229,5.508595556037851,4.848916770784997,233.53,aer,4096,outputs/energy_reps_Brickwork_entanglement/slurm_YYDPETGTWY_amber/replica_249/replica_249.pdb,outputs/energy_reps_Brickwork_entanglement/slurm_YYDPETGTWY_amber/replica_249/replica_249_ca.pdb
277,313297044,random,YYDPETGTWY,amber,89.22556330074924,5.848699432646488,19.957315671204462,7.516099385982642,5.508595556037851,4.848916770784997,317.2,aer,4096,outputs/energy_reps_Brickwork_entanglement/slurm_YYDPETGTWY_amber/replica_277/replica_277.pdb,outputs/energy_reps_Brickwork_entanglement/slurm_YYDPETGTWY_amber/replica_277/replica_277_ca.pdb
272,313297039,random,YYDPETGTWY,amber,-19.845673147425536,5.852081173099124,21.692671137568535,7.396565329287075,5.508595556037851,4.848916770784997,228.88,aer,4096,outputs/energy_reps_Brickwork_entanglement/slurm_YYDPETGTWY_amber/replica_272/replica_272.pdb,outputs/energy_reps_Brickwork_entanglement/slurm_YYDPETGTWY_amber/replica_272/replica_272_ca.pdb
80,313296847,random,YYDPETGTWY,amber,-58.39440207431459,5.860802016945378,21.4319871299318,7.3462953643455435,5.508595556037851,4.848916770784997,295.42,aer,4096,outputs/energy_reps_Brickwork_entanglement/slurm_YYDPETGTWY_amber/replica_80/replica_80.pdb,outputs/energy_reps_Brickwork_entanglement/slurm_YYDPETGTWY_amber/replica_80/replica_80_ca.pdb
107,313296874,random,YYDPETGTWY,amber,0.3787034153032708,5.862701670869574,21.173430577541573,7.083435091617192,5.508595556037851,4.848916770784997,347.91,aer,4096,outputs/energy_reps_Brickwork_entanglement/slurm_YYDPETGTWY_amber/replica_107/replica_107.pdb,outputs/energy_reps_Brickwork_entanglement/slurm_YYDPETGTWY_amber/replica_107/replica_107_ca.pdb
350,313297117,random,YYDPETGTWY,amber,-25.353829769106504,5.865798638427587,21.257877313895722,7.26112932287645,5.508595556037851,4.848916770784997,223.61,aer,4096,outputs/energy_reps_Brickwork_entanglement/slurm_YYDPETGTWY_amber/replica_350/replica_350.pdb,outputs/energy_reps_Brickwork_entanglement/slurm_YYDPETGTWY_amber/replica_350/replica_350_ca.pdb
201,313296968,random,YYDPETGTWY,amber,5.346935506263653,5.866140860158425,22.06663889264212,7.340825551392581,5.508595556037851,4.848916770784997,238.07,aer,4096,outputs/energy_reps_Brickwork_entanglement/slurm_YYDPETGTWY_amber/replica_201/replica_201.pdb,outputs/energy_reps_Brickwork_entanglement/slurm_YYDPETGTWY_amber/replica_201/replica_201_ca.pdb
166,313296933,random,YYDPETGTWY,amber,-2.059311622759874,5.875290707105827,22.826935459425247,7.356149576801524,5.508595556037851,4.848916770784997,272.06,aer,4096,outputs/energy_reps_Brickwork_entanglement/slurm_YYDPETGTWY_amber/replica_166/replica_166.pdb,outputs/energy_reps_Brickwork_entanglement/slurm_YYDPETGTWY_amber/replica_166/replica_166_ca.pdb
191,313296958,random,YYDPETGTWY,amber,12.166385505438328,5.904064903431584,17.54328157404204,6.674539111048164,5.508595556037851,4.848916770784997,253.95,aer,4096,outputs/energy_reps_Brickwork_entanglement/slurm_YYDPETGTWY_amber/replica_191/replica_191.pdb,outputs/energy_reps_Brickwork_entanglement/slurm_YYDPETGTWY_amber/replica_191/replica_191_ca.pdb
269,313297036,random,YYDPETGTWY,amber,17.784452650476233,5.906844565457549,19.613375254393354,6.7037159824462265,5.508595556037851,4.848916770784997,268.17,aer,4096,outputs/energy_reps_Brickwork_entanglement/slurm_YYDPETGTWY_amber/replica_269/replica_269.pdb,outputs/energy_reps_Brickwork_entanglement/slurm_YYDPETGTWY_amber/replica_269/replica_269_ca.pdb
180,313296947,random,YYDPETGTWY,amber,-47.81883188685526,5.907871167145211,22.810920848533165,7.804016480051307,5.508595556037851,4.848916770784997,241.55,aer,4096,outputs/energy_reps_Brickwork_entanglement/slurm_YYDPETGTWY_amber/replica_180/replica_180.pdb,outputs/energy_reps_Brickwork_entanglement/slurm_YYDPETGTWY_amber/replica_180/replica_180_ca.pdb
63,313296830,random,YYDPETGTWY,amber,111.02421593645442,5.912944336171664,20.785637246165567,7.324734843244957,5.508595556037851,4.848916770784997,171.86,aer,4096,outputs/energy_reps_Brickwork_entanglement/slurm_YYDPETGTWY_amber/replica_63/replica_63.pdb,outputs/energy_reps_Brickwork_entanglement/slurm_YYDPETGTWY_amber/replica_63/replica_63_ca.pdb
308,313297075,random,YYDPETGTWY,amber,-26.904305714207062,5.919445852313602,21.3559075173093,7.250187091897421,5.508595556037851,4.848916770784997,363.96,aer,4096,outputs/energy_reps_Brickwork_entanglement/slurm_YYDPETGTWY_amber/replica_308/replica_308.pdb,outputs/energy_reps_Brickwork_entanglement/slurm_YYDPETGTWY_amber/replica_308/replica_308_ca.pdb
194,313296961,random,YYDPETGTWY,amber,34.58060205057692,5.920492138750728,19.802824648568503,7.477542762285379,5.508595556037851,4.848916770784997,205.76,aer,4096,outputs/energy_reps_Brickwork_entanglement/slurm_YYDPETGTWY_amber/replica_194/replica_194.pdb,outputs/energy_reps_Brickwork_entanglement/slurm_YYDPETGTWY_amber/replica_194/replica_194_ca.pdb
212,313296979,random,YYDPETGTWY,amber,-47.65061680903545,5.928098868930153,20.658156608313234,6.935302267260965,5.508595556037851,4.848916770784997,217.97,aer,4096,outputs/energy_reps_Brickwork_entanglement/slurm_YYDPETGTWY_amber/replica_212/replica_212.pdb,outputs/energy_reps_Brickwork_entanglement/slurm_YYDPETGTWY_amber/replica_212/replica_212_ca.pdb
53,313296820,random,YYDPETGTWY,amber,-27.240234400710836,5.92904058402476,20.717143725515356,7.193400441863002,5.508595556037851,4.848916770784997,303.95,aer,4096,outputs/energy_reps_Brickwork_entanglement/slurm_YYDPETGTWY_amber/replica_53/replica_53.pdb,outputs/energy_reps_Brickwork_entanglement/slurm_YYDPETGTWY_amber/replica_53/replica_53_ca.pdb
170,313296937,random,YYDPETGTWY,amber,-26.32404762222883,5.930141591273912,21.72715820873634,7.638522048649903,5.508595556037851,4.848916770784997,531.09,aer,4096,outputs/energy_reps_Brickwork_entanglement/slurm_YYDPETGTWY_amber/replica_170/replica_170.pdb,outputs/energy_reps_Brickwork_entanglement/slurm_YYDPETGTWY_amber/replica_170/replica_170_ca.pdb
324,313297091,random,YYDPETGTWY,amber,76.12416599623288,5.935841768902791,19.552389107065597,7.095522107977612,5.508595556037851,4.848916770784997,433.75,aer,4096,outputs/energy_reps_Brickwork_entanglement/slurm_YYDPETGTWY_amber/replica_324/replica_324.pdb,outputs/energy_reps_Brickwork_entanglement/slurm_YYDPETGTWY_amber/replica_324/replica_324_ca.pdb
31,313296798,random,YYDPETGTWY,amber,-15.782487345350608,5.939778056224449,20.29341369105039,7.083357161838497,5.508595556037851,4.848916770784997,189.88,aer,4096,outputs/energy_reps_Brickwork_entanglement/slurm_YYDPETGTWY_amber/replica_31/replica_31.pdb,outputs/energy_reps_Brickwork_entanglement/slurm_YYDPETGTWY_amber/replica_31/replica_31_ca.pdb
219,313296986,random,YYDPETGTWY,amber,32.403967538457806,5.940070049341236,22.039212252577435,7.197426757621068,5.508595556037851,4.848916770784997,328.64,aer,4096,outputs/energy_reps_Brickwork_entanglement/slurm_YYDPETGTWY_amber/replica_219/replica_219.pdb,outputs/energy_reps_Brickwork_entanglement/slurm_YYDPETGTWY_amber/replica_219/replica_219_ca.pdb
321,313297088,random,YYDPETGTWY,amber,11.92894029381974,5.942555792046742,21.584889004730872,7.351959417584673,5.508595556037851,4.848916770784997,278.79,aer,4096,outputs/energy_reps_Brickwork_entanglement/slurm_YYDPETGTWY_amber/replica_321/replica_321.pdb,outputs/energy_reps_Brickwork_entanglement/slurm_YYDPETGTWY_amber/replica_321/replica_321_ca.pdb
116,313296883,random,YYDPETGTWY,amber,101.4527327356944,5.965379187891343,20.842945798822832,7.214947341740942,5.508595556037851,4.848916770784997,272.59,aer,4096,outputs/energy_reps_Brickwork_entanglement/slurm_YYDPETGTWY_amber/replica_116/replica_116.pdb,outputs/energy_reps_Brickwork_entanglement/slurm_YYDPETGTWY_amber/replica_116/replica_116_ca.pdb
339,313297106,random,YYDPETGTWY,amber,9.032607346039015,5.971296065984391,21.969055263494056,7.285245032949952,5.508595556037851,4.848916770784997,366.54,aer,4096,outputs/energy_reps_Brickwork_entanglement/slurm_YYDPETGTWY_amber/replica_339/replica_339.pdb,outputs/energy_reps_Brickwork_entanglement/slurm_YYDPETGTWY_amber/replica_339/replica_339_ca.pdb
73,313296840,random,YYDPETGTWY,amber,-58.40733367621301,5.972513262142175,21.20719964599354,7.423964058558789,5.508595556037851,4.848916770784997,283.19,aer,4096,outputs/energy_reps_Brickwork_entanglement/slurm_YYDPETGTWY_amber/replica_73/replica_73.pdb,outputs/energy_reps_Brickwork_entanglement/slurm_YYDPETGTWY_amber/replica_73/replica_73_ca.pdb
175,313296942,random,YYDPETGTWY,amber,-63.65905534388317,5.993373465768103,21.529894767748683,7.475755022207996,5.508595556037851,4.848916770784997,278.93,aer,4096,outputs/energy_reps_Brickwork_entanglement/slurm_YYDPETGTWY_amber/replica_175/replica_175.pdb,outputs/energy_reps_Brickwork_entanglement/slurm_YYDPETGTWY_amber/replica_175/replica_175_ca.pdb
69,313296836,random,YYDPETGTWY,amber,-3.194180253485743,5.9939442972798025,22.878386305973248,7.5907396648519745,5.508595556037851,4.848916770784997,248.34,aer,4096,outputs/energy_reps_Brickwork_entanglement/slurm_YYDPETGTWY_amber/replica_69/replica_69.pdb,outputs/energy_reps_Brickwork_entanglement/slurm_YYDPETGTWY_amber/replica_69/replica_69_ca.pdb
1,313296768,random,YYDPETGTWY,amber,30.630821964895606,6.0005951882937145,19.55307452646237,7.2974079688890185,5.508595556037851,4.848916770784997,328.56,aer,4096,outputs/energy_reps_Brickwork_entanglement/slurm_YYDPETGTWY_amber/replica_1/replica_1.pdb,outputs/energy_reps_Brickwork_entanglement/slurm_YYDPETGTWY_amber/replica_1/replica_1_ca.pdb
313,313297080,random,YYDPETGTWY,amber,13.54361506637336,6.002714199415485,21.121628154444483,7.257516757892605,5.508595556037851,4.848916770784997,210.95,aer,4096,outputs/energy_reps_Brickwork_entanglement/slurm_YYDPETGTWY_amber/replica_313/replica_313.pdb,outputs/energy_reps_Brickwork_entanglement/slurm_YYDPETGTWY_amber/replica_313/replica_313_ca.pdb
137,313296904,random,YYDPETGTWY,amber,-36.429324587280945,6.013187450794793,21.83447139483789,7.34614398678652,5.508595556037851,4.848916770784997,397.14,aer,4096,outputs/energy_reps_Brickwork_entanglement/slurm_YYDPETGTWY_amber/replica_137/replica_137.pdb,outputs/energy_reps_Brickwork_entanglement/slurm_YYDPETGTWY_amber/replica_137/replica_137_ca.pdb
256,313297023,random,YYDPETGTWY,amber,-45.53723727635701,6.014252869076994,22.762124449466338,7.667502058179079,5.508595556037851,4.848916770784997,221.15,aer,4096,outputs/energy_reps_Brickwork_entanglement/slurm_YYDPETGTWY_amber/replica_256/replica_256.pdb,outputs/energy_reps_Brickwork_entanglement/slurm_YYDPETGTWY_amber/replica_256/replica_256_ca.pdb
6,313296773,random,YYDPETGTWY,amber,27.8827286039528,6.02071721359919,20.00223093851161,6.9172160347103695,5.508595556037851,4.848916770784997,316.33,aer,4096,outputs/energy_reps_Brickwork_entanglement/slurm_YYDPETGTWY_amber/replica_6/replica_6.pdb,outputs/energy_reps_Brickwork_entanglement/slurm_YYDPETGTWY_amber/replica_6/replica_6_ca.pdb
230,313296997,random,YYDPETGTWY,amber,-44.46898069193166,6.039692140684664,20.9824798382443,7.38895585793911,5.508595556037851,4.848916770784997,199.25,aer,4096,outputs/energy_reps_Brickwork_entanglement/slurm_YYDPETGTWY_amber/replica_230/replica_230.pdb,outputs/energy_reps_Brickwork_entanglement/slurm_YYDPETGTWY_amber/replica_230/replica_230_ca.pdb
68,313296835,random,YYDPETGTWY,amber,95.07155795696053,6.040910747735569,21.53739310904718,7.157104484806989,5.508595556037851,4.848916770784997,282.27,aer,4096,outputs/energy_reps_Brickwork_entanglement/slurm_YYDPETGTWY_amber/replica_68/replica_68.pdb,outputs/energy_reps_Brickwork_entanglement/slurm_YYDPETGTWY_amber/replica_68/replica_68_ca.pdb
301,313297068,random,YYDPETGTWY,amber,17.341511726281816,6.044137590618398,20.774776849002784,6.8983792965880575,5.508595556037851,4.848916770784997,525.43,aer,4096,outputs/energy_reps_Brickwork_entanglement/slurm_YYDPETGTWY_amber/replica_301/replica_301.pdb,outputs/energy_reps_Brickwork_entanglement/slurm_YYDPETGTWY_amber/replica_301/replica_301_ca.pdb
143,313296910,random,YYDPETGTWY,amber,-36.55712989322394,6.045141498606533,21.888005758559313,7.1192827932295755,5.508595556037851,4.848916770784997,315.03,aer,4096,outputs/energy_reps_Brickwork_entanglement/slurm_YYDPETGTWY_amber/replica_143/replica_143.pdb,outputs/energy_reps_Brickwork_entanglement/slurm_YYDPETGTWY_amber/replica_143/replica_143_ca.pdb
323,313297090,random,YYDPETGTWY,amber,38.844802677045244,6.051960449466296,22.01533970299814,7.075480305173406,5.508595556037851,4.848916770784997,347.47,aer,4096,outputs/energy_reps_Brickwork_entanglement/slurm_YYDPETGTWY_amber/replica_323/replica_323.pdb,outputs/energy_reps_Brickwork_entanglement/slurm_YYDPETGTWY_amber/replica_323/replica_323_ca.pdb
183,313296950,random,YYDPETGTWY,amber,27.434051291064097,6.055380928802147,19.932399344293792,6.8862444283045585,5.508595556037851,4.848916770784997,190.6,aer,4096,outputs/energy_reps_Brickwork_entanglement/slurm_YYDPETGTWY_amber/replica_183/replica_183.pdb,outputs/energy_reps_Brickwork_entanglement/slurm_YYDPETGTWY_amber/replica_183/replica_183_ca.pdb
322,313297089,random,YYDPETGTWY,amber,75.31877244551971,6.0596120551551005,21.97346004293179,7.240012075516669,5.508595556037851,4.848916770784997,313.84,aer,4096,outputs/energy_reps_Brickwork_entanglement/slurm_YYDPETGTWY_amber/replica_322/replica_322.pdb,outputs/energy_reps_Brickwork_entanglement/slurm_YYDPETGTWY_amber/replica_322/replica_322_ca.pdb
54,313296821,random,YYDPETGTWY,amber,86.63634954991349,6.06340958712911,21.897228031944817,7.3359751213032665,5.508595556037851,4.848916770784997,212.79,aer,4096,outputs/energy_reps_Brickwork_entanglement/slurm_YYDPETGTWY_amber/replica_54/replica_54.pdb,outputs/energy_reps_Brickwork_entanglement/slurm_YYDPETGTWY_amber/replica_54/replica_54_ca.pdb
205,313296972,random,YYDPETGTWY,amber,69.73933540299245,6.064002155629537,22.636909034859226,7.557017021809232,5.508595556037851,4.848916770784997,255.87,aer,4096,outputs/energy_reps_Brickwork_entanglement/slurm_YYDPETGTWY_amber/replica_205/replica_205.pdb,outputs/energy_reps_Brickwork_entanglement/slurm_YYDPETGTWY_amber/replica_205/replica_205_ca.pdb
121,313296888,random,YYDPETGTWY,amber,36.211991508009724,6.079273814612572,21.610646741266613,7.343894490332638,5.508595556037851,4.848916770784997,338.76,aer,4096,outputs/energy_reps_Brickwork_entanglement/slurm_YYDPETGTWY_amber/replica_121/replica_121.pdb,outputs/energy_reps_Brickwork_entanglement/slurm_YYDPETGTWY_amber/replica_121/replica_121_ca.pdb
52,313296819,random,YYDPETGTWY,amber,2.9716309593652266,6.084517642389999,21.829939438566534,7.451577467897938,5.508595556037851,4.848916770784997,229.49,aer,4096,outputs/energy_reps_Brickwork_entanglement/slurm_YYDPETGTWY_amber/replica_52/replica_52.pdb,outputs/energy_reps_Brickwork_entanglement/slurm_YYDPETGTWY_amber/replica_52/replica_52_ca.pdb
245,313297012,random,YYDPETGTWY,amber,9.748020708719581,6.1140213750881545,19.551973183659573,6.698786497806688,5.508595556037851,4.848916770784997,363.41,aer,4096,outputs/energy_reps_Brickwork_entanglement/slurm_YYDPETGTWY_amber/replica_245/replica_245.pdb,outputs/energy_reps_Brickwork_entanglement/slurm_YYDPETGTWY_amber/replica_245/replica_245_ca.pdb
58,313296825,random,YYDPETGTWY,amber,-43.3004760303169,6.121156790356086,20.728126533431347,7.273616063292768,5.508595556037851,4.848916770784997,281.2,aer,4096,outputs/energy_reps_Brickwork_entanglement/slurm_YYDPETGTWY_amber/replica_58/replica_58.pdb,outputs/energy_reps_Brickwork_entanglement/slurm_YYDPETGTWY_amber/replica_58/replica_58_ca.pdb
317,313297084,random,YYDPETGTWY,amber,24.81468880585468,6.1263903796289885,22.157957365722236,7.548056247331457,5.508595556037851,4.848916770784997,260.89,aer,4096,outputs/energy_reps_Brickwork_entanglement/slurm_YYDPETGTWY_amber/replica_317/replica_317.pdb,outputs/energy_reps_Brickwork_entanglement/slurm_YYDPETGTWY_amber/replica_317/replica_317_ca.pdb
248,313297015,random,YYDPETGTWY,amber,-31.111351657167962,6.132110124229744,22.517637040496393,7.367265459433084,5.508595556037851,4.848916770784997,422.48,aer,4096,outputs/energy_reps_Brickwork_entanglement/slurm_YYDPETGTWY_amber/replica_248/replica_248.pdb,outputs/energy_reps_Brickwork_entanglement/slurm_YYDPETGTWY_amber/replica_248/replica_248_ca.pdb
146,313296913,random,YYDPETGTWY,amber,158.40323728972135,6.144916644115604,20.84507784263101,6.973799688425079,5.508595556037851,4.848916770784997,347.68,aer,4096,outputs/energy_reps_Brickwork_entanglement/slurm_YYDPETGTWY_amber/replica_146/replica_146.pdb,outputs/energy_reps_Brickwork_entanglement/slurm_YYDPETGTWY_amber/replica_146/replica_146_ca.pdb
173,313296940,random,YYDPETGTWY,amber,-26.477307005414914,6.1484834485457345,21.56086706745385,7.407569360208317,5.508595556037851,4.848916770784997,318.98,aer,4096,outputs/energy_reps_Brickwork_entanglement/slurm_YYDPETGTWY_amber/replica_173/replica_173.pdb,outputs/energy_reps_Brickwork_entanglement/slurm_YYDPETGTWY_amber/replica_173/replica_173_ca.pdb
78,313296845,random,YYDPETGTWY,amber,-20.36944298878121,6.148595782681159,20.676081751758833,6.773793004590886,5.508595556037851,4.848916770784997,262.63,aer,4096,outputs/energy_reps_Brickwork_entanglement/slurm_YYDPETGTWY_amber/replica_78/replica_78.pdb,outputs/energy_reps_Brickwork_entanglement/slurm_YYDPETGTWY_amber/replica_78/replica_78_ca.pdb
187,313296954,random,YYDPETGTWY,amber,-4.0942779414770305,6.158626281469695,22.28824239311054,7.290817822496953,5.508595556037851,4.848916770784997,244.87,aer,4096,outputs/energy_reps_Brickwork_entanglement/slurm_YYDPETGTWY_amber/replica_187/replica_187.pdb,outputs/energy_reps_Brickwork_entanglement/slurm_YYDPETGTWY_amber/replica_187/replica_187_ca.pdb
81,313296848,random,YYDPETGTWY,amber,-16.989242235902136,6.1605127585681325,17.837323115869673,6.708021541705774,5.508595556037851,4.848916770784997,217.84,aer,4096,outputs/energy_reps_Brickwork_entanglement/slurm_YYDPETGTWY_amber/replica_81/replica_81.pdb,outputs/energy_reps_Brickwork_entanglement/slurm_YYDPETGTWY_amber/replica_81/replica_81_ca.pdb
198,313296965,random,YYDPETGTWY,amber,10.657575144287488,6.162015967696001,22.41891631501305,7.6619291804336696,5.508595556037851,4.848916770784997,185.92,aer,4096,outputs/energy_reps_Brickwork_entanglement/slurm_YYDPETGTWY_amber/replica_198/replica_198.pdb,outputs/energy_reps_Brickwork_entanglement/slurm_YYDPETGTWY_amber/replica_198/replica_198_ca.pdb
296,313297063,random,YYDPETGTWY,amber,19.65899780624487,6.164263787974031,21.7883864745331,7.136787395710616,5.508595556037851,4.848916770784997,213.96,aer,4096,outputs/energy_reps_Brickwork_entanglement/slurm_YYDPETGTWY_amber/replica_296/replica_296.pdb,outputs/energy_reps_Brickwork_entanglement/slurm_YYDPETGTWY_amber/replica_296/replica_296_ca.pdb
8,313296775,random,YYDPETGTWY,amber,97.81047095145394,6.164742498990906,20.476026106229277,7.147649716666515,5.508595556037851,4.848916770784997,273.34,aer,4096,outputs/energy_reps_Brickwork_entanglement/slurm_YYDPETGTWY_amber/replica_8/replica_8.pdb,outputs/energy_reps_Brickwork_entanglement/slurm_YYDPETGTWY_amber/replica_8/replica_8_ca.pdb
216,313296983,random,YYDPETGTWY,amber,-41.92150203959293,6.172919693855355,23.622830469470824,7.593105773525989,5.508595556037851,4.848916770784997,321.25,aer,4096,outputs/energy_reps_Brickwork_entanglement/slurm_YYDPETGTWY_amber/replica_216/replica_216.pdb,outputs/energy_reps_Brickwork_entanglement/slurm_YYDPETGTWY_amber/replica_216/replica_216_ca.pdb
262,313297029,random,YYDPETGTWY,amber,96.15564334944268,6.18265919653895,18.832041156078688,6.813782537634225,5.508595556037851,4.848916770784997,322.54,aer,4096,outputs/energy_reps_Brickwork_entanglement/slurm_YYDPETGTWY_amber/replica_262/replica_262.pdb,outputs/energy_reps_Brickwork_entanglement/slurm_YYDPETGTWY_amber/replica_262/replica_262_ca.pdb
117,313296884,random,YYDPETGTWY,amber,133.06659315249408,6.194265378049913,22.520345102639034,7.433986936670166,5.508595556037851,4.848916770784997,332.82,aer,4096,outputs/energy_reps_Brickwork_entanglement/slurm_YYDPETGTWY_amber/replica_117/replica_117.pdb,outputs/energy_reps_Brickwork_entanglement/slurm_YYDPETGTWY_amber/replica_117/replica_117_ca.pdb
148,313296915,random,YYDPETGTWY,amber,-12.593374283158758,6.196605859400675,23.007799364586372,7.761713779929562,5.508595556037851,4.848916770784997,330.92,aer,4096,outputs/energy_reps_Brickwork_entanglement/slurm_YYDPETGTWY_amber/replica_148/replica_148.pdb,outputs/energy_reps_Brickwork_entanglement/slurm_YYDPETGTWY_amber/replica_148/replica_148_ca.pdb
19,313296786,random,YYDPETGTWY,amber,-28.953253319611537,6.199621021385732,23.703068360061653,7.7611703970273185,5.508595556037851,4.848916770784997,271.06,aer,4096,outputs/energy_reps_Brickwork_entanglement/slurm_YYDPETGTWY_amber/replica_19/replica_19.pdb,outputs/energy_reps_Brickwork_entanglement/slurm_YYDPETGTWY_amber/replica_19/replica_19_ca.pdb
93,313296860,random,YYDPETGTWY,amber,65.9525811115119,6.205522354775202,20.73234410242317,7.163740309458888,5.508595556037851,4.848916770784997,234.79,aer,4096,outputs/energy_reps_Brickwork_entanglement/slurm_YYDPETGTWY_amber/replica_93/replica_93.pdb,outputs/energy_reps_Brickwork_entanglement/slurm_YYDPETGTWY_amber/replica_93/replica_93_ca.pdb
315,313297082,random,YYDPETGTWY,amber,20.777079783734198,6.229188879386935,21.74803948538786,7.401532800308062,5.508595556037851,4.848916770784997,327.02,aer,4096,outputs/energy_reps_Brickwork_entanglement/slurm_YYDPETGTWY_amber/replica_315/replica_315.pdb,outputs/energy_reps_Brickwork_entanglement/slurm_YYDPETGTWY_amber/replica_315/replica_315_ca.pdb
34,313296801,random,YYDPETGTWY,amber,-51.0158544356621,6.23117394283242,21.830568447633365,7.370567478026087,5.508595556037851,4.848916770784997,273.78,aer,4096,outputs/energy_reps_Brickwork_entanglement/slurm_YYDPETGTWY_amber/replica_34/replica_34.pdb,outputs/energy_reps_Brickwork_entanglement/slurm_YYDPETGTWY_amber/replica_34/replica_34_ca.pdb
344,313297111,random,YYDPETGTWY,amber,117.29988325587075,6.2350588289523765,21.58630365720721,7.428986107321696,5.508595556037851,4.848916770784997,229.91,aer,4096,outputs/energy_reps_Brickwork_entanglement/slurm_YYDPETGTWY_amber/replica_344/replica_344.pdb,outputs/energy_reps_Brickwork_entanglement/slurm_YYDPETGTWY_amber/replica_344/replica_344_ca.pdb
2,313296769,random,YYDPETGTWY,amber,153.64824871548467,6.235608926963029,21.9007683201691,7.513487906218753,5.508595556037851,4.848916770784997,428.59,aer,4096,outputs/energy_reps_Brickwork_entanglement/slurm_YYDPETGTWY_amber/replica_2/replica_2.pdb,outputs/energy_reps_Brickwork_entanglement/slurm_YYDPETGTWY_amber/replica_2/replica_2_ca.pdb
264,313297031,random,YYDPETGTWY,amber,8.370353776659545,6.242548694871695,22.582790125884735,7.702228860592269,5.508595556037851,4.848916770784997,361.33,aer,4096,outputs/energy_reps_Brickwork_entanglement/slurm_YYDPETGTWY_amber/replica_264/replica_264.pdb,outputs/energy_reps_Brickwork_entanglement/slurm_YYDPETGTWY_amber/replica_264/replica_264_ca.pdb
240,313297007,random,YYDPETGTWY,amber,-12.325228374180874,6.242952761725783,23.082264501410847,7.476040888816605,5.508595556037851,4.848916770784997,349.12,aer,4096,outputs/energy_reps_Brickwork_entanglement/slurm_YYDPETGTWY_amber/replica_240/replica_240.pdb,outputs/energy_reps_Brickwork_entanglement/slurm_YYDPETGTWY_amber/replica_240/replica_240_ca.pdb
14,313296781,random,YYDPETGTWY,amber,7.779079278365296,6.2554038760824175,22.08748011020687,7.413730829472384,5.508595556037851,4.848916770784997,267.03,aer,4096,outputs/energy_reps_Brickwork_entanglement/slurm_YYDPETGTWY_amber/replica_14/replica_14.pdb,outputs/energy_reps_Brickwork_entanglement/slurm_YYDPETGTWY_amber/replica_14/replica_14_ca.pdb
50,313296817,random,YYDPETGTWY,amber,-56.84008385358794,6.2567337534872705,22.289312150453142,7.532014749283603,5.508595556037851,4.848916770784997,284.21,aer,4096,outputs/energy_reps_Brickwork_entanglement/slurm_YYDPETGTWY_amber/replica_50/replica_50.pdb,outputs/energy_reps_Brickwork_entanglement/slurm_YYDPETGTWY_amber/replica_50/replica_50_ca.pdb
252,313297019,random,YYDPETGTWY,amber,-19.598316969936096,6.25919893053649,22.394142449445937,7.5406688608689185,5.508595556037851,4.848916770784997,235.99,aer,4096,outputs/energy_reps_Brickwork_entanglement/slurm_YYDPETGTWY_amber/replica_252/replica_252.pdb,outputs/energy_reps_Brickwork_entanglement/slurm_YYDPETGTWY_amber/replica_252/replica_252_ca.pdb
255,313297022,random,YYDPETGTWY,amber,-7.38283478432442,6.261523841151504,21.57192514232527,7.176546567604811,5.508595556037851,4.848916770784997,393.37,aer,4096,outputs/energy_reps_Brickwork_entanglement/slurm_YYDPETGTWY_amber/replica_255/replica_255.pdb,outputs/energy_reps_Brickwork_entanglement/slurm_YYDPETGTWY_amber/replica_255/replica_255_ca.pdb
226,313296993,random,YYDPETGTWY,amber,-7.256827425022012,6.267798353636957,20.671413912853396,6.896405735193432,5.508595556037851,4.848916770784997,345.59,aer,4096,outputs/energy_reps_Brickwork_entanglement/slurm_YYDPETGTWY_amber/replica_226/replica_226.pdb,outputs/energy_reps_Brickwork_entanglement/slurm_YYDPETGTWY_amber/replica_226/replica_226_ca.pdb
199,313296966,random,YYDPETGTWY,amber,65.78234946672221,6.272897085903951,21.332511441956225,7.123423633630678,5.508595556037851,4.848916770784997,239.02,aer,4096,outputs/energy_reps_Brickwork_entanglement/slurm_YYDPETGTWY_amber/replica_199/replica_199.pdb,outputs/energy_reps_Brickwork_entanglement/slurm_YYDPETGTWY_amber/replica_199/replica_199_ca.pdb
235,313297002,random,YYDPETGTWY,amber,-29.071778238255842,6.290661182170697,22.58569816550278,7.598333553568102,5.508595556037851,4.848916770784997,250.57,aer,4096,outputs/energy_reps_Brickwork_entanglement/slurm_YYDPETGTWY_amber/replica_235/replica_235.pdb,outputs/energy_reps_Brickwork_entanglement/slurm_YYDPETGTWY_amber/replica_235/replica_235_ca.pdb
154,313296921,random,YYDPETGTWY,amber,19.49957814903667,6.296922858342363,21.599795050176805,7.57075519082268,5.508595556037851,4.848916770784997,368.56,aer,4096,outputs/energy_reps_Brickwork_entanglement/slurm_YYDPETGTWY_amber/replica_154/replica_154.pdb,outputs/energy_reps_Brickwork_entanglement/slurm_YYDPETGTWY_amber/replica_154/replica_154_ca.pdb
312,313297079,random,YYDPETGTWY,amber,-72.66258901760644,6.297903819754221,23.221130195767067,7.667910118540248,5.508595556037851,4.848916770784997,488.17,aer,4096,outputs/energy_reps_Brickwork_entanglement/slurm_YYDPETGTWY_amber/replica_312/replica_312.pdb,outputs/energy_reps_Brickwork_entanglement/slurm_YYDPETGTWY_amber/replica_312/replica_312_ca.pdb
176,313296943,random,YYDPETGTWY,amber,3.6730732950323324,6.302440064410402,21.898085088733474,7.215085121870869,5.508595556037851,4.848916770784997,349.8,aer,4096,outputs/energy_reps_Brickwork_entanglement/slurm_YYDPETGTWY_amber/replica_176/replica_176.pdb,outputs/energy_reps_Brickwork_entanglement/slurm_YYDPETGTWY_amber/replica_176/replica_176_ca.pdb
215,313296982,random,YYDPETGTWY,amber,-35.061722379715185,6.327390723530443,22.19289110694643,7.188655355791827,5.508595556037851,4.848916770784997,263.01,aer,4096,outputs/energy_reps_Brickwork_entanglement/slurm_YYDPETGTWY_amber/replica_215/replica_215.pdb,outputs/energy_reps_Brickwork_entanglement/slurm_YYDPETGTWY_amber/replica_215/replica_215_ca.pdb
131,313296898,random,YYDPETGTWY,amber,25.615311989801803,6.334959573015867,21.412282237428546,7.376037047897248,5.508595556037851,4.848916770784997,233.16,aer,4096,outputs/energy_reps_Brickwork_entanglement/slurm_YYDPETGTWY_amber/replica_131/replica_131.pdb,outputs/energy_reps_Brickwork_entanglement/slurm_YYDPETGTWY_amber/replica_131/replica_131_ca.pdb
21,313296788,random,YYDPETGTWY,amber,-82.64581400044585,6.355598294408109,21.798181976761676,7.23093981229482,5.508595556037851,4.848916770784997,510.34,aer,4096,outputs/energy_reps_Brickwork_entanglement/slurm_YYDPETGTWY_amber/replica_21/replica_21.pdb,outputs/energy_reps_Brickwork_entanglement/slurm_YYDPETGTWY_amber/replica_21/replica_21_ca.pdb
57,313296824,random,YYDPETGTWY,amber,50.59618954779191,6.357279242299765,22.850070706113673,7.602151988900887,5.508595556037851,4.848916770784997,230.03,aer,4096,outputs/energy_reps_Brickwork_entanglement/slurm_YYDPETGTWY_amber/replica_57/replica_57.pdb,outputs/energy_reps_Brickwork_entanglement/slurm_YYDPETGTWY_amber/replica_57/replica_57_ca.pdb
102,313296869,random,YYDPETGTWY,amber,-52.60777935534052,6.360684251178739,22.200306841483197,7.305224748411387,5.508595556037851,4.848916770784997,252.88,aer,4096,outputs/energy_reps_Brickwork_entanglement/slurm_YYDPETGTWY_amber/replica_102/replica_102.pdb,outputs/energy_reps_Brickwork_entanglement/slurm_YYDPETGTWY_amber/replica_102/replica_102_ca.pdb
25,313296792,random,YYDPETGTWY,amber,11.402754314090856,6.366717532336512,21.928243620613113,7.180517641666941,5.508595556037851,4.848916770784997,374.03,aer,4096,outputs/energy_reps_Brickwork_entanglement/slurm_YYDPETGTWY_amber/replica_25/replica_25.pdb,outputs/energy_reps_Brickwork_entanglement/slurm_YYDPETGTWY_amber/replica_25/replica_25_ca.pdb
115,313296882,random,YYDPETGTWY,amber,-24.844000932144162,6.369362893198565,22.577906196529998,7.303508437728429,5.508595556037851,4.848916770784997,251.19,aer,4096,outputs/energy_reps_Brickwork_entanglement/slurm_YYDPETGTWY_amber/replica_115/replica_115.pdb,outputs/energy_reps_Brickwork_entanglement/slurm_YYDPETGTWY_amber/replica_115/replica_115_ca.pdb
325,313297092,random,YYDPETGTWY,amber,2.8457245590216367,6.379766380466656,22.418440753829856,7.656692364484167,5.508595556037851,4.848916770784997,421.92,aer,4096,outputs/energy_reps_Brickwork_entanglement/slurm_YYDPETGTWY_amber/replica_325/replica_325.pdb,outputs/energy_reps_Brickwork_entanglement/slurm_YYDPETGTWY_amber/replica_325/replica_325_ca.pdb
329,313297096,random,YYDPETGTWY,amber,-13.396587720549872,6.382169709393716,22.892982143404314,7.625631605573051,5.508595556037851,4.848916770784997,306.91,aer,4096,outputs/energy_reps_Brickwork_entanglement/slurm_YYDPETGTWY_amber/replica_329/replica_329.pdb,outputs/energy_reps_Brickwork_entanglement/slurm_YYDPETGTWY_amber/replica_329/replica_329_ca.pdb
77,313296844,random,YYDPETGTWY,amber,-2.78324934191947,6.382362137299486,22.50834527096294,7.435029921007925,5.508595556037851,4.848916770784997,377.67,aer,4096,outputs/energy_reps_Brickwork_entanglement/slurm_YYDPETGTWY_amber/replica_77/replica_77.pdb,outputs/energy_reps_Brickwork_entanglement/slurm_YYDPETGTWY_amber/replica_77/replica_77_ca.pdb
16,313296783,random,YYDPETGTWY,amber,13.126836379672348,6.393276671766393,22.75414184281528,7.530852506560989,5.508595556037851,4.848916770784997,259.69,aer,4096,outputs/energy_reps_Brickwork_entanglement/slurm_YYDPETGTWY_amber/replica_16/replica_16.pdb,outputs/energy_reps_Brickwork_entanglement/slurm_YYDPETGTWY_amber/replica_16/replica_16_ca.pdb
59,313296826,random,YYDPETGTWY,amber,110.59036352891309,6.393871820565221,22.367868972336133,7.46655000103625,5.508595556037851,4.848916770784997,458.82,aer,4096,outputs/energy_reps_Brickwork_entanglement/slurm_YYDPETGTWY_amber/replica_59/replica_59.pdb,outputs/energy_reps_Brickwork_entanglement/slurm_YYDPETGTWY_amber/replica_59/replica_59_ca.pdb
229,313296996,random,YYDPETGTWY,amber,50.10124229328944,6.394736918233366,22.91130401041536,7.759692658083304,5.508595556037851,4.848916770784997,346.42,aer,4096,outputs/energy_reps_Brickwork_entanglement/slurm_YYDPETGTWY_amber/replica_229/replica_229.pdb,outputs/energy_reps_Brickwork_entanglement/slurm_YYDPETGTWY_amber/replica_229/replica_229_ca.pdb
319,313297086,random,YYDPETGTWY,amber,29.928264293756623,6.400564084669069,23.6706339012714,7.8335917421915795,5.508595556037851,4.848916770784997,349.95,aer,4096,outputs/energy_reps_Brickwork_entanglement/slurm_YYDPETGTWY_amber/replica_319/replica_319.pdb,outputs/energy_reps_Brickwork_entanglement/slurm_YYDPETGTWY_amber/replica_319/replica_319_ca.pdb
263,313297030,random,YYDPETGTWY,amber,71.3819273468546,6.40330799364553,23.059114809105804,7.663382792009647,5.508595556037851,4.848916770784997,382.93,aer,4096,outputs/energy_reps_Brickwork_entanglement/slurm_YYDPETGTWY_amber/replica_263/replica_263.pdb,outputs/energy_reps_Brickwork_entanglement/slurm_YYDPETGTWY_amber/replica_263/replica_263_ca.pdb
5,313296772,random,YYDPETGTWY,amber,-20.43276786141765,6.409181814728379,22.819377466543823,7.562334007402897,5.508595556037851,4.848916770784997,243.95,aer,4096,outputs/energy_reps_Brickwork_entanglement/slurm_YYDPETGTWY_amber/replica_5/replica_5.pdb,outputs/energy_reps_Brickwork_entanglement/slurm_YYDPETGTWY_amber/replica_5/replica_5_ca.pdb
150,313296917,random,YYDPETGTWY,amber,13.72201167002894,6.412728539436154,21.308958650407025,7.143651200505451,5.508595556037851,4.848916770784997,248.07,aer,4096,outputs/energy_reps_Brickwork_entanglement/slurm_YYDPETGTWY_amber/replica_150/replica_150.pdb,outputs/energy_reps_Brickwork_entanglement/slurm_YYDPETGTWY_amber/replica_150/replica_150_ca.pdb
136,313296903,random,YYDPETGTWY,amber,-11.560050528396681,6.416030989263536,22.513737134902964,7.45864285725327,5.508595556037851,4.848916770784997,238.53,aer,4096,outputs/energy_reps_Brickwork_entanglement/slurm_YYDPETGTWY_amber/replica_136/replica_136.pdb,outputs/energy_reps_Brickwork_entanglement/slurm_YYDPETGTWY_amber/replica_136/replica_136_ca.pdb
126,313296893,random,YYDPETGTWY,amber,66.80301182325063,6.417153055883371,22.951592667835516,7.488897345628408,5.508595556037851,4.848916770784997,226.83,aer,4096,outputs/energy_reps_Brickwork_entanglement/slurm_YYDPETGTWY_amber/replica_126/replica_126.pdb,outputs/energy_reps_Brickwork_entanglement/slurm_YYDPETGTWY_amber/replica_126/replica_126_ca.pdb
132,313296899,random,YYDPETGTWY,amber,64.57224058744285,6.418041836347302,23.754993555201512,7.886718657850741,5.508595556037851,4.848916770784997,292.7,aer,4096,outputs/energy_reps_Brickwork_entanglement/slurm_YYDPETGTWY_amber/replica_132/replica_132.pdb,outputs/energy_reps_Brickwork_entanglement/slurm_YYDPETGTWY_amber/replica_132/replica_132_ca.pdb
291,313297058,random,YYDPETGTWY,amber,3.5932359602788826,6.418818546987498,22.422042745620875,7.3602267476835985,5.508595556037851,4.848916770784997,277.25,aer,4096,outputs/energy_reps_Brickwork_entanglement/slurm_YYDPETGTWY_amber/replica_291/replica_291.pdb,outputs/energy_reps_Brickwork_entanglement/slurm_YYDPETGTWY_amber/replica_291/replica_291_ca.pdb
203,313296970,random,YYDPETGTWY,amber,-7.346305093985549,6.419015890940637,21.303500842352868,7.510478031836513,5.508595556037851,4.848916770784997,184.46,aer,4096,outputs/energy_reps_Brickwork_entanglement/slurm_YYDPETGTWY_amber/replica_203/replica_203.pdb,outputs/energy_reps_Brickwork_entanglement/slurm_YYDPETGTWY_amber/replica_203/replica_203_ca.pdb
253,313297020,random,YYDPETGTWY,amber,15.051925014586757,6.425952245089733,24.008698212941418,7.797729316505684,5.508595556037851,4.848916770784997,405.03,aer,4096,outputs/energy_reps_Brickwork_entanglement/slurm_YYDPETGTWY_amber/replica_253/replica_253.pdb,outputs/energy_reps_Brickwork_entanglement/slurm_YYDPETGTWY_amber/replica_253/replica_253_ca.pdb
60,313296827,random,YYDPETGTWY,amber,48.66824128208885,6.430593704518094,22.527197691053285,7.676396695566811,5.508595556037851,4.848916770784997,177.78,aer,4096,outputs/energy_reps_Brickwork_entanglement/slurm_YYDPETGTWY_amber/replica_60/replica_60.pdb,outputs/energy_reps_Brickwork_entanglement/slurm_YYDPETGTWY_amber/replica_60/replica_60_ca.pdb
38,313296805,random,YYDPETGTWY,amber,-13.865805064119208,6.436189538117264,22.123853949149023,7.490343615935455,5.508595556037851,4.848916770784997,631.59,aer,4096,outputs/energy_reps_Brickwork_entanglement/slurm_YYDPETGTWY_amber/replica_38/replica_38.pdb,outputs/energy_reps_Brickwork_entanglement/slurm_YYDPETGTWY_amber/replica_38/replica_38_ca.pdb
328,313297095,random,YYDPETGTWY,amber,-16.028562207006733,6.440781911145655,23.41360402745788,7.722266123374894,5.508595556037851,4.848916770784997,228.2,aer,4096,outputs/energy_reps_Brickwork_entanglement/slurm_YYDPETGTWY_amber/replica_328/replica_328.pdb,outputs/energy_reps_Brickwork_entanglement/slurm_YYDPETGTWY_amber/replica_328/replica_328_ca.pdb
37,313296804,random,YYDPETGTWY,amber,38.107499743297765,6.453598849756798,23.57530829285404,7.660246548985536,5.508595556037851,4.848916770784997,283.24,aer,4096,outputs/energy_reps_Brickwork_entanglement/slurm_YYDPETGTWY_amber/replica_37/replica_37.pdb,outputs/energy_reps_Brickwork_entanglement/slurm_YYDPETGTWY_amber/replica_37/replica_37_ca.pdb
278,313297045,random,YYDPETGTWY,amber,-84.31499600227403,6.454009286849976,23.162802868751726,7.546939592832987,5.508595556037851,4.848916770784997,325.24,aer,4096,outputs/energy_reps_Brickwork_entanglement/slurm_YYDPETGTWY_amber/replica_278/replica_278.pdb,outputs/energy_reps_Brickwork_entanglement/slurm_YYDPETGTWY_amber/replica_278/replica_278_ca.pdb
172,313296939,random,YYDPETGTWY,amber,53.53841106034884,6.471207105994315,22.96818509429354,7.656526772516227,5.508595556037851,4.848916770784997,311.33,aer,4096,outputs/energy_reps_Brickwork_entanglement/slurm_YYDPETGTWY_amber/replica_172/replica_172.pdb,outputs/energy_reps_Brickwork_entanglement/slurm_YYDPETGTWY_amber/replica_172/replica_172_ca.pdb
287,313297054,random,YYDPETGTWY,amber,-26.95429864817674,6.4865129568621525,23.48951406442551,7.602591993834693,5.508595556037851,4.848916770784997,246.46,aer,4096,outputs/energy_reps_Brickwork_entanglement/slurm_YYDPETGTWY_amber/replica_287/replica_287.pdb,outputs/energy_reps_Brickwork_entanglement/slurm_YYDPETGTWY_amber/replica_287/replica_287_ca.pdb
82,313296849,random,YYDPETGTWY,amber,85.37130675274821,6.4871550301267416,20.00502633944449,6.921651820566903,5.508595556037851,4.848916770784997,197.08,aer,4096,outputs/energy_reps_Brickwork_entanglement/slurm_YYDPETGTWY_amber/replica_82/replica_82.pdb,outputs/energy_reps_Brickwork_entanglement/slurm_YYDPETGTWY_amber/replica_82/replica_82_ca.pdb
289,313297056,random,YYDPETGTWY,amber,-50.98940400577749,6.48935011245832,21.344006186463076,7.057870451695543,5.508595556037851,4.848916770784997,258.46,aer,4096,outputs/energy_reps_Brickwork_entanglement/slurm_YYDPETGTWY_amber/replica_289/replica_289.pdb,outputs/energy_reps_Brickwork_entanglement/slurm_YYDPETGTWY_amber/replica_289/replica_289_ca.pdb
86,313296853,random,YYDPETGTWY,amber,40.49794113260305,6.499172405386818,21.824488821923257,7.487346538792818,5.508595556037851,4.848916770784997,250.93,aer,4096,outputs/energy_reps_Brickwork_entanglement/slurm_YYDPETGTWY_amber/replica_86/replica_86.pdb,outputs/energy_reps_Brickwork_entanglement/slurm_YYDPETGTWY_amber/replica_86/replica_86_ca.pdb
214,313296981,random,YYDPETGTWY,amber,-31.913210282361064,6.502576582961712,21.90382766030286,7.247585322769322,5.508595556037851,4.848916770784997,341.77,aer,4096,outputs/energy_reps_Brickwork_entanglement/slurm_YYDPETGTWY_amber/replica_214/replica_214.pdb,outputs/energy_reps_Brickwork_entanglement/slurm_YYDPETGTWY_amber/replica_214/replica_214_ca.pdb
75,313296842,random,YYDPETGTWY,amber,-3.584938379308399,6.503867961024139,20.512393947482927,6.915674100943566,5.508595556037851,4.848916770784997,333.32,aer,4096,outputs/energy_reps_Brickwork_entanglement/slurm_YYDPETGTWY_amber/replica_75/replica_75.pdb,outputs/energy_reps_Brickwork_entanglement/slurm_YYDPETGTWY_amber/replica_75/replica_75_ca.pdb
22,313296789,random,YYDPETGTWY,amber,-48.560078496775105,6.509616046548292,23.25755204245036,7.504450185807427,5.508595556037851,4.848916770784997,279.91,aer,4096,outputs/energy_reps_Brickwork_entanglement/slurm_YYDPETGTWY_amber/replica_22/replica_22.pdb,outputs/energy_reps_Brickwork_entanglement/slurm_YYDPETGTWY_amber/replica_22/replica_22_ca.pdb
62,313296829,random,YYDPETGTWY,amber,-13.018627487688002,6.511619971041965,24.301775545690827,7.787430976066835,5.508595556037851,4.848916770784997,224.38,aer,4096,outputs/energy_reps_Brickwork_entanglement/slurm_YYDPETGTWY_amber/replica_62/replica_62.pdb,outputs/energy_reps_Brickwork_entanglement/slurm_YYDPETGTWY_amber/replica_62/replica_62_ca.pdb
26,313296793,random,YYDPETGTWY,amber,48.460856289979446,6.516977256641,24.269914202908115,7.680839765580479,5.508595556037851,4.848916770784997,323.09,aer,4096,outputs/energy_reps_Brickwork_entanglement/slurm_YYDPETGTWY_amber/replica_26/replica_26.pdb,outputs/energy_reps_Brickwork_entanglement/slurm_YYDPETGTWY_amber/replica_26/replica_26_ca.pdb
304,313297071,random,YYDPETGTWY,amber,30.89206983484169,6.518201839351744,23.76319226510929,7.640566320865876,5.508595556037851,4.848916770784997,384.57,aer,4096,outputs/energy_reps_Brickwork_entanglement/slurm_YYDPETGTWY_amber/replica_304/replica_304.pdb,outputs/energy_reps_Brickwork_entanglement/slurm_YYDPETGTWY_amber/replica_304/replica_304_ca.pdb
336,313297103,random,YYDPETGTWY,amber,28.013591186745575,6.530328481429797,23.791352901109224,7.754743051867293,5.508595556037851,4.848916770784997,257.23,aer,4096,outputs/energy_reps_Brickwork_entanglement/slurm_YYDPETGTWY_amber/replica_336/replica_336.pdb,outputs/energy_reps_Brickwork_entanglement/slurm_YYDPETGTWY_amber/replica_336/replica_336_ca.pdb
270,313297037,random,YYDPETGTWY,amber,33.60780938855403,6.532790556717581,23.8528800780996,7.809302516192372,5.508595556037851,4.848916770784997,255.75,aer,4096,outputs/energy_reps_Brickwork_entanglement/slurm_YYDPETGTWY_amber/replica_270/replica_270.pdb,outputs/energy_reps_Brickwork_entanglement/slurm_YYDPETGTWY_amber/replica_270/replica_270_ca.pdb
169,313296936,random,YYDPETGTWY,amber,-17.790237561754754,6.539183732512562,22.43444630514235,7.348544754053601,5.508595556037851,4.848916770784997,388.37,aer,4096,outputs/energy_reps_Brickwork_entanglement/slurm_YYDPETGTWY_amber/replica_169/replica_169.pdb,outputs/energy_reps_Brickwork_entanglement/slurm_YYDPETGTWY_amber/replica_169/replica_169_ca.pdb
36,313296803,random,YYDPETGTWY,amber,-36.29861994567373,6.544416337927167,19.980081963274998,6.938313438766321,5.508595556037851,4.848916770784997,379.15,aer,4096,outputs/energy_reps_Brickwork_entanglement/slurm_YYDPETGTWY_amber/replica_36/replica_36.pdb,outputs/energy_reps_Brickwork_entanglement/slurm_YYDPETGTWY_amber/replica_36/replica_36_ca.pdb
283,313297050,random,YYDPETGTWY,amber,164.99493669612986,6.5474926913550355,22.782927752159367,7.509281464457738,5.508595556037851,4.848916770784997,282.36,aer,4096,outputs/energy_reps_Brickwork_entanglement/slurm_YYDPETGTWY_amber/replica_283/replica_283.pdb,outputs/energy_reps_Brickwork_entanglement/slurm_YYDPETGTWY_amber/replica_283/replica_283_ca.pdb
10,313296777,random,YYDPETGTWY,amber,-56.13435361559076,6.563845988775774,22.397162475488237,7.472962498556906,5.508595556037851,4.848916770784997,383.58,aer,4096,outputs/energy_reps_Brickwork_entanglement/slurm_YYDPETGTWY_amber/replica_10/replica_10.pdb,outputs/energy_reps_Brickwork_entanglement/slurm_YYDPETGTWY_amber/replica_10/replica_10_ca.pdb
340,313297107,random,YYDPETGTWY,amber,-86.19900820213147,6.573076543438845,22.891968569514606,7.7299590281816695,5.508595556037851,4.848916770784997,217.75,aer,4096,outputs/energy_reps_Brickwork_entanglement/slurm_YYDPETGTWY_amber/replica_340/replica_340.pdb,outputs/energy_reps_Brickwork_entanglement/slurm_YYDPETGTWY_amber/replica_340/replica_340_ca.pdb
347,313297114,random,YYDPETGTWY,amber,164.20172850876457,6.5730852699225615,23.459815845188885,7.508096296695455,5.508595556037851,4.848916770784997,524.58,aer,4096,outputs/energy_reps_Brickwork_entanglement/slurm_YYDPETGTWY_amber/replica_347/replica_347.pdb,outputs/energy_reps_Brickwork_entanglement/slurm_YYDPETGTWY_amber/replica_347/replica_347_ca.pdb
155,313296922,random,YYDPETGTWY,amber,-62.15886850526161,6.5741370139928685,22.363383114511784,7.39771255208534,5.508595556037851,4.848916770784997,297.67,aer,4096,outputs/energy_reps_Brickwork_entanglement/slurm_YYDPETGTWY_amber/replica_155/replica_155.pdb,outputs/energy_reps_Brickwork_entanglement/slurm_YYDPETGTWY_amber/replica_155/replica_155_ca.pdb
135,313296902,random,YYDPETGTWY,amber,-50.232530689852474,6.584652115749887,23.690374099230326,7.653438399491212,5.508595556037851,4.848916770784997,377.64,aer,4096,outputs/energy_reps_Brickwork_entanglement/slurm_YYDPETGTWY_amber/replica_135/replica_135.pdb,outputs/energy_reps_Brickwork_entanglement/slurm_YYDPETGTWY_amber/replica_135/replica_135_ca.pdb
200,313296967,random,YYDPETGTWY,amber,-49.531903111779236,6.5881366004315804,23.62281537677267,7.539699278892947,5.508595556037851,4.848916770784997,269.83,aer,4096,outputs/energy_reps_Brickwork_entanglement/slurm_YYDPETGTWY_amber/replica_200/replica_200.pdb,outputs/energy_reps_Brickwork_entanglement/slurm_YYDPETGTWY_amber/replica_200/replica_200_ca.pdb
288,313297055,random,YYDPETGTWY,amber,86.2802306985983,6.591046102905154,24.042405221481463,7.573087452570192,5.508595556037851,4.848916770784997,304.52,aer,4096,outputs/energy_reps_Brickwork_entanglement/slurm_YYDPETGTWY_amber/replica_288/replica_288.pdb,outputs/energy_reps_Brickwork_entanglement/slurm_YYDPETGTWY_amber/replica_288/replica_288_ca.pdb
290,313297057,random,YYDPETGTWY,amber,23.88803369334684,6.592556912962337,23.627143493148953,7.804075952414024,5.508595556037851,4.848916770784997,296.44,aer,4096,outputs/energy_reps_Brickwork_entanglement/slurm_YYDPETGTWY_amber/replica_290/replica_290.pdb,outputs/energy_reps_Brickwork_entanglement/slurm_YYDPETGTWY_amber/replica_290/replica_290_ca.pdb
12,313296779,random,YYDPETGTWY,amber,-14.778332241945886,6.598556333199989,22.929735757992006,7.383492836474243,5.508595556037851,4.848916770784997,227.79,aer,4096,outputs/energy_reps_Brickwork_entanglement/slurm_YYDPETGTWY_amber/replica_12/replica_12.pdb,outputs/energy_reps_Brickwork_entanglement/slurm_YYDPETGTWY_amber/replica_12/replica_12_ca.pdb
258,313297025,random,YYDPETGTWY,amber,-27.521202761398786,6.598716017932147,22.645884696680866,7.328969884935661,5.508595556037851,4.848916770784997,335.68,aer,4096,outputs/energy_reps_Brickwork_entanglement/slurm_YYDPETGTWY_amber/replica_258/replica_258.pdb,outputs/energy_reps_Brickwork_entanglement/slurm_YYDPETGTWY_amber/replica_258/replica_258_ca.pdb
316,313297083,random,YYDPETGTWY,amber,6.260457214732793,6.602464009126138,24.013842669504605,7.6262038695503875,5.508595556037851,4.848916770784997,211.79,aer,4096,outputs/energy_reps_Brickwork_entanglement/slurm_YYDPETGTWY_amber/replica_316/replica_316.pdb,outputs/energy_reps_Brickwork_entanglement/slurm_YYDPETGTWY_amber/replica_316/replica_316_ca.pdb
330,313297097,random,YYDPETGTWY,amber,39.24160143168842,6.60413044034431,23.69185690213344,7.752291477806987,5.508595556037851,4.848916770784997,251.68,aer,4096,outputs/energy_reps_Brickwork_entanglement/slurm_YYDPETGTWY_amber/replica_330/replica_330.pdb,outputs/energy_reps_Brickwork_entanglement/slurm_YYDPETGTWY_amber/replica_330/replica_330_ca.pdb
207,313296974,random,YYDPETGTWY,amber,134.85678932065986,6.605941078163415,23.486385643042038,7.841656208601849,5.508595556037851,4.848916770784997,303.41,aer,4096,outputs/energy_reps_Brickwork_entanglement/slurm_YYDPETGTWY_amber/replica_207/replica_207.pdb,outputs/energy_reps_Brickwork_entanglement/slurm_YYDPETGTWY_amber/replica_207/replica_207_ca.pdb
99,313296866,random,YYDPETGTWY,amber,9.776573025415027,6.61448506657119,23.089919132519448,7.957313987323523,5.508595556037851,4.848916770784997,261.15,aer,4096,outputs/energy_reps_Brickwork_entanglement/slurm_YYDPETGTWY_amber/replica_99/replica_99.pdb,outputs/energy_reps_Brickwork_entanglement/slurm_YYDPETGTWY_amber/replica_99/replica_99_ca.pdb
144,313296911,random,YYDPETGTWY,amber,0.8407470160406134,6.620961907744113,24.49530715659854,7.980554464676443,5.508595556037851,4.848916770784997,246.07,aer,4096,outputs/energy_reps_Brickwork_entanglement/slurm_YYDPETGTWY_amber/replica_144/replica_144.pdb,outputs/energy_reps_Brickwork_entanglement/slurm_YYDPETGTWY_amber/replica_144/replica_144_ca.pdb
4,313296771,random,YYDPETGTWY,amber,16.088967240284333,6.6298812831260685,23.4398744138781,7.584351336720345,5.508595556037851,4.848916770784997,285.51,aer,4096,outputs/energy_reps_Brickwork_entanglement/slurm_YYDPETGTWY_amber/replica_4/replica_4.pdb,outputs/energy_reps_Brickwork_entanglement/slurm_YYDPETGTWY_amber/replica_4/replica_4_ca.pdb
280,313297047,random,YYDPETGTWY,amber,-15.156086500259585,6.6394950167471105,22.5537258513287,7.456533421169305,5.508595556037851,4.848916770784997,494.88,aer,4096,outputs/energy_reps_Brickwork_entanglement/slurm_YYDPETGTWY_amber/replica_280/replica_280.pdb,outputs/energy_reps_Brickwork_entanglement/slurm_YYDPETGTWY_amber/replica_280/replica_280_ca.pdb
119,313296886,random,YYDPETGTWY,amber,-44.547265155133715,6.658670005644324,23.32351015046928,7.715082650587506,5.508595556037851,4.848916770784997,310.51,aer,4096,outputs/energy_reps_Brickwork_entanglement/slurm_YYDPETGTWY_amber/replica_119/replica_119.pdb,outputs/energy_reps_Brickwork_entanglement/slurm_YYDPETGTWY_amber/replica_119/replica_119_ca.pdb
190,313296957,random,YYDPETGTWY,amber,-91.21218003770653,6.6917120160461625,24.317696530955384,7.756247989400725,5.508595556037851,4.848916770784997,376.74,aer,4096,outputs/energy_reps_Brickwork_entanglement/slurm_YYDPETGTWY_amber/replica_190/replica_190.pdb,outputs/energy_reps_Brickwork_entanglement/slurm_YYDPETGTWY_amber/replica_190/replica_190_ca.pdb
114,313296881,random,YYDPETGTWY,amber,-82.0771077374836,6.696522968760614,22.59168647658445,7.367548265061581,5.508595556037851,4.848916770784997,501.76,aer,4096,outputs/energy_reps_Brickwork_entanglement/slurm_YYDPETGTWY_amber/replica_114/replica_114.pdb,outputs/energy_reps_Brickwork_entanglement/slurm_YYDPETGTWY_amber/replica_114/replica_114_ca.pdb
30,313296797,random,YYDPETGTWY,amber,-36.40511368143801,6.697026494456777,23.905280849323578,7.823865732763068,5.508595556037851,4.848916770784997,296.86,aer,4096,outputs/energy_reps_Brickwork_entanglement/slurm_YYDPETGTWY_amber/replica_30/replica_30.pdb,outputs/energy_reps_Brickwork_entanglement/slurm_YYDPETGTWY_amber/replica_30/replica_30_ca.pdb
87,313296854,random,YYDPETGTWY,amber,-18.975260166749514,6.708845382797613,23.10696180469091,7.680644817273611,5.508595556037851,4.848916770784997,244.94,aer,4096,outputs/energy_reps_Brickwork_entanglement/slurm_YYDPETGTWY_amber/replica_87/replica_87.pdb,outputs/energy_reps_Brickwork_entanglement/slurm_YYDPETGTWY_amber/replica_87/replica_87_ca.pdb
234,313297001,random,YYDPETGTWY,amber,20.56207701091243,6.713889284809888,23.776863488329663,7.723534042581889,5.508595556037851,4.848916770784997,271.82,aer,4096,outputs/energy_reps_Brickwork_entanglement/slurm_YYDPETGTWY_amber/replica_234/replica_234.pdb,outputs/energy_reps_Brickwork_entanglement/slurm_YYDPETGTWY_amber/replica_234/replica_234_ca.pdb
259,313297026,random,YYDPETGTWY,amber,9.784106264625994,6.724997048801541,23.645076231308117,7.764004166598584,5.508595556037851,4.848916770784997,412.39,aer,4096,outputs/energy_reps_Brickwork_entanglement/slurm_YYDPETGTWY_amber/replica_259/replica_259.pdb,outputs/energy_reps_Brickwork_entanglement/slurm_YYDPETGTWY_amber/replica_259/replica_259_ca.pdb
142,313296909,random,YYDPETGTWY,amber,-13.212629072027694,6.751661683007068,23.445270559939917,7.5719857249444615,5.508595556037851,4.848916770784997,417.48,aer,4096,outputs/energy_reps_Brickwork_entanglement/slurm_YYDPETGTWY_amber/replica_142/replica_142.pdb,outputs/energy_reps_Brickwork_entanglement/slurm_YYDPETGTWY_amber/replica_142/replica_142_ca.pdb
95,313296862,random,YYDPETGTWY,amber,-103.05795930575128,6.757573044589992,24.52450693757024,7.953393882124755,5.508595556037851,4.848916770784997,496.3,aer,4096,outputs/energy_reps_Brickwork_entanglement/slurm_YYDPETGTWY_amber/replica_95/replica_95.pdb,outputs/energy_reps_Brickwork_entanglement/slurm_YYDPETGTWY_amber/replica_95/replica_95_ca.pdb
220,313296987,random,YYDPETGTWY,amber,0.33882763691610257,6.759953588347983,21.143797675700114,7.39003789171563,5.508595556037851,4.848916770784997,393.87,aer,4096,outputs/energy_reps_Brickwork_entanglement/slurm_YYDPETGTWY_amber/replica_220/replica_220.pdb,outputs/energy_reps_Brickwork_entanglement/slurm_YYDPETGTWY_amber/replica_220/replica_220_ca.pdb
103,313296870,random,YYDPETGTWY,amber,10.285019994896013,6.764116054667669,23.65605832815545,7.549821402259748,5.508595556037851,4.848916770784997,246.24,aer,4096,outputs/energy_reps_Brickwork_entanglement/slurm_YYDPETGTWY_amber/replica_103/replica_103.pdb,outputs/energy_reps_Brickwork_entanglement/slurm_YYDPETGTWY_amber/replica_103/replica_103_ca.pdb
89,313296856,random,YYDPETGTWY,amber,-24.414949784767725,6.768018070281851,23.812010665789934,7.710293449442182,5.508595556037851,4.848916770784997,270.16,aer,4096,outputs/energy_reps_Brickwork_entanglement/slurm_YYDPETGTWY_amber/replica_89/replica_89.pdb,outputs/energy_reps_Brickwork_entanglement/slurm_YYDPETGTWY_amber/replica_89/replica_89_ca.pdb
338,313297105,random,YYDPETGTWY,amber,-53.92131722985682,6.7805581301338895,23.094555036241964,7.32854736858148,5.508595556037851,4.848916770784997,281.83,aer,4096,outputs/energy_reps_Brickwork_entanglement/slurm_YYDPETGTWY_amber/replica_338/replica_338.pdb,outputs/energy_reps_Brickwork_entanglement/slurm_YYDPETGTWY_amber/replica_338/replica_338_ca.pdb
33,313296800,random,YYDPETGTWY,amber,644.8707883115835,6.809391529061196,23.844299482574495,7.6085346999556425,5.508595556037851,4.848916770784997,171.51,aer,4096,outputs/energy_reps_Brickwork_entanglement/slurm_YYDPETGTWY_amber/replica_33/replica_33.pdb,outputs/energy_reps_Brickwork_entanglement/slurm_YYDPETGTWY_amber/replica_33/replica_33_ca.pdb
182,313296949,random,YYDPETGTWY,amber,-23.527936144215694,6.8303114946560886,23.365435422598736,7.709225842717718,5.508595556037851,4.848916770784997,256.56,aer,4096,outputs/energy_reps_Brickwork_entanglement/slurm_YYDPETGTWY_amber/replica_182/replica_182.pdb,outputs/energy_reps_Brickwork_entanglement/slurm_YYDPETGTWY_amber/replica_182/replica_182_ca.pdb
27,313296794,random,YYDPETGTWY,amber,30.953633175160856,6.832119700032811,23.695613611256658,7.68614093500432,5.508595556037851,4.848916770784997,304.17,aer,4096,outputs/energy_reps_Brickwork_entanglement/slurm_YYDPETGTWY_amber/replica_27/replica_27.pdb,outputs/energy_reps_Brickwork_entanglement/slurm_YYDPETGTWY_amber/replica_27/replica_27_ca.pdb
335,313297102,random,YYDPETGTWY,amber,6.011460979541696,6.8351272670219885,22.6658735356183,7.915786357693886,5.508595556037851,4.848916770784997,296.58,aer,4096,outputs/energy_reps_Brickwork_entanglement/slurm_YYDPETGTWY_amber/replica_335/replica_335.pdb,outputs/energy_reps_Brickwork_entanglement/slurm_YYDPETGTWY_amber/replica_335/replica_335_ca.pdb
168,313296935,random,YYDPETGTWY,amber,-1.2403901447708465,6.860575195051005,25.197324582289397,8.057342714721946,5.508595556037851,4.848916770784997,261.01,aer,4096,outputs/energy_reps_Brickwork_entanglement/slurm_YYDPETGTWY_amber/replica_168/replica_168.pdb,outputs/energy_reps_Brickwork_entanglement/slurm_YYDPETGTWY_amber/replica_168/replica_168_ca.pdb
311,313297078,random,YYDPETGTWY,amber,-66.20487240771367,6.861860956426932,24.21395407263867,8.01576103665726,5.508595556037851,4.848916770784997,312.68,aer,4096,outputs/energy_reps_Brickwork_entanglement/slurm_YYDPETGTWY_amber/replica_311/replica_311.pdb,outputs/energy_reps_Brickwork_entanglement/slurm_YYDPETGTWY_amber/replica_311/replica_311_ca.pdb
97,313296864,random,YYDPETGTWY,amber,-44.75339274625044,6.87577003843077,23.526272956356696,7.82131163228883,5.508595556037851,4.848916770784997,351.69,aer,4096,outputs/energy_reps_Brickwork_entanglement/slurm_YYDPETGTWY_amber/replica_97/replica_97.pdb,outputs/energy_reps_Brickwork_entanglement/slurm_YYDPETGTWY_amber/replica_97/replica_97_ca.pdb
98,313296865,random,YYDPETGTWY,amber,419.8644093570458,6.937971315900509,25.077338198847404,8.030471149149061,5.508595556037851,4.848916770784997,173.27,aer,4096,outputs/energy_reps_Brickwork_entanglement/slurm_YYDPETGTWY_amber/replica_98/replica_98.pdb,outputs/energy_reps_Brickwork_entanglement/slurm_YYDPETGTWY_amber/replica_98/replica_98_ca.pdb
15,313296782,random,YYDPETGTWY,amber,52.99794240751359,6.942907880899848,24.513379612775545,7.860527986194929,5.508595556037851,4.848916770784997,238.98,aer,4096,outputs/energy_reps_Brickwork_entanglement/slurm_YYDPETGTWY_amber/replica_15/replica_15.pdb,outputs/energy_reps_Brickwork_entanglement/slurm_YYDPETGTWY_amber/replica_15/replica_15_ca.pdb
242,313297009,random,YYDPETGTWY,amber,-89.32941251675429,6.956788408783625,24.25789227363471,7.738293078076727,5.508595556037851,4.848916770784997,251.21,aer,4096,outputs/energy_reps_Brickwork_entanglement/slurm_YYDPETGTWY_amber/replica_242/replica_242.pdb,outputs/energy_reps_Brickwork_entanglement/slurm_YYDPETGTWY_amber/replica_242/replica_242_ca.pdb
349,313297116,random,YYDPETGTWY,amber,-71.53586890900642,6.958668013774233,23.521460242273758,7.548750445696459,5.508595556037851,4.848916770784997,323.15,aer,4096,outputs/energy_reps_Brickwork_entanglement/slurm_YYDPETGTWY_amber/replica_349/replica_349.pdb,outputs/energy_reps_Brickwork_entanglement/slurm_YYDPETGTWY_amber/replica_349/replica_349_ca.pdb
7,313296774,random,YYDPETGTWY,amber,-0.4877388134193099,6.97776028613972,24.590649159216465,7.940704823793636,5.508595556037851,4.848916770784997,377.16,aer,4096,outputs/energy_reps_Brickwork_entanglement/slurm_YYDPETGTWY_amber/replica_7/replica_7.pdb,outputs/energy_reps_Brickwork_entanglement/slurm_YYDPETGTWY_amber/replica_7/replica_7_ca.pdb
39,313296806,random,YYDPETGTWY,amber,21.44617615298024,7.002656280454812,25.07942523638366,7.818130187786686,5.508595556037851,4.848916770784997,273.4,aer,4096,outputs/energy_reps_Brickwork_entanglement/slurm_YYDPETGTWY_amber/replica_39/replica_39.pdb,outputs/energy_reps_Brickwork_entanglement/slurm_YYDPETGTWY_amber/replica_39/replica_39_ca.pdb
342,313297109,random,YYDPETGTWY,amber,50.90213381830357,7.004133858287133,23.9690618915058,7.6947307746454765,5.508595556037851,4.848916770784997,572.87,aer,4096,outputs/energy_reps_Brickwork_entanglement/slurm_YYDPETGTWY_amber/replica_342/replica_342.pdb,outputs/energy_reps_Brickwork_entanglement/slurm_YYDPETGTWY_amber/replica_342/replica_342_ca.pdb
247,313297014,random,YYDPETGTWY,amber,69.01126319372956,7.01232293834668,24.864992735237063,8.020953725250354,5.508595556037851,4.848916770784997,258.74,aer,4096,outputs/energy_reps_Brickwork_entanglement/slurm_YYDPETGTWY_amber/replica_247/replica_247.pdb,outputs/energy_reps_Brickwork_entanglement/slurm_YYDPETGTWY_amber/replica_247/replica_247_ca.pdb
260,313297027,random,YYDPETGTWY,amber,42.240485827976585,7.02086100951889,25.10462892278802,8.057068223503506,5.508595556037851,4.848916770784997,303.31,aer,4096,outputs/energy_reps_Brickwork_entanglement/slurm_YYDPETGTWY_amber/replica_260/replica_260.pdb,outputs/energy_reps_Brickwork_entanglement/slurm_YYDPETGTWY_amber/replica_260/replica_260_ca.pdb
309,313297076,random,YYDPETGTWY,amber,-47.7879567083982,7.023898292067411,24.031257216714913,7.85390371115545,5.508595556037851,4.848916770784997,257.21,aer,4096,outputs/energy_reps_Brickwork_entanglement/slurm_YYDPETGTWY_amber/replica_309/replica_309.pdb,outputs/energy_reps_Brickwork_entanglement/slurm_YYDPETGTWY_amber/replica_309/replica_309_ca.pdb
300,313297067,random,YYDPETGTWY,amber,25.279847189120538,7.032879051223732,24.315429760767945,8.091293800118372,5.508595556037851,4.848916770784997,425.95,aer,4096,outputs/energy_reps_Brickwork_entanglement/slurm_YYDPETGTWY_amber/replica_300/replica_300.pdb,outputs/energy_reps_Brickwork_entanglement/slurm_YYDPETGTWY_amber/replica_300/replica_300_ca.pdb
246,313297013,random,YYDPETGTWY,amber,-47.875879383311364,7.139731243528526,23.975180194197634,7.684760887199383,5.508595556037851,4.848916770784997,500.77,aer,4096,outputs/energy_reps_Brickwork_entanglement/slurm_YYDPETGTWY_amber/replica_246/replica_246.pdb,outputs/energy_reps_Brickwork_entanglement/slurm_YYDPETGTWY_amber/replica_246/replica_246_ca.pdb
151,313296918,random,YYDPETGTWY,amber,-22.408380635694634,7.145201644590697,24.816374837800907,7.913474983031125,5.508595556037851,4.848916770784997,206.39,aer,4096,outputs/energy_reps_Brickwork_entanglement/slurm_YYDPETGTWY_amber/replica_151/replica_151.pdb,outputs/energy_reps_Brickwork_entanglement/slurm_YYDPETGTWY_amber/replica_151/replica_151_ca.pdb
208,313296975,random,YYDPETGTWY,amber,-1.213323123301084,7.176107856731792,24.87905559248629,7.973846929754118,5.508595556037851,4.848916770784997,232.93,aer,4096,outputs/energy_reps_Brickwork_entanglement/slurm_YYDPETGTWY_amber/replica_208/replica_208.pdb,outputs/energy_reps_Brickwork_entanglement/slurm_YYDPETGTWY_amber/replica_208/replica_208_ca.pdb
236,313297003,random,YYDPETGTWY,amber,39.84650656169108,7.206832277451232,25.47296112913935,8.179867861882018,5.508595556037851,4.848916770784997,234.04,aer,4096,outputs/energy_reps_Brickwork_entanglement/slurm_YYDPETGTWY_amber/replica_236/replica_236.pdb,outputs/energy_reps_Brickwork_entanglement/slurm_YYDPETGTWY_amber/replica_236/replica_236_ca.pdb
125,313296892,random,YYDPETGTWY,amber,33.67560320197305,7.221084286111244,25.488831105981806,8.194084719274478,5.508595556037851,4.848916770784997,428.08,aer,4096,outputs/energy_reps_Brickwork_entanglement/slurm_YYDPETGTWY_amber/replica_125/replica_125.pdb,outputs/energy_reps_Brickwork_entanglement/slurm_YYDPETGTWY_amber/replica_125/replica_125_ca.pdb
233,313297000,random,YYDPETGTWY,amber,-33.12984617423353,7.23575938833252,25.135518642293082,7.93784125029001,5.508595556037851,4.848916770784997,286.89,aer,4096,outputs/energy_reps_Brickwork_entanglement/slurm_YYDPETGTWY_amber/replica_233/replica_233.pdb,outputs/energy_reps_Brickwork_entanglement/slurm_YYDPETGTWY_amber/replica_233/replica_233_ca.pdb
100,313296867,random,YYDPETGTWY,amber,16.111315013399498,7.246611748585859,24.930747612149382,8.093280044859178,5.508595556037851,4.848916770784997,224.38,aer,4096,outputs/energy_reps_Brickwork_entanglement/slurm_YYDPETGTWY_amber/replica_100/replica_100.pdb,outputs/energy_reps_Brickwork_entanglement/slurm_YYDPETGTWY_amber/replica_100/replica_100_ca.pdb
134,313296901,random,YYDPETGTWY,amber,86.35856057674064,7.325332510466848,24.46230643759287,8.003082460635838,5.508595556037851,4.848916770784997,353.53,aer,4096,outputs/energy_reps_Brickwork_entanglement/slurm_YYDPETGTWY_amber/replica_134/replica_134.pdb,outputs/energy_reps_Brickwork_entanglement/slurm_YYDPETGTWY_amber/replica_134/replica_134_ca.pdb
337,313297104,random,YYDPETGTWY,amber,-16.07371751649336,7.325480467668795,25.14426208338197,8.12713724921605,5.508595556037851,4.848916770784997,204.56,aer,4096,outputs/energy_reps_Brickwork_entanglement/slurm_YYDPETGTWY_amber/replica_337/replica_337.pdb,outputs/energy_reps_Brickwork_entanglement/slurm_YYDPETGTWY_amber/replica_337/replica_337_ca.pdb
267,313297034,random,YYDPETGTWY,amber,22.339661692967926,7.350994822011357,25.789421153015745,8.147620423806648,5.508595556037851,4.848916770784997,392.15,aer,4096,outputs/energy_reps_Brickwork_entanglement/slurm_YYDPETGTWY_amber/replica_267/replica_267.pdb,outputs/energy_reps_Brickwork_entanglement/slurm_YYDPETGTWY_amber/replica_267/replica_267_ca.pdb
171,313296938,random,YYDPETGTWY,amber,486.18651160585256,7.388721590204479,25.099616510754828,8.076198557224016,5.508595556037851,4.848916770784997,213.61,aer,4096,outputs/energy_reps_Brickwork_entanglement/slurm_YYDPETGTWY_amber/replica_171/replica_171.pdb,outputs/energy_reps_Brickwork_entanglement/slurm_YYDPETGTWY_amber/replica_171/replica_171_ca.pdb
286,313297053,random,YYDPETGTWY,amber,-23.61631633378242,7.392307571433767,25.15179818696916,8.043804096666264,5.508595556037851,4.848916770784997,372.6,aer,4096,outputs/energy_reps_Brickwork_entanglement/slurm_YYDPETGTWY_amber/replica_286/replica_286.pdb,outputs/energy_reps_Brickwork_entanglement/slurm_YYDPETGTWY_amber/replica_286/replica_286_ca.pdb
