replica_id,seed,init_type,sequence,forcefield,energy,rmsd_to_reference,pred_e2e_A,pred_rg_A,ref_e2e_A,ref_rg_A,runtime_s,hw_backend,hw_shots,pdb_path,ca_pdb_path
64,313296831,random,YYDPETGTWY,amber,20.00191342013389,2.6379795386636475,10.341081070272882,5.207998137976407,5.508595556037851,4.848916770784997,264.02,aer,4096,outputs/Brickwork_entanglement/slurm_YYDPETGTWY_amber/replica_64/replica_64.pdb,outputs/Brickwork_entanglement/slurm_YYDPETGTWY_amber/replica_64/replica_64_ca.pdb
966,313297733,random,YYDPETGTWY,amber,-10.48894872276579,2.72182811955315,10.668773910282415,5.3489878949473955,5.508595556037851,4.848916770784997,294.27,aer,4096,outputs/Brickwork_entanglement/slurm_YYDPETGTWY_amber/replica_966/replica_966.pdb,outputs/Brickwork_entanglement/slurm_YYDPETGTWY_amber/replica_966/replica_966_ca.pdb
378,313297145,random,YYDPETGTWY,amber,66.03060634955428,2.7840723662294997,7.806116988889793,5.25764721620744,5.508595556037851,4.848916770784997,320.78,aer,4096,outputs/Brickwork_entanglement/slurm_YYDPETGTWY_amber/replica_378/replica_378.pdb,outputs/Brickwork_entanglement/slurm_YYDPETGTWY_amber/replica_378/replica_378_ca.pdb
223,313296990,random,YYDPETGTWY,amber,-37.9038719966276,2.8305966276190806,9.324922699471792,5.221800712982187,5.508595556037851,4.848916770784997,263.63,aer,4096,outputs/Brickwork_entanglement/slurm_YYDPETGTWY_amber/replica_223/replica_223.pdb,outputs/Brickwork_entanglement/slurm_YYDPETGTWY_amber/replica_223/replica_223_ca.pdb
127,313296894,random,YYDPETGTWY,amber,4.1479065401825705,2.8803361881179614,9.37065203509339,5.464015764431471,5.508595556037851,4.848916770784997,218.51,aer,4096,outputs/Brickwork_entanglement/slurm_YYDPETGTWY_amber/replica_127/replica_127.pdb,outputs/Brickwork_entanglement/slurm_YYDPETGTWY_amber/replica_127/replica_127_ca.pdb
679,313297446,random,YYDPETGTWY,amber,34.18471737082516,2.956380254052846,6.798591861222343,4.864447025713046,5.508595556037851,4.848916770784997,239.65,aer,4096,outputs/Brickwork_entanglement/slurm_YYDPETGTWY_amber/replica_679/replica_679.pdb,outputs/Brickwork_entanglement/slurm_YYDPETGTWY_amber/replica_679/replica_679_ca.pdb
551,313297318,random,YYDPETGTWY,amber,-0.18526942620019082,2.9975103270105055,8.9501131604975,4.783403293747113,5.508595556037851,4.848916770784997,289.04,aer,4096,outputs/Brickwork_entanglement/slurm_YYDPETGTWY_amber/replica_551/replica_551.pdb,outputs/Brickwork_entanglement/slurm_YYDPETGTWY_amber/replica_551/replica_551_ca.pdb
396,313297163,random,YYDPETGTWY,amber,-61.58560122892854,3.0505139881051635,11.251077975123945,5.182706913315109,5.508595556037851,4.848916770784997,482.08,aer,4096,outputs/Brickwork_entanglement/slurm_YYDPETGTWY_amber/replica_396/replica_396.pdb,outputs/Brickwork_entanglement/slurm_YYDPETGTWY_amber/replica_396/replica_396_ca.pdb
630,313297397,random,YYDPETGTWY,amber,-28.288145297953136,3.1834813967257354,9.28474758997815,5.5380593803721725,5.508595556037851,4.848916770784997,289.94,aer,4096,outputs/Brickwork_entanglement/slurm_YYDPETGTWY_amber/replica_630/replica_630.pdb,outputs/Brickwork_entanglement/slurm_YYDPETGTWY_amber/replica_630/replica_630_ca.pdb
238,313297005,random,YYDPETGTWY,amber,38.15669778239362,3.241749757560189,11.969237480308715,5.543590088331132,5.508595556037851,4.848916770784997,231.02,aer,4096,outputs/Brickwork_entanglement/slurm_YYDPETGTWY_amber/replica_238/replica_238.pdb,outputs/Brickwork_entanglement/slurm_YYDPETGTWY_amber/replica_238/replica_238_ca.pdb
820,313297587,random,YYDPETGTWY,amber,-4.999032299175625,3.2752560271993603,14.326473384693237,6.144970568533952,5.508595556037851,4.848916770784997,337.15,aer,4096,outputs/Brickwork_entanglement/slurm_YYDPETGTWY_amber/replica_820/replica_820.pdb,outputs/Brickwork_entanglement/slurm_YYDPETGTWY_amber/replica_820/replica_820_ca.pdb
159,313296926,random,YYDPETGTWY,amber,37.424208610631325,3.276571039796126,11.78804821154735,5.850249727129175,5.508595556037851,4.848916770784997,569.1,aer,4096,outputs/Brickwork_entanglement/slurm_YYDPETGTWY_amber/replica_159/replica_159.pdb,outputs/Brickwork_entanglement/slurm_YYDPETGTWY_amber/replica_159/replica_159_ca.pdb
552,313297319,random,YYDPETGTWY,amber,15.487165610498343,3.298378434846056,13.007492561337173,6.021880146399755,5.508595556037851,4.848916770784997,313.23,aer,4096,outputs/Brickwork_entanglement/slurm_YYDPETGTWY_amber/replica_552/replica_552.pdb,outputs/Brickwork_entanglement/slurm_YYDPETGTWY_amber/replica_552/replica_552_ca.pdb
585,313297352,random,YYDPETGTWY,amber,19.110454179012876,3.300795905898744,12.728809144748725,5.879562077584589,5.508595556037851,4.848916770784997,223.65,aer,4096,outputs/Brickwork_entanglement/slurm_YYDPETGTWY_amber/replica_585/replica_585.pdb,outputs/Brickwork_entanglement/slurm_YYDPETGTWY_amber/replica_585/replica_585_ca.pdb
520,313297287,random,YYDPETGTWY,amber,82.8800048761757,3.314389940753576,12.86885475204295,6.151670125522046,5.508595556037851,4.848916770784997,249.15,aer,4096,outputs/Brickwork_entanglement/slurm_YYDPETGTWY_amber/replica_520/replica_520.pdb,outputs/Brickwork_entanglement/slurm_YYDPETGTWY_amber/replica_520/replica_520_ca.pdb
795,313297562,random,YYDPETGTWY,amber,47.08326729675682,3.343316868771232,11.838186839140372,5.930719554151414,5.508595556037851,4.848916770784997,348.85,aer,4096,outputs/Brickwork_entanglement/slurm_YYDPETGTWY_amber/replica_795/replica_795.pdb,outputs/Brickwork_entanglement/slurm_YYDPETGTWY_amber/replica_795/replica_795_ca.pdb
90,313296857,random,YYDPETGTWY,amber,15.925274318682712,3.371697255431867,14.643801396194629,5.7634594210562335,5.508595556037851,4.848916770784997,292.18,aer,4096,outputs/Brickwork_entanglement/slurm_YYDPETGTWY_amber/replica_90/replica_90.pdb,outputs/Brickwork_entanglement/slurm_YYDPETGTWY_amber/replica_90/replica_90_ca.pdb
621,313297388,random,YYDPETGTWY,amber,-3.44368907949855,3.4043069602602105,12.221635149885994,5.60416629453996,5.508595556037851,4.848916770784997,226.53,aer,4096,outputs/Brickwork_entanglement/slurm_YYDPETGTWY_amber/replica_621/replica_621.pdb,outputs/Brickwork_entanglement/slurm_YYDPETGTWY_amber/replica_621/replica_621_ca.pdb
482,313297249,random,YYDPETGTWY,amber,-46.76945222568314,3.446389890451165,9.663753614680765,5.637558059141094,5.508595556037851,4.848916770784997,191.59,aer,4096,outputs/Brickwork_entanglement/slurm_YYDPETGTWY_amber/replica_482/replica_482.pdb,outputs/Brickwork_entanglement/slurm_YYDPETGTWY_amber/replica_482/replica_482_ca.pdb
532,313297299,random,YYDPETGTWY,amber,-58.35048575196427,3.455678292164722,12.956620767386555,5.865719411441726,5.508595556037851,4.848916770784997,330.46,aer,4096,outputs/Brickwork_entanglement/slurm_YYDPETGTWY_amber/replica_532/replica_532.pdb,outputs/Brickwork_entanglement/slurm_YYDPETGTWY_amber/replica_532/replica_532_ca.pdb
310,313297077,random,YYDPETGTWY,amber,43.14627406188478,3.4975209578632596,12.267998465573777,5.927606581599979,5.508595556037851,4.848916770784997,398.76,aer,4096,outputs/Brickwork_entanglement/slurm_YYDPETGTWY_amber/replica_310/replica_310.pdb,outputs/Brickwork_entanglement/slurm_YYDPETGTWY_amber/replica_310/replica_310_ca.pdb
521,313297288,random,YYDPETGTWY,amber,2.452375207195725,3.5221780665808837,12.413996824764267,5.7062500546484065,5.508595556037851,4.848916770784997,368.54,aer,4096,outputs/Brickwork_entanglement/slurm_YYDPETGTWY_amber/replica_521/replica_521.pdb,outputs/Brickwork_entanglement/slurm_YYDPETGTWY_amber/replica_521/replica_521_ca.pdb
849,313297616,random,YYDPETGTWY,amber,116.00546774540433,3.5297963367519953,12.55158417836873,5.920620907750338,5.508595556037851,4.848916770784997,184.87,aer,4096,outputs/Brickwork_entanglement/slurm_YYDPETGTWY_amber/replica_849/replica_849.pdb,outputs/Brickwork_entanglement/slurm_YYDPETGTWY_amber/replica_849/replica_849_ca.pdb
210,313296977,random,YYDPETGTWY,amber,1.5878297142686586,3.5307540699855617,15.174705777292365,5.980384487383896,5.508595556037851,4.848916770784997,230.12,aer,4096,outputs/Brickwork_entanglement/slurm_YYDPETGTWY_amber/replica_210/replica_210.pdb,outputs/Brickwork_entanglement/slurm_YYDPETGTWY_amber/replica_210/replica_210_ca.pdb
145,313296912,random,YYDPETGTWY,amber,-62.23222438012645,3.5935399868896165,15.752594619004482,5.93109778905595,5.508595556037851,4.848916770784997,327.36,aer,4096,outputs/Brickwork_entanglement/slurm_YYDPETGTWY_amber/replica_145/replica_145.pdb,outputs/Brickwork_entanglement/slurm_YYDPETGTWY_amber/replica_145/replica_145_ca.pdb
158,313296925,random,YYDPETGTWY,amber,56.34825079481012,3.6105625827031376,12.503358337379254,5.9251057481976295,5.508595556037851,4.848916770784997,299.75,aer,4096,outputs/Brickwork_entanglement/slurm_YYDPETGTWY_amber/replica_158/replica_158.pdb,outputs/Brickwork_entanglement/slurm_YYDPETGTWY_amber/replica_158/replica_158_ca.pdb
809,313297576,random,YYDPETGTWY,amber,28.635860792542537,3.633264330638013,15.622503426481027,6.128145632641178,5.508595556037851,4.848916770784997,288.31,aer,4096,outputs/Brickwork_entanglement/slurm_YYDPETGTWY_amber/replica_809/replica_809.pdb,outputs/Brickwork_entanglement/slurm_YYDPETGTWY_amber/replica_809/replica_809_ca.pdb
228,313296995,random,YYDPETGTWY,amber,45.662088655949624,3.6893888299498854,15.299863414659663,6.007110691125798,5.508595556037851,4.848916770784997,278.69,aer,4096,outputs/Brickwork_entanglement/slurm_YYDPETGTWY_amber/replica_228/replica_228.pdb,outputs/Brickwork_entanglement/slurm_YYDPETGTWY_amber/replica_228/replica_228_ca.pdb
774,313297541,random,YYDPETGTWY,amber,-40.79994386178094,3.693796480489187,14.382278406970732,6.003344234546143,5.508595556037851,4.848916770784997,299.8,aer,4096,outputs/Brickwork_entanglement/slurm_YYDPETGTWY_amber/replica_774/replica_774.pdb,outputs/Brickwork_entanglement/slurm_YYDPETGTWY_amber/replica_774/replica_774_ca.pdb
697,313297464,random,YYDPETGTWY,amber,-25.951194967761893,3.7026241404793088,14.406326395594345,5.974872893216618,5.508595556037851,4.848916770784997,228.76,aer,4096,outputs/Brickwork_entanglement/slurm_YYDPETGTWY_amber/replica_697/replica_697.pdb,outputs/Brickwork_entanglement/slurm_YYDPETGTWY_amber/replica_697/replica_697_ca.pdb
345,313297112,random,YYDPETGTWY,amber,29.206529058873645,3.7273180612853953,13.013372197300859,5.997471256340281,5.508595556037851,4.848916770784997,316.51,aer,4096,outputs/Brickwork_entanglement/slurm_YYDPETGTWY_amber/replica_345/replica_345.pdb,outputs/Brickwork_entanglement/slurm_YYDPETGTWY_amber/replica_345/replica_345_ca.pdb
874,313297641,random,YYDPETGTWY,amber,-16.109446861554957,3.754003279169254,14.440664754571738,5.936650350190415,5.508595556037851,4.848916770784997,408.85,aer,4096,outputs/Brickwork_entanglement/slurm_YYDPETGTWY_amber/replica_874/replica_874.pdb,outputs/Brickwork_entanglement/slurm_YYDPETGTWY_amber/replica_874/replica_874_ca.pdb
83,313296850,random,YYDPETGTWY,amber,-26.25796869162179,3.762739574854218,15.545433090153278,6.094283546007848,5.508595556037851,4.848916770784997,262.59,aer,4096,outputs/Brickwork_entanglement/slurm_YYDPETGTWY_amber/replica_83/replica_83.pdb,outputs/Brickwork_entanglement/slurm_YYDPETGTWY_amber/replica_83/replica_83_ca.pdb
949,313297716,random,YYDPETGTWY,amber,38.829995700908476,3.7733309558174364,15.732461507270212,6.161036387922719,5.508595556037851,4.848916770784997,315.78,aer,4096,outputs/Brickwork_entanglement/slurm_YYDPETGTWY_amber/replica_949/replica_949.pdb,outputs/Brickwork_entanglement/slurm_YYDPETGTWY_amber/replica_949/replica_949_ca.pdb
365,313297132,random,YYDPETGTWY,amber,-49.48102274974009,3.779417927749071,14.261814573229117,5.809677713135984,5.508595556037851,4.848916770784997,286.41,aer,4096,outputs/Brickwork_entanglement/slurm_YYDPETGTWY_amber/replica_365/replica_365.pdb,outputs/Brickwork_entanglement/slurm_YYDPETGTWY_amber/replica_365/replica_365_ca.pdb
165,313296932,random,YYDPETGTWY,amber,-9.914880199807353,3.7907173241035106,12.521358598458335,5.9819688163417375,5.508595556037851,4.848916770784997,234.28,aer,4096,outputs/Brickwork_entanglement/slurm_YYDPETGTWY_amber/replica_165/replica_165.pdb,outputs/Brickwork_entanglement/slurm_YYDPETGTWY_amber/replica_165/replica_165_ca.pdb
575,313297342,random,YYDPETGTWY,amber,-57.54557290788126,3.809643218856137,16.411775843562797,6.403074791570909,5.508595556037851,4.848916770784997,262.3,aer,4096,outputs/Brickwork_entanglement/slurm_YYDPETGTWY_amber/replica_575/replica_575.pdb,outputs/Brickwork_entanglement/slurm_YYDPETGTWY_amber/replica_575/replica_575_ca.pdb
302,313297069,random,YYDPETGTWY,amber,-3.4049574892983823,3.838174859977804,14.926375711453634,5.9659579008944,5.508595556037851,4.848916770784997,246.66,aer,4096,outputs/Brickwork_entanglement/slurm_YYDPETGTWY_amber/replica_302/replica_302.pdb,outputs/Brickwork_entanglement/slurm_YYDPETGTWY_amber/replica_302/replica_302_ca.pdb
884,313297651,random,YYDPETGTWY,amber,26.41916513020669,3.850160234310492,14.63061753114535,6.118461165977358,5.508595556037851,4.848916770784997,202.55,aer,4096,outputs/Brickwork_entanglement/slurm_YYDPETGTWY_amber/replica_884/replica_884.pdb,outputs/Brickwork_entanglement/slurm_YYDPETGTWY_amber/replica_884/replica_884_ca.pdb
739,313297506,random,YYDPETGTWY,amber,162.33913011872627,3.8958613404827633,13.680794325697711,6.109962770150879,5.508595556037851,4.848916770784997,354.59,aer,4096,outputs/Brickwork_entanglement/slurm_YYDPETGTWY_amber/replica_739/replica_739.pdb,outputs/Brickwork_entanglement/slurm_YYDPETGTWY_amber/replica_739/replica_739_ca.pdb
707,313297474,random,YYDPETGTWY,amber,54.35807062970299,3.934937613815144,13.433384937003916,6.0223388078051245,5.508595556037851,4.848916770784997,505.07,aer,4096,outputs/Brickwork_entanglement/slurm_YYDPETGTWY_amber/replica_707/replica_707.pdb,outputs/Brickwork_entanglement/slurm_YYDPETGTWY_amber/replica_707/replica_707_ca.pdb
122,313296889,random,YYDPETGTWY,amber,-8.94598652612296,3.9580771058747333,16.861962245657512,6.050665183539625,5.508595556037851,4.848916770784997,412.84,aer,4096,outputs/Brickwork_entanglement/slurm_YYDPETGTWY_amber/replica_122/replica_122.pdb,outputs/Brickwork_entanglement/slurm_YYDPETGTWY_amber/replica_122/replica_122_ca.pdb
572,313297339,random,YYDPETGTWY,amber,62.44110858169903,3.9699429316273256,14.324765040790815,6.264835902378984,5.508595556037851,4.848916770784997,273.8,aer,4096,outputs/Brickwork_entanglement/slurm_YYDPETGTWY_amber/replica_572/replica_572.pdb,outputs/Brickwork_entanglement/slurm_YYDPETGTWY_amber/replica_572/replica_572_ca.pdb
489,313297256,random,YYDPETGTWY,amber,17.319380258613105,3.987419087699748,16.26649780107519,6.131057598083231,5.508595556037851,4.848916770784997,391.86,aer,4096,outputs/Brickwork_entanglement/slurm_YYDPETGTWY_amber/replica_489/replica_489.pdb,outputs/Brickwork_entanglement/slurm_YYDPETGTWY_amber/replica_489/replica_489_ca.pdb
48,313296815,random,YYDPETGTWY,amber,-24.024283654046744,3.9963521722352433,15.294292985541608,6.185526884812916,5.508595556037851,4.848916770784997,312.89,aer,4096,outputs/Brickwork_entanglement/slurm_YYDPETGTWY_amber/replica_48/replica_48.pdb,outputs/Brickwork_entanglement/slurm_YYDPETGTWY_amber/replica_48/replica_48_ca.pdb
281,313297048,random,YYDPETGTWY,amber,-31.602614756747116,4.0090868245958715,13.722151384632506,6.0919234659354595,5.508595556037851,4.848916770784997,224.95,aer,4096,outputs/Brickwork_entanglement/slurm_YYDPETGTWY_amber/replica_281/replica_281.pdb,outputs/Brickwork_entanglement/slurm_YYDPETGTWY_amber/replica_281/replica_281_ca.pdb
453,313297220,random,YYDPETGTWY,amber,3.0705537292270293,4.04612832636723,10.723546042712725,5.605721847506162,5.508595556037851,4.848916770784997,286.43,aer,4096,outputs/Brickwork_entanglement/slurm_YYDPETGTWY_amber/replica_453/replica_453.pdb,outputs/Brickwork_entanglement/slurm_YYDPETGTWY_amber/replica_453/replica_453_ca.pdb
632,313297399,random,YYDPETGTWY,amber,-12.086490791634459,4.060029924014403,13.599875466471321,5.9506047836136835,5.508595556037851,4.848916770784997,211.0,aer,4096,outputs/Brickwork_entanglement/slurm_YYDPETGTWY_amber/replica_632/replica_632.pdb,outputs/Brickwork_entanglement/slurm_YYDPETGTWY_amber/replica_632/replica_632_ca.pdb
810,313297577,random,YYDPETGTWY,amber,79.31478855753907,4.063623719751002,15.678279673398707,6.449128709459683,5.508595556037851,4.848916770784997,260.62,aer,4096,outputs/Brickwork_entanglement/slurm_YYDPETGTWY_amber/replica_810/replica_810.pdb,outputs/Brickwork_entanglement/slurm_YYDPETGTWY_amber/replica_810/replica_810_ca.pdb
129,313296896,random,YYDPETGTWY,amber,47.79599835435553,4.079789614955201,15.419496740055413,6.028342257972197,5.508595556037851,4.848916770784997,279.89,aer,4096,outputs/Brickwork_entanglement/slurm_YYDPETGTWY_amber/replica_129/replica_129.pdb,outputs/Brickwork_entanglement/slurm_YYDPETGTWY_amber/replica_129/replica_129_ca.pdb
481,313297248,random,YYDPETGTWY,amber,81.2412938018057,4.108333662568974,15.828290629601552,6.182922974177912,5.508595556037851,4.848916770784997,214.17,aer,4096,outputs/Brickwork_entanglement/slurm_YYDPETGTWY_amber/replica_481/replica_481.pdb,outputs/Brickwork_entanglement/slurm_YYDPETGTWY_amber/replica_481/replica_481_ca.pdb
890,313297657,random,YYDPETGTWY,amber,38.909403845596984,4.111194158701224,14.141807059185636,6.097105210401117,5.508595556037851,4.848916770784997,254.0,aer,4096,outputs/Brickwork_entanglement/slurm_YYDPETGTWY_amber/replica_890/replica_890.pdb,outputs/Brickwork_entanglement/slurm_YYDPETGTWY_amber/replica_890/replica_890_ca.pdb
61,313296828,random,YYDPETGTWY,amber,-19.905190229866196,4.114648179910708,17.56807571945174,6.192251986295665,5.508595556037851,4.848916770784997,306.86,aer,4096,outputs/Brickwork_entanglement/slurm_YYDPETGTWY_amber/replica_61/replica_61.pdb,outputs/Brickwork_entanglement/slurm_YYDPETGTWY_amber/replica_61/replica_61_ca.pdb
237,313297004,random,YYDPETGTWY,amber,-58.074950401801715,4.123432895116742,14.061667034462843,6.4884007198635905,5.508595556037851,4.848916770784997,304.25,aer,4096,outputs/Brickwork_entanglement/slurm_YYDPETGTWY_amber/replica_237/replica_237.pdb,outputs/Brickwork_entanglement/slurm_YYDPETGTWY_amber/replica_237/replica_237_ca.pdb
178,313296945,random,YYDPETGTWY,amber,-44.51949220173963,4.140338508883779,15.599100052781932,6.144119954175289,5.508595556037851,4.848916770784997,354.79,aer,4096,outputs/Brickwork_entanglement/slurm_YYDPETGTWY_amber/replica_178/replica_178.pdb,outputs/Brickwork_entanglement/slurm_YYDPETGTWY_amber/replica_178/replica_178_ca.pdb
644,313297411,random,YYDPETGTWY,amber,5.694191904932164,4.142323172330401,14.59521959782604,5.670020876079135,5.508595556037851,4.848916770784997,223.84,aer,4096,outputs/Brickwork_entanglement/slurm_YYDPETGTWY_amber/replica_644/replica_644.pdb,outputs/Brickwork_entanglement/slurm_YYDPETGTWY_amber/replica_644/replica_644_ca.pdb
188,313296955,random,YYDPETGTWY,amber,-75.8850788628068,4.1490385782786685,15.533090631942096,6.279301949311902,5.508595556037851,4.848916770784997,280.57,aer,4096,outputs/Brickwork_entanglement/slurm_YYDPETGTWY_amber/replica_188/replica_188.pdb,outputs/Brickwork_entanglement/slurm_YYDPETGTWY_amber/replica_188/replica_188_ca.pdb
538,313297305,random,YYDPETGTWY,amber,60.075201528034995,4.153200579742491,13.623176009009876,6.071151846598015,5.508595556037851,4.848916770784997,287.03,aer,4096,outputs/Brickwork_entanglement/slurm_YYDPETGTWY_amber/replica_538/replica_538.pdb,outputs/Brickwork_entanglement/slurm_YYDPETGTWY_amber/replica_538/replica_538_ca.pdb
873,313297640,random,YYDPETGTWY,amber,609.2009370676257,4.180616162136533,17.105223023886456,6.13158250447383,5.508595556037851,4.848916770784997,156.69,aer,4096,outputs/Brickwork_entanglement/slurm_YYDPETGTWY_amber/replica_873/replica_873.pdb,outputs/Brickwork_entanglement/slurm_YYDPETGTWY_amber/replica_873/replica_873_ca.pdb
885,313297652,random,YYDPETGTWY,amber,-23.483991989431576,4.188473936481177,17.519175958215715,6.460048309626555,5.508595556037851,4.848916770784997,424.46,aer,4096,outputs/Brickwork_entanglement/slurm_YYDPETGTWY_amber/replica_885/replica_885.pdb,outputs/Brickwork_entanglement/slurm_YYDPETGTWY_amber/replica_885/replica_885_ca.pdb
783,313297550,random,YYDPETGTWY,amber,-80.22645601101345,4.203517653917008,16.190790237228843,6.357080791154269,5.508595556037851,4.848916770784997,238.34,aer,4096,outputs/Brickwork_entanglement/slurm_YYDPETGTWY_amber/replica_783/replica_783.pdb,outputs/Brickwork_entanglement/slurm_YYDPETGTWY_amber/replica_783/replica_783_ca.pdb
157,313296924,random,YYDPETGTWY,amber,11.868794217358534,4.20389803200201,15.338135206672224,5.960189398040047,5.508595556037851,4.848916770784997,260.13,aer,4096,outputs/Brickwork_entanglement/slurm_YYDPETGTWY_amber/replica_157/replica_157.pdb,outputs/Brickwork_entanglement/slurm_YYDPETGTWY_amber/replica_157/replica_157_ca.pdb
124,313296891,random,YYDPETGTWY,amber,-82.74996366938245,4.207745096559531,16.914554633544324,6.248635433216148,5.508595556037851,4.848916770784997,228.93,aer,4096,outputs/Brickwork_entanglement/slurm_YYDPETGTWY_amber/replica_124/replica_124.pdb,outputs/Brickwork_entanglement/slurm_YYDPETGTWY_amber/replica_124/replica_124_ca.pdb
500,313297267,random,YYDPETGTWY,amber,-36.237352493789295,4.228191962350125,15.580354418600391,6.2736443573940495,5.508595556037851,4.848916770784997,307.98,aer,4096,outputs/Brickwork_entanglement/slurm_YYDPETGTWY_amber/replica_500/replica_500.pdb,outputs/Brickwork_entanglement/slurm_YYDPETGTWY_amber/replica_500/replica_500_ca.pdb
496,313297263,random,YYDPETGTWY,amber,2.0909821013832257,4.240105441121453,15.391662972337144,6.304235839279034,5.508595556037851,4.848916770784997,261.75,aer,4096,outputs/Brickwork_entanglement/slurm_YYDPETGTWY_amber/replica_496/replica_496.pdb,outputs/Brickwork_entanglement/slurm_YYDPETGTWY_amber/replica_496/replica_496_ca.pdb
513,313297280,random,YYDPETGTWY,amber,-0.7938082071120905,4.254240528862,14.443804434734544,6.085721473435836,5.508595556037851,4.848916770784997,304.31,aer,4096,outputs/Brickwork_entanglement/slurm_YYDPETGTWY_amber/replica_513/replica_513.pdb,outputs/Brickwork_entanglement/slurm_YYDPETGTWY_amber/replica_513/replica_513_ca.pdb
819,313297586,random,YYDPETGTWY,amber,-8.105759306595917,4.258677362686976,14.833224733550589,6.565561597098968,5.508595556037851,4.848916770784997,343.61,aer,4096,outputs/Brickwork_entanglement/slurm_YYDPETGTWY_amber/replica_819/replica_819.pdb,outputs/Brickwork_entanglement/slurm_YYDPETGTWY_amber/replica_819/replica_819_ca.pdb
761,313297528,random,YYDPETGTWY,amber,-26.620349085006435,4.264320794658693,16.363714227064875,5.771891000570205,5.508595556037851,4.848916770784997,263.67,aer,4096,outputs/Brickwork_entanglement/slurm_YYDPETGTWY_amber/replica_761/replica_761.pdb,outputs/Brickwork_entanglement/slurm_YYDPETGTWY_amber/replica_761/replica_761_ca.pdb
411,313297178,random,YYDPETGTWY,amber,-15.75221130366302,4.267306594039586,16.105838575235232,6.213192997626336,5.508595556037851,4.848916770784997,225.53,aer,4096,outputs/Brickwork_entanglement/slurm_YYDPETGTWY_amber/replica_411/replica_411.pdb,outputs/Brickwork_entanglement/slurm_YYDPETGTWY_amber/replica_411/replica_411_ca.pdb
218,313296985,random,YYDPETGTWY,amber,-20.824289739252706,4.3154204300174115,16.490032916562892,6.317150649216879,5.508595556037851,4.848916770784997,400.07,aer,4096,outputs/Brickwork_entanglement/slurm_YYDPETGTWY_amber/replica_218/replica_218.pdb,outputs/Brickwork_entanglement/slurm_YYDPETGTWY_amber/replica_218/replica_218_ca.pdb
811,313297578,random,YYDPETGTWY,amber,-57.305411360684275,4.3190162721341645,17.458626361877283,6.302075627745817,5.508595556037851,4.848916770784997,418.44,aer,4096,outputs/Brickwork_entanglement/slurm_YYDPETGTWY_amber/replica_811/replica_811.pdb,outputs/Brickwork_entanglement/slurm_YYDPETGTWY_amber/replica_811/replica_811_ca.pdb
722,313297489,random,YYDPETGTWY,amber,4.18352889458793,4.413341742644209,17.81983398809715,6.39925297371769,5.508595556037851,4.848916770784997,307.04,aer,4096,outputs/Brickwork_entanglement/slurm_YYDPETGTWY_amber/replica_722/replica_722.pdb,outputs/Brickwork_entanglement/slurm_YYDPETGTWY_amber/replica_722/replica_722_ca.pdb
631,313297398,random,YYDPETGTWY,amber,104.47471695819367,4.420893492463756,12.783782820887964,6.177721470936754,5.508595556037851,4.848916770784997,200.38,aer,4096,outputs/Brickwork_entanglement/slurm_YYDPETGTWY_amber/replica_631/replica_631.pdb,outputs/Brickwork_entanglement/slurm_YYDPETGTWY_amber/replica_631/replica_631_ca.pdb
118,313296885,random,YYDPETGTWY,amber,83.99811854430826,4.421063946071483,17.20469058193371,6.585400170318877,5.508595556037851,4.848916770784997,508.89,aer,4096,outputs/Brickwork_entanglement/slurm_YYDPETGTWY_amber/replica_118/replica_118.pdb,outputs/Brickwork_entanglement/slurm_YYDPETGTWY_amber/replica_118/replica_118_ca.pdb
348,313297115,random,YYDPETGTWY,amber,109.19856097211138,4.42484615421893,15.055784902966458,6.271724168266671,5.508595556037851,4.848916770784997,276.15,aer,4096,outputs/Brickwork_entanglement/slurm_YYDPETGTWY_amber/replica_348/replica_348.pdb,outputs/Brickwork_entanglement/slurm_YYDPETGTWY_amber/replica_348/replica_348_ca.pdb
678,313297445,random,YYDPETGTWY,amber,37.717928007206424,4.432312820307757,16.992072301737025,6.604526768848938,5.508595556037851,4.848916770784997,196.14,aer,4096,outputs/Brickwork_entanglement/slurm_YYDPETGTWY_amber/replica_678/replica_678.pdb,outputs/Brickwork_entanglement/slurm_YYDPETGTWY_amber/replica_678/replica_678_ca.pdb
879,313297646,random,YYDPETGTWY,amber,486.7441243806867,4.449713222166793,16.338021985102728,6.295664107403491,5.508595556037851,4.848916770784997,159.75,aer,4096,outputs/Brickwork_entanglement/slurm_YYDPETGTWY_amber/replica_879/replica_879.pdb,outputs/Brickwork_entanglement/slurm_YYDPETGTWY_amber/replica_879/replica_879_ca.pdb
757,313297524,random,YYDPETGTWY,amber,22.23620294223246,4.45210563351731,15.762839140364072,5.916715592717855,5.508595556037851,4.848916770784997,310.71,aer,4096,outputs/Brickwork_entanglement/slurm_YYDPETGTWY_amber/replica_757/replica_757.pdb,outputs/Brickwork_entanglement/slurm_YYDPETGTWY_amber/replica_757/replica_757_ca.pdb
646,313297413,random,YYDPETGTWY,amber,-14.939315594946653,4.4550839944467215,17.70057106970923,6.590590293937397,5.508595556037851,4.848916770784997,216.19,aer,4096,outputs/Brickwork_entanglement/slurm_YYDPETGTWY_amber/replica_646/replica_646.pdb,outputs/Brickwork_entanglement/slurm_YYDPETGTWY_amber/replica_646/replica_646_ca.pdb
276,313297043,random,YYDPETGTWY,amber,-52.41737655149134,4.4602271105259295,16.301548385358085,6.025407489699384,5.508595556037851,4.848916770784997,217.67,aer,4096,outputs/Brickwork_entanglement/slurm_YYDPETGTWY_amber/replica_276/replica_276.pdb,outputs/Brickwork_entanglement/slurm_YYDPETGTWY_amber/replica_276/replica_276_ca.pdb
840,313297607,random,YYDPETGTWY,amber,-46.21842034664573,4.475861780329657,14.86794669004662,6.480688446623052,5.508595556037851,4.848916770784997,253.64,aer,4096,outputs/Brickwork_entanglement/slurm_YYDPETGTWY_amber/replica_840/replica_840.pdb,outputs/Brickwork_entanglement/slurm_YYDPETGTWY_amber/replica_840/replica_840_ca.pdb
224,313296991,random,YYDPETGTWY,amber,-19.804016629567286,4.486348552192005,16.327605672039848,6.444821467319503,5.508595556037851,4.848916770784997,216.37,aer,4096,outputs/Brickwork_entanglement/slurm_YYDPETGTWY_amber/replica_224/replica_224.pdb,outputs/Brickwork_entanglement/slurm_YYDPETGTWY_amber/replica_224/replica_224_ca.pdb
441,313297208,random,YYDPETGTWY,amber,-54.48368173958135,4.48654929881017,16.345139902692978,6.664244556136203,5.508595556037851,4.848916770784997,394.78,aer,4096,outputs/Brickwork_entanglement/slurm_YYDPETGTWY_amber/replica_441/replica_441.pdb,outputs/Brickwork_entanglement/slurm_YYDPETGTWY_amber/replica_441/replica_441_ca.pdb
96,313296863,random,YYDPETGTWY,amber,-43.75095148648872,4.498463802466484,17.130838801004213,6.5130578961275045,5.508595556037851,4.848916770784997,250.42,aer,4096,outputs/Brickwork_entanglement/slurm_YYDPETGTWY_amber/replica_96/replica_96.pdb,outputs/Brickwork_entanglement/slurm_YYDPETGTWY_amber/replica_96/replica_96_ca.pdb
498,313297265,random,YYDPETGTWY,amber,-76.31013514783086,4.506971806904964,17.230192558076094,6.41574856370139,5.508595556037851,4.848916770784997,255.37,aer,4096,outputs/Brickwork_entanglement/slurm_YYDPETGTWY_amber/replica_498/replica_498.pdb,outputs/Brickwork_entanglement/slurm_YYDPETGTWY_amber/replica_498/replica_498_ca.pdb
74,313296841,random,YYDPETGTWY,amber,-67.57073163231134,4.507528084440445,17.640017757696207,6.13115395174633,5.508595556037851,4.848916770784997,260.92,aer,4096,outputs/Brickwork_entanglement/slurm_YYDPETGTWY_amber/replica_74/replica_74.pdb,outputs/Brickwork_entanglement/slurm_YYDPETGTWY_amber/replica_74/replica_74_ca.pdb
28,313296795,random,YYDPETGTWY,amber,-46.02734102540336,4.511461278040182,15.688387105383066,6.452611717694991,5.508595556037851,4.848916770784997,1232.5,aer,4096,outputs/Brickwork_entanglement/slurm_YYDPETGTWY_amber/replica_28/replica_28.pdb,outputs/Brickwork_entanglement/slurm_YYDPETGTWY_amber/replica_28/replica_28_ca.pdb
604,313297371,random,YYDPETGTWY,amber,3.311533941274096,4.539389946678018,15.863717120729834,6.49037030572508,5.508595556037851,4.848916770784997,209.5,aer,4096,outputs/Brickwork_entanglement/slurm_YYDPETGTWY_amber/replica_604/replica_604.pdb,outputs/Brickwork_entanglement/slurm_YYDPETGTWY_amber/replica_604/replica_604_ca.pdb
533,313297300,random,YYDPETGTWY,amber,3.9669924501146383,4.545084497923325,18.71937031667193,6.494636567697122,5.508595556037851,4.848916770784997,222.32,aer,4096,outputs/Brickwork_entanglement/slurm_YYDPETGTWY_amber/replica_533/replica_533.pdb,outputs/Brickwork_entanglement/slurm_YYDPETGTWY_amber/replica_533/replica_533_ca.pdb
244,313297011,random,YYDPETGTWY,amber,62.91277013515172,4.5486440501637775,14.891749469624626,6.224789725720867,5.508595556037851,4.848916770784997,322.96,aer,4096,outputs/Brickwork_entanglement/slurm_YYDPETGTWY_amber/replica_244/replica_244.pdb,outputs/Brickwork_entanglement/slurm_YYDPETGTWY_amber/replica_244/replica_244_ca.pdb
872,313297639,random,YYDPETGTWY,amber,67.9499066060019,4.551066832986972,15.23414662615187,6.572648284926736,5.508595556037851,4.848916770784997,264.23,aer,4096,outputs/Brickwork_entanglement/slurm_YYDPETGTWY_amber/replica_872/replica_872.pdb,outputs/Brickwork_entanglement/slurm_YYDPETGTWY_amber/replica_872/replica_872_ca.pdb
602,313297369,random,YYDPETGTWY,amber,-109.22666912266564,4.556919996886316,16.677961357940255,6.483998476224727,5.508595556037851,4.848916770784997,462.27,aer,4096,outputs/Brickwork_entanglement/slurm_YYDPETGTWY_amber/replica_602/replica_602.pdb,outputs/Brickwork_entanglement/slurm_YYDPETGTWY_amber/replica_602/replica_602_ca.pdb
522,313297289,random,YYDPETGTWY,amber,113.49491915969632,4.559804049280938,16.88875026182488,6.628340172493307,5.508595556037851,4.848916770784997,254.77,aer,4096,outputs/Brickwork_entanglement/slurm_YYDPETGTWY_amber/replica_522/replica_522.pdb,outputs/Brickwork_entanglement/slurm_YYDPETGTWY_amber/replica_522/replica_522_ca.pdb
490,313297257,random,YYDPETGTWY,amber,-13.264267223153517,4.560583952201051,18.074671560468367,6.60504324150712,5.508595556037851,4.848916770784997,278.64,aer,4096,outputs/Brickwork_entanglement/slurm_YYDPETGTWY_amber/replica_490/replica_490.pdb,outputs/Brickwork_entanglement/slurm_YYDPETGTWY_amber/replica_490/replica_490_ca.pdb
470,313297237,random,YYDPETGTWY,amber,21.64469905293136,4.567292089674138,18.638042976653967,6.772936396345505,5.508595556037851,4.848916770784997,270.38,aer,4096,outputs/Brickwork_entanglement/slurm_YYDPETGTWY_amber/replica_470/replica_470.pdb,outputs/Brickwork_entanglement/slurm_YYDPETGTWY_amber/replica_470/replica_470_ca.pdb
174,313296941,random,YYDPETGTWY,amber,-10.691545819189558,4.571608766291798,17.557514438687118,6.314093222599263,5.508595556037851,4.848916770784997,388.42,aer,4096,outputs/Brickwork_entanglement/slurm_YYDPETGTWY_amber/replica_174/replica_174.pdb,outputs/Brickwork_entanglement/slurm_YYDPETGTWY_amber/replica_174/replica_174_ca.pdb
977,313297744,random,YYDPETGTWY,amber,1.4595268691486953,4.584059088715369,14.12630409639469,6.582233507754764,5.508595556037851,4.848916770784997,287.7,aer,4096,outputs/Brickwork_entanglement/slurm_YYDPETGTWY_amber/replica_977/replica_977.pdb,outputs/Brickwork_entanglement/slurm_YYDPETGTWY_amber/replica_977/replica_977_ca.pdb
723,313297490,random,YYDPETGTWY,amber,95.76522228157243,4.585226474848693,16.723797166023516,6.12558664781789,5.508595556037851,4.848916770784997,244.95,aer,4096,outputs/Brickwork_entanglement/slurm_YYDPETGTWY_amber/replica_723/replica_723.pdb,outputs/Brickwork_entanglement/slurm_YYDPETGTWY_amber/replica_723/replica_723_ca.pdb
515,313297282,random,YYDPETGTWY,amber,-7.057683523621154,4.590857877441181,14.292460498152055,6.331318479925208,5.508595556037851,4.848916770784997,331.19,aer,4096,outputs/Brickwork_entanglement/slurm_YYDPETGTWY_amber/replica_515/replica_515.pdb,outputs/Brickwork_entanglement/slurm_YYDPETGTWY_amber/replica_515/replica_515_ca.pdb
358,313297125,random,YYDPETGTWY,amber,19.656016820930535,4.5911785995135554,16.869165135630336,6.356784716314399,5.508595556037851,4.848916770784997,292.46,aer,4096,outputs/Brickwork_entanglement/slurm_YYDPETGTWY_amber/replica_358/replica_358.pdb,outputs/Brickwork_entanglement/slurm_YYDPETGTWY_amber/replica_358/replica_358_ca.pdb
610,313297377,random,YYDPETGTWY,amber,-49.123808408417005,4.592767618837496,17.428568149557858,6.5472074758807475,5.508595556037851,4.848916770784997,253.73,aer,4096,outputs/Brickwork_entanglement/slurm_YYDPETGTWY_amber/replica_610/replica_610.pdb,outputs/Brickwork_entanglement/slurm_YYDPETGTWY_amber/replica_610/replica_610_ca.pdb
189,313296956,random,YYDPETGTWY,amber,-12.204463709320619,4.5948411453558595,18.39271836047082,6.56943843049124,5.508595556037851,4.848916770784997,242.53,aer,4096,outputs/Brickwork_entanglement/slurm_YYDPETGTWY_amber/replica_189/replica_189.pdb,outputs/Brickwork_entanglement/slurm_YYDPETGTWY_amber/replica_189/replica_189_ca.pdb
420,313297187,random,YYDPETGTWY,amber,-21.376849290588495,4.599622106782318,15.09970265573495,6.2081363280675985,5.508595556037851,4.848916770784997,645.94,aer,4096,outputs/Brickwork_entanglement/slurm_YYDPETGTWY_amber/replica_420/replica_420.pdb,outputs/Brickwork_entanglement/slurm_YYDPETGTWY_amber/replica_420/replica_420_ca.pdb
70,313296837,random,YYDPETGTWY,amber,-45.17587410152108,4.606117512416894,17.462684046185604,6.297546706613921,5.508595556037851,4.848916770784997,253.42,aer,4096,outputs/Brickwork_entanglement/slurm_YYDPETGTWY_amber/replica_70/replica_70.pdb,outputs/Brickwork_entanglement/slurm_YYDPETGTWY_amber/replica_70/replica_70_ca.pdb
969,313297736,random,YYDPETGTWY,amber,19.554601444589185,4.610303228506496,17.41540510380462,7.077209157998285,5.508595556037851,4.848916770784997,283.92,aer,4096,outputs/Brickwork_entanglement/slurm_YYDPETGTWY_amber/replica_969/replica_969.pdb,outputs/Brickwork_entanglement/slurm_YYDPETGTWY_amber/replica_969/replica_969_ca.pdb
900,313297667,random,YYDPETGTWY,amber,-48.445655351413855,4.612873213479256,15.821147392081384,6.426375691469556,5.508595556037851,4.848916770784997,355.42,aer,4096,outputs/Brickwork_entanglement/slurm_YYDPETGTWY_amber/replica_900/replica_900.pdb,outputs/Brickwork_entanglement/slurm_YYDPETGTWY_amber/replica_900/replica_900_ca.pdb
44,313296811,random,YYDPETGTWY,amber,-15.370112239654429,4.614772636311189,17.109579498622068,6.355244831865408,5.508595556037851,4.848916770784997,278.86,aer,4096,outputs/Brickwork_entanglement/slurm_YYDPETGTWY_amber/replica_44/replica_44.pdb,outputs/Brickwork_entanglement/slurm_YYDPETGTWY_amber/replica_44/replica_44_ca.pdb
647,313297414,random,YYDPETGTWY,amber,-31.030116748966208,4.617792947679823,16.49754386237538,6.141525782133847,5.508595556037851,4.848916770784997,241.51,aer,4096,outputs/Brickwork_entanglement/slurm_YYDPETGTWY_amber/replica_647/replica_647.pdb,outputs/Brickwork_entanglement/slurm_YYDPETGTWY_amber/replica_647/replica_647_ca.pdb
616,313297383,random,YYDPETGTWY,amber,25.415534399109575,4.624297721481571,18.05052793842319,6.751077228617564,5.508595556037851,4.848916770784997,242.28,aer,4096,outputs/Brickwork_entanglement/slurm_YYDPETGTWY_amber/replica_616/replica_616.pdb,outputs/Brickwork_entanglement/slurm_YYDPETGTWY_amber/replica_616/replica_616_ca.pdb
830,313297597,random,YYDPETGTWY,amber,-19.14766342229786,4.627088149296448,18.046427964033825,6.738099989277722,5.508595556037851,4.848916770784997,175.72,aer,4096,outputs/Brickwork_entanglement/slurm_YYDPETGTWY_amber/replica_830/replica_830.pdb,outputs/Brickwork_entanglement/slurm_YYDPETGTWY_amber/replica_830/replica_830_ca.pdb
123,313296890,random,YYDPETGTWY,amber,19.88018345358843,4.630069166443376,19.22599136444769,6.834105226636257,5.508595556037851,4.848916770784997,235.42,aer,4096,outputs/Brickwork_entanglement/slurm_YYDPETGTWY_amber/replica_123/replica_123.pdb,outputs/Brickwork_entanglement/slurm_YYDPETGTWY_amber/replica_123/replica_123_ca.pdb
222,313296989,random,YYDPETGTWY,amber,17.528103477024754,4.637453471536373,17.8389056793409,6.816946783161329,5.508595556037851,4.848916770784997,333.31,aer,4096,outputs/Brickwork_entanglement/slurm_YYDPETGTWY_amber/replica_222/replica_222.pdb,outputs/Brickwork_entanglement/slurm_YYDPETGTWY_amber/replica_222/replica_222_ca.pdb
657,313297424,random,YYDPETGTWY,amber,31.263481895240485,4.639584829445245,15.73043967679973,6.55369754153508,5.508595556037851,4.848916770784997,207.24,aer,4096,outputs/Brickwork_entanglement/slurm_YYDPETGTWY_amber/replica_657/replica_657.pdb,outputs/Brickwork_entanglement/slurm_YYDPETGTWY_amber/replica_657/replica_657_ca.pdb
769,313297536,random,YYDPETGTWY,amber,62.19339376554119,4.652678384597728,16.08025306898367,6.741086221996205,5.508595556037851,4.848916770784997,275.59,aer,4096,outputs/Brickwork_entanglement/slurm_YYDPETGTWY_amber/replica_769/replica_769.pdb,outputs/Brickwork_entanglement/slurm_YYDPETGTWY_amber/replica_769/replica_769_ca.pdb
359,313297126,random,YYDPETGTWY,amber,28.808648713860197,4.675742482035636,16.626443967638103,6.3099146230910605,5.508595556037851,4.848916770784997,188.45,aer,4096,outputs/Brickwork_entanglement/slurm_YYDPETGTWY_amber/replica_359/replica_359.pdb,outputs/Brickwork_entanglement/slurm_YYDPETGTWY_amber/replica_359/replica_359_ca.pdb
855,313297622,random,YYDPETGTWY,amber,79.24088164447649,4.675848814035291,17.548665738826454,6.729655388201053,5.508595556037851,4.848916770784997,446.89,aer,4096,outputs/Brickwork_entanglement/slurm_YYDPETGTWY_amber/replica_855/replica_855.pdb,outputs/Brickwork_entanglement/slurm_YYDPETGTWY_amber/replica_855/replica_855_ca.pdb
770,313297537,random,YYDPETGTWY,amber,565.3033776345601,4.678197363676582,13.200650759547868,5.9206064135694705,5.508595556037851,4.848916770784997,134.23,aer,4096,outputs/Brickwork_entanglement/slurm_YYDPETGTWY_amber/replica_770/replica_770.pdb,outputs/Brickwork_entanglement/slurm_YYDPETGTWY_amber/replica_770/replica_770_ca.pdb
195,313296962,random,YYDPETGTWY,amber,-56.76036940795798,4.681828678741603,19.003049139425034,6.576253940268658,5.508595556037851,4.848916770784997,252.48,aer,4096,outputs/Brickwork_entanglement/slurm_YYDPETGTWY_amber/replica_195/replica_195.pdb,outputs/Brickwork_entanglement/slurm_YYDPETGTWY_amber/replica_195/replica_195_ca.pdb
511,313297278,random,YYDPETGTWY,amber,79.84276202568569,4.683904313959507,18.142673962648097,6.410693990405473,5.508595556037851,4.848916770784997,238.61,aer,4096,outputs/Brickwork_entanglement/slurm_YYDPETGTWY_amber/replica_511/replica_511.pdb,outputs/Brickwork_entanglement/slurm_YYDPETGTWY_amber/replica_511/replica_511_ca.pdb
435,313297202,random,YYDPETGTWY,amber,-28.89504305461388,4.688095988190547,17.388559012962133,6.58734402119058,5.508595556037851,4.848916770784997,494.35,aer,4096,outputs/Brickwork_entanglement/slurm_YYDPETGTWY_amber/replica_435/replica_435.pdb,outputs/Brickwork_entanglement/slurm_YYDPETGTWY_amber/replica_435/replica_435_ca.pdb
36,313296803,random,YYDPETGTWY,amber,518.3927790396814,4.7073057210368825,17.858410972637245,6.526042300392631,5.508595556037851,4.848916770784997,1012.63,aer,4096,outputs/Brickwork_entanglement/slurm_YYDPETGTWY_amber/replica_36/replica_36.pdb,outputs/Brickwork_entanglement/slurm_YYDPETGTWY_amber/replica_36/replica_36_ca.pdb
803,313297570,random,YYDPETGTWY,amber,-79.39606133916844,4.70987050411672,16.102027476349427,6.350209870849603,5.508595556037851,4.848916770784997,347.25,aer,4096,outputs/Brickwork_entanglement/slurm_YYDPETGTWY_amber/replica_803/replica_803.pdb,outputs/Brickwork_entanglement/slurm_YYDPETGTWY_amber/replica_803/replica_803_ca.pdb
620,313297387,random,YYDPETGTWY,amber,102.60490781335945,4.711541654955997,18.89330446365168,6.814020274196617,5.508595556037851,4.848916770784997,236.24,aer,4096,outputs/Brickwork_entanglement/slurm_YYDPETGTWY_amber/replica_620/replica_620.pdb,outputs/Brickwork_entanglement/slurm_YYDPETGTWY_amber/replica_620/replica_620_ca.pdb
749,313297516,random,YYDPETGTWY,amber,24.006221476910742,4.715226145924657,17.95443841834598,6.366557840747662,5.508595556037851,4.848916770784997,396.44,aer,4096,outputs/Brickwork_entanglement/slurm_YYDPETGTWY_amber/replica_749/replica_749.pdb,outputs/Brickwork_entanglement/slurm_YYDPETGTWY_amber/replica_749/replica_749_ca.pdb
906,313297673,random,YYDPETGTWY,amber,4.1588063461995315,4.717228910365419,15.723369018380005,6.634624924780845,5.508595556037851,4.848916770784997,448.75,aer,4096,outputs/Brickwork_entanglement/slurm_YYDPETGTWY_amber/replica_906/replica_906.pdb,outputs/Brickwork_entanglement/slurm_YYDPETGTWY_amber/replica_906/replica_906_ca.pdb
109,313296876,random,YYDPETGTWY,amber,-35.342038003986104,4.718766782259601,16.579360133580305,6.296155823571276,5.508595556037851,4.848916770784997,428.1,aer,4096,outputs/Brickwork_entanglement/slurm_YYDPETGTWY_amber/replica_109/replica_109.pdb,outputs/Brickwork_entanglement/slurm_YYDPETGTWY_amber/replica_109/replica_109_ca.pdb
454,313297221,random,YYDPETGTWY,amber,49.07573469014302,4.721633763485703,19.164148926439623,6.71778034186053,5.508595556037851,4.848916770784997,363.08,aer,4096,outputs/Brickwork_entanglement/slurm_YYDPETGTWY_amber/replica_454/replica_454.pdb,outputs/Brickwork_entanglement/slurm_YYDPETGTWY_amber/replica_454/replica_454_ca.pdb
924,313297691,random,YYDPETGTWY,amber,-71.79812381915433,4.7316635783121965,16.63139022887857,6.870072134713359,5.508595556037851,4.848916770784997,256.39,aer,4096,outputs/Brickwork_entanglement/slurm_YYDPETGTWY_amber/replica_924/replica_924.pdb,outputs/Brickwork_entanglement/slurm_YYDPETGTWY_amber/replica_924/replica_924_ca.pdb
989,313297756,random,YYDPETGTWY,amber,-35.206678185971555,4.742168173916913,16.854808404851656,6.882204495049581,5.508595556037851,4.848916770784997,217.14,aer,4096,outputs/Brickwork_entanglement/slurm_YYDPETGTWY_amber/replica_989/replica_989.pdb,outputs/Brickwork_entanglement/slurm_YYDPETGTWY_amber/replica_989/replica_989_ca.pdb
760,313297527,random,YYDPETGTWY,amber,2.4294354570449945,4.742211660803386,17.382547836828955,6.61558575147154,5.508595556037851,4.848916770784997,208.44,aer,4096,outputs/Brickwork_entanglement/slurm_YYDPETGTWY_amber/replica_760/replica_760.pdb,outputs/Brickwork_entanglement/slurm_YYDPETGTWY_amber/replica_760/replica_760_ca.pdb
767,313297534,random,YYDPETGTWY,amber,65.95494778901592,4.746193021511941,16.244152492347503,6.678668568454756,5.508595556037851,4.848916770784997,345.99,aer,4096,outputs/Brickwork_entanglement/slurm_YYDPETGTWY_amber/replica_767/replica_767.pdb,outputs/Brickwork_entanglement/slurm_YYDPETGTWY_amber/replica_767/replica_767_ca.pdb
268,313297035,random,YYDPETGTWY,amber,-48.054017670667875,4.746316029001491,15.242176505486228,6.358703970068241,5.508595556037851,4.848916770784997,317.59,aer,4096,outputs/Brickwork_entanglement/slurm_YYDPETGTWY_amber/replica_268/replica_268.pdb,outputs/Brickwork_entanglement/slurm_YYDPETGTWY_amber/replica_268/replica_268_ca.pdb
734,313297501,random,YYDPETGTWY,amber,68.8604028678237,4.752548036031564,18.816581658372154,6.5290400035817004,5.508595556037851,4.848916770784997,212.94,aer,4096,outputs/Brickwork_entanglement/slurm_YYDPETGTWY_amber/replica_734/replica_734.pdb,outputs/Brickwork_entanglement/slurm_YYDPETGTWY_amber/replica_734/replica_734_ca.pdb
257,313297024,random,YYDPETGTWY,amber,63.61344091306617,4.753036294789758,17.89261171546451,6.4899730530153565,5.508595556037851,4.848916770784997,162.65,aer,4096,outputs/Brickwork_entanglement/slurm_YYDPETGTWY_amber/replica_257/replica_257.pdb,outputs/Brickwork_entanglement/slurm_YYDPETGTWY_amber/replica_257/replica_257_ca.pdb
213,313296980,random,YYDPETGTWY,amber,55.233821398639485,4.757107800406832,17.625089496277965,6.083282439096464,5.508595556037851,4.848916770784997,255.51,aer,4096,outputs/Brickwork_entanglement/slurm_YYDPETGTWY_amber/replica_213/replica_213.pdb,outputs/Brickwork_entanglement/slurm_YYDPETGTWY_amber/replica_213/replica_213_ca.pdb
635,313297402,random,YYDPETGTWY,amber,38.25385449503731,4.777771588754068,15.366392271207943,6.5779724446309435,5.508595556037851,4.848916770784997,407.83,aer,4096,outputs/Brickwork_entanglement/slurm_YYDPETGTWY_amber/replica_635/replica_635.pdb,outputs/Brickwork_entanglement/slurm_YYDPETGTWY_amber/replica_635/replica_635_ca.pdb
45,313296812,random,YYDPETGTWY,amber,823.166065347087,4.790912622823721,17.67521541464643,6.634790006751347,5.508595556037851,4.848916770784997,225.45,aer,4096,outputs/Brickwork_entanglement/slurm_YYDPETGTWY_amber/replica_45/replica_45.pdb,outputs/Brickwork_entanglement/slurm_YYDPETGTWY_amber/replica_45/replica_45_ca.pdb
140,313296907,random,YYDPETGTWY,amber,-101.44029765078137,4.800930863960956,18.2164379387356,6.91927842382798,5.508595556037851,4.848916770784997,219.48,aer,4096,outputs/Brickwork_entanglement/slurm_YYDPETGTWY_amber/replica_140/replica_140.pdb,outputs/Brickwork_entanglement/slurm_YYDPETGTWY_amber/replica_140/replica_140_ca.pdb
314,313297081,random,YYDPETGTWY,amber,-14.598830071261567,4.801823742142552,15.962044011978136,6.73106397297355,5.508595556037851,4.848916770784997,252.53,aer,4096,outputs/Brickwork_entanglement/slurm_YYDPETGTWY_amber/replica_314/replica_314.pdb,outputs/Brickwork_entanglement/slurm_YYDPETGTWY_amber/replica_314/replica_314_ca.pdb
402,313297169,random,YYDPETGTWY,amber,-13.628671634613028,4.811808141335514,19.19064003799462,6.561555450477256,5.508595556037851,4.848916770784997,319.59,aer,4096,outputs/Brickwork_entanglement/slurm_YYDPETGTWY_amber/replica_402/replica_402.pdb,outputs/Brickwork_entanglement/slurm_YYDPETGTWY_amber/replica_402/replica_402_ca.pdb
794,313297561,random,YYDPETGTWY,amber,103.9129845713274,4.8179755569164024,16.757799600342853,6.525761173610504,5.508595556037851,4.848916770784997,263.19,aer,4096,outputs/Brickwork_entanglement/slurm_YYDPETGTWY_amber/replica_794/replica_794.pdb,outputs/Brickwork_entanglement/slurm_YYDPETGTWY_amber/replica_794/replica_794_ca.pdb
854,313297621,random,YYDPETGTWY,amber,-60.07341207083461,4.81829731069182,16.001888808794888,6.1788008590953485,5.508595556037851,4.848916770784997,207.8,aer,4096,outputs/Brickwork_entanglement/slurm_YYDPETGTWY_amber/replica_854/replica_854.pdb,outputs/Brickwork_entanglement/slurm_YYDPETGTWY_amber/replica_854/replica_854_ca.pdb
700,313297467,random,YYDPETGTWY,amber,-47.72488016238013,4.820513578475399,18.881628680812604,6.630984353444842,5.508595556037851,4.848916770784997,314.94,aer,4096,outputs/Brickwork_entanglement/slurm_YYDPETGTWY_amber/replica_700/replica_700.pdb,outputs/Brickwork_entanglement/slurm_YYDPETGTWY_amber/replica_700/replica_700_ca.pdb
491,313297258,random,YYDPETGTWY,amber,28.671143640127653,4.822831845110241,18.762611568911105,6.8206234018130125,5.508595556037851,4.848916770784997,306.82,aer,4096,outputs/Brickwork_entanglement/slurm_YYDPETGTWY_amber/replica_491/replica_491.pdb,outputs/Brickwork_entanglement/slurm_YYDPETGTWY_amber/replica_491/replica_491_ca.pdb
649,313297416,random,YYDPETGTWY,amber,15.829587830822907,4.825652437838431,18.442724802443504,6.877743181679745,5.508595556037851,4.848916770784997,189.61,aer,4096,outputs/Brickwork_entanglement/slurm_YYDPETGTWY_amber/replica_649/replica_649.pdb,outputs/Brickwork_entanglement/slurm_YYDPETGTWY_amber/replica_649/replica_649_ca.pdb
732,313297499,random,YYDPETGTWY,amber,-10.697268268071268,4.827217319533079,15.489606467434943,6.689656647292002,5.508595556037851,4.848916770784997,248.54,aer,4096,outputs/Brickwork_entanglement/slurm_YYDPETGTWY_amber/replica_732/replica_732.pdb,outputs/Brickwork_entanglement/slurm_YYDPETGTWY_amber/replica_732/replica_732_ca.pdb
307,313297074,random,YYDPETGTWY,amber,-14.750978679713384,4.82872724214072,18.121187707745207,6.608809368808315,5.508595556037851,4.848916770784997,226.27,aer,4096,outputs/Brickwork_entanglement/slurm_YYDPETGTWY_amber/replica_307/replica_307.pdb,outputs/Brickwork_entanglement/slurm_YYDPETGTWY_amber/replica_307/replica_307_ca.pdb
426,313297193,random,YYDPETGTWY,amber,-47.689039856296276,4.834920858371144,18.3916334624625,6.759668768004745,5.508595556037851,4.848916770784997,186.2,aer,4096,outputs/Brickwork_entanglement/slurm_YYDPETGTWY_amber/replica_426/replica_426.pdb,outputs/Brickwork_entanglement/slurm_YYDPETGTWY_amber/replica_426/replica_426_ca.pdb
540,313297307,random,YYDPETGTWY,amber,148.04681400799328,4.836190545013816,16.947893711250195,6.364605190572539,5.508595556037851,4.848916770784997,336.39,aer,4096,outputs/Brickwork_entanglement/slurm_YYDPETGTWY_amber/replica_540/replica_540.pdb,outputs/Brickwork_entanglement/slurm_YYDPETGTWY_amber/replica_540/replica_540_ca.pdb
813,313297580,random,YYDPETGTWY,amber,18.537457006583164,4.846619211697686,18.758237454801513,6.81892715957342,5.508595556037851,4.848916770784997,247.1,aer,4096,outputs/Brickwork_entanglement/slurm_YYDPETGTWY_amber/replica_813/replica_813.pdb,outputs/Brickwork_entanglement/slurm_YYDPETGTWY_amber/replica_813/replica_813_ca.pdb
164,313296931,random,YYDPETGTWY,amber,82.4165645823852,4.847346127571283,18.139427286573248,6.778508698376947,5.508595556037851,4.848916770784997,246.45,aer,4096,outputs/Brickwork_entanglement/slurm_YYDPETGTWY_amber/replica_164/replica_164.pdb,outputs/Brickwork_entanglement/slurm_YYDPETGTWY_amber/replica_164/replica_164_ca.pdb
185,313296952,random,YYDPETGTWY,amber,-7.952262982503688,4.851902320817715,18.21696557732142,6.599449362784311,5.508595556037851,4.848916770784997,310.11,aer,4096,outputs/Brickwork_entanglement/slurm_YYDPETGTWY_amber/replica_185/replica_185.pdb,outputs/Brickwork_entanglement/slurm_YYDPETGTWY_amber/replica_185/replica_185_ca.pdb
718,313297485,random,YYDPETGTWY,amber,-56.91775583330153,4.8554999422680805,18.481465169895085,6.9108463323459315,5.508595556037851,4.848916770784997,275.14,aer,4096,outputs/Brickwork_entanglement/slurm_YYDPETGTWY_amber/replica_718/replica_718.pdb,outputs/Brickwork_entanglement/slurm_YYDPETGTWY_amber/replica_718/replica_718_ca.pdb
759,313297526,random,YYDPETGTWY,amber,542.2071661676962,4.8573430350480695,18.148564352009636,6.729192578431307,5.508595556037851,4.848916770784997,216.83,aer,4096,outputs/Brickwork_entanglement/slurm_YYDPETGTWY_amber/replica_759/replica_759.pdb,outputs/Brickwork_entanglement/slurm_YYDPETGTWY_amber/replica_759/replica_759_ca.pdb
704,313297471,random,YYDPETGTWY,amber,-14.331186260320617,4.862369415712525,18.108101005154275,6.9675646461150755,5.508595556037851,4.848916770784997,268.1,aer,4096,outputs/Brickwork_entanglement/slurm_YYDPETGTWY_amber/replica_704/replica_704.pdb,outputs/Brickwork_entanglement/slurm_YYDPETGTWY_amber/replica_704/replica_704_ca.pdb
478,313297245,random,YYDPETGTWY,amber,-24.446682137433054,4.87200762405871,19.633306625439413,6.6528620866907096,5.508595556037851,4.848916770784997,254.14,aer,4096,outputs/Brickwork_entanglement/slurm_YYDPETGTWY_amber/replica_478/replica_478.pdb,outputs/Brickwork_entanglement/slurm_YYDPETGTWY_amber/replica_478/replica_478_ca.pdb
413,313297180,random,YYDPETGTWY,amber,-20.02647588745455,4.8775195548843495,18.202585530161798,6.731331727261595,5.508595556037851,4.848916770784997,279.53,aer,4096,outputs/Brickwork_entanglement/slurm_YYDPETGTWY_amber/replica_413/replica_413.pdb,outputs/Brickwork_entanglement/slurm_YYDPETGTWY_amber/replica_413/replica_413_ca.pdb
868,313297635,random,YYDPETGTWY,amber,460.3388737107069,4.880259351099564,15.843567424198566,6.8595571837402955,5.508595556037851,4.848916770784997,146.33,aer,4096,outputs/Brickwork_entanglement/slurm_YYDPETGTWY_amber/replica_868/replica_868.pdb,outputs/Brickwork_entanglement/slurm_YYDPETGTWY_amber/replica_868/replica_868_ca.pdb
404,313297171,random,YYDPETGTWY,amber,-27.411603633868953,4.884120074774047,18.213171897353323,6.313470212318859,5.508595556037851,4.848916770784997,326.52,aer,4096,outputs/Brickwork_entanglement/slurm_YYDPETGTWY_amber/replica_404/replica_404.pdb,outputs/Brickwork_entanglement/slurm_YYDPETGTWY_amber/replica_404/replica_404_ca.pdb
414,313297181,random,YYDPETGTWY,amber,-22.06418684143939,4.891236865660325,17.42293581146925,6.853075395870502,5.508595556037851,4.848916770784997,379.03,aer,4096,outputs/Brickwork_entanglement/slurm_YYDPETGTWY_amber/replica_414/replica_414.pdb,outputs/Brickwork_entanglement/slurm_YYDPETGTWY_amber/replica_414/replica_414_ca.pdb
473,313297240,random,YYDPETGTWY,amber,33.81316298507965,4.892313615963867,18.763344997858074,6.641831634525334,5.508595556037851,4.848916770784997,282.22,aer,4096,outputs/Brickwork_entanglement/slurm_YYDPETGTWY_amber/replica_473/replica_473.pdb,outputs/Brickwork_entanglement/slurm_YYDPETGTWY_amber/replica_473/replica_473_ca.pdb
974,313297741,random,YYDPETGTWY,amber,-58.23224997815307,4.895976118359193,18.787348079469133,7.062898161010096,5.508595556037851,4.848916770784997,282.43,aer,4096,outputs/Brickwork_entanglement/slurm_YYDPETGTWY_amber/replica_974/replica_974.pdb,outputs/Brickwork_entanglement/slurm_YYDPETGTWY_amber/replica_974/replica_974_ca.pdb
318,313297085,random,YYDPETGTWY,amber,-16.37220450139138,4.896853363662951,18.353990075848177,6.555467650314154,5.508595556037851,4.848916770784997,260.28,aer,4096,outputs/Brickwork_entanglement/slurm_YYDPETGTWY_amber/replica_318/replica_318.pdb,outputs/Brickwork_entanglement/slurm_YYDPETGTWY_amber/replica_318/replica_318_ca.pdb
597,313297364,random,YYDPETGTWY,amber,-54.10949853951345,4.905329274143382,17.831359080273902,6.805660821550568,5.508595556037851,4.848916770784997,251.47,aer,4096,outputs/Brickwork_entanglement/slurm_YYDPETGTWY_amber/replica_597/replica_597.pdb,outputs/Brickwork_entanglement/slurm_YYDPETGTWY_amber/replica_597/replica_597_ca.pdb
758,313297525,random,YYDPETGTWY,amber,9.986133949819795,4.907102323261465,18.718924532252462,6.921860566989989,5.508595556037851,4.848916770784997,228.87,aer,4096,outputs/Brickwork_entanglement/slurm_YYDPETGTWY_amber/replica_758/replica_758.pdb,outputs/Brickwork_entanglement/slurm_YYDPETGTWY_amber/replica_758/replica_758_ca.pdb
383,313297150,random,YYDPETGTWY,amber,372.6075913136857,4.907707131002415,18.615510380736385,6.880752270403858,5.508595556037851,4.848916770784997,141.65,aer,4096,outputs/Brickwork_entanglement/slurm_YYDPETGTWY_amber/replica_383/replica_383.pdb,outputs/Brickwork_entanglement/slurm_YYDPETGTWY_amber/replica_383/replica_383_ca.pdb
163,313296930,random,YYDPETGTWY,amber,-20.712759331140553,4.91138858393589,18.442341699303697,6.856946392582826,5.508595556037851,4.848916770784997,237.76,aer,4096,outputs/Brickwork_entanglement/slurm_YYDPETGTWY_amber/replica_163/replica_163.pdb,outputs/Brickwork_entanglement/slurm_YYDPETGTWY_amber/replica_163/replica_163_ca.pdb
563,313297330,random,YYDPETGTWY,amber,-0.935029170084963,4.9153196680940106,17.877951149609384,6.704092685959804,5.508595556037851,4.848916770784997,511.76,aer,4096,outputs/Brickwork_entanglement/slurm_YYDPETGTWY_amber/replica_563/replica_563.pdb,outputs/Brickwork_entanglement/slurm_YYDPETGTWY_amber/replica_563/replica_563_ca.pdb
326,313297093,random,YYDPETGTWY,amber,418.59739823021266,4.925576587777435,18.393494779613377,6.392772712207172,5.508595556037851,4.848916770784997,210.72,aer,4096,outputs/Brickwork_entanglement/slurm_YYDPETGTWY_amber/replica_326/replica_326.pdb,outputs/Brickwork_entanglement/slurm_YYDPETGTWY_amber/replica_326/replica_326_ca.pdb
846,313297613,random,YYDPETGTWY,amber,-45.81515991618897,4.925727584432256,15.50182223479336,6.52964324602437,5.508595556037851,4.848916770784997,297.59,aer,4096,outputs/Brickwork_entanglement/slurm_YYDPETGTWY_amber/replica_846/replica_846.pdb,outputs/Brickwork_entanglement/slurm_YYDPETGTWY_amber/replica_846/replica_846_ca.pdb
691,313297458,random,YYDPETGTWY,amber,27.864712088511876,4.927599455289674,19.256112942068526,6.867764964238106,5.508595556037851,4.848916770784997,235.53,aer,4096,outputs/Brickwork_entanglement/slurm_YYDPETGTWY_amber/replica_691/replica_691.pdb,outputs/Brickwork_entanglement/slurm_YYDPETGTWY_amber/replica_691/replica_691_ca.pdb
535,313297302,random,YYDPETGTWY,amber,-2.047839369322218,4.9321179643096125,19.63278847772317,7.0966982938328025,5.508595556037851,4.848916770784997,266.96,aer,4096,outputs/Brickwork_entanglement/slurm_YYDPETGTWY_amber/replica_535/replica_535.pdb,outputs/Brickwork_entanglement/slurm_YYDPETGTWY_amber/replica_535/replica_535_ca.pdb
197,313296964,random,YYDPETGTWY,amber,168.7038703256479,4.935623995138486,19.1582319077736,6.818080190015042,5.508595556037851,4.848916770784997,331.51,aer,4096,outputs/Brickwork_entanglement/slurm_YYDPETGTWY_amber/replica_197/replica_197.pdb,outputs/Brickwork_entanglement/slurm_YYDPETGTWY_amber/replica_197/replica_197_ca.pdb
845,313297612,random,YYDPETGTWY,amber,78.0770202433348,4.944521679790821,20.758115762625614,7.020487310931132,5.508595556037851,4.848916770784997,484.09,aer,4096,outputs/Brickwork_entanglement/slurm_YYDPETGTWY_amber/replica_845/replica_845.pdb,outputs/Brickwork_entanglement/slurm_YYDPETGTWY_amber/replica_845/replica_845_ca.pdb
727,313297494,random,YYDPETGTWY,amber,98.27874643527282,4.946171225838262,19.845779154855773,6.792538101209189,5.508595556037851,4.848916770784997,347.42,aer,4096,outputs/Brickwork_entanglement/slurm_YYDPETGTWY_amber/replica_727/replica_727.pdb,outputs/Brickwork_entanglement/slurm_YYDPETGTWY_amber/replica_727/replica_727_ca.pdb
275,313297042,random,YYDPETGTWY,amber,8.337961112905923,4.948026364119115,18.784351694021954,6.96155453961384,5.508595556037851,4.848916770784997,247.23,aer,4096,outputs/Brickwork_entanglement/slurm_YYDPETGTWY_amber/replica_275/replica_275.pdb,outputs/Brickwork_entanglement/slurm_YYDPETGTWY_amber/replica_275/replica_275_ca.pdb
777,313297544,random,YYDPETGTWY,amber,37.02163455559954,4.951433412999835,18.296564948327344,6.739749806674077,5.508595556037851,4.848916770784997,375.26,aer,4096,outputs/Brickwork_entanglement/slurm_YYDPETGTWY_amber/replica_777/replica_777.pdb,outputs/Brickwork_entanglement/slurm_YYDPETGTWY_amber/replica_777/replica_777_ca.pdb
801,313297568,random,YYDPETGTWY,amber,348.34121966952904,4.952575377868438,19.47317501676717,6.689583178840339,5.508595556037851,4.848916770784997,363.28,aer,4096,outputs/Brickwork_entanglement/slurm_YYDPETGTWY_amber/replica_801/replica_801.pdb,outputs/Brickwork_entanglement/slurm_YYDPETGTWY_amber/replica_801/replica_801_ca.pdb
871,313297638,random,YYDPETGTWY,amber,67.74414711356872,4.954909380694371,15.11552673580096,6.5320181840344,5.508595556037851,4.848916770784997,467.62,aer,4096,outputs/Brickwork_entanglement/slurm_YYDPETGTWY_amber/replica_871/replica_871.pdb,outputs/Brickwork_entanglement/slurm_YYDPETGTWY_amber/replica_871/replica_871_ca.pdb
353,313297120,random,YYDPETGTWY,amber,-18.25119353276116,4.956646276811553,18.26747612439057,6.717028759734434,5.508595556037851,4.848916770784997,242.29,aer,4096,outputs/Brickwork_entanglement/slurm_YYDPETGTWY_amber/replica_353/replica_353.pdb,outputs/Brickwork_entanglement/slurm_YYDPETGTWY_amber/replica_353/replica_353_ca.pdb
546,313297313,random,YYDPETGTWY,amber,24.952148114487443,4.959555864984849,13.485207269164697,6.004700806468525,5.508595556037851,4.848916770784997,540.15,aer,4096,outputs/Brickwork_entanglement/slurm_YYDPETGTWY_amber/replica_546/replica_546.pdb,outputs/Brickwork_entanglement/slurm_YYDPETGTWY_amber/replica_546/replica_546_ca.pdb
360,313297127,random,YYDPETGTWY,amber,54.807984047765295,4.96199012490586,19.669105910862065,6.65680102459677,5.508595556037851,4.848916770784997,193.82,aer,4096,outputs/Brickwork_entanglement/slurm_YYDPETGTWY_amber/replica_360/replica_360.pdb,outputs/Brickwork_entanglement/slurm_YYDPETGTWY_amber/replica_360/replica_360_ca.pdb
942,313297709,random,YYDPETGTWY,amber,-42.801405220453624,4.965230744526142,18.75383274775528,6.650683881000609,5.508595556037851,4.848916770784997,207.36,aer,4096,outputs/Brickwork_entanglement/slurm_YYDPETGTWY_amber/replica_942/replica_942.pdb,outputs/Brickwork_entanglement/slurm_YYDPETGTWY_amber/replica_942/replica_942_ca.pdb
559,313297326,random,YYDPETGTWY,amber,8.89288709937176,4.970946786549881,16.985590942239345,6.551404008192225,5.508595556037851,4.848916770784997,221.93,aer,4096,outputs/Brickwork_entanglement/slurm_YYDPETGTWY_amber/replica_559/replica_559.pdb,outputs/Brickwork_entanglement/slurm_YYDPETGTWY_amber/replica_559/replica_559_ca.pdb
67,313296834,random,YYDPETGTWY,amber,-62.642643656333384,4.976202837176023,16.673326457145812,6.731759572916197,5.508595556037851,4.848916770784997,322.49,aer,4096,outputs/Brickwork_entanglement/slurm_YYDPETGTWY_amber/replica_67/replica_67.pdb,outputs/Brickwork_entanglement/slurm_YYDPETGTWY_amber/replica_67/replica_67_ca.pdb
779,313297546,random,YYDPETGTWY,amber,-39.809049054560155,4.979006305187006,18.013294947504484,6.641489337059285,5.508595556037851,4.848916770784997,215.86,aer,4096,outputs/Brickwork_entanglement/slurm_YYDPETGTWY_amber/replica_779/replica_779.pdb,outputs/Brickwork_entanglement/slurm_YYDPETGTWY_amber/replica_779/replica_779_ca.pdb
416,313297183,random,YYDPETGTWY,amber,49.469385616389715,4.983721585067371,17.140017532656696,6.860989218458327,5.508595556037851,4.848916770784997,268.62,aer,4096,outputs/Brickwork_entanglement/slurm_YYDPETGTWY_amber/replica_416/replica_416.pdb,outputs/Brickwork_entanglement/slurm_YYDPETGTWY_amber/replica_416/replica_416_ca.pdb
864,313297631,random,YYDPETGTWY,amber,-54.80747775225132,4.984468095824444,18.788389249243608,6.871288969934724,5.508595556037851,4.848916770784997,286.85,aer,4096,outputs/Brickwork_entanglement/slurm_YYDPETGTWY_amber/replica_864/replica_864.pdb,outputs/Brickwork_entanglement/slurm_YYDPETGTWY_amber/replica_864/replica_864_ca.pdb
668,313297435,random,YYDPETGTWY,amber,-21.944968603615276,4.984794147620838,18.17278334217024,6.726942313390859,5.508595556037851,4.848916770784997,270.2,aer,4096,outputs/Brickwork_entanglement/slurm_YYDPETGTWY_amber/replica_668/replica_668.pdb,outputs/Brickwork_entanglement/slurm_YYDPETGTWY_amber/replica_668/replica_668_ca.pdb
558,313297325,random,YYDPETGTWY,amber,-58.95894340660357,4.985774625928998,19.634458864725644,6.913454747972716,5.508595556037851,4.848916770784997,363.17,aer,4096,outputs/Brickwork_entanglement/slurm_YYDPETGTWY_amber/replica_558/replica_558.pdb,outputs/Brickwork_entanglement/slurm_YYDPETGTWY_amber/replica_558/replica_558_ca.pdb
91,313296858,random,YYDPETGTWY,amber,51.379267038739144,4.987672689685682,18.451965710402686,6.960458663099342,5.508595556037851,4.848916770784997,322.41,aer,4096,outputs/Brickwork_entanglement/slurm_YYDPETGTWY_amber/replica_91/replica_91.pdb,outputs/Brickwork_entanglement/slurm_YYDPETGTWY_amber/replica_91/replica_91_ca.pdb
709,313297476,random,YYDPETGTWY,amber,-19.567794294437867,4.988942053609962,20.72813271510715,6.833838125620151,5.508595556037851,4.848916770784997,265.65,aer,4096,outputs/Brickwork_entanglement/slurm_YYDPETGTWY_amber/replica_709/replica_709.pdb,outputs/Brickwork_entanglement/slurm_YYDPETGTWY_amber/replica_709/replica_709_ca.pdb
518,313297285,random,YYDPETGTWY,amber,-16.247638771619563,4.989345067803317,18.4945305823612,6.835086845172491,5.508595556037851,4.848916770784997,243.37,aer,4096,outputs/Brickwork_entanglement/slurm_YYDPETGTWY_amber/replica_518/replica_518.pdb,outputs/Brickwork_entanglement/slurm_YYDPETGTWY_amber/replica_518/replica_518_ca.pdb
51,313296818,random,YYDPETGTWY,amber,-42.20765865244376,4.999621530238577,17.379031762894716,6.30537613068304,5.508595556037851,4.848916770784997,305.73,aer,4096,outputs/Brickwork_entanglement/slurm_YYDPETGTWY_amber/replica_51/replica_51.pdb,outputs/Brickwork_entanglement/slurm_YYDPETGTWY_amber/replica_51/replica_51_ca.pdb
599,313297366,random,YYDPETGTWY,amber,-37.41875799993489,5.004532694320992,18.330232215720432,6.553195233417856,5.508595556037851,4.848916770784997,323.68,aer,4096,outputs/Brickwork_entanglement/slurm_YYDPETGTWY_amber/replica_599/replica_599.pdb,outputs/Brickwork_entanglement/slurm_YYDPETGTWY_amber/replica_599/replica_599_ca.pdb
254,313297021,random,YYDPETGTWY,amber,-12.027222299651518,5.012934683091996,18.21197082214613,6.790957254783406,5.508595556037851,4.848916770784997,197.28,aer,4096,outputs/Brickwork_entanglement/slurm_YYDPETGTWY_amber/replica_254/replica_254.pdb,outputs/Brickwork_entanglement/slurm_YYDPETGTWY_amber/replica_254/replica_254_ca.pdb
683,313297450,random,YYDPETGTWY,amber,17.102198654781336,5.017640205056742,18.39762856264367,6.18002389946813,5.508595556037851,4.848916770784997,245.83,aer,4096,outputs/Brickwork_entanglement/slurm_YYDPETGTWY_amber/replica_683/replica_683.pdb,outputs/Brickwork_entanglement/slurm_YYDPETGTWY_amber/replica_683/replica_683_ca.pdb
65,313296832,random,YYDPETGTWY,amber,-36.57013938563722,5.0235747687625745,19.727081712567074,6.742659408938955,5.508595556037851,4.848916770784997,305.96,aer,4096,outputs/Brickwork_entanglement/slurm_YYDPETGTWY_amber/replica_65/replica_65.pdb,outputs/Brickwork_entanglement/slurm_YYDPETGTWY_amber/replica_65/replica_65_ca.pdb
797,313297564,random,YYDPETGTWY,amber,-52.64765398481115,5.025740394378753,18.764358315735198,6.41221183802353,5.508595556037851,4.848916770784997,326.88,aer,4096,outputs/Brickwork_entanglement/slurm_YYDPETGTWY_amber/replica_797/replica_797.pdb,outputs/Brickwork_entanglement/slurm_YYDPETGTWY_amber/replica_797/replica_797_ca.pdb
225,313296992,random,YYDPETGTWY,amber,69.92377989922907,5.029387366525156,18.46789737810028,7.052895776690097,5.508595556037851,4.848916770784997,388.5,aer,4096,outputs/Brickwork_entanglement/slurm_YYDPETGTWY_amber/replica_225/replica_225.pdb,outputs/Brickwork_entanglement/slurm_YYDPETGTWY_amber/replica_225/replica_225_ca.pdb
860,313297627,random,YYDPETGTWY,amber,57.564424920899924,5.029510642665654,17.823477733952608,6.897367111616346,5.508595556037851,4.848916770784997,251.04,aer,4096,outputs/Brickwork_entanglement/slurm_YYDPETGTWY_amber/replica_860/replica_860.pdb,outputs/Brickwork_entanglement/slurm_YYDPETGTWY_amber/replica_860/replica_860_ca.pdb
471,313297238,random,YYDPETGTWY,amber,579.6187106468086,5.042564729767755,17.120174403902624,6.770875862100732,5.508595556037851,4.848916770784997,195.84,aer,4096,outputs/Brickwork_entanglement/slurm_YYDPETGTWY_amber/replica_471/replica_471.pdb,outputs/Brickwork_entanglement/slurm_YYDPETGTWY_amber/replica_471/replica_471_ca.pdb
130,313296897,random,YYDPETGTWY,amber,-2.1718118300641014,5.043715718404843,15.245040042243463,6.532608825510007,5.508595556037851,4.848916770784997,250.26,aer,4096,outputs/Brickwork_entanglement/slurm_YYDPETGTWY_amber/replica_130/replica_130.pdb,outputs/Brickwork_entanglement/slurm_YYDPETGTWY_amber/replica_130/replica_130_ca.pdb
105,313296872,random,YYDPETGTWY,amber,163.4893412830661,5.047313931524543,18.818125104717904,6.637493031890705,5.508595556037851,4.848916770784997,380.03,aer,4096,outputs/Brickwork_entanglement/slurm_YYDPETGTWY_amber/replica_105/replica_105.pdb,outputs/Brickwork_entanglement/slurm_YYDPETGTWY_amber/replica_105/replica_105_ca.pdb
415,313297182,random,YYDPETGTWY,amber,-10.634287079196266,5.050039725286248,18.82427762907954,6.459814948702166,5.508595556037851,4.848916770784997,297.09,aer,4096,outputs/Brickwork_entanglement/slurm_YYDPETGTWY_amber/replica_415/replica_415.pdb,outputs/Brickwork_entanglement/slurm_YYDPETGTWY_amber/replica_415/replica_415_ca.pdb
403,313297170,random,YYDPETGTWY,amber,-38.88573715443996,5.0530371706709065,18.584484375089957,7.012467836928915,5.508595556037851,4.848916770784997,295.26,aer,4096,outputs/Brickwork_entanglement/slurm_YYDPETGTWY_amber/replica_403/replica_403.pdb,outputs/Brickwork_entanglement/slurm_YYDPETGTWY_amber/replica_403/replica_403_ca.pdb
907,313297674,random,YYDPETGTWY,amber,20.20529713424841,5.0543964174983405,18.97266689666781,6.571321350201824,5.508595556037851,4.848916770784997,239.64,aer,4096,outputs/Brickwork_entanglement/slurm_YYDPETGTWY_amber/replica_907/replica_907.pdb,outputs/Brickwork_entanglement/slurm_YYDPETGTWY_amber/replica_907/replica_907_ca.pdb
580,313297347,random,YYDPETGTWY,amber,-26.38722337735425,5.061019086788813,17.966972120930425,6.8878931468880005,5.508595556037851,4.848916770784997,380.95,aer,4096,outputs/Brickwork_entanglement/slurm_YYDPETGTWY_amber/replica_580/replica_580.pdb,outputs/Brickwork_entanglement/slurm_YYDPETGTWY_amber/replica_580/replica_580_ca.pdb
133,313296900,random,YYDPETGTWY,amber,-32.64870389591976,5.061518626126984,19.756074916167417,6.708069881521448,5.508595556037851,4.848916770784997,258.52,aer,4096,outputs/Brickwork_entanglement/slurm_YYDPETGTWY_amber/replica_133/replica_133.pdb,outputs/Brickwork_entanglement/slurm_YYDPETGTWY_amber/replica_133/replica_133_ca.pdb
948,313297715,random,YYDPETGTWY,amber,-30.650316656112437,5.062515813291824,19.207129818707706,6.620258524164154,5.508595556037851,4.848916770784997,246.02,aer,4096,outputs/Brickwork_entanglement/slurm_YYDPETGTWY_amber/replica_948/replica_948.pdb,outputs/Brickwork_entanglement/slurm_YYDPETGTWY_amber/replica_948/replica_948_ca.pdb
41,313296808,random,YYDPETGTWY,amber,-57.60168691048621,5.065189043281165,18.81406318565493,6.553314334202274,5.508595556037851,4.848916770784997,318.0,aer,4096,outputs/Brickwork_entanglement/slurm_YYDPETGTWY_amber/replica_41/replica_41.pdb,outputs/Brickwork_entanglement/slurm_YYDPETGTWY_amber/replica_41/replica_41_ca.pdb
18,313296785,random,YYDPETGTWY,amber,12.253224633283239,5.068475191271596,18.007569397324033,6.978329557983036,5.508595556037851,4.848916770784997,927.26,aer,4096,outputs/Brickwork_entanglement/slurm_YYDPETGTWY_amber/replica_18/replica_18.pdb,outputs/Brickwork_entanglement/slurm_YYDPETGTWY_amber/replica_18/replica_18_ca.pdb
265,313297032,random,YYDPETGTWY,amber,-132.56123862735922,5.073154739373275,16.81048893289059,6.936753070898872,5.508595556037851,4.848916770784997,500.66,aer,4096,outputs/Brickwork_entanglement/slurm_YYDPETGTWY_amber/replica_265/replica_265.pdb,outputs/Brickwork_entanglement/slurm_YYDPETGTWY_amber/replica_265/replica_265_ca.pdb
576,313297343,random,YYDPETGTWY,amber,25.979142516789548,5.074063797346265,18.111234623190757,6.831715865473128,5.508595556037851,4.848916770784997,270.2,aer,4096,outputs/Brickwork_entanglement/slurm_YYDPETGTWY_amber/replica_576/replica_576.pdb,outputs/Brickwork_entanglement/slurm_YYDPETGTWY_amber/replica_576/replica_576_ca.pdb
706,313297473,random,YYDPETGTWY,amber,24.89135261075018,5.077712303207015,16.620497995376663,6.876209167313212,5.508595556037851,4.848916770784997,312.96,aer,4096,outputs/Brickwork_entanglement/slurm_YYDPETGTWY_amber/replica_706/replica_706.pdb,outputs/Brickwork_entanglement/slurm_YYDPETGTWY_amber/replica_706/replica_706_ca.pdb
110,313296877,random,YYDPETGTWY,amber,33.84473210107994,5.079532457563902,16.610447648331338,6.8221838225276485,5.508595556037851,4.848916770784997,304.48,aer,4096,outputs/Brickwork_entanglement/slurm_YYDPETGTWY_amber/replica_110/replica_110.pdb,outputs/Brickwork_entanglement/slurm_YYDPETGTWY_amber/replica_110/replica_110_ca.pdb
262,313297029,random,YYDPETGTWY,amber,96.15564334944268,5.08907621035305,16.49214895980882,6.5005186382882645,5.508595556037851,4.848916770784997,321.93,aer,4096,outputs/Brickwork_entanglement/slurm_YYDPETGTWY_amber/replica_262/replica_262.pdb,outputs/Brickwork_entanglement/slurm_YYDPETGTWY_amber/replica_262/replica_262_ca.pdb
822,313297589,random,YYDPETGTWY,amber,-18.75777885008417,5.101287449470741,19.027927184664836,6.8662998806611215,5.508595556037851,4.848916770784997,195.05,aer,4096,outputs/Brickwork_entanglement/slurm_YYDPETGTWY_amber/replica_822/replica_822.pdb,outputs/Brickwork_entanglement/slurm_YYDPETGTWY_amber/replica_822/replica_822_ca.pdb
419,313297186,random,YYDPETGTWY,amber,11.873908862978935,5.102095277132114,18.45998114359309,6.677643105413296,5.508595556037851,4.848916770784997,217.44,aer,4096,outputs/Brickwork_entanglement/slurm_YYDPETGTWY_amber/replica_419/replica_419.pdb,outputs/Brickwork_entanglement/slurm_YYDPETGTWY_amber/replica_419/replica_419_ca.pdb
472,313297239,random,YYDPETGTWY,amber,4.872241312631595,5.10423156091595,18.02348152714153,6.994329091822482,5.508595556037851,4.848916770784997,235.4,aer,4096,outputs/Brickwork_entanglement/slurm_YYDPETGTWY_amber/replica_472/replica_472.pdb,outputs/Brickwork_entanglement/slurm_YYDPETGTWY_amber/replica_472/replica_472_ca.pdb
812,313297579,random,YYDPETGTWY,amber,-22.46839490511597,5.110053256654387,19.0863706445372,7.095662006187757,5.508595556037851,4.848916770784997,232.28,aer,4096,outputs/Brickwork_entanglement/slurm_YYDPETGTWY_amber/replica_812/replica_812.pdb,outputs/Brickwork_entanglement/slurm_YYDPETGTWY_amber/replica_812/replica_812_ca.pdb
186,313296953,random,YYDPETGTWY,amber,-14.866070969312878,5.1115911473901905,18.072481580236445,6.7974645088666135,5.508595556037851,4.848916770784997,430.08,aer,4096,outputs/Brickwork_entanglement/slurm_YYDPETGTWY_amber/replica_186/replica_186.pdb,outputs/Brickwork_entanglement/slurm_YYDPETGTWY_amber/replica_186/replica_186_ca.pdb
227,313296994,random,YYDPETGTWY,amber,5.7590649230540185,5.111764410244776,19.864322489711583,6.542755269782422,5.508595556037851,4.848916770784997,271.56,aer,4096,outputs/Brickwork_entanglement/slurm_YYDPETGTWY_amber/replica_227/replica_227.pdb,outputs/Brickwork_entanglement/slurm_YYDPETGTWY_amber/replica_227/replica_227_ca.pdb
836,313297603,random,YYDPETGTWY,amber,-6.566589661928191,5.1148869700177695,16.27248297580605,6.769913800356009,5.508595556037851,4.848916770784997,343.85,aer,4096,outputs/Brickwork_entanglement/slurm_YYDPETGTWY_amber/replica_836/replica_836.pdb,outputs/Brickwork_entanglement/slurm_YYDPETGTWY_amber/replica_836/replica_836_ca.pdb
751,313297518,random,YYDPETGTWY,amber,112.00631943517202,5.116001611175686,18.059812902636835,7.011549517129892,5.508595556037851,4.848916770784997,456.59,aer,4096,outputs/Brickwork_entanglement/slurm_YYDPETGTWY_amber/replica_751/replica_751.pdb,outputs/Brickwork_entanglement/slurm_YYDPETGTWY_amber/replica_751/replica_751_ca.pdb
663,313297430,random,YYDPETGTWY,amber,-47.51986627035719,5.121096158262711,19.569495834585126,6.880824588502117,5.508595556037851,4.848916770784997,248.44,aer,4096,outputs/Brickwork_entanglement/slurm_YYDPETGTWY_amber/replica_663/replica_663.pdb,outputs/Brickwork_entanglement/slurm_YYDPETGTWY_amber/replica_663/replica_663_ca.pdb
84,313296851,random,YYDPETGTWY,amber,-26.486864775217278,5.124654820223358,17.72818979776042,7.0423704036642265,5.508595556037851,4.848916770784997,237.13,aer,4096,outputs/Brickwork_entanglement/slurm_YYDPETGTWY_amber/replica_84/replica_84.pdb,outputs/Brickwork_entanglement/slurm_YYDPETGTWY_amber/replica_84/replica_84_ca.pdb
775,313297542,random,YYDPETGTWY,amber,-32.461911140089384,5.133235185924919,20.31810147519987,6.719447601430777,5.508595556037851,4.848916770784997,331.32,aer,4096,outputs/Brickwork_entanglement/slurm_YYDPETGTWY_amber/replica_775/replica_775.pdb,outputs/Brickwork_entanglement/slurm_YYDPETGTWY_amber/replica_775/replica_775_ca.pdb
271,313297038,random,YYDPETGTWY,amber,-13.289775342310497,5.136957855141281,19.05117007143528,6.6300325178435635,5.508595556037851,4.848916770784997,217.32,aer,4096,outputs/Brickwork_entanglement/slurm_YYDPETGTWY_amber/replica_271/replica_271.pdb,outputs/Brickwork_entanglement/slurm_YYDPETGTWY_amber/replica_271/replica_271_ca.pdb
967,313297734,random,YYDPETGTWY,amber,8.85958342308033,5.141372675311468,18.771635416005875,6.811325517074697,5.508595556037851,4.848916770784997,268.07,aer,4096,outputs/Brickwork_entanglement/slurm_YYDPETGTWY_amber/replica_967/replica_967.pdb,outputs/Brickwork_entanglement/slurm_YYDPETGTWY_amber/replica_967/replica_967_ca.pdb
279,313297046,random,YYDPETGTWY,amber,-41.1512292625565,5.150289559722743,19.922169595874458,6.634582562836731,5.508595556037851,4.848916770784997,428.4,aer,4096,outputs/Brickwork_entanglement/slurm_YYDPETGTWY_amber/replica_279/replica_279.pdb,outputs/Brickwork_entanglement/slurm_YYDPETGTWY_amber/replica_279/replica_279_ca.pdb
661,313297428,random,YYDPETGTWY,amber,-52.869452878490904,5.151844262384058,19.42220880811075,6.658914049609386,5.508595556037851,4.848916770784997,283.57,aer,4096,outputs/Brickwork_entanglement/slurm_YYDPETGTWY_amber/replica_661/replica_661.pdb,outputs/Brickwork_entanglement/slurm_YYDPETGTWY_amber/replica_661/replica_661_ca.pdb
446,313297213,random,YYDPETGTWY,amber,23.96427130533708,5.15193071789261,19.54547642401034,7.026559953388567,5.508595556037851,4.848916770784997,310.06,aer,4096,outputs/Brickwork_entanglement/slurm_YYDPETGTWY_amber/replica_446/replica_446.pdb,outputs/Brickwork_entanglement/slurm_YYDPETGTWY_amber/replica_446/replica_446_ca.pdb
996,313297763,random,YYDPETGTWY,amber,-25.02490332283106,5.152784604341586,19.224375002987685,6.870000380659489,5.508595556037851,4.848916770784997,219.04,aer,4096,outputs/Brickwork_entanglement/slurm_YYDPETGTWY_amber/replica_996/replica_996.pdb,outputs/Brickwork_entanglement/slurm_YYDPETGTWY_amber/replica_996/replica_996_ca.pdb
814,313297581,random,YYDPETGTWY,amber,-14.760311502245127,5.153074271879823,19.228053544838268,6.936715062352145,5.508595556037851,4.848916770784997,320.02,aer,4096,outputs/Brickwork_entanglement/slurm_YYDPETGTWY_amber/replica_814/replica_814.pdb,outputs/Brickwork_entanglement/slurm_YYDPETGTWY_amber/replica_814/replica_814_ca.pdb
85,313296852,random,YYDPETGTWY,amber,102.09410811219053,5.157135899427663,18.870479722457436,6.808994780699914,5.508595556037851,4.848916770784997,224.03,aer,4096,outputs/Brickwork_entanglement/slurm_YYDPETGTWY_amber/replica_85/replica_85.pdb,outputs/Brickwork_entanglement/slurm_YYDPETGTWY_amber/replica_85/replica_85_ca.pdb
30,313296797,random,YYDPETGTWY,amber,-22.22753222480843,5.15840213281697,18.308531342785678,6.733413766049406,5.508595556037851,4.848916770784997,1672.43,aer,4096,outputs/Brickwork_entanglement/slurm_YYDPETGTWY_amber/replica_30/replica_30.pdb,outputs/Brickwork_entanglement/slurm_YYDPETGTWY_amber/replica_30/replica_30_ca.pdb
152,313296919,random,YYDPETGTWY,amber,26.887282144354764,5.158422552956059,17.583413508903156,6.716456477563454,5.508595556037851,4.848916770784997,277.77,aer,4096,outputs/Brickwork_entanglement/slurm_YYDPETGTWY_amber/replica_152/replica_152.pdb,outputs/Brickwork_entanglement/slurm_YYDPETGTWY_amber/replica_152/replica_152_ca.pdb
499,313297266,random,YYDPETGTWY,amber,-41.11619334662372,5.158557872513811,18.28117288224784,6.7163575787855,5.508595556037851,4.848916770784997,235.19,aer,4096,outputs/Brickwork_entanglement/slurm_YYDPETGTWY_amber/replica_499/replica_499.pdb,outputs/Brickwork_entanglement/slurm_YYDPETGTWY_amber/replica_499/replica_499_ca.pdb
42,313296809,random,YYDPETGTWY,amber,108.38558616601283,5.160281840449843,20.452740760156992,6.788829933514413,5.508595556037851,4.848916770784997,295.49,aer,4096,outputs/Brickwork_entanglement/slurm_YYDPETGTWY_amber/replica_42/replica_42.pdb,outputs/Brickwork_entanglement/slurm_YYDPETGTWY_amber/replica_42/replica_42_ca.pdb
284,313297051,random,YYDPETGTWY,amber,72.17567345703601,5.163603802116176,18.749623776232404,6.8312442994858955,5.508595556037851,4.848916770784997,401.14,aer,4096,outputs/Brickwork_entanglement/slurm_YYDPETGTWY_amber/replica_284/replica_284.pdb,outputs/Brickwork_entanglement/slurm_YYDPETGTWY_amber/replica_284/replica_284_ca.pdb
46,313296813,random,YYDPETGTWY,amber,35.323175499535765,5.165671267939082,17.98948728686723,7.0390297994539655,5.508595556037851,4.848916770784997,199.34,aer,4096,outputs/Brickwork_entanglement/slurm_YYDPETGTWY_amber/replica_46/replica_46.pdb,outputs/Brickwork_entanglement/slurm_YYDPETGTWY_amber/replica_46/replica_46_ca.pdb
866,313297633,random,YYDPETGTWY,amber,-53.17003841826676,5.1717887945248915,19.918697466739555,7.1372820959095185,5.508595556037851,4.848916770784997,331.06,aer,4096,outputs/Brickwork_entanglement/slurm_YYDPETGTWY_amber/replica_866/replica_866.pdb,outputs/Brickwork_entanglement/slurm_YYDPETGTWY_amber/replica_866/replica_866_ca.pdb
748,313297515,random,YYDPETGTWY,amber,-26.3453437790889,5.175240972602701,20.333750790765762,7.071371639936857,5.508595556037851,4.848916770784997,282.32,aer,4096,outputs/Brickwork_entanglement/slurm_YYDPETGTWY_amber/replica_748/replica_748.pdb,outputs/Brickwork_entanglement/slurm_YYDPETGTWY_amber/replica_748/replica_748_ca.pdb
952,313297719,random,YYDPETGTWY,amber,-3.9533304945642667,5.176191135026453,20.319160184918136,6.7675298870535405,5.508595556037851,4.848916770784997,502.48,aer,4096,outputs/Brickwork_entanglement/slurm_YYDPETGTWY_amber/replica_952/replica_952.pdb,outputs/Brickwork_entanglement/slurm_YYDPETGTWY_amber/replica_952/replica_952_ca.pdb
153,313296920,random,YYDPETGTWY,amber,-40.06135537273339,5.176703496584619,21.08160658948442,7.067511555785067,5.508595556037851,4.848916770784997,476.64,aer,4096,outputs/Brickwork_entanglement/slurm_YYDPETGTWY_amber/replica_153/replica_153.pdb,outputs/Brickwork_entanglement/slurm_YYDPETGTWY_amber/replica_153/replica_153_ca.pdb
6,313296773,random,YYDPETGTWY,amber,-2.313187638309871,5.177496084265443,19.564947537922556,6.833572755164314,5.508595556037851,4.848916770784997,1730.52,aer,4096,outputs/Brickwork_entanglement/slurm_YYDPETGTWY_amber/replica_6/replica_6.pdb,outputs/Brickwork_entanglement/slurm_YYDPETGTWY_amber/replica_6/replica_6_ca.pdb
243,313297010,random,YYDPETGTWY,amber,-21.59137374102474,5.177733616011576,17.669859032211555,6.939484874523703,5.508595556037851,4.848916770784997,414.94,aer,4096,outputs/Brickwork_entanglement/slurm_YYDPETGTWY_amber/replica_243/replica_243.pdb,outputs/Brickwork_entanglement/slurm_YYDPETGTWY_amber/replica_243/replica_243_ca.pdb
545,313297312,random,YYDPETGTWY,amber,37.06165167738853,5.18243170792346,18.31754756586432,6.620266686017203,5.508595556037851,4.848916770784997,374.09,aer,4096,outputs/Brickwork_entanglement/slurm_YYDPETGTWY_amber/replica_545/replica_545.pdb,outputs/Brickwork_entanglement/slurm_YYDPETGTWY_amber/replica_545/replica_545_ca.pdb
425,313297192,random,YYDPETGTWY,amber,22.21974638555124,5.185570202121464,19.025046760723374,6.765299426018638,5.508595556037851,4.848916770784997,322.98,aer,4096,outputs/Brickwork_entanglement/slurm_YYDPETGTWY_amber/replica_425/replica_425.pdb,outputs/Brickwork_entanglement/slurm_YYDPETGTWY_amber/replica_425/replica_425_ca.pdb
466,313297233,random,YYDPETGTWY,amber,-40.29567911090116,5.187136808579119,19.884737218244886,6.841748827692776,5.508595556037851,4.848916770784997,210.04,aer,4096,outputs/Brickwork_entanglement/slurm_YYDPETGTWY_amber/replica_466/replica_466.pdb,outputs/Brickwork_entanglement/slurm_YYDPETGTWY_amber/replica_466/replica_466_ca.pdb
49,313296816,random,YYDPETGTWY,amber,82.48472688386826,5.191274256511931,16.286005202204528,6.325933883705747,5.508595556037851,4.848916770784997,290.07,aer,4096,outputs/Brickwork_entanglement/slurm_YYDPETGTWY_amber/replica_49/replica_49.pdb,outputs/Brickwork_entanglement/slurm_YYDPETGTWY_amber/replica_49/replica_49_ca.pdb
516,313297283,random,YYDPETGTWY,amber,-19.333812504478505,5.194713942729486,16.272434788816167,6.629880906676459,5.508595556037851,4.848916770784997,285.82,aer,4096,outputs/Brickwork_entanglement/slurm_YYDPETGTWY_amber/replica_516/replica_516.pdb,outputs/Brickwork_entanglement/slurm_YYDPETGTWY_amber/replica_516/replica_516_ca.pdb
369,313297136,random,YYDPETGTWY,amber,29.31272802602983,5.203096910148905,18.6125736001008,6.815889117804428,5.508595556037851,4.848916770784997,252.77,aer,4096,outputs/Brickwork_entanglement/slurm_YYDPETGTWY_amber/replica_369/replica_369.pdb,outputs/Brickwork_entanglement/slurm_YYDPETGTWY_amber/replica_369/replica_369_ca.pdb
686,313297453,random,YYDPETGTWY,amber,58.24791049133597,5.207040686387194,19.258332344788002,6.577857519853226,5.508595556037851,4.848916770784997,244.6,aer,4096,outputs/Brickwork_entanglement/slurm_YYDPETGTWY_amber/replica_686/replica_686.pdb,outputs/Brickwork_entanglement/slurm_YYDPETGTWY_amber/replica_686/replica_686_ca.pdb
636,313297403,random,YYDPETGTWY,amber,59.63937927422159,5.208787721829977,16.987076789365577,6.8226246698444015,5.508595556037851,4.848916770784997,245.12,aer,4096,outputs/Brickwork_entanglement/slurm_YYDPETGTWY_amber/replica_636/replica_636.pdb,outputs/Brickwork_entanglement/slurm_YYDPETGTWY_amber/replica_636/replica_636_ca.pdb
791,313297558,random,YYDPETGTWY,amber,-59.33416343481679,5.211372408643217,18.595048594508004,6.630417538847137,5.508595556037851,4.848916770784997,235.4,aer,4096,outputs/Brickwork_entanglement/slurm_YYDPETGTWY_amber/replica_791/replica_791.pdb,outputs/Brickwork_entanglement/slurm_YYDPETGTWY_amber/replica_791/replica_791_ca.pdb
968,313297735,random,YYDPETGTWY,amber,48.57474395154314,5.224280876405789,19.389737856579956,6.85101983902341,5.508595556037851,4.848916770784997,309.81,aer,4096,outputs/Brickwork_entanglement/slurm_YYDPETGTWY_amber/replica_968/replica_968.pdb,outputs/Brickwork_entanglement/slurm_YYDPETGTWY_amber/replica_968/replica_968_ca.pdb
14,313296781,random,YYDPETGTWY,amber,37.089028836783704,5.227787581200908,18.800899234205936,6.806257345743551,5.508595556037851,4.848916770784997,1932.71,aer,4096,outputs/Brickwork_entanglement/slurm_YYDPETGTWY_amber/replica_14/replica_14.pdb,outputs/Brickwork_entanglement/slurm_YYDPETGTWY_amber/replica_14/replica_14_ca.pdb
529,313297296,random,YYDPETGTWY,amber,-80.30774802660666,5.238418803892952,20.25838585428851,6.980300736222217,5.508595556037851,4.848916770784997,235.44,aer,4096,outputs/Brickwork_entanglement/slurm_YYDPETGTWY_amber/replica_529/replica_529.pdb,outputs/Brickwork_entanglement/slurm_YYDPETGTWY_amber/replica_529/replica_529_ca.pdb
451,313297218,random,YYDPETGTWY,amber,82.86652591568918,5.2386102473745,19.650502382284905,6.861023162065858,5.508595556037851,4.848916770784997,353.21,aer,4096,outputs/Brickwork_entanglement/slurm_YYDPETGTWY_amber/replica_451/replica_451.pdb,outputs/Brickwork_entanglement/slurm_YYDPETGTWY_amber/replica_451/replica_451_ca.pdb
793,313297560,random,YYDPETGTWY,amber,-45.09995904733001,5.242678907121283,18.859891282758703,6.937344481311997,5.508595556037851,4.848916770784997,236.68,aer,4096,outputs/Brickwork_entanglement/slurm_YYDPETGTWY_amber/replica_793/replica_793.pdb,outputs/Brickwork_entanglement/slurm_YYDPETGTWY_amber/replica_793/replica_793_ca.pdb
603,313297370,random,YYDPETGTWY,amber,5.9335674475180245,5.244937278644762,19.521801419601168,6.962852644987704,5.508595556037851,4.848916770784997,247.65,aer,4096,outputs/Brickwork_entanglement/slurm_YYDPETGTWY_amber/replica_603/replica_603.pdb,outputs/Brickwork_entanglement/slurm_YYDPETGTWY_amber/replica_603/replica_603_ca.pdb
765,313297532,random,YYDPETGTWY,amber,-44.084669842319414,5.245137140394797,21.003419842419042,6.793949581729271,5.508595556037851,4.848916770784997,340.53,aer,4096,outputs/Brickwork_entanglement/slurm_YYDPETGTWY_amber/replica_765/replica_765.pdb,outputs/Brickwork_entanglement/slurm_YYDPETGTWY_amber/replica_765/replica_765_ca.pdb
492,313297259,random,YYDPETGTWY,amber,34.036786419957465,5.250175899846553,20.538540443663443,7.124772487505582,5.508595556037851,4.848916770784997,245.05,aer,4096,outputs/Brickwork_entanglement/slurm_YYDPETGTWY_amber/replica_492/replica_492.pdb,outputs/Brickwork_entanglement/slurm_YYDPETGTWY_amber/replica_492/replica_492_ca.pdb
728,313297495,random,YYDPETGTWY,amber,47.60510671604708,5.2522656109407,19.763433819796532,6.87479116728245,5.508595556037851,4.848916770784997,267.1,aer,4096,outputs/Brickwork_entanglement/slurm_YYDPETGTWY_amber/replica_728/replica_728.pdb,outputs/Brickwork_entanglement/slurm_YYDPETGTWY_amber/replica_728/replica_728_ca.pdb
66,313296833,random,YYDPETGTWY,amber,-19.26004195788539,5.2530651427035595,20.205869037164153,6.650047244496316,5.508595556037851,4.848916770784997,266.83,aer,4096,outputs/Brickwork_entanglement/slurm_YYDPETGTWY_amber/replica_66/replica_66.pdb,outputs/Brickwork_entanglement/slurm_YYDPETGTWY_amber/replica_66/replica_66_ca.pdb
909,313297676,random,YYDPETGTWY,amber,42.93590909255876,5.257872029906973,19.22005163844773,6.909896773385227,5.508595556037851,4.848916770784997,290.95,aer,4096,outputs/Brickwork_entanglement/slurm_YYDPETGTWY_amber/replica_909/replica_909.pdb,outputs/Brickwork_entanglement/slurm_YYDPETGTWY_amber/replica_909/replica_909_ca.pdb
448,313297215,random,YYDPETGTWY,amber,-46.49947297282213,5.259005410838919,19.45816998925389,6.91444021202987,5.508595556037851,4.848916770784997,431.23,aer,4096,outputs/Brickwork_entanglement/slurm_YYDPETGTWY_amber/replica_448/replica_448.pdb,outputs/Brickwork_entanglement/slurm_YYDPETGTWY_amber/replica_448/replica_448_ca.pdb
834,313297601,random,YYDPETGTWY,amber,72.55943468290727,5.262744459132884,19.431815517600338,6.754843451737912,5.508595556037851,4.848916770784997,357.84,aer,4096,outputs/Brickwork_entanglement/slurm_YYDPETGTWY_amber/replica_834/replica_834.pdb,outputs/Brickwork_entanglement/slurm_YYDPETGTWY_amber/replica_834/replica_834_ca.pdb
680,313297447,random,YYDPETGTWY,amber,-7.805709879234327,5.2679191757248836,18.49782651106697,6.739161323476752,5.508595556037851,4.848916770784997,332.52,aer,4096,outputs/Brickwork_entanglement/slurm_YYDPETGTWY_amber/replica_680/replica_680.pdb,outputs/Brickwork_entanglement/slurm_YYDPETGTWY_amber/replica_680/replica_680_ca.pdb
696,313297463,random,YYDPETGTWY,amber,-51.434622856840456,5.275196789140525,21.146777012812027,7.074045225245063,5.508595556037851,4.848916770784997,204.01,aer,4096,outputs/Brickwork_entanglement/slurm_YYDPETGTWY_amber/replica_696/replica_696.pdb,outputs/Brickwork_entanglement/slurm_YYDPETGTWY_amber/replica_696/replica_696_ca.pdb
627,313297394,random,YYDPETGTWY,amber,10.346292458348005,5.275326677797669,20.415298381390183,6.976493191960191,5.508595556037851,4.848916770784997,213.31,aer,4096,outputs/Brickwork_entanglement/slurm_YYDPETGTWY_amber/replica_627/replica_627.pdb,outputs/Brickwork_entanglement/slurm_YYDPETGTWY_amber/replica_627/replica_627_ca.pdb
869,313297636,random,YYDPETGTWY,amber,86.7054931746933,5.276163940470396,16.30405363629044,6.449995802004841,5.508595556037851,4.848916770784997,281.71,aer,4096,outputs/Brickwork_entanglement/slurm_YYDPETGTWY_amber/replica_869/replica_869.pdb,outputs/Brickwork_entanglement/slurm_YYDPETGTWY_amber/replica_869/replica_869_ca.pdb
390,313297157,random,YYDPETGTWY,amber,55.612604633697366,5.282747059076123,20.574724748609047,7.238391673977791,5.508595556037851,4.848916770784997,322.46,aer,4096,outputs/Brickwork_entanglement/slurm_YYDPETGTWY_amber/replica_390/replica_390.pdb,outputs/Brickwork_entanglement/slurm_YYDPETGTWY_amber/replica_390/replica_390_ca.pdb
393,313297160,random,YYDPETGTWY,amber,64.60171382110819,5.283108932759545,19.997803910466384,7.076466567319655,5.508595556037851,4.848916770784997,283.81,aer,4096,outputs/Brickwork_entanglement/slurm_YYDPETGTWY_amber/replica_393/replica_393.pdb,outputs/Brickwork_entanglement/slurm_YYDPETGTWY_amber/replica_393/replica_393_ca.pdb
720,313297487,random,YYDPETGTWY,amber,57.297909036911655,5.283586017160321,17.848863664787103,7.10416662138239,5.508595556037851,4.848916770784997,294.08,aer,4096,outputs/Brickwork_entanglement/slurm_YYDPETGTWY_amber/replica_720/replica_720.pdb,outputs/Brickwork_entanglement/slurm_YYDPETGTWY_amber/replica_720/replica_720_ca.pdb
179,313296946,random,YYDPETGTWY,amber,-16.204370959789955,5.290856964910667,19.897834677409755,6.668661702370932,5.508595556037851,4.848916770784997,227.18,aer,4096,outputs/Brickwork_entanglement/slurm_YYDPETGTWY_amber/replica_179/replica_179.pdb,outputs/Brickwork_entanglement/slurm_YYDPETGTWY_amber/replica_179/replica_179_ca.pdb
894,313297661,random,YYDPETGTWY,amber,-36.00710315522251,5.295228499936356,19.910562988285665,6.94355516482573,5.508595556037851,4.848916770784997,529.12,aer,4096,outputs/Brickwork_entanglement/slurm_YYDPETGTWY_amber/replica_894/replica_894.pdb,outputs/Brickwork_entanglement/slurm_YYDPETGTWY_amber/replica_894/replica_894_ca.pdb
251,313297018,random,YYDPETGTWY,amber,42.71605566712652,5.299235966445887,18.881697598354947,6.940581422761057,5.508595556037851,4.848916770784997,371.92,aer,4096,outputs/Brickwork_entanglement/slurm_YYDPETGTWY_amber/replica_251/replica_251.pdb,outputs/Brickwork_entanglement/slurm_YYDPETGTWY_amber/replica_251/replica_251_ca.pdb
112,313296879,random,YYDPETGTWY,amber,463.43790427397965,5.300794597247549,19.33993981087895,6.8101994825686445,5.508595556037851,4.848916770784997,199.6,aer,4096,outputs/Brickwork_entanglement/slurm_YYDPETGTWY_amber/replica_112/replica_112.pdb,outputs/Brickwork_entanglement/slurm_YYDPETGTWY_amber/replica_112/replica_112_ca.pdb
914,313297681,random,YYDPETGTWY,amber,170.44837083309196,5.3084339125863,18.281725698474897,6.900338047934485,5.508595556037851,4.848916770784997,254.64,aer,4096,outputs/Brickwork_entanglement/slurm_YYDPETGTWY_amber/replica_914/replica_914.pdb,outputs/Brickwork_entanglement/slurm_YYDPETGTWY_amber/replica_914/replica_914_ca.pdb
156,313296923,random,YYDPETGTWY,amber,105.63529870793941,5.310321661657738,21.022126746797447,7.138561027160637,5.508595556037851,4.848916770784997,218.14,aer,4096,outputs/Brickwork_entanglement/slurm_YYDPETGTWY_amber/replica_156/replica_156.pdb,outputs/Brickwork_entanglement/slurm_YYDPETGTWY_amber/replica_156/replica_156_ca.pdb
878,313297645,random,YYDPETGTWY,amber,-42.25263410598892,5.310743308282154,19.06030568952356,6.998065778398819,5.508595556037851,4.848916770784997,232.23,aer,4096,outputs/Brickwork_entanglement/slurm_YYDPETGTWY_amber/replica_878/replica_878.pdb,outputs/Brickwork_entanglement/slurm_YYDPETGTWY_amber/replica_878/replica_878_ca.pdb
796,313297563,random,YYDPETGTWY,amber,-37.34479469381026,5.310921374509338,19.92363709024135,6.894742781534944,5.508595556037851,4.848916770784997,323.72,aer,4096,outputs/Brickwork_entanglement/slurm_YYDPETGTWY_amber/replica_796/replica_796.pdb,outputs/Brickwork_entanglement/slurm_YYDPETGTWY_amber/replica_796/replica_796_ca.pdb
161,313296928,random,YYDPETGTWY,amber,-36.14144322471899,5.311530628172914,15.903982467153185,6.426612571043017,5.508595556037851,4.848916770784997,232.33,aer,4096,outputs/Brickwork_entanglement/slurm_YYDPETGTWY_amber/replica_161/replica_161.pdb,outputs/Brickwork_entanglement/slurm_YYDPETGTWY_amber/replica_161/replica_161_ca.pdb
922,313297689,random,YYDPETGTWY,amber,7.973838411358457,5.322866508965129,19.16068128901408,7.1339465707489,5.508595556037851,4.848916770784997,237.47,aer,4096,outputs/Brickwork_entanglement/slurm_YYDPETGTWY_amber/replica_922/replica_922.pdb,outputs/Brickwork_entanglement/slurm_YYDPETGTWY_amber/replica_922/replica_922_ca.pdb
833,313297600,random,YYDPETGTWY,amber,20.279075519563506,5.328447430509022,18.54081026147479,6.6241688629553455,5.508595556037851,4.848916770784997,272.26,aer,4096,outputs/Brickwork_entanglement/slurm_YYDPETGTWY_amber/replica_833/replica_833.pdb,outputs/Brickwork_entanglement/slurm_YYDPETGTWY_amber/replica_833/replica_833_ca.pdb
399,313297166,random,YYDPETGTWY,amber,-7.333203377025625,5.336719536857045,19.300348496936497,7.028752955534636,5.508595556037851,4.848916770784997,270.73,aer,4096,outputs/Brickwork_entanglement/slurm_YYDPETGTWY_amber/replica_399/replica_399.pdb,outputs/Brickwork_entanglement/slurm_YYDPETGTWY_amber/replica_399/replica_399_ca.pdb
695,313297462,random,YYDPETGTWY,amber,-32.49350047243387,5.337842333429684,17.681572170588616,6.538603001082966,5.508595556037851,4.848916770784997,226.61,aer,4096,outputs/Brickwork_entanglement/slurm_YYDPETGTWY_amber/replica_695/replica_695.pdb,outputs/Brickwork_entanglement/slurm_YYDPETGTWY_amber/replica_695/replica_695_ca.pdb
439,313297206,random,YYDPETGTWY,amber,40.24972303203895,5.339301117044825,18.723838178246197,7.177935857517873,5.508595556037851,4.848916770784997,270.86,aer,4096,outputs/Brickwork_entanglement/slurm_YYDPETGTWY_amber/replica_439/replica_439.pdb,outputs/Brickwork_entanglement/slurm_YYDPETGTWY_amber/replica_439/replica_439_ca.pdb
670,313297437,random,YYDPETGTWY,amber,-14.205508153808422,5.339375817301357,20.188980260524183,7.0660638333265995,5.508595556037851,4.848916770784997,242.27,aer,4096,outputs/Brickwork_entanglement/slurm_YYDPETGTWY_amber/replica_670/replica_670.pdb,outputs/Brickwork_entanglement/slurm_YYDPETGTWY_amber/replica_670/replica_670_ca.pdb
88,313296855,random,YYDPETGTWY,amber,77.39153851004617,5.350157510626503,18.018064437797772,7.044460261989759,5.508595556037851,4.848916770784997,314.1,aer,4096,outputs/Brickwork_entanglement/slurm_YYDPETGTWY_amber/replica_88/replica_88.pdb,outputs/Brickwork_entanglement/slurm_YYDPETGTWY_amber/replica_88/replica_88_ca.pdb
106,313296873,random,YYDPETGTWY,amber,6.589244025110399,5.352797174429032,19.433642688614167,6.910624094066756,5.508595556037851,4.848916770784997,235.48,aer,4096,outputs/Brickwork_entanglement/slurm_YYDPETGTWY_amber/replica_106/replica_106.pdb,outputs/Brickwork_entanglement/slurm_YYDPETGTWY_amber/replica_106/replica_106_ca.pdb
784,313297551,random,YYDPETGTWY,amber,505.41032563706915,5.363400701719395,19.275075233695713,6.868021439816832,5.508595556037851,4.848916770784997,183.76,aer,4096,outputs/Brickwork_entanglement/slurm_YYDPETGTWY_amber/replica_784/replica_784.pdb,outputs/Brickwork_entanglement/slurm_YYDPETGTWY_amber/replica_784/replica_784_ca.pdb
611,313297378,random,YYDPETGTWY,amber,-40.79198649859612,5.3693106844082505,18.690077980674996,6.807224167320204,5.508595556037851,4.848916770784997,224.78,aer,4096,outputs/Brickwork_entanglement/slurm_YYDPETGTWY_amber/replica_611/replica_611.pdb,outputs/Brickwork_entanglement/slurm_YYDPETGTWY_amber/replica_611/replica_611_ca.pdb
699,313297466,random,YYDPETGTWY,amber,-25.000070916533943,5.369441153777094,19.534626536228092,6.828310271320587,5.508595556037851,4.848916770784997,322.37,aer,4096,outputs/Brickwork_entanglement/slurm_YYDPETGTWY_amber/replica_699/replica_699.pdb,outputs/Brickwork_entanglement/slurm_YYDPETGTWY_amber/replica_699/replica_699_ca.pdb
55,313296822,random,YYDPETGTWY,amber,381.52109577949403,5.370036791960466,19.649271964773117,6.998730579693617,5.508595556037851,4.848916770784997,121.58,aer,4096,outputs/Brickwork_entanglement/slurm_YYDPETGTWY_amber/replica_55/replica_55.pdb,outputs/Brickwork_entanglement/slurm_YYDPETGTWY_amber/replica_55/replica_55_ca.pdb
332,313297099,random,YYDPETGTWY,amber,-34.858357692919945,5.372519323427089,21.239669395293163,7.023442628569774,5.508595556037851,4.848916770784997,234.94,aer,4096,outputs/Brickwork_entanglement/slurm_YYDPETGTWY_amber/replica_332/replica_332.pdb,outputs/Brickwork_entanglement/slurm_YYDPETGTWY_amber/replica_332/replica_332_ca.pdb
505,313297272,random,YYDPETGTWY,amber,-35.19702611471838,5.373022888251302,20.458603729296637,7.332192598192705,5.508595556037851,4.848916770784997,303.84,aer,4096,outputs/Brickwork_entanglement/slurm_YYDPETGTWY_amber/replica_505/replica_505.pdb,outputs/Brickwork_entanglement/slurm_YYDPETGTWY_amber/replica_505/replica_505_ca.pdb
92,313296859,random,YYDPETGTWY,amber,97.53124972108881,5.373463511649567,20.776735592861133,6.9607929034728535,5.508595556037851,4.848916770784997,277.87,aer,4096,outputs/Brickwork_entanglement/slurm_YYDPETGTWY_amber/replica_92/replica_92.pdb,outputs/Brickwork_entanglement/slurm_YYDPETGTWY_amber/replica_92/replica_92_ca.pdb
692,313297459,random,YYDPETGTWY,amber,4.916522971810055,5.375297625493677,19.10109876175811,7.203164224164583,5.508595556037851,4.848916770784997,244.28,aer,4096,outputs/Brickwork_entanglement/slurm_YYDPETGTWY_amber/replica_692/replica_692.pdb,outputs/Brickwork_entanglement/slurm_YYDPETGTWY_amber/replica_692/replica_692_ca.pdb
241,313297008,random,YYDPETGTWY,amber,-25.991261641385076,5.381640109781718,19.89852452952805,6.90361563092244,5.508595556037851,4.848916770784997,370.1,aer,4096,outputs/Brickwork_entanglement/slurm_YYDPETGTWY_amber/replica_241/replica_241.pdb,outputs/Brickwork_entanglement/slurm_YYDPETGTWY_amber/replica_241/replica_241_ca.pdb
196,313296963,random,YYDPETGTWY,amber,-55.323504748824654,5.38269627795791,19.125125539912048,6.860632484977281,5.508595556037851,4.848916770784997,226.8,aer,4096,outputs/Brickwork_entanglement/slurm_YYDPETGTWY_amber/replica_196/replica_196.pdb,outputs/Brickwork_entanglement/slurm_YYDPETGTWY_amber/replica_196/replica_196_ca.pdb
667,313297434,random,YYDPETGTWY,amber,19.71600046172303,5.383964214232803,20.411585560575592,6.975499437446777,5.508595556037851,4.848916770784997,190.91,aer,4096,outputs/Brickwork_entanglement/slurm_YYDPETGTWY_amber/replica_667/replica_667.pdb,outputs/Brickwork_entanglement/slurm_YYDPETGTWY_amber/replica_667/replica_667_ca.pdb
211,313296978,random,YYDPETGTWY,amber,42.81813613508475,5.390257440200676,20.866937355888588,7.06526246868439,5.508595556037851,4.848916770784997,264.49,aer,4096,outputs/Brickwork_entanglement/slurm_YYDPETGTWY_amber/replica_211/replica_211.pdb,outputs/Brickwork_entanglement/slurm_YYDPETGTWY_amber/replica_211/replica_211_ca.pdb
892,313297659,random,YYDPETGTWY,amber,-91.13288680082309,5.3957863941962,20.638033449881355,6.873332076642431,5.508595556037851,4.848916770784997,235.27,aer,4096,outputs/Brickwork_entanglement/slurm_YYDPETGTWY_amber/replica_892/replica_892.pdb,outputs/Brickwork_entanglement/slurm_YYDPETGTWY_amber/replica_892/replica_892_ca.pdb
908,313297675,random,YYDPETGTWY,amber,0.20125006292087932,5.400443639490406,20.246072925187118,7.181551474159249,5.508595556037851,4.848916770784997,323.19,aer,4096,outputs/Brickwork_entanglement/slurm_YYDPETGTWY_amber/replica_908/replica_908.pdb,outputs/Brickwork_entanglement/slurm_YYDPETGTWY_amber/replica_908/replica_908_ca.pdb
568,313297335,random,YYDPETGTWY,amber,-52.98767684808391,5.4045724441869245,21.46715279211351,7.236288922457735,5.508595556037851,4.848916770784997,382.69,aer,4096,outputs/Brickwork_entanglement/slurm_YYDPETGTWY_amber/replica_568/replica_568.pdb,outputs/Brickwork_entanglement/slurm_YYDPETGTWY_amber/replica_568/replica_568_ca.pdb
805,313297572,random,YYDPETGTWY,amber,-59.60169457901243,5.407663094872376,21.202297944054006,7.106172998332357,5.508595556037851,4.848916770784997,210.41,aer,4096,outputs/Brickwork_entanglement/slurm_YYDPETGTWY_amber/replica_805/replica_805.pdb,outputs/Brickwork_entanglement/slurm_YYDPETGTWY_amber/replica_805/replica_805_ca.pdb
162,313296929,random,YYDPETGTWY,amber,-7.266256648418266,5.408622387307874,21.145252142185868,6.967628221620015,5.508595556037851,4.848916770784997,322.43,aer,4096,outputs/Brickwork_entanglement/slurm_YYDPETGTWY_amber/replica_162/replica_162.pdb,outputs/Brickwork_entanglement/slurm_YYDPETGTWY_amber/replica_162/replica_162_ca.pdb
626,313297393,random,YYDPETGTWY,amber,23.116868351014965,5.409092812295232,19.372708448066582,6.7796550585588955,5.508595556037851,4.848916770784997,373.66,aer,4096,outputs/Brickwork_entanglement/slurm_YYDPETGTWY_amber/replica_626/replica_626.pdb,outputs/Brickwork_entanglement/slurm_YYDPETGTWY_amber/replica_626/replica_626_ca.pdb
447,313297214,random,YYDPETGTWY,amber,-102.94599319340591,5.4129246970699,16.376442256937278,6.870836099343192,5.508595556037851,4.848916770784997,309.72,aer,4096,outputs/Brickwork_entanglement/slurm_YYDPETGTWY_amber/replica_447/replica_447.pdb,outputs/Brickwork_entanglement/slurm_YYDPETGTWY_amber/replica_447/replica_447_ca.pdb
601,313297368,random,YYDPETGTWY,amber,23.713728935776725,5.413100069469396,19.763699839012375,6.490905657012599,5.508595556037851,4.848916770784997,450.16,aer,4096,outputs/Brickwork_entanglement/slurm_YYDPETGTWY_amber/replica_601/replica_601.pdb,outputs/Brickwork_entanglement/slurm_YYDPETGTWY_amber/replica_601/replica_601_ca.pdb
10,313296777,random,YYDPETGTWY,amber,-81.73603530894431,5.413284319049154,18.635323221706866,6.896149444441053,5.508595556037851,4.848916770784997,1525.78,aer,4096,outputs/Brickwork_entanglement/slurm_YYDPETGTWY_amber/replica_10/replica_10.pdb,outputs/Brickwork_entanglement/slurm_YYDPETGTWY_amber/replica_10/replica_10_ca.pdb
79,313296846,random,YYDPETGTWY,amber,2.7121226625987926,5.418204720588936,17.700877450467942,6.977751936514209,5.508595556037851,4.848916770784997,246.3,aer,4096,outputs/Brickwork_entanglement/slurm_YYDPETGTWY_amber/replica_79/replica_79.pdb,outputs/Brickwork_entanglement/slurm_YYDPETGTWY_amber/replica_79/replica_79_ca.pdb
221,313296988,random,YYDPETGTWY,amber,22.873072818898425,5.418563236129449,18.567356154732863,6.965052884079668,5.508595556037851,4.848916770784997,298.04,aer,4096,outputs/Brickwork_entanglement/slurm_YYDPETGTWY_amber/replica_221/replica_221.pdb,outputs/Brickwork_entanglement/slurm_YYDPETGTWY_amber/replica_221/replica_221_ca.pdb
434,313297201,random,YYDPETGTWY,amber,35.83223728142809,5.420482012786702,19.397087253916695,6.855546130783519,5.508595556037851,4.848916770784997,257.53,aer,4096,outputs/Brickwork_entanglement/slurm_YYDPETGTWY_amber/replica_434/replica_434.pdb,outputs/Brickwork_entanglement/slurm_YYDPETGTWY_amber/replica_434/replica_434_ca.pdb
735,313297502,random,YYDPETGTWY,amber,26.4421074099643,5.4263395005591875,19.8682015192875,7.0455183244078095,5.508595556037851,4.848916770784997,294.1,aer,4096,outputs/Brickwork_entanglement/slurm_YYDPETGTWY_amber/replica_735/replica_735.pdb,outputs/Brickwork_entanglement/slurm_YYDPETGTWY_amber/replica_735/replica_735_ca.pdb
72,313296839,random,YYDPETGTWY,amber,191.00929429128675,5.429216240934557,20.559431289725435,6.9554936315819145,5.508595556037851,4.848916770784997,578.79,aer,4096,outputs/Brickwork_entanglement/slurm_YYDPETGTWY_amber/replica_72/replica_72.pdb,outputs/Brickwork_entanglement/slurm_YYDPETGTWY_amber/replica_72/replica_72_ca.pdb
517,313297284,random,YYDPETGTWY,amber,54.44542172746393,5.429595043771253,20.773504876972776,6.887606735763116,5.508595556037851,4.848916770784997,328.88,aer,4096,outputs/Brickwork_entanglement/slurm_YYDPETGTWY_amber/replica_517/replica_517.pdb,outputs/Brickwork_entanglement/slurm_YYDPETGTWY_amber/replica_517/replica_517_ca.pdb
232,313296999,random,YYDPETGTWY,amber,7.569681278988008,5.431427157857307,19.85398092504204,6.669144702900532,5.508595556037851,4.848916770784997,233.54,aer,4096,outputs/Brickwork_entanglement/slurm_YYDPETGTWY_amber/replica_232/replica_232.pdb,outputs/Brickwork_entanglement/slurm_YYDPETGTWY_amber/replica_232/replica_232_ca.pdb
753,313297520,random,YYDPETGTWY,amber,25.033556216611466,5.431841819943074,19.967747658345257,7.252435887996678,5.508595556037851,4.848916770784997,364.2,aer,4096,outputs/Brickwork_entanglement/slurm_YYDPETGTWY_amber/replica_753/replica_753.pdb,outputs/Brickwork_entanglement/slurm_YYDPETGTWY_amber/replica_753/replica_753_ca.pdb
514,313297281,random,YYDPETGTWY,amber,79.51167192734101,5.434592867710665,19.51129506217686,7.076047883182666,5.508595556037851,4.848916770784997,393.64,aer,4096,outputs/Brickwork_entanglement/slurm_YYDPETGTWY_amber/replica_514/replica_514.pdb,outputs/Brickwork_entanglement/slurm_YYDPETGTWY_amber/replica_514/replica_514_ca.pdb
292,313297059,random,YYDPETGTWY,amber,-94.46275965771665,5.439467936716024,20.605211571311653,7.225274588207125,5.508595556037851,4.848916770784997,389.72,aer,4096,outputs/Brickwork_entanglement/slurm_YYDPETGTWY_amber/replica_292/replica_292.pdb,outputs/Brickwork_entanglement/slurm_YYDPETGTWY_amber/replica_292/replica_292_ca.pdb
167,313296934,random,YYDPETGTWY,amber,-40.826439382053955,5.441140753758156,19.759637782031255,6.9419814271353,5.508595556037851,4.848916770784997,481.92,aer,4096,outputs/Brickwork_entanglement/slurm_YYDPETGTWY_amber/replica_167/replica_167.pdb,outputs/Brickwork_entanglement/slurm_YYDPETGTWY_amber/replica_167/replica_167_ca.pdb
495,313297262,random,YYDPETGTWY,amber,39.70273822521494,5.441169956909014,20.535105986498987,6.976734553429655,5.508595556037851,4.848916770784997,401.53,aer,4096,outputs/Brickwork_entanglement/slurm_YYDPETGTWY_amber/replica_495/replica_495.pdb,outputs/Brickwork_entanglement/slurm_YYDPETGTWY_amber/replica_495/replica_495_ca.pdb
804,313297571,random,YYDPETGTWY,amber,2.9347039817462166,5.441503162872773,19.4341549525629,7.1328442584754566,5.508595556037851,4.848916770784997,337.86,aer,4096,outputs/Brickwork_entanglement/slurm_YYDPETGTWY_amber/replica_804/replica_804.pdb,outputs/Brickwork_entanglement/slurm_YYDPETGTWY_amber/replica_804/replica_804_ca.pdb
882,313297649,random,YYDPETGTWY,amber,-31.011510424912984,5.447539923290027,19.95306095695919,7.03433349604083,5.508595556037851,4.848916770784997,239.79,aer,4096,outputs/Brickwork_entanglement/slurm_YYDPETGTWY_amber/replica_882/replica_882.pdb,outputs/Brickwork_entanglement/slurm_YYDPETGTWY_amber/replica_882/replica_882_ca.pdb
826,313297593,random,YYDPETGTWY,amber,97.23558013387597,5.447995263628028,20.929747259853492,7.159729537687244,5.508595556037851,4.848916770784997,213.19,aer,4096,outputs/Brickwork_entanglement/slurm_YYDPETGTWY_amber/replica_826/replica_826.pdb,outputs/Brickwork_entanglement/slurm_YYDPETGTWY_amber/replica_826/replica_826_ca.pdb
333,313297100,random,YYDPETGTWY,amber,-9.590369113204995,5.4488922675690015,21.2436242638123,7.14668472398829,5.508595556037851,4.848916770784997,291.94,aer,4096,outputs/Brickwork_entanglement/slurm_YYDPETGTWY_amber/replica_333/replica_333.pdb,outputs/Brickwork_entanglement/slurm_YYDPETGTWY_amber/replica_333/replica_333_ca.pdb
477,313297244,random,YYDPETGTWY,amber,35.970978374255054,5.451828037344022,19.208934322081625,7.108314052466778,5.508595556037851,4.848916770784997,211.36,aer,4096,outputs/Brickwork_entanglement/slurm_YYDPETGTWY_amber/replica_477/replica_477.pdb,outputs/Brickwork_entanglement/slurm_YYDPETGTWY_amber/replica_477/replica_477_ca.pdb
327,313297094,random,YYDPETGTWY,amber,1.619635932858055,5.454155839028585,18.91718315202475,7.068694490141916,5.508595556037851,4.848916770784997,181.98,aer,4096,outputs/Brickwork_entanglement/slurm_YYDPETGTWY_amber/replica_327/replica_327.pdb,outputs/Brickwork_entanglement/slurm_YYDPETGTWY_amber/replica_327/replica_327_ca.pdb
547,313297314,random,YYDPETGTWY,amber,-0.0627801967615168,5.455906302132969,20.882585367630593,6.943991673775385,5.508595556037851,4.848916770784997,264.22,aer,4096,outputs/Brickwork_entanglement/slurm_YYDPETGTWY_amber/replica_547/replica_547.pdb,outputs/Brickwork_entanglement/slurm_YYDPETGTWY_amber/replica_547/replica_547_ca.pdb
577,313297344,random,YYDPETGTWY,amber,15.769170197782767,5.456655142246712,20.026176423879622,7.17385104999877,5.508595556037851,4.848916770784997,232.37,aer,4096,outputs/Brickwork_entanglement/slurm_YYDPETGTWY_amber/replica_577/replica_577.pdb,outputs/Brickwork_entanglement/slurm_YYDPETGTWY_amber/replica_577/replica_577_ca.pdb
975,313297742,random,YYDPETGTWY,amber,-1.1356312343964134,5.458460315521878,19.473230519712956,6.646196878882463,5.508595556037851,4.848916770784997,306.33,aer,4096,outputs/Brickwork_entanglement/slurm_YYDPETGTWY_amber/replica_975/replica_975.pdb,outputs/Brickwork_entanglement/slurm_YYDPETGTWY_amber/replica_975/replica_975_ca.pdb
504,313297271,random,YYDPETGTWY,amber,0.9550886279338819,5.463610260367373,20.283174948152986,7.027222739848452,5.508595556037851,4.848916770784997,305.36,aer,4096,outputs/Brickwork_entanglement/slurm_YYDPETGTWY_amber/replica_504/replica_504.pdb,outputs/Brickwork_entanglement/slurm_YYDPETGTWY_amber/replica_504/replica_504_ca.pdb
889,313297656,random,YYDPETGTWY,amber,-20.481740558454316,5.466285990505837,20.988899932580996,6.978327795747462,5.508595556037851,4.848916770784997,730.6,aer,4096,outputs/Brickwork_entanglement/slurm_YYDPETGTWY_amber/replica_889/replica_889.pdb,outputs/Brickwork_entanglement/slurm_YYDPETGTWY_amber/replica_889/replica_889_ca.pdb
209,313296976,random,YYDPETGTWY,amber,-83.76172871730766,5.470135890799827,19.25115060578255,6.792532943576615,5.508595556037851,4.848916770784997,350.22,aer,4096,outputs/Brickwork_entanglement/slurm_YYDPETGTWY_amber/replica_209/replica_209.pdb,outputs/Brickwork_entanglement/slurm_YYDPETGTWY_amber/replica_209/replica_209_ca.pdb
919,313297686,random,YYDPETGTWY,amber,4.60084721038355,5.471990402571735,19.57039235893973,6.989106743505239,5.508595556037851,4.848916770784997,292.43,aer,4096,outputs/Brickwork_entanglement/slurm_YYDPETGTWY_amber/replica_919/replica_919.pdb,outputs/Brickwork_entanglement/slurm_YYDPETGTWY_amber/replica_919/replica_919_ca.pdb
387,313297154,random,YYDPETGTWY,amber,14.88535137924166,5.472216436951206,19.514631162588387,6.609502098445194,5.508595556037851,4.848916770784997,228.49,aer,4096,outputs/Brickwork_entanglement/slurm_YYDPETGTWY_amber/replica_387/replica_387.pdb,outputs/Brickwork_entanglement/slurm_YYDPETGTWY_amber/replica_387/replica_387_ca.pdb
204,313296971,random,YYDPETGTWY,amber,-39.723109416072646,5.474632014125291,20.572014486569362,7.023263860705786,5.508595556037851,4.848916770784997,215.22,aer,4096,outputs/Brickwork_entanglement/slurm_YYDPETGTWY_amber/replica_204/replica_204.pdb,outputs/Brickwork_entanglement/slurm_YYDPETGTWY_amber/replica_204/replica_204_ca.pdb
71,313296838,random,YYDPETGTWY,amber,464.43349717720866,5.477079869258709,18.757384386796804,6.8749962068316055,5.508595556037851,4.848916770784997,245.74,aer,4096,outputs/Brickwork_entanglement/slurm_YYDPETGTWY_amber/replica_71/replica_71.pdb,outputs/Brickwork_entanglement/slurm_YYDPETGTWY_amber/replica_71/replica_71_ca.pdb
31,313296798,random,YYDPETGTWY,amber,-17.99662945449067,5.4807981324162816,19.990992889817658,7.2279154663624645,5.508595556037851,4.848916770784997,1211.77,aer,4096,outputs/Brickwork_entanglement/slurm_YYDPETGTWY_amber/replica_31/replica_31.pdb,outputs/Brickwork_entanglement/slurm_YYDPETGTWY_amber/replica_31/replica_31_ca.pdb
877,313297644,random,YYDPETGTWY,amber,48.074959171710354,5.483329767569425,19.99700905741082,6.933977003911165,5.508595556037851,4.848916770784997,257.96,aer,4096,outputs/Brickwork_entanglement/slurm_YYDPETGTWY_amber/replica_877/replica_877.pdb,outputs/Brickwork_entanglement/slurm_YYDPETGTWY_amber/replica_877/replica_877_ca.pdb
363,313297130,random,YYDPETGTWY,amber,-5.2895796049342305,5.486116554814109,20.128318414146936,6.723599237687896,5.508595556037851,4.848916770784997,318.58,aer,4096,outputs/Brickwork_entanglement/slurm_YYDPETGTWY_amber/replica_363/replica_363.pdb,outputs/Brickwork_entanglement/slurm_YYDPETGTWY_amber/replica_363/replica_363_ca.pdb
486,313297253,random,YYDPETGTWY,amber,2.850531595403762,5.490031184425389,19.694114376020085,6.443948530005558,5.508595556037851,4.848916770784997,203.26,aer,4096,outputs/Brickwork_entanglement/slurm_YYDPETGTWY_amber/replica_486/replica_486.pdb,outputs/Brickwork_entanglement/slurm_YYDPETGTWY_amber/replica_486/replica_486_ca.pdb
899,313297666,random,YYDPETGTWY,amber,-80.18545001984207,5.491373900293742,20.86715549755069,6.881989118382816,5.508595556037851,4.848916770784997,260.15,aer,4096,outputs/Brickwork_entanglement/slurm_YYDPETGTWY_amber/replica_899/replica_899.pdb,outputs/Brickwork_entanglement/slurm_YYDPETGTWY_amber/replica_899/replica_899_ca.pdb
712,313297479,random,YYDPETGTWY,amber,85.06509416864097,5.494772297641671,20.846648603193678,6.826718572378615,5.508595556037851,4.848916770784997,369.45,aer,4096,outputs/Brickwork_entanglement/slurm_YYDPETGTWY_amber/replica_712/replica_712.pdb,outputs/Brickwork_entanglement/slurm_YYDPETGTWY_amber/replica_712/replica_712_ca.pdb
331,313297098,random,YYDPETGTWY,amber,33.34156681907453,5.498259875885195,20.474254793094833,6.9626082016771615,5.508595556037851,4.848916770784997,287.18,aer,4096,outputs/Brickwork_entanglement/slurm_YYDPETGTWY_amber/replica_331/replica_331.pdb,outputs/Brickwork_entanglement/slurm_YYDPETGTWY_amber/replica_331/replica_331_ca.pdb
289,313297056,random,YYDPETGTWY,amber,-50.98940400577749,5.503436184937425,19.841481239616495,7.005312109193455,5.508595556037851,4.848916770784997,256.91,aer,4096,outputs/Brickwork_entanglement/slurm_YYDPETGTWY_amber/replica_289/replica_289.pdb,outputs/Brickwork_entanglement/slurm_YYDPETGTWY_amber/replica_289/replica_289_ca.pdb
76,313296843,random,YYDPETGTWY,amber,12.595515108199068,5.505878928905621,20.634032632229353,7.175554188429236,5.508595556037851,4.848916770784997,220.8,aer,4096,outputs/Brickwork_entanglement/slurm_YYDPETGTWY_amber/replica_76/replica_76.pdb,outputs/Brickwork_entanglement/slurm_YYDPETGTWY_amber/replica_76/replica_76_ca.pdb
409,313297176,random,YYDPETGTWY,amber,74.13965752403155,5.506087259693997,21.42808912726725,6.975631238550058,5.508595556037851,4.848916770784997,322.21,aer,4096,outputs/Brickwork_entanglement/slurm_YYDPETGTWY_amber/replica_409/replica_409.pdb,outputs/Brickwork_entanglement/slurm_YYDPETGTWY_amber/replica_409/replica_409_ca.pdb
422,313297189,random,YYDPETGTWY,amber,-69.51602846911436,5.50624392557439,19.926802478301664,6.672392619098483,5.508595556037851,4.848916770784997,204.69,aer,4096,outputs/Brickwork_entanglement/slurm_YYDPETGTWY_amber/replica_422/replica_422.pdb,outputs/Brickwork_entanglement/slurm_YYDPETGTWY_amber/replica_422/replica_422_ca.pdb
736,313297503,random,YYDPETGTWY,amber,9.971475304656284,5.507326162695879,19.584617175050738,7.0409496154661175,5.508595556037851,4.848916770784997,222.7,aer,4096,outputs/Brickwork_entanglement/slurm_YYDPETGTWY_amber/replica_736/replica_736.pdb,outputs/Brickwork_entanglement/slurm_YYDPETGTWY_amber/replica_736/replica_736_ca.pdb
752,313297519,random,YYDPETGTWY,amber,0.26221745001968144,5.507898171121513,21.29917970879554,6.961852664354155,5.508595556037851,4.848916770784997,253.16,aer,4096,outputs/Brickwork_entanglement/slurm_YYDPETGTWY_amber/replica_752/replica_752.pdb,outputs/Brickwork_entanglement/slurm_YYDPETGTWY_amber/replica_752/replica_752_ca.pdb
581,313297348,random,YYDPETGTWY,amber,-37.18831730118236,5.508325416434067,21.21657393361412,6.952469777306449,5.508595556037851,4.848916770784997,331.4,aer,4096,outputs/Brickwork_entanglement/slurm_YYDPETGTWY_amber/replica_581/replica_581.pdb,outputs/Brickwork_entanglement/slurm_YYDPETGTWY_amber/replica_581/replica_581_ca.pdb
487,313297254,random,YYDPETGTWY,amber,-39.27077409240885,5.518931806391916,17.547324737958302,6.561933575987596,5.508595556037851,4.848916770784997,236.6,aer,4096,outputs/Brickwork_entanglement/slurm_YYDPETGTWY_amber/replica_487/replica_487.pdb,outputs/Brickwork_entanglement/slurm_YYDPETGTWY_amber/replica_487/replica_487_ca.pdb
745,313297512,random,YYDPETGTWY,amber,18.441518075326933,5.5190622512443674,19.10392858337851,7.227652643638326,5.508595556037851,4.848916770784997,462.58,aer,4096,outputs/Brickwork_entanglement/slurm_YYDPETGTWY_amber/replica_745/replica_745.pdb,outputs/Brickwork_entanglement/slurm_YYDPETGTWY_amber/replica_745/replica_745_ca.pdb
26,313296793,random,YYDPETGTWY,amber,-28.886638136696597,5.520176877324297,20.215404246037636,7.230313365596107,5.508595556037851,4.848916770784997,1149.94,aer,4096,outputs/Brickwork_entanglement/slurm_YYDPETGTWY_amber/replica_26/replica_26.pdb,outputs/Brickwork_entanglement/slurm_YYDPETGTWY_amber/replica_26/replica_26_ca.pdb
528,313297295,random,YYDPETGTWY,amber,420.7530771286832,5.5239607691821035,20.767481355945034,6.89643685703186,5.508595556037851,4.848916770784997,213.23,aer,4096,outputs/Brickwork_entanglement/slurm_YYDPETGTWY_amber/replica_528/replica_528.pdb,outputs/Brickwork_entanglement/slurm_YYDPETGTWY_amber/replica_528/replica_528_ca.pdb
341,313297108,random,YYDPETGTWY,amber,57.3918835141716,5.5248473268246,19.536998363128554,7.014398908609097,5.508595556037851,4.848916770784997,279.46,aer,4096,outputs/Brickwork_entanglement/slurm_YYDPETGTWY_amber/replica_341/replica_341.pdb,outputs/Brickwork_entanglement/slurm_YYDPETGTWY_amber/replica_341/replica_341_ca.pdb
762,313297529,random,YYDPETGTWY,amber,-7.8709677606200765,5.528718873145306,19.610625640196044,7.148479500664173,5.508595556037851,4.848916770784997,177.51,aer,4096,outputs/Brickwork_entanglement/slurm_YYDPETGTWY_amber/replica_762/replica_762.pdb,outputs/Brickwork_entanglement/slurm_YYDPETGTWY_amber/replica_762/replica_762_ca.pdb
202,313296969,random,YYDPETGTWY,amber,0.7176086770121177,5.530465000787423,18.407172185712422,6.995663654537821,5.508595556037851,4.848916770784997,197.63,aer,4096,outputs/Brickwork_entanglement/slurm_YYDPETGTWY_amber/replica_202/replica_202.pdb,outputs/Brickwork_entanglement/slurm_YYDPETGTWY_amber/replica_202/replica_202_ca.pdb
456,313297223,random,YYDPETGTWY,amber,-10.004234812223146,5.532381931756723,19.09096634192802,6.91440450554878,5.508595556037851,4.848916770784997,299.11,aer,4096,outputs/Brickwork_entanglement/slurm_YYDPETGTWY_amber/replica_456/replica_456.pdb,outputs/Brickwork_entanglement/slurm_YYDPETGTWY_amber/replica_456/replica_456_ca.pdb
217,313296984,random,YYDPETGTWY,amber,36.39820806129264,5.534029821928139,19.661710601781003,7.023420780662838,5.508595556037851,4.848916770784997,322.75,aer,4096,outputs/Brickwork_entanglement/slurm_YYDPETGTWY_amber/replica_217/replica_217.pdb,outputs/Brickwork_entanglement/slurm_YYDPETGTWY_amber/replica_217/replica_217_ca.pdb
5,313296772,random,YYDPETGTWY,amber,-28.654829149249913,5.544066712962439,20.350752286567488,7.213345602175399,5.508595556037851,4.848916770784997,1877.32,aer,4096,outputs/Brickwork_entanglement/slurm_YYDPETGTWY_amber/replica_5/replica_5.pdb,outputs/Brickwork_entanglement/slurm_YYDPETGTWY_amber/replica_5/replica_5_ca.pdb
578,313297345,random,YYDPETGTWY,amber,-50.378792448080084,5.544744400812332,22.217326160228744,7.194066684949984,5.508595556037851,4.848916770784997,235.29,aer,4096,outputs/Brickwork_entanglement/slurm_YYDPETGTWY_amber/replica_578/replica_578.pdb,outputs/Brickwork_entanglement/slurm_YYDPETGTWY_amber/replica_578/replica_578_ca.pdb
104,313296871,random,YYDPETGTWY,amber,27.275546202386263,5.546062633497665,19.49374687989806,6.986576465664645,5.508595556037851,4.848916770784997,409.46,aer,4096,outputs/Brickwork_entanglement/slurm_YYDPETGTWY_amber/replica_104/replica_104.pdb,outputs/Brickwork_entanglement/slurm_YYDPETGTWY_amber/replica_104/replica_104_ca.pdb
334,313297101,random,YYDPETGTWY,amber,-69.58476199280815,5.5510832983294085,19.194782314132766,6.506017583854424,5.508595556037851,4.848916770784997,390.78,aer,4096,outputs/Brickwork_entanglement/slurm_YYDPETGTWY_amber/replica_334/replica_334.pdb,outputs/Brickwork_entanglement/slurm_YYDPETGTWY_amber/replica_334/replica_334_ca.pdb
250,313297017,random,YYDPETGTWY,amber,-52.9441765615008,5.5537434836962465,21.267911028900453,7.016408358901932,5.508595556037851,4.848916770784997,349.8,aer,4096,outputs/Brickwork_entanglement/slurm_YYDPETGTWY_amber/replica_250/replica_250.pdb,outputs/Brickwork_entanglement/slurm_YYDPETGTWY_amber/replica_250/replica_250_ca.pdb
295,313297062,random,YYDPETGTWY,amber,-12.170029941136727,5.558858358612888,19.961023513369806,7.122930655985101,5.508595556037851,4.848916770784997,281.83,aer,4096,outputs/Brickwork_entanglement/slurm_YYDPETGTWY_amber/replica_295/replica_295.pdb,outputs/Brickwork_entanglement/slurm_YYDPETGTWY_amber/replica_295/replica_295_ca.pdb
588,313297355,random,YYDPETGTWY,amber,372.1855735287077,5.559428304560064,19.537487068274682,6.997255610537594,5.508595556037851,4.848916770784997,126.66,aer,4096,outputs/Brickwork_entanglement/slurm_YYDPETGTWY_amber/replica_588/replica_588.pdb,outputs/Brickwork_entanglement/slurm_YYDPETGTWY_amber/replica_588/replica_588_ca.pdb
372,313297139,random,YYDPETGTWY,amber,18.956836510596524,5.560093875347381,19.171276053126288,6.635218483249802,5.508595556037851,4.848916770784997,210.57,aer,4096,outputs/Brickwork_entanglement/slurm_YYDPETGTWY_amber/replica_372/replica_372.pdb,outputs/Brickwork_entanglement/slurm_YYDPETGTWY_amber/replica_372/replica_372_ca.pdb
931,313297698,random,YYDPETGTWY,amber,-66.78835354171869,5.561386035166561,20.288904542225588,7.234601987453486,5.508595556037851,4.848916770784997,249.15,aer,4096,outputs/Brickwork_entanglement/slurm_YYDPETGTWY_amber/replica_931/replica_931.pdb,outputs/Brickwork_entanglement/slurm_YYDPETGTWY_amber/replica_931/replica_931_ca.pdb
139,313296906,random,YYDPETGTWY,amber,313.46652272544117,5.566679188277879,21.868496334738122,7.12906137884342,5.508595556037851,4.848916770784997,204.13,aer,4096,outputs/Brickwork_entanglement/slurm_YYDPETGTWY_amber/replica_139/replica_139.pdb,outputs/Brickwork_entanglement/slurm_YYDPETGTWY_amber/replica_139/replica_139_ca.pdb
192,313296959,random,YYDPETGTWY,amber,92.39532563245389,5.5717635788481665,21.275237652901335,7.0328003659089795,5.508595556037851,4.848916770784997,349.97,aer,4096,outputs/Brickwork_entanglement/slurm_YYDPETGTWY_amber/replica_192/replica_192.pdb,outputs/Brickwork_entanglement/slurm_YYDPETGTWY_amber/replica_192/replica_192_ca.pdb
47,313296814,random,YYDPETGTWY,amber,-11.488188516089137,5.57210992659288,20.342791903470165,6.946029208802739,5.508595556037851,4.848916770784997,267.84,aer,4096,outputs/Brickwork_entanglement/slurm_YYDPETGTWY_amber/replica_47/replica_47.pdb,outputs/Brickwork_entanglement/slurm_YYDPETGTWY_amber/replica_47/replica_47_ca.pdb
40,313296807,random,YYDPETGTWY,amber,-26.499772391878196,5.572820866760379,19.529643735001613,6.856951112991502,5.508595556037851,4.848916770784997,236.2,aer,4096,outputs/Brickwork_entanglement/slurm_YYDPETGTWY_amber/replica_40/replica_40.pdb,outputs/Brickwork_entanglement/slurm_YYDPETGTWY_amber/replica_40/replica_40_ca.pdb
293,313297060,random,YYDPETGTWY,amber,-58.90160205026713,5.572906957042491,19.104518667394405,6.988782899820771,5.508595556037851,4.848916770784997,217.52,aer,4096,outputs/Brickwork_entanglement/slurm_YYDPETGTWY_amber/replica_293/replica_293.pdb,outputs/Brickwork_entanglement/slurm_YYDPETGTWY_amber/replica_293/replica_293_ca.pdb
600,313297367,random,YYDPETGTWY,amber,46.68589022142525,5.572989856901444,20.282889058074186,7.2110234045111845,5.508595556037851,4.848916770784997,397.55,aer,4096,outputs/Brickwork_entanglement/slurm_YYDPETGTWY_amber/replica_600/replica_600.pdb,outputs/Brickwork_entanglement/slurm_YYDPETGTWY_amber/replica_600/replica_600_ca.pdb
305,313297072,random,YYDPETGTWY,amber,-24.738852557159188,5.574350294051056,21.13014135664432,7.300431322661204,5.508595556037851,4.848916770784997,214.41,aer,4096,outputs/Brickwork_entanglement/slurm_YYDPETGTWY_amber/replica_305/replica_305.pdb,outputs/Brickwork_entanglement/slurm_YYDPETGTWY_amber/replica_305/replica_305_ca.pdb
998,313297765,random,YYDPETGTWY,amber,-42.382898669299394,5.578737168172115,20.140274673847085,6.9746085011162915,5.508595556037851,4.848916770784997,429.29,aer,4096,outputs/Brickwork_entanglement/slurm_YYDPETGTWY_amber/replica_998/replica_998.pdb,outputs/Brickwork_entanglement/slurm_YYDPETGTWY_amber/replica_998/replica_998_ca.pdb
562,313297329,random,YYDPETGTWY,amber,-34.382819632757645,5.582191123828616,22.492382523454932,7.3965709492583285,5.508595556037851,4.848916770784997,273.36,aer,4096,outputs/Brickwork_entanglement/slurm_YYDPETGTWY_amber/replica_562/replica_562.pdb,outputs/Brickwork_entanglement/slurm_YYDPETGTWY_amber/replica_562/replica_562_ca.pdb
848,313297615,random,YYDPETGTWY,amber,-11.205503124904231,5.5830755542295,20.52943345210611,7.447019854728127,5.508595556037851,4.848916770784997,342.13,aer,4096,outputs/Brickwork_entanglement/slurm_YYDPETGTWY_amber/replica_848/replica_848.pdb,outputs/Brickwork_entanglement/slurm_YYDPETGTWY_amber/replica_848/replica_848_ca.pdb
445,313297212,random,YYDPETGTWY,amber,75.51933425749542,5.588033489592583,19.470428043830925,7.0197516545753915,5.508595556037851,4.848916770784997,291.76,aer,4096,outputs/Brickwork_entanglement/slurm_YYDPETGTWY_amber/replica_445/replica_445.pdb,outputs/Brickwork_entanglement/slurm_YYDPETGTWY_amber/replica_445/replica_445_ca.pdb
837,313297604,random,YYDPETGTWY,amber,24.37707914867404,5.590831481719927,18.588231439206,6.841746047575576,5.508595556037851,4.848916770784997,239.64,aer,4096,outputs/Brickwork_entanglement/slurm_YYDPETGTWY_amber/replica_837/replica_837.pdb,outputs/Brickwork_entanglement/slurm_YYDPETGTWY_amber/replica_837/replica_837_ca.pdb
988,313297755,random,YYDPETGTWY,amber,-10.22169857774402,5.590936169422581,17.401358367878622,7.106814108364385,5.508595556037851,4.848916770784997,246.42,aer,4096,outputs/Brickwork_entanglement/slurm_YYDPETGTWY_amber/replica_988/replica_988.pdb,outputs/Brickwork_entanglement/slurm_YYDPETGTWY_amber/replica_988/replica_988_ca.pdb
785,313297552,random,YYDPETGTWY,amber,37.4450413969369,5.5916398796182,19.98319162080045,7.137104922045672,5.508595556037851,4.848916770784997,423.83,aer,4096,outputs/Brickwork_entanglement/slurm_YYDPETGTWY_amber/replica_785/replica_785.pdb,outputs/Brickwork_entanglement/slurm_YYDPETGTWY_amber/replica_785/replica_785_ca.pdb
128,313296895,random,YYDPETGTWY,amber,188.42747262557796,5.596735106445154,21.722158887711455,7.244986879735042,5.508595556037851,4.848916770784997,267.0,aer,4096,outputs/Brickwork_entanglement/slurm_YYDPETGTWY_amber/replica_128/replica_128.pdb,outputs/Brickwork_entanglement/slurm_YYDPETGTWY_amber/replica_128/replica_128_ca.pdb
637,313297404,random,YYDPETGTWY,amber,-16.69699059284235,5.598445116950031,17.420913079792058,6.10582842062045,5.508595556037851,4.848916770784997,394.15,aer,4096,outputs/Brickwork_entanglement/slurm_YYDPETGTWY_amber/replica_637/replica_637.pdb,outputs/Brickwork_entanglement/slurm_YYDPETGTWY_amber/replica_637/replica_637_ca.pdb
160,313296927,random,YYDPETGTWY,amber,42.50374244645423,5.603656806320168,20.872724126086663,7.218731743575747,5.508595556037851,4.848916770784997,450.94,aer,4096,outputs/Brickwork_entanglement/slurm_YYDPETGTWY_amber/replica_160/replica_160.pdb,outputs/Brickwork_entanglement/slurm_YYDPETGTWY_amber/replica_160/replica_160_ca.pdb
113,313296880,random,YYDPETGTWY,amber,-5.78186589105393,5.606293349207426,20.268638219637715,6.848632265728309,5.508595556037851,4.848916770784997,235.37,aer,4096,outputs/Brickwork_entanglement/slurm_YYDPETGTWY_amber/replica_113/replica_113.pdb,outputs/Brickwork_entanglement/slurm_YYDPETGTWY_amber/replica_113/replica_113_ca.pdb
56,313296823,random,YYDPETGTWY,amber,10.459122835504298,5.607191070290916,19.74194091127652,6.773380999047399,5.508595556037851,4.848916770784997,277.34,aer,4096,outputs/Brickwork_entanglement/slurm_YYDPETGTWY_amber/replica_56/replica_56.pdb,outputs/Brickwork_entanglement/slurm_YYDPETGTWY_amber/replica_56/replica_56_ca.pdb
961,313297728,random,YYDPETGTWY,amber,-79.81561769351194,5.607619925049164,20.795851896203892,7.218359797455731,5.508595556037851,4.848916770784997,289.57,aer,4096,outputs/Brickwork_entanglement/slurm_YYDPETGTWY_amber/replica_961/replica_961.pdb,outputs/Brickwork_entanglement/slurm_YYDPETGTWY_amber/replica_961/replica_961_ca.pdb
9,313296776,random,YYDPETGTWY,amber,-97.0253246282774,5.607710533624197,20.417167888987745,7.086719780388946,5.508595556037851,4.848916770784997,1097.41,aer,4096,outputs/Brickwork_entanglement/slurm_YYDPETGTWY_amber/replica_9/replica_9.pdb,outputs/Brickwork_entanglement/slurm_YYDPETGTWY_amber/replica_9/replica_9_ca.pdb
138,313296905,random,YYDPETGTWY,amber,29.05136414901903,5.610037310045725,20.181491163488445,6.93237035378008,5.508595556037851,4.848916770784997,253.88,aer,4096,outputs/Brickwork_entanglement/slurm_YYDPETGTWY_amber/replica_138/replica_138.pdb,outputs/Brickwork_entanglement/slurm_YYDPETGTWY_amber/replica_138/replica_138_ca.pdb
660,313297427,random,YYDPETGTWY,amber,9.813003539597165,5.612070385728428,18.994313547156782,6.894658678536471,5.508595556037851,4.848916770784997,287.29,aer,4096,outputs/Brickwork_entanglement/slurm_YYDPETGTWY_amber/replica_660/replica_660.pdb,outputs/Brickwork_entanglement/slurm_YYDPETGTWY_amber/replica_660/replica_660_ca.pdb
825,313297592,random,YYDPETGTWY,amber,10.61580194372007,5.612373007793316,19.93551088807096,7.048531328868799,5.508595556037851,4.848916770784997,267.2,aer,4096,outputs/Brickwork_entanglement/slurm_YYDPETGTWY_amber/replica_825/replica_825.pdb,outputs/Brickwork_entanglement/slurm_YYDPETGTWY_amber/replica_825/replica_825_ca.pdb
549,313297316,random,YYDPETGTWY,amber,10.637945876337795,5.613435812984829,20.618687923686846,7.192092492329967,5.508595556037851,4.848916770784997,207.43,aer,4096,outputs/Brickwork_entanglement/slurm_YYDPETGTWY_amber/replica_549/replica_549.pdb,outputs/Brickwork_entanglement/slurm_YYDPETGTWY_amber/replica_549/replica_549_ca.pdb
346,313297113,random,YYDPETGTWY,amber,50.50729387617495,5.61690479682237,20.30178912590664,6.8034835745617395,5.508595556037851,4.848916770784997,286.52,aer,4096,outputs/Brickwork_entanglement/slurm_YYDPETGTWY_amber/replica_346/replica_346.pdb,outputs/Brickwork_entanglement/slurm_YYDPETGTWY_amber/replica_346/replica_346_ca.pdb
193,313296960,random,YYDPETGTWY,amber,20.84130650974597,5.618677567074478,20.885987468144652,7.527736107041238,5.508595556037851,4.848916770784997,324.02,aer,4096,outputs/Brickwork_entanglement/slurm_YYDPETGTWY_amber/replica_193/replica_193.pdb,outputs/Brickwork_entanglement/slurm_YYDPETGTWY_amber/replica_193/replica_193_ca.pdb
987,313297754,random,YYDPETGTWY,amber,-47.31796306448007,5.620451024473718,20.439585529062207,6.87104384247701,5.508595556037851,4.848916770784997,220.41,aer,4096,outputs/Brickwork_entanglement/slurm_YYDPETGTWY_amber/replica_987/replica_987.pdb,outputs/Brickwork_entanglement/slurm_YYDPETGTWY_amber/replica_987/replica_987_ca.pdb
455,313297222,random,YYDPETGTWY,amber,-0.047038358659858615,5.621918729749447,20.490315708715695,6.916549641356901,5.508595556037851,4.848916770784997,286.83,aer,4096,outputs/Brickwork_entanglement/slurm_YYDPETGTWY_amber/replica_455/replica_455.pdb,outputs/Brickwork_entanglement/slurm_YYDPETGTWY_amber/replica_455/replica_455_ca.pdb
368,313297135,random,YYDPETGTWY,amber,0.1429988128902122,5.626233292260889,20.83172065161182,7.173768110399195,5.508595556037851,4.848916770784997,414.81,aer,4096,outputs/Brickwork_entanglement/slurm_YYDPETGTWY_amber/replica_368/replica_368.pdb,outputs/Brickwork_entanglement/slurm_YYDPETGTWY_amber/replica_368/replica_368_ca.pdb
740,313297507,random,YYDPETGTWY,amber,1.9291733590867353,5.627015968912522,21.92507837040169,7.358932364513854,5.508595556037851,4.848916770784997,264.87,aer,4096,outputs/Brickwork_entanglement/slurm_YYDPETGTWY_amber/replica_740/replica_740.pdb,outputs/Brickwork_entanglement/slurm_YYDPETGTWY_amber/replica_740/replica_740_ca.pdb
371,313297138,random,YYDPETGTWY,amber,92.95768700093002,5.627132867068676,20.248334729421405,7.1521749759824775,5.508595556037851,4.848916770784997,319.41,aer,4096,outputs/Brickwork_entanglement/slurm_YYDPETGTWY_amber/replica_371/replica_371.pdb,outputs/Brickwork_entanglement/slurm_YYDPETGTWY_amber/replica_371/replica_371_ca.pdb
324,313297091,random,YYDPETGTWY,amber,76.12416599623288,5.629138999329009,18.781631113716543,6.976503426187241,5.508595556037851,4.848916770784997,417.18,aer,4096,outputs/Brickwork_entanglement/slurm_YYDPETGTWY_amber/replica_324/replica_324.pdb,outputs/Brickwork_entanglement/slurm_YYDPETGTWY_amber/replica_324/replica_324_ca.pdb
108,313296875,random,YYDPETGTWY,amber,-10.150769422457248,5.629689356306597,20.113195668906958,6.8036399429627785,5.508595556037851,4.848916770784997,243.72,aer,4096,outputs/Brickwork_entanglement/slurm_YYDPETGTWY_amber/replica_108/replica_108.pdb,outputs/Brickwork_entanglement/slurm_YYDPETGTWY_amber/replica_108/replica_108_ca.pdb
43,313296810,random,YYDPETGTWY,amber,-64.60031893348452,5.633549413519254,19.052699472719883,7.238228784358524,5.508595556037851,4.848916770784997,371.71,aer,4096,outputs/Brickwork_entanglement/slurm_YYDPETGTWY_amber/replica_43/replica_43.pdb,outputs/Brickwork_entanglement/slurm_YYDPETGTWY_amber/replica_43/replica_43_ca.pdb
401,313297168,random,YYDPETGTWY,amber,32.44249275624151,5.6339298094792705,20.312426227645062,7.340497625348485,5.508595556037851,4.848916770784997,525.48,aer,4096,outputs/Brickwork_entanglement/slurm_YYDPETGTWY_amber/replica_401/replica_401.pdb,outputs/Brickwork_entanglement/slurm_YYDPETGTWY_amber/replica_401/replica_401_ca.pdb
149,313296916,random,YYDPETGTWY,amber,-43.94191132223105,5.635763770544864,20.91959282406424,7.238233702680017,5.508595556037851,4.848916770784997,220.6,aer,4096,outputs/Brickwork_entanglement/slurm_YYDPETGTWY_amber/replica_149/replica_149.pdb,outputs/Brickwork_entanglement/slurm_YYDPETGTWY_amber/replica_149/replica_149_ca.pdb
582,313297349,random,YYDPETGTWY,amber,-31.29257061109305,5.6365718174544766,21.84262014969119,7.102147199900789,5.508595556037851,4.848916770784997,332.93,aer,4096,outputs/Brickwork_entanglement/slurm_YYDPETGTWY_amber/replica_582/replica_582.pdb,outputs/Brickwork_entanglement/slurm_YYDPETGTWY_amber/replica_582/replica_582_ca.pdb
80,313296847,random,YYDPETGTWY,amber,-58.39440207431459,5.639089814609411,20.987594779459418,7.205065303368834,5.508595556037851,4.848916770784997,287.71,aer,4096,outputs/Brickwork_entanglement/slurm_YYDPETGTWY_amber/replica_80/replica_80.pdb,outputs/Brickwork_entanglement/slurm_YYDPETGTWY_amber/replica_80/replica_80_ca.pdb
641,313297408,random,YYDPETGTWY,amber,-17.501048708510357,5.644318827056531,20.11020954670559,7.035139223700339,5.508595556037851,4.848916770784997,385.64,aer,4096,outputs/Brickwork_entanglement/slurm_YYDPETGTWY_amber/replica_641/replica_641.pdb,outputs/Brickwork_entanglement/slurm_YYDPETGTWY_amber/replica_641/replica_641_ca.pdb
741,313297508,random,YYDPETGTWY,amber,-87.15025278712504,5.644766770000968,21.967024390939766,7.421314179463929,5.508595556037851,4.848916770784997,546.14,aer,4096,outputs/Brickwork_entanglement/slurm_YYDPETGTWY_amber/replica_741/replica_741.pdb,outputs/Brickwork_entanglement/slurm_YYDPETGTWY_amber/replica_741/replica_741_ca.pdb
494,313297261,random,YYDPETGTWY,amber,-59.432055280084825,5.646366951848765,20.727058092588965,7.156938191963669,5.508595556037851,4.848916770784997,514.06,aer,4096,outputs/Brickwork_entanglement/slurm_YYDPETGTWY_amber/replica_494/replica_494.pdb,outputs/Brickwork_entanglement/slurm_YYDPETGTWY_amber/replica_494/replica_494_ca.pdb
690,313297457,random,YYDPETGTWY,amber,-11.556941765060643,5.64763424145577,19.838828606565084,7.3670036553043765,5.508595556037851,4.848916770784997,199.37,aer,4096,outputs/Brickwork_entanglement/slurm_YYDPETGTWY_amber/replica_690/replica_690.pdb,outputs/Brickwork_entanglement/slurm_YYDPETGTWY_amber/replica_690/replica_690_ca.pdb
298,313297065,random,YYDPETGTWY,amber,-40.30308037164523,5.651676995373399,20.51467662725711,7.056863383412046,5.508595556037851,4.848916770784997,321.46,aer,4096,outputs/Brickwork_entanglement/slurm_YYDPETGTWY_amber/replica_298/replica_298.pdb,outputs/Brickwork_entanglement/slurm_YYDPETGTWY_amber/replica_298/replica_298_ca.pdb
698,313297465,random,YYDPETGTWY,amber,-73.23008130670333,5.652179963203045,19.985473044427547,6.831056579943578,5.508595556037851,4.848916770784997,299.77,aer,4096,outputs/Brickwork_entanglement/slurm_YYDPETGTWY_amber/replica_698/replica_698.pdb,outputs/Brickwork_entanglement/slurm_YYDPETGTWY_amber/replica_698/replica_698_ca.pdb
937,313297704,random,YYDPETGTWY,amber,-77.43265467264875,5.654823722885991,21.299142521563525,6.9763367800208655,5.508595556037851,4.848916770784997,245.61,aer,4096,outputs/Brickwork_entanglement/slurm_YYDPETGTWY_amber/replica_937/replica_937.pdb,outputs/Brickwork_entanglement/slurm_YYDPETGTWY_amber/replica_937/replica_937_ca.pdb
181,313296948,random,YYDPETGTWY,amber,65.77524632737472,5.65680676852532,20.034155189061234,7.052888859032319,5.508595556037851,4.848916770784997,200.14,aer,4096,outputs/Brickwork_entanglement/slurm_YYDPETGTWY_amber/replica_181/replica_181.pdb,outputs/Brickwork_entanglement/slurm_YYDPETGTWY_amber/replica_181/replica_181_ca.pdb
625,313297392,random,YYDPETGTWY,amber,-53.60133916768128,5.660332214779266,19.723328902801324,7.129479241228549,5.508595556037851,4.848916770784997,216.46,aer,4096,outputs/Brickwork_entanglement/slurm_YYDPETGTWY_amber/replica_625/replica_625.pdb,outputs/Brickwork_entanglement/slurm_YYDPETGTWY_amber/replica_625/replica_625_ca.pdb
756,313297523,random,YYDPETGTWY,amber,-7.961443759013919,5.662149210847025,19.912291110715913,6.944467276876554,5.508595556037851,4.848916770784997,275.45,aer,4096,outputs/Brickwork_entanglement/slurm_YYDPETGTWY_amber/replica_756/replica_756.pdb,outputs/Brickwork_entanglement/slurm_YYDPETGTWY_amber/replica_756/replica_756_ca.pdb
939,313297706,random,YYDPETGTWY,amber,4.3807611025539615,5.662344904685625,20.6615797180049,7.16910887341496,5.508595556037851,4.848916770784997,326.04,aer,4096,outputs/Brickwork_entanglement/slurm_YYDPETGTWY_amber/replica_939/replica_939.pdb,outputs/Brickwork_entanglement/slurm_YYDPETGTWY_amber/replica_939/replica_939_ca.pdb
714,313297481,random,YYDPETGTWY,amber,-19.7874809200954,5.6631980925967,21.6296694696583,6.996289930566002,5.508595556037851,4.848916770784997,564.71,aer,4096,outputs/Brickwork_entanglement/slurm_YYDPETGTWY_amber/replica_714/replica_714.pdb,outputs/Brickwork_entanglement/slurm_YYDPETGTWY_amber/replica_714/replica_714_ca.pdb
571,313297338,random,YYDPETGTWY,amber,-10.848958431388732,5.663434802172335,20.745077954341347,7.196531484629117,5.508595556037851,4.848916770784997,512.15,aer,4096,outputs/Brickwork_entanglement/slurm_YYDPETGTWY_amber/replica_571/replica_571.pdb,outputs/Brickwork_entanglement/slurm_YYDPETGTWY_amber/replica_571/replica_571_ca.pdb
437,313297204,random,YYDPETGTWY,amber,54.44434599011865,5.665459452126567,19.93643554697788,6.623906553988315,5.508595556037851,4.848916770784997,410.13,aer,4096,outputs/Brickwork_entanglement/slurm_YYDPETGTWY_amber/replica_437/replica_437.pdb,outputs/Brickwork_entanglement/slurm_YYDPETGTWY_amber/replica_437/replica_437_ca.pdb
525,313297292,random,YYDPETGTWY,amber,-54.629675627833635,5.678904101875436,21.177526528059644,6.975503824488942,5.508595556037851,4.848916770784997,230.6,aer,4096,outputs/Brickwork_entanglement/slurm_YYDPETGTWY_amber/replica_525/replica_525.pdb,outputs/Brickwork_entanglement/slurm_YYDPETGTWY_amber/replica_525/replica_525_ca.pdb
561,313297328,random,YYDPETGTWY,amber,-13.198204472674123,5.681449916778945,21.514293023656506,6.939482944538499,5.508595556037851,4.848916770784997,222.0,aer,4096,outputs/Brickwork_entanglement/slurm_YYDPETGTWY_amber/replica_561/replica_561.pdb,outputs/Brickwork_entanglement/slurm_YYDPETGTWY_amber/replica_561/replica_561_ca.pdb
111,313296878,random,YYDPETGTWY,amber,-12.340620488521386,5.686810120875585,21.204901306910013,7.196134779525499,5.508595556037851,4.848916770784997,346.25,aer,4096,outputs/Brickwork_entanglement/slurm_YYDPETGTWY_amber/replica_111/replica_111.pdb,outputs/Brickwork_entanglement/slurm_YYDPETGTWY_amber/replica_111/replica_111_ca.pdb
880,313297647,random,YYDPETGTWY,amber,-4.460775994910028,5.687765997929144,21.004107450921413,7.108417241332783,5.508595556037851,4.848916770784997,341.2,aer,4096,outputs/Brickwork_entanglement/slurm_YYDPETGTWY_amber/replica_880/replica_880.pdb,outputs/Brickwork_entanglement/slurm_YYDPETGTWY_amber/replica_880/replica_880_ca.pdb
206,313296973,random,YYDPETGTWY,amber,-29.07846761248747,5.690426961752227,20.42419813891954,6.933323514256362,5.508595556037851,4.848916770784997,399.76,aer,4096,outputs/Brickwork_entanglement/slurm_YYDPETGTWY_amber/replica_206/replica_206.pdb,outputs/Brickwork_entanglement/slurm_YYDPETGTWY_amber/replica_206/replica_206_ca.pdb
895,313297662,random,YYDPETGTWY,amber,-56.43821588736779,5.693049385842455,20.30340215324154,7.032380767412867,5.508595556037851,4.848916770784997,314.13,aer,4096,outputs/Brickwork_entanglement/slurm_YYDPETGTWY_amber/replica_895/replica_895.pdb,outputs/Brickwork_entanglement/slurm_YYDPETGTWY_amber/replica_895/replica_895_ca.pdb
231,313296998,random,YYDPETGTWY,amber,-22.79257812724563,5.6943642301067,19.119455133515203,6.948636882504163,5.508595556037851,4.848916770784997,229.0,aer,4096,outputs/Brickwork_entanglement/slurm_YYDPETGTWY_amber/replica_231/replica_231.pdb,outputs/Brickwork_entanglement/slurm_YYDPETGTWY_amber/replica_231/replica_231_ca.pdb
553,313297320,random,YYDPETGTWY,amber,26.292162691110523,5.696203151857202,21.313066810338753,7.109140944235863,5.508595556037851,4.848916770784997,353.06,aer,4096,outputs/Brickwork_entanglement/slurm_YYDPETGTWY_amber/replica_553/replica_553.pdb,outputs/Brickwork_entanglement/slurm_YYDPETGTWY_amber/replica_553/replica_553_ca.pdb
285,313297052,random,YYDPETGTWY,amber,-30.571465117750204,5.6965244521596805,21.94395653641761,7.405402589776019,5.508595556037851,4.848916770784997,286.1,aer,4096,outputs/Brickwork_entanglement/slurm_YYDPETGTWY_amber/replica_285/replica_285.pdb,outputs/Brickwork_entanglement/slurm_YYDPETGTWY_amber/replica_285/replica_285_ca.pdb
918,313297685,random,YYDPETGTWY,amber,-17.14341013403402,5.69778902462506,20.01848486834901,6.9976166565933,5.508595556037851,4.848916770784997,213.6,aer,4096,outputs/Brickwork_entanglement/slurm_YYDPETGTWY_amber/replica_918/replica_918.pdb,outputs/Brickwork_entanglement/slurm_YYDPETGTWY_amber/replica_918/replica_918_ca.pdb
101,313296868,random,YYDPETGTWY,amber,-25.08226191702117,5.698767495637,20.074555980456477,7.127342191675646,5.508595556037851,4.848916770784997,245.43,aer,4096,outputs/Brickwork_entanglement/slurm_YYDPETGTWY_amber/replica_101/replica_101.pdb,outputs/Brickwork_entanglement/slurm_YYDPETGTWY_amber/replica_101/replica_101_ca.pdb
272,313297039,random,YYDPETGTWY,amber,-19.845673147425536,5.699952048829432,21.051580875719317,7.470185745171029,5.508595556037851,4.848916770784997,228.56,aer,4096,outputs/Brickwork_entanglement/slurm_YYDPETGTWY_amber/replica_272/replica_272.pdb,outputs/Brickwork_entanglement/slurm_YYDPETGTWY_amber/replica_272/replica_272_ca.pdb
666,313297433,random,YYDPETGTWY,amber,-10.091276240738217,5.702358991697485,17.521738205401107,6.6341187310373755,5.508595556037851,4.848916770784997,224.74,aer,4096,outputs/Brickwork_entanglement/slurm_YYDPETGTWY_amber/replica_666/replica_666.pdb,outputs/Brickwork_entanglement/slurm_YYDPETGTWY_amber/replica_666/replica_666_ca.pdb
506,313297273,random,YYDPETGTWY,amber,-45.301287600820785,5.706457770597906,21.240710676455457,7.126616193798162,5.508595556037851,4.848916770784997,294.37,aer,4096,outputs/Brickwork_entanglement/slurm_YYDPETGTWY_amber/replica_506/replica_506.pdb,outputs/Brickwork_entanglement/slurm_YYDPETGTWY_amber/replica_506/replica_506_ca.pdb
274,313297041,random,YYDPETGTWY,amber,1.2043943205886545,5.707420532269231,22.31886725418133,7.367074419000781,5.508595556037851,4.848916770784997,246.3,aer,4096,outputs/Brickwork_entanglement/slurm_YYDPETGTWY_amber/replica_274/replica_274.pdb,outputs/Brickwork_entanglement/slurm_YYDPETGTWY_amber/replica_274/replica_274_ca.pdb
634,313297401,random,YYDPETGTWY,amber,16.546005414937294,5.709081707743233,21.090833003048218,6.933486587463476,5.508595556037851,4.848916770784997,403.5,aer,4096,outputs/Brickwork_entanglement/slurm_YYDPETGTWY_amber/replica_634/replica_634.pdb,outputs/Brickwork_entanglement/slurm_YYDPETGTWY_amber/replica_634/replica_634_ca.pdb
955,313297722,random,YYDPETGTWY,amber,110.2658492181322,5.710659650208322,21.355248479442736,7.459946674731347,5.508595556037851,4.848916770784997,413.31,aer,4096,outputs/Brickwork_entanglement/slurm_YYDPETGTWY_amber/replica_955/replica_955.pdb,outputs/Brickwork_entanglement/slurm_YYDPETGTWY_amber/replica_955/replica_955_ca.pdb
750,313297517,random,YYDPETGTWY,amber,85.71504124776898,5.716219242190768,20.226667182080003,7.407176814568545,5.508595556037851,4.848916770784997,246.64,aer,4096,outputs/Brickwork_entanglement/slurm_YYDPETGTWY_amber/replica_750/replica_750.pdb,outputs/Brickwork_entanglement/slurm_YYDPETGTWY_amber/replica_750/replica_750_ca.pdb
306,313297073,random,YYDPETGTWY,amber,30.678761535759264,5.71713296029398,20.81163096522707,7.15271867599357,5.508595556037851,4.848916770784997,185.02,aer,4096,outputs/Brickwork_entanglement/slurm_YYDPETGTWY_amber/replica_306/replica_306.pdb,outputs/Brickwork_entanglement/slurm_YYDPETGTWY_amber/replica_306/replica_306_ca.pdb
654,313297421,random,YYDPETGTWY,amber,-2.1645469139231728,5.7175919146733865,20.733572213917125,7.11635701212556,5.508595556037851,4.848916770784997,291.58,aer,4096,outputs/Brickwork_entanglement/slurm_YYDPETGTWY_amber/replica_654/replica_654.pdb,outputs/Brickwork_entanglement/slurm_YYDPETGTWY_amber/replica_654/replica_654_ca.pdb
273,313297040,random,YYDPETGTWY,amber,72.66538036660926,5.719908798900533,20.73480103417277,7.070276257497887,5.508595556037851,4.848916770784997,379.2,aer,4096,outputs/Brickwork_entanglement/slurm_YYDPETGTWY_amber/replica_273/replica_273.pdb,outputs/Brickwork_entanglement/slurm_YYDPETGTWY_amber/replica_273/replica_273_ca.pdb
184,313296951,random,YYDPETGTWY,amber,19.511865343521865,5.72557145274863,21.238411321904866,7.095719445773911,5.508595556037851,4.848916770784997,170.73,aer,4096,outputs/Brickwork_entanglement/slurm_YYDPETGTWY_amber/replica_184/replica_184.pdb,outputs/Brickwork_entanglement/slurm_YYDPETGTWY_amber/replica_184/replica_184_ca.pdb
786,313297553,random,YYDPETGTWY,amber,17.526239534727875,5.728245040194467,20.50962589678113,7.415951253637904,5.508595556037851,4.848916770784997,398.65,aer,4096,outputs/Brickwork_entanglement/slurm_YYDPETGTWY_amber/replica_786/replica_786.pdb,outputs/Brickwork_entanglement/slurm_YYDPETGTWY_amber/replica_786/replica_786_ca.pdb
570,313297337,random,YYDPETGTWY,amber,-24.626210690287753,5.729022540570567,20.511611012298108,6.824900367135345,5.508595556037851,4.848916770784997,237.69,aer,4096,outputs/Brickwork_entanglement/slurm_YYDPETGTWY_amber/replica_570/replica_570.pdb,outputs/Brickwork_entanglement/slurm_YYDPETGTWY_amber/replica_570/replica_570_ca.pdb
502,313297269,random,YYDPETGTWY,amber,213.95615042796754,5.731995744778238,20.091050598499468,7.364380460612387,5.508595556037851,4.848916770784997,206.78,aer,4096,outputs/Brickwork_entanglement/slurm_YYDPETGTWY_amber/replica_502/replica_502.pdb,outputs/Brickwork_entanglement/slurm_YYDPETGTWY_amber/replica_502/replica_502_ca.pdb
352,313297119,random,YYDPETGTWY,amber,9.982256004120124,5.740112704296796,21.240515885091767,7.195231891030448,5.508595556037851,4.848916770784997,239.19,aer,4096,outputs/Brickwork_entanglement/slurm_YYDPETGTWY_amber/replica_352/replica_352.pdb,outputs/Brickwork_entanglement/slurm_YYDPETGTWY_amber/replica_352/replica_352_ca.pdb
256,313297023,random,YYDPETGTWY,amber,-45.53723727635701,5.740340361592886,21.80834170532952,7.506363066846577,5.508595556037851,4.848916770784997,221.02,aer,4096,outputs/Brickwork_entanglement/slurm_YYDPETGTWY_amber/replica_256/replica_256.pdb,outputs/Brickwork_entanglement/slurm_YYDPETGTWY_amber/replica_256/replica_256_ca.pdb
320,313297087,random,YYDPETGTWY,amber,-109.47095018765317,5.743434912231822,22.107816136333224,7.120317881124199,5.508595556037851,4.848916770784997,307.45,aer,4096,outputs/Brickwork_entanglement/slurm_YYDPETGTWY_amber/replica_320/replica_320.pdb,outputs/Brickwork_entanglement/slurm_YYDPETGTWY_amber/replica_320/replica_320_ca.pdb
662,313297429,random,YYDPETGTWY,amber,18.608269540939585,5.7450974589353665,21.749942669054494,7.387639038021067,5.508595556037851,4.848916770784997,459.98,aer,4096,outputs/Brickwork_entanglement/slurm_YYDPETGTWY_amber/replica_662/replica_662.pdb,outputs/Brickwork_entanglement/slurm_YYDPETGTWY_amber/replica_662/replica_662_ca.pdb
120,313296887,random,YYDPETGTWY,amber,-15.090286943943575,5.745304085071711,20.29598546772085,7.128448628219456,5.508595556037851,4.848916770784997,234.28,aer,4096,outputs/Brickwork_entanglement/slurm_YYDPETGTWY_amber/replica_120/replica_120.pdb,outputs/Brickwork_entanglement/slurm_YYDPETGTWY_amber/replica_120/replica_120_ca.pdb
141,313296908,random,YYDPETGTWY,amber,87.82632745648837,5.7471542962673485,20.931102516613656,7.15315048226857,5.508595556037851,4.848916770784997,357.57,aer,4096,outputs/Brickwork_entanglement/slurm_YYDPETGTWY_amber/replica_141/replica_141.pdb,outputs/Brickwork_entanglement/slurm_YYDPETGTWY_amber/replica_141/replica_141_ca.pdb
995,313297762,random,YYDPETGTWY,amber,-19.137749347872468,5.748241224311976,20.779332359273113,7.088154739867649,5.508595556037851,4.848916770784997,221.66,aer,4096,outputs/Brickwork_entanglement/slurm_YYDPETGTWY_amber/replica_995/replica_995.pdb,outputs/Brickwork_entanglement/slurm_YYDPETGTWY_amber/replica_995/replica_995_ca.pdb
147,313296914,random,YYDPETGTWY,amber,-35.91076887477289,5.752962662888599,20.91964242121177,7.0086576840774315,5.508595556037851,4.848916770784997,196.99,aer,4096,outputs/Brickwork_entanglement/slurm_YYDPETGTWY_amber/replica_147/replica_147.pdb,outputs/Brickwork_entanglement/slurm_YYDPETGTWY_amber/replica_147/replica_147_ca.pdb
277,313297044,random,YYDPETGTWY,amber,89.22556330074924,5.755118769343528,19.56734792145851,7.489331479798234,5.508595556037851,4.848916770784997,306.6,aer,4096,outputs/Brickwork_entanglement/slurm_YYDPETGTWY_amber/replica_277/replica_277.pdb,outputs/Brickwork_entanglement/slurm_YYDPETGTWY_amber/replica_277/replica_277_ca.pdb
508,313297275,random,YYDPETGTWY,amber,-43.929062779028904,5.7558661168452465,20.65163448242175,7.218640540044514,5.508595556037851,4.848916770784997,225.38,aer,4096,outputs/Brickwork_entanglement/slurm_YYDPETGTWY_amber/replica_508/replica_508.pdb,outputs/Brickwork_entanglement/slurm_YYDPETGTWY_amber/replica_508/replica_508_ca.pdb
573,313297340,random,YYDPETGTWY,amber,4.034699758376213,5.760810105912321,20.99028984728231,7.10416265267253,5.508595556037851,4.848916770784997,230.79,aer,4096,outputs/Brickwork_entanglement/slurm_YYDPETGTWY_amber/replica_573/replica_573.pdb,outputs/Brickwork_entanglement/slurm_YYDPETGTWY_amber/replica_573/replica_573_ca.pdb
12,313296779,random,YYDPETGTWY,amber,-11.649146560200364,5.760815900172204,20.434800457470356,6.769419880261157,5.508595556037851,4.848916770784997,1517.29,aer,4096,outputs/Brickwork_entanglement/slurm_YYDPETGTWY_amber/replica_12/replica_12.pdb,outputs/Brickwork_entanglement/slurm_YYDPETGTWY_amber/replica_12/replica_12_ca.pdb
440,313297207,random,YYDPETGTWY,amber,0.27606036766370734,5.761000980632834,22.55178258911168,7.291267177200576,5.508595556037851,4.848916770784997,286.15,aer,4096,outputs/Brickwork_entanglement/slurm_YYDPETGTWY_amber/replica_440/replica_440.pdb,outputs/Brickwork_entanglement/slurm_YYDPETGTWY_amber/replica_440/replica_440_ca.pdb
933,313297700,random,YYDPETGTWY,amber,8.454411670002504,5.761900145462046,19.676272057789326,7.21637721349233,5.508595556037851,4.848916770784997,291.04,aer,4096,outputs/Brickwork_entanglement/slurm_YYDPETGTWY_amber/replica_933/replica_933.pdb,outputs/Brickwork_entanglement/slurm_YYDPETGTWY_amber/replica_933/replica_933_ca.pdb
747,313297514,random,YYDPETGTWY,amber,407.3985177643429,5.762060299383401,20.22529661230699,7.159428587743368,5.508595556037851,4.848916770784997,194.29,aer,4096,outputs/Brickwork_entanglement/slurm_YYDPETGTWY_amber/replica_747/replica_747.pdb,outputs/Brickwork_entanglement/slurm_YYDPETGTWY_amber/replica_747/replica_747_ca.pdb
619,313297386,random,YYDPETGTWY,amber,40.282283557476205,5.7665232398215345,17.652298782682053,7.176440638183359,5.508595556037851,4.848916770784997,241.57,aer,4096,outputs/Brickwork_entanglement/slurm_YYDPETGTWY_amber/replica_619/replica_619.pdb,outputs/Brickwork_entanglement/slurm_YYDPETGTWY_amber/replica_619/replica_619_ca.pdb
239,313297006,random,YYDPETGTWY,amber,-74.80654945254368,5.766939180088781,21.259636430434124,7.177776143854443,5.508595556037851,4.848916770784997,441.69,aer,4096,outputs/Brickwork_entanglement/slurm_YYDPETGTWY_amber/replica_239/replica_239.pdb,outputs/Brickwork_entanglement/slurm_YYDPETGTWY_amber/replica_239/replica_239_ca.pdb
249,313297016,random,YYDPETGTWY,amber,-33.25563988018929,5.767472510079822,21.04943124666826,7.074030142207773,5.508595556037851,4.848916770784997,237.04,aer,4096,outputs/Brickwork_entanglement/slurm_YYDPETGTWY_amber/replica_249/replica_249.pdb,outputs/Brickwork_entanglement/slurm_YYDPETGTWY_amber/replica_249/replica_249_ca.pdb
303,313297070,random,YYDPETGTWY,amber,-11.802426632756218,5.767769152522413,20.943801122222627,7.235231994006585,5.508595556037851,4.848916770784997,268.76,aer,4096,outputs/Brickwork_entanglement/slurm_YYDPETGTWY_amber/replica_303/replica_303.pdb,outputs/Brickwork_entanglement/slurm_YYDPETGTWY_amber/replica_303/replica_303_ca.pdb
639,313297406,random,YYDPETGTWY,amber,3.651461515157198,5.776723649811131,22.049399730689327,7.2691955781599,5.508595556037851,4.848916770784997,197.08,aer,4096,outputs/Brickwork_entanglement/slurm_YYDPETGTWY_amber/replica_639/replica_639.pdb,outputs/Brickwork_entanglement/slurm_YYDPETGTWY_amber/replica_639/replica_639_ca.pdb
951,313297718,random,YYDPETGTWY,amber,-1.1857628210600795,5.779514542762619,19.091353595791876,6.733013188101773,5.508595556037851,4.848916770784997,285.09,aer,4096,outputs/Brickwork_entanglement/slurm_YYDPETGTWY_amber/replica_951/replica_951.pdb,outputs/Brickwork_entanglement/slurm_YYDPETGTWY_amber/replica_951/replica_951_ca.pdb
850,313297617,random,YYDPETGTWY,amber,32.56325275580154,5.781086589315931,21.62224199453023,7.418877118245278,5.508595556037851,4.848916770784997,256.32,aer,4096,outputs/Brickwork_entanglement/slurm_YYDPETGTWY_amber/replica_850/replica_850.pdb,outputs/Brickwork_entanglement/slurm_YYDPETGTWY_amber/replica_850/replica_850_ca.pdb
407,313297174,random,YYDPETGTWY,amber,51.41904135640668,5.781178331949225,20.449634316493693,7.351365089654839,5.508595556037851,4.848916770784997,303.51,aer,4096,outputs/Brickwork_entanglement/slurm_YYDPETGTWY_amber/replica_407/replica_407.pdb,outputs/Brickwork_entanglement/slurm_YYDPETGTWY_amber/replica_407/replica_407_ca.pdb
902,313297669,random,YYDPETGTWY,amber,58.43687994842796,5.783905653581111,20.29869049950846,6.9605334759972175,5.508595556037851,4.848916770784997,387.58,aer,4096,outputs/Brickwork_entanglement/slurm_YYDPETGTWY_amber/replica_902/replica_902.pdb,outputs/Brickwork_entanglement/slurm_YYDPETGTWY_amber/replica_902/replica_902_ca.pdb
519,313297286,random,YYDPETGTWY,amber,110.93962848405094,5.783966500945088,20.31727298675015,7.160353710447007,5.508595556037851,4.848916770784997,226.31,aer,4096,outputs/Brickwork_entanglement/slurm_YYDPETGTWY_amber/replica_519/replica_519.pdb,outputs/Brickwork_entanglement/slurm_YYDPETGTWY_amber/replica_519/replica_519_ca.pdb
789,313297556,random,YYDPETGTWY,amber,11.975147712494389,5.784613109097861,18.987651660638416,7.148042849057932,5.508595556037851,4.848916770784997,313.0,aer,4096,outputs/Brickwork_entanglement/slurm_YYDPETGTWY_amber/replica_789/replica_789.pdb,outputs/Brickwork_entanglement/slurm_YYDPETGTWY_amber/replica_789/replica_789_ca.pdb
212,313296979,random,YYDPETGTWY,amber,-47.65061680903545,5.785943012177664,20.408333302118365,6.942165664811956,5.508595556037851,4.848916770784997,199.08,aer,4096,outputs/Brickwork_entanglement/slurm_YYDPETGTWY_amber/replica_212/replica_212.pdb,outputs/Brickwork_entanglement/slurm_YYDPETGTWY_amber/replica_212/replica_212_ca.pdb
984,313297751,random,YYDPETGTWY,amber,77.79272501603167,5.789255466652218,20.330701533155825,7.256740937270738,5.508595556037851,4.848916770784997,279.89,aer,4096,outputs/Brickwork_entanglement/slurm_YYDPETGTWY_amber/replica_984/replica_984.pdb,outputs/Brickwork_entanglement/slurm_YYDPETGTWY_amber/replica_984/replica_984_ca.pdb
557,313297324,random,YYDPETGTWY,amber,-19.49304873248344,5.790623870598927,20.559107583414388,7.0902374717904575,5.508595556037851,4.848916770784997,217.07,aer,4096,outputs/Brickwork_entanglement/slurm_YYDPETGTWY_amber/replica_557/replica_557.pdb,outputs/Brickwork_entanglement/slurm_YYDPETGTWY_amber/replica_557/replica_557_ca.pdb
755,313297522,random,YYDPETGTWY,amber,-75.82430543352271,5.792390453839239,21.551864534649933,7.061522701106905,5.508595556037851,4.848916770784997,225.25,aer,4096,outputs/Brickwork_entanglement/slurm_YYDPETGTWY_amber/replica_755/replica_755.pdb,outputs/Brickwork_entanglement/slurm_YYDPETGTWY_amber/replica_755/replica_755_ca.pdb
916,313297683,random,YYDPETGTWY,amber,-45.71491938498587,5.793249332529524,20.790423906846037,7.574686480530893,5.508595556037851,4.848916770784997,258.81,aer,4096,outputs/Brickwork_entanglement/slurm_YYDPETGTWY_amber/replica_916/replica_916.pdb,outputs/Brickwork_entanglement/slurm_YYDPETGTWY_amber/replica_916/replica_916_ca.pdb
73,313296840,random,YYDPETGTWY,amber,-58.40733367621301,5.794206026315661,20.73416721993676,7.360005994663432,5.508595556037851,4.848916770784997,275.26,aer,4096,outputs/Brickwork_entanglement/slurm_YYDPETGTWY_amber/replica_73/replica_73.pdb,outputs/Brickwork_entanglement/slurm_YYDPETGTWY_amber/replica_73/replica_73_ca.pdb
940,313297707,random,YYDPETGTWY,amber,32.86817371146057,5.794902856015525,21.83429921068487,6.909189634497849,5.508595556037851,4.848916770784997,397.15,aer,4096,outputs/Brickwork_entanglement/slurm_YYDPETGTWY_amber/replica_940/replica_940.pdb,outputs/Brickwork_entanglement/slurm_YYDPETGTWY_amber/replica_940/replica_940_ca.pdb
915,313297682,random,YYDPETGTWY,amber,495.4282432876566,5.802284544343942,21.206473531818634,6.990799748219194,5.508595556037851,4.848916770784997,200.85,aer,4096,outputs/Brickwork_entanglement/slurm_YYDPETGTWY_amber/replica_915/replica_915.pdb,outputs/Brickwork_entanglement/slurm_YYDPETGTWY_amber/replica_915/replica_915_ca.pdb
642,313297409,random,YYDPETGTWY,amber,50.96232556625603,5.806466121670516,19.083013132090123,6.791133314448339,5.508595556037851,4.848916770784997,310.97,aer,4096,outputs/Brickwork_entanglement/slurm_YYDPETGTWY_amber/replica_642/replica_642.pdb,outputs/Brickwork_entanglement/slurm_YYDPETGTWY_amber/replica_642/replica_642_ca.pdb
261,313297028,random,YYDPETGTWY,amber,24.547310333104654,5.807594160799053,20.26584793961219,7.099109577417248,5.508595556037851,4.848916770784997,267.67,aer,4096,outputs/Brickwork_entanglement/slurm_YYDPETGTWY_amber/replica_261/replica_261.pdb,outputs/Brickwork_entanglement/slurm_YYDPETGTWY_amber/replica_261/replica_261_ca.pdb
0,313296767,random,YYDPETGTWY,amber,24.370917962634966,5.812038417050272,21.013458678279708,7.201496950184695,5.508595556037851,4.848916770784997,1568.95,aer,4096,outputs/Brickwork_entanglement/slurm_YYDPETGTWY_amber/replica_0/replica_0.pdb,outputs/Brickwork_entanglement/slurm_YYDPETGTWY_amber/replica_0/replica_0_ca.pdb
991,313297758,random,YYDPETGTWY,amber,-27.361014993130127,5.814619981655934,21.382072166473456,6.998830977266604,5.508595556037851,4.848916770784997,210.79,aer,4096,outputs/Brickwork_entanglement/slurm_YYDPETGTWY_amber/replica_991/replica_991.pdb,outputs/Brickwork_entanglement/slurm_YYDPETGTWY_amber/replica_991/replica_991_ca.pdb
815,313297582,random,YYDPETGTWY,amber,51.629707238838726,5.820561039435031,20.830984468355748,7.310325540718897,5.508595556037851,4.848916770784997,266.1,aer,4096,outputs/Brickwork_entanglement/slurm_YYDPETGTWY_amber/replica_815/replica_815.pdb,outputs/Brickwork_entanglement/slurm_YYDPETGTWY_amber/replica_815/replica_815_ca.pdb
945,313297712,random,YYDPETGTWY,amber,-20.6441524690259,5.823788668032997,19.237753150216783,6.955971383547581,5.508595556037851,4.848916770784997,215.92,aer,4096,outputs/Brickwork_entanglement/slurm_YYDPETGTWY_amber/replica_945/replica_945.pdb,outputs/Brickwork_entanglement/slurm_YYDPETGTWY_amber/replica_945/replica_945_ca.pdb
23,313296790,random,YYDPETGTWY,amber,-85.4593252244559,5.825373782804129,21.161071208485026,7.21486542811865,5.508595556037851,4.848916770784997,1130.14,aer,4096,outputs/Brickwork_entanglement/slurm_YYDPETGTWY_amber/replica_23/replica_23.pdb,outputs/Brickwork_entanglement/slurm_YYDPETGTWY_amber/replica_23/replica_23_ca.pdb
194,313296961,random,YYDPETGTWY,amber,34.58060205057692,5.835955973986514,19.422344108349147,7.445145439019796,5.508595556037851,4.848916770784997,207.44,aer,4096,outputs/Brickwork_entanglement/slurm_YYDPETGTWY_amber/replica_194/replica_194.pdb,outputs/Brickwork_entanglement/slurm_YYDPETGTWY_amber/replica_194/replica_194_ca.pdb
177,313296944,random,YYDPETGTWY,amber,25.56959964812775,5.836781354619548,21.561967285697968,7.5164859534148665,5.508595556037851,4.848916770784997,227.41,aer,4096,outputs/Brickwork_entanglement/slurm_YYDPETGTWY_amber/replica_177/replica_177.pdb,outputs/Brickwork_entanglement/slurm_YYDPETGTWY_amber/replica_177/replica_177_ca.pdb
377,313297144,random,YYDPETGTWY,amber,9.873906031393599,5.838075912633378,19.8586829818388,6.986001332490118,5.508595556037851,4.848916770784997,311.74,aer,4096,outputs/Brickwork_entanglement/slurm_YYDPETGTWY_amber/replica_377/replica_377.pdb,outputs/Brickwork_entanglement/slurm_YYDPETGTWY_amber/replica_377/replica_377_ca.pdb
94,313296861,random,YYDPETGTWY,amber,-2.706245041680201,5.8416157177727435,20.8798867475077,6.858245606866208,5.508595556037851,4.848916770784997,313.58,aer,4096,outputs/Brickwork_entanglement/slurm_YYDPETGTWY_amber/replica_94/replica_94.pdb,outputs/Brickwork_entanglement/slurm_YYDPETGTWY_amber/replica_94/replica_94_ca.pdb
542,313297309,random,YYDPETGTWY,amber,49.21276694783518,5.8436335932161025,21.150100405911598,6.944755622332977,5.508595556037851,4.848916770784997,405.64,aer,4096,outputs/Brickwork_entanglement/slurm_YYDPETGTWY_amber/replica_542/replica_542.pdb,outputs/Brickwork_entanglement/slurm_YYDPETGTWY_amber/replica_542/replica_542_ca.pdb
947,313297714,random,YYDPETGTWY,amber,81.78631587414023,5.8437744609490165,20.533963094257057,6.691605888431223,5.508595556037851,4.848916770784997,299.58,aer,4096,outputs/Brickwork_entanglement/slurm_YYDPETGTWY_amber/replica_947/replica_947.pdb,outputs/Brickwork_entanglement/slurm_YYDPETGTWY_amber/replica_947/replica_947_ca.pdb
357,313297124,random,YYDPETGTWY,amber,-20.696317204360014,5.844601509439358,21.11650286057001,6.9429307341589155,5.508595556037851,4.848916770784997,239.1,aer,4096,outputs/Brickwork_entanglement/slurm_YYDPETGTWY_amber/replica_357/replica_357.pdb,outputs/Brickwork_entanglement/slurm_YYDPETGTWY_amber/replica_357/replica_357_ca.pdb
596,313297363,random,YYDPETGTWY,amber,-21.861194561515596,5.846645642865831,20.8185529218251,7.131034852022244,5.508595556037851,4.848916770784997,273.63,aer,4096,outputs/Brickwork_entanglement/slurm_YYDPETGTWY_amber/replica_596/replica_596.pdb,outputs/Brickwork_entanglement/slurm_YYDPETGTWY_amber/replica_596/replica_596_ca.pdb
356,313297123,random,YYDPETGTWY,amber,825.4670147006598,5.84829985514143,19.11003345602911,7.0813368265485535,5.508595556037851,4.848916770784997,139.64,aer,4096,outputs/Brickwork_entanglement/slurm_YYDPETGTWY_amber/replica_356/replica_356.pdb,outputs/Brickwork_entanglement/slurm_YYDPETGTWY_amber/replica_356/replica_356_ca.pdb
350,313297117,random,YYDPETGTWY,amber,-25.353829769106504,5.852192736855104,21.16627806914644,7.212354933429246,5.508595556037851,4.848916770784997,207.59,aer,4096,outputs/Brickwork_entanglement/slurm_YYDPETGTWY_amber/replica_350/replica_350.pdb,outputs/Brickwork_entanglement/slurm_YYDPETGTWY_amber/replica_350/replica_350_ca.pdb
901,313297668,random,YYDPETGTWY,amber,-57.668222009834714,5.852246536452139,22.004865716708533,7.4246756418076565,5.508595556037851,4.848916770784997,485.55,aer,4096,outputs/Brickwork_entanglement/slurm_YYDPETGTWY_amber/replica_901/replica_901.pdb,outputs/Brickwork_entanglement/slurm_YYDPETGTWY_amber/replica_901/replica_901_ca.pdb
412,313297179,random,YYDPETGTWY,amber,-23.13902497056772,5.8549845297394505,20.818792720460657,7.217841195682309,5.508595556037851,4.848916770784997,397.45,aer,4096,outputs/Brickwork_entanglement/slurm_YYDPETGTWY_amber/replica_412/replica_412.pdb,outputs/Brickwork_entanglement/slurm_YYDPETGTWY_amber/replica_412/replica_412_ca.pdb
935,313297702,random,YYDPETGTWY,amber,47.68157989995895,5.85541673445012,22.03953877733498,7.368009093596958,5.508595556037851,4.848916770784997,360.24,aer,4096,outputs/Brickwork_entanglement/slurm_YYDPETGTWY_amber/replica_935/replica_935.pdb,outputs/Brickwork_entanglement/slurm_YYDPETGTWY_amber/replica_935/replica_935_ca.pdb
574,313297341,random,YYDPETGTWY,amber,37.25749493369603,5.858093087610366,22.520561994098237,7.306588900024233,5.508595556037851,4.848916770784997,245.7,aer,4096,outputs/Brickwork_entanglement/slurm_YYDPETGTWY_amber/replica_574/replica_574.pdb,outputs/Brickwork_entanglement/slurm_YYDPETGTWY_amber/replica_574/replica_574_ca.pdb
965,313297732,random,YYDPETGTWY,amber,659.083232746675,5.859507143720885,22.25395300514218,7.521284467725619,5.508595556037851,4.848916770784997,181.31,aer,4096,outputs/Brickwork_entanglement/slurm_YYDPETGTWY_amber/replica_965/replica_965.pdb,outputs/Brickwork_entanglement/slurm_YYDPETGTWY_amber/replica_965/replica_965_ca.pdb
638,313297405,random,YYDPETGTWY,amber,-48.18910281662706,5.8646546609313415,21.952374503067098,7.129737635663673,5.508595556037851,4.848916770784997,489.46,aer,4096,outputs/Brickwork_entanglement/slurm_YYDPETGTWY_amber/replica_638/replica_638.pdb,outputs/Brickwork_entanglement/slurm_YYDPETGTWY_amber/replica_638/replica_638_ca.pdb
925,313297692,random,YYDPETGTWY,amber,-81.50375428922518,5.881590097005663,21.5909420556463,7.3191850235141445,5.508595556037851,4.848916770784997,367.47,aer,4096,outputs/Brickwork_entanglement/slurm_YYDPETGTWY_amber/replica_925/replica_925.pdb,outputs/Brickwork_entanglement/slurm_YYDPETGTWY_amber/replica_925/replica_925_ca.pdb
839,313297606,random,YYDPETGTWY,amber,46.17928493966081,5.882012344088793,21.258169938046557,7.242041814632308,5.508595556037851,4.848916770784997,409.86,aer,4096,outputs/Brickwork_entanglement/slurm_YYDPETGTWY_amber/replica_839/replica_839.pdb,outputs/Brickwork_entanglement/slurm_YYDPETGTWY_amber/replica_839/replica_839_ca.pdb
583,313297350,random,YYDPETGTWY,amber,-3.9448692458443615,5.8827696601611565,19.995104159821164,7.425124335328832,5.508595556037851,4.848916770784997,325.49,aer,4096,outputs/Brickwork_entanglement/slurm_YYDPETGTWY_amber/replica_583/replica_583.pdb,outputs/Brickwork_entanglement/slurm_YYDPETGTWY_amber/replica_583/replica_583_ca.pdb
768,313297535,random,YYDPETGTWY,amber,98.71086678778452,5.887216059077158,21.389080886037412,7.252485688725524,5.508595556037851,4.848916770784997,339.74,aer,4096,outputs/Brickwork_entanglement/slurm_YYDPETGTWY_amber/replica_768/replica_768.pdb,outputs/Brickwork_entanglement/slurm_YYDPETGTWY_amber/replica_768/replica_768_ca.pdb
671,313297438,random,YYDPETGTWY,amber,17.16079121137532,5.8891880785590125,21.47469789579131,7.1848526672406985,5.508595556037851,4.848916770784997,217.81,aer,4096,outputs/Brickwork_entanglement/slurm_YYDPETGTWY_amber/replica_671/replica_671.pdb,outputs/Brickwork_entanglement/slurm_YYDPETGTWY_amber/replica_671/replica_671_ca.pdb
615,313297382,random,YYDPETGTWY,amber,-13.00779250407484,5.889282100467672,20.934991456496164,7.163560826743264,5.508595556037851,4.848916770784997,339.17,aer,4096,outputs/Brickwork_entanglement/slurm_YYDPETGTWY_amber/replica_615/replica_615.pdb,outputs/Brickwork_entanglement/slurm_YYDPETGTWY_amber/replica_615/replica_615_ca.pdb
643,313297410,random,YYDPETGTWY,amber,61.099629348578205,5.890155888095984,18.94138953095198,7.174883329916703,5.508595556037851,4.848916770784997,418.86,aer,4096,outputs/Brickwork_entanglement/slurm_YYDPETGTWY_amber/replica_643/replica_643.pdb,outputs/Brickwork_entanglement/slurm_YYDPETGTWY_amber/replica_643/replica_643_ca.pdb
891,313297658,random,YYDPETGTWY,amber,-2.49226217745768,5.890579677866494,21.724933990908063,7.200524231585937,5.508595556037851,4.848916770784997,246.8,aer,4096,outputs/Brickwork_entanglement/slurm_YYDPETGTWY_amber/replica_891/replica_891.pdb,outputs/Brickwork_entanglement/slurm_YYDPETGTWY_amber/replica_891/replica_891_ca.pdb
705,313297472,random,YYDPETGTWY,amber,-41.15061876953701,5.8919640287730095,22.395669292340447,7.354960246662212,5.508595556037851,4.848916770784997,192.79,aer,4096,outputs/Brickwork_entanglement/slurm_YYDPETGTWY_amber/replica_705/replica_705.pdb,outputs/Brickwork_entanglement/slurm_YYDPETGTWY_amber/replica_705/replica_705_ca.pdb
544,313297311,random,YYDPETGTWY,amber,-62.86199339182784,5.892322719248327,21.200359639943933,6.878940111557377,5.508595556037851,4.848916770784997,265.91,aer,4096,outputs/Brickwork_entanglement/slurm_YYDPETGTWY_amber/replica_544/replica_544.pdb,outputs/Brickwork_entanglement/slurm_YYDPETGTWY_amber/replica_544/replica_544_ca.pdb
934,313297701,random,YYDPETGTWY,amber,139.91865522253144,5.893462673219582,21.28017696154963,7.168375554519083,5.508595556037851,4.848916770784997,243.4,aer,4096,outputs/Brickwork_entanglement/slurm_YYDPETGTWY_amber/replica_934/replica_934.pdb,outputs/Brickwork_entanglement/slurm_YYDPETGTWY_amber/replica_934/replica_934_ca.pdb
449,313297216,random,YYDPETGTWY,amber,-4.5645655479958,5.895677198055574,20.701813383534454,7.01480506380696,5.508595556037851,4.848916770784997,193.45,aer,4096,outputs/Brickwork_entanglement/slurm_YYDPETGTWY_amber/replica_449/replica_449.pdb,outputs/Brickwork_entanglement/slurm_YYDPETGTWY_amber/replica_449/replica_449_ca.pdb
321,313297088,random,YYDPETGTWY,amber,11.92894029381974,5.895870221669569,21.39651386892207,7.289055562881159,5.508595556037851,4.848916770784997,274.31,aer,4096,outputs/Brickwork_entanglement/slurm_YYDPETGTWY_amber/replica_321/replica_321.pdb,outputs/Brickwork_entanglement/slurm_YYDPETGTWY_amber/replica_321/replica_321_ca.pdb
694,313297461,random,YYDPETGTWY,amber,19.915888583498333,5.8982890927103115,21.295786343980456,7.167568867790525,5.508595556037851,4.848916770784997,295.52,aer,4096,outputs/Brickwork_entanglement/slurm_YYDPETGTWY_amber/replica_694/replica_694.pdb,outputs/Brickwork_entanglement/slurm_YYDPETGTWY_amber/replica_694/replica_694_ca.pdb
301,313297068,random,YYDPETGTWY,amber,17.341511726281816,5.900810557680128,20.673885872563176,6.843074920714231,5.508595556037851,4.848916770784997,566.71,aer,4096,outputs/Brickwork_entanglement/slurm_YYDPETGTWY_amber/replica_301/replica_301.pdb,outputs/Brickwork_entanglement/slurm_YYDPETGTWY_amber/replica_301/replica_301_ca.pdb
226,313296993,random,YYDPETGTWY,amber,-7.256827425022012,5.905637917377953,20.649780601850583,6.829730469172631,5.508595556037851,4.848916770784997,340.14,aer,4096,outputs/Brickwork_entanglement/slurm_YYDPETGTWY_amber/replica_226/replica_226.pdb,outputs/Brickwork_entanglement/slurm_YYDPETGTWY_amber/replica_226/replica_226_ca.pdb
418,313297185,random,YYDPETGTWY,amber,-43.021647570865994,5.90738874736823,21.30031031375756,7.280207491986156,5.508595556037851,4.848916770784997,363.25,aer,4096,outputs/Brickwork_entanglement/slurm_YYDPETGTWY_amber/replica_418/replica_418.pdb,outputs/Brickwork_entanglement/slurm_YYDPETGTWY_amber/replica_418/replica_418_ca.pdb
956,313297723,random,YYDPETGTWY,amber,4.6369927262859285,5.908160301727119,21.475077872251436,7.486103430601528,5.508595556037851,4.848916770784997,210.29,aer,4096,outputs/Brickwork_entanglement/slurm_YYDPETGTWY_amber/replica_956/replica_956.pdb,outputs/Brickwork_entanglement/slurm_YYDPETGTWY_amber/replica_956/replica_956_ca.pdb
384,313297151,random,YYDPETGTWY,amber,-29.531549605987454,5.909442336500535,21.86982282584852,7.293043258568162,5.508595556037851,4.848916770784997,311.68,aer,4096,outputs/Brickwork_entanglement/slurm_YYDPETGTWY_amber/replica_384/replica_384.pdb,outputs/Brickwork_entanglement/slurm_YYDPETGTWY_amber/replica_384/replica_384_ca.pdb
650,313297417,random,YYDPETGTWY,amber,-51.396426738114926,5.91046133993641,21.691594264362468,6.840850250965249,5.508595556037851,4.848916770784997,243.0,aer,4096,outputs/Brickwork_entanglement/slurm_YYDPETGTWY_amber/replica_650/replica_650.pdb,outputs/Brickwork_entanglement/slurm_YYDPETGTWY_amber/replica_650/replica_650_ca.pdb
386,313297153,random,YYDPETGTWY,amber,50.70881375213336,5.91386722397493,22.18188793714594,7.4107719189442385,5.508595556037851,4.848916770784997,337.72,aer,4096,outputs/Brickwork_entanglement/slurm_YYDPETGTWY_amber/replica_386/replica_386.pdb,outputs/Brickwork_entanglement/slurm_YYDPETGTWY_amber/replica_386/replica_386_ca.pdb
431,313297198,random,YYDPETGTWY,amber,-19.54710657629314,5.915143316560757,21.267909081541987,7.1349067958937,5.508595556037851,4.848916770784997,237.5,aer,4096,outputs/Brickwork_entanglement/slurm_YYDPETGTWY_amber/replica_431/replica_431.pdb,outputs/Brickwork_entanglement/slurm_YYDPETGTWY_amber/replica_431/replica_431_ca.pdb
255,313297022,random,YYDPETGTWY,amber,-7.38283478432442,5.918536054393712,20.866887296888258,7.00570600697072,5.508595556037851,4.848916770784997,381.03,aer,4096,outputs/Brickwork_entanglement/slurm_YYDPETGTWY_amber/replica_255/replica_255.pdb,outputs/Brickwork_entanglement/slurm_YYDPETGTWY_amber/replica_255/replica_255_ca.pdb
282,313297049,random,YYDPETGTWY,amber,-57.69851771106548,5.920300054043589,20.43436244188901,7.018755439820498,5.508595556037851,4.848916770784997,325.53,aer,4096,outputs/Brickwork_entanglement/slurm_YYDPETGTWY_amber/replica_282/replica_282.pdb,outputs/Brickwork_entanglement/slurm_YYDPETGTWY_amber/replica_282/replica_282_ca.pdb
655,313297422,random,YYDPETGTWY,amber,52.302963915901515,5.920858501447123,19.85447076113941,7.435121187252861,5.508595556037851,4.848916770784997,282.81,aer,4096,outputs/Brickwork_entanglement/slurm_YYDPETGTWY_amber/replica_655/replica_655.pdb,outputs/Brickwork_entanglement/slurm_YYDPETGTWY_amber/replica_655/replica_655_ca.pdb
297,313297064,random,YYDPETGTWY,amber,107.411017091806,5.924254172486944,22.651759800010566,7.492706373740959,5.508595556037851,4.848916770784997,421.77,aer,4096,outputs/Brickwork_entanglement/slurm_YYDPETGTWY_amber/replica_297/replica_297.pdb,outputs/Brickwork_entanglement/slurm_YYDPETGTWY_amber/replica_297/replica_297_ca.pdb
754,313297521,random,YYDPETGTWY,amber,-26.796291599857174,5.924337149860175,21.06511983389612,7.546427029253702,5.508595556037851,4.848916770784997,286.7,aer,4096,outputs/Brickwork_entanglement/slurm_YYDPETGTWY_amber/replica_754/replica_754.pdb,outputs/Brickwork_entanglement/slurm_YYDPETGTWY_amber/replica_754/replica_754_ca.pdb
116,313296883,random,YYDPETGTWY,amber,101.4527327356944,5.925217996183034,20.688590794672503,7.191528019840048,5.508595556037851,4.848916770784997,250.86,aer,4096,outputs/Brickwork_entanglement/slurm_YYDPETGTWY_amber/replica_116/replica_116.pdb,outputs/Brickwork_entanglement/slurm_YYDPETGTWY_amber/replica_116/replica_116_ca.pdb
191,313296958,random,YYDPETGTWY,amber,12.166385505438328,5.9298099736468,17.535708754591205,6.6643459655877075,5.508595556037851,4.848916770784997,253.46,aer,4096,outputs/Brickwork_entanglement/slurm_YYDPETGTWY_amber/replica_191/replica_191.pdb,outputs/Brickwork_entanglement/slurm_YYDPETGTWY_amber/replica_191/replica_191_ca.pdb
726,313297493,random,YYDPETGTWY,amber,103.26078214944715,5.930512231866148,20.476705837135885,7.346632427314791,5.508595556037851,4.848916770784997,319.36,aer,4096,outputs/Brickwork_entanglement/slurm_YYDPETGTWY_amber/replica_726/replica_726.pdb,outputs/Brickwork_entanglement/slurm_YYDPETGTWY_amber/replica_726/replica_726_ca.pdb
579,313297346,random,YYDPETGTWY,amber,-3.79802878406568,5.934202367272196,22.717900522064834,7.25421189584267,5.508595556037851,4.848916770784997,276.18,aer,4096,outputs/Brickwork_entanglement/slurm_YYDPETGTWY_amber/replica_579/replica_579.pdb,outputs/Brickwork_entanglement/slurm_YYDPETGTWY_amber/replica_579/replica_579_ca.pdb
33,313296800,random,YYDPETGTWY,amber,-11.329787231938765,5.934814174062795,21.120136076285483,7.255052292443916,5.508595556037851,4.848916770784997,935.21,aer,4096,outputs/Brickwork_entanglement/slurm_YYDPETGTWY_amber/replica_33/replica_33.pdb,outputs/Brickwork_entanglement/slurm_YYDPETGTWY_amber/replica_33/replica_33_ca.pdb
311,313297078,random,YYDPETGTWY,amber,-66.20487240771367,5.936592853708077,21.497894088012178,7.701971051612898,5.508595556037851,4.848916770784997,310.34,aer,4096,outputs/Brickwork_entanglement/slurm_YYDPETGTWY_amber/replica_311/replica_311.pdb,outputs/Brickwork_entanglement/slurm_YYDPETGTWY_amber/replica_311/replica_311_ca.pdb
421,313297188,random,YYDPETGTWY,amber,-9.996384268724693,5.936990598532862,22.494088865129612,7.3522763954963555,5.508595556037851,4.848916770784997,180.05,aer,4096,outputs/Brickwork_entanglement/slurm_YYDPETGTWY_amber/replica_421/replica_421.pdb,outputs/Brickwork_entanglement/slurm_YYDPETGTWY_amber/replica_421/replica_421_ca.pdb
343,313297110,random,YYDPETGTWY,amber,18.890767875377577,5.939021945938629,20.530885467516075,7.449455053901825,5.508595556037851,4.848916770784997,205.38,aer,4096,outputs/Brickwork_entanglement/slurm_YYDPETGTWY_amber/replica_343/replica_343.pdb,outputs/Brickwork_entanglement/slurm_YYDPETGTWY_amber/replica_343/replica_343_ca.pdb
15,313296782,random,YYDPETGTWY,amber,-71.24802381481042,5.940408463454134,21.561751205743974,7.4122337910095055,5.508595556037851,4.848916770784997,1166.57,aer,4096,outputs/Brickwork_entanglement/slurm_YYDPETGTWY_amber/replica_15/replica_15.pdb,outputs/Brickwork_entanglement/slurm_YYDPETGTWY_amber/replica_15/replica_15_ca.pdb
63,313296830,random,YYDPETGTWY,amber,111.02421593645442,5.942089259861498,20.888068490850035,7.342272407027533,5.508595556037851,4.848916770784997,166.94,aer,4096,outputs/Brickwork_entanglement/slurm_YYDPETGTWY_amber/replica_63/replica_63.pdb,outputs/Brickwork_entanglement/slurm_YYDPETGTWY_amber/replica_63/replica_63_ca.pdb
887,313297654,random,YYDPETGTWY,amber,0.9224076792276786,5.942981268923327,18.252412501691754,6.725399075530405,5.508595556037851,4.848916770784997,242.65,aer,4096,outputs/Brickwork_entanglement/slurm_YYDPETGTWY_amber/replica_887/replica_887.pdb,outputs/Brickwork_entanglement/slurm_YYDPETGTWY_amber/replica_887/replica_887_ca.pdb
623,313297390,random,YYDPETGTWY,amber,-73.78866665997126,5.944251891919981,20.974724655246114,6.991977152528259,5.508595556037851,4.848916770784997,229.18,aer,4096,outputs/Brickwork_entanglement/slurm_YYDPETGTWY_amber/replica_623/replica_623.pdb,outputs/Brickwork_entanglement/slurm_YYDPETGTWY_amber/replica_623/replica_623_ca.pdb
53,313296820,random,YYDPETGTWY,amber,-27.240234400710836,5.946654377180802,20.725518818647856,7.211027249024285,5.508595556037851,4.848916770784997,311.34,aer,4096,outputs/Brickwork_entanglement/slurm_YYDPETGTWY_amber/replica_53/replica_53.pdb,outputs/Brickwork_entanglement/slurm_YYDPETGTWY_amber/replica_53/replica_53_ca.pdb
539,313297306,random,YYDPETGTWY,amber,-22.826700175108837,5.946990350884892,20.466842478656222,6.982795478717071,5.508595556037851,4.848916770784997,329.11,aer,4096,outputs/Brickwork_entanglement/slurm_YYDPETGTWY_amber/replica_539/replica_539.pdb,outputs/Brickwork_entanglement/slurm_YYDPETGTWY_amber/replica_539/replica_539_ca.pdb
821,313297588,random,YYDPETGTWY,amber,-70.08464095323282,5.947140622307882,21.451503312474372,7.017337162644475,5.508595556037851,4.848916770784997,253.49,aer,4096,outputs/Brickwork_entanglement/slurm_YYDPETGTWY_amber/replica_821/replica_821.pdb,outputs/Brickwork_entanglement/slurm_YYDPETGTWY_amber/replica_821/replica_821_ca.pdb
308,313297075,random,YYDPETGTWY,amber,-26.904305714207062,5.949724233255199,21.06748392406501,7.2324769564740174,5.508595556037851,4.848916770784997,363.18,aer,4096,outputs/Brickwork_entanglement/slurm_YYDPETGTWY_amber/replica_308/replica_308.pdb,outputs/Brickwork_entanglement/slurm_YYDPETGTWY_amber/replica_308/replica_308_ca.pdb
569,313297336,random,YYDPETGTWY,amber,-62.315623497045735,5.951315049427805,20.61123732371517,7.468140838862495,5.508595556037851,4.848916770784997,226.13,aer,4096,outputs/Brickwork_entanglement/slurm_YYDPETGTWY_amber/replica_569/replica_569.pdb,outputs/Brickwork_entanglement/slurm_YYDPETGTWY_amber/replica_569/replica_569_ca.pdb
910,313297677,random,YYDPETGTWY,amber,72.09223836274711,5.952825453072385,18.933403874944478,7.030362569185554,5.508595556037851,4.848916770784997,302.67,aer,4096,outputs/Brickwork_entanglement/slurm_YYDPETGTWY_amber/replica_910/replica_910.pdb,outputs/Brickwork_entanglement/slurm_YYDPETGTWY_amber/replica_910/replica_910_ca.pdb
3,313296770,random,YYDPETGTWY,amber,-26.665708374683597,5.953377545857688,22.651591924784196,7.499543551030202,5.508595556037851,4.848916770784997,1257.23,aer,4096,outputs/Brickwork_entanglement/slurm_YYDPETGTWY_amber/replica_3/replica_3.pdb,outputs/Brickwork_entanglement/slurm_YYDPETGTWY_amber/replica_3/replica_3_ca.pdb
245,313297012,random,YYDPETGTWY,amber,9.748020708719581,5.953486416442138,19.02972839529397,6.684548574372983,5.508595556037851,4.848916770784997,366.96,aer,4096,outputs/Brickwork_entanglement/slurm_YYDPETGTWY_amber/replica_245/replica_245.pdb,outputs/Brickwork_entanglement/slurm_YYDPETGTWY_amber/replica_245/replica_245_ca.pdb
731,313297498,random,YYDPETGTWY,amber,13.89844480285011,5.954604348875447,21.999612593743706,7.214323944687157,5.508595556037851,4.848916770784997,327.83,aer,4096,outputs/Brickwork_entanglement/slurm_YYDPETGTWY_amber/replica_731/replica_731.pdb,outputs/Brickwork_entanglement/slurm_YYDPETGTWY_amber/replica_731/replica_731_ca.pdb
21,313296788,random,YYDPETGTWY,amber,-12.673198466642713,5.960874637657422,21.26435742252523,7.083164900094717,5.508595556037851,4.848916770784997,1301.53,aer,4096,outputs/Brickwork_entanglement/slurm_YYDPETGTWY_amber/replica_21/replica_21.pdb,outputs/Brickwork_entanglement/slurm_YYDPETGTWY_amber/replica_21/replica_21_ca.pdb
294,313297061,random,YYDPETGTWY,amber,-28.716818550698708,5.964184915767035,21.722973738596263,7.194700387545122,5.508595556037851,4.848916770784997,251.94,aer,4096,outputs/Brickwork_entanglement/slurm_YYDPETGTWY_amber/replica_294/replica_294.pdb,outputs/Brickwork_entanglement/slurm_YYDPETGTWY_amber/replica_294/replica_294_ca.pdb
388,313297155,random,YYDPETGTWY,amber,5.442818691289654,5.972418053897559,20.127659982511105,7.047050844112214,5.508595556037851,4.848916770784997,283.52,aer,4096,outputs/Brickwork_entanglement/slurm_YYDPETGTWY_amber/replica_388/replica_388.pdb,outputs/Brickwork_entanglement/slurm_YYDPETGTWY_amber/replica_388/replica_388_ca.pdb
590,313297357,random,YYDPETGTWY,amber,-21.046676924681027,5.972783949068683,22.033117363577162,7.223116515770742,5.508595556037851,4.848916770784997,329.92,aer,4096,outputs/Brickwork_entanglement/slurm_YYDPETGTWY_amber/replica_590/replica_590.pdb,outputs/Brickwork_entanglement/slurm_YYDPETGTWY_amber/replica_590/replica_590_ca.pdb
137,313296904,random,YYDPETGTWY,amber,-36.429324587280945,5.973598579292474,21.675553809367102,7.307655626360815,5.508595556037851,4.848916770784997,400.17,aer,4096,outputs/Brickwork_entanglement/slurm_YYDPETGTWY_amber/replica_137/replica_137.pdb,outputs/Brickwork_entanglement/slurm_YYDPETGTWY_amber/replica_137/replica_137_ca.pdb
608,313297375,random,YYDPETGTWY,amber,77.26801840371128,5.976632840719086,22.158668049851794,7.308819941798324,5.508595556037851,4.848916770784997,426.46,aer,4096,outputs/Brickwork_entanglement/slurm_YYDPETGTWY_amber/replica_608/replica_608.pdb,outputs/Brickwork_entanglement/slurm_YYDPETGTWY_amber/replica_608/replica_608_ca.pdb
844,313297611,random,YYDPETGTWY,amber,-42.538961294765265,5.9850819283156,23.177354991533612,7.396398292493025,5.508595556037851,4.848916770784997,203.12,aer,4096,outputs/Brickwork_entanglement/slurm_YYDPETGTWY_amber/replica_844/replica_844.pdb,outputs/Brickwork_entanglement/slurm_YYDPETGTWY_amber/replica_844/replica_844_ca.pdb
201,313296968,random,YYDPETGTWY,amber,5.346935506263653,5.987268371763438,22.404444478595952,7.411666649954132,5.508595556037851,4.848916770784997,237.75,aer,4096,outputs/Brickwork_entanglement/slurm_YYDPETGTWY_amber/replica_201/replica_201.pdb,outputs/Brickwork_entanglement/slurm_YYDPETGTWY_amber/replica_201/replica_201_ca.pdb
269,313297036,random,YYDPETGTWY,amber,17.784452650476233,5.98807884220148,19.69498199452087,6.717009300142999,5.508595556037851,4.848916770784997,268.8,aer,4096,outputs/Brickwork_entanglement/slurm_YYDPETGTWY_amber/replica_269/replica_269.pdb,outputs/Brickwork_entanglement/slurm_YYDPETGTWY_amber/replica_269/replica_269_ca.pdb
743,313297510,random,YYDPETGTWY,amber,8.443023146002174,5.998389072465816,21.76500797340189,7.1530991319989266,5.508595556037851,4.848916770784997,410.81,aer,4096,outputs/Brickwork_entanglement/slurm_YYDPETGTWY_amber/replica_743/replica_743.pdb,outputs/Brickwork_entanglement/slurm_YYDPETGTWY_amber/replica_743/replica_743_ca.pdb
997,313297764,random,YYDPETGTWY,amber,-87.13977770027712,5.998663486868758,20.963875259006002,7.526431895214514,5.508595556037851,4.848916770784997,289.9,aer,4096,outputs/Brickwork_entanglement/slurm_YYDPETGTWY_amber/replica_997/replica_997.pdb,outputs/Brickwork_entanglement/slurm_YYDPETGTWY_amber/replica_997/replica_997_ca.pdb
609,313297376,random,YYDPETGTWY,amber,-97.40957960359907,5.999090966157443,22.192307572358832,7.414853206074898,5.508595556037851,4.848916770784997,256.38,aer,4096,outputs/Brickwork_entanglement/slurm_YYDPETGTWY_amber/replica_609/replica_609.pdb,outputs/Brickwork_entanglement/slurm_YYDPETGTWY_amber/replica_609/replica_609_ca.pdb
566,313297333,random,YYDPETGTWY,amber,-58.325350210087166,6.000011053502744,20.795166566872854,7.255909958528655,5.508595556037851,4.848916770784997,273.42,aer,4096,outputs/Brickwork_entanglement/slurm_YYDPETGTWY_amber/replica_566/replica_566.pdb,outputs/Brickwork_entanglement/slurm_YYDPETGTWY_amber/replica_566/replica_566_ca.pdb
423,313297190,random,YYDPETGTWY,amber,-44.30020449010919,6.002926737505314,22.603453403439826,7.194077809266977,5.508595556037851,4.848916770784997,387.78,aer,4096,outputs/Brickwork_entanglement/slurm_YYDPETGTWY_amber/replica_423/replica_423.pdb,outputs/Brickwork_entanglement/slurm_YYDPETGTWY_amber/replica_423/replica_423_ca.pdb
677,313297444,random,YYDPETGTWY,amber,-2.6167327666611433,6.003003842351254,22.419909172688786,7.367824362704463,5.508595556037851,4.848916770784997,219.18,aer,4096,outputs/Brickwork_entanglement/slurm_YYDPETGTWY_amber/replica_677/replica_677.pdb,outputs/Brickwork_entanglement/slurm_YYDPETGTWY_amber/replica_677/replica_677_ca.pdb
398,313297165,random,YYDPETGTWY,amber,-34.91801753482052,6.006558485187264,21.215022906703425,7.4036206633063415,5.508595556037851,4.848916770784997,275.54,aer,4096,outputs/Brickwork_entanglement/slurm_YYDPETGTWY_amber/replica_398/replica_398.pdb,outputs/Brickwork_entanglement/slurm_YYDPETGTWY_amber/replica_398/replica_398_ca.pdb
32,313296799,random,YYDPETGTWY,amber,-71.37668669685267,6.0100748263475525,22.52806909102546,7.55801571854909,5.508595556037851,4.848916770784997,1209.36,aer,4096,outputs/Brickwork_entanglement/slurm_YYDPETGTWY_amber/replica_32/replica_32.pdb,outputs/Brickwork_entanglement/slurm_YYDPETGTWY_amber/replica_32/replica_32_ca.pdb
708,313297475,random,YYDPETGTWY,amber,14.349865783541983,6.0115267934991765,20.53689345746394,6.969886386714086,5.508595556037851,4.848916770784997,175.02,aer,4096,outputs/Brickwork_entanglement/slurm_YYDPETGTWY_amber/replica_708/replica_708.pdb,outputs/Brickwork_entanglement/slurm_YYDPETGTWY_amber/replica_708/replica_708_ca.pdb
994,313297761,random,YYDPETGTWY,amber,82.77500280383673,6.0127085769421456,21.23546081649774,7.465586701407558,5.508595556037851,4.848916770784997,354.18,aer,4096,outputs/Brickwork_entanglement/slurm_YYDPETGTWY_amber/replica_994/replica_994.pdb,outputs/Brickwork_entanglement/slurm_YYDPETGTWY_amber/replica_994/replica_994_ca.pdb
143,313296910,random,YYDPETGTWY,amber,-36.55712989322394,6.01437335189945,21.951539080199023,7.134386862731158,5.508595556037851,4.848916770784997,342.14,aer,4096,outputs/Brickwork_entanglement/slurm_YYDPETGTWY_amber/replica_143/replica_143.pdb,outputs/Brickwork_entanglement/slurm_YYDPETGTWY_amber/replica_143/replica_143_ca.pdb
300,313297067,random,YYDPETGTWY,amber,25.279847189120538,6.017080752644482,20.90458915723688,7.522219761120355,5.508595556037851,4.848916770784997,424.7,aer,4096,outputs/Brickwork_entanglement/slurm_YYDPETGTWY_amber/replica_300/replica_300.pdb,outputs/Brickwork_entanglement/slurm_YYDPETGTWY_amber/replica_300/replica_300_ca.pdb
818,313297585,random,YYDPETGTWY,amber,49.245446883898104,6.018480876116434,21.008808748090864,7.325031044720388,5.508595556037851,4.848916770784997,436.77,aer,4096,outputs/Brickwork_entanglement/slurm_YYDPETGTWY_amber/replica_818/replica_818.pdb,outputs/Brickwork_entanglement/slurm_YYDPETGTWY_amber/replica_818/replica_818_ca.pdb
790,313297557,random,YYDPETGTWY,amber,-10.316097318950803,6.0191175838042685,20.916520974691625,6.752962784073053,5.508595556037851,4.848916770784997,253.2,aer,4096,outputs/Brickwork_entanglement/slurm_YYDPETGTWY_amber/replica_790/replica_790.pdb,outputs/Brickwork_entanglement/slurm_YYDPETGTWY_amber/replica_790/replica_790_ca.pdb
808,313297575,random,YYDPETGTWY,amber,2.132089252664445,6.020582054440682,21.29884129222936,7.089472370549787,5.508595556037851,4.848916770784997,279.68,aer,4096,outputs/Brickwork_entanglement/slurm_YYDPETGTWY_amber/replica_808/replica_808.pdb,outputs/Brickwork_entanglement/slurm_YYDPETGTWY_amber/replica_808/replica_808_ca.pdb
684,313297451,random,YYDPETGTWY,amber,-19.152047185300166,6.023379394064033,22.17842071214306,7.25670836204191,5.508595556037851,4.848916770784997,247.93,aer,4096,outputs/Brickwork_entanglement/slurm_YYDPETGTWY_amber/replica_684/replica_684.pdb,outputs/Brickwork_entanglement/slurm_YYDPETGTWY_amber/replica_684/replica_684_ca.pdb
230,313296997,random,YYDPETGTWY,amber,-44.46898069193166,6.026706720361689,20.934429902410976,7.374785185300226,5.508595556037851,4.848916770784997,198.24,aer,4096,outputs/Brickwork_entanglement/slurm_YYDPETGTWY_amber/replica_230/replica_230.pdb,outputs/Brickwork_entanglement/slurm_YYDPETGTWY_amber/replica_230/replica_230_ca.pdb
433,313297200,random,YYDPETGTWY,amber,-0.8754201770634564,6.027986606092677,22.280656707954495,7.2477289965691485,5.508595556037851,4.848916770784997,286.45,aer,4096,outputs/Brickwork_entanglement/slurm_YYDPETGTWY_amber/replica_433/replica_433.pdb,outputs/Brickwork_entanglement/slurm_YYDPETGTWY_amber/replica_433/replica_433_ca.pdb
17,313296784,random,YYDPETGTWY,amber,-83.08024629237997,6.028408571083169,21.742391958883015,7.641104455546049,5.508595556037851,4.848916770784997,1162.57,aer,4096,outputs/Brickwork_entanglement/slurm_YYDPETGTWY_amber/replica_17/replica_17.pdb,outputs/Brickwork_entanglement/slurm_YYDPETGTWY_amber/replica_17/replica_17_ca.pdb
614,313297381,random,YYDPETGTWY,amber,18.97926955906589,6.03047265082576,21.53897006319613,7.1173650223175144,5.508595556037851,4.848916770784997,307.23,aer,4096,outputs/Brickwork_entanglement/slurm_YYDPETGTWY_amber/replica_614/replica_614.pdb,outputs/Brickwork_entanglement/slurm_YYDPETGTWY_amber/replica_614/replica_614_ca.pdb
941,313297708,random,YYDPETGTWY,amber,-54.62636925151313,6.035079866043925,21.473858540556456,7.097408615422267,5.508595556037851,4.848916770784997,307.8,aer,4096,outputs/Brickwork_entanglement/slurm_YYDPETGTWY_amber/replica_941/replica_941.pdb,outputs/Brickwork_entanglement/slurm_YYDPETGTWY_amber/replica_941/replica_941_ca.pdb
436,313297203,random,YYDPETGTWY,amber,16.50011122640774,6.035357495942324,21.998086211048662,7.413747969661234,5.508595556037851,4.848916770784997,321.73,aer,4096,outputs/Brickwork_entanglement/slurm_YYDPETGTWY_amber/replica_436/replica_436.pdb,outputs/Brickwork_entanglement/slurm_YYDPETGTWY_amber/replica_436/replica_436_ca.pdb
710,313297477,random,YYDPETGTWY,amber,-63.16761957961436,6.035676170415993,21.460958102704208,7.142323126726218,5.508595556037851,4.848916770784997,267.53,aer,4096,outputs/Brickwork_entanglement/slurm_YYDPETGTWY_amber/replica_710/replica_710.pdb,outputs/Brickwork_entanglement/slurm_YYDPETGTWY_amber/replica_710/replica_710_ca.pdb
527,313297294,random,YYDPETGTWY,amber,833.6825715721967,6.035768836677256,21.55152176249036,7.198349301481369,5.508595556037851,4.848916770784997,134.9,aer,4096,outputs/Brickwork_entanglement/slurm_YYDPETGTWY_amber/replica_527/replica_527.pdb,outputs/Brickwork_entanglement/slurm_YYDPETGTWY_amber/replica_527/replica_527_ca.pdb
982,313297749,random,YYDPETGTWY,amber,40.829109822815184,6.036084575149926,21.367581317755338,7.140892454082381,5.508595556037851,4.848916770784997,272.39,aer,4096,outputs/Brickwork_entanglement/slurm_YYDPETGTWY_amber/replica_982/replica_982.pdb,outputs/Brickwork_entanglement/slurm_YYDPETGTWY_amber/replica_982/replica_982_ca.pdb
715,313297482,random,YYDPETGTWY,amber,82.62772568484837,6.038542448614038,21.32814868288662,7.11341507448042,5.508595556037851,4.848916770784997,285.94,aer,4096,outputs/Brickwork_entanglement/slurm_YYDPETGTWY_amber/replica_715/replica_715.pdb,outputs/Brickwork_entanglement/slurm_YYDPETGTWY_amber/replica_715/replica_715_ca.pdb
322,313297089,random,YYDPETGTWY,amber,75.31877244551971,6.039252800392002,21.96061755596117,7.2370494214791545,5.508595556037851,4.848916770784997,300.96,aer,4096,outputs/Brickwork_entanglement/slurm_YYDPETGTWY_amber/replica_322/replica_322.pdb,outputs/Brickwork_entanglement/slurm_YYDPETGTWY_amber/replica_322/replica_322_ca.pdb
628,313297395,random,YYDPETGTWY,amber,-16.513361967192274,6.039865030315396,21.050977492154356,7.306844005466238,5.508595556037851,4.848916770784997,248.62,aer,4096,outputs/Brickwork_entanglement/slurm_YYDPETGTWY_amber/replica_628/replica_628.pdb,outputs/Brickwork_entanglement/slurm_YYDPETGTWY_amber/replica_628/replica_628_ca.pdb
103,313296870,random,YYDPETGTWY,amber,10.285019994896013,6.041976953237187,21.894860297532194,7.2784121988439585,5.508595556037851,4.848916770784997,245.23,aer,4096,outputs/Brickwork_entanglement/slurm_YYDPETGTWY_amber/replica_103/replica_103.pdb,outputs/Brickwork_entanglement/slurm_YYDPETGTWY_amber/replica_103/replica_103_ca.pdb
738,313297505,random,YYDPETGTWY,amber,-57.781666092871895,6.045771447582524,22.100415967982087,7.262616888611657,5.508595556037851,4.848916770784997,263.53,aer,4096,outputs/Brickwork_entanglement/slurm_YYDPETGTWY_amber/replica_738/replica_738.pdb,outputs/Brickwork_entanglement/slurm_YYDPETGTWY_amber/replica_738/replica_738_ca.pdb
339,313297106,random,YYDPETGTWY,amber,9.032607346039015,6.047066804064004,22.101026903624348,7.266906443567445,5.508595556037851,4.848916770784997,392.62,aer,4096,outputs/Brickwork_entanglement/slurm_YYDPETGTWY_amber/replica_339/replica_339.pdb,outputs/Brickwork_entanglement/slurm_YYDPETGTWY_amber/replica_339/replica_339_ca.pdb
932,313297699,random,YYDPETGTWY,amber,58.838909637683074,6.049316603472702,22.421274076255816,7.069265617573096,5.508595556037851,4.848916770784997,348.63,aer,4096,outputs/Brickwork_entanglement/slurm_YYDPETGTWY_amber/replica_932/replica_932.pdb,outputs/Brickwork_entanglement/slurm_YYDPETGTWY_amber/replica_932/replica_932_ca.pdb
510,313297277,random,YYDPETGTWY,amber,-26.2753373363715,6.052488036213962,21.76849606104822,7.272644488439512,5.508595556037851,4.848916770784997,281.65,aer,4096,outputs/Brickwork_entanglement/slurm_YYDPETGTWY_amber/replica_510/replica_510.pdb,outputs/Brickwork_entanglement/slurm_YYDPETGTWY_amber/replica_510/replica_510_ca.pdb
266,313297033,random,YYDPETGTWY,amber,-20.036685991079338,6.052690480772828,21.698568388432765,7.103613366503988,5.508595556037851,4.848916770784997,460.73,aer,4096,outputs/Brickwork_entanglement/slurm_YYDPETGTWY_amber/replica_266/replica_266.pdb,outputs/Brickwork_entanglement/slurm_YYDPETGTWY_amber/replica_266/replica_266_ca.pdb
523,313297290,random,YYDPETGTWY,amber,-28.708742795160042,6.054953411892007,21.827801549123958,7.441212661961815,5.508595556037851,4.848916770784997,264.9,aer,4096,outputs/Brickwork_entanglement/slurm_YYDPETGTWY_amber/replica_523/replica_523.pdb,outputs/Brickwork_entanglement/slurm_YYDPETGTWY_amber/replica_523/replica_523_ca.pdb
354,313297121,random,YYDPETGTWY,amber,18.5977319013982,6.056633643029348,20.046576930852357,7.305627365307579,5.508595556037851,4.848916770784997,320.53,aer,4096,outputs/Brickwork_entanglement/slurm_YYDPETGTWY_amber/replica_354/replica_354.pdb,outputs/Brickwork_entanglement/slurm_YYDPETGTWY_amber/replica_354/replica_354_ca.pdb
180,313296947,random,YYDPETGTWY,amber,-47.81883188685526,6.056729400010217,23.257382051512135,7.870561445194227,5.508595556037851,4.848916770784997,249.3,aer,4096,outputs/Brickwork_entanglement/slurm_YYDPETGTWY_amber/replica_180/replica_180.pdb,outputs/Brickwork_entanglement/slurm_YYDPETGTWY_amber/replica_180/replica_180_ca.pdb
8,313296775,random,YYDPETGTWY,amber,-100.51360703317535,6.057105351315976,21.871176435040184,7.276167948618371,5.508595556037851,4.848916770784997,1158.66,aer,4096,outputs/Brickwork_entanglement/slurm_YYDPETGTWY_amber/replica_8/replica_8.pdb,outputs/Brickwork_entanglement/slurm_YYDPETGTWY_amber/replica_8/replica_8_ca.pdb
107,313296874,random,YYDPETGTWY,amber,0.3787034153032708,6.058643611521772,21.794684558576687,7.191026733332129,5.508595556037851,4.848916770784997,357.16,aer,4096,outputs/Brickwork_entanglement/slurm_YYDPETGTWY_amber/replica_107/replica_107.pdb,outputs/Brickwork_entanglement/slurm_YYDPETGTWY_amber/replica_107/replica_107_ca.pdb
622,313297389,random,YYDPETGTWY,amber,-6.751226745806348,6.059056540353281,22.310912387328642,7.529163576562889,5.508595556037851,4.848916770784997,389.18,aer,4096,outputs/Brickwork_entanglement/slurm_YYDPETGTWY_amber/replica_622/replica_622.pdb,outputs/Brickwork_entanglement/slurm_YYDPETGTWY_amber/replica_622/replica_622_ca.pdb
962,313297729,random,YYDPETGTWY,amber,5.858765480883204,6.06408272831151,21.017552250822803,7.521508932985224,5.508595556037851,4.848916770784997,190.97,aer,4096,outputs/Brickwork_entanglement/slurm_YYDPETGTWY_amber/replica_962/replica_962.pdb,outputs/Brickwork_entanglement/slurm_YYDPETGTWY_amber/replica_962/replica_962_ca.pdb
219,313296986,random,YYDPETGTWY,amber,32.403967538457806,6.072156936988319,22.42156692932768,7.250654717326154,5.508595556037851,4.848916770784997,332.43,aer,4096,outputs/Brickwork_entanglement/slurm_YYDPETGTWY_amber/replica_219/replica_219.pdb,outputs/Brickwork_entanglement/slurm_YYDPETGTWY_amber/replica_219/replica_219_ca.pdb
861,313297628,random,YYDPETGTWY,amber,-6.109417810097166,6.0728250928095315,22.509430915629714,7.31650586598094,5.508595556037851,4.848916770784997,333.6,aer,4096,outputs/Brickwork_entanglement/slurm_YYDPETGTWY_amber/replica_861/replica_861.pdb,outputs/Brickwork_entanglement/slurm_YYDPETGTWY_amber/replica_861/replica_861_ca.pdb
672,313297439,random,YYDPETGTWY,amber,-21.553299862759683,6.073049605453742,19.436498514554813,7.016692953663752,5.508595556037851,4.848916770784997,364.51,aer,4096,outputs/Brickwork_entanglement/slurm_YYDPETGTWY_amber/replica_672/replica_672.pdb,outputs/Brickwork_entanglement/slurm_YYDPETGTWY_amber/replica_672/replica_672_ca.pdb
394,313297161,random,YYDPETGTWY,amber,-10.496739677326547,6.076892621126743,23.05173244200097,7.460443016011045,5.508595556037851,4.848916770784997,396.48,aer,4096,outputs/Brickwork_entanglement/slurm_YYDPETGTWY_amber/replica_394/replica_394.pdb,outputs/Brickwork_entanglement/slurm_YYDPETGTWY_amber/replica_394/replica_394_ca.pdb
595,313297362,random,YYDPETGTWY,amber,-8.685709217804018,6.077216776593861,21.207379429340396,7.177479226508703,5.508595556037851,4.848916770784997,417.0,aer,4096,outputs/Brickwork_entanglement/slurm_YYDPETGTWY_amber/replica_595/replica_595.pdb,outputs/Brickwork_entanglement/slurm_YYDPETGTWY_amber/replica_595/replica_595_ca.pdb
507,313297274,random,YYDPETGTWY,amber,90.84804046615986,6.080912777927343,22.322928313468868,7.478926717471505,5.508595556037851,4.848916770784997,262.79,aer,4096,outputs/Brickwork_entanglement/slurm_YYDPETGTWY_amber/replica_507/replica_507.pdb,outputs/Brickwork_entanglement/slurm_YYDPETGTWY_amber/replica_507/replica_507_ca.pdb
240,313297007,random,YYDPETGTWY,amber,-12.325228374180874,6.085221910105296,22.8242499024349,7.370587731432956,5.508595556037851,4.848916770784997,351.08,aer,4096,outputs/Brickwork_entanglement/slurm_YYDPETGTWY_amber/replica_240/replica_240.pdb,outputs/Brickwork_entanglement/slurm_YYDPETGTWY_amber/replica_240/replica_240_ca.pdb
589,313297356,random,YYDPETGTWY,amber,39.11893237709376,6.093365921879002,21.286665935415982,7.469066605267726,5.508595556037851,4.848916770784997,209.67,aer,4096,outputs/Brickwork_entanglement/slurm_YYDPETGTWY_amber/replica_589/replica_589.pdb,outputs/Brickwork_entanglement/slurm_YYDPETGTWY_amber/replica_589/replica_589_ca.pdb
252,313297019,random,YYDPETGTWY,amber,-19.598316969936096,6.094616152298534,21.88776087904755,7.452365445684473,5.508595556037851,4.848916770784997,237.67,aer,4096,outputs/Brickwork_entanglement/slurm_YYDPETGTWY_amber/replica_252/replica_252.pdb,outputs/Brickwork_entanglement/slurm_YYDPETGTWY_amber/replica_252/replica_252_ca.pdb
183,313296950,random,YYDPETGTWY,amber,27.434051291064097,6.09694313793428,19.8319470318684,6.884731114940579,5.508595556037851,4.848916770784997,198.37,aer,4096,outputs/Brickwork_entanglement/slurm_YYDPETGTWY_amber/replica_183/replica_183.pdb,outputs/Brickwork_entanglement/slurm_YYDPETGTWY_amber/replica_183/replica_183_ca.pdb
828,313297595,random,YYDPETGTWY,amber,170.95834020952418,6.097213213488921,21.948772242286232,7.1844026317809,5.508595556037851,4.848916770784997,208.08,aer,4096,outputs/Brickwork_entanglement/slurm_YYDPETGTWY_amber/replica_828/replica_828.pdb,outputs/Brickwork_entanglement/slurm_YYDPETGTWY_amber/replica_828/replica_828_ca.pdb
605,313297372,random,YYDPETGTWY,amber,-27.494277775721326,6.099163278520805,21.63886324642792,7.199626543498151,5.508595556037851,4.848916770784997,317.84,aer,4096,outputs/Brickwork_entanglement/slurm_YYDPETGTWY_amber/replica_605/replica_605.pdb,outputs/Brickwork_entanglement/slurm_YYDPETGTWY_amber/replica_605/replica_605_ca.pdb
69,313296836,random,YYDPETGTWY,amber,-3.194180253485743,6.100236104555901,23.13981448384888,7.6397196275688914,5.508595556037851,4.848916770784997,248.62,aer,4096,outputs/Brickwork_entanglement/slurm_YYDPETGTWY_amber/replica_69/replica_69.pdb,outputs/Brickwork_entanglement/slurm_YYDPETGTWY_amber/replica_69/replica_69_ca.pdb
351,313297118,random,YYDPETGTWY,amber,9.155207442074792,6.102036658005955,22.528206650501918,7.232956557370165,5.508595556037851,4.848916770784997,246.88,aer,4096,outputs/Brickwork_entanglement/slurm_YYDPETGTWY_amber/replica_351/replica_351.pdb,outputs/Brickwork_entanglement/slurm_YYDPETGTWY_amber/replica_351/replica_351_ca.pdb
397,313297164,random,YYDPETGTWY,amber,-1.0352900414335728,6.1021485720255715,21.631564881207403,7.0671039868330645,5.508595556037851,4.848916770784997,230.51,aer,4096,outputs/Brickwork_entanglement/slurm_YYDPETGTWY_amber/replica_397/replica_397.pdb,outputs/Brickwork_entanglement/slurm_YYDPETGTWY_amber/replica_397/replica_397_ca.pdb
771,313297538,random,YYDPETGTWY,amber,79.21058839488484,6.104800769935793,22.459799569429677,7.375073287125889,5.508595556037851,4.848916770784997,211.66,aer,4096,outputs/Brickwork_entanglement/slurm_YYDPETGTWY_amber/replica_771/replica_771.pdb,outputs/Brickwork_entanglement/slurm_YYDPETGTWY_amber/replica_771/replica_771_ca.pdb
886,313297653,random,YYDPETGTWY,amber,101.4238416686855,6.105700593819185,22.780871499257188,7.550886037418816,5.508595556037851,4.848916770784997,388.98,aer,4096,outputs/Brickwork_entanglement/slurm_YYDPETGTWY_amber/replica_886/replica_886.pdb,outputs/Brickwork_entanglement/slurm_YYDPETGTWY_amber/replica_886/replica_886_ca.pdb
58,313296825,random,YYDPETGTWY,amber,-43.3004760303169,6.110201113113305,20.555283845915884,7.254906772410344,5.508595556037851,4.848916770784997,284.92,aer,4096,outputs/Brickwork_entanglement/slurm_YYDPETGTWY_amber/replica_58/replica_58.pdb,outputs/Brickwork_entanglement/slurm_YYDPETGTWY_amber/replica_58/replica_58_ca.pdb
829,313297596,random,YYDPETGTWY,amber,-45.810265641066614,6.110496959488412,22.845698439572455,7.373544186778128,5.508595556037851,4.848916770784997,185.5,aer,4096,outputs/Brickwork_entanglement/slurm_YYDPETGTWY_amber/replica_829/replica_829.pdb,outputs/Brickwork_entanglement/slurm_YYDPETGTWY_amber/replica_829/replica_829_ca.pdb
867,313297634,random,YYDPETGTWY,amber,-60.63612405933986,6.112517773370083,22.28185940298868,7.294904327408877,5.508595556037851,4.848916770784997,384.47,aer,4096,outputs/Brickwork_entanglement/slurm_YYDPETGTWY_amber/replica_867/replica_867.pdb,outputs/Brickwork_entanglement/slurm_YYDPETGTWY_amber/replica_867/replica_867_ca.pdb
746,313297513,random,YYDPETGTWY,amber,36.890448024983456,6.112643705238588,21.44596284357087,7.366372949982446,5.508595556037851,4.848916770784997,319.94,aer,4096,outputs/Brickwork_entanglement/slurm_YYDPETGTWY_amber/replica_746/replica_746.pdb,outputs/Brickwork_entanglement/slurm_YYDPETGTWY_amber/replica_746/replica_746_ca.pdb
391,313297158,random,YYDPETGTWY,amber,25.92817648798405,6.1126788931935865,21.6421126487447,7.210298749879769,5.508595556037851,4.848916770784997,270.34,aer,4096,outputs/Brickwork_entanglement/slurm_YYDPETGTWY_amber/replica_391/replica_391.pdb,outputs/Brickwork_entanglement/slurm_YYDPETGTWY_amber/replica_391/replica_391_ca.pdb
248,313297015,random,YYDPETGTWY,amber,-31.111351657167962,6.118122271702007,22.43022508297534,7.296329343400913,5.508595556037851,4.848916770784997,411.92,aer,4096,outputs/Brickwork_entanglement/slurm_YYDPETGTWY_amber/replica_248/replica_248.pdb,outputs/Brickwork_entanglement/slurm_YYDPETGTWY_amber/replica_248/replica_248_ca.pdb
27,313296794,random,YYDPETGTWY,amber,516.8528808505669,6.1194041583229515,21.633344730377893,7.141599305447794,5.508595556037851,4.848916770784997,1192.38,aer,4096,outputs/Brickwork_entanglement/slurm_YYDPETGTWY_amber/replica_27/replica_27.pdb,outputs/Brickwork_entanglement/slurm_YYDPETGTWY_amber/replica_27/replica_27_ca.pdb
875,313297642,random,YYDPETGTWY,amber,61.54732590591186,6.119710448188786,21.778595802019822,7.04579876678003,5.508595556037851,4.848916770784997,398.65,aer,4096,outputs/Brickwork_entanglement/slurm_YYDPETGTWY_amber/replica_875/replica_875.pdb,outputs/Brickwork_entanglement/slurm_YYDPETGTWY_amber/replica_875/replica_875_ca.pdb
406,313297173,random,YYDPETGTWY,amber,-22.49688811300497,6.120243057021504,23.52853689621012,7.591962653197607,5.508595556037851,4.848916770784997,292.57,aer,4096,outputs/Brickwork_entanglement/slurm_YYDPETGTWY_amber/replica_406/replica_406.pdb,outputs/Brickwork_entanglement/slurm_YYDPETGTWY_amber/replica_406/replica_406_ca.pdb
550,313297317,random,YYDPETGTWY,amber,56.73893328590923,6.12240603509127,22.75126302767405,7.573864957979814,5.508595556037851,4.848916770784997,239.14,aer,4096,outputs/Brickwork_entanglement/slurm_YYDPETGTWY_amber/replica_550/replica_550.pdb,outputs/Brickwork_entanglement/slurm_YYDPETGTWY_amber/replica_550/replica_550_ca.pdb
981,313297748,random,YYDPETGTWY,amber,21.058803386382348,6.12365919567543,22.2177135212308,7.417856310300871,5.508595556037851,4.848916770784997,520.07,aer,4096,outputs/Brickwork_entanglement/slurm_YYDPETGTWY_amber/replica_981/replica_981.pdb,outputs/Brickwork_entanglement/slurm_YYDPETGTWY_amber/replica_981/replica_981_ca.pdb
788,313297555,random,YYDPETGTWY,amber,-7.041906771428273,6.12651495459358,22.130604182222044,7.354328327523829,5.508595556037851,4.848916770784997,263.36,aer,4096,outputs/Brickwork_entanglement/slurm_YYDPETGTWY_amber/replica_788/replica_788.pdb,outputs/Brickwork_entanglement/slurm_YYDPETGTWY_amber/replica_788/replica_788_ca.pdb
536,313297303,random,YYDPETGTWY,amber,38.480895469616165,6.12874525423682,21.675882610445637,7.026243660128863,5.508595556037851,4.848916770784997,249.32,aer,4096,outputs/Brickwork_entanglement/slurm_YYDPETGTWY_amber/replica_536/replica_536.pdb,outputs/Brickwork_entanglement/slurm_YYDPETGTWY_amber/replica_536/replica_536_ca.pdb
170,313296937,random,YYDPETGTWY,amber,-26.32404762222883,6.129701458368735,22.225587468686072,7.74471410533676,5.508595556037851,4.848916770784997,533.43,aer,4096,outputs/Brickwork_entanglement/slurm_YYDPETGTWY_amber/replica_170/replica_170.pdb,outputs/Brickwork_entanglement/slurm_YYDPETGTWY_amber/replica_170/replica_170_ca.pdb
534,313297301,random,YYDPETGTWY,amber,75.22900159460218,6.132411583846842,22.470696347973405,7.501532331407582,5.508595556037851,4.848916770784997,238.14,aer,4096,outputs/Brickwork_entanglement/slurm_YYDPETGTWY_amber/replica_534/replica_534.pdb,outputs/Brickwork_entanglement/slurm_YYDPETGTWY_amber/replica_534/replica_534_ca.pdb
971,313297738,random,YYDPETGTWY,amber,20.473258015583923,6.1367405536835555,19.06281232381454,6.605787150939294,5.508595556037851,4.848916770784997,230.71,aer,4096,outputs/Brickwork_entanglement/slurm_YYDPETGTWY_amber/replica_971/replica_971.pdb,outputs/Brickwork_entanglement/slurm_YYDPETGTWY_amber/replica_971/replica_971_ca.pdb
653,313297420,random,YYDPETGTWY,amber,-47.915976172530755,6.139246811118908,21.135292138752966,7.113388459178015,5.508595556037851,4.848916770784997,224.06,aer,4096,outputs/Brickwork_entanglement/slurm_YYDPETGTWY_amber/replica_653/replica_653.pdb,outputs/Brickwork_entanglement/slurm_YYDPETGTWY_amber/replica_653/replica_653_ca.pdb
976,313297743,random,YYDPETGTWY,amber,94.36534040564656,6.139652580552624,21.193120925381756,6.749553182075534,5.508595556037851,4.848916770784997,354.37,aer,4096,outputs/Brickwork_entanglement/slurm_YYDPETGTWY_amber/replica_976/replica_976.pdb,outputs/Brickwork_entanglement/slurm_YYDPETGTWY_amber/replica_976/replica_976_ca.pdb
721,313297488,random,YYDPETGTWY,amber,-44.11391753809127,6.143750312114864,20.75635032038879,6.882162002597718,5.508595556037851,4.848916770784997,256.76,aer,4096,outputs/Brickwork_entanglement/slurm_YYDPETGTWY_amber/replica_721/replica_721.pdb,outputs/Brickwork_entanglement/slurm_YYDPETGTWY_amber/replica_721/replica_721_ca.pdb
903,313297670,random,YYDPETGTWY,amber,-37.05545368022591,6.1440506365432155,21.075238146541295,6.991962531659902,5.508595556037851,4.848916770784997,318.46,aer,4096,outputs/Brickwork_entanglement/slurm_YYDPETGTWY_amber/replica_903/replica_903.pdb,outputs/Brickwork_entanglement/slurm_YYDPETGTWY_amber/replica_903/replica_903_ca.pdb
675,313297442,random,YYDPETGTWY,amber,38.9301279371101,6.144608284441739,23.09821716202284,7.3804978038249605,5.508595556037851,4.848916770784997,265.67,aer,4096,outputs/Brickwork_entanglement/slurm_YYDPETGTWY_amber/replica_675/replica_675.pdb,outputs/Brickwork_entanglement/slurm_YYDPETGTWY_amber/replica_675/replica_675_ca.pdb
323,313297090,random,YYDPETGTWY,amber,38.844802677045244,6.15153667993599,22.30067732045372,7.132811420608006,5.508595556037851,4.848916770784997,329.32,aer,4096,outputs/Brickwork_entanglement/slurm_YYDPETGTWY_amber/replica_323/replica_323.pdb,outputs/Brickwork_entanglement/slurm_YYDPETGTWY_amber/replica_323/replica_323_ca.pdb
392,313297159,random,YYDPETGTWY,amber,-12.215164216969706,6.156152952179683,21.579422409437328,7.369848204535065,5.508595556037851,4.848916770784997,337.45,aer,4096,outputs/Brickwork_entanglement/slurm_YYDPETGTWY_amber/replica_392/replica_392.pdb,outputs/Brickwork_entanglement/slurm_YYDPETGTWY_amber/replica_392/replica_392_ca.pdb
304,313297071,random,YYDPETGTWY,amber,30.89206983484169,6.156702757952393,22.680793149752656,7.430209669884647,5.508595556037851,4.848916770784997,376.27,aer,4096,outputs/Brickwork_entanglement/slurm_YYDPETGTWY_amber/replica_304/replica_304.pdb,outputs/Brickwork_entanglement/slurm_YYDPETGTWY_amber/replica_304/replica_304_ca.pdb
20,313296787,random,YYDPETGTWY,amber,-65.35542434010577,6.157325300423836,23.704438225557737,7.676737035721623,5.508595556037851,4.848916770784997,1027.27,aer,4096,outputs/Brickwork_entanglement/slurm_YYDPETGTWY_amber/replica_20/replica_20.pdb,outputs/Brickwork_entanglement/slurm_YYDPETGTWY_amber/replica_20/replica_20_ca.pdb
512,313297279,random,YYDPETGTWY,amber,9.543322632734109,6.158419334762845,23.23865193700448,7.470464643757148,5.508595556037851,4.848916770784997,195.22,aer,4096,outputs/Brickwork_entanglement/slurm_YYDPETGTWY_amber/replica_512/replica_512.pdb,outputs/Brickwork_entanglement/slurm_YYDPETGTWY_amber/replica_512/replica_512_ca.pdb
126,313296893,random,YYDPETGTWY,amber,66.80301182325063,6.162862765911845,22.304854989349398,7.37393506003345,5.508595556037851,4.848916770784997,228.61,aer,4096,outputs/Brickwork_entanglement/slurm_YYDPETGTWY_amber/replica_126/replica_126.pdb,outputs/Brickwork_entanglement/slurm_YYDPETGTWY_amber/replica_126/replica_126_ca.pdb
912,313297679,random,YYDPETGTWY,amber,41.209839895376746,6.164064374736113,22.020773046206134,7.565497568452592,5.508595556037851,4.848916770784997,256.79,aer,4096,outputs/Brickwork_entanglement/slurm_YYDPETGTWY_amber/replica_912/replica_912.pdb,outputs/Brickwork_entanglement/slurm_YYDPETGTWY_amber/replica_912/replica_912_ca.pdb
497,313297264,random,YYDPETGTWY,amber,53.43104487094651,6.174735566029142,21.23284984206406,7.355491950674006,5.508595556037851,4.848916770784997,218.72,aer,4096,outputs/Brickwork_entanglement/slurm_YYDPETGTWY_amber/replica_497/replica_497.pdb,outputs/Brickwork_entanglement/slurm_YYDPETGTWY_amber/replica_497/replica_497_ca.pdb
993,313297760,random,YYDPETGTWY,amber,35.8529640768977,6.174966964925677,22.946477771640556,7.5619675150160885,5.508595556037851,4.848916770784997,259.64,aer,4096,outputs/Brickwork_entanglement/slurm_YYDPETGTWY_amber/replica_993/replica_993.pdb,outputs/Brickwork_entanglement/slurm_YYDPETGTWY_amber/replica_993/replica_993_ca.pdb
296,313297063,random,YYDPETGTWY,amber,19.65899780624487,6.175307478727248,21.767042707719337,7.114160268200802,5.508595556037851,4.848916770784997,191.45,aer,4096,outputs/Brickwork_entanglement/slurm_YYDPETGTWY_amber/replica_296/replica_296.pdb,outputs/Brickwork_entanglement/slurm_YYDPETGTWY_amber/replica_296/replica_296_ca.pdb
205,313296972,random,YYDPETGTWY,amber,69.73933540299245,6.175343443365469,22.91466686310676,7.60675496035757,5.508595556037851,4.848916770784997,235.4,aer,4096,outputs/Brickwork_entanglement/slurm_YYDPETGTWY_amber/replica_205/replica_205.pdb,outputs/Brickwork_entanglement/slurm_YYDPETGTWY_amber/replica_205/replica_205_ca.pdb
68,313296835,random,YYDPETGTWY,amber,95.07155795696053,6.178149389300046,21.71321381148663,7.17517717834404,5.508595556037851,4.848916770784997,273.68,aer,4096,outputs/Brickwork_entanglement/slurm_YYDPETGTWY_amber/replica_68/replica_68.pdb,outputs/Brickwork_entanglement/slurm_YYDPETGTWY_amber/replica_68/replica_68_ca.pdb
146,313296913,random,YYDPETGTWY,amber,158.40323728972135,6.180495247595409,21.03053830171066,6.988799588684572,5.508595556037851,4.848916770784997,354.28,aer,4096,outputs/Brickwork_entanglement/slurm_YYDPETGTWY_amber/replica_146/replica_146.pdb,outputs/Brickwork_entanglement/slurm_YYDPETGTWY_amber/replica_146/replica_146_ca.pdb
154,313296921,random,YYDPETGTWY,amber,19.49957814903667,6.18103658656693,20.993116316113564,7.5055436940151425,5.508595556037851,4.848916770784997,338.73,aer,4096,outputs/Brickwork_entanglement/slurm_YYDPETGTWY_amber/replica_154/replica_154.pdb,outputs/Brickwork_entanglement/slurm_YYDPETGTWY_amber/replica_154/replica_154_ca.pdb
355,313297122,random,YYDPETGTWY,amber,46.799419666508875,6.186136585902217,21.24456647128868,7.385974720876978,5.508595556037851,4.848916770784997,257.82,aer,4096,outputs/Brickwork_entanglement/slurm_YYDPETGTWY_amber/replica_355/replica_355.pdb,outputs/Brickwork_entanglement/slurm_YYDPETGTWY_amber/replica_355/replica_355_ca.pdb
898,313297665,random,YYDPETGTWY,amber,-18.29755229255446,6.187551964382216,22.77104895135856,7.211953427735538,5.508595556037851,4.848916770784997,414.08,aer,4096,outputs/Brickwork_entanglement/slurm_YYDPETGTWY_amber/replica_898/replica_898.pdb,outputs/Brickwork_entanglement/slurm_YYDPETGTWY_amber/replica_898/replica_898_ca.pdb
463,313297230,random,YYDPETGTWY,amber,17.180209088079962,6.190397383008451,20.847568849504157,7.01693525619241,5.508595556037851,4.848916770784997,438.62,aer,4096,outputs/Brickwork_entanglement/slurm_YYDPETGTWY_amber/replica_463/replica_463.pdb,outputs/Brickwork_entanglement/slurm_YYDPETGTWY_amber/replica_463/replica_463_ca.pdb
400,313297167,random,YYDPETGTWY,amber,43.59974087401415,6.195475745242538,18.498855817344637,6.6190685592756004,5.508595556037851,4.848916770784997,267.22,aer,4096,outputs/Brickwork_entanglement/slurm_YYDPETGTWY_amber/replica_400/replica_400.pdb,outputs/Brickwork_entanglement/slurm_YYDPETGTWY_amber/replica_400/replica_400_ca.pdb
676,313297443,random,YYDPETGTWY,amber,62.27144512256513,6.195772110797442,20.962509542130828,7.319251076997451,5.508595556037851,4.848916770784997,261.09,aer,4096,outputs/Brickwork_entanglement/slurm_YYDPETGTWY_amber/replica_676/replica_676.pdb,outputs/Brickwork_entanglement/slurm_YYDPETGTWY_amber/replica_676/replica_676_ca.pdb
897,313297664,random,YYDPETGTWY,amber,83.93670006250431,6.198554931451426,21.998091274063505,7.468687628779226,5.508595556037851,4.848916770784997,388.9,aer,4096,outputs/Brickwork_entanglement/slurm_YYDPETGTWY_amber/replica_897/replica_897.pdb,outputs/Brickwork_entanglement/slurm_YYDPETGTWY_amber/replica_897/replica_897_ca.pdb
457,313297224,random,YYDPETGTWY,amber,-41.13561388287022,6.1988880222641685,21.618159868720745,7.414757135390558,5.508595556037851,4.848916770784997,365.51,aer,4096,outputs/Brickwork_entanglement/slurm_YYDPETGTWY_amber/replica_457/replica_457.pdb,outputs/Brickwork_entanglement/slurm_YYDPETGTWY_amber/replica_457/replica_457_ca.pdb
703,313297470,random,YYDPETGTWY,amber,-7.696193672532678,6.199386138575416,22.16361752758623,7.335140920873123,5.508595556037851,4.848916770784997,252.08,aer,4096,outputs/Brickwork_entanglement/slurm_YYDPETGTWY_amber/replica_703/replica_703.pdb,outputs/Brickwork_entanglement/slurm_YYDPETGTWY_amber/replica_703/replica_703_ca.pdb
776,313297543,random,YYDPETGTWY,amber,15.517464196527126,6.201339967404116,22.47414805428525,7.527261099837371,5.508595556037851,4.848916770784997,317.83,aer,4096,outputs/Brickwork_entanglement/slurm_YYDPETGTWY_amber/replica_776/replica_776.pdb,outputs/Brickwork_entanglement/slurm_YYDPETGTWY_amber/replica_776/replica_776_ca.pdb
548,313297315,random,YYDPETGTWY,amber,-10.561240700821829,6.2068980515339875,21.67691180904679,7.374594333458081,5.508595556037851,4.848916770784997,222.67,aer,4096,outputs/Brickwork_entanglement/slurm_YYDPETGTWY_amber/replica_548/replica_548.pdb,outputs/Brickwork_entanglement/slurm_YYDPETGTWY_amber/replica_548/replica_548_ca.pdb
920,313297687,random,YYDPETGTWY,amber,38.24315058046275,6.207113321240215,21.50989724107297,7.047935185511224,5.508595556037851,4.848916770784997,338.17,aer,4096,outputs/Brickwork_entanglement/slurm_YYDPETGTWY_amber/replica_920/replica_920.pdb,outputs/Brickwork_entanglement/slurm_YYDPETGTWY_amber/replica_920/replica_920_ca.pdb
319,313297086,random,YYDPETGTWY,amber,29.928264293756623,6.208000207161293,23.12748110755354,7.742987288349607,5.508595556037851,4.848916770784997,360.76,aer,4096,outputs/Brickwork_entanglement/slurm_YYDPETGTWY_amber/replica_319/replica_319.pdb,outputs/Brickwork_entanglement/slurm_YYDPETGTWY_amber/replica_319/replica_319_ca.pdb
870,313297637,random,YYDPETGTWY,amber,-36.83388919284817,6.208121525852585,21.937651995880593,7.459311646356025,5.508595556037851,4.848916770784997,422.14,aer,4096,outputs/Brickwork_entanglement/slurm_YYDPETGTWY_amber/replica_870/replica_870.pdb,outputs/Brickwork_entanglement/slurm_YYDPETGTWY_amber/replica_870/replica_870_ca.pdb
787,313297554,random,YYDPETGTWY,amber,76.26723722099693,6.208471950912987,22.454193127225523,7.568600609953642,5.508595556037851,4.848916770784997,296.17,aer,4096,outputs/Brickwork_entanglement/slurm_YYDPETGTWY_amber/replica_787/replica_787.pdb,outputs/Brickwork_entanglement/slurm_YYDPETGTWY_amber/replica_787/replica_787_ca.pdb
81,313296848,random,YYDPETGTWY,amber,-16.989242235902136,6.209790339452821,18.251473549727955,6.740025638120401,5.508595556037851,4.848916770784997,217.26,aer,4096,outputs/Brickwork_entanglement/slurm_YYDPETGTWY_amber/replica_81/replica_81.pdb,outputs/Brickwork_entanglement/slurm_YYDPETGTWY_amber/replica_81/replica_81_ca.pdb
317,313297084,random,YYDPETGTWY,amber,24.81468880585468,6.2111046625887205,22.40821992229195,7.5688852682617345,5.508595556037851,4.848916770784997,255.75,aer,4096,outputs/Brickwork_entanglement/slurm_YYDPETGTWY_amber/replica_317/replica_317.pdb,outputs/Brickwork_entanglement/slurm_YYDPETGTWY_amber/replica_317/replica_317_ca.pdb
713,313297480,random,YYDPETGTWY,amber,4.942245758295829,6.211958064043066,21.749748367050017,7.4974807303939075,5.508595556037851,4.848916770784997,232.25,aer,4096,outputs/Brickwork_entanglement/slurm_YYDPETGTWY_amber/replica_713/replica_713.pdb,outputs/Brickwork_entanglement/slurm_YYDPETGTWY_amber/replica_713/replica_713_ca.pdb
980,313297747,random,YYDPETGTWY,amber,-20.484983867593584,6.213885443117315,22.814359168632418,7.752565348575178,5.508595556037851,4.848916770784997,203.55,aer,4096,outputs/Brickwork_entanglement/slurm_YYDPETGTWY_amber/replica_980/replica_980.pdb,outputs/Brickwork_entanglement/slurm_YYDPETGTWY_amber/replica_980/replica_980_ca.pdb
315,313297082,random,YYDPETGTWY,amber,20.777079783734198,6.219020394124103,21.77480017937537,7.3867720600301086,5.508595556037851,4.848916770784997,343.88,aer,4096,outputs/Brickwork_entanglement/slurm_YYDPETGTWY_amber/replica_315/replica_315.pdb,outputs/Brickwork_entanglement/slurm_YYDPETGTWY_amber/replica_315/replica_315_ca.pdb
744,313297511,random,YYDPETGTWY,amber,-85.3103554327868,6.2194046862086925,22.003254186716916,7.206986895861029,5.508595556037851,4.848916770784997,301.68,aer,4096,outputs/Brickwork_entanglement/slurm_YYDPETGTWY_amber/replica_744/replica_744.pdb,outputs/Brickwork_entanglement/slurm_YYDPETGTWY_amber/replica_744/replica_744_ca.pdb
716,313297483,random,YYDPETGTWY,amber,-54.03663560040186,6.220654479303259,22.09213035764471,7.046617247208408,5.508595556037851,4.848916770784997,218.49,aer,4096,outputs/Brickwork_entanglement/slurm_YYDPETGTWY_amber/replica_716/replica_716.pdb,outputs/Brickwork_entanglement/slurm_YYDPETGTWY_amber/replica_716/replica_716_ca.pdb
656,313297423,random,YYDPETGTWY,amber,65.5604188969356,6.2208039671987265,23.593146962383408,7.800210166386792,5.508595556037851,4.848916770784997,210.27,aer,4096,outputs/Brickwork_entanglement/slurm_YYDPETGTWY_amber/replica_656/replica_656.pdb,outputs/Brickwork_entanglement/slurm_YYDPETGTWY_amber/replica_656/replica_656_ca.pdb
325,313297092,random,YYDPETGTWY,amber,2.8457245590216367,6.223714988706069,21.770239372558898,7.494196813631197,5.508595556037851,4.848916770784997,436.75,aer,4096,outputs/Brickwork_entanglement/slurm_YYDPETGTWY_amber/replica_325/replica_325.pdb,outputs/Brickwork_entanglement/slurm_YYDPETGTWY_amber/replica_325/replica_325_ca.pdb
781,313297548,random,YYDPETGTWY,amber,-41.63634072588298,6.226412093595933,22.481003219865027,7.582541622459227,5.508595556037851,4.848916770784997,365.01,aer,4096,outputs/Brickwork_entanglement/slurm_YYDPETGTWY_amber/replica_781/replica_781.pdb,outputs/Brickwork_entanglement/slurm_YYDPETGTWY_amber/replica_781/replica_781_ca.pdb
187,313296954,random,YYDPETGTWY,amber,-4.0942779414770305,6.228001320230536,22.549997330203833,7.335611987866923,5.508595556037851,4.848916770784997,225.37,aer,4096,outputs/Brickwork_entanglement/slurm_YYDPETGTWY_amber/replica_187/replica_187.pdb,outputs/Brickwork_entanglement/slurm_YYDPETGTWY_amber/replica_187/replica_187_ca.pdb
389,313297156,random,YYDPETGTWY,amber,-67.13277654961038,6.228708916888597,22.519264982046494,7.501798144907754,5.508595556037851,4.848916770784997,438.34,aer,4096,outputs/Brickwork_entanglement/slurm_YYDPETGTWY_amber/replica_389/replica_389.pdb,outputs/Brickwork_entanglement/slurm_YYDPETGTWY_amber/replica_389/replica_389_ca.pdb
121,313296888,random,YYDPETGTWY,amber,36.211991508009724,6.229568580459649,22.018644392585692,7.393516553545372,5.508595556037851,4.848916770784997,341.94,aer,4096,outputs/Brickwork_entanglement/slurm_YYDPETGTWY_amber/replica_121/replica_121.pdb,outputs/Brickwork_entanglement/slurm_YYDPETGTWY_amber/replica_121/replica_121_ca.pdb
917,313297684,random,YYDPETGTWY,amber,-75.23730247809772,6.229659325423394,21.158337784945935,7.34503320246309,5.508595556037851,4.848916770784997,241.49,aer,4096,outputs/Brickwork_entanglement/slurm_YYDPETGTWY_amber/replica_917/replica_917.pdb,outputs/Brickwork_entanglement/slurm_YYDPETGTWY_amber/replica_917/replica_917_ca.pdb
78,313296845,random,YYDPETGTWY,amber,-20.36944298878121,6.231022579666199,20.427613591698996,6.726202186966327,5.508595556037851,4.848916770784997,284.96,aer,4096,outputs/Brickwork_entanglement/slurm_YYDPETGTWY_amber/replica_78/replica_78.pdb,outputs/Brickwork_entanglement/slurm_YYDPETGTWY_amber/replica_78/replica_78_ca.pdb
800,313297567,random,YYDPETGTWY,amber,0.34361416489147856,6.231138173241398,21.76263375466819,7.5494743770547945,5.508595556037851,4.848916770784997,262.85,aer,4096,outputs/Brickwork_entanglement/slurm_YYDPETGTWY_amber/replica_800/replica_800.pdb,outputs/Brickwork_entanglement/slurm_YYDPETGTWY_amber/replica_800/replica_800_ca.pdb
131,313296898,random,YYDPETGTWY,amber,25.615311989801803,6.232305817085065,21.089242807550114,7.337976286962867,5.508595556037851,4.848916770784997,233.68,aer,4096,outputs/Brickwork_entanglement/slurm_YYDPETGTWY_amber/replica_131/replica_131.pdb,outputs/Brickwork_entanglement/slurm_YYDPETGTWY_amber/replica_131/replica_131_ca.pdb
405,313297172,random,YYDPETGTWY,amber,-92.29943644686837,6.234865990349721,21.96808525076546,7.4353376269151426,5.508595556037851,4.848916770784997,285.45,aer,4096,outputs/Brickwork_entanglement/slurm_YYDPETGTWY_amber/replica_405/replica_405.pdb,outputs/Brickwork_entanglement/slurm_YYDPETGTWY_amber/replica_405/replica_405_ca.pdb
442,313297209,random,YYDPETGTWY,amber,23.99320952423273,6.234905311979495,21.904121933730284,7.455920320587408,5.508595556037851,4.848916770784997,321.06,aer,4096,outputs/Brickwork_entanglement/slurm_YYDPETGTWY_amber/replica_442/replica_442.pdb,outputs/Brickwork_entanglement/slurm_YYDPETGTWY_amber/replica_442/replica_442_ca.pdb
560,313297327,random,YYDPETGTWY,amber,-16.033757807937214,6.2371592948585315,22.57141373076584,7.37219480504822,5.508595556037851,4.848916770784997,266.65,aer,4096,outputs/Brickwork_entanglement/slurm_YYDPETGTWY_amber/replica_560/replica_560.pdb,outputs/Brickwork_entanglement/slurm_YYDPETGTWY_amber/replica_560/replica_560_ca.pdb
856,313297623,random,YYDPETGTWY,amber,75.74235141856121,6.238120755188521,22.744485953235714,7.475297396440095,5.508595556037851,4.848916770784997,279.84,aer,4096,outputs/Brickwork_entanglement/slurm_YYDPETGTWY_amber/replica_856/replica_856.pdb,outputs/Brickwork_entanglement/slurm_YYDPETGTWY_amber/replica_856/replica_856_ca.pdb
37,313296804,random,YYDPETGTWY,amber,-43.813540778645596,6.241084683431192,22.81075597382523,7.619737053028299,5.508595556037851,4.848916770784997,1811.3,aer,4096,outputs/Brickwork_entanglement/slurm_YYDPETGTWY_amber/replica_37/replica_37.pdb,outputs/Brickwork_entanglement/slurm_YYDPETGTWY_amber/replica_37/replica_37_ca.pdb
166,313296933,random,YYDPETGTWY,amber,-2.059311622759874,6.242683890796075,23.828054506175224,7.583680144814678,5.508595556037851,4.848916770784997,271.97,aer,4096,outputs/Brickwork_entanglement/slurm_YYDPETGTWY_amber/replica_166/replica_166.pdb,outputs/Brickwork_entanglement/slurm_YYDPETGTWY_amber/replica_166/replica_166_ca.pdb
766,313297533,random,YYDPETGTWY,amber,105.60166413173204,6.244084087724636,21.587416179023975,7.237196675745188,5.508595556037851,4.848916770784997,225.79,aer,4096,outputs/Brickwork_entanglement/slurm_YYDPETGTWY_amber/replica_766/replica_766.pdb,outputs/Brickwork_entanglement/slurm_YYDPETGTWY_amber/replica_766/replica_766_ca.pdb
54,313296821,random,YYDPETGTWY,amber,86.63634954991349,6.249352121987736,22.168426903407948,7.3115062785216125,5.508595556037851,4.848916770784997,213.94,aer,4096,outputs/Brickwork_entanglement/slurm_YYDPETGTWY_amber/replica_54/replica_54.pdb,outputs/Brickwork_entanglement/slurm_YYDPETGTWY_amber/replica_54/replica_54_ca.pdb
173,313296940,random,YYDPETGTWY,amber,-26.477307005414914,6.250378129134624,21.90942833321987,7.434804232053703,5.508595556037851,4.848916770784997,320.2,aer,4096,outputs/Brickwork_entanglement/slurm_YYDPETGTWY_amber/replica_173/replica_173.pdb,outputs/Brickwork_entanglement/slurm_YYDPETGTWY_amber/replica_173/replica_173_ca.pdb
216,313296983,random,YYDPETGTWY,amber,-41.92150203959293,6.250397064188865,23.745957997104664,7.621897811964838,5.508595556037851,4.848916770784997,295.04,aer,4096,outputs/Brickwork_entanglement/slurm_YYDPETGTWY_amber/replica_216/replica_216.pdb,outputs/Brickwork_entanglement/slurm_YYDPETGTWY_amber/replica_216/replica_216_ca.pdb
778,313297545,random,YYDPETGTWY,amber,8.84699979690562,6.250920115901388,21.701419713892598,7.4131882621940735,5.508595556037851,4.848916770784997,438.01,aer,4096,outputs/Brickwork_entanglement/slurm_YYDPETGTWY_amber/replica_778/replica_778.pdb,outputs/Brickwork_entanglement/slurm_YYDPETGTWY_amber/replica_778/replica_778_ca.pdb
658,313297425,random,YYDPETGTWY,amber,-13.661325508177109,6.255011608513947,22.809272125426627,7.653889031910038,5.508595556037851,4.848916770784997,234.33,aer,4096,outputs/Brickwork_entanglement/slurm_YYDPETGTWY_amber/replica_658/replica_658.pdb,outputs/Brickwork_entanglement/slurm_YYDPETGTWY_amber/replica_658/replica_658_ca.pdb
52,313296819,random,YYDPETGTWY,amber,2.9716309593652266,6.261388003902492,22.425318614109266,7.527631502636662,5.508595556037851,4.848916770784997,231.89,aer,4096,outputs/Brickwork_entanglement/slurm_YYDPETGTWY_amber/replica_52/replica_52.pdb,outputs/Brickwork_entanglement/slurm_YYDPETGTWY_amber/replica_52/replica_52_ca.pdb
278,313297045,random,YYDPETGTWY,amber,-84.31499600227403,6.261746217347902,22.88079962584996,7.4418505988308725,5.508595556037851,4.848916770784997,321.88,aer,4096,outputs/Brickwork_entanglement/slurm_YYDPETGTWY_amber/replica_278/replica_278.pdb,outputs/Brickwork_entanglement/slurm_YYDPETGTWY_amber/replica_278/replica_278_ca.pdb
618,313297385,random,YYDPETGTWY,amber,19.180798355642562,6.267196426349023,19.290860047601953,6.939523525053935,5.508595556037851,4.848916770784997,289.02,aer,4096,outputs/Brickwork_entanglement/slurm_YYDPETGTWY_amber/replica_618/replica_618.pdb,outputs/Brickwork_entanglement/slurm_YYDPETGTWY_amber/replica_618/replica_618_ca.pdb
203,313296970,random,YYDPETGTWY,amber,-7.346305093985549,6.270662195167082,20.945447483449122,7.495490756537076,5.508595556037851,4.848916770784997,182.45,aer,4096,outputs/Brickwork_entanglement/slurm_YYDPETGTWY_amber/replica_203/replica_203.pdb,outputs/Brickwork_entanglement/slurm_YYDPETGTWY_amber/replica_203/replica_203_ca.pdb
946,313297713,random,YYDPETGTWY,amber,107.75921600905978,6.27430244237622,22.483837698607182,7.324250303616429,5.508595556037851,4.848916770784997,228.89,aer,4096,outputs/Brickwork_entanglement/slurm_YYDPETGTWY_amber/replica_946/replica_946.pdb,outputs/Brickwork_entanglement/slurm_YYDPETGTWY_amber/replica_946/replica_946_ca.pdb
175,313296942,random,YYDPETGTWY,amber,-63.65905534388317,6.274466367886133,22.525793429506116,7.6525146328125215,5.508595556037851,4.848916770784997,280.96,aer,4096,outputs/Brickwork_entanglement/slurm_YYDPETGTWY_amber/replica_175/replica_175.pdb,outputs/Brickwork_entanglement/slurm_YYDPETGTWY_amber/replica_175/replica_175_ca.pdb
645,313297412,random,YYDPETGTWY,amber,32.56436423068346,6.275679876488822,21.00574552263174,7.061276768233664,5.508595556037851,4.848916770784997,300.93,aer,4096,outputs/Brickwork_entanglement/slurm_YYDPETGTWY_amber/replica_645/replica_645.pdb,outputs/Brickwork_entanglement/slurm_YYDPETGTWY_amber/replica_645/replica_645_ca.pdb
235,313297002,random,YYDPETGTWY,amber,-29.071778238255842,6.276785258629807,22.335923750979514,7.526959378545602,5.508595556037851,4.848916770784997,249.94,aer,4096,outputs/Brickwork_entanglement/slurm_YYDPETGTWY_amber/replica_235/replica_235.pdb,outputs/Brickwork_entanglement/slurm_YYDPETGTWY_amber/replica_235/replica_235_ca.pdb
479,313297246,random,YYDPETGTWY,amber,-99.33774279166151,6.27765492979706,21.67859379202737,7.443581213919846,5.508595556037851,4.848916770784997,255.45,aer,4096,outputs/Brickwork_entanglement/slurm_YYDPETGTWY_amber/replica_479/replica_479.pdb,outputs/Brickwork_entanglement/slurm_YYDPETGTWY_amber/replica_479/replica_479_ca.pdb
772,313297539,random,YYDPETGTWY,amber,96.54126395936893,6.278406525763053,22.19992849089247,7.763153914657867,5.508595556037851,4.848916770784997,277.69,aer,4096,outputs/Brickwork_entanglement/slurm_YYDPETGTWY_amber/replica_772/replica_772.pdb,outputs/Brickwork_entanglement/slurm_YYDPETGTWY_amber/replica_772/replica_772_ca.pdb
16,313296783,random,YYDPETGTWY,amber,-74.17635049149291,6.278513670748868,22.18766853658592,7.317681900990642,5.508595556037851,4.848916770784997,1291.01,aer,4096,outputs/Brickwork_entanglement/slurm_YYDPETGTWY_amber/replica_16/replica_16.pdb,outputs/Brickwork_entanglement/slurm_YYDPETGTWY_amber/replica_16/replica_16_ca.pdb
2,313296769,random,YYDPETGTWY,amber,-57.437046262862474,6.281338096373708,22.511944780612644,7.624479123337101,5.508595556037851,4.848916770784997,1170.01,aer,4096,outputs/Brickwork_entanglement/slurm_YYDPETGTWY_amber/replica_2/replica_2.pdb,outputs/Brickwork_entanglement/slurm_YYDPETGTWY_amber/replica_2/replica_2_ca.pdb
469,313297236,random,YYDPETGTWY,amber,587.590274311258,6.2859171735354735,22.58832764023939,7.490679752851528,5.508595556037851,4.848916770784997,107.58,aer,4096,outputs/Brickwork_entanglement/slurm_YYDPETGTWY_amber/replica_469/replica_469.pdb,outputs/Brickwork_entanglement/slurm_YYDPETGTWY_amber/replica_469/replica_469_ca.pdb
117,313296884,random,YYDPETGTWY,amber,133.06659315249408,6.290434865881112,22.726490984228498,7.461752249594089,5.508595556037851,4.848916770784997,334.75,aer,4096,outputs/Brickwork_entanglement/slurm_YYDPETGTWY_amber/replica_117/replica_117.pdb,outputs/Brickwork_entanglement/slurm_YYDPETGTWY_amber/replica_117/replica_117_ca.pdb
926,313297693,random,YYDPETGTWY,amber,-43.90520312008307,6.293950209158392,21.591883133480223,7.192550585428095,5.508595556037851,4.848916770784997,248.18,aer,4096,outputs/Brickwork_entanglement/slurm_YYDPETGTWY_amber/replica_926/replica_926.pdb,outputs/Brickwork_entanglement/slurm_YYDPETGTWY_amber/replica_926/replica_926_ca.pdb
567,313297334,random,YYDPETGTWY,amber,-10.105149179031919,6.296893880489524,21.687748149033048,7.16170744682457,5.508595556037851,4.848916770784997,324.5,aer,4096,outputs/Brickwork_entanglement/slurm_YYDPETGTWY_amber/replica_567/replica_567.pdb,outputs/Brickwork_entanglement/slurm_YYDPETGTWY_amber/replica_567/replica_567_ca.pdb
77,313296844,random,YYDPETGTWY,amber,-2.78324934191947,6.300442758075591,22.303719052551124,7.393789977407515,5.508595556037851,4.848916770784997,371.64,aer,4096,outputs/Brickwork_entanglement/slurm_YYDPETGTWY_amber/replica_77/replica_77.pdb,outputs/Brickwork_entanglement/slurm_YYDPETGTWY_amber/replica_77/replica_77_ca.pdb
59,313296826,random,YYDPETGTWY,amber,110.59036352891309,6.301311883006435,22.08585641384152,7.422284791150428,5.508595556037851,4.848916770784997,464.4,aer,4096,outputs/Brickwork_entanglement/slurm_YYDPETGTWY_amber/replica_59/replica_59.pdb,outputs/Brickwork_entanglement/slurm_YYDPETGTWY_amber/replica_59/replica_59_ca.pdb
467,313297234,random,YYDPETGTWY,amber,-44.07936535830906,6.303666482049946,22.15471511139564,7.207452657408017,5.508595556037851,4.848916770784997,266.35,aer,4096,outputs/Brickwork_entanglement/slurm_YYDPETGTWY_amber/replica_467/replica_467.pdb,outputs/Brickwork_entanglement/slurm_YYDPETGTWY_amber/replica_467/replica_467_ca.pdb
57,313296824,random,YYDPETGTWY,amber,50.59618954779191,6.30443719414103,22.531759144874872,7.567866391634641,5.508595556037851,4.848916770784997,241.28,aer,4096,outputs/Brickwork_entanglement/slurm_YYDPETGTWY_amber/replica_57/replica_57.pdb,outputs/Brickwork_entanglement/slurm_YYDPETGTWY_amber/replica_57/replica_57_ca.pdb
893,313297660,random,YYDPETGTWY,amber,96.52008983367097,6.304698422080291,23.570949020443116,7.420479404065012,5.508595556037851,4.848916770784997,207.89,aer,4096,outputs/Brickwork_entanglement/slurm_YYDPETGTWY_amber/replica_893/replica_893.pdb,outputs/Brickwork_entanglement/slurm_YYDPETGTWY_amber/replica_893/replica_893_ca.pdb
330,313297097,random,YYDPETGTWY,amber,39.24160143168842,6.3087559548322645,23.091129570311743,7.622644554223518,5.508595556037851,4.848916770784997,251.57,aer,4096,outputs/Brickwork_entanglement/slurm_YYDPETGTWY_amber/replica_330/replica_330.pdb,outputs/Brickwork_entanglement/slurm_YYDPETGTWY_amber/replica_330/replica_330_ca.pdb
264,313297031,random,YYDPETGTWY,amber,8.370353776659545,6.309298247090855,22.689559188751456,7.662747848351883,5.508595556037851,4.848916770784997,356.43,aer,4096,outputs/Brickwork_entanglement/slurm_YYDPETGTWY_amber/replica_264/replica_264.pdb,outputs/Brickwork_entanglement/slurm_YYDPETGTWY_amber/replica_264/replica_264_ca.pdb
853,313297620,random,YYDPETGTWY,amber,21.436451240450488,6.3095100546977045,22.99142850824982,7.180733062120534,5.508595556037851,4.848916770784997,345.43,aer,4096,outputs/Brickwork_entanglement/slurm_YYDPETGTWY_amber/replica_853/replica_853.pdb,outputs/Brickwork_entanglement/slurm_YYDPETGTWY_amber/replica_853/replica_853_ca.pdb
283,313297050,random,YYDPETGTWY,amber,164.99493669612986,6.313944536208842,22.12592450563185,7.390642391636264,5.508595556037851,4.848916770784997,274.85,aer,4096,outputs/Brickwork_entanglement/slurm_YYDPETGTWY_amber/replica_283/replica_283.pdb,outputs/Brickwork_entanglement/slurm_YYDPETGTWY_amber/replica_283/replica_283_ca.pdb
689,313297456,random,YYDPETGTWY,amber,84.12242769042132,6.317115760437463,22.17565935286337,7.399295175930385,5.508595556037851,4.848916770784997,331.99,aer,4096,outputs/Brickwork_entanglement/slurm_YYDPETGTWY_amber/replica_689/replica_689.pdb,outputs/Brickwork_entanglement/slurm_YYDPETGTWY_amber/replica_689/replica_689_ca.pdb
963,313297730,random,YYDPETGTWY,amber,-19.312364146412655,6.318376709625148,21.33961876376697,7.212508668497497,5.508595556037851,4.848916770784997,257.38,aer,4096,outputs/Brickwork_entanglement/slurm_YYDPETGTWY_amber/replica_963/replica_963.pdb,outputs/Brickwork_entanglement/slurm_YYDPETGTWY_amber/replica_963/replica_963_ca.pdb
564,313297331,random,YYDPETGTWY,amber,1.945009162882333,6.32098770395562,22.56375080275452,7.534437104578557,5.508595556037851,4.848916770784997,287.57,aer,4096,outputs/Brickwork_entanglement/slurm_YYDPETGTWY_amber/replica_564/replica_564.pdb,outputs/Brickwork_entanglement/slurm_YYDPETGTWY_amber/replica_564/replica_564_ca.pdb
484,313297251,random,YYDPETGTWY,amber,-19.30446385824591,6.3212321408237,23.61607358041995,7.522171899024642,5.508595556037851,4.848916770784997,336.1,aer,4096,outputs/Brickwork_entanglement/slurm_YYDPETGTWY_amber/replica_484/replica_484.pdb,outputs/Brickwork_entanglement/slurm_YYDPETGTWY_amber/replica_484/replica_484_ca.pdb
531,313297298,random,YYDPETGTWY,amber,-70.60318856532021,6.321747506849591,23.693451371212475,7.89983935338881,5.508595556037851,4.848916770784997,301.85,aer,4096,outputs/Brickwork_entanglement/slurm_YYDPETGTWY_amber/replica_531/replica_531.pdb,outputs/Brickwork_entanglement/slurm_YYDPETGTWY_amber/replica_531/replica_531_ca.pdb
835,313297602,random,YYDPETGTWY,amber,105.09093903480095,6.325003947318933,22.981706137112685,7.2504413651563855,5.508595556037851,4.848916770784997,417.96,aer,4096,outputs/Brickwork_entanglement/slurm_YYDPETGTWY_amber/replica_835/replica_835.pdb,outputs/Brickwork_entanglement/slurm_YYDPETGTWY_amber/replica_835/replica_835_ca.pdb
148,313296915,random,YYDPETGTWY,amber,-12.593374283158758,6.326428855210459,23.32820781211496,7.82036452479246,5.508595556037851,4.848916770784997,335.65,aer,4096,outputs/Brickwork_entanglement/slurm_YYDPETGTWY_amber/replica_148/replica_148.pdb,outputs/Brickwork_entanglement/slurm_YYDPETGTWY_amber/replica_148/replica_148_ca.pdb
93,313296860,random,YYDPETGTWY,amber,65.9525811115119,6.327149852323739,21.190526273477246,7.2365815335751,5.508595556037851,4.848916770784997,228.04,aer,4096,outputs/Brickwork_entanglement/slurm_YYDPETGTWY_amber/replica_93/replica_93.pdb,outputs/Brickwork_entanglement/slurm_YYDPETGTWY_amber/replica_93/replica_93_ca.pdb
373,313297140,random,YYDPETGTWY,amber,62.38381401841315,6.327232939615283,22.24510418318747,7.408003853370096,5.508595556037851,4.848916770784997,221.39,aer,4096,outputs/Brickwork_entanglement/slurm_YYDPETGTWY_amber/replica_373/replica_373.pdb,outputs/Brickwork_entanglement/slurm_YYDPETGTWY_amber/replica_373/replica_373_ca.pdb
592,313297359,random,YYDPETGTWY,amber,-30.143307921886993,6.327903932259951,21.604222001000167,6.976760816641638,5.508595556037851,4.848916770784997,309.44,aer,4096,outputs/Brickwork_entanglement/slurm_YYDPETGTWY_amber/replica_592/replica_592.pdb,outputs/Brickwork_entanglement/slurm_YYDPETGTWY_amber/replica_592/replica_592_ca.pdb
62,313296829,random,YYDPETGTWY,amber,-13.018627487688002,6.333218961067795,23.97313854057659,7.707096328832892,5.508595556037851,4.848916770784997,237.6,aer,4096,outputs/Brickwork_entanglement/slurm_YYDPETGTWY_amber/replica_62/replica_62.pdb,outputs/Brickwork_entanglement/slurm_YYDPETGTWY_amber/replica_62/replica_62_ca.pdb
780,313297547,random,YYDPETGTWY,amber,-23.801635694155593,6.334091263814002,23.62412454595813,7.571628119067612,5.508595556037851,4.848916770784997,229.93,aer,4096,outputs/Brickwork_entanglement/slurm_YYDPETGTWY_amber/replica_780/replica_780.pdb,outputs/Brickwork_entanglement/slurm_YYDPETGTWY_amber/replica_780/replica_780_ca.pdb
857,313297624,random,YYDPETGTWY,amber,-28.190678414606154,6.337366957521343,22.7708465922721,7.461701181519156,5.508595556037851,4.848916770784997,304.42,aer,4096,outputs/Brickwork_entanglement/slurm_YYDPETGTWY_amber/replica_857/replica_857.pdb,outputs/Brickwork_entanglement/slurm_YYDPETGTWY_amber/replica_857/replica_857_ca.pdb
526,313297293,random,YYDPETGTWY,amber,209.7243250798886,6.3390916282170595,23.13102819697724,7.5299871781990335,5.508595556037851,4.848916770784997,522.88,aer,4096,outputs/Brickwork_entanglement/slurm_YYDPETGTWY_amber/replica_526/replica_526.pdb,outputs/Brickwork_entanglement/slurm_YYDPETGTWY_amber/replica_526/replica_526_ca.pdb
841,313297608,random,YYDPETGTWY,amber,-79.28614310063844,6.342065067020693,23.500155768108346,7.761446803352668,5.508595556037851,4.848916770784997,212.84,aer,4096,outputs/Brickwork_entanglement/slurm_YYDPETGTWY_amber/replica_841/replica_841.pdb,outputs/Brickwork_entanglement/slurm_YYDPETGTWY_amber/replica_841/replica_841_ca.pdb
395,313297162,random,YYDPETGTWY,amber,5.815444404729756,6.343961469161342,22.798924818560042,7.2790600553336136,5.508595556037851,4.848916770784997,348.75,aer,4096,outputs/Brickwork_entanglement/slurm_YYDPETGTWY_amber/replica_395/replica_395.pdb,outputs/Brickwork_entanglement/slurm_YYDPETGTWY_amber/replica_395/replica_395_ca.pdb
847,313297614,random,YYDPETGTWY,amber,37.34453817209729,6.3465301109932115,21.982505914998978,7.18558181696348,5.508595556037851,4.848916770784997,188.39,aer,4096,outputs/Brickwork_entanglement/slurm_YYDPETGTWY_amber/replica_847/replica_847.pdb,outputs/Brickwork_entanglement/slurm_YYDPETGTWY_amber/replica_847/replica_847_ca.pdb
876,313297643,random,YYDPETGTWY,amber,-51.34660504527573,6.346580324133813,22.402522188745206,7.318171492879535,5.508595556037851,4.848916770784997,351.34,aer,4096,outputs/Brickwork_entanglement/slurm_YYDPETGTWY_amber/replica_876/replica_876.pdb,outputs/Brickwork_entanglement/slurm_YYDPETGTWY_amber/replica_876/replica_876_ca.pdb
199,313296966,random,YYDPETGTWY,amber,65.78234946672221,6.347803722917276,21.565404553136037,7.124066468003105,5.508595556037851,4.848916770784997,218.55,aer,4096,outputs/Brickwork_entanglement/slurm_YYDPETGTWY_amber/replica_199/replica_199.pdb,outputs/Brickwork_entanglement/slurm_YYDPETGTWY_amber/replica_199/replica_199_ca.pdb
665,313297432,random,YYDPETGTWY,amber,-18.291960759031586,6.3486878175792025,23.551320861047664,7.698800911282206,5.508595556037851,4.848916770784997,171.76,aer,4096,outputs/Brickwork_entanglement/slurm_YYDPETGTWY_amber/replica_665/replica_665.pdb,outputs/Brickwork_entanglement/slurm_YYDPETGTWY_amber/replica_665/replica_665_ca.pdb
629,313297396,random,YYDPETGTWY,amber,-24.74343569472284,6.350216338049015,21.9084450657726,7.3133137062590565,5.508595556037851,4.848916770784997,263.37,aer,4096,outputs/Brickwork_entanglement/slurm_YYDPETGTWY_amber/replica_629/replica_629.pdb,outputs/Brickwork_entanglement/slurm_YYDPETGTWY_amber/replica_629/replica_629_ca.pdb
659,313297426,random,YYDPETGTWY,amber,746.8729349215031,6.351069451012797,22.781059013838927,7.526155453846455,5.508595556037851,4.848916770784997,178.12,aer,4096,outputs/Brickwork_entanglement/slurm_YYDPETGTWY_amber/replica_659/replica_659.pdb,outputs/Brickwork_entanglement/slurm_YYDPETGTWY_amber/replica_659/replica_659_ca.pdb
464,313297231,random,YYDPETGTWY,amber,36.442989679119016,6.353171226867155,23.222270705340566,7.471993417598742,5.508595556037851,4.848916770784997,321.26,aer,4096,outputs/Brickwork_entanglement/slurm_YYDPETGTWY_amber/replica_464/replica_464.pdb,outputs/Brickwork_entanglement/slurm_YYDPETGTWY_amber/replica_464/replica_464_ca.pdb
543,313297310,random,YYDPETGTWY,amber,67.7303227770924,6.354925118326181,23.203753053063444,7.550308695241364,5.508595556037851,4.848916770784997,325.45,aer,4096,outputs/Brickwork_entanglement/slurm_YYDPETGTWY_amber/replica_543/replica_543.pdb,outputs/Brickwork_entanglement/slurm_YYDPETGTWY_amber/replica_543/replica_543_ca.pdb
693,313297460,random,YYDPETGTWY,amber,102.43225736057147,6.3568772914088125,22.69632768652305,7.391408234494366,5.508595556037851,4.848916770784997,257.34,aer,4096,outputs/Brickwork_entanglement/slurm_YYDPETGTWY_amber/replica_693/replica_693.pdb,outputs/Brickwork_entanglement/slurm_YYDPETGTWY_amber/replica_693/replica_693_ca.pdb
806,313297573,random,YYDPETGTWY,amber,4.90299095728497,6.357476289921245,22.89984877050429,7.340094940458531,5.508595556037851,4.848916770784997,270.83,aer,4096,outputs/Brickwork_entanglement/slurm_YYDPETGTWY_amber/replica_806/replica_806.pdb,outputs/Brickwork_entanglement/slurm_YYDPETGTWY_amber/replica_806/replica_806_ca.pdb
979,313297746,random,YYDPETGTWY,amber,14.856462098332035,6.358052742392584,22.67850405655328,7.587013753347947,5.508595556037851,4.848916770784997,354.29,aer,4096,outputs/Brickwork_entanglement/slurm_YYDPETGTWY_amber/replica_979/replica_979.pdb,outputs/Brickwork_entanglement/slurm_YYDPETGTWY_amber/replica_979/replica_979_ca.pdb
385,313297152,random,YYDPETGTWY,amber,51.17350728753854,6.359078454721646,21.642360595249542,7.199862604855854,5.508595556037851,4.848916770784997,204.18,aer,4096,outputs/Brickwork_entanglement/slurm_YYDPETGTWY_amber/replica_385/replica_385.pdb,outputs/Brickwork_entanglement/slurm_YYDPETGTWY_amber/replica_385/replica_385_ca.pdb
410,313297177,random,YYDPETGTWY,amber,4.261697287945659,6.360351065248217,23.468560599814136,7.805505575898206,5.508595556037851,4.848916770784997,221.76,aer,4096,outputs/Brickwork_entanglement/slurm_YYDPETGTWY_amber/replica_410/replica_410.pdb,outputs/Brickwork_entanglement/slurm_YYDPETGTWY_amber/replica_410/replica_410_ca.pdb
669,313297436,random,YYDPETGTWY,amber,158.5034043187283,6.366207675320263,23.221628103272675,7.550883678002541,5.508595556037851,4.848916770784997,287.13,aer,4096,outputs/Brickwork_entanglement/slurm_YYDPETGTWY_amber/replica_669/replica_669.pdb,outputs/Brickwork_entanglement/slurm_YYDPETGTWY_amber/replica_669/replica_669_ca.pdb
176,313296943,random,YYDPETGTWY,amber,3.6730732950323324,6.367674613899396,22.11795606443194,7.224352815970311,5.508595556037851,4.848916770784997,348.53,aer,4096,outputs/Brickwork_entanglement/slurm_YYDPETGTWY_amber/replica_176/replica_176.pdb,outputs/Brickwork_entanglement/slurm_YYDPETGTWY_amber/replica_176/replica_176_ca.pdb
493,313297260,random,YYDPETGTWY,amber,-43.540814553176816,6.371518374405047,22.769116474803297,7.195233390096491,5.508595556037851,4.848916770784997,231.35,aer,4096,outputs/Brickwork_entanglement/slurm_YYDPETGTWY_amber/replica_493/replica_493.pdb,outputs/Brickwork_entanglement/slurm_YYDPETGTWY_amber/replica_493/replica_493_ca.pdb
13,313296780,random,YYDPETGTWY,amber,-34.45642554793062,6.3720939664839875,23.543800198797392,7.667941035871861,5.508595556037851,4.848916770784997,1601.71,aer,4096,outputs/Brickwork_entanglement/slurm_YYDPETGTWY_amber/replica_13/replica_13.pdb,outputs/Brickwork_entanglement/slurm_YYDPETGTWY_amber/replica_13/replica_13_ca.pdb
428,313297195,random,YYDPETGTWY,amber,-33.7496040787232,6.381619174953248,22.809651223284167,7.348913777034861,5.508595556037851,4.848916770784997,227.78,aer,4096,outputs/Brickwork_entanglement/slurm_YYDPETGTWY_amber/replica_428/replica_428.pdb,outputs/Brickwork_entanglement/slurm_YYDPETGTWY_amber/replica_428/replica_428_ca.pdb
928,313297695,random,YYDPETGTWY,amber,35.05520246406797,6.3820676032283385,21.04356085391829,7.026174452936825,5.508595556037851,4.848916770784997,277.26,aer,4096,outputs/Brickwork_entanglement/slurm_YYDPETGTWY_amber/replica_928/replica_928.pdb,outputs/Brickwork_entanglement/slurm_YYDPETGTWY_amber/replica_928/replica_928_ca.pdb
229,313296996,random,YYDPETGTWY,amber,50.10124229328944,6.382859971064291,22.92920231589393,7.757843245986592,5.508595556037851,4.848916770784997,342.1,aer,4096,outputs/Brickwork_entanglement/slurm_YYDPETGTWY_amber/replica_229/replica_229.pdb,outputs/Brickwork_entanglement/slurm_YYDPETGTWY_amber/replica_229/replica_229_ca.pdb
50,313296817,random,YYDPETGTWY,amber,-56.84008385358794,6.383023338279073,23.132841649559225,7.6673099218897445,5.508595556037851,4.848916770784997,279.09,aer,4096,outputs/Brickwork_entanglement/slurm_YYDPETGTWY_amber/replica_50/replica_50.pdb,outputs/Brickwork_entanglement/slurm_YYDPETGTWY_amber/replica_50/replica_50_ca.pdb
430,313297197,random,YYDPETGTWY,amber,63.696196535279505,6.385417342054438,22.13702485970968,7.48096496471593,5.508595556037851,4.848916770784997,248.27,aer,4096,outputs/Brickwork_entanglement/slurm_YYDPETGTWY_amber/replica_430/replica_430.pdb,outputs/Brickwork_entanglement/slurm_YYDPETGTWY_amber/replica_430/replica_430_ca.pdb
999,313297766,random,YYDPETGTWY,amber,-56.783053537772524,6.386213984542647,20.859377274379202,6.99897228080322,5.508595556037851,4.848916770784997,224.94,aer,4096,outputs/Brickwork_entanglement/slurm_YYDPETGTWY_amber/replica_999/replica_999.pdb,outputs/Brickwork_entanglement/slurm_YYDPETGTWY_amber/replica_999/replica_999_ca.pdb
881,313297648,random,YYDPETGTWY,amber,86.6939128977866,6.386395707551207,21.89057719515013,7.03112077760921,5.508595556037851,4.848916770784997,326.87,aer,4096,outputs/Brickwork_entanglement/slurm_YYDPETGTWY_amber/replica_881/replica_881.pdb,outputs/Brickwork_entanglement/slurm_YYDPETGTWY_amber/replica_881/replica_881_ca.pdb
807,313297574,random,YYDPETGTWY,amber,20.579506899814373,6.386913132475856,22.78646584224339,7.337924692930057,5.508595556037851,4.848916770784997,223.07,aer,4096,outputs/Brickwork_entanglement/slurm_YYDPETGTWY_amber/replica_807/replica_807.pdb,outputs/Brickwork_entanglement/slurm_YYDPETGTWY_amber/replica_807/replica_807_ca.pdb
896,313297663,random,YYDPETGTWY,amber,-11.939021694548899,6.387652470229093,22.3459608119515,7.570945869788243,5.508595556037851,4.848916770784997,387.78,aer,4096,outputs/Brickwork_entanglement/slurm_YYDPETGTWY_amber/replica_896/replica_896.pdb,outputs/Brickwork_entanglement/slurm_YYDPETGTWY_amber/replica_896/replica_896_ca.pdb
114,313296881,random,YYDPETGTWY,amber,-82.0771077374836,6.390135845198408,22.039122304659966,7.369408941126123,5.508595556037851,4.848916770784997,501.23,aer,4096,outputs/Brickwork_entanglement/slurm_YYDPETGTWY_amber/replica_114/replica_114.pdb,outputs/Brickwork_entanglement/slurm_YYDPETGTWY_amber/replica_114/replica_114_ca.pdb
591,313297358,random,YYDPETGTWY,amber,60.06073542548473,6.391739859504907,22.80243373276748,7.4782809445944425,5.508595556037851,4.848916770784997,282.46,aer,4096,outputs/Brickwork_entanglement/slurm_YYDPETGTWY_amber/replica_591/replica_591.pdb,outputs/Brickwork_entanglement/slurm_YYDPETGTWY_amber/replica_591/replica_591_ca.pdb
970,313297737,random,YYDPETGTWY,amber,-36.313837183228934,6.394277346376408,21.32200699962072,7.209935639959961,5.508595556037851,4.848916770784997,415.64,aer,4096,outputs/Brickwork_entanglement/slurm_YYDPETGTWY_amber/replica_970/replica_970.pdb,outputs/Brickwork_entanglement/slurm_YYDPETGTWY_amber/replica_970/replica_970_ca.pdb
530,313297297,random,YYDPETGTWY,amber,98.08336322732814,6.397392955768082,22.954715779738933,7.657456687726141,5.508595556037851,4.848916770784997,243.22,aer,4096,outputs/Brickwork_entanglement/slurm_YYDPETGTWY_amber/replica_530/replica_530.pdb,outputs/Brickwork_entanglement/slurm_YYDPETGTWY_amber/replica_530/replica_530_ca.pdb
312,313297079,random,YYDPETGTWY,amber,-72.66258901760644,6.398886195675179,23.392608757147972,7.696856947430649,5.508595556037851,4.848916770784997,436.39,aer,4096,outputs/Brickwork_entanglement/slurm_YYDPETGTWY_amber/replica_312/replica_312.pdb,outputs/Brickwork_entanglement/slurm_YYDPETGTWY_amber/replica_312/replica_312_ca.pdb
607,313297374,random,YYDPETGTWY,amber,147.38195791440376,6.400851338882745,22.693343300799363,7.509564855780078,5.508595556037851,4.848916770784997,393.59,aer,4096,outputs/Brickwork_entanglement/slurm_YYDPETGTWY_amber/replica_607/replica_607.pdb,outputs/Brickwork_entanglement/slurm_YYDPETGTWY_amber/replica_607/replica_607_ca.pdb
843,313297610,random,YYDPETGTWY,amber,59.96496411821347,6.4047728967198045,22.227715135906916,7.6492087111745795,5.508595556037851,4.848916770784997,299.32,aer,4096,outputs/Brickwork_entanglement/slurm_YYDPETGTWY_amber/replica_843/replica_843.pdb,outputs/Brickwork_entanglement/slurm_YYDPETGTWY_amber/replica_843/replica_843_ca.pdb
82,313296849,random,YYDPETGTWY,amber,85.37130675274821,6.406805070148336,19.644693139463183,6.873799868046349,5.508595556037851,4.848916770784997,196.35,aer,4096,outputs/Brickwork_entanglement/slurm_YYDPETGTWY_amber/replica_82/replica_82.pdb,outputs/Brickwork_entanglement/slurm_YYDPETGTWY_amber/replica_82/replica_82_ca.pdb
958,313297725,random,YYDPETGTWY,amber,-1.90872315648215,6.410503593678144,23.06028014144574,7.527705783488849,5.508595556037851,4.848916770784997,234.18,aer,4096,outputs/Brickwork_entanglement/slurm_YYDPETGTWY_amber/replica_958/replica_958.pdb,outputs/Brickwork_entanglement/slurm_YYDPETGTWY_amber/replica_958/replica_958_ca.pdb
501,313297268,random,YYDPETGTWY,amber,-42.06109535941417,6.411428063456674,23.422486721772017,7.833087957017686,5.508595556037851,4.848916770784997,423.56,aer,4096,outputs/Brickwork_entanglement/slurm_YYDPETGTWY_amber/replica_501/replica_501.pdb,outputs/Brickwork_entanglement/slurm_YYDPETGTWY_amber/replica_501/replica_501_ca.pdb
936,313297703,random,YYDPETGTWY,amber,-32.04077651007843,6.422750013009881,23.149896993267074,7.660076846451243,5.508595556037851,4.848916770784997,224.75,aer,4096,outputs/Brickwork_entanglement/slurm_YYDPETGTWY_amber/replica_936/replica_936.pdb,outputs/Brickwork_entanglement/slurm_YYDPETGTWY_amber/replica_936/replica_936_ca.pdb
823,313297590,random,YYDPETGTWY,amber,65.91066197349674,6.427929442305128,23.022903433767134,7.635869870224881,5.508595556037851,4.848916770784997,274.92,aer,4096,outputs/Brickwork_entanglement/slurm_YYDPETGTWY_amber/replica_823/replica_823.pdb,outputs/Brickwork_entanglement/slurm_YYDPETGTWY_amber/replica_823/replica_823_ca.pdb
7,313296774,random,YYDPETGTWY,amber,-94.6971433279791,6.42871653059716,22.933079250560315,7.6371152458469895,5.508595556037851,4.848916770784997,1120.44,aer,4096,outputs/Brickwork_entanglement/slurm_YYDPETGTWY_amber/replica_7/replica_7.pdb,outputs/Brickwork_entanglement/slurm_YYDPETGTWY_amber/replica_7/replica_7_ca.pdb
938,313297705,random,YYDPETGTWY,amber,-33.27899525957848,6.429705544773858,21.049288248655955,6.924377521999985,5.508595556037851,4.848916770784997,229.83,aer,4096,outputs/Brickwork_entanglement/slurm_YYDPETGTWY_amber/replica_938/replica_938.pdb,outputs/Brickwork_entanglement/slurm_YYDPETGTWY_amber/replica_938/replica_938_ca.pdb
763,313297530,random,YYDPETGTWY,amber,22.24222433211094,6.432903677130078,23.228301495760824,7.852410651607198,5.508595556037851,4.848916770784997,227.24,aer,4096,outputs/Brickwork_entanglement/slurm_YYDPETGTWY_amber/replica_763/replica_763.pdb,outputs/Brickwork_entanglement/slurm_YYDPETGTWY_amber/replica_763/replica_763_ca.pdb
417,313297184,random,YYDPETGTWY,amber,105.37968750479904,6.438292134308049,22.49974425769382,7.709410513523969,5.508595556037851,4.848916770784997,570.86,aer,4096,outputs/Brickwork_entanglement/slurm_YYDPETGTWY_amber/replica_417/replica_417.pdb,outputs/Brickwork_entanglement/slurm_YYDPETGTWY_amber/replica_417/replica_417_ca.pdb
953,313297720,random,YYDPETGTWY,amber,-10.540674683722957,6.443903183761196,23.389765158522383,7.555483760763972,5.508595556037851,4.848916770784997,293.4,aer,4096,outputs/Brickwork_entanglement/slurm_YYDPETGTWY_amber/replica_953/replica_953.pdb,outputs/Brickwork_entanglement/slurm_YYDPETGTWY_amber/replica_953/replica_953_ca.pdb
682,313297449,random,YYDPETGTWY,amber,-0.47724998842970445,6.444643635318676,21.779274131506412,7.3419035234275345,5.508595556037851,4.848916770784997,523.2,aer,4096,outputs/Brickwork_entanglement/slurm_YYDPETGTWY_amber/replica_682/replica_682.pdb,outputs/Brickwork_entanglement/slurm_YYDPETGTWY_amber/replica_682/replica_682_ca.pdb
883,313297650,random,YYDPETGTWY,amber,-16.265808029941276,6.445992800724032,22.53369239030995,7.5127311528704235,5.508595556037851,4.848916770784997,298.72,aer,4096,outputs/Brickwork_entanglement/slurm_YYDPETGTWY_amber/replica_883/replica_883.pdb,outputs/Brickwork_entanglement/slurm_YYDPETGTWY_amber/replica_883/replica_883_ca.pdb
344,313297111,random,YYDPETGTWY,amber,117.29988325587075,6.4461156253336,22.055843073969157,7.5331334570319015,5.508595556037851,4.848916770784997,222.88,aer,4096,outputs/Brickwork_entanglement/slurm_YYDPETGTWY_amber/replica_344/replica_344.pdb,outputs/Brickwork_entanglement/slurm_YYDPETGTWY_amber/replica_344/replica_344_ca.pdb
198,313296965,random,YYDPETGTWY,amber,10.657575144287488,6.451429938410699,23.273981697572026,7.835934126533255,5.508595556037851,4.848916770784997,184.53,aer,4096,outputs/Brickwork_entanglement/slurm_YYDPETGTWY_amber/replica_198/replica_198.pdb,outputs/Brickwork_entanglement/slurm_YYDPETGTWY_amber/replica_198/replica_198_ca.pdb
370,313297137,random,YYDPETGTWY,amber,-16.38211927278172,6.456023442185047,22.345497611913032,7.715809193614277,5.508595556037851,4.848916770784997,233.77,aer,4096,outputs/Brickwork_entanglement/slurm_YYDPETGTWY_amber/replica_370/replica_370.pdb,outputs/Brickwork_entanglement/slurm_YYDPETGTWY_amber/replica_370/replica_370_ca.pdb
462,313297229,random,YYDPETGTWY,amber,-58.977480832264995,6.456404888130803,23.342792383931165,7.702144029999864,5.508595556037851,4.848916770784997,494.48,aer,4096,outputs/Brickwork_entanglement/slurm_YYDPETGTWY_amber/replica_462/replica_462.pdb,outputs/Brickwork_entanglement/slurm_YYDPETGTWY_amber/replica_462/replica_462_ca.pdb
831,313297598,random,YYDPETGTWY,amber,88.8311178018892,6.457583685818208,21.822824945114245,7.500162684617594,5.508595556037851,4.848916770784997,314.6,aer,4096,outputs/Brickwork_entanglement/slurm_YYDPETGTWY_amber/replica_831/replica_831.pdb,outputs/Brickwork_entanglement/slurm_YYDPETGTWY_amber/replica_831/replica_831_ca.pdb
299,313297066,random,YYDPETGTWY,amber,100.49604653907748,6.467365968059427,23.35829976103876,7.665806002759561,5.508595556037851,4.848916770784997,272.72,aer,4096,outputs/Brickwork_entanglement/slurm_YYDPETGTWY_amber/replica_299/replica_299.pdb,outputs/Brickwork_entanglement/slurm_YYDPETGTWY_amber/replica_299/replica_299_ca.pdb
460,313297227,random,YYDPETGTWY,amber,35.471084475657285,6.4696723826015985,22.291564035258226,7.65901895097023,5.508595556037851,4.848916770784997,215.16,aer,4096,outputs/Brickwork_entanglement/slurm_YYDPETGTWY_amber/replica_460/replica_460.pdb,outputs/Brickwork_entanglement/slurm_YYDPETGTWY_amber/replica_460/replica_460_ca.pdb
258,313297025,random,YYDPETGTWY,amber,-27.521202761398786,6.472884930745064,22.55934586670605,7.260399948204502,5.508595556037851,4.848916770784997,334.62,aer,4096,outputs/Brickwork_entanglement/slurm_YYDPETGTWY_amber/replica_258/replica_258.pdb,outputs/Brickwork_entanglement/slurm_YYDPETGTWY_amber/replica_258/replica_258_ca.pdb
270,313297037,random,YYDPETGTWY,amber,33.60780938855403,6.477494496425498,23.741032709749025,7.793000148299967,5.508595556037851,4.848916770784997,253.26,aer,4096,outputs/Brickwork_entanglement/slurm_YYDPETGTWY_amber/replica_270/replica_270.pdb,outputs/Brickwork_entanglement/slurm_YYDPETGTWY_amber/replica_270/replica_270_ca.pdb
102,313296869,random,YYDPETGTWY,amber,-52.60777935534052,6.4881081179497695,22.63274799934466,7.392320615817015,5.508595556037851,4.848916770784997,252.99,aer,4096,outputs/Brickwork_entanglement/slurm_YYDPETGTWY_amber/replica_102/replica_102.pdb,outputs/Brickwork_entanglement/slurm_YYDPETGTWY_amber/replica_102/replica_102_ca.pdb
556,313297323,random,YYDPETGTWY,amber,87.4998148252654,6.488756815531009,22.32637481938638,7.443153157630656,5.508595556037851,4.848916770784997,205.46,aer,4096,outputs/Brickwork_entanglement/slurm_YYDPETGTWY_amber/replica_556/replica_556.pdb,outputs/Brickwork_entanglement/slurm_YYDPETGTWY_amber/replica_556/replica_556_ca.pdb
75,313296842,random,YYDPETGTWY,amber,-3.584938379308399,6.492244706894543,20.728307400316513,6.983084944809878,5.508595556037851,4.848916770784997,333.24,aer,4096,outputs/Brickwork_entanglement/slurm_YYDPETGTWY_amber/replica_75/replica_75.pdb,outputs/Brickwork_entanglement/slurm_YYDPETGTWY_amber/replica_75/replica_75_ca.pdb
648,313297415,random,YYDPETGTWY,amber,11.227306645104553,6.496382434768728,22.524674679116842,7.280736999826909,5.508595556037851,4.848916770784997,291.51,aer,4096,outputs/Brickwork_entanglement/slurm_YYDPETGTWY_amber/replica_648/replica_648.pdb,outputs/Brickwork_entanglement/slurm_YYDPETGTWY_amber/replica_648/replica_648_ca.pdb
35,313296802,random,YYDPETGTWY,amber,-6.995589224713148,6.498683144022827,23.123622901097658,7.647416206977835,5.508595556037851,4.848916770784997,1608.59,aer,4096,outputs/Brickwork_entanglement/slurm_YYDPETGTWY_amber/replica_35/replica_35.pdb,outputs/Brickwork_entanglement/slurm_YYDPETGTWY_amber/replica_35/replica_35_ca.pdb
593,313297360,random,YYDPETGTWY,amber,60.43059865192066,6.502276502811239,22.323405022474436,7.4232367201285685,5.508595556037851,4.848916770784997,240.29,aer,4096,outputs/Brickwork_entanglement/slurm_YYDPETGTWY_amber/replica_593/replica_593.pdb,outputs/Brickwork_entanglement/slurm_YYDPETGTWY_amber/replica_593/replica_593_ca.pdb
313,313297080,random,YYDPETGTWY,amber,13.54361506637336,6.50402316327286,22.326250404129375,7.3917676196811195,5.508595556037851,4.848916770784997,205.12,aer,4096,outputs/Brickwork_entanglement/slurm_YYDPETGTWY_amber/replica_313/replica_313.pdb,outputs/Brickwork_entanglement/slurm_YYDPETGTWY_amber/replica_313/replica_313_ca.pdb
172,313296939,random,YYDPETGTWY,amber,53.53841106034884,6.504185169360348,22.941856505984564,7.652753017916741,5.508595556037851,4.848916770784997,310.73,aer,4096,outputs/Brickwork_entanglement/slurm_YYDPETGTWY_amber/replica_172/replica_172.pdb,outputs/Brickwork_entanglement/slurm_YYDPETGTWY_amber/replica_172/replica_172_ca.pdb
379,313297146,random,YYDPETGTWY,amber,7.658804158467495,6.507933071547482,23.226050486707965,7.690678509917273,5.508595556037851,4.848916770784997,204.3,aer,4096,outputs/Brickwork_entanglement/slurm_YYDPETGTWY_amber/replica_379/replica_379.pdb,outputs/Brickwork_entanglement/slurm_YYDPETGTWY_amber/replica_379/replica_379_ca.pdb
587,313297354,random,YYDPETGTWY,amber,-11.11108739106476,6.511609730271906,23.06306197844496,7.402385112656226,5.508595556037851,4.848916770784997,250.08,aer,4096,outputs/Brickwork_entanglement/slurm_YYDPETGTWY_amber/replica_587/replica_587.pdb,outputs/Brickwork_entanglement/slurm_YYDPETGTWY_amber/replica_587/replica_587_ca.pdb
652,313297419,random,YYDPETGTWY,amber,14.385324639437636,6.512395463049742,24.29922250574267,7.899179959952693,5.508595556037851,4.848916770784997,620.98,aer,4096,outputs/Brickwork_entanglement/slurm_YYDPETGTWY_amber/replica_652/replica_652.pdb,outputs/Brickwork_entanglement/slurm_YYDPETGTWY_amber/replica_652/replica_652_ca.pdb
773,313297540,random,YYDPETGTWY,amber,-69.53220854434,6.516841126339513,22.40466216326264,7.2363918983631965,5.508595556037851,4.848916770784997,278.08,aer,4096,outputs/Brickwork_entanglement/slurm_YYDPETGTWY_amber/replica_773/replica_773.pdb,outputs/Brickwork_entanglement/slurm_YYDPETGTWY_amber/replica_773/replica_773_ca.pdb
488,313297255,random,YYDPETGTWY,amber,-49.83963812427636,6.523810722851992,24.418394673056742,7.991479178578781,5.508595556037851,4.848916770784997,400.29,aer,4096,outputs/Brickwork_entanglement/slurm_YYDPETGTWY_amber/replica_488/replica_488.pdb,outputs/Brickwork_entanglement/slurm_YYDPETGTWY_amber/replica_488/replica_488_ca.pdb
328,313297095,random,YYDPETGTWY,amber,-16.028562207006733,6.524145033064012,23.651304922304426,7.771700233068519,5.508595556037851,4.848916770784997,224.89,aer,4096,outputs/Brickwork_entanglement/slurm_YYDPETGTWY_amber/replica_328/replica_328.pdb,outputs/Brickwork_entanglement/slurm_YYDPETGTWY_amber/replica_328/replica_328_ca.pdb
214,313296981,random,YYDPETGTWY,amber,-31.913210282361064,6.524635379334078,21.688250907309037,7.233435875311668,5.508595556037851,4.848916770784997,342.99,aer,4096,outputs/Brickwork_entanglement/slurm_YYDPETGTWY_amber/replica_214/replica_214.pdb,outputs/Brickwork_entanglement/slurm_YYDPETGTWY_amber/replica_214/replica_214_ca.pdb
724,313297491,random,YYDPETGTWY,amber,-34.89921737962882,6.5261680577442105,22.752950094134494,7.358134032914689,5.508595556037851,4.848916770784997,264.87,aer,4096,outputs/Brickwork_entanglement/slurm_YYDPETGTWY_amber/replica_724/replica_724.pdb,outputs/Brickwork_entanglement/slurm_YYDPETGTWY_amber/replica_724/replica_724_ca.pdb
465,313297232,random,YYDPETGTWY,amber,-14.650861760257497,6.527975500745854,23.184784245422254,7.761738374491093,5.508595556037851,4.848916770784997,227.58,aer,4096,outputs/Brickwork_entanglement/slurm_YYDPETGTWY_amber/replica_465/replica_465.pdb,outputs/Brickwork_entanglement/slurm_YYDPETGTWY_amber/replica_465/replica_465_ca.pdb
87,313296854,random,YYDPETGTWY,amber,-18.975260166749514,6.53152276822303,22.68040733534613,7.5930321206745095,5.508595556037851,4.848916770784997,243.19,aer,4096,outputs/Brickwork_entanglement/slurm_YYDPETGTWY_amber/replica_87/replica_87.pdb,outputs/Brickwork_entanglement/slurm_YYDPETGTWY_amber/replica_87/replica_87_ca.pdb
132,313296899,random,YYDPETGTWY,amber,64.57224058744285,6.533064899002716,24.000587810274425,7.917465953070466,5.508595556037851,4.848916770784997,292.52,aer,4096,outputs/Brickwork_entanglement/slurm_YYDPETGTWY_amber/replica_132/replica_132.pdb,outputs/Brickwork_entanglement/slurm_YYDPETGTWY_amber/replica_132/replica_132_ca.pdb
215,313296982,random,YYDPETGTWY,amber,-35.061722379715185,6.544554551720564,22.355195321800483,7.223228684894117,5.508595556037851,4.848916770784997,263.33,aer,4096,outputs/Brickwork_entanglement/slurm_YYDPETGTWY_amber/replica_215/replica_215.pdb,outputs/Brickwork_entanglement/slurm_YYDPETGTWY_amber/replica_215/replica_215_ca.pdb
253,313297020,random,YYDPETGTWY,amber,15.051925014586757,6.5459079519689425,24.34223269789733,7.86550015112449,5.508595556037851,4.848916770784997,391.37,aer,4096,outputs/Brickwork_entanglement/slurm_YYDPETGTWY_amber/replica_253/replica_253.pdb,outputs/Brickwork_entanglement/slurm_YYDPETGTWY_amber/replica_253/replica_253_ca.pdb
288,313297055,random,YYDPETGTWY,amber,86.2802306985983,6.5466256790249915,23.99988979432668,7.55375580218705,5.508595556037851,4.848916770784997,301.13,aer,4096,outputs/Brickwork_entanglement/slurm_YYDPETGTWY_amber/replica_288/replica_288.pdb,outputs/Brickwork_entanglement/slurm_YYDPETGTWY_amber/replica_288/replica_288_ca.pdb
764,313297531,random,YYDPETGTWY,amber,103.09518932989072,6.546854787476061,23.3052431199453,7.729314375701887,5.508595556037851,4.848916770784997,206.55,aer,4096,outputs/Brickwork_entanglement/slurm_YYDPETGTWY_amber/replica_764/replica_764.pdb,outputs/Brickwork_entanglement/slurm_YYDPETGTWY_amber/replica_764/replica_764_ca.pdb
366,313297133,random,YYDPETGTWY,amber,28.695539925495215,6.547346991987683,22.537525544594686,7.589891584175147,5.508595556037851,4.848916770784997,257.86,aer,4096,outputs/Brickwork_entanglement/slurm_YYDPETGTWY_amber/replica_366/replica_366.pdb,outputs/Brickwork_entanglement/slurm_YYDPETGTWY_amber/replica_366/replica_366_ca.pdb
60,313296827,random,YYDPETGTWY,amber,48.66824128208885,6.547743750495821,22.881465276907868,7.733092125812982,5.508595556037851,4.848916770784997,187.2,aer,4096,outputs/Brickwork_entanglement/slurm_YYDPETGTWY_amber/replica_60/replica_60.pdb,outputs/Brickwork_entanglement/slurm_YYDPETGTWY_amber/replica_60/replica_60_ca.pdb
340,313297107,random,YYDPETGTWY,amber,-86.19900820213147,6.548922716599906,22.595427785738842,7.704535961527241,5.508595556037851,4.848916770784997,199.07,aer,4096,outputs/Brickwork_entanglement/slurm_YYDPETGTWY_amber/replica_340/replica_340.pdb,outputs/Brickwork_entanglement/slurm_YYDPETGTWY_amber/replica_340/replica_340_ca.pdb
408,313297175,random,YYDPETGTWY,amber,-45.758637192127374,6.550635849483252,23.264468358798382,7.44374411674403,5.508595556037851,4.848916770784997,577.75,aer,4096,outputs/Brickwork_entanglement/slurm_YYDPETGTWY_amber/replica_408/replica_408.pdb,outputs/Brickwork_entanglement/slurm_YYDPETGTWY_amber/replica_408/replica_408_ca.pdb
329,313297096,random,YYDPETGTWY,amber,-13.396587720549872,6.5530042513778906,23.331096004654096,7.747039619620707,5.508595556037851,4.848916770784997,281.04,aer,4096,outputs/Brickwork_entanglement/slurm_YYDPETGTWY_amber/replica_329/replica_329.pdb,outputs/Brickwork_entanglement/slurm_YYDPETGTWY_amber/replica_329/replica_329_ca.pdb
461,313297228,random,YYDPETGTWY,amber,33.888917061702706,6.556393702328476,23.780209850792208,7.69817540475813,5.508595556037851,4.848916770784997,254.32,aer,4096,outputs/Brickwork_entanglement/slurm_YYDPETGTWY_amber/replica_461/replica_461.pdb,outputs/Brickwork_entanglement/slurm_YYDPETGTWY_amber/replica_461/replica_461_ca.pdb
673,313297440,random,YYDPETGTWY,amber,63.589882609460396,6.557690825973524,23.188341267032623,7.731171877003974,5.508595556037851,4.848916770784997,270.97,aer,4096,outputs/Brickwork_entanglement/slurm_YYDPETGTWY_amber/replica_673/replica_673.pdb,outputs/Brickwork_entanglement/slurm_YYDPETGTWY_amber/replica_673/replica_673_ca.pdb
702,313297469,random,YYDPETGTWY,amber,-0.8635312100862911,6.562108311831057,22.765513956961815,7.702925413819427,5.508595556037851,4.848916770784997,370.08,aer,4096,outputs/Brickwork_entanglement/slurm_YYDPETGTWY_amber/replica_702/replica_702.pdb,outputs/Brickwork_entanglement/slurm_YYDPETGTWY_amber/replica_702/replica_702_ca.pdb
904,313297671,random,YYDPETGTWY,amber,0.7123655575970486,6.56259952018463,21.028784663191598,7.099782714559893,5.508595556037851,4.848916770784997,409.81,aer,4096,outputs/Brickwork_entanglement/slurm_YYDPETGTWY_amber/replica_904/replica_904.pdb,outputs/Brickwork_entanglement/slurm_YYDPETGTWY_amber/replica_904/replica_904_ca.pdb
347,313297114,random,YYDPETGTWY,amber,164.20172850876457,6.567488128677622,23.327957221061496,7.446175847741104,5.508595556037851,4.848916770784997,515.18,aer,4096,outputs/Brickwork_entanglement/slurm_YYDPETGTWY_amber/replica_347/replica_347.pdb,outputs/Brickwork_entanglement/slurm_YYDPETGTWY_amber/replica_347/replica_347_ca.pdb
586,313297353,random,YYDPETGTWY,amber,36.3466502199347,6.567938344995002,22.82491897427231,7.226137476883828,5.508595556037851,4.848916770784997,256.62,aer,4096,outputs/Brickwork_entanglement/slurm_YYDPETGTWY_amber/replica_586/replica_586.pdb,outputs/Brickwork_entanglement/slurm_YYDPETGTWY_amber/replica_586/replica_586_ca.pdb
380,313297147,random,YYDPETGTWY,amber,34.042300494986215,6.568573950975389,23.777802799792955,7.612806563252105,5.508595556037851,4.848916770784997,383.38,aer,4096,outputs/Brickwork_entanglement/slurm_YYDPETGTWY_amber/replica_380/replica_380.pdb,outputs/Brickwork_entanglement/slurm_YYDPETGTWY_amber/replica_380/replica_380_ca.pdb
475,313297242,random,YYDPETGTWY,amber,-31.402504146373982,6.570056017078503,22.753425353014226,7.501144712875192,5.508595556037851,4.848916770784997,326.26,aer,4096,outputs/Brickwork_entanglement/slurm_YYDPETGTWY_amber/replica_475/replica_475.pdb,outputs/Brickwork_entanglement/slurm_YYDPETGTWY_amber/replica_475/replica_475_ca.pdb
733,313297500,random,YYDPETGTWY,amber,-23.0700523870425,6.574562663485396,22.992054764947543,7.416503084869145,5.508595556037851,4.848916770784997,270.98,aer,4096,outputs/Brickwork_entanglement/slurm_YYDPETGTWY_amber/replica_733/replica_733.pdb,outputs/Brickwork_entanglement/slurm_YYDPETGTWY_amber/replica_733/replica_733_ca.pdb
336,313297103,random,YYDPETGTWY,amber,28.013591186745575,6.575019156718358,23.800871078949683,7.769742844940215,5.508595556037851,4.848916770784997,268.95,aer,4096,outputs/Brickwork_entanglement/slurm_YYDPETGTWY_amber/replica_336/replica_336.pdb,outputs/Brickwork_entanglement/slurm_YYDPETGTWY_amber/replica_336/replica_336_ca.pdb
742,313297509,random,YYDPETGTWY,amber,20.808459517723758,6.576451741959415,23.693915810769717,7.676540323572554,5.508595556037851,4.848916770784997,466.21,aer,4096,outputs/Brickwork_entanglement/slurm_YYDPETGTWY_amber/replica_742/replica_742.pdb,outputs/Brickwork_entanglement/slurm_YYDPETGTWY_amber/replica_742/replica_742_ca.pdb
483,313297250,random,YYDPETGTWY,amber,-12.303430039475348,6.576705545162427,22.737618536402696,7.55277195124166,5.508595556037851,4.848916770784997,363.57,aer,4096,outputs/Brickwork_entanglement/slurm_YYDPETGTWY_amber/replica_483/replica_483.pdb,outputs/Brickwork_entanglement/slurm_YYDPETGTWY_amber/replica_483/replica_483_ca.pdb
291,313297058,random,YYDPETGTWY,amber,3.5932359602788826,6.580924800720867,22.606100558077443,7.442147920269511,5.508595556037851,4.848916770784997,277.87,aer,4096,outputs/Brickwork_entanglement/slurm_YYDPETGTWY_amber/replica_291/replica_291.pdb,outputs/Brickwork_entanglement/slurm_YYDPETGTWY_amber/replica_291/replica_291_ca.pdb
119,313296886,random,YYDPETGTWY,amber,-44.547265155133715,6.583259564217478,23.010309590412156,7.694685339306091,5.508595556037851,4.848916770784997,310.1,aer,4096,outputs/Brickwork_entanglement/slurm_YYDPETGTWY_amber/replica_119/replica_119.pdb,outputs/Brickwork_entanglement/slurm_YYDPETGTWY_amber/replica_119/replica_119_ca.pdb
509,313297276,random,YYDPETGTWY,amber,-56.25682383940725,6.584260760563901,23.14495690451626,7.6370668322091895,5.508595556037851,4.848916770784997,328.83,aer,4096,outputs/Brickwork_entanglement/slurm_YYDPETGTWY_amber/replica_509/replica_509.pdb,outputs/Brickwork_entanglement/slurm_YYDPETGTWY_amber/replica_509/replica_509_ca.pdb
375,313297142,random,YYDPETGTWY,amber,28.02913565300601,6.599758270625975,22.868143995800107,7.617965364253935,5.508595556037851,4.848916770784997,236.64,aer,4096,outputs/Brickwork_entanglement/slurm_YYDPETGTWY_amber/replica_375/replica_375.pdb,outputs/Brickwork_entanglement/slurm_YYDPETGTWY_amber/replica_375/replica_375_ca.pdb
361,313297128,random,YYDPETGTWY,amber,-39.35525809244733,6.602511341583688,21.312068373243243,7.479983488857908,5.508595556037851,4.848916770784997,245.06,aer,4096,outputs/Brickwork_entanglement/slurm_YYDPETGTWY_amber/replica_361/replica_361.pdb,outputs/Brickwork_entanglement/slurm_YYDPETGTWY_amber/replica_361/replica_361_ca.pdb
200,313296967,random,YYDPETGTWY,amber,-49.531903111779236,6.605006078644321,23.695706140688756,7.550617312493511,5.508595556037851,4.848916770784997,270.22,aer,4096,outputs/Brickwork_entanglement/slurm_YYDPETGTWY_amber/replica_200/replica_200.pdb,outputs/Brickwork_entanglement/slurm_YYDPETGTWY_amber/replica_200/replica_200_ca.pdb
554,313297321,random,YYDPETGTWY,amber,-23.538822997789374,6.60657636555373,23.343609019168888,7.60770602613844,5.508595556037851,4.848916770784997,212.15,aer,4096,outputs/Brickwork_entanglement/slurm_YYDPETGTWY_amber/replica_554/replica_554.pdb,outputs/Brickwork_entanglement/slurm_YYDPETGTWY_amber/replica_554/replica_554_ca.pdb
280,313297047,random,YYDPETGTWY,amber,-15.156086500259585,6.607926582718228,22.439633781021563,7.4750870791865225,5.508595556037851,4.848916770784997,477.64,aer,4096,outputs/Brickwork_entanglement/slurm_YYDPETGTWY_amber/replica_280/replica_280.pdb,outputs/Brickwork_entanglement/slurm_YYDPETGTWY_amber/replica_280/replica_280_ca.pdb
155,313296922,random,YYDPETGTWY,amber,-62.15886850526161,6.617883722775173,22.55675608546011,7.480930113061965,5.508595556037851,4.848916770784997,293.55,aer,4096,outputs/Brickwork_entanglement/slurm_YYDPETGTWY_amber/replica_155/replica_155.pdb,outputs/Brickwork_entanglement/slurm_YYDPETGTWY_amber/replica_155/replica_155_ca.pdb
943,313297710,random,YYDPETGTWY,amber,15.811916076731828,6.6210126828038645,22.56236997062986,7.25626569901575,5.508595556037851,4.848916770784997,288.2,aer,4096,outputs/Brickwork_entanglement/slurm_YYDPETGTWY_amber/replica_943/replica_943.pdb,outputs/Brickwork_entanglement/slurm_YYDPETGTWY_amber/replica_943/replica_943_ca.pdb
950,313297717,random,YYDPETGTWY,amber,37.471051879210506,6.626650886626285,23.027458896157757,7.5846147437249085,5.508595556037851,4.848916770784997,245.51,aer,4096,outputs/Brickwork_entanglement/slurm_YYDPETGTWY_amber/replica_950/replica_950.pdb,outputs/Brickwork_entanglement/slurm_YYDPETGTWY_amber/replica_950/replica_950_ca.pdb
424,313297191,random,YYDPETGTWY,amber,7.559397699850021,6.633199842360858,23.844693405264326,7.880568799789337,5.508595556037851,4.848916770784997,244.01,aer,4096,outputs/Brickwork_entanglement/slurm_YYDPETGTWY_amber/replica_424/replica_424.pdb,outputs/Brickwork_entanglement/slurm_YYDPETGTWY_amber/replica_424/replica_424_ca.pdb
136,313296903,random,YYDPETGTWY,amber,-11.560050528396681,6.639926239058646,22.90639249435513,7.512168187778695,5.508595556037851,4.848916770784997,258.71,aer,4096,outputs/Brickwork_entanglement/slurm_YYDPETGTWY_amber/replica_136/replica_136.pdb,outputs/Brickwork_entanglement/slurm_YYDPETGTWY_amber/replica_136/replica_136_ca.pdb
782,313297549,random,YYDPETGTWY,amber,69.86916809884329,6.642451489225228,23.378248337417386,7.487077272580851,5.508595556037851,4.848916770784997,322.08,aer,4096,outputs/Brickwork_entanglement/slurm_YYDPETGTWY_amber/replica_782/replica_782.pdb,outputs/Brickwork_entanglement/slurm_YYDPETGTWY_amber/replica_782/replica_782_ca.pdb
983,313297750,random,YYDPETGTWY,amber,-49.64838348518725,6.642513952747383,23.32793118554317,7.647397789296915,5.508595556037851,4.848916770784997,230.98,aer,4096,outputs/Brickwork_entanglement/slurm_YYDPETGTWY_amber/replica_983/replica_983.pdb,outputs/Brickwork_entanglement/slurm_YYDPETGTWY_amber/replica_983/replica_983_ca.pdb
11,313296778,random,YYDPETGTWY,amber,-14.11324389017741,6.642777692445347,22.99978037393662,7.852922812556906,5.508595556037851,4.848916770784997,1241.01,aer,4096,outputs/Brickwork_entanglement/slurm_YYDPETGTWY_amber/replica_11/replica_11.pdb,outputs/Brickwork_entanglement/slurm_YYDPETGTWY_amber/replica_11/replica_11_ca.pdb
115,313296882,random,YYDPETGTWY,amber,-24.844000932144162,6.649296229737503,23.526601967325544,7.543968322656448,5.508595556037851,4.848916770784997,250.27,aer,4096,outputs/Brickwork_entanglement/slurm_YYDPETGTWY_amber/replica_115/replica_115.pdb,outputs/Brickwork_entanglement/slurm_YYDPETGTWY_amber/replica_115/replica_115_ca.pdb
485,313297252,random,YYDPETGTWY,amber,124.05959934739091,6.651453692606481,23.734498524021088,7.510811124461677,5.508595556037851,4.848916770784997,469.04,aer,4096,outputs/Brickwork_entanglement/slurm_YYDPETGTWY_amber/replica_485/replica_485.pdb,outputs/Brickwork_entanglement/slurm_YYDPETGTWY_amber/replica_485/replica_485_ca.pdb
316,313297083,random,YYDPETGTWY,amber,6.260457214732793,6.65191034207957,23.91941738157606,7.605882043711501,5.508595556037851,4.848916770784997,201.25,aer,4096,outputs/Brickwork_entanglement/slurm_YYDPETGTWY_amber/replica_316/replica_316.pdb,outputs/Brickwork_entanglement/slurm_YYDPETGTWY_amber/replica_316/replica_316_ca.pdb
929,313297696,random,YYDPETGTWY,amber,6.968450392974523,6.6650494979714034,23.844080505577296,7.827740787616684,5.508595556037851,4.848916770784997,329.1,aer,4096,outputs/Brickwork_entanglement/slurm_YYDPETGTWY_amber/replica_929/replica_929.pdb,outputs/Brickwork_entanglement/slurm_YYDPETGTWY_amber/replica_929/replica_929_ca.pdb
263,313297030,random,YYDPETGTWY,amber,71.3819273468546,6.667889332892884,23.84862163297781,7.775548341789639,5.508595556037851,4.848916770784997,378.71,aer,4096,outputs/Brickwork_entanglement/slurm_YYDPETGTWY_amber/replica_263/replica_263.pdb,outputs/Brickwork_entanglement/slurm_YYDPETGTWY_amber/replica_263/replica_263_ca.pdb
685,313297452,random,YYDPETGTWY,amber,-30.736477723830014,6.670650348884305,23.54525449313928,7.480999502470767,5.508595556037851,4.848916770784997,231.78,aer,4096,outputs/Brickwork_entanglement/slurm_YYDPETGTWY_amber/replica_685/replica_685.pdb,outputs/Brickwork_entanglement/slurm_YYDPETGTWY_amber/replica_685/replica_685_ca.pdb
427,313297194,random,YYDPETGTWY,amber,-32.75721873615487,6.673340369985744,24.177203282988348,7.967489278741913,5.508595556037851,4.848916770784997,355.36,aer,4096,outputs/Brickwork_entanglement/slurm_YYDPETGTWY_amber/replica_427/replica_427.pdb,outputs/Brickwork_entanglement/slurm_YYDPETGTWY_amber/replica_427/replica_427_ca.pdb
86,313296853,random,YYDPETGTWY,amber,40.49794113260305,6.677981184558048,22.358201235633818,7.536360052317165,5.508595556037851,4.848916770784997,244.49,aer,4096,outputs/Brickwork_entanglement/slurm_YYDPETGTWY_amber/replica_86/replica_86.pdb,outputs/Brickwork_entanglement/slurm_YYDPETGTWY_amber/replica_86/replica_86_ca.pdb
842,313297609,random,YYDPETGTWY,amber,-34.74637451710788,6.6789109425848645,23.971118842208472,7.843299101127262,5.508595556037851,4.848916770784997,431.3,aer,4096,outputs/Brickwork_entanglement/slurm_YYDPETGTWY_amber/replica_842/replica_842.pdb,outputs/Brickwork_entanglement/slurm_YYDPETGTWY_amber/replica_842/replica_842_ca.pdb
376,313297143,random,YYDPETGTWY,amber,-46.59736747931703,6.679487930164852,23.668864932394186,7.774807736104045,5.508595556037851,4.848916770784997,287.71,aer,4096,outputs/Brickwork_entanglement/slurm_YYDPETGTWY_amber/replica_376/replica_376.pdb,outputs/Brickwork_entanglement/slurm_YYDPETGTWY_amber/replica_376/replica_376_ca.pdb
944,313297711,random,YYDPETGTWY,amber,-6.87367734688849,6.692443597284538,24.906356100137998,8.0276669007451,5.508595556037851,4.848916770784997,324.47,aer,4096,outputs/Brickwork_entanglement/slurm_YYDPETGTWY_amber/replica_944/replica_944.pdb,outputs/Brickwork_entanglement/slurm_YYDPETGTWY_amber/replica_944/replica_944_ca.pdb
480,313297247,random,YYDPETGTWY,amber,-3.34429976044775,6.692637711816853,22.83245725597747,7.4451078990408925,5.508595556037851,4.848916770784997,341.61,aer,4096,outputs/Brickwork_entanglement/slurm_YYDPETGTWY_amber/replica_480/replica_480.pdb,outputs/Brickwork_entanglement/slurm_YYDPETGTWY_amber/replica_480/replica_480_ca.pdb
150,313296917,random,YYDPETGTWY,amber,13.72201167002894,6.693890137721468,21.57752825974307,7.3447374125946885,5.508595556037851,4.848916770784997,228.62,aer,4096,outputs/Brickwork_entanglement/slurm_YYDPETGTWY_amber/replica_150/replica_150.pdb,outputs/Brickwork_entanglement/slurm_YYDPETGTWY_amber/replica_150/replica_150_ca.pdb
207,313296974,random,YYDPETGTWY,amber,134.85678932065986,6.694943360009334,23.87892002014847,7.922538642817414,5.508595556037851,4.848916770784997,302.56,aer,4096,outputs/Brickwork_entanglement/slurm_YYDPETGTWY_amber/replica_207/replica_207.pdb,outputs/Brickwork_entanglement/slurm_YYDPETGTWY_amber/replica_207/replica_207_ca.pdb
381,313297148,random,YYDPETGTWY,amber,-54.075014574504905,6.696060113781269,22.244268467857825,7.365662217167454,5.508595556037851,4.848916770784997,403.3,aer,4096,outputs/Brickwork_entanglement/slurm_YYDPETGTWY_amber/replica_381/replica_381.pdb,outputs/Brickwork_entanglement/slurm_YYDPETGTWY_amber/replica_381/replica_381_ca.pdb
429,313297196,random,YYDPETGTWY,amber,1.0474270505318584,6.698129014946359,23.502453394851468,7.798244938058038,5.508595556037851,4.848916770784997,418.68,aer,4096,outputs/Brickwork_entanglement/slurm_YYDPETGTWY_amber/replica_429/replica_429.pdb,outputs/Brickwork_entanglement/slurm_YYDPETGTWY_amber/replica_429/replica_429_ca.pdb
443,313297210,random,YYDPETGTWY,amber,38.68282533681495,6.702341450218165,22.884959083250273,7.4783462513212475,5.508595556037851,4.848916770784997,241.11,aer,4096,outputs/Brickwork_entanglement/slurm_YYDPETGTWY_amber/replica_443/replica_443.pdb,outputs/Brickwork_entanglement/slurm_YYDPETGTWY_amber/replica_443/replica_443_ca.pdb
459,313297226,random,YYDPETGTWY,amber,-9.438922310564834,6.708471163138663,23.779785762001694,7.889887205154192,5.508595556037851,4.848916770784997,411.12,aer,4096,outputs/Brickwork_entanglement/slurm_YYDPETGTWY_amber/replica_459/replica_459.pdb,outputs/Brickwork_entanglement/slurm_YYDPETGTWY_amber/replica_459/replica_459_ca.pdb
190,313296957,random,YYDPETGTWY,amber,-91.21218003770653,6.720305378571911,24.3170582113597,7.774977767415343,5.508595556037851,4.848916770784997,375.17,aer,4096,outputs/Brickwork_entanglement/slurm_YYDPETGTWY_amber/replica_190/replica_190.pdb,outputs/Brickwork_entanglement/slurm_YYDPETGTWY_amber/replica_190/replica_190_ca.pdb
144,313296911,random,YYDPETGTWY,amber,0.8407470160406134,6.7210899410329406,24.65107459067232,7.990755794574542,5.508595556037851,4.848916770784997,246.62,aer,4096,outputs/Brickwork_entanglement/slurm_YYDPETGTWY_amber/replica_144/replica_144.pdb,outputs/Brickwork_entanglement/slurm_YYDPETGTWY_amber/replica_144/replica_144_ca.pdb
858,313297625,random,YYDPETGTWY,amber,9.285107099547245,6.7261305463263925,23.846562199245266,7.7901455490572316,5.508595556037851,4.848916770784997,213.72,aer,4096,outputs/Brickwork_entanglement/slurm_YYDPETGTWY_amber/replica_858/replica_858.pdb,outputs/Brickwork_entanglement/slurm_YYDPETGTWY_amber/replica_858/replica_858_ca.pdb
290,313297057,random,YYDPETGTWY,amber,23.88803369334684,6.726605100656318,23.882711571023265,7.83865021261542,5.508595556037851,4.848916770784997,294.36,aer,4096,outputs/Brickwork_entanglement/slurm_YYDPETGTWY_amber/replica_290/replica_290.pdb,outputs/Brickwork_entanglement/slurm_YYDPETGTWY_amber/replica_290/replica_290_ca.pdb
142,313296909,random,YYDPETGTWY,amber,-13.212629072027694,6.729491134163125,23.51684089409995,7.57735353667165,5.508595556037851,4.848916770784997,388.69,aer,4096,outputs/Brickwork_entanglement/slurm_YYDPETGTWY_amber/replica_142/replica_142.pdb,outputs/Brickwork_entanglement/slurm_YYDPETGTWY_amber/replica_142/replica_142_ca.pdb
99,313296866,random,YYDPETGTWY,amber,9.776573025415027,6.733290897571791,23.538896827037217,8.010011598946448,5.508595556037851,4.848916770784997,260.0,aer,4096,outputs/Brickwork_entanglement/slurm_YYDPETGTWY_amber/replica_99/replica_99.pdb,outputs/Brickwork_entanglement/slurm_YYDPETGTWY_amber/replica_99/replica_99_ca.pdb
617,313297384,random,YYDPETGTWY,amber,55.38792920985975,6.742699705138713,21.557978153022805,7.5625890286513,5.508595556037851,4.848916770784997,309.67,aer,4096,outputs/Brickwork_entanglement/slurm_YYDPETGTWY_amber/replica_617/replica_617.pdb,outputs/Brickwork_entanglement/slurm_YYDPETGTWY_amber/replica_617/replica_617_ca.pdb
537,313297304,random,YYDPETGTWY,amber,-22.948878411469757,6.750473235770933,22.467854457904643,7.790032992210849,5.508595556037851,4.848916770784997,273.88,aer,4096,outputs/Brickwork_entanglement/slurm_YYDPETGTWY_amber/replica_537/replica_537.pdb,outputs/Brickwork_entanglement/slurm_YYDPETGTWY_amber/replica_537/replica_537_ca.pdb
1,313296768,random,YYDPETGTWY,amber,-56.90206402976033,6.751093662818521,23.66989380572459,7.839270726499766,5.508595556037851,4.848916770784997,942.26,aer,4096,outputs/Brickwork_entanglement/slurm_YYDPETGTWY_amber/replica_1/replica_1.pdb,outputs/Brickwork_entanglement/slurm_YYDPETGTWY_amber/replica_1/replica_1_ca.pdb
725,313297492,random,YYDPETGTWY,amber,34.49986964301603,6.752537073839075,24.055483572688996,7.858068608239597,5.508595556037851,4.848916770784997,207.78,aer,4096,outputs/Brickwork_entanglement/slurm_YYDPETGTWY_amber/replica_725/replica_725.pdb,outputs/Brickwork_entanglement/slurm_YYDPETGTWY_amber/replica_725/replica_725_ca.pdb
863,313297630,random,YYDPETGTWY,amber,-25.195679516263684,6.753100664430321,23.880616542058593,7.709207995330917,5.508595556037851,4.848916770784997,282.5,aer,4096,outputs/Brickwork_entanglement/slurm_YYDPETGTWY_amber/replica_863/replica_863.pdb,outputs/Brickwork_entanglement/slurm_YYDPETGTWY_amber/replica_863/replica_863_ca.pdb
888,313297655,random,YYDPETGTWY,amber,-65.69387603961087,6.75459317015279,24.254113858733913,7.851764123359784,5.508595556037851,4.848916770784997,211.24,aer,4096,outputs/Brickwork_entanglement/slurm_YYDPETGTWY_amber/replica_888/replica_888.pdb,outputs/Brickwork_entanglement/slurm_YYDPETGTWY_amber/replica_888/replica_888_ca.pdb
594,313297361,random,YYDPETGTWY,amber,103.74261260548346,6.757100435824369,22.799245798065527,7.672149505160721,5.508595556037851,4.848916770784997,343.78,aer,4096,outputs/Brickwork_entanglement/slurm_YYDPETGTWY_amber/replica_594/replica_594.pdb,outputs/Brickwork_entanglement/slurm_YYDPETGTWY_amber/replica_594/replica_594_ca.pdb
338,313297105,random,YYDPETGTWY,amber,-53.92131722985682,6.759507005993718,22.839072326220748,7.271217654430223,5.508595556037851,4.848916770784997,265.35,aer,4096,outputs/Brickwork_entanglement/slurm_YYDPETGTWY_amber/replica_338/replica_338.pdb,outputs/Brickwork_entanglement/slurm_YYDPETGTWY_amber/replica_338/replica_338_ca.pdb
911,313297678,random,YYDPETGTWY,amber,56.91455723974264,6.75995058546923,24.031045137615216,7.878789895127726,5.508595556037851,4.848916770784997,364.59,aer,4096,outputs/Brickwork_entanglement/slurm_YYDPETGTWY_amber/replica_911/replica_911.pdb,outputs/Brickwork_entanglement/slurm_YYDPETGTWY_amber/replica_911/replica_911_ca.pdb
89,313296856,random,YYDPETGTWY,amber,-24.414949784767725,6.760876322519838,23.85013867649582,7.715878781730369,5.508595556037851,4.848916770784997,269.36,aer,4096,outputs/Brickwork_entanglement/slurm_YYDPETGTWY_amber/replica_89/replica_89.pdb,outputs/Brickwork_entanglement/slurm_YYDPETGTWY_amber/replica_89/replica_89_ca.pdb
730,313297497,random,YYDPETGTWY,amber,96.58490841044684,6.764277173825357,21.580988490281943,7.5829718713656735,5.508595556037851,4.848916770784997,235.11,aer,4096,outputs/Brickwork_entanglement/slurm_YYDPETGTWY_amber/replica_730/replica_730.pdb,outputs/Brickwork_entanglement/slurm_YYDPETGTWY_amber/replica_730/replica_730_ca.pdb
168,313296935,random,YYDPETGTWY,amber,-1.2403901447708465,6.765034144286706,25.122782434016873,8.012292092137244,5.508595556037851,4.848916770784997,260.12,aer,4096,outputs/Brickwork_entanglement/slurm_YYDPETGTWY_amber/replica_168/replica_168.pdb,outputs/Brickwork_entanglement/slurm_YYDPETGTWY_amber/replica_168/replica_168_ca.pdb
135,313296902,random,YYDPETGTWY,amber,-50.232530689852474,6.765037022114594,24.01203852740998,7.771016390340993,5.508595556037851,4.848916770784997,385.99,aer,4096,outputs/Brickwork_entanglement/slurm_YYDPETGTWY_amber/replica_135/replica_135.pdb,outputs/Brickwork_entanglement/slurm_YYDPETGTWY_amber/replica_135/replica_135_ca.pdb
444,313297211,random,YYDPETGTWY,amber,-4.448228299145937,6.766225713428692,23.222493555290278,7.871011748333499,5.508595556037851,4.848916770784997,297.15,aer,4096,outputs/Brickwork_entanglement/slurm_YYDPETGTWY_amber/replica_444/replica_444.pdb,outputs/Brickwork_entanglement/slurm_YYDPETGTWY_amber/replica_444/replica_444_ca.pdb
633,313297400,random,YYDPETGTWY,amber,83.35813989001691,6.768178589082562,24.040407881056332,7.732728931631852,5.508595556037851,4.848916770784997,253.38,aer,4096,outputs/Brickwork_entanglement/slurm_YYDPETGTWY_amber/replica_633/replica_633.pdb,outputs/Brickwork_entanglement/slurm_YYDPETGTWY_amber/replica_633/replica_633_ca.pdb
651,313297418,random,YYDPETGTWY,amber,-51.472285758109756,6.770608451090166,24.21151547768342,7.795230901605483,5.508595556037851,4.848916770784997,232.02,aer,4096,outputs/Brickwork_entanglement/slurm_YYDPETGTWY_amber/replica_651/replica_651.pdb,outputs/Brickwork_entanglement/slurm_YYDPETGTWY_amber/replica_651/replica_651_ca.pdb
798,313297565,random,YYDPETGTWY,amber,471.4100419826148,6.771902461584789,22.73493372483826,7.587443563529832,5.508595556037851,4.848916770784997,177.77,aer,4096,outputs/Brickwork_entanglement/slurm_YYDPETGTWY_amber/replica_798/replica_798.pdb,outputs/Brickwork_entanglement/slurm_YYDPETGTWY_amber/replica_798/replica_798_ca.pdb
729,313297496,random,YYDPETGTWY,amber,89.7543785093972,6.775529428158053,23.378555722560964,7.558926989112481,5.508595556037851,4.848916770784997,307.46,aer,4096,outputs/Brickwork_entanglement/slurm_YYDPETGTWY_amber/replica_729/replica_729.pdb,outputs/Brickwork_entanglement/slurm_YYDPETGTWY_amber/replica_729/replica_729_ca.pdb
921,313297688,random,YYDPETGTWY,amber,-5.551698864650517,6.785846483883474,24.49768722461657,7.853273749038977,5.508595556037851,4.848916770784997,297.23,aer,4096,outputs/Brickwork_entanglement/slurm_YYDPETGTWY_amber/replica_921/replica_921.pdb,outputs/Brickwork_entanglement/slurm_YYDPETGTWY_amber/replica_921/replica_921_ca.pdb
838,313297605,random,YYDPETGTWY,amber,21.124018947383874,6.792448262679405,23.905714728794457,7.67779622901122,5.508595556037851,4.848916770784997,247.65,aer,4096,outputs/Brickwork_entanglement/slurm_YYDPETGTWY_amber/replica_838/replica_838.pdb,outputs/Brickwork_entanglement/slurm_YYDPETGTWY_amber/replica_838/replica_838_ca.pdb
169,313296936,random,YYDPETGTWY,amber,-17.790237561754754,6.795454744848719,22.99757156858293,7.463507149049562,5.508595556037851,4.848916770784997,387.89,aer,4096,outputs/Brickwork_entanglement/slurm_YYDPETGTWY_amber/replica_169/replica_169.pdb,outputs/Brickwork_entanglement/slurm_YYDPETGTWY_amber/replica_169/replica_169_ca.pdb
954,313297721,random,YYDPETGTWY,amber,-30.18952957159843,6.7987009592466725,23.329509087033973,7.504089258565947,5.508595556037851,4.848916770784997,349.52,aer,4096,outputs/Brickwork_entanglement/slurm_YYDPETGTWY_amber/replica_954/replica_954.pdb,outputs/Brickwork_entanglement/slurm_YYDPETGTWY_amber/replica_954/replica_954_ca.pdb
964,313297731,random,YYDPETGTWY,amber,-36.35601761207393,6.802181411216581,23.142882247808966,7.643999837069103,5.508595556037851,4.848916770784997,247.48,aer,4096,outputs/Brickwork_entanglement/slurm_YYDPETGTWY_amber/replica_964/replica_964.pdb,outputs/Brickwork_entanglement/slurm_YYDPETGTWY_amber/replica_964/replica_964_ca.pdb
260,313297027,random,YYDPETGTWY,amber,42.240485827976585,6.803662824841436,24.775770916361697,7.986908215683155,5.508595556037851,4.848916770784997,305.2,aer,4096,outputs/Brickwork_entanglement/slurm_YYDPETGTWY_amber/replica_260/replica_260.pdb,outputs/Brickwork_entanglement/slurm_YYDPETGTWY_amber/replica_260/replica_260_ca.pdb
98,313296865,random,YYDPETGTWY,amber,419.8644093570458,6.808700946376355,24.569299866753934,7.969974085430263,5.508595556037851,4.848916770784997,184.05,aer,4096,outputs/Brickwork_entanglement/slurm_YYDPETGTWY_amber/replica_98/replica_98.pdb,outputs/Brickwork_entanglement/slurm_YYDPETGTWY_amber/replica_98/replica_98_ca.pdb
95,313296862,random,YYDPETGTWY,amber,-103.05795930575128,6.809249266226621,24.63428936218951,7.950691135918267,5.508595556037851,4.848916770784997,540.95,aer,4096,outputs/Brickwork_entanglement/slurm_YYDPETGTWY_amber/replica_95/replica_95.pdb,outputs/Brickwork_entanglement/slurm_YYDPETGTWY_amber/replica_95/replica_95_ca.pdb
4,313296771,random,YYDPETGTWY,amber,446.75538704486644,6.814397748756515,23.503194496633704,7.5381993290116505,5.508595556037851,4.848916770784997,839.39,aer,4096,outputs/Brickwork_entanglement/slurm_YYDPETGTWY_amber/replica_4/replica_4.pdb,outputs/Brickwork_entanglement/slurm_YYDPETGTWY_amber/replica_4/replica_4_ca.pdb
927,313297694,random,YYDPETGTWY,amber,11.218061572698726,6.827681903506903,23.494761752058245,7.851934190001293,5.508595556037851,4.848916770784997,353.57,aer,4096,outputs/Brickwork_entanglement/slurm_YYDPETGTWY_amber/replica_927/replica_927.pdb,outputs/Brickwork_entanglement/slurm_YYDPETGTWY_amber/replica_927/replica_927_ca.pdb
973,313297740,random,YYDPETGTWY,amber,-22.78500784576049,6.831108114820611,23.961341492443562,7.686796828500419,5.508595556037851,4.848916770784997,239.02,aer,4096,outputs/Brickwork_entanglement/slurm_YYDPETGTWY_amber/replica_973/replica_973.pdb,outputs/Brickwork_entanglement/slurm_YYDPETGTWY_amber/replica_973/replica_973_ca.pdb
259,313297026,random,YYDPETGTWY,amber,9.784106264625994,6.832972361358447,23.778472951190277,7.786995005334259,5.508595556037851,4.848916770784997,401.25,aer,4096,outputs/Brickwork_entanglement/slurm_YYDPETGTWY_amber/replica_259/replica_259.pdb,outputs/Brickwork_entanglement/slurm_YYDPETGTWY_amber/replica_259/replica_259_ca.pdb
476,313297243,random,YYDPETGTWY,amber,4.171137891574114,6.835565436146821,24.60072288320676,8.011410249245342,5.508595556037851,4.848916770784997,469.77,aer,4096,outputs/Brickwork_entanglement/slurm_YYDPETGTWY_amber/replica_476/replica_476.pdb,outputs/Brickwork_entanglement/slurm_YYDPETGTWY_amber/replica_476/replica_476_ca.pdb
234,313297001,random,YYDPETGTWY,amber,20.56207701091243,6.842852543379046,23.986889140035643,7.781616716696954,5.508595556037851,4.848916770784997,270.18,aer,4096,outputs/Brickwork_entanglement/slurm_YYDPETGTWY_amber/replica_234/replica_234.pdb,outputs/Brickwork_entanglement/slurm_YYDPETGTWY_amber/replica_234/replica_234_ca.pdb
992,313297759,random,YYDPETGTWY,amber,63.69300740142071,6.843089498465123,22.863519067362752,7.478588794616427,5.508595556037851,4.848916770784997,365.06,aer,4096,outputs/Brickwork_entanglement/slurm_YYDPETGTWY_amber/replica_992/replica_992.pdb,outputs/Brickwork_entanglement/slurm_YYDPETGTWY_amber/replica_992/replica_992_ca.pdb
930,313297697,random,YYDPETGTWY,amber,38.268748925353094,6.856629820164708,22.6181842155579,7.348474018185681,5.508595556037851,4.848916770784997,262.88,aer,4096,outputs/Brickwork_entanglement/slurm_YYDPETGTWY_amber/replica_930/replica_930.pdb,outputs/Brickwork_entanglement/slurm_YYDPETGTWY_amber/replica_930/replica_930_ca.pdb
503,313297270,random,YYDPETGTWY,amber,52.42508788384724,6.859164970960401,23.666293714911337,7.651987404152688,5.508595556037851,4.848916770784997,287.75,aer,4096,outputs/Brickwork_entanglement/slurm_YYDPETGTWY_amber/replica_503/replica_503.pdb,outputs/Brickwork_entanglement/slurm_YYDPETGTWY_amber/replica_503/replica_503_ca.pdb
474,313297241,random,YYDPETGTWY,amber,-0.8303816572712248,6.862567248784385,24.01801147384336,7.6687602467372225,5.508595556037851,4.848916770784997,298.07,aer,4096,outputs/Brickwork_entanglement/slurm_YYDPETGTWY_amber/replica_474/replica_474.pdb,outputs/Brickwork_entanglement/slurm_YYDPETGTWY_amber/replica_474/replica_474_ca.pdb
640,313297407,random,YYDPETGTWY,amber,71.6993968698792,6.864367594772546,24.5838406675343,7.960356936092264,5.508595556037851,4.848916770784997,242.29,aer,4096,outputs/Brickwork_entanglement/slurm_YYDPETGTWY_amber/replica_640/replica_640.pdb,outputs/Brickwork_entanglement/slurm_YYDPETGTWY_amber/replica_640/replica_640_ca.pdb
674,313297441,random,YYDPETGTWY,amber,-1.2828639187470932,6.864668031675607,23.263627277116495,7.509055126486246,5.508595556037851,4.848916770784997,224.23,aer,4096,outputs/Brickwork_entanglement/slurm_YYDPETGTWY_amber/replica_674/replica_674.pdb,outputs/Brickwork_entanglement/slurm_YYDPETGTWY_amber/replica_674/replica_674_ca.pdb
972,313297739,random,YYDPETGTWY,amber,0.9764917480391828,6.86849031919053,24.005991711256197,7.856571615011964,5.508595556037851,4.848916770784997,243.97,aer,4096,outputs/Brickwork_entanglement/slurm_YYDPETGTWY_amber/replica_972/replica_972.pdb,outputs/Brickwork_entanglement/slurm_YYDPETGTWY_amber/replica_972/replica_972_ca.pdb
452,313297219,random,YYDPETGTWY,amber,-2.236497817925497,6.87041599618417,24.07788279166004,7.70067462686339,5.508595556037851,4.848916770784997,227.58,aer,4096,outputs/Brickwork_entanglement/slurm_YYDPETGTWY_amber/replica_452/replica_452.pdb,outputs/Brickwork_entanglement/slurm_YYDPETGTWY_amber/replica_452/replica_452_ca.pdb
247,313297014,random,YYDPETGTWY,amber,69.01126319372956,6.8776212654629285,24.604104751108093,7.944761497043705,5.508595556037851,4.848916770784997,256.04,aer,4096,outputs/Brickwork_entanglement/slurm_YYDPETGTWY_amber/replica_247/replica_247.pdb,outputs/Brickwork_entanglement/slurm_YYDPETGTWY_amber/replica_247/replica_247_ca.pdb
584,313297351,random,YYDPETGTWY,amber,45.01037466228454,6.887597018650771,23.767263889702694,7.471130091810438,5.508595556037851,4.848916770784997,223.78,aer,4096,outputs/Brickwork_entanglement/slurm_YYDPETGTWY_amber/replica_584/replica_584.pdb,outputs/Brickwork_entanglement/slurm_YYDPETGTWY_amber/replica_584/replica_584_ca.pdb
287,313297054,random,YYDPETGTWY,amber,-26.95429864817674,6.8898101022313325,24.277696758043234,7.733152216245395,5.508595556037851,4.848916770784997,241.02,aer,4096,outputs/Brickwork_entanglement/slurm_YYDPETGTWY_amber/replica_287/replica_287.pdb,outputs/Brickwork_entanglement/slurm_YYDPETGTWY_amber/replica_287/replica_287_ca.pdb
541,313297308,random,YYDPETGTWY,amber,-37.21390538068826,6.891635192103734,24.061431306236173,7.748726195502646,5.508595556037851,4.848916770784997,278.42,aer,4096,outputs/Brickwork_entanglement/slurm_YYDPETGTWY_amber/replica_541/replica_541.pdb,outputs/Brickwork_entanglement/slurm_YYDPETGTWY_amber/replica_541/replica_541_ca.pdb
681,313297448,random,YYDPETGTWY,amber,-48.595253341906954,6.898737707590739,22.893971150385028,7.9130108363189215,5.508595556037851,4.848916770784997,359.58,aer,4096,outputs/Brickwork_entanglement/slurm_YYDPETGTWY_amber/replica_681/replica_681.pdb,outputs/Brickwork_entanglement/slurm_YYDPETGTWY_amber/replica_681/replica_681_ca.pdb
711,313297478,random,YYDPETGTWY,amber,-6.272100375573011,6.901925040182769,24.684094604937762,7.966085587920152,5.508595556037851,4.848916770784997,285.31,aer,4096,outputs/Brickwork_entanglement/slurm_YYDPETGTWY_amber/replica_711/replica_711.pdb,outputs/Brickwork_entanglement/slurm_YYDPETGTWY_amber/replica_711/replica_711_ca.pdb
468,313297235,random,YYDPETGTWY,amber,-11.885021188399337,6.904656917257538,23.19927593321828,7.755566666101941,5.508595556037851,4.848916770784997,401.35,aer,4096,outputs/Brickwork_entanglement/slurm_YYDPETGTWY_amber/replica_468/replica_468.pdb,outputs/Brickwork_entanglement/slurm_YYDPETGTWY_amber/replica_468/replica_468_ca.pdb
737,313297504,random,YYDPETGTWY,amber,-47.73187783071455,6.909901302869937,24.14208531497421,8.00293333340422,5.508595556037851,4.848916770784997,424.05,aer,4096,outputs/Brickwork_entanglement/slurm_YYDPETGTWY_amber/replica_737/replica_737.pdb,outputs/Brickwork_entanglement/slurm_YYDPETGTWY_amber/replica_737/replica_737_ca.pdb
799,313297566,random,YYDPETGTWY,amber,0.6922100453221112,6.912120243049829,24.25497656140932,7.8546737493692635,5.508595556037851,4.848916770784997,266.37,aer,4096,outputs/Brickwork_entanglement/slurm_YYDPETGTWY_amber/replica_799/replica_799.pdb,outputs/Brickwork_entanglement/slurm_YYDPETGTWY_amber/replica_799/replica_799_ca.pdb
598,313297365,random,YYDPETGTWY,amber,21.973168547616563,6.917081547517947,23.03966612620684,7.725908279539009,5.508595556037851,4.848916770784997,217.28,aer,4096,outputs/Brickwork_entanglement/slurm_YYDPETGTWY_amber/replica_598/replica_598.pdb,outputs/Brickwork_entanglement/slurm_YYDPETGTWY_amber/replica_598/replica_598_ca.pdb
859,313297626,random,YYDPETGTWY,amber,-58.04029467388938,6.918486327480352,23.76259182389462,7.520597496961168,5.508595556037851,4.848916770784997,320.49,aer,4096,outputs/Brickwork_entanglement/slurm_YYDPETGTWY_amber/replica_859/replica_859.pdb,outputs/Brickwork_entanglement/slurm_YYDPETGTWY_amber/replica_859/replica_859_ca.pdb
38,313296805,random,YYDPETGTWY,amber,-11.281225265103215,6.919353238963162,24.293390359640377,7.710236917603906,5.508595556037851,4.848916770784997,1270.72,aer,4096,outputs/Brickwork_entanglement/slurm_YYDPETGTWY_amber/replica_38/replica_38.pdb,outputs/Brickwork_entanglement/slurm_YYDPETGTWY_amber/replica_38/replica_38_ca.pdb
335,313297102,random,YYDPETGTWY,amber,6.011460979541696,6.92217773470288,22.999264536271152,7.938197514029221,5.508595556037851,4.848916770784997,285.29,aer,4096,outputs/Brickwork_entanglement/slurm_YYDPETGTWY_amber/replica_335/replica_335.pdb,outputs/Brickwork_entanglement/slurm_YYDPETGTWY_amber/replica_335/replica_335_ca.pdb
220,313296987,random,YYDPETGTWY,amber,0.33882763691610257,6.923477880953702,21.357446296369996,7.465884141077357,5.508595556037851,4.848916770784997,385.94,aer,4096,outputs/Brickwork_entanglement/slurm_YYDPETGTWY_amber/replica_220/replica_220.pdb,outputs/Brickwork_entanglement/slurm_YYDPETGTWY_amber/replica_220/replica_220_ca.pdb
717,313297484,random,YYDPETGTWY,amber,91.5315180185014,6.924822145355842,24.842246838921053,7.8571410684820036,5.508595556037851,4.848916770784997,283.7,aer,4096,outputs/Brickwork_entanglement/slurm_YYDPETGTWY_amber/replica_717/replica_717.pdb,outputs/Brickwork_entanglement/slurm_YYDPETGTWY_amber/replica_717/replica_717_ca.pdb
438,313297205,random,YYDPETGTWY,amber,-27.698914284274196,6.9292896474361765,23.847636029167496,7.9750900399256555,5.508595556037851,4.848916770784997,199.61,aer,4096,outputs/Brickwork_entanglement/slurm_YYDPETGTWY_amber/replica_438/replica_438.pdb,outputs/Brickwork_entanglement/slurm_YYDPETGTWY_amber/replica_438/replica_438_ca.pdb
923,313297690,random,YYDPETGTWY,amber,7.758475285276657,6.949411454423266,24.96442271474292,8.038859855966743,5.508595556037851,4.848916770784997,190.09,aer,4096,outputs/Brickwork_entanglement/slurm_YYDPETGTWY_amber/replica_923/replica_923.pdb,outputs/Brickwork_entanglement/slurm_YYDPETGTWY_amber/replica_923/replica_923_ca.pdb
349,313297116,random,YYDPETGTWY,amber,-71.53586890900642,6.951513770353607,23.010675410707798,7.443248633987679,5.508595556037851,4.848916770784997,301.99,aer,4096,outputs/Brickwork_entanglement/slurm_YYDPETGTWY_amber/replica_349/replica_349.pdb,outputs/Brickwork_entanglement/slurm_YYDPETGTWY_amber/replica_349/replica_349_ca.pdb
382,313297149,random,YYDPETGTWY,amber,-33.22908197177375,6.95307792920345,24.398135781997425,7.9836861673396955,5.508595556037851,4.848916770784997,296.12,aer,4096,outputs/Brickwork_entanglement/slurm_YYDPETGTWY_amber/replica_382/replica_382.pdb,outputs/Brickwork_entanglement/slurm_YYDPETGTWY_amber/replica_382/replica_382_ca.pdb
832,313297599,random,YYDPETGTWY,amber,4.095472421814659,6.953480753071282,24.987000459256755,7.867150686256235,5.508595556037851,4.848916770784997,273.99,aer,4096,outputs/Brickwork_entanglement/slurm_YYDPETGTWY_amber/replica_832/replica_832.pdb,outputs/Brickwork_entanglement/slurm_YYDPETGTWY_amber/replica_832/replica_832_ca.pdb
29,313296796,random,YYDPETGTWY,amber,71.4441399414486,6.957859878098531,23.772922258555862,7.7990133283928635,5.508595556037851,4.848916770784997,1211.97,aer,4096,outputs/Brickwork_entanglement/slurm_YYDPETGTWY_amber/replica_29/replica_29.pdb,outputs/Brickwork_entanglement/slurm_YYDPETGTWY_amber/replica_29/replica_29_ca.pdb
719,313297486,random,YYDPETGTWY,amber,-1.536808240388001,6.959731511387226,22.861374370822706,7.872443409793708,5.508595556037851,4.848916770784997,275.14,aer,4096,outputs/Brickwork_entanglement/slurm_YYDPETGTWY_amber/replica_719/replica_719.pdb,outputs/Brickwork_entanglement/slurm_YYDPETGTWY_amber/replica_719/replica_719_ca.pdb
816,313297583,random,YYDPETGTWY,amber,36.401463125159694,6.96548504168299,23.761350958931363,7.6086639742634485,5.508595556037851,4.848916770784997,318.82,aer,4096,outputs/Brickwork_entanglement/slurm_YYDPETGTWY_amber/replica_816/replica_816.pdb,outputs/Brickwork_entanglement/slurm_YYDPETGTWY_amber/replica_816/replica_816_ca.pdb
182,313296949,random,YYDPETGTWY,amber,-23.527936144215694,6.966627142809342,23.77105831556825,7.800181146142652,5.508595556037851,4.848916770784997,285.64,aer,4096,outputs/Brickwork_entanglement/slurm_YYDPETGTWY_amber/replica_182/replica_182.pdb,outputs/Brickwork_entanglement/slurm_YYDPETGTWY_amber/replica_182/replica_182_ca.pdb
851,313297618,random,YYDPETGTWY,amber,51.55369157506544,6.968081390321371,23.765056511381854,7.618084775025025,5.508595556037851,4.848916770784997,242.85,aer,4096,outputs/Brickwork_entanglement/slurm_YYDPETGTWY_amber/replica_851/replica_851.pdb,outputs/Brickwork_entanglement/slurm_YYDPETGTWY_amber/replica_851/replica_851_ca.pdb
242,313297009,random,YYDPETGTWY,amber,-89.32941251675429,6.969027557207926,24.38581834173286,7.768916138520823,5.508595556037851,4.848916770784997,251.99,aer,4096,outputs/Brickwork_entanglement/slurm_YYDPETGTWY_amber/replica_242/replica_242.pdb,outputs/Brickwork_entanglement/slurm_YYDPETGTWY_amber/replica_242/replica_242_ca.pdb
97,313296864,random,YYDPETGTWY,amber,-44.75339274625044,6.970482413170659,23.840420121029602,7.863364028096998,5.508595556037851,4.848916770784997,351.4,aer,4096,outputs/Brickwork_entanglement/slurm_YYDPETGTWY_amber/replica_97/replica_97.pdb,outputs/Brickwork_entanglement/slurm_YYDPETGTWY_amber/replica_97/replica_97_ca.pdb
309,313297076,random,YYDPETGTWY,amber,-47.7879567083982,6.985888713148417,23.834541636479912,7.818185887687795,5.508595556037851,4.848916770784997,248.33,aer,4096,outputs/Brickwork_entanglement/slurm_YYDPETGTWY_amber/replica_309/replica_309.pdb,outputs/Brickwork_entanglement/slurm_YYDPETGTWY_amber/replica_309/replica_309_ca.pdb
913,313297680,random,YYDPETGTWY,amber,-67.1353707685785,6.986977663669984,24.20333056669557,7.665535572019312,5.508595556037851,4.848916770784997,292.37,aer,4096,outputs/Brickwork_entanglement/slurm_YYDPETGTWY_amber/replica_913/replica_913.pdb,outputs/Brickwork_entanglement/slurm_YYDPETGTWY_amber/replica_913/replica_913_ca.pdb
990,313297757,random,YYDPETGTWY,amber,1.3466780212271239,7.00469310942173,24.472736335809284,7.792996575534876,5.508595556037851,4.848916770784997,302.97,aer,4096,outputs/Brickwork_entanglement/slurm_YYDPETGTWY_amber/replica_990/replica_990.pdb,outputs/Brickwork_entanglement/slurm_YYDPETGTWY_amber/replica_990/replica_990_ca.pdb
565,313297332,random,YYDPETGTWY,amber,-55.257669477379224,7.007911696211569,24.5390386118859,8.029438356026338,5.508595556037851,4.848916770784997,227.23,aer,4096,outputs/Brickwork_entanglement/slurm_YYDPETGTWY_amber/replica_565/replica_565.pdb,outputs/Brickwork_entanglement/slurm_YYDPETGTWY_amber/replica_565/replica_565_ca.pdb
39,313296806,random,YYDPETGTWY,amber,21.44617615298024,7.0080009693117935,25.036245164831993,7.807118310059125,5.508595556037851,4.848916770784997,283.42,aer,4096,outputs/Brickwork_entanglement/slurm_YYDPETGTWY_amber/replica_39/replica_39.pdb,outputs/Brickwork_entanglement/slurm_YYDPETGTWY_amber/replica_39/replica_39_ca.pdb
688,313297455,random,YYDPETGTWY,amber,-37.40988567351532,7.016524039146892,24.034054147195654,7.917140383927876,5.508595556037851,4.848916770784997,485.45,aer,4096,outputs/Brickwork_entanglement/slurm_YYDPETGTWY_amber/replica_688/replica_688.pdb,outputs/Brickwork_entanglement/slurm_YYDPETGTWY_amber/replica_688/replica_688_ca.pdb
236,313297003,random,YYDPETGTWY,amber,39.84650656169108,7.018157037115825,25.216061848623283,8.112129577885932,5.508595556037851,4.848916770784997,236.76,aer,4096,outputs/Brickwork_entanglement/slurm_YYDPETGTWY_amber/replica_236/replica_236.pdb,outputs/Brickwork_entanglement/slurm_YYDPETGTWY_amber/replica_236/replica_236_ca.pdb
458,313297225,random,YYDPETGTWY,amber,16.966495301024594,7.023604308886996,23.243927622304817,7.636384236118061,5.508595556037851,4.848916770784997,217.73,aer,4096,outputs/Brickwork_entanglement/slurm_YYDPETGTWY_amber/replica_458/replica_458.pdb,outputs/Brickwork_entanglement/slurm_YYDPETGTWY_amber/replica_458/replica_458_ca.pdb
286,313297053,random,YYDPETGTWY,amber,-23.61631633378242,7.024127918078475,24.576859489911072,7.911133636020434,5.508595556037851,4.848916770784997,398.57,aer,4096,outputs/Brickwork_entanglement/slurm_YYDPETGTWY_amber/replica_286/replica_286.pdb,outputs/Brickwork_entanglement/slurm_YYDPETGTWY_amber/replica_286/replica_286_ca.pdb
905,313297672,random,YYDPETGTWY,amber,-35.67621129601267,7.048561638101505,24.20010682728998,7.739074639482712,5.508595556037851,4.848916770784997,324.73,aer,4096,outputs/Brickwork_entanglement/slurm_YYDPETGTWY_amber/replica_905/replica_905.pdb,outputs/Brickwork_entanglement/slurm_YYDPETGTWY_amber/replica_905/replica_905_ca.pdb
852,313297619,random,YYDPETGTWY,amber,53.348870661876354,7.0553177084326135,24.978102268727564,7.951608168406311,5.508595556037851,4.848916770784997,244.45,aer,4096,outputs/Brickwork_entanglement/slurm_YYDPETGTWY_amber/replica_852/replica_852.pdb,outputs/Brickwork_entanglement/slurm_YYDPETGTWY_amber/replica_852/replica_852_ca.pdb
555,313297322,random,YYDPETGTWY,amber,-57.0295643054099,7.063945776964135,24.468697882144383,7.762940640751486,5.508595556037851,4.848916770784997,231.6,aer,4096,outputs/Brickwork_entanglement/slurm_YYDPETGTWY_amber/replica_555/replica_555.pdb,outputs/Brickwork_entanglement/slurm_YYDPETGTWY_amber/replica_555/replica_555_ca.pdb
374,313297141,random,YYDPETGTWY,amber,-117.11259911439858,7.069774321402455,24.319862489734227,7.730115324935497,5.508595556037851,4.848916770784997,175.68,aer,4096,outputs/Brickwork_entanglement/slurm_YYDPETGTWY_amber/replica_374/replica_374.pdb,outputs/Brickwork_entanglement/slurm_YYDPETGTWY_amber/replica_374/replica_374_ca.pdb
432,313297199,random,YYDPETGTWY,amber,-15.854551163398101,7.073605247525292,25.06101914532226,8.153758574860037,5.508595556037851,4.848916770784997,255.65,aer,4096,outputs/Brickwork_entanglement/slurm_YYDPETGTWY_amber/replica_432/replica_432.pdb,outputs/Brickwork_entanglement/slurm_YYDPETGTWY_amber/replica_432/replica_432_ca.pdb
606,313297373,random,YYDPETGTWY,amber,-55.94504205821021,7.076620846453733,24.36794396004052,7.77494157358076,5.508595556037851,4.848916770784997,237.74,aer,4096,outputs/Brickwork_entanglement/slurm_YYDPETGTWY_amber/replica_606/replica_606.pdb,outputs/Brickwork_entanglement/slurm_YYDPETGTWY_amber/replica_606/replica_606_ca.pdb
450,313297217,random,YYDPETGTWY,amber,13.162582216865665,7.084177242971826,25.438647659056215,8.154368978547655,5.508595556037851,4.848916770784997,302.02,aer,4096,outputs/Brickwork_entanglement/slurm_YYDPETGTWY_amber/replica_450/replica_450.pdb,outputs/Brickwork_entanglement/slurm_YYDPETGTWY_amber/replica_450/replica_450_ca.pdb
19,313296786,random,YYDPETGTWY,amber,-97.87585289040688,7.086219551025279,24.888197522013336,8.12860185287802,5.508595556037851,4.848916770784997,1026.14,aer,4096,outputs/Brickwork_entanglement/slurm_YYDPETGTWY_amber/replica_19/replica_19.pdb,outputs/Brickwork_entanglement/slurm_YYDPETGTWY_amber/replica_19/replica_19_ca.pdb
337,313297104,random,YYDPETGTWY,amber,-16.07371751649336,7.086563393179338,24.608287202563755,8.000485483764326,5.508595556037851,4.848916770784997,204.16,aer,4096,outputs/Brickwork_entanglement/slurm_YYDPETGTWY_amber/replica_337/replica_337.pdb,outputs/Brickwork_entanglement/slurm_YYDPETGTWY_amber/replica_337/replica_337_ca.pdb
342,313297109,random,YYDPETGTWY,amber,50.90213381830357,7.0889395626518725,24.05703307589579,7.707956585456796,5.508595556037851,4.848916770784997,524.6,aer,4096,outputs/Brickwork_entanglement/slurm_YYDPETGTWY_amber/replica_342/replica_342.pdb,outputs/Brickwork_entanglement/slurm_YYDPETGTWY_amber/replica_342/replica_342_ca.pdb
125,313296892,random,YYDPETGTWY,amber,33.67560320197305,7.089696866562057,25.318736741218054,8.15870903269837,5.508595556037851,4.848916770784997,427.33,aer,4096,outputs/Brickwork_entanglement/slurm_YYDPETGTWY_amber/replica_125/replica_125.pdb,outputs/Brickwork_entanglement/slurm_YYDPETGTWY_amber/replica_125/replica_125_ca.pdb
978,313297745,random,YYDPETGTWY,amber,-65.01765728475364,7.0957912320409156,24.362362397242936,7.788708108254156,5.508595556037851,4.848916770784997,408.27,aer,4096,outputs/Brickwork_entanglement/slurm_YYDPETGTWY_amber/replica_978/replica_978.pdb,outputs/Brickwork_entanglement/slurm_YYDPETGTWY_amber/replica_978/replica_978_ca.pdb
687,313297454,random,YYDPETGTWY,amber,-7.016421103984089,7.09602999738283,24.55322008082639,7.956487245107708,5.508595556037851,4.848916770784997,251.74,aer,4096,outputs/Brickwork_entanglement/slurm_YYDPETGTWY_amber/replica_687/replica_687.pdb,outputs/Brickwork_entanglement/slurm_YYDPETGTWY_amber/replica_687/replica_687_ca.pdb
985,313297752,random,YYDPETGTWY,amber,24.338129599927647,7.109743251306401,24.529469260260505,7.8882061106028525,5.508595556037851,4.848916770784997,247.39,aer,4096,outputs/Brickwork_entanglement/slurm_YYDPETGTWY_amber/replica_985/replica_985.pdb,outputs/Brickwork_entanglement/slurm_YYDPETGTWY_amber/replica_985/replica_985_ca.pdb
100,313296867,random,YYDPETGTWY,amber,16.111315013399498,7.112602414594198,24.6055294843055,8.035240052323116,5.508595556037851,4.848916770784997,221.87,aer,4096,outputs/Brickwork_entanglement/slurm_YYDPETGTWY_amber/replica_100/replica_100.pdb,outputs/Brickwork_entanglement/slurm_YYDPETGTWY_amber/replica_100/replica_100_ca.pdb
960,313297727,random,YYDPETGTWY,amber,10.222671407675788,7.149351510783983,24.325387812674705,7.950375333523647,5.508595556037851,4.848916770784997,430.58,aer,4096,outputs/Brickwork_entanglement/slurm_YYDPETGTWY_amber/replica_960/replica_960.pdb,outputs/Brickwork_entanglement/slurm_YYDPETGTWY_amber/replica_960/replica_960_ca.pdb
613,313297380,random,YYDPETGTWY,amber,329.99321880633966,7.15810158316359,24.59106057099073,7.9142259111967554,5.508595556037851,4.848916770784997,329.24,aer,4096,outputs/Brickwork_entanglement/slurm_YYDPETGTWY_amber/replica_613/replica_613.pdb,outputs/Brickwork_entanglement/slurm_YYDPETGTWY_amber/replica_613/replica_613_ca.pdb
25,313296792,random,YYDPETGTWY,amber,-28.204384087153013,7.167420845993104,25.062410597974264,7.999683421842896,5.508595556037851,4.848916770784997,1374.1,aer,4096,outputs/Brickwork_entanglement/slurm_YYDPETGTWY_amber/replica_25/replica_25.pdb,outputs/Brickwork_entanglement/slurm_YYDPETGTWY_amber/replica_25/replica_25_ca.pdb
664,313297431,random,YYDPETGTWY,amber,17.851581145569018,7.169835311538651,25.268115323772705,8.123903020352579,5.508595556037851,4.848916770784997,223.43,aer,4096,outputs/Brickwork_entanglement/slurm_YYDPETGTWY_amber/replica_664/replica_664.pdb,outputs/Brickwork_entanglement/slurm_YYDPETGTWY_amber/replica_664/replica_664_ca.pdb
792,313297559,random,YYDPETGTWY,amber,-14.816353415255751,7.171305184992202,24.954360977738848,7.9477081100281675,5.508595556037851,4.848916770784997,329.44,aer,4096,outputs/Brickwork_entanglement/slurm_YYDPETGTWY_amber/replica_792/replica_792.pdb,outputs/Brickwork_entanglement/slurm_YYDPETGTWY_amber/replica_792/replica_792_ca.pdb
208,313296975,random,YYDPETGTWY,amber,-1.213323123301084,7.179206171003095,24.513230808064947,7.835561351899523,5.508595556037851,4.848916770784997,214.07,aer,4096,outputs/Brickwork_entanglement/slurm_YYDPETGTWY_amber/replica_208/replica_208.pdb,outputs/Brickwork_entanglement/slurm_YYDPETGTWY_amber/replica_208/replica_208_ca.pdb
524,313297291,random,YYDPETGTWY,amber,36.29337325274378,7.186927808449073,24.79399402744205,7.908320747508172,5.508595556037851,4.848916770784997,417.41,aer,4096,outputs/Brickwork_entanglement/slurm_YYDPETGTWY_amber/replica_524/replica_524.pdb,outputs/Brickwork_entanglement/slurm_YYDPETGTWY_amber/replica_524/replica_524_ca.pdb
34,313296801,random,YYDPETGTWY,amber,-2.4803491530614408,7.20652223038313,24.74484390174678,7.916353162566784,5.508595556037851,4.848916770784997,895.91,aer,4096,outputs/Brickwork_entanglement/slurm_YYDPETGTWY_amber/replica_34/replica_34.pdb,outputs/Brickwork_entanglement/slurm_YYDPETGTWY_amber/replica_34/replica_34_ca.pdb
957,313297724,random,YYDPETGTWY,amber,-57.599247229315566,7.212954254386274,25.075654583123782,8.111697746051249,5.508595556037851,4.848916770784997,242.14,aer,4096,outputs/Brickwork_entanglement/slurm_YYDPETGTWY_amber/replica_957/replica_957.pdb,outputs/Brickwork_entanglement/slurm_YYDPETGTWY_amber/replica_957/replica_957_ca.pdb
246,313297013,random,YYDPETGTWY,amber,-47.875879383311364,7.221619067256451,24.214057732069605,7.786968136846436,5.508595556037851,4.848916770784997,483.2,aer,4096,outputs/Brickwork_entanglement/slurm_YYDPETGTWY_amber/replica_246/replica_246.pdb,outputs/Brickwork_entanglement/slurm_YYDPETGTWY_amber/replica_246/replica_246_ca.pdb
862,313297629,random,YYDPETGTWY,amber,132.50861427067895,7.228598730612832,25.034128879588174,7.982943839097144,5.508595556037851,4.848916770784997,257.97,aer,4096,outputs/Brickwork_entanglement/slurm_YYDPETGTWY_amber/replica_862/replica_862.pdb,outputs/Brickwork_entanglement/slurm_YYDPETGTWY_amber/replica_862/replica_862_ca.pdb
824,313297591,random,YYDPETGTWY,amber,-11.824734251318542,7.250426532355749,24.994173019428487,8.044348510331726,5.508595556037851,4.848916770784997,239.1,aer,4096,outputs/Brickwork_entanglement/slurm_YYDPETGTWY_amber/replica_824/replica_824.pdb,outputs/Brickwork_entanglement/slurm_YYDPETGTWY_amber/replica_824/replica_824_ca.pdb
151,313296918,random,YYDPETGTWY,amber,-22.408380635694634,7.251484719719514,24.973610531030978,7.940332900935999,5.508595556037851,4.848916770784997,204.59,aer,4096,outputs/Brickwork_entanglement/slurm_YYDPETGTWY_amber/replica_151/replica_151.pdb,outputs/Brickwork_entanglement/slurm_YYDPETGTWY_amber/replica_151/replica_151_ca.pdb
362,313297129,random,YYDPETGTWY,amber,-4.265439550745178,7.25491399183173,25.09366179664884,8.068543484950286,5.508595556037851,4.848916770784997,281.93,aer,4096,outputs/Brickwork_entanglement/slurm_YYDPETGTWY_amber/replica_362/replica_362.pdb,outputs/Brickwork_entanglement/slurm_YYDPETGTWY_amber/replica_362/replica_362_ca.pdb
865,313297632,random,YYDPETGTWY,amber,15.318538097813915,7.260801064185935,24.926782064573853,8.043818828842651,5.508595556037851,4.848916770784997,251.34,aer,4096,outputs/Brickwork_entanglement/slurm_YYDPETGTWY_amber/replica_865/replica_865.pdb,outputs/Brickwork_entanglement/slurm_YYDPETGTWY_amber/replica_865/replica_865_ca.pdb
624,313297391,random,YYDPETGTWY,amber,1.8905560492858537,7.26465641337283,25.330251219209913,8.143001312102518,5.508595556037851,4.848916770784997,277.81,aer,4096,outputs/Brickwork_entanglement/slurm_YYDPETGTWY_amber/replica_624/replica_624.pdb,outputs/Brickwork_entanglement/slurm_YYDPETGTWY_amber/replica_624/replica_624_ca.pdb
817,313297584,random,YYDPETGTWY,amber,-25.07490039834869,7.278163246003187,25.577581240155464,8.134451800676985,5.508595556037851,4.848916770784997,284.32,aer,4096,outputs/Brickwork_entanglement/slurm_YYDPETGTWY_amber/replica_817/replica_817.pdb,outputs/Brickwork_entanglement/slurm_YYDPETGTWY_amber/replica_817/replica_817_ca.pdb
233,313297000,random,YYDPETGTWY,amber,-33.12984617423353,7.317678060063059,25.144370297753767,7.941053522035173,5.508595556037851,4.848916770784997,288.19,aer,4096,outputs/Brickwork_entanglement/slurm_YYDPETGTWY_amber/replica_233/replica_233.pdb,outputs/Brickwork_entanglement/slurm_YYDPETGTWY_amber/replica_233/replica_233_ca.pdb
134,313296901,random,YYDPETGTWY,amber,86.35856057674064,7.341989212085091,24.768324266368317,8.081938116998518,5.508595556037851,4.848916770784997,350.73,aer,4096,outputs/Brickwork_entanglement/slurm_YYDPETGTWY_amber/replica_134/replica_134.pdb,outputs/Brickwork_entanglement/slurm_YYDPETGTWY_amber/replica_134/replica_134_ca.pdb
986,313297753,random,YYDPETGTWY,amber,76.85927640261983,7.342346016158092,24.88595210816632,8.066415018212252,5.508595556037851,4.848916770784997,227.12,aer,4096,outputs/Brickwork_entanglement/slurm_YYDPETGTWY_amber/replica_986/replica_986.pdb,outputs/Brickwork_entanglement/slurm_YYDPETGTWY_amber/replica_986/replica_986_ca.pdb
802,313297569,random,YYDPETGTWY,amber,118.36083885669353,7.343212894426853,25.332100545480525,8.369233982473332,5.508595556037851,4.848916770784997,338.73,aer,4096,outputs/Brickwork_entanglement/slurm_YYDPETGTWY_amber/replica_802/replica_802.pdb,outputs/Brickwork_entanglement/slurm_YYDPETGTWY_amber/replica_802/replica_802_ca.pdb
171,313296938,random,YYDPETGTWY,amber,486.18651160585256,7.371582642668499,25.385103987670764,8.145720645650727,5.508595556037851,4.848916770784997,212.39,aer,4096,outputs/Brickwork_entanglement/slurm_YYDPETGTWY_amber/replica_171/replica_171.pdb,outputs/Brickwork_entanglement/slurm_YYDPETGTWY_amber/replica_171/replica_171_ca.pdb
267,313297034,random,YYDPETGTWY,amber,22.339661692967926,7.3927969735772,25.714122244895727,8.112201264639042,5.508595556037851,4.848916770784997,387.35,aer,4096,outputs/Brickwork_entanglement/slurm_YYDPETGTWY_amber/replica_267/replica_267.pdb,outputs/Brickwork_entanglement/slurm_YYDPETGTWY_amber/replica_267/replica_267_ca.pdb
701,313297468,random,YYDPETGTWY,amber,4.342469513126305,7.4253250970431255,25.469939975201864,8.203141273882386,5.508595556037851,4.848916770784997,298.94,aer,4096,outputs/Brickwork_entanglement/slurm_YYDPETGTWY_amber/replica_701/replica_701.pdb,outputs/Brickwork_entanglement/slurm_YYDPETGTWY_amber/replica_701/replica_701_ca.pdb
367,313297134,random,YYDPETGTWY,amber,-27.96012225319471,7.426855757791198,25.371658747339605,8.167249058948181,5.508595556037851,4.848916770784997,345.82,aer,4096,outputs/Brickwork_entanglement/slurm_YYDPETGTWY_amber/replica_367/replica_367.pdb,outputs/Brickwork_entanglement/slurm_YYDPETGTWY_amber/replica_367/replica_367_ca.pdb
24,313296791,random,YYDPETGTWY,amber,7.833905653830963,7.428872920205986,25.49383205514885,8.210662625130817,5.508595556037851,4.848916770784997,857.09,aer,4096,outputs/Brickwork_entanglement/slurm_YYDPETGTWY_amber/replica_24/replica_24.pdb,outputs/Brickwork_entanglement/slurm_YYDPETGTWY_amber/replica_24/replica_24_ca.pdb
364,313297131,random,YYDPETGTWY,amber,0.4248911313918661,7.463774166164676,25.566339973789706,8.247211509783893,5.508595556037851,4.848916770784997,299.61,aer,4096,outputs/Brickwork_entanglement/slurm_YYDPETGTWY_amber/replica_364/replica_364.pdb,outputs/Brickwork_entanglement/slurm_YYDPETGTWY_amber/replica_364/replica_364_ca.pdb
22,313296789,random,YYDPETGTWY,amber,-57.23141786249558,7.50190247364412,25.547958051183674,8.22088242644745,5.508595556037851,4.848916770784997,1029.46,aer,4096,outputs/Brickwork_entanglement/slurm_YYDPETGTWY_amber/replica_22/replica_22.pdb,outputs/Brickwork_entanglement/slurm_YYDPETGTWY_amber/replica_22/replica_22_ca.pdb
959,313297726,random,YYDPETGTWY,amber,-9.831983762012452,7.581159161359292,26.01224529412231,8.338298765763886,5.508595556037851,4.848916770784997,249.2,aer,4096,outputs/Brickwork_entanglement/slurm_YYDPETGTWY_amber/replica_959/replica_959.pdb,outputs/Brickwork_entanglement/slurm_YYDPETGTWY_amber/replica_959/replica_959_ca.pdb
827,313297594,random,YYDPETGTWY,amber,-2.5656902850181313,7.6808848691814955,26.101184362856447,8.43795266059714,5.508595556037851,4.848916770784997,286.15,aer,4096,outputs/Brickwork_entanglement/slurm_YYDPETGTWY_amber/replica_827/replica_827.pdb,outputs/Brickwork_entanglement/slurm_YYDPETGTWY_amber/replica_827/replica_827_ca.pdb
612,313297379,random,YYDPETGTWY,amber,126.83006709084266,7.804084968687584,27.04198713771123,8.665451322441895,5.508595556037851,4.848916770784997,259.28,aer,4096,outputs/Brickwork_entanglement/slurm_YYDPETGTWY_amber/replica_612/replica_612.pdb,outputs/Brickwork_entanglement/slurm_YYDPETGTWY_amber/replica_612/replica_612_ca.pdb
